{
  "type": "FeatureCollection",
  "features": [
    {
      "type": "Feature",
      "geometry": {
        "type": "Point",
        "coordinates": [-6.9486, 33.892]
      },
      "properties": {
        "bright_ti4": 297.82,
        "scan": 0.33,
        "track": 0.55,
        "acq_date": "2026-10-09",
        "acq_time": "0310",
        "satellite": "N",
        "instrument": "VIIRS",
        "confidence": "n",
        "version": "2.0NRT",
        "bright_ti5": 286.78,
        "frp": 0.52,
        "daynight": "N",
        "source_dataset": "VIIRS_SNPP_NRT",
        "acq_datetime_utc": "2026-10-09T03:10:00Z",
        "age_hours": 5.8,
        "confidence_label": "nominal",
        "popup_label": "<strong>NASA FIRMS<\/strong><br>Sensor: VIIRS_SNPP_NRT<br>Fecha UTC: 2026-10-09T03:10:00Z<br>Confianza: nominal<br>FRP: 0.52 MW"
      }
    },
    {
      "type": "Feature",
      "geometry": {
        "type": "Point",
        "coordinates": [-1.3446, 35.3101]
      },
      "properties": {
        "bright_ti4": 300,
        "scan": 0.61,
        "track": 0.71,
        "acq_date": "2026-10-09",
        "acq_time": "0310",
        "satellite": "N",
        "instrument": "VIIRS",
        "confidence": "n",
        "version": "2.0NRT",
        "bright_ti5": 285.66,
        "frp": 0.91,
        "daynight": "N",
        "source_dataset": "VIIRS_SNPP_NRT",
        "acq_datetime_utc": "2026-10-09T03:10:00Z",
        "age_hours": 5.8,
        "confidence_label": "nominal",
        "popup_label": "<strong>NASA FIRMS<\/strong><br>Sensor: VIIRS_SNPP_NRT<br>Fecha UTC: 2026-10-09T03:10:00Z<br>Confianza: nominal<br>FRP: 0.91 MW"
      }
    },
    {
      "type": "Feature",
      "geometry": {
        "type": "Point",
        "coordinates": [-0.2534, 35.8065]
      },
      "properties": {
        "bright_ti4": 315.59,
        "scan": 0.67,
        "track": 0.73,
        "acq_date": "2026-10-09",
        "acq_time": "0310",
        "satellite": "N",
        "instrument": "VIIRS",
        "confidence": "n",
        "version": "2.0NRT",
        "bright_ti5": 286.04,
        "frp": 2.75,
        "daynight": "N",
        "source_dataset": "VIIRS_SNPP_NRT",
        "acq_datetime_utc": "2026-10-09T03:10:00Z",
        "age_hours": 5.8,
        "confidence_label": "nominal",
        "popup_label": "<strong>NASA FIRMS<\/strong><br>Sensor: VIIRS_SNPP_NRT<br>Fecha UTC: 2026-10-09T03:10:00Z<br>Confianza: nominal<br>FRP: 2.75 MW"
      }
    },
    {
      "type": "Feature",
      "geometry": {
        "type": "Point",
        "coordinates": [-0.2537, 35.8086]
      },
      "properties": {
        "bright_ti4": 318.79,
        "scan": 0.67,
        "track": 0.73,
        "acq_date": "2026-10-09",
        "acq_time": "0310",
        "satellite": "N",
        "instrument": "VIIRS",
        "confidence": "n",
        "version": "2.0NRT",
        "bright_ti5": 286.18,
        "frp": 3.82,
        "daynight": "N",
        "source_dataset": "VIIRS_SNPP_NRT",
        "acq_datetime_utc": "2026-10-09T03:10:00Z",
        "age_hours": 5.8,
        "confidence_label": "nominal",
        "popup_label": "<strong>NASA FIRMS<\/strong><br>Sensor: VIIRS_SNPP_NRT<br>Fecha UTC: 2026-10-09T03:10:00Z<br>Confianza: nominal<br>FRP: 3.82 MW"
      }
    },
    {
      "type": "Feature",
      "geometry": {
        "type": "Point",
        "coordinates": [-0.2678, 35.811]
      },
      "properties": {
        "bright_ti4": 301.16,
        "scan": 0.67,
        "track": 0.73,
        "acq_date": "2026-10-09",
        "acq_time": "0310",
        "satellite": "N",
        "instrument": "VIIRS",
        "confidence": "n",
        "version": "2.0NRT",
        "bright_ti5": 285.88,
        "frp": 1.47,
        "daynight": "N",
        "source_dataset": "VIIRS_SNPP_NRT",
        "acq_datetime_utc": "2026-10-09T03:10:00Z",
        "age_hours": 5.8,
        "confidence_label": "nominal",
        "popup_label": "<strong>NASA FIRMS<\/strong><br>Sensor: VIIRS_SNPP_NRT<br>Fecha UTC: 2026-10-09T03:10:00Z<br>Confianza: nominal<br>FRP: 1.47 MW"
      }
    },
    {
      "type": "Feature",
      "geometry": {
        "type": "Point",
        "coordinates": [-0.2681, 35.8131]
      },
      "properties": {
        "bright_ti4": 302.4,
        "scan": 0.67,
        "track": 0.73,
        "acq_date": "2026-10-09",
        "acq_time": "0310",
        "satellite": "N",
        "instrument": "VIIRS",
        "confidence": "n",
        "version": "2.0NRT",
        "bright_ti5": 286.08,
        "frp": 2.57,
        "daynight": "N",
        "source_dataset": "VIIRS_SNPP_NRT",
        "acq_datetime_utc": "2026-10-09T03:10:00Z",
        "age_hours": 5.8,
        "confidence_label": "nominal",
        "popup_label": "<strong>NASA FIRMS<\/strong><br>Sensor: VIIRS_SNPP_NRT<br>Fecha UTC: 2026-10-09T03:10:00Z<br>Confianza: nominal<br>FRP: 2.57 MW"
      }
    },
    {
      "type": "Feature",
      "geometry": {
        "type": "Point",
        "coordinates": [1.2423, 36.1243]
      },
      "properties": {
        "bright_ti4": 300.88,
        "scan": 0.78,
        "track": 0.78,
        "acq_date": "2026-10-09",
        "acq_time": "0310",
        "satellite": "N",
        "instrument": "VIIRS",
        "confidence": "n",
        "version": "2.0NRT",
        "bright_ti5": 284.49,
        "frp": 1.46,
        "daynight": "N",
        "source_dataset": "VIIRS_SNPP_NRT",
        "acq_datetime_utc": "2026-10-09T03:10:00Z",
        "age_hours": 5.8,
        "confidence_label": "nominal",
        "popup_label": "<strong>NASA FIRMS<\/strong><br>Sensor: VIIRS_SNPP_NRT<br>Fecha UTC: 2026-10-09T03:10:00Z<br>Confianza: nominal<br>FRP: 1.46 MW"
      }
    },
    {
      "type": "Feature",
      "geometry": {
        "type": "Point",
        "coordinates": [1.2444, 36.1296]
      },
      "properties": {
        "bright_ti4": 306.02,
        "scan": 0.78,
        "track": 0.78,
        "acq_date": "2026-10-09",
        "acq_time": "0310",
        "satellite": "N",
        "instrument": "VIIRS",
        "confidence": "n",
        "version": "2.0NRT",
        "bright_ti5": 285.06,
        "frp": 2.4,
        "daynight": "N",
        "source_dataset": "VIIRS_SNPP_NRT",
        "acq_datetime_utc": "2026-10-09T03:10:00Z",
        "age_hours": 5.8,
        "confidence_label": "nominal",
        "popup_label": "<strong>NASA FIRMS<\/strong><br>Sensor: VIIRS_SNPP_NRT<br>Fecha UTC: 2026-10-09T03:10:00Z<br>Confianza: nominal<br>FRP: 2.4 MW"
      }
    },
    {
      "type": "Feature",
      "geometry": {
        "type": "Point",
        "coordinates": [1.2459, 36.131]
      },
      "properties": {
        "bright_ti4": 297.07,
        "scan": 0.78,
        "track": 0.78,
        "acq_date": "2026-10-09",
        "acq_time": "0310",
        "satellite": "N",
        "instrument": "VIIRS",
        "confidence": "n",
        "version": "2.0NRT",
        "bright_ti5": 284.81,
        "frp": 1.27,
        "daynight": "N",
        "source_dataset": "VIIRS_SNPP_NRT",
        "acq_datetime_utc": "2026-10-09T03:10:00Z",
        "age_hours": 5.8,
        "confidence_label": "nominal",
        "popup_label": "<strong>NASA FIRMS<\/strong><br>Sensor: VIIRS_SNPP_NRT<br>Fecha UTC: 2026-10-09T03:10:00Z<br>Confianza: nominal<br>FRP: 1.27 MW"
      }
    },
    {
      "type": "Feature",
      "geometry": {
        "type": "Point",
        "coordinates": [-0.5437, 38.3769]
      },
      "properties": {
        "bright_ti4": 297.18,
        "scan": 0.55,
        "track": 0.68,
        "acq_date": "2026-10-09",
        "acq_time": "0308",
        "satellite": "N",
        "instrument": "VIIRS",
        "confidence": "n",
        "version": "2.0NRT",
        "bright_ti5": 285.46,
        "frp": 2.61,
        "daynight": "N",
        "source_dataset": "VIIRS_SNPP_NRT",
        "acq_datetime_utc": "2026-10-09T03:08:00Z",
        "age_hours": 5.8,
        "confidence_label": "nominal",
        "popup_label": "<strong>NASA FIRMS<\/strong><br>Sensor: VIIRS_SNPP_NRT<br>Fecha UTC: 2026-10-09T03:08:00Z<br>Confianza: nominal<br>FRP: 2.61 MW"
      }
    },
    {
      "type": "Feature",
      "geometry": {
        "type": "Point",
        "coordinates": [-3.7418, 39.9385]
      },
      "properties": {
        "bright_ti4": 296.78,
        "scan": 0.35,
        "track": 0.56,
        "acq_date": "2026-10-09",
        "acq_time": "0308",
        "satellite": "N",
        "instrument": "VIIRS",
        "confidence": "n",
        "version": "2.0NRT",
        "bright_ti5": 280.43,
        "frp": 0.37,
        "daynight": "N",
        "source_dataset": "VIIRS_SNPP_NRT",
        "acq_datetime_utc": "2026-10-09T03:08:00Z",
        "age_hours": 5.8,
        "confidence_label": "nominal",
        "popup_label": "<strong>NASA FIRMS<\/strong><br>Sensor: VIIRS_SNPP_NRT<br>Fecha UTC: 2026-10-09T03:08:00Z<br>Confianza: nominal<br>FRP: 0.37 MW"
      }
    },
    {
      "type": "Feature",
      "geometry": {
        "type": "Point",
        "coordinates": [-3.4721, 40.2431]
      },
      "properties": {
        "bright_ti4": 316.12,
        "scan": 0.35,
        "track": 0.57,
        "acq_date": "2026-10-09",
        "acq_time": "0308",
        "satellite": "N",
        "instrument": "VIIRS",
        "confidence": "n",
        "version": "2.0NRT",
        "bright_ti5": 282,
        "frp": 1.33,
        "daynight": "N",
        "source_dataset": "VIIRS_SNPP_NRT",
        "acq_datetime_utc": "2026-10-09T03:08:00Z",
        "age_hours": 5.8,
        "confidence_label": "nominal",
        "popup_label": "<strong>NASA FIRMS<\/strong><br>Sensor: VIIRS_SNPP_NRT<br>Fecha UTC: 2026-10-09T03:08:00Z<br>Confianza: nominal<br>FRP: 1.33 MW"
      }
    },
    {
      "type": "Feature",
      "geometry": {
        "type": "Point",
        "coordinates": [-3.4743, 40.2434]
      },
      "properties": {
        "bright_ti4": 325.91,
        "scan": 0.35,
        "track": 0.57,
        "acq_date": "2026-10-09",
        "acq_time": "0308",
        "satellite": "N",
        "instrument": "VIIRS",
        "confidence": "n",
        "version": "2.0NRT",
        "bright_ti5": 283.24,
        "frp": 2.6,
        "daynight": "N",
        "source_dataset": "VIIRS_SNPP_NRT",
        "acq_datetime_utc": "2026-10-09T03:08:00Z",
        "age_hours": 5.8,
        "confidence_label": "nominal",
        "popup_label": "<strong>NASA FIRMS<\/strong><br>Sensor: VIIRS_SNPP_NRT<br>Fecha UTC: 2026-10-09T03:08:00Z<br>Confianza: nominal<br>FRP: 2.6 MW"
      }
    },
    {
      "type": "Feature",
      "geometry": {
        "type": "Point",
        "coordinates": [-3.476, 40.2442]
      },
      "properties": {
        "bright_ti4": 306.44,
        "scan": 0.35,
        "track": 0.57,
        "acq_date": "2026-10-09",
        "acq_time": "0308",
        "satellite": "N",
        "instrument": "VIIRS",
        "confidence": "n",
        "version": "2.0NRT",
        "bright_ti5": 281.72,
        "frp": 1.33,
        "daynight": "N",
        "source_dataset": "VIIRS_SNPP_NRT",
        "acq_datetime_utc": "2026-10-09T03:08:00Z",
        "age_hours": 5.8,
        "confidence_label": "nominal",
        "popup_label": "<strong>NASA FIRMS<\/strong><br>Sensor: VIIRS_SNPP_NRT<br>Fecha UTC: 2026-10-09T03:08:00Z<br>Confianza: nominal<br>FRP: 1.33 MW"
      }
    },
    {
      "type": "Feature",
      "geometry": {
        "type": "Point",
        "coordinates": [1.6622, 41.311]
      },
      "properties": {
        "bright_ti4": 301.73,
        "scan": 0.57,
        "track": 0.69,
        "acq_date": "2026-10-09",
        "acq_time": "0308",
        "satellite": "N",
        "instrument": "VIIRS",
        "confidence": "n",
        "version": "2.0NRT",
        "bright_ti5": 282.38,
        "frp": 1.35,
        "daynight": "N",
        "source_dataset": "VIIRS_SNPP_NRT",
        "acq_datetime_utc": "2026-10-09T03:08:00Z",
        "age_hours": 5.8,
        "confidence_label": "nominal",
        "popup_label": "<strong>NASA FIRMS<\/strong><br>Sensor: VIIRS_SNPP_NRT<br>Fecha UTC: 2026-10-09T03:08:00Z<br>Confianza: nominal<br>FRP: 1.35 MW"
      }
    },
    {
      "type": "Feature",
      "geometry": {
        "type": "Point",
        "coordinates": [-5.735, 43.522]
      },
      "properties": {
        "bright_ti4": 302.01,
        "scan": 0.45,
        "track": 0.47,
        "acq_date": "2026-10-09",
        "acq_time": "0308",
        "satellite": "N",
        "instrument": "VIIRS",
        "confidence": "n",
        "version": "2.0NRT",
        "bright_ti5": 281.16,
        "frp": 1.11,
        "daynight": "N",
        "source_dataset": "VIIRS_SNPP_NRT",
        "acq_datetime_utc": "2026-10-09T03:08:00Z",
        "age_hours": 5.8,
        "confidence_label": "nominal",
        "popup_label": "<strong>NASA FIRMS<\/strong><br>Sensor: VIIRS_SNPP_NRT<br>Fecha UTC: 2026-10-09T03:08:00Z<br>Confianza: nominal<br>FRP: 1.11 MW"
      }
    },
    {
      "type": "Feature",
      "geometry": {
        "type": "Point",
        "coordinates": [-5.7278, 43.5248]
      },
      "properties": {
        "bright_ti4": 316.39,
        "scan": 0.45,
        "track": 0.47,
        "acq_date": "2026-10-09",
        "acq_time": "0308",
        "satellite": "N",
        "instrument": "VIIRS",
        "confidence": "n",
        "version": "2.0NRT",
        "bright_ti5": 282.51,
        "frp": 2.05,
        "daynight": "N",
        "source_dataset": "VIIRS_SNPP_NRT",
        "acq_datetime_utc": "2026-10-09T03:08:00Z",
        "age_hours": 5.8,
        "confidence_label": "nominal",
        "popup_label": "<strong>NASA FIRMS<\/strong><br>Sensor: VIIRS_SNPP_NRT<br>Fecha UTC: 2026-10-09T03:08:00Z<br>Confianza: nominal<br>FRP: 2.05 MW"
      }
    },
    {
      "type": "Feature",
      "geometry": {
        "type": "Point",
        "coordinates": [-5.7332, 43.5261]
      },
      "properties": {
        "bright_ti4": 346.6,
        "scan": 0.45,
        "track": 0.47,
        "acq_date": "2026-10-09",
        "acq_time": "0308",
        "satellite": "N",
        "instrument": "VIIRS",
        "confidence": "n",
        "version": "2.0NRT",
        "bright_ti5": 284.9,
        "frp": 2.05,
        "daynight": "N",
        "source_dataset": "VIIRS_SNPP_NRT",
        "acq_datetime_utc": "2026-10-09T03:08:00Z",
        "age_hours": 5.8,
        "confidence_label": "nominal",
        "popup_label": "<strong>NASA FIRMS<\/strong><br>Sensor: VIIRS_SNPP_NRT<br>Fecha UTC: 2026-10-09T03:08:00Z<br>Confianza: nominal<br>FRP: 2.05 MW"
      }
    },
    {
      "type": "Feature",
      "geometry": {
        "type": "Point",
        "coordinates": [-5.7259, 43.529]
      },
      "properties": {
        "bright_ti4": 297.07,
        "scan": 0.45,
        "track": 0.47,
        "acq_date": "2026-10-09",
        "acq_time": "0308",
        "satellite": "N",
        "instrument": "VIIRS",
        "confidence": "n",
        "version": "2.0NRT",
        "bright_ti5": 282.45,
        "frp": 2.05,
        "daynight": "N",
        "source_dataset": "VIIRS_SNPP_NRT",
        "acq_datetime_utc": "2026-10-09T03:08:00Z",
        "age_hours": 5.8,
        "confidence_label": "nominal",
        "popup_label": "<strong>NASA FIRMS<\/strong><br>Sensor: VIIRS_SNPP_NRT<br>Fecha UTC: 2026-10-09T03:08:00Z<br>Confianza: nominal<br>FRP: 2.05 MW"
      }
    },
    {
      "type": "Feature",
      "geometry": {
        "type": "Point",
        "coordinates": [-5.7314, 43.5303]
      },
      "properties": {
        "bright_ti4": 295.3,
        "scan": 0.45,
        "track": 0.47,
        "acq_date": "2026-10-09",
        "acq_time": "0308",
        "satellite": "N",
        "instrument": "VIIRS",
        "confidence": "n",
        "version": "2.0NRT",
        "bright_ti5": 281.69,
        "frp": 2.05,
        "daynight": "N",
        "source_dataset": "VIIRS_SNPP_NRT",
        "acq_datetime_utc": "2026-10-09T03:08:00Z",
        "age_hours": 5.8,
        "confidence_label": "nominal",
        "popup_label": "<strong>NASA FIRMS<\/strong><br>Sensor: VIIRS_SNPP_NRT<br>Fecha UTC: 2026-10-09T03:08:00Z<br>Confianza: nominal<br>FRP: 2.05 MW"
      }
    },
    {
      "type": "Feature",
      "geometry": {
        "type": "Point",
        "coordinates": [-5.8337, 43.541]
      },
      "properties": {
        "bright_ti4": 317.97,
        "scan": 0.44,
        "track": 0.46,
        "acq_date": "2026-10-09",
        "acq_time": "0308",
        "satellite": "N",
        "instrument": "VIIRS",
        "confidence": "n",
        "version": "2.0NRT",
        "bright_ti5": 281.94,
        "frp": 2.01,
        "daynight": "N",
        "source_dataset": "VIIRS_SNPP_NRT",
        "acq_datetime_utc": "2026-10-09T03:08:00Z",
        "age_hours": 5.8,
        "confidence_label": "nominal",
        "popup_label": "<strong>NASA FIRMS<\/strong><br>Sensor: VIIRS_SNPP_NRT<br>Fecha UTC: 2026-10-09T03:08:00Z<br>Confianza: nominal<br>FRP: 2.01 MW"
      }
    },
    {
      "type": "Feature",
      "geometry": {
        "type": "Point",
        "coordinates": [-5.8283, 43.5422]
      },
      "properties": {
        "bright_ti4": 295.62,
        "scan": 0.44,
        "track": 0.46,
        "acq_date": "2026-10-09",
        "acq_time": "0308",
        "satellite": "N",
        "instrument": "VIIRS",
        "confidence": "n",
        "version": "2.0NRT",
        "bright_ti5": 281.23,
        "frp": 0.95,
        "daynight": "N",
        "source_dataset": "VIIRS_SNPP_NRT",
        "acq_datetime_utc": "2026-10-09T03:08:00Z",
        "age_hours": 5.8,
        "confidence_label": "nominal",
        "popup_label": "<strong>NASA FIRMS<\/strong><br>Sensor: VIIRS_SNPP_NRT<br>Fecha UTC: 2026-10-09T03:08:00Z<br>Confianza: nominal<br>FRP: 0.95 MW"
      }
    },
    {
      "type": "Feature",
      "geometry": {
        "type": "Point",
        "coordinates": [-5.8334, 43.5434]
      },
      "properties": {
        "bright_ti4": 306.13,
        "scan": 0.44,
        "track": 0.46,
        "acq_date": "2026-10-09",
        "acq_time": "0308",
        "satellite": "N",
        "instrument": "VIIRS",
        "confidence": "n",
        "version": "2.0NRT",
        "bright_ti5": 281.77,
        "frp": 1.49,
        "daynight": "N",
        "source_dataset": "VIIRS_SNPP_NRT",
        "acq_datetime_utc": "2026-10-09T03:08:00Z",
        "age_hours": 5.8,
        "confidence_label": "nominal",
        "popup_label": "<strong>NASA FIRMS<\/strong><br>Sensor: VIIRS_SNPP_NRT<br>Fecha UTC: 2026-10-09T03:08:00Z<br>Confianza: nominal<br>FRP: 1.49 MW"
      }
    },
    {
      "type": "Feature",
      "geometry": {
        "type": "Point",
        "coordinates": [3.987, 32.2764]
      },
      "properties": {
        "bright_ti4": 315.64,
        "scan": 0.46,
        "track": 0.39,
        "acq_date": "2026-10-09",
        "acq_time": "0130",
        "satellite": "N",
        "instrument": "VIIRS",
        "confidence": "n",
        "version": "2.0NRT",
        "bright_ti5": 277.02,
        "frp": 1.67,
        "daynight": "N",
        "source_dataset": "VIIRS_SNPP_NRT",
        "acq_datetime_utc": "2026-10-09T01:30:00Z",
        "age_hours": 7.4,
        "confidence_label": "nominal",
        "popup_label": "<strong>NASA FIRMS<\/strong><br>Sensor: VIIRS_SNPP_NRT<br>Fecha UTC: 2026-10-09T01:30:00Z<br>Confianza: nominal<br>FRP: 1.67 MW"
      }
    },
    {
      "type": "Feature",
      "geometry": {
        "type": "Point",
        "coordinates": [3.1678, 32.5546]
      },
      "properties": {
        "bright_ti4": 335.18,
        "scan": 0.5,
        "track": 0.41,
        "acq_date": "2026-10-09",
        "acq_time": "0130",
        "satellite": "N",
        "instrument": "VIIRS",
        "confidence": "n",
        "version": "2.0NRT",
        "bright_ti5": 288.93,
        "frp": 5.99,
        "daynight": "N",
        "source_dataset": "VIIRS_SNPP_NRT",
        "acq_datetime_utc": "2026-10-09T01:30:00Z",
        "age_hours": 7.4,
        "confidence_label": "nominal",
        "popup_label": "<strong>NASA FIRMS<\/strong><br>Sensor: VIIRS_SNPP_NRT<br>Fecha UTC: 2026-10-09T01:30:00Z<br>Confianza: nominal<br>FRP: 5.99 MW"
      }
    },
    {
      "type": "Feature",
      "geometry": {
        "type": "Point",
        "coordinates": [3.1825, 32.7445]
      },
      "properties": {
        "bright_ti4": 296.41,
        "scan": 0.5,
        "track": 0.41,
        "acq_date": "2026-10-09",
        "acq_time": "0130",
        "satellite": "N",
        "instrument": "VIIRS",
        "confidence": "n",
        "version": "2.0NRT",
        "bright_ti5": 281,
        "frp": 0.88,
        "daynight": "N",
        "source_dataset": "VIIRS_SNPP_NRT",
        "acq_datetime_utc": "2026-10-09T01:30:00Z",
        "age_hours": 7.4,
        "confidence_label": "nominal",
        "popup_label": "<strong>NASA FIRMS<\/strong><br>Sensor: VIIRS_SNPP_NRT<br>Fecha UTC: 2026-10-09T01:30:00Z<br>Confianza: nominal<br>FRP: 0.88 MW"
      }
    },
    {
      "type": "Feature",
      "geometry": {
        "type": "Point",
        "coordinates": [3.1832, 32.7482]
      },
      "properties": {
        "bright_ti4": 303.01,
        "scan": 0.5,
        "track": 0.41,
        "acq_date": "2026-10-09",
        "acq_time": "0130",
        "satellite": "N",
        "instrument": "VIIRS",
        "confidence": "n",
        "version": "2.0NRT",
        "bright_ti5": 281.41,
        "frp": 0.88,
        "daynight": "N",
        "source_dataset": "VIIRS_SNPP_NRT",
        "acq_datetime_utc": "2026-10-09T01:30:00Z",
        "age_hours": 7.4,
        "confidence_label": "nominal",
        "popup_label": "<strong>NASA FIRMS<\/strong><br>Sensor: VIIRS_SNPP_NRT<br>Fecha UTC: 2026-10-09T01:30:00Z<br>Confianza: nominal<br>FRP: 0.88 MW"
      }
    },
    {
      "type": "Feature",
      "geometry": {
        "type": "Point",
        "coordinates": [3.2377, 32.8372]
      },
      "properties": {
        "bright_ti4": 296.9,
        "scan": 0.5,
        "track": 0.41,
        "acq_date": "2026-10-09",
        "acq_time": "0130",
        "satellite": "N",
        "instrument": "VIIRS",
        "confidence": "n",
        "version": "2.0NRT",
        "bright_ti5": 279.43,
        "frp": 1,
        "daynight": "N",
        "source_dataset": "VIIRS_SNPP_NRT",
        "acq_datetime_utc": "2026-10-09T01:30:00Z",
        "age_hours": 7.4,
        "confidence_label": "nominal",
        "popup_label": "<strong>NASA FIRMS<\/strong><br>Sensor: VIIRS_SNPP_NRT<br>Fecha UTC: 2026-10-09T01:30:00Z<br>Confianza: nominal<br>FRP: 1 MW"
      }
    },
    {
      "type": "Feature",
      "geometry": {
        "type": "Point",
        "coordinates": [3.244, 32.9286]
      },
      "properties": {
        "bright_ti4": 298.91,
        "scan": 0.5,
        "track": 0.41,
        "acq_date": "2026-10-09",
        "acq_time": "0130",
        "satellite": "N",
        "instrument": "VIIRS",
        "confidence": "n",
        "version": "2.0NRT",
        "bright_ti5": 286.47,
        "frp": 0.45,
        "daynight": "N",
        "source_dataset": "VIIRS_SNPP_NRT",
        "acq_datetime_utc": "2026-10-09T01:30:00Z",
        "age_hours": 7.4,
        "confidence_label": "nominal",
        "popup_label": "<strong>NASA FIRMS<\/strong><br>Sensor: VIIRS_SNPP_NRT<br>Fecha UTC: 2026-10-09T01:30:00Z<br>Confianza: nominal<br>FRP: 0.45 MW"
      }
    },
    {
      "type": "Feature",
      "geometry": {
        "type": "Point",
        "coordinates": [3.2333, 32.9299]
      },
      "properties": {
        "bright_ti4": 301.7,
        "scan": 0.5,
        "track": 0.41,
        "acq_date": "2026-10-09",
        "acq_time": "0130",
        "satellite": "N",
        "instrument": "VIIRS",
        "confidence": "n",
        "version": "2.0NRT",
        "bright_ti5": 285.85,
        "frp": 0.7,
        "daynight": "N",
        "source_dataset": "VIIRS_SNPP_NRT",
        "acq_datetime_utc": "2026-10-09T01:30:00Z",
        "age_hours": 7.4,
        "confidence_label": "nominal",
        "popup_label": "<strong>NASA FIRMS<\/strong><br>Sensor: VIIRS_SNPP_NRT<br>Fecha UTC: 2026-10-09T01:30:00Z<br>Confianza: nominal<br>FRP: 0.7 MW"
      }
    },
    {
      "type": "Feature",
      "geometry": {
        "type": "Point",
        "coordinates": [3.2279, 32.9306]
      },
      "properties": {
        "bright_ti4": 302.46,
        "scan": 0.5,
        "track": 0.41,
        "acq_date": "2026-10-09",
        "acq_time": "0130",
        "satellite": "N",
        "instrument": "VIIRS",
        "confidence": "n",
        "version": "2.0NRT",
        "bright_ti5": 286.02,
        "frp": 0.98,
        "daynight": "N",
        "source_dataset": "VIIRS_SNPP_NRT",
        "acq_datetime_utc": "2026-10-09T01:30:00Z",
        "age_hours": 7.4,
        "confidence_label": "nominal",
        "popup_label": "<strong>NASA FIRMS<\/strong><br>Sensor: VIIRS_SNPP_NRT<br>Fecha UTC: 2026-10-09T01:30:00Z<br>Confianza: nominal<br>FRP: 0.98 MW"
      }
    },
    {
      "type": "Feature",
      "geometry": {
        "type": "Point",
        "coordinates": [3.2447, 32.9324]
      },
      "properties": {
        "bright_ti4": 298.63,
        "scan": 0.5,
        "track": 0.41,
        "acq_date": "2026-10-09",
        "acq_time": "0130",
        "satellite": "N",
        "instrument": "VIIRS",
        "confidence": "n",
        "version": "2.0NRT",
        "bright_ti5": 286.06,
        "frp": 0.45,
        "daynight": "N",
        "source_dataset": "VIIRS_SNPP_NRT",
        "acq_datetime_utc": "2026-10-09T01:30:00Z",
        "age_hours": 7.4,
        "confidence_label": "nominal",
        "popup_label": "<strong>NASA FIRMS<\/strong><br>Sensor: VIIRS_SNPP_NRT<br>Fecha UTC: 2026-10-09T01:30:00Z<br>Confianza: nominal<br>FRP: 0.45 MW"
      }
    },
    {
      "type": "Feature",
      "geometry": {
        "type": "Point",
        "coordinates": [3.2339, 32.9337]
      },
      "properties": {
        "bright_ti4": 300.49,
        "scan": 0.5,
        "track": 0.41,
        "acq_date": "2026-10-09",
        "acq_time": "0130",
        "satellite": "N",
        "instrument": "VIIRS",
        "confidence": "n",
        "version": "2.0NRT",
        "bright_ti5": 285.55,
        "frp": 0.7,
        "daynight": "N",
        "source_dataset": "VIIRS_SNPP_NRT",
        "acq_datetime_utc": "2026-10-09T01:30:00Z",
        "age_hours": 7.4,
        "confidence_label": "nominal",
        "popup_label": "<strong>NASA FIRMS<\/strong><br>Sensor: VIIRS_SNPP_NRT<br>Fecha UTC: 2026-10-09T01:30:00Z<br>Confianza: nominal<br>FRP: 0.7 MW"
      }
    },
    {
      "type": "Feature",
      "geometry": {
        "type": "Point",
        "coordinates": [3.2232, 32.935]
      },
      "properties": {
        "bright_ti4": 299.41,
        "scan": 0.5,
        "track": 0.41,
        "acq_date": "2026-10-09",
        "acq_time": "0130",
        "satellite": "N",
        "instrument": "VIIRS",
        "confidence": "n",
        "version": "2.0NRT",
        "bright_ti5": 288.07,
        "frp": 0.98,
        "daynight": "N",
        "source_dataset": "VIIRS_SNPP_NRT",
        "acq_datetime_utc": "2026-10-09T01:30:00Z",
        "age_hours": 7.4,
        "confidence_label": "nominal",
        "popup_label": "<strong>NASA FIRMS<\/strong><br>Sensor: VIIRS_SNPP_NRT<br>Fecha UTC: 2026-10-09T01:30:00Z<br>Confianza: nominal<br>FRP: 0.98 MW"
      }
    },
    {
      "type": "Feature",
      "geometry": {
        "type": "Point",
        "coordinates": [3.2346, 32.9374]
      },
      "properties": {
        "bright_ti4": 304.98,
        "scan": 0.5,
        "track": 0.41,
        "acq_date": "2026-10-09",
        "acq_time": "0130",
        "satellite": "N",
        "instrument": "VIIRS",
        "confidence": "n",
        "version": "2.0NRT",
        "bright_ti5": 287.26,
        "frp": 1.68,
        "daynight": "N",
        "source_dataset": "VIIRS_SNPP_NRT",
        "acq_datetime_utc": "2026-10-09T01:30:00Z",
        "age_hours": 7.4,
        "confidence_label": "nominal",
        "popup_label": "<strong>NASA FIRMS<\/strong><br>Sensor: VIIRS_SNPP_NRT<br>Fecha UTC: 2026-10-09T01:30:00Z<br>Confianza: nominal<br>FRP: 1.68 MW"
      }
    },
    {
      "type": "Feature",
      "geometry": {
        "type": "Point",
        "coordinates": [3.2305, 32.9456]
      },
      "properties": {
        "bright_ti4": 303.62,
        "scan": 0.5,
        "track": 0.41,
        "acq_date": "2026-10-09",
        "acq_time": "0130",
        "satellite": "N",
        "instrument": "VIIRS",
        "confidence": "n",
        "version": "2.0NRT",
        "bright_ti5": 286.43,
        "frp": 1.4,
        "daynight": "N",
        "source_dataset": "VIIRS_SNPP_NRT",
        "acq_datetime_utc": "2026-10-09T01:30:00Z",
        "age_hours": 7.4,
        "confidence_label": "nominal",
        "popup_label": "<strong>NASA FIRMS<\/strong><br>Sensor: VIIRS_SNPP_NRT<br>Fecha UTC: 2026-10-09T01:30:00Z<br>Confianza: nominal<br>FRP: 1.4 MW"
      }
    },
    {
      "type": "Feature",
      "geometry": {
        "type": "Point",
        "coordinates": [3.2197, 32.9469]
      },
      "properties": {
        "bright_ti4": 297.91,
        "scan": 0.5,
        "track": 0.41,
        "acq_date": "2026-10-09",
        "acq_time": "0130",
        "satellite": "N",
        "instrument": "VIIRS",
        "confidence": "n",
        "version": "2.0NRT",
        "bright_ti5": 285.74,
        "frp": 0.62,
        "daynight": "N",
        "source_dataset": "VIIRS_SNPP_NRT",
        "acq_datetime_utc": "2026-10-09T01:30:00Z",
        "age_hours": 7.4,
        "confidence_label": "nominal",
        "popup_label": "<strong>NASA FIRMS<\/strong><br>Sensor: VIIRS_SNPP_NRT<br>Fecha UTC: 2026-10-09T01:30:00Z<br>Confianza: nominal<br>FRP: 0.62 MW"
      }
    },
    {
      "type": "Feature",
      "geometry": {
        "type": "Point",
        "coordinates": [3.2311, 32.9494]
      },
      "properties": {
        "bright_ti4": 309.39,
        "scan": 0.5,
        "track": 0.41,
        "acq_date": "2026-10-09",
        "acq_time": "0130",
        "satellite": "N",
        "instrument": "VIIRS",
        "confidence": "n",
        "version": "2.0NRT",
        "bright_ti5": 288.01,
        "frp": 1.4,
        "daynight": "N",
        "source_dataset": "VIIRS_SNPP_NRT",
        "acq_datetime_utc": "2026-10-09T01:30:00Z",
        "age_hours": 7.4,
        "confidence_label": "nominal",
        "popup_label": "<strong>NASA FIRMS<\/strong><br>Sensor: VIIRS_SNPP_NRT<br>Fecha UTC: 2026-10-09T01:30:00Z<br>Confianza: nominal<br>FRP: 1.4 MW"
      }
    },
    {
      "type": "Feature",
      "geometry": {
        "type": "Point",
        "coordinates": [3.3198, 33.1265]
      },
      "properties": {
        "bright_ti4": 308.29,
        "scan": 0.5,
        "track": 0.41,
        "acq_date": "2026-10-09",
        "acq_time": "0130",
        "satellite": "N",
        "instrument": "VIIRS",
        "confidence": "n",
        "version": "2.0NRT",
        "bright_ti5": 282.47,
        "frp": 1.21,
        "daynight": "N",
        "source_dataset": "VIIRS_SNPP_NRT",
        "acq_datetime_utc": "2026-10-09T01:30:00Z",
        "age_hours": 7.4,
        "confidence_label": "nominal",
        "popup_label": "<strong>NASA FIRMS<\/strong><br>Sensor: VIIRS_SNPP_NRT<br>Fecha UTC: 2026-10-09T01:30:00Z<br>Confianza: nominal<br>FRP: 1.21 MW"
      }
    },
    {
      "type": "Feature",
      "geometry": {
        "type": "Point",
        "coordinates": [3.3144, 33.1271]
      },
      "properties": {
        "bright_ti4": 303.37,
        "scan": 0.5,
        "track": 0.41,
        "acq_date": "2026-10-09",
        "acq_time": "0130",
        "satellite": "N",
        "instrument": "VIIRS",
        "confidence": "n",
        "version": "2.0NRT",
        "bright_ti5": 281.55,
        "frp": 1.21,
        "daynight": "N",
        "source_dataset": "VIIRS_SNPP_NRT",
        "acq_datetime_utc": "2026-10-09T01:30:00Z",
        "age_hours": 7.4,
        "confidence_label": "nominal",
        "popup_label": "<strong>NASA FIRMS<\/strong><br>Sensor: VIIRS_SNPP_NRT<br>Fecha UTC: 2026-10-09T01:30:00Z<br>Confianza: nominal<br>FRP: 1.21 MW"
      }
    },
    {
      "type": "Feature",
      "geometry": {
        "type": "Point",
        "coordinates": [3.3657, 33.14]
      },
      "properties": {
        "bright_ti4": 302.7,
        "scan": 0.49,
        "track": 0.41,
        "acq_date": "2026-10-09",
        "acq_time": "0130",
        "satellite": "N",
        "instrument": "VIIRS",
        "confidence": "n",
        "version": "2.0NRT",
        "bright_ti5": 283.44,
        "frp": 1.07,
        "daynight": "N",
        "source_dataset": "VIIRS_SNPP_NRT",
        "acq_datetime_utc": "2026-10-09T01:30:00Z",
        "age_hours": 7.4,
        "confidence_label": "nominal",
        "popup_label": "<strong>NASA FIRMS<\/strong><br>Sensor: VIIRS_SNPP_NRT<br>Fecha UTC: 2026-10-09T01:30:00Z<br>Confianza: nominal<br>FRP: 1.07 MW"
      }
    },
    {
      "type": "Feature",
      "geometry": {
        "type": "Point",
        "coordinates": [2.0568, 34.4382]
      },
      "properties": {
        "bright_ti4": 303.28,
        "scan": 0.39,
        "track": 0.44,
        "acq_date": "2026-10-09",
        "acq_time": "0130",
        "satellite": "N",
        "instrument": "VIIRS",
        "confidence": "n",
        "version": "2.0NRT",
        "bright_ti5": 285.53,
        "frp": 1.22,
        "daynight": "N",
        "source_dataset": "VIIRS_SNPP_NRT",
        "acq_datetime_utc": "2026-10-09T01:30:00Z",
        "age_hours": 7.4,
        "confidence_label": "nominal",
        "popup_label": "<strong>NASA FIRMS<\/strong><br>Sensor: VIIRS_SNPP_NRT<br>Fecha UTC: 2026-10-09T01:30:00Z<br>Confianza: nominal<br>FRP: 1.22 MW"
      }
    },
    {
      "type": "Feature",
      "geometry": {
        "type": "Point",
        "coordinates": [-2.3477, 34.5979]
      },
      "properties": {
        "bright_ti4": 297.25,
        "scan": 0.35,
        "track": 0.57,
        "acq_date": "2026-10-09",
        "acq_time": "0130",
        "satellite": "N",
        "instrument": "VIIRS",
        "confidence": "n",
        "version": "2.0NRT",
        "bright_ti5": 285.64,
        "frp": 0.5,
        "daynight": "N",
        "source_dataset": "VIIRS_SNPP_NRT",
        "acq_datetime_utc": "2026-10-09T01:30:00Z",
        "age_hours": 7.4,
        "confidence_label": "nominal",
        "popup_label": "<strong>NASA FIRMS<\/strong><br>Sensor: VIIRS_SNPP_NRT<br>Fecha UTC: 2026-10-09T01:30:00Z<br>Confianza: nominal<br>FRP: 0.5 MW"
      }
    },
    {
      "type": "Feature",
      "geometry": {
        "type": "Point",
        "coordinates": [-0.7808, 35.1394]
      },
      "properties": {
        "bright_ti4": 306.03,
        "scan": 0.57,
        "track": 0.52,
        "acq_date": "2026-10-09",
        "acq_time": "0130",
        "satellite": "N",
        "instrument": "VIIRS",
        "confidence": "n",
        "version": "2.0NRT",
        "bright_ti5": 284.2,
        "frp": 2.53,
        "daynight": "N",
        "source_dataset": "VIIRS_SNPP_NRT",
        "acq_datetime_utc": "2026-10-09T01:30:00Z",
        "age_hours": 7.4,
        "confidence_label": "nominal",
        "popup_label": "<strong>NASA FIRMS<\/strong><br>Sensor: VIIRS_SNPP_NRT<br>Fecha UTC: 2026-10-09T01:30:00Z<br>Confianza: nominal<br>FRP: 2.53 MW"
      }
    },
    {
      "type": "Feature",
      "geometry": {
        "type": "Point",
        "coordinates": [-0.2696, 35.7612]
      },
      "properties": {
        "bright_ti4": 304.07,
        "scan": 0.54,
        "track": 0.51,
        "acq_date": "2026-10-09",
        "acq_time": "0130",
        "satellite": "N",
        "instrument": "VIIRS",
        "confidence": "n",
        "version": "2.0NRT",
        "bright_ti5": 289.09,
        "frp": 2.41,
        "daynight": "N",
        "source_dataset": "VIIRS_SNPP_NRT",
        "acq_datetime_utc": "2026-10-09T01:30:00Z",
        "age_hours": 7.4,
        "confidence_label": "nominal",
        "popup_label": "<strong>NASA FIRMS<\/strong><br>Sensor: VIIRS_SNPP_NRT<br>Fecha UTC: 2026-10-09T01:30:00Z<br>Confianza: nominal<br>FRP: 2.41 MW"
      }
    },
    {
      "type": "Feature",
      "geometry": {
        "type": "Point",
        "coordinates": [-0.2459, 35.807]
      },
      "properties": {
        "bright_ti4": 300.6,
        "scan": 0.54,
        "track": 0.51,
        "acq_date": "2026-10-09",
        "acq_time": "0130",
        "satellite": "N",
        "instrument": "VIIRS",
        "confidence": "n",
        "version": "2.0NRT",
        "bright_ti5": 289.58,
        "frp": 1.34,
        "daynight": "N",
        "source_dataset": "VIIRS_SNPP_NRT",
        "acq_datetime_utc": "2026-10-09T01:30:00Z",
        "age_hours": 7.4,
        "confidence_label": "nominal",
        "popup_label": "<strong>NASA FIRMS<\/strong><br>Sensor: VIIRS_SNPP_NRT<br>Fecha UTC: 2026-10-09T01:30:00Z<br>Confianza: nominal<br>FRP: 1.34 MW"
      }
    },
    {
      "type": "Feature",
      "geometry": {
        "type": "Point",
        "coordinates": [-0.252, 35.8075]
      },
      "properties": {
        "bright_ti4": 317.53,
        "scan": 0.54,
        "track": 0.51,
        "acq_date": "2026-10-09",
        "acq_time": "0130",
        "satellite": "N",
        "instrument": "VIIRS",
        "confidence": "n",
        "version": "2.0NRT",
        "bright_ti5": 288.91,
        "frp": 1.34,
        "daynight": "N",
        "source_dataset": "VIIRS_SNPP_NRT",
        "acq_datetime_utc": "2026-10-09T01:30:00Z",
        "age_hours": 7.4,
        "confidence_label": "nominal",
        "popup_label": "<strong>NASA FIRMS<\/strong><br>Sensor: VIIRS_SNPP_NRT<br>Fecha UTC: 2026-10-09T01:30:00Z<br>Confianza: nominal<br>FRP: 1.34 MW"
      }
    },
    {
      "type": "Feature",
      "geometry": {
        "type": "Point",
        "coordinates": [-0.2581, 35.808]
      },
      "properties": {
        "bright_ti4": 303.55,
        "scan": 0.54,
        "track": 0.51,
        "acq_date": "2026-10-09",
        "acq_time": "0130",
        "satellite": "N",
        "instrument": "VIIRS",
        "confidence": "n",
        "version": "2.0NRT",
        "bright_ti5": 289.3,
        "frp": 1.86,
        "daynight": "N",
        "source_dataset": "VIIRS_SNPP_NRT",
        "acq_datetime_utc": "2026-10-09T01:30:00Z",
        "age_hours": 7.4,
        "confidence_label": "nominal",
        "popup_label": "<strong>NASA FIRMS<\/strong><br>Sensor: VIIRS_SNPP_NRT<br>Fecha UTC: 2026-10-09T01:30:00Z<br>Confianza: nominal<br>FRP: 1.86 MW"
      }
    },
    {
      "type": "Feature",
      "geometry": {
        "type": "Point",
        "coordinates": [-0.256, 35.8088]
      },
      "properties": {
        "bright_ti4": 322.79,
        "scan": 0.54,
        "track": 0.51,
        "acq_date": "2026-10-09",
        "acq_time": "0130",
        "satellite": "N",
        "instrument": "VIIRS",
        "confidence": "n",
        "version": "2.0NRT",
        "bright_ti5": 289.89,
        "frp": 3.21,
        "daynight": "N",
        "source_dataset": "VIIRS_SNPP_NRT",
        "acq_datetime_utc": "2026-10-09T01:30:00Z",
        "age_hours": 7.4,
        "confidence_label": "nominal",
        "popup_label": "<strong>NASA FIRMS<\/strong><br>Sensor: VIIRS_SNPP_NRT<br>Fecha UTC: 2026-10-09T01:30:00Z<br>Confianza: nominal<br>FRP: 3.21 MW"
      }
    },
    {
      "type": "Feature",
      "geometry": {
        "type": "Point",
        "coordinates": [-0.2758, 35.8144]
      },
      "properties": {
        "bright_ti4": 303.79,
        "scan": 0.55,
        "track": 0.51,
        "acq_date": "2026-10-09",
        "acq_time": "0130",
        "satellite": "N",
        "instrument": "VIIRS",
        "confidence": "n",
        "version": "2.0NRT",
        "bright_ti5": 288.28,
        "frp": 1.5,
        "daynight": "N",
        "source_dataset": "VIIRS_SNPP_NRT",
        "acq_datetime_utc": "2026-10-09T01:30:00Z",
        "age_hours": 7.4,
        "confidence_label": "nominal",
        "popup_label": "<strong>NASA FIRMS<\/strong><br>Sensor: VIIRS_SNPP_NRT<br>Fecha UTC: 2026-10-09T01:30:00Z<br>Confianza: nominal<br>FRP: 1.5 MW"
      }
    },
    {
      "type": "Feature",
      "geometry": {
        "type": "Point",
        "coordinates": [1.2432, 36.1255]
      },
      "properties": {
        "bright_ti4": 313.18,
        "scan": 0.45,
        "track": 0.47,
        "acq_date": "2026-10-09",
        "acq_time": "0128",
        "satellite": "N",
        "instrument": "VIIRS",
        "confidence": "n",
        "version": "2.0NRT",
        "bright_ti5": 289.45,
        "frp": 1.77,
        "daynight": "N",
        "source_dataset": "VIIRS_SNPP_NRT",
        "acq_datetime_utc": "2026-10-09T01:28:00Z",
        "age_hours": 7.5,
        "confidence_label": "nominal",
        "popup_label": "<strong>NASA FIRMS<\/strong><br>Sensor: VIIRS_SNPP_NRT<br>Fecha UTC: 2026-10-09T01:28:00Z<br>Confianza: nominal<br>FRP: 1.77 MW"
      }
    },
    {
      "type": "Feature",
      "geometry": {
        "type": "Point",
        "coordinates": [1.2386, 36.1303]
      },
      "properties": {
        "bright_ti4": 308.56,
        "scan": 0.46,
        "track": 0.47,
        "acq_date": "2026-10-09",
        "acq_time": "0128",
        "satellite": "N",
        "instrument": "VIIRS",
        "confidence": "n",
        "version": "2.0NRT",
        "bright_ti5": 289.37,
        "frp": 1.96,
        "daynight": "N",
        "source_dataset": "VIIRS_SNPP_NRT",
        "acq_datetime_utc": "2026-10-09T01:28:00Z",
        "age_hours": 7.5,
        "confidence_label": "nominal",
        "popup_label": "<strong>NASA FIRMS<\/strong><br>Sensor: VIIRS_SNPP_NRT<br>Fecha UTC: 2026-10-09T01:28:00Z<br>Confianza: nominal<br>FRP: 1.96 MW"
      }
    },
    {
      "type": "Feature",
      "geometry": {
        "type": "Point",
        "coordinates": [1.1987, 36.1429]
      },
      "properties": {
        "bright_ti4": 306.33,
        "scan": 0.46,
        "track": 0.47,
        "acq_date": "2026-10-09",
        "acq_time": "0128",
        "satellite": "N",
        "instrument": "VIIRS",
        "confidence": "n",
        "version": "2.0NRT",
        "bright_ti5": 288.21,
        "frp": 1.13,
        "daynight": "N",
        "source_dataset": "VIIRS_SNPP_NRT",
        "acq_datetime_utc": "2026-10-09T01:28:00Z",
        "age_hours": 7.5,
        "confidence_label": "nominal",
        "popup_label": "<strong>NASA FIRMS<\/strong><br>Sensor: VIIRS_SNPP_NRT<br>Fecha UTC: 2026-10-09T01:28:00Z<br>Confianza: nominal<br>FRP: 1.13 MW"
      }
    },
    {
      "type": "Feature",
      "geometry": {
        "type": "Point",
        "coordinates": [-1.9061, 36.9653]
      },
      "properties": {
        "bright_ti4": 308.38,
        "scan": 0.35,
        "track": 0.56,
        "acq_date": "2026-10-09",
        "acq_time": "0128",
        "satellite": "N",
        "instrument": "VIIRS",
        "confidence": "n",
        "version": "2.0NRT",
        "bright_ti5": 289.97,
        "frp": 0.93,
        "daynight": "N",
        "source_dataset": "VIIRS_SNPP_NRT",
        "acq_datetime_utc": "2026-10-09T01:28:00Z",
        "age_hours": 7.5,
        "confidence_label": "nominal",
        "popup_label": "<strong>NASA FIRMS<\/strong><br>Sensor: VIIRS_SNPP_NRT<br>Fecha UTC: 2026-10-09T01:28:00Z<br>Confianza: nominal<br>FRP: 0.93 MW"
      }
    },
    {
      "type": "Feature",
      "geometry": {
        "type": "Point",
        "coordinates": [-0.5433, 38.3745]
      },
      "properties": {
        "bright_ti4": 298.49,
        "scan": 0.6,
        "track": 0.53,
        "acq_date": "2026-10-09",
        "acq_time": "0128",
        "satellite": "N",
        "instrument": "VIIRS",
        "confidence": "n",
        "version": "2.0NRT",
        "bright_ti5": 287.5,
        "frp": 0.61,
        "daynight": "N",
        "source_dataset": "VIIRS_SNPP_NRT",
        "acq_datetime_utc": "2026-10-09T01:28:00Z",
        "age_hours": 7.5,
        "confidence_label": "nominal",
        "popup_label": "<strong>NASA FIRMS<\/strong><br>Sensor: VIIRS_SNPP_NRT<br>Fecha UTC: 2026-10-09T01:28:00Z<br>Confianza: nominal<br>FRP: 0.61 MW"
      }
    },
    {
      "type": "Feature",
      "geometry": {
        "type": "Point",
        "coordinates": [-3.4746, 40.2437]
      },
      "properties": {
        "bright_ti4": 325.58,
        "scan": 0.45,
        "track": 0.63,
        "acq_date": "2026-10-09",
        "acq_time": "0128",
        "satellite": "N",
        "instrument": "VIIRS",
        "confidence": "n",
        "version": "2.0NRT",
        "bright_ti5": 283.82,
        "frp": 2.35,
        "daynight": "N",
        "source_dataset": "VIIRS_SNPP_NRT",
        "acq_datetime_utc": "2026-10-09T01:28:00Z",
        "age_hours": 7.5,
        "confidence_label": "nominal",
        "popup_label": "<strong>NASA FIRMS<\/strong><br>Sensor: VIIRS_SNPP_NRT<br>Fecha UTC: 2026-10-09T01:28:00Z<br>Confianza: nominal<br>FRP: 2.35 MW"
      }
    },
    {
      "type": "Feature",
      "geometry": {
        "type": "Point",
        "coordinates": [0.5404, 40.5755]
      },
      "properties": {
        "bright_ti4": 304.7,
        "scan": 0.55,
        "track": 0.51,
        "acq_date": "2026-10-09",
        "acq_time": "0128",
        "satellite": "N",
        "instrument": "VIIRS",
        "confidence": "n",
        "version": "2.0NRT",
        "bright_ti5": 286.92,
        "frp": 1.28,
        "daynight": "N",
        "source_dataset": "VIIRS_SNPP_NRT",
        "acq_datetime_utc": "2026-10-09T01:28:00Z",
        "age_hours": 7.5,
        "confidence_label": "nominal",
        "popup_label": "<strong>NASA FIRMS<\/strong><br>Sensor: VIIRS_SNPP_NRT<br>Fecha UTC: 2026-10-09T01:28:00Z<br>Confianza: nominal<br>FRP: 1.28 MW"
      }
    },
    {
      "type": "Feature",
      "geometry": {
        "type": "Point",
        "coordinates": [1.6608, 41.311]
      },
      "properties": {
        "bright_ti4": 297.42,
        "scan": 0.49,
        "track": 0.49,
        "acq_date": "2026-10-09",
        "acq_time": "0128",
        "satellite": "N",
        "instrument": "VIIRS",
        "confidence": "n",
        "version": "2.0NRT",
        "bright_ti5": 282.95,
        "frp": 0.84,
        "daynight": "N",
        "source_dataset": "VIIRS_SNPP_NRT",
        "acq_datetime_utc": "2026-10-09T01:28:00Z",
        "age_hours": 7.5,
        "confidence_label": "nominal",
        "popup_label": "<strong>NASA FIRMS<\/strong><br>Sensor: VIIRS_SNPP_NRT<br>Fecha UTC: 2026-10-09T01:28:00Z<br>Confianza: nominal<br>FRP: 0.84 MW"
      }
    },
    {
      "type": "Feature",
      "geometry": {
        "type": "Point",
        "coordinates": [1.9795, 41.4541]
      },
      "properties": {
        "bright_ti4": 297.43,
        "scan": 0.48,
        "track": 0.48,
        "acq_date": "2026-10-09",
        "acq_time": "0128",
        "satellite": "N",
        "instrument": "VIIRS",
        "confidence": "n",
        "version": "2.0NRT",
        "bright_ti5": 285,
        "frp": 0.72,
        "daynight": "N",
        "source_dataset": "VIIRS_SNPP_NRT",
        "acq_datetime_utc": "2026-10-09T01:28:00Z",
        "age_hours": 7.5,
        "confidence_label": "nominal",
        "popup_label": "<strong>NASA FIRMS<\/strong><br>Sensor: VIIRS_SNPP_NRT<br>Fecha UTC: 2026-10-09T01:28:00Z<br>Confianza: nominal<br>FRP: 0.72 MW"
      }
    },
    {
      "type": "Feature",
      "geometry": {
        "type": "Point",
        "coordinates": [-5.7267, 43.5222]
      },
      "properties": {
        "bright_ti4": 309.31,
        "scan": 0.61,
        "track": 0.71,
        "acq_date": "2026-10-09",
        "acq_time": "0128",
        "satellite": "N",
        "instrument": "VIIRS",
        "confidence": "n",
        "version": "2.0NRT",
        "bright_ti5": 280.1,
        "frp": 2.01,
        "daynight": "N",
        "source_dataset": "VIIRS_SNPP_NRT",
        "acq_datetime_utc": "2026-10-09T01:28:00Z",
        "age_hours": 7.5,
        "confidence_label": "nominal",
        "popup_label": "<strong>NASA FIRMS<\/strong><br>Sensor: VIIRS_SNPP_NRT<br>Fecha UTC: 2026-10-09T01:28:00Z<br>Confianza: nominal<br>FRP: 2.01 MW"
      }
    },
    {
      "type": "Feature",
      "geometry": {
        "type": "Point",
        "coordinates": [-5.7346, 43.5223]
      },
      "properties": {
        "bright_ti4": 304.58,
        "scan": 0.61,
        "track": 0.71,
        "acq_date": "2026-10-09",
        "acq_time": "0128",
        "satellite": "N",
        "instrument": "VIIRS",
        "confidence": "n",
        "version": "2.0NRT",
        "bright_ti5": 280.85,
        "frp": 2.92,
        "daynight": "N",
        "source_dataset": "VIIRS_SNPP_NRT",
        "acq_datetime_utc": "2026-10-09T01:28:00Z",
        "age_hours": 7.5,
        "confidence_label": "nominal",
        "popup_label": "<strong>NASA FIRMS<\/strong><br>Sensor: VIIRS_SNPP_NRT<br>Fecha UTC: 2026-10-09T01:28:00Z<br>Confianza: nominal<br>FRP: 2.92 MW"
      }
    },
    {
      "type": "Feature",
      "geometry": {
        "type": "Point",
        "coordinates": [-5.7266, 43.5289]
      },
      "properties": {
        "bright_ti4": 299.86,
        "scan": 0.61,
        "track": 0.71,
        "acq_date": "2026-10-09",
        "acq_time": "0128",
        "satellite": "N",
        "instrument": "VIIRS",
        "confidence": "n",
        "version": "2.0NRT",
        "bright_ti5": 281.3,
        "frp": 1.14,
        "daynight": "N",
        "source_dataset": "VIIRS_SNPP_NRT",
        "acq_datetime_utc": "2026-10-09T01:28:00Z",
        "age_hours": 7.5,
        "confidence_label": "nominal",
        "popup_label": "<strong>NASA FIRMS<\/strong><br>Sensor: VIIRS_SNPP_NRT<br>Fecha UTC: 2026-10-09T01:28:00Z<br>Confianza: nominal<br>FRP: 1.14 MW"
      }
    },
    {
      "type": "Feature",
      "geometry": {
        "type": "Point",
        "coordinates": [-5.8282, 43.5365]
      },
      "properties": {
        "bright_ti4": 304.42,
        "scan": 0.61,
        "track": 0.71,
        "acq_date": "2026-10-09",
        "acq_time": "0128",
        "satellite": "N",
        "instrument": "VIIRS",
        "confidence": "n",
        "version": "2.0NRT",
        "bright_ti5": 279.7,
        "frp": 1.35,
        "daynight": "N",
        "source_dataset": "VIIRS_SNPP_NRT",
        "acq_datetime_utc": "2026-10-09T01:28:00Z",
        "age_hours": 7.5,
        "confidence_label": "nominal",
        "popup_label": "<strong>NASA FIRMS<\/strong><br>Sensor: VIIRS_SNPP_NRT<br>Fecha UTC: 2026-10-09T01:28:00Z<br>Confianza: nominal<br>FRP: 1.35 MW"
      }
    },
    {
      "type": "Feature",
      "geometry": {
        "type": "Point",
        "coordinates": [4.8903, 43.4341]
      },
      "properties": {
        "bright_ti4": 307.11,
        "scan": 0.55,
        "track": 0.43,
        "acq_date": "2026-10-09",
        "acq_time": "0126",
        "satellite": "N",
        "instrument": "VIIRS",
        "confidence": "n",
        "version": "2.0NRT",
        "bright_ti5": 276.69,
        "frp": 1.67,
        "daynight": "N",
        "source_dataset": "VIIRS_SNPP_NRT",
        "acq_datetime_utc": "2026-10-09T01:26:00Z",
        "age_hours": 7.5,
        "confidence_label": "nominal",
        "popup_label": "<strong>NASA FIRMS<\/strong><br>Sensor: VIIRS_SNPP_NRT<br>Fecha UTC: 2026-10-09T01:26:00Z<br>Confianza: nominal<br>FRP: 1.67 MW"
      }
    },
    {
      "type": "Feature",
      "geometry": {
        "type": "Point",
        "coordinates": [4.8495, 43.9956]
      },
      "properties": {
        "bright_ti4": 298.69,
        "scan": 0.56,
        "track": 0.43,
        "acq_date": "2026-10-09",
        "acq_time": "0126",
        "satellite": "N",
        "instrument": "VIIRS",
        "confidence": "n",
        "version": "2.0NRT",
        "bright_ti5": 282.87,
        "frp": 1.1,
        "daynight": "N",
        "source_dataset": "VIIRS_SNPP_NRT",
        "acq_datetime_utc": "2026-10-09T01:26:00Z",
        "age_hours": 7.5,
        "confidence_label": "nominal",
        "popup_label": "<strong>NASA FIRMS<\/strong><br>Sensor: VIIRS_SNPP_NRT<br>Fecha UTC: 2026-10-09T01:26:00Z<br>Confianza: nominal<br>FRP: 1.1 MW"
      }
    },
    {
      "type": "Feature",
      "geometry": {
        "type": "Point",
        "coordinates": [-1.6174, 38.6678]
      },
      "properties": {
        "bright_ti4": 349.49,
        "scan": 0.4,
        "track": 0.37,
        "acq_date": "2026-10-08",
        "acq_time": "1310",
        "satellite": "N",
        "instrument": "VIIRS",
        "confidence": "n",
        "version": "2.0NRT",
        "bright_ti5": 301.49,
        "frp": 7.61,
        "daynight": "D",
        "source_dataset": "VIIRS_SNPP_NRT",
        "acq_datetime_utc": "2026-10-08T13:10:00Z",
        "age_hours": 19.8,
        "confidence_label": "nominal",
        "popup_label": "<strong>NASA FIRMS<\/strong><br>Sensor: VIIRS_SNPP_NRT<br>Fecha UTC: 2026-10-08T13:10:00Z<br>Confianza: nominal<br>FRP: 7.61 MW"
      }
    },
    {
      "type": "Feature",
      "geometry": {
        "type": "Point",
        "coordinates": [-1.6093, 38.6727]
      },
      "properties": {
        "bright_ti4": 337.33,
        "scan": 0.4,
        "track": 0.37,
        "acq_date": "2026-10-08",
        "acq_time": "1310",
        "satellite": "N",
        "instrument": "VIIRS",
        "confidence": "n",
        "version": "2.0NRT",
        "bright_ti5": 299.94,
        "frp": 5.71,
        "daynight": "D",
        "source_dataset": "VIIRS_SNPP_NRT",
        "acq_datetime_utc": "2026-10-08T13:10:00Z",
        "age_hours": 19.8,
        "confidence_label": "nominal",
        "popup_label": "<strong>NASA FIRMS<\/strong><br>Sensor: VIIRS_SNPP_NRT<br>Fecha UTC: 2026-10-08T13:10:00Z<br>Confianza: nominal<br>FRP: 5.71 MW"
      }
    },
    {
      "type": "Feature",
      "geometry": {
        "type": "Point",
        "coordinates": [-3.3494, 39.0705]
      },
      "properties": {
        "bright_ti4": 346.38,
        "scan": 0.44,
        "track": 0.38,
        "acq_date": "2026-10-08",
        "acq_time": "1310",
        "satellite": "N",
        "instrument": "VIIRS",
        "confidence": "n",
        "version": "2.0NRT",
        "bright_ti5": 295.93,
        "frp": 10.25,
        "daynight": "D",
        "source_dataset": "VIIRS_SNPP_NRT",
        "acq_datetime_utc": "2026-10-08T13:10:00Z",
        "age_hours": 19.8,
        "confidence_label": "nominal",
        "popup_label": "<strong>NASA FIRMS<\/strong><br>Sensor: VIIRS_SNPP_NRT<br>Fecha UTC: 2026-10-08T13:10:00Z<br>Confianza: nominal<br>FRP: 10.25 MW"
      }
    },
    {
      "type": "Feature",
      "geometry": {
        "type": "Point",
        "coordinates": [-0.259, 39.2067]
      },
      "properties": {
        "bright_ti4": 331.9,
        "scan": 0.38,
        "track": 0.36,
        "acq_date": "2026-10-08",
        "acq_time": "1310",
        "satellite": "N",
        "instrument": "VIIRS",
        "confidence": "n",
        "version": "2.0NRT",
        "bright_ti5": 294.97,
        "frp": 2.06,
        "daynight": "D",
        "source_dataset": "VIIRS_SNPP_NRT",
        "acq_datetime_utc": "2026-10-08T13:10:00Z",
        "age_hours": 19.8,
        "confidence_label": "nominal",
        "popup_label": "<strong>NASA FIRMS<\/strong><br>Sensor: VIIRS_SNPP_NRT<br>Fecha UTC: 2026-10-08T13:10:00Z<br>Confianza: nominal<br>FRP: 2.06 MW"
      }
    },
    {
      "type": "Feature",
      "geometry": {
        "type": "Point",
        "coordinates": [-3.6492, 39.4097]
      },
      "properties": {
        "bright_ti4": 337.11,
        "scan": 0.44,
        "track": 0.39,
        "acq_date": "2026-10-08",
        "acq_time": "1310",
        "satellite": "N",
        "instrument": "VIIRS",
        "confidence": "n",
        "version": "2.0NRT",
        "bright_ti5": 293.99,
        "frp": 3.7,
        "daynight": "D",
        "source_dataset": "VIIRS_SNPP_NRT",
        "acq_datetime_utc": "2026-10-08T13:10:00Z",
        "age_hours": 19.8,
        "confidence_label": "nominal",
        "popup_label": "<strong>NASA FIRMS<\/strong><br>Sensor: VIIRS_SNPP_NRT<br>Fecha UTC: 2026-10-08T13:10:00Z<br>Confianza: nominal<br>FRP: 3.7 MW"
      }
    },
    {
      "type": "Feature",
      "geometry": {
        "type": "Point",
        "coordinates": [-2.105, 39.5887]
      },
      "properties": {
        "bright_ti4": 351.19,
        "scan": 0.4,
        "track": 0.37,
        "acq_date": "2026-10-08",
        "acq_time": "1310",
        "satellite": "N",
        "instrument": "VIIRS",
        "confidence": "n",
        "version": "2.0NRT",
        "bright_ti5": 298.52,
        "frp": 5.24,
        "daynight": "D",
        "source_dataset": "VIIRS_SNPP_NRT",
        "acq_datetime_utc": "2026-10-08T13:10:00Z",
        "age_hours": 19.8,
        "confidence_label": "nominal",
        "popup_label": "<strong>NASA FIRMS<\/strong><br>Sensor: VIIRS_SNPP_NRT<br>Fecha UTC: 2026-10-08T13:10:00Z<br>Confianza: nominal<br>FRP: 5.24 MW"
      }
    },
    {
      "type": "Feature",
      "geometry": {
        "type": "Point",
        "coordinates": [-2.1004, 39.5895]
      },
      "properties": {
        "bright_ti4": 349.76,
        "scan": 0.4,
        "track": 0.37,
        "acq_date": "2026-10-08",
        "acq_time": "1310",
        "satellite": "N",
        "instrument": "VIIRS",
        "confidence": "n",
        "version": "2.0NRT",
        "bright_ti5": 297.47,
        "frp": 5.24,
        "daynight": "D",
        "source_dataset": "VIIRS_SNPP_NRT",
        "acq_datetime_utc": "2026-10-08T13:10:00Z",
        "age_hours": 19.8,
        "confidence_label": "nominal",
        "popup_label": "<strong>NASA FIRMS<\/strong><br>Sensor: VIIRS_SNPP_NRT<br>Fecha UTC: 2026-10-08T13:10:00Z<br>Confianza: nominal<br>FRP: 5.24 MW"
      }
    },
    {
      "type": "Feature",
      "geometry": {
        "type": "Point",
        "coordinates": [-2.106, 39.5921]
      },
      "properties": {
        "bright_ti4": 356.07,
        "scan": 0.4,
        "track": 0.37,
        "acq_date": "2026-10-08",
        "acq_time": "1310",
        "satellite": "N",
        "instrument": "VIIRS",
        "confidence": "l",
        "version": "2.0NRT",
        "bright_ti5": 298.09,
        "frp": 13.05,
        "daynight": "D",
        "source_dataset": "VIIRS_SNPP_NRT",
        "acq_datetime_utc": "2026-10-08T13:10:00Z",
        "age_hours": 19.8,
        "confidence_label": "baja",
        "popup_label": "<strong>NASA FIRMS<\/strong><br>Sensor: VIIRS_SNPP_NRT<br>Fecha UTC: 2026-10-08T13:10:00Z<br>Confianza: baja<br>FRP: 13.05 MW"
      }
    },
    {
      "type": "Feature",
      "geometry": {
        "type": "Point",
        "coordinates": [-2.1023, 39.5962]
      },
      "properties": {
        "bright_ti4": 344.03,
        "scan": 0.4,
        "track": 0.37,
        "acq_date": "2026-10-08",
        "acq_time": "1310",
        "satellite": "N",
        "instrument": "VIIRS",
        "confidence": "n",
        "version": "2.0NRT",
        "bright_ti5": 295.16,
        "frp": 13.05,
        "daynight": "D",
        "source_dataset": "VIIRS_SNPP_NRT",
        "acq_datetime_utc": "2026-10-08T13:10:00Z",
        "age_hours": 19.8,
        "confidence_label": "nominal",
        "popup_label": "<strong>NASA FIRMS<\/strong><br>Sensor: VIIRS_SNPP_NRT<br>Fecha UTC: 2026-10-08T13:10:00Z<br>Confianza: nominal<br>FRP: 13.05 MW"
      }
    },
    {
      "type": "Feature",
      "geometry": {
        "type": "Point",
        "coordinates": [-3.7746, 39.6427]
      },
      "properties": {
        "bright_ti4": 345.17,
        "scan": 0.44,
        "track": 0.39,
        "acq_date": "2026-10-08",
        "acq_time": "1310",
        "satellite": "N",
        "instrument": "VIIRS",
        "confidence": "n",
        "version": "2.0NRT",
        "bright_ti5": 295.15,
        "frp": 4.53,
        "daynight": "D",
        "source_dataset": "VIIRS_SNPP_NRT",
        "acq_datetime_utc": "2026-10-08T13:10:00Z",
        "age_hours": 19.8,
        "confidence_label": "nominal",
        "popup_label": "<strong>NASA FIRMS<\/strong><br>Sensor: VIIRS_SNPP_NRT<br>Fecha UTC: 2026-10-08T13:10:00Z<br>Confianza: nominal<br>FRP: 4.53 MW"
      }
    },
    {
      "type": "Feature",
      "geometry": {
        "type": "Point",
        "coordinates": [-4.0961, 39.9306]
      },
      "properties": {
        "bright_ti4": 356.66,
        "scan": 0.45,
        "track": 0.39,
        "acq_date": "2026-10-08",
        "acq_time": "1310",
        "satellite": "N",
        "instrument": "VIIRS",
        "confidence": "l",
        "version": "2.0NRT",
        "bright_ti5": 301.15,
        "frp": 6.91,
        "daynight": "D",
        "source_dataset": "VIIRS_SNPP_NRT",
        "acq_datetime_utc": "2026-10-08T13:10:00Z",
        "age_hours": 19.8,
        "confidence_label": "baja",
        "popup_label": "<strong>NASA FIRMS<\/strong><br>Sensor: VIIRS_SNPP_NRT<br>Fecha UTC: 2026-10-08T13:10:00Z<br>Confianza: baja<br>FRP: 6.91 MW"
      }
    },
    {
      "type": "Feature",
      "geometry": {
        "type": "Point",
        "coordinates": [-4.1025, 39.9331]
      },
      "properties": {
        "bright_ti4": 346.39,
        "scan": 0.45,
        "track": 0.39,
        "acq_date": "2026-10-08",
        "acq_time": "1310",
        "satellite": "N",
        "instrument": "VIIRS",
        "confidence": "n",
        "version": "2.0NRT",
        "bright_ti5": 301.2,
        "frp": 5.46,
        "daynight": "D",
        "source_dataset": "VIIRS_SNPP_NRT",
        "acq_datetime_utc": "2026-10-08T13:10:00Z",
        "age_hours": 19.8,
        "confidence_label": "nominal",
        "popup_label": "<strong>NASA FIRMS<\/strong><br>Sensor: VIIRS_SNPP_NRT<br>Fecha UTC: 2026-10-08T13:10:00Z<br>Confianza: nominal<br>FRP: 5.46 MW"
      }
    },
    {
      "type": "Feature",
      "geometry": {
        "type": "Point",
        "coordinates": [-4.0972, 39.9341]
      },
      "properties": {
        "bright_ti4": 356.32,
        "scan": 0.45,
        "track": 0.39,
        "acq_date": "2026-10-08",
        "acq_time": "1310",
        "satellite": "N",
        "instrument": "VIIRS",
        "confidence": "l",
        "version": "2.0NRT",
        "bright_ti5": 302,
        "frp": 5.46,
        "daynight": "D",
        "source_dataset": "VIIRS_SNPP_NRT",
        "acq_datetime_utc": "2026-10-08T13:10:00Z",
        "age_hours": 19.8,
        "confidence_label": "baja",
        "popup_label": "<strong>NASA FIRMS<\/strong><br>Sensor: VIIRS_SNPP_NRT<br>Fecha UTC: 2026-10-08T13:10:00Z<br>Confianza: baja<br>FRP: 5.46 MW"
      }
    },
    {
      "type": "Feature",
      "geometry": {
        "type": "Point",
        "coordinates": [-4.0984, 39.9376]
      },
      "properties": {
        "bright_ti4": 336.08,
        "scan": 0.45,
        "track": 0.39,
        "acq_date": "2026-10-08",
        "acq_time": "1310",
        "satellite": "N",
        "instrument": "VIIRS",
        "confidence": "n",
        "version": "2.0NRT",
        "bright_ti5": 300.03,
        "frp": 5.46,
        "daynight": "D",
        "source_dataset": "VIIRS_SNPP_NRT",
        "acq_datetime_utc": "2026-10-08T13:10:00Z",
        "age_hours": 19.8,
        "confidence_label": "nominal",
        "popup_label": "<strong>NASA FIRMS<\/strong><br>Sensor: VIIRS_SNPP_NRT<br>Fecha UTC: 2026-10-08T13:10:00Z<br>Confianza: nominal<br>FRP: 5.46 MW"
      }
    },
    {
      "type": "Feature",
      "geometry": {
        "type": "Point",
        "coordinates": [-5.7427, 39.9585]
      },
      "properties": {
        "bright_ti4": 327.98,
        "scan": 0.52,
        "track": 0.42,
        "acq_date": "2026-10-08",
        "acq_time": "1310",
        "satellite": "N",
        "instrument": "VIIRS",
        "confidence": "n",
        "version": "2.0NRT",
        "bright_ti5": 298.57,
        "frp": 3.55,
        "daynight": "D",
        "source_dataset": "VIIRS_SNPP_NRT",
        "acq_datetime_utc": "2026-10-08T13:10:00Z",
        "age_hours": 19.8,
        "confidence_label": "nominal",
        "popup_label": "<strong>NASA FIRMS<\/strong><br>Sensor: VIIRS_SNPP_NRT<br>Fecha UTC: 2026-10-08T13:10:00Z<br>Confianza: nominal<br>FRP: 3.55 MW"
      }
    },
    {
      "type": "Feature",
      "geometry": {
        "type": "Point",
        "coordinates": [-4.7383, 40.0616]
      },
      "properties": {
        "bright_ti4": 327.76,
        "scan": 0.47,
        "track": 0.4,
        "acq_date": "2026-10-08",
        "acq_time": "1310",
        "satellite": "N",
        "instrument": "VIIRS",
        "confidence": "n",
        "version": "2.0NRT",
        "bright_ti5": 296.03,
        "frp": 1.59,
        "daynight": "D",
        "source_dataset": "VIIRS_SNPP_NRT",
        "acq_datetime_utc": "2026-10-08T13:10:00Z",
        "age_hours": 19.8,
        "confidence_label": "nominal",
        "popup_label": "<strong>NASA FIRMS<\/strong><br>Sensor: VIIRS_SNPP_NRT<br>Fecha UTC: 2026-10-08T13:10:00Z<br>Confianza: nominal<br>FRP: 1.59 MW"
      }
    },
    {
      "type": "Feature",
      "geometry": {
        "type": "Point",
        "coordinates": [-4.736, 40.0626]
      },
      "properties": {
        "bright_ti4": 328.13,
        "scan": 0.47,
        "track": 0.4,
        "acq_date": "2026-10-08",
        "acq_time": "1310",
        "satellite": "N",
        "instrument": "VIIRS",
        "confidence": "n",
        "version": "2.0NRT",
        "bright_ti5": 298.79,
        "frp": 2.23,
        "daynight": "D",
        "source_dataset": "VIIRS_SNPP_NRT",
        "acq_datetime_utc": "2026-10-08T13:10:00Z",
        "age_hours": 19.8,
        "confidence_label": "nominal",
        "popup_label": "<strong>NASA FIRMS<\/strong><br>Sensor: VIIRS_SNPP_NRT<br>Fecha UTC: 2026-10-08T13:10:00Z<br>Confianza: nominal<br>FRP: 2.23 MW"
      }
    },
    {
      "type": "Feature",
      "geometry": {
        "type": "Point",
        "coordinates": [-3.5818, 40.5201]
      },
      "properties": {
        "bright_ti4": 336.49,
        "scan": 0.43,
        "track": 0.38,
        "acq_date": "2026-10-08",
        "acq_time": "1310",
        "satellite": "N",
        "instrument": "VIIRS",
        "confidence": "n",
        "version": "2.0NRT",
        "bright_ti5": 297.5,
        "frp": 2.96,
        "daynight": "D",
        "source_dataset": "VIIRS_SNPP_NRT",
        "acq_datetime_utc": "2026-10-08T13:10:00Z",
        "age_hours": 19.8,
        "confidence_label": "nominal",
        "popup_label": "<strong>NASA FIRMS<\/strong><br>Sensor: VIIRS_SNPP_NRT<br>Fecha UTC: 2026-10-08T13:10:00Z<br>Confianza: nominal<br>FRP: 2.96 MW"
      }
    },
    {
      "type": "Feature",
      "geometry": {
        "type": "Point",
        "coordinates": [-3.5877, 40.5227]
      },
      "properties": {
        "bright_ti4": 347.7,
        "scan": 0.43,
        "track": 0.38,
        "acq_date": "2026-10-08",
        "acq_time": "1310",
        "satellite": "N",
        "instrument": "VIIRS",
        "confidence": "n",
        "version": "2.0NRT",
        "bright_ti5": 296.48,
        "frp": 2.96,
        "daynight": "D",
        "source_dataset": "VIIRS_SNPP_NRT",
        "acq_datetime_utc": "2026-10-08T13:10:00Z",
        "age_hours": 19.8,
        "confidence_label": "nominal",
        "popup_label": "<strong>NASA FIRMS<\/strong><br>Sensor: VIIRS_SNPP_NRT<br>Fecha UTC: 2026-10-08T13:10:00Z<br>Confianza: nominal<br>FRP: 2.96 MW"
      }
    },
    {
      "type": "Feature",
      "geometry": {
        "type": "Point",
        "coordinates": [-3.5828, 40.5236]
      },
      "properties": {
        "bright_ti4": 349.11,
        "scan": 0.43,
        "track": 0.38,
        "acq_date": "2026-10-08",
        "acq_time": "1310",
        "satellite": "N",
        "instrument": "VIIRS",
        "confidence": "n",
        "version": "2.0NRT",
        "bright_ti5": 295.7,
        "frp": 2.96,
        "daynight": "D",
        "source_dataset": "VIIRS_SNPP_NRT",
        "acq_datetime_utc": "2026-10-08T13:10:00Z",
        "age_hours": 19.8,
        "confidence_label": "nominal",
        "popup_label": "<strong>NASA FIRMS<\/strong><br>Sensor: VIIRS_SNPP_NRT<br>Fecha UTC: 2026-10-08T13:10:00Z<br>Confianza: nominal<br>FRP: 2.96 MW"
      }
    },
    {
      "type": "Feature",
      "geometry": {
        "type": "Point",
        "coordinates": [-3.5888, 40.5261]
      },
      "properties": {
        "bright_ti4": 343.3,
        "scan": 0.43,
        "track": 0.38,
        "acq_date": "2026-10-08",
        "acq_time": "1310",
        "satellite": "N",
        "instrument": "VIIRS",
        "confidence": "n",
        "version": "2.0NRT",
        "bright_ti5": 296.89,
        "frp": 3.4,
        "daynight": "D",
        "source_dataset": "VIIRS_SNPP_NRT",
        "acq_datetime_utc": "2026-10-08T13:10:00Z",
        "age_hours": 19.8,
        "confidence_label": "nominal",
        "popup_label": "<strong>NASA FIRMS<\/strong><br>Sensor: VIIRS_SNPP_NRT<br>Fecha UTC: 2026-10-08T13:10:00Z<br>Confianza: nominal<br>FRP: 3.4 MW"
      }
    },
    {
      "type": "Feature",
      "geometry": {
        "type": "Point",
        "coordinates": [-3.5681, 40.5263]
      },
      "properties": {
        "bright_ti4": 336.01,
        "scan": 0.43,
        "track": 0.38,
        "acq_date": "2026-10-08",
        "acq_time": "1310",
        "satellite": "N",
        "instrument": "VIIRS",
        "confidence": "n",
        "version": "2.0NRT",
        "bright_ti5": 297.01,
        "frp": 2.65,
        "daynight": "D",
        "source_dataset": "VIIRS_SNPP_NRT",
        "acq_datetime_utc": "2026-10-08T13:10:00Z",
        "age_hours": 19.8,
        "confidence_label": "nominal",
        "popup_label": "<strong>NASA FIRMS<\/strong><br>Sensor: VIIRS_SNPP_NRT<br>Fecha UTC: 2026-10-08T13:10:00Z<br>Confianza: nominal<br>FRP: 2.65 MW"
      }
    },
    {
      "type": "Feature",
      "geometry": {
        "type": "Point",
        "coordinates": [-3.5839, 40.527]
      },
      "properties": {
        "bright_ti4": 356.21,
        "scan": 0.43,
        "track": 0.38,
        "acq_date": "2026-10-08",
        "acq_time": "1310",
        "satellite": "N",
        "instrument": "VIIRS",
        "confidence": "n",
        "version": "2.0NRT",
        "bright_ti5": 296.59,
        "frp": 3.4,
        "daynight": "D",
        "source_dataset": "VIIRS_SNPP_NRT",
        "acq_datetime_utc": "2026-10-08T13:10:00Z",
        "age_hours": 19.8,
        "confidence_label": "nominal",
        "popup_label": "<strong>NASA FIRMS<\/strong><br>Sensor: VIIRS_SNPP_NRT<br>Fecha UTC: 2026-10-08T13:10:00Z<br>Confianza: nominal<br>FRP: 3.4 MW"
      }
    },
    {
      "type": "Feature",
      "geometry": {
        "type": "Point",
        "coordinates": [-3.5849, 40.5304]
      },
      "properties": {
        "bright_ti4": 339.09,
        "scan": 0.43,
        "track": 0.38,
        "acq_date": "2026-10-08",
        "acq_time": "1310",
        "satellite": "N",
        "instrument": "VIIRS",
        "confidence": "n",
        "version": "2.0NRT",
        "bright_ti5": 298.2,
        "frp": 3.4,
        "daynight": "D",
        "source_dataset": "VIIRS_SNPP_NRT",
        "acq_datetime_utc": "2026-10-08T13:10:00Z",
        "age_hours": 19.8,
        "confidence_label": "nominal",
        "popup_label": "<strong>NASA FIRMS<\/strong><br>Sensor: VIIRS_SNPP_NRT<br>Fecha UTC: 2026-10-08T13:10:00Z<br>Confianza: nominal<br>FRP: 3.4 MW"
      }
    },
    {
      "type": "Feature",
      "geometry": {
        "type": "Point",
        "coordinates": [-3.5653, 40.534]
      },
      "properties": {
        "bright_ti4": 340.21,
        "scan": 0.43,
        "track": 0.38,
        "acq_date": "2026-10-08",
        "acq_time": "1310",
        "satellite": "N",
        "instrument": "VIIRS",
        "confidence": "n",
        "version": "2.0NRT",
        "bright_ti5": 297.91,
        "frp": 5.56,
        "daynight": "D",
        "source_dataset": "VIIRS_SNPP_NRT",
        "acq_datetime_utc": "2026-10-08T13:10:00Z",
        "age_hours": 19.8,
        "confidence_label": "nominal",
        "popup_label": "<strong>NASA FIRMS<\/strong><br>Sensor: VIIRS_SNPP_NRT<br>Fecha UTC: 2026-10-08T13:10:00Z<br>Confianza: nominal<br>FRP: 5.56 MW"
      }
    },
    {
      "type": "Feature",
      "geometry": {
        "type": "Point",
        "coordinates": [-3.5712, 40.5365]
      },
      "properties": {
        "bright_ti4": 336.66,
        "scan": 0.43,
        "track": 0.38,
        "acq_date": "2026-10-08",
        "acq_time": "1310",
        "satellite": "N",
        "instrument": "VIIRS",
        "confidence": "n",
        "version": "2.0NRT",
        "bright_ti5": 298.59,
        "frp": 2.98,
        "daynight": "D",
        "source_dataset": "VIIRS_SNPP_NRT",
        "acq_datetime_utc": "2026-10-08T13:10:00Z",
        "age_hours": 19.8,
        "confidence_label": "nominal",
        "popup_label": "<strong>NASA FIRMS<\/strong><br>Sensor: VIIRS_SNPP_NRT<br>Fecha UTC: 2026-10-08T13:10:00Z<br>Confianza: nominal<br>FRP: 2.98 MW"
      }
    },
    {
      "type": "Feature",
      "geometry": {
        "type": "Point",
        "coordinates": [-3.5663, 40.5374]
      },
      "properties": {
        "bright_ti4": 348.52,
        "scan": 0.43,
        "track": 0.38,
        "acq_date": "2026-10-08",
        "acq_time": "1310",
        "satellite": "N",
        "instrument": "VIIRS",
        "confidence": "n",
        "version": "2.0NRT",
        "bright_ti5": 298.36,
        "frp": 2.98,
        "daynight": "D",
        "source_dataset": "VIIRS_SNPP_NRT",
        "acq_datetime_utc": "2026-10-08T13:10:00Z",
        "age_hours": 19.8,
        "confidence_label": "nominal",
        "popup_label": "<strong>NASA FIRMS<\/strong><br>Sensor: VIIRS_SNPP_NRT<br>Fecha UTC: 2026-10-08T13:10:00Z<br>Confianza: nominal<br>FRP: 2.98 MW"
      }
    },
    {
      "type": "Feature",
      "geometry": {
        "type": "Point",
        "coordinates": [-3.1611, 40.6642]
      },
      "properties": {
        "bright_ti4": 335.58,
        "scan": 0.42,
        "track": 0.37,
        "acq_date": "2026-10-08",
        "acq_time": "1310",
        "satellite": "N",
        "instrument": "VIIRS",
        "confidence": "n",
        "version": "2.0NRT",
        "bright_ti5": 294.52,
        "frp": 1.59,
        "daynight": "D",
        "source_dataset": "VIIRS_SNPP_NRT",
        "acq_datetime_utc": "2026-10-08T13:10:00Z",
        "age_hours": 19.8,
        "confidence_label": "nominal",
        "popup_label": "<strong>NASA FIRMS<\/strong><br>Sensor: VIIRS_SNPP_NRT<br>Fecha UTC: 2026-10-08T13:10:00Z<br>Confianza: nominal<br>FRP: 1.59 MW"
      }
    },
    {
      "type": "Feature",
      "geometry": {
        "type": "Point",
        "coordinates": [-3.1562, 40.6651]
      },
      "properties": {
        "bright_ti4": 356.7,
        "scan": 0.41,
        "track": 0.37,
        "acq_date": "2026-10-08",
        "acq_time": "1310",
        "satellite": "N",
        "instrument": "VIIRS",
        "confidence": "l",
        "version": "2.0NRT",
        "bright_ti5": 297.19,
        "frp": 6.96,
        "daynight": "D",
        "source_dataset": "VIIRS_SNPP_NRT",
        "acq_datetime_utc": "2026-10-08T13:10:00Z",
        "age_hours": 19.8,
        "confidence_label": "baja",
        "popup_label": "<strong>NASA FIRMS<\/strong><br>Sensor: VIIRS_SNPP_NRT<br>Fecha UTC: 2026-10-08T13:10:00Z<br>Confianza: baja<br>FRP: 6.96 MW"
      }
    },
    {
      "type": "Feature",
      "geometry": {
        "type": "Point",
        "coordinates": [-3.1573, 40.6685]
      },
      "properties": {
        "bright_ti4": 338.68,
        "scan": 0.41,
        "track": 0.37,
        "acq_date": "2026-10-08",
        "acq_time": "1310",
        "satellite": "N",
        "instrument": "VIIRS",
        "confidence": "n",
        "version": "2.0NRT",
        "bright_ti5": 295.02,
        "frp": 2.17,
        "daynight": "D",
        "source_dataset": "VIIRS_SNPP_NRT",
        "acq_datetime_utc": "2026-10-08T13:10:00Z",
        "age_hours": 19.8,
        "confidence_label": "nominal",
        "popup_label": "<strong>NASA FIRMS<\/strong><br>Sensor: VIIRS_SNPP_NRT<br>Fecha UTC: 2026-10-08T13:10:00Z<br>Confianza: nominal<br>FRP: 2.17 MW"
      }
    },
    {
      "type": "Feature",
      "geometry": {
        "type": "Point",
        "coordinates": [-3.2362, 40.7179]
      },
      "properties": {
        "bright_ti4": 335.63,
        "scan": 0.42,
        "track": 0.37,
        "acq_date": "2026-10-08",
        "acq_time": "1310",
        "satellite": "N",
        "instrument": "VIIRS",
        "confidence": "n",
        "version": "2.0NRT",
        "bright_ti5": 293.62,
        "frp": 3.99,
        "daynight": "D",
        "source_dataset": "VIIRS_SNPP_NRT",
        "acq_datetime_utc": "2026-10-08T13:10:00Z",
        "age_hours": 19.8,
        "confidence_label": "nominal",
        "popup_label": "<strong>NASA FIRMS<\/strong><br>Sensor: VIIRS_SNPP_NRT<br>Fecha UTC: 2026-10-08T13:10:00Z<br>Confianza: nominal<br>FRP: 3.99 MW"
      }
    },
    {
      "type": "Feature",
      "geometry": {
        "type": "Point",
        "coordinates": [-3.2517, 40.7186]
      },
      "properties": {
        "bright_ti4": 335.39,
        "scan": 0.42,
        "track": 0.37,
        "acq_date": "2026-10-08",
        "acq_time": "1310",
        "satellite": "N",
        "instrument": "VIIRS",
        "confidence": "n",
        "version": "2.0NRT",
        "bright_ti5": 293.92,
        "frp": 3.88,
        "daynight": "D",
        "source_dataset": "VIIRS_SNPP_NRT",
        "acq_datetime_utc": "2026-10-08T13:10:00Z",
        "age_hours": 19.8,
        "confidence_label": "nominal",
        "popup_label": "<strong>NASA FIRMS<\/strong><br>Sensor: VIIRS_SNPP_NRT<br>Fecha UTC: 2026-10-08T13:10:00Z<br>Confianza: nominal<br>FRP: 3.88 MW"
      }
    },
    {
      "type": "Feature",
      "geometry": {
        "type": "Point",
        "coordinates": [-3.2469, 40.7195]
      },
      "properties": {
        "bright_ti4": 338.11,
        "scan": 0.42,
        "track": 0.37,
        "acq_date": "2026-10-08",
        "acq_time": "1310",
        "satellite": "N",
        "instrument": "VIIRS",
        "confidence": "n",
        "version": "2.0NRT",
        "bright_ti5": 294.67,
        "frp": 3.88,
        "daynight": "D",
        "source_dataset": "VIIRS_SNPP_NRT",
        "acq_datetime_utc": "2026-10-08T13:10:00Z",
        "age_hours": 19.8,
        "confidence_label": "nominal",
        "popup_label": "<strong>NASA FIRMS<\/strong><br>Sensor: VIIRS_SNPP_NRT<br>Fecha UTC: 2026-10-08T13:10:00Z<br>Confianza: nominal<br>FRP: 3.88 MW"
      }
    },
    {
      "type": "Feature",
      "geometry": {
        "type": "Point",
        "coordinates": [-7.9714, 41.2704]
      },
      "properties": {
        "bright_ti4": 326.79,
        "scan": 0.41,
        "track": 0.45,
        "acq_date": "2026-10-08",
        "acq_time": "1310",
        "satellite": "N",
        "instrument": "VIIRS",
        "confidence": "l",
        "version": "2.0NRT",
        "bright_ti5": 297.59,
        "frp": 2.46,
        "daynight": "D",
        "source_dataset": "VIIRS_SNPP_NRT",
        "acq_datetime_utc": "2026-10-08T13:10:00Z",
        "age_hours": 19.8,
        "confidence_label": "baja",
        "popup_label": "<strong>NASA FIRMS<\/strong><br>Sensor: VIIRS_SNPP_NRT<br>Fecha UTC: 2026-10-08T13:10:00Z<br>Confianza: baja<br>FRP: 2.46 MW"
      }
    },
    {
      "type": "Feature",
      "geometry": {
        "type": "Point",
        "coordinates": [-7.9745, 41.2713]
      },
      "properties": {
        "bright_ti4": 339.71,
        "scan": 0.41,
        "track": 0.45,
        "acq_date": "2026-10-08",
        "acq_time": "1310",
        "satellite": "N",
        "instrument": "VIIRS",
        "confidence": "n",
        "version": "2.0NRT",
        "bright_ti5": 297.87,
        "frp": 5.27,
        "daynight": "D",
        "source_dataset": "VIIRS_SNPP_NRT",
        "acq_datetime_utc": "2026-10-08T13:10:00Z",
        "age_hours": 19.8,
        "confidence_label": "nominal",
        "popup_label": "<strong>NASA FIRMS<\/strong><br>Sensor: VIIRS_SNPP_NRT<br>Fecha UTC: 2026-10-08T13:10:00Z<br>Confianza: nominal<br>FRP: 5.27 MW"
      }
    },
    {
      "type": "Feature",
      "geometry": {
        "type": "Point",
        "coordinates": [0.5586, 41.5683]
      },
      "properties": {
        "bright_ti4": 331.44,
        "scan": 0.39,
        "track": 0.36,
        "acq_date": "2026-10-08",
        "acq_time": "1310",
        "satellite": "N",
        "instrument": "VIIRS",
        "confidence": "n",
        "version": "2.0NRT",
        "bright_ti5": 295.92,
        "frp": 1.94,
        "daynight": "D",
        "source_dataset": "VIIRS_SNPP_NRT",
        "acq_datetime_utc": "2026-10-08T13:10:00Z",
        "age_hours": 19.8,
        "confidence_label": "nominal",
        "popup_label": "<strong>NASA FIRMS<\/strong><br>Sensor: VIIRS_SNPP_NRT<br>Fecha UTC: 2026-10-08T13:10:00Z<br>Confianza: nominal<br>FRP: 1.94 MW"
      }
    },
    {
      "type": "Feature",
      "geometry": {
        "type": "Point",
        "coordinates": [2.6619, 43.3064]
      },
      "properties": {
        "bright_ti4": 330.66,
        "scan": 0.45,
        "track": 0.39,
        "acq_date": "2026-10-08",
        "acq_time": "1310",
        "satellite": "N",
        "instrument": "VIIRS",
        "confidence": "n",
        "version": "2.0NRT",
        "bright_ti5": 290.06,
        "frp": 2.58,
        "daynight": "D",
        "source_dataset": "VIIRS_SNPP_NRT",
        "acq_datetime_utc": "2026-10-08T13:10:00Z",
        "age_hours": 19.8,
        "confidence_label": "nominal",
        "popup_label": "<strong>NASA FIRMS<\/strong><br>Sensor: VIIRS_SNPP_NRT<br>Fecha UTC: 2026-10-08T13:10:00Z<br>Confianza: nominal<br>FRP: 2.58 MW"
      }
    },
    {
      "type": "Feature",
      "geometry": {
        "type": "Point",
        "coordinates": [0.1705, 43.7889]
      },
      "properties": {
        "bright_ti4": 325.68,
        "scan": 0.4,
        "track": 0.37,
        "acq_date": "2026-10-08",
        "acq_time": "1310",
        "satellite": "N",
        "instrument": "VIIRS",
        "confidence": "n",
        "version": "2.0NRT",
        "bright_ti5": 291.04,
        "frp": 2.21,
        "daynight": "D",
        "source_dataset": "VIIRS_SNPP_NRT",
        "acq_datetime_utc": "2026-10-08T13:10:00Z",
        "age_hours": 19.8,
        "confidence_label": "nominal",
        "popup_label": "<strong>NASA FIRMS<\/strong><br>Sensor: VIIRS_SNPP_NRT<br>Fecha UTC: 2026-10-08T13:10:00Z<br>Confianza: nominal<br>FRP: 2.21 MW"
      }
    },
    {
      "type": "Feature",
      "geometry": {
        "type": "Point",
        "coordinates": [3.9855, 32.2766]
      },
      "properties": {
        "bright_ti4": 336.68,
        "scan": 0.4,
        "track": 0.37,
        "acq_date": "2026-10-08",
        "acq_time": "1308",
        "satellite": "N",
        "instrument": "VIIRS",
        "confidence": "n",
        "version": "2.0NRT",
        "bright_ti5": 303.61,
        "frp": 3.64,
        "daynight": "D",
        "source_dataset": "VIIRS_SNPP_NRT",
        "acq_datetime_utc": "2026-10-08T13:08:00Z",
        "age_hours": 19.8,
        "confidence_label": "nominal",
        "popup_label": "<strong>NASA FIRMS<\/strong><br>Sensor: VIIRS_SNPP_NRT<br>Fecha UTC: 2026-10-08T13:08:00Z<br>Confianza: nominal<br>FRP: 3.64 MW"
      }
    },
    {
      "type": "Feature",
      "geometry": {
        "type": "Point",
        "coordinates": [3.1683, 32.5538]
      },
      "properties": {
        "bright_ti4": 345.91,
        "scan": 0.39,
        "track": 0.36,
        "acq_date": "2026-10-08",
        "acq_time": "1308",
        "satellite": "N",
        "instrument": "VIIRS",
        "confidence": "n",
        "version": "2.0NRT",
        "bright_ti5": 313.2,
        "frp": 5.97,
        "daynight": "D",
        "source_dataset": "VIIRS_SNPP_NRT",
        "acq_datetime_utc": "2026-10-08T13:08:00Z",
        "age_hours": 19.8,
        "confidence_label": "nominal",
        "popup_label": "<strong>NASA FIRMS<\/strong><br>Sensor: VIIRS_SNPP_NRT<br>Fecha UTC: 2026-10-08T13:08:00Z<br>Confianza: nominal<br>FRP: 5.97 MW"
      }
    },
    {
      "type": "Feature",
      "geometry": {
        "type": "Point",
        "coordinates": [3.2362, 32.9346]
      },
      "properties": {
        "bright_ti4": 335.7,
        "scan": 0.39,
        "track": 0.36,
        "acq_date": "2026-10-08",
        "acq_time": "1308",
        "satellite": "N",
        "instrument": "VIIRS",
        "confidence": "l",
        "version": "2.0NRT",
        "bright_ti5": 306.53,
        "frp": 1.87,
        "daynight": "D",
        "source_dataset": "VIIRS_SNPP_NRT",
        "acq_datetime_utc": "2026-10-08T13:08:00Z",
        "age_hours": 19.8,
        "confidence_label": "baja",
        "popup_label": "<strong>NASA FIRMS<\/strong><br>Sensor: VIIRS_SNPP_NRT<br>Fecha UTC: 2026-10-08T13:08:00Z<br>Confianza: baja<br>FRP: 1.87 MW"
      }
    },
    {
      "type": "Feature",
      "geometry": {
        "type": "Point",
        "coordinates": [-6.8873, 33.8231]
      },
      "properties": {
        "bright_ti4": 333.16,
        "scan": 0.53,
        "track": 0.5,
        "acq_date": "2026-10-08",
        "acq_time": "1308",
        "satellite": "N",
        "instrument": "VIIRS",
        "confidence": "n",
        "version": "2.0NRT",
        "bright_ti5": 295.45,
        "frp": 2.23,
        "daynight": "D",
        "source_dataset": "VIIRS_SNPP_NRT",
        "acq_datetime_utc": "2026-10-08T13:08:00Z",
        "age_hours": 19.8,
        "confidence_label": "nominal",
        "popup_label": "<strong>NASA FIRMS<\/strong><br>Sensor: VIIRS_SNPP_NRT<br>Fecha UTC: 2026-10-08T13:08:00Z<br>Confianza: nominal<br>FRP: 2.23 MW"
      }
    },
    {
      "type": "Feature",
      "geometry": {
        "type": "Point",
        "coordinates": [4.3997, 34.7796]
      },
      "properties": {
        "bright_ti4": 343.6,
        "scan": 0.43,
        "track": 0.38,
        "acq_date": "2026-10-08",
        "acq_time": "1308",
        "satellite": "N",
        "instrument": "VIIRS",
        "confidence": "n",
        "version": "2.0NRT",
        "bright_ti5": 305.25,
        "frp": 4.8,
        "daynight": "D",
        "source_dataset": "VIIRS_SNPP_NRT",
        "acq_datetime_utc": "2026-10-08T13:08:00Z",
        "age_hours": 19.8,
        "confidence_label": "nominal",
        "popup_label": "<strong>NASA FIRMS<\/strong><br>Sensor: VIIRS_SNPP_NRT<br>Fecha UTC: 2026-10-08T13:08:00Z<br>Confianza: nominal<br>FRP: 4.8 MW"
      }
    },
    {
      "type": "Feature",
      "geometry": {
        "type": "Point",
        "coordinates": [4.4013, 34.7797]
      },
      "properties": {
        "bright_ti4": 343.22,
        "scan": 0.43,
        "track": 0.38,
        "acq_date": "2026-10-08",
        "acq_time": "1308",
        "satellite": "N",
        "instrument": "VIIRS",
        "confidence": "n",
        "version": "2.0NRT",
        "bright_ti5": 306.17,
        "frp": 6.56,
        "daynight": "D",
        "source_dataset": "VIIRS_SNPP_NRT",
        "acq_datetime_utc": "2026-10-08T13:08:00Z",
        "age_hours": 19.8,
        "confidence_label": "nominal",
        "popup_label": "<strong>NASA FIRMS<\/strong><br>Sensor: VIIRS_SNPP_NRT<br>Fecha UTC: 2026-10-08T13:08:00Z<br>Confianza: nominal<br>FRP: 6.56 MW"
      }
    },
    {
      "type": "Feature",
      "geometry": {
        "type": "Point",
        "coordinates": [1.2437, 36.1283]
      },
      "properties": {
        "bright_ti4": 331.03,
        "scan": 0.38,
        "track": 0.36,
        "acq_date": "2026-10-08",
        "acq_time": "1308",
        "satellite": "N",
        "instrument": "VIIRS",
        "confidence": "l",
        "version": "2.0NRT",
        "bright_ti5": 301.36,
        "frp": 2.26,
        "daynight": "D",
        "source_dataset": "VIIRS_SNPP_NRT",
        "acq_datetime_utc": "2026-10-08T13:08:00Z",
        "age_hours": 19.8,
        "confidence_label": "baja",
        "popup_label": "<strong>NASA FIRMS<\/strong><br>Sensor: VIIRS_SNPP_NRT<br>Fecha UTC: 2026-10-08T13:08:00Z<br>Confianza: baja<br>FRP: 2.26 MW"
      }
    },
    {
      "type": "Feature",
      "geometry": {
        "type": "Point",
        "coordinates": [3.0162, 36.6722]
      },
      "properties": {
        "bright_ti4": 335.39,
        "scan": 0.41,
        "track": 0.37,
        "acq_date": "2026-10-08",
        "acq_time": "1308",
        "satellite": "N",
        "instrument": "VIIRS",
        "confidence": "n",
        "version": "2.0NRT",
        "bright_ti5": 277.17,
        "frp": 2.81,
        "daynight": "D",
        "source_dataset": "VIIRS_SNPP_NRT",
        "acq_datetime_utc": "2026-10-08T13:08:00Z",
        "age_hours": 19.8,
        "confidence_label": "nominal",
        "popup_label": "<strong>NASA FIRMS<\/strong><br>Sensor: VIIRS_SNPP_NRT<br>Fecha UTC: 2026-10-08T13:08:00Z<br>Confianza: nominal<br>FRP: 2.81 MW"
      }
    },
    {
      "type": "Feature",
      "geometry": {
        "type": "Point",
        "coordinates": [4.1539, 36.8263]
      },
      "properties": {
        "bright_ti4": 342.9,
        "scan": 0.44,
        "track": 0.39,
        "acq_date": "2026-10-08",
        "acq_time": "1308",
        "satellite": "N",
        "instrument": "VIIRS",
        "confidence": "n",
        "version": "2.0NRT",
        "bright_ti5": 296.17,
        "frp": 5.94,
        "daynight": "D",
        "source_dataset": "VIIRS_SNPP_NRT",
        "acq_datetime_utc": "2026-10-08T13:08:00Z",
        "age_hours": 19.8,
        "confidence_label": "nominal",
        "popup_label": "<strong>NASA FIRMS<\/strong><br>Sensor: VIIRS_SNPP_NRT<br>Fecha UTC: 2026-10-08T13:08:00Z<br>Confianza: nominal<br>FRP: 5.94 MW"
      }
    },
    {
      "type": "Feature",
      "geometry": {
        "type": "Point",
        "coordinates": [-5.904, 36.9609]
      },
      "properties": {
        "bright_ti4": 331.49,
        "scan": 0.4,
        "track": 0.44,
        "acq_date": "2026-10-08",
        "acq_time": "1308",
        "satellite": "N",
        "instrument": "VIIRS",
        "confidence": "n",
        "version": "2.0NRT",
        "bright_ti5": 305.78,
        "frp": 2.15,
        "daynight": "D",
        "source_dataset": "VIIRS_SNPP_NRT",
        "acq_datetime_utc": "2026-10-08T13:08:00Z",
        "age_hours": 19.8,
        "confidence_label": "nominal",
        "popup_label": "<strong>NASA FIRMS<\/strong><br>Sensor: VIIRS_SNPP_NRT<br>Fecha UTC: 2026-10-08T13:08:00Z<br>Confianza: nominal<br>FRP: 2.15 MW"
      }
    },
    {
      "type": "Feature",
      "geometry": {
        "type": "Point",
        "coordinates": [-6.3751, 37.4449]
      },
      "properties": {
        "bright_ti4": 337.28,
        "scan": 0.41,
        "track": 0.45,
        "acq_date": "2026-10-08",
        "acq_time": "1308",
        "satellite": "N",
        "instrument": "VIIRS",
        "confidence": "n",
        "version": "2.0NRT",
        "bright_ti5": 303.91,
        "frp": 2.97,
        "daynight": "D",
        "source_dataset": "VIIRS_SNPP_NRT",
        "acq_datetime_utc": "2026-10-08T13:08:00Z",
        "age_hours": 19.8,
        "confidence_label": "nominal",
        "popup_label": "<strong>NASA FIRMS<\/strong><br>Sensor: VIIRS_SNPP_NRT<br>Fecha UTC: 2026-10-08T13:08:00Z<br>Confianza: nominal<br>FRP: 2.97 MW"
      }
    },
    {
      "type": "Feature",
      "geometry": {
        "type": "Point",
        "coordinates": [-4.5294, 37.7584]
      },
      "properties": {
        "bright_ti4": 345.89,
        "scan": 0.5,
        "track": 0.41,
        "acq_date": "2026-10-08",
        "acq_time": "1308",
        "satellite": "N",
        "instrument": "VIIRS",
        "confidence": "n",
        "version": "2.0NRT",
        "bright_ti5": 300.98,
        "frp": 6.23,
        "daynight": "D",
        "source_dataset": "VIIRS_SNPP_NRT",
        "acq_datetime_utc": "2026-10-08T13:08:00Z",
        "age_hours": 19.8,
        "confidence_label": "nominal",
        "popup_label": "<strong>NASA FIRMS<\/strong><br>Sensor: VIIRS_SNPP_NRT<br>Fecha UTC: 2026-10-08T13:08:00Z<br>Confianza: nominal<br>FRP: 6.23 MW"
      }
    },
    {
      "type": "Feature",
      "geometry": {
        "type": "Point",
        "coordinates": [-3.9623, 38.0657]
      },
      "properties": {
        "bright_ti4": 335,
        "scan": 0.47,
        "track": 0.4,
        "acq_date": "2026-10-08",
        "acq_time": "1308",
        "satellite": "N",
        "instrument": "VIIRS",
        "confidence": "n",
        "version": "2.0NRT",
        "bright_ti5": 296.96,
        "frp": 1.63,
        "daynight": "D",
        "source_dataset": "VIIRS_SNPP_NRT",
        "acq_datetime_utc": "2026-10-08T13:08:00Z",
        "age_hours": 19.8,
        "confidence_label": "nominal",
        "popup_label": "<strong>NASA FIRMS<\/strong><br>Sensor: VIIRS_SNPP_NRT<br>Fecha UTC: 2026-10-08T13:08:00Z<br>Confianza: nominal<br>FRP: 1.63 MW"
      }
    },
    {
      "type": "Feature",
      "geometry": {
        "type": "Point",
        "coordinates": [-1.6886, 38.2607]
      },
      "properties": {
        "bright_ti4": 336.18,
        "scan": 0.4,
        "track": 0.37,
        "acq_date": "2026-10-08",
        "acq_time": "1308",
        "satellite": "N",
        "instrument": "VIIRS",
        "confidence": "n",
        "version": "2.0NRT",
        "bright_ti5": 298.32,
        "frp": 2.06,
        "daynight": "D",
        "source_dataset": "VIIRS_SNPP_NRT",
        "acq_datetime_utc": "2026-10-08T13:08:00Z",
        "age_hours": 19.8,
        "confidence_label": "nominal",
        "popup_label": "<strong>NASA FIRMS<\/strong><br>Sensor: VIIRS_SNPP_NRT<br>Fecha UTC: 2026-10-08T13:08:00Z<br>Confianza: nominal<br>FRP: 2.06 MW"
      }
    },
    {
      "type": "Feature",
      "geometry": {
        "type": "Point",
        "coordinates": [0.6983, 29.293]
      },
      "properties": {
        "bright_ti4": 347.08,
        "scan": 0.41,
        "track": 0.37,
        "acq_date": "2026-10-08",
        "acq_time": "1306",
        "satellite": "N",
        "instrument": "VIIRS",
        "confidence": "n",
        "version": "2.0NRT",
        "bright_ti5": 307.28,
        "frp": 6.68,
        "daynight": "D",
        "source_dataset": "VIIRS_SNPP_NRT",
        "acq_datetime_utc": "2026-10-08T13:06:00Z",
        "age_hours": 19.8,
        "confidence_label": "nominal",
        "popup_label": "<strong>NASA FIRMS<\/strong><br>Sensor: VIIRS_SNPP_NRT<br>Fecha UTC: 2026-10-08T13:06:00Z<br>Confianza: nominal<br>FRP: 6.68 MW"
      }
    },
    {
      "type": "Feature",
      "geometry": {
        "type": "Point",
        "coordinates": [-3.4739, 40.2444]
      },
      "properties": {
        "bright_ti4": 314.28,
        "scan": 0.59,
        "track": 0.7,
        "acq_date": "2026-10-08",
        "acq_time": "0328",
        "satellite": "N",
        "instrument": "VIIRS",
        "confidence": "n",
        "version": "2.0NRT",
        "bright_ti5": 282.63,
        "frp": 2.72,
        "daynight": "N",
        "source_dataset": "VIIRS_SNPP_NRT",
        "acq_datetime_utc": "2026-10-08T03:28:00Z",
        "age_hours": 29.5,
        "confidence_label": "nominal",
        "popup_label": "<strong>NASA FIRMS<\/strong><br>Sensor: VIIRS_SNPP_NRT<br>Fecha UTC: 2026-10-08T03:28:00Z<br>Confianza: nominal<br>FRP: 2.72 MW"
      }
    },
    {
      "type": "Feature",
      "geometry": {
        "type": "Point",
        "coordinates": [-3.4718, 40.2446]
      },
      "properties": {
        "bright_ti4": 312.65,
        "scan": 0.6,
        "track": 0.7,
        "acq_date": "2026-10-08",
        "acq_time": "0328",
        "satellite": "N",
        "instrument": "VIIRS",
        "confidence": "n",
        "version": "2.0NRT",
        "bright_ti5": 282.6,
        "frp": 2.1,
        "daynight": "N",
        "source_dataset": "VIIRS_SNPP_NRT",
        "acq_datetime_utc": "2026-10-08T03:28:00Z",
        "age_hours": 29.5,
        "confidence_label": "nominal",
        "popup_label": "<strong>NASA FIRMS<\/strong><br>Sensor: VIIRS_SNPP_NRT<br>Fecha UTC: 2026-10-08T03:28:00Z<br>Confianza: nominal<br>FRP: 2.1 MW"
      }
    },
    {
      "type": "Feature",
      "geometry": {
        "type": "Point",
        "coordinates": [0.1796, 41.9248]
      },
      "properties": {
        "bright_ti4": 316.99,
        "scan": 0.77,
        "track": 0.78,
        "acq_date": "2026-10-08",
        "acq_time": "0325",
        "satellite": "N",
        "instrument": "VIIRS",
        "confidence": "n",
        "version": "2.0NRT",
        "bright_ti5": 281.34,
        "frp": 3.35,
        "daynight": "N",
        "source_dataset": "VIIRS_SNPP_NRT",
        "acq_datetime_utc": "2026-10-08T03:25:00Z",
        "age_hours": 29.5,
        "confidence_label": "nominal",
        "popup_label": "<strong>NASA FIRMS<\/strong><br>Sensor: VIIRS_SNPP_NRT<br>Fecha UTC: 2026-10-08T03:25:00Z<br>Confianza: nominal<br>FRP: 3.35 MW"
      }
    },
    {
      "type": "Feature",
      "geometry": {
        "type": "Point",
        "coordinates": [0.3076, 27.7644]
      },
      "properties": {
        "bright_ti4": 332.82,
        "scan": 0.39,
        "track": 0.36,
        "acq_date": "2026-10-08",
        "acq_time": "0149",
        "satellite": "N",
        "instrument": "VIIRS",
        "confidence": "n",
        "version": "2.0NRT",
        "bright_ti5": 288.26,
        "frp": 8.79,
        "daynight": "N",
        "source_dataset": "VIIRS_SNPP_NRT",
        "acq_datetime_utc": "2026-10-08T01:49:00Z",
        "age_hours": 31.1,
        "confidence_label": "nominal",
        "popup_label": "<strong>NASA FIRMS<\/strong><br>Sensor: VIIRS_SNPP_NRT<br>Fecha UTC: 2026-10-08T01:49:00Z<br>Confianza: nominal<br>FRP: 8.79 MW"
      }
    },
    {
      "type": "Feature",
      "geometry": {
        "type": "Point",
        "coordinates": [3.9877, 32.2772]
      },
      "properties": {
        "bright_ti4": 305.72,
        "scan": 0.39,
        "track": 0.36,
        "acq_date": "2026-10-08",
        "acq_time": "0149",
        "satellite": "N",
        "instrument": "VIIRS",
        "confidence": "n",
        "version": "2.0NRT",
        "bright_ti5": 279.35,
        "frp": 1.78,
        "daynight": "N",
        "source_dataset": "VIIRS_SNPP_NRT",
        "acq_datetime_utc": "2026-10-08T01:49:00Z",
        "age_hours": 31.1,
        "confidence_label": "nominal",
        "popup_label": "<strong>NASA FIRMS<\/strong><br>Sensor: VIIRS_SNPP_NRT<br>Fecha UTC: 2026-10-08T01:49:00Z<br>Confianza: nominal<br>FRP: 1.78 MW"
      }
    },
    {
      "type": "Feature",
      "geometry": {
        "type": "Point",
        "coordinates": [4.0063, 32.4004]
      },
      "properties": {
        "bright_ti4": 305.89,
        "scan": 0.39,
        "track": 0.36,
        "acq_date": "2026-10-08",
        "acq_time": "0147",
        "satellite": "N",
        "instrument": "VIIRS",
        "confidence": "n",
        "version": "2.0NRT",
        "bright_ti5": 288.75,
        "frp": 1.02,
        "daynight": "N",
        "source_dataset": "VIIRS_SNPP_NRT",
        "acq_datetime_utc": "2026-10-08T01:47:00Z",
        "age_hours": 31.2,
        "confidence_label": "nominal",
        "popup_label": "<strong>NASA FIRMS<\/strong><br>Sensor: VIIRS_SNPP_NRT<br>Fecha UTC: 2026-10-08T01:47:00Z<br>Confianza: nominal<br>FRP: 1.02 MW"
      }
    },
    {
      "type": "Feature",
      "geometry": {
        "type": "Point",
        "coordinates": [3.1707, 32.5547]
      },
      "properties": {
        "bright_ti4": 326.37,
        "scan": 0.38,
        "track": 0.36,
        "acq_date": "2026-10-08",
        "acq_time": "0147",
        "satellite": "N",
        "instrument": "VIIRS",
        "confidence": "n",
        "version": "2.0NRT",
        "bright_ti5": 288.8,
        "frp": 2.69,
        "daynight": "N",
        "source_dataset": "VIIRS_SNPP_NRT",
        "acq_datetime_utc": "2026-10-08T01:47:00Z",
        "age_hours": 31.2,
        "confidence_label": "nominal",
        "popup_label": "<strong>NASA FIRMS<\/strong><br>Sensor: VIIRS_SNPP_NRT<br>Fecha UTC: 2026-10-08T01:47:00Z<br>Confianza: nominal<br>FRP: 2.69 MW"
      }
    },
    {
      "type": "Feature",
      "geometry": {
        "type": "Point",
        "coordinates": [3.1666, 32.5553]
      },
      "properties": {
        "bright_ti4": 328.18,
        "scan": 0.38,
        "track": 0.36,
        "acq_date": "2026-10-08",
        "acq_time": "0147",
        "satellite": "N",
        "instrument": "VIIRS",
        "confidence": "n",
        "version": "2.0NRT",
        "bright_ti5": 287.95,
        "frp": 3.59,
        "daynight": "N",
        "source_dataset": "VIIRS_SNPP_NRT",
        "acq_datetime_utc": "2026-10-08T01:47:00Z",
        "age_hours": 31.2,
        "confidence_label": "nominal",
        "popup_label": "<strong>NASA FIRMS<\/strong><br>Sensor: VIIRS_SNPP_NRT<br>Fecha UTC: 2026-10-08T01:47:00Z<br>Confianza: nominal<br>FRP: 3.59 MW"
      }
    },
    {
      "type": "Feature",
      "geometry": {
        "type": "Point",
        "coordinates": [3.1818, 32.7462]
      },
      "properties": {
        "bright_ti4": 312.24,
        "scan": 0.38,
        "track": 0.36,
        "acq_date": "2026-10-08",
        "acq_time": "0147",
        "satellite": "N",
        "instrument": "VIIRS",
        "confidence": "n",
        "version": "2.0NRT",
        "bright_ti5": 285.58,
        "frp": 1.15,
        "daynight": "N",
        "source_dataset": "VIIRS_SNPP_NRT",
        "acq_datetime_utc": "2026-10-08T01:47:00Z",
        "age_hours": 31.2,
        "confidence_label": "nominal",
        "popup_label": "<strong>NASA FIRMS<\/strong><br>Sensor: VIIRS_SNPP_NRT<br>Fecha UTC: 2026-10-08T01:47:00Z<br>Confianza: nominal<br>FRP: 1.15 MW"
      }
    },
    {
      "type": "Feature",
      "geometry": {
        "type": "Point",
        "coordinates": [3.2392, 32.8386]
      },
      "properties": {
        "bright_ti4": 299.42,
        "scan": 0.38,
        "track": 0.36,
        "acq_date": "2026-10-08",
        "acq_time": "0147",
        "satellite": "N",
        "instrument": "VIIRS",
        "confidence": "n",
        "version": "2.0NRT",
        "bright_ti5": 286.25,
        "frp": 0.36,
        "daynight": "N",
        "source_dataset": "VIIRS_SNPP_NRT",
        "acq_datetime_utc": "2026-10-08T01:47:00Z",
        "age_hours": 31.2,
        "confidence_label": "nominal",
        "popup_label": "<strong>NASA FIRMS<\/strong><br>Sensor: VIIRS_SNPP_NRT<br>Fecha UTC: 2026-10-08T01:47:00Z<br>Confianza: nominal<br>FRP: 0.36 MW"
      }
    },
    {
      "type": "Feature",
      "geometry": {
        "type": "Point",
        "coordinates": [3.2456, 32.9293]
      },
      "properties": {
        "bright_ti4": 297.71,
        "scan": 0.38,
        "track": 0.36,
        "acq_date": "2026-10-08",
        "acq_time": "0147",
        "satellite": "N",
        "instrument": "VIIRS",
        "confidence": "n",
        "version": "2.0NRT",
        "bright_ti5": 286.01,
        "frp": 0.53,
        "daynight": "N",
        "source_dataset": "VIIRS_SNPP_NRT",
        "acq_datetime_utc": "2026-10-08T01:47:00Z",
        "age_hours": 31.2,
        "confidence_label": "nominal",
        "popup_label": "<strong>NASA FIRMS<\/strong><br>Sensor: VIIRS_SNPP_NRT<br>Fecha UTC: 2026-10-08T01:47:00Z<br>Confianza: nominal<br>FRP: 0.53 MW"
      }
    },
    {
      "type": "Feature",
      "geometry": {
        "type": "Point",
        "coordinates": [3.2374, 32.9306]
      },
      "properties": {
        "bright_ti4": 295.54,
        "scan": 0.38,
        "track": 0.36,
        "acq_date": "2026-10-08",
        "acq_time": "0147",
        "satellite": "N",
        "instrument": "VIIRS",
        "confidence": "n",
        "version": "2.0NRT",
        "bright_ti5": 283.88,
        "frp": 0.27,
        "daynight": "N",
        "source_dataset": "VIIRS_SNPP_NRT",
        "acq_datetime_utc": "2026-10-08T01:47:00Z",
        "age_hours": 31.2,
        "confidence_label": "nominal",
        "popup_label": "<strong>NASA FIRMS<\/strong><br>Sensor: VIIRS_SNPP_NRT<br>Fecha UTC: 2026-10-08T01:47:00Z<br>Confianza: nominal<br>FRP: 0.27 MW"
      }
    },
    {
      "type": "Feature",
      "geometry": {
        "type": "Point",
        "coordinates": [3.2333, 32.9313]
      },
      "properties": {
        "bright_ti4": 296.74,
        "scan": 0.38,
        "track": 0.36,
        "acq_date": "2026-10-08",
        "acq_time": "0147",
        "satellite": "N",
        "instrument": "VIIRS",
        "confidence": "n",
        "version": "2.0NRT",
        "bright_ti5": 281.92,
        "frp": 0.27,
        "daynight": "N",
        "source_dataset": "VIIRS_SNPP_NRT",
        "acq_datetime_utc": "2026-10-08T01:47:00Z",
        "age_hours": 31.2,
        "confidence_label": "nominal",
        "popup_label": "<strong>NASA FIRMS<\/strong><br>Sensor: VIIRS_SNPP_NRT<br>Fecha UTC: 2026-10-08T01:47:00Z<br>Confianza: nominal<br>FRP: 0.27 MW"
      }
    },
    {
      "type": "Feature",
      "geometry": {
        "type": "Point",
        "coordinates": [3.2292, 32.9319]
      },
      "properties": {
        "bright_ti4": 300.1,
        "scan": 0.38,
        "track": 0.36,
        "acq_date": "2026-10-08",
        "acq_time": "0147",
        "satellite": "N",
        "instrument": "VIIRS",
        "confidence": "n",
        "version": "2.0NRT",
        "bright_ti5": 284.84,
        "frp": 0.62,
        "daynight": "N",
        "source_dataset": "VIIRS_SNPP_NRT",
        "acq_datetime_utc": "2026-10-08T01:47:00Z",
        "age_hours": 31.2,
        "confidence_label": "nominal",
        "popup_label": "<strong>NASA FIRMS<\/strong><br>Sensor: VIIRS_SNPP_NRT<br>Fecha UTC: 2026-10-08T01:47:00Z<br>Confianza: nominal<br>FRP: 0.62 MW"
      }
    },
    {
      "type": "Feature",
      "geometry": {
        "type": "Point",
        "coordinates": [3.2251, 32.9326]
      },
      "properties": {
        "bright_ti4": 309.82,
        "scan": 0.38,
        "track": 0.36,
        "acq_date": "2026-10-08",
        "acq_time": "0147",
        "satellite": "N",
        "instrument": "VIIRS",
        "confidence": "n",
        "version": "2.0NRT",
        "bright_ti5": 288.25,
        "frp": 0.62,
        "daynight": "N",
        "source_dataset": "VIIRS_SNPP_NRT",
        "acq_datetime_utc": "2026-10-08T01:47:00Z",
        "age_hours": 31.2,
        "confidence_label": "nominal",
        "popup_label": "<strong>NASA FIRMS<\/strong><br>Sensor: VIIRS_SNPP_NRT<br>Fecha UTC: 2026-10-08T01:47:00Z<br>Confianza: nominal<br>FRP: 0.62 MW"
      }
    },
    {
      "type": "Feature",
      "geometry": {
        "type": "Point",
        "coordinates": [3.234, 32.9346]
      },
      "properties": {
        "bright_ti4": 311.81,
        "scan": 0.38,
        "track": 0.36,
        "acq_date": "2026-10-08",
        "acq_time": "0147",
        "satellite": "N",
        "instrument": "VIIRS",
        "confidence": "n",
        "version": "2.0NRT",
        "bright_ti5": 283.53,
        "frp": 0.98,
        "daynight": "N",
        "source_dataset": "VIIRS_SNPP_NRT",
        "acq_datetime_utc": "2026-10-08T01:47:00Z",
        "age_hours": 31.2,
        "confidence_label": "nominal",
        "popup_label": "<strong>NASA FIRMS<\/strong><br>Sensor: VIIRS_SNPP_NRT<br>Fecha UTC: 2026-10-08T01:47:00Z<br>Confianza: nominal<br>FRP: 0.98 MW"
      }
    },
    {
      "type": "Feature",
      "geometry": {
        "type": "Point",
        "coordinates": [3.224, 32.9464]
      },
      "properties": {
        "bright_ti4": 298.3,
        "scan": 0.38,
        "track": 0.36,
        "acq_date": "2026-10-08",
        "acq_time": "0147",
        "satellite": "N",
        "instrument": "VIIRS",
        "confidence": "n",
        "version": "2.0NRT",
        "bright_ti5": 285.01,
        "frp": 0.36,
        "daynight": "N",
        "source_dataset": "VIIRS_SNPP_NRT",
        "acq_datetime_utc": "2026-10-08T01:47:00Z",
        "age_hours": 31.2,
        "confidence_label": "nominal",
        "popup_label": "<strong>NASA FIRMS<\/strong><br>Sensor: VIIRS_SNPP_NRT<br>Fecha UTC: 2026-10-08T01:47:00Z<br>Confianza: nominal<br>FRP: 0.36 MW"
      }
    },
    {
      "type": "Feature",
      "geometry": {
        "type": "Point",
        "coordinates": [3.2199, 32.9471]
      },
      "properties": {
        "bright_ti4": 300.07,
        "scan": 0.38,
        "track": 0.36,
        "acq_date": "2026-10-08",
        "acq_time": "0147",
        "satellite": "N",
        "instrument": "VIIRS",
        "confidence": "n",
        "version": "2.0NRT",
        "bright_ti5": 287.36,
        "frp": 0.36,
        "daynight": "N",
        "source_dataset": "VIIRS_SNPP_NRT",
        "acq_datetime_utc": "2026-10-08T01:47:00Z",
        "age_hours": 31.2,
        "confidence_label": "nominal",
        "popup_label": "<strong>NASA FIRMS<\/strong><br>Sensor: VIIRS_SNPP_NRT<br>Fecha UTC: 2026-10-08T01:47:00Z<br>Confianza: nominal<br>FRP: 0.36 MW"
      }
    },
    {
      "type": "Feature",
      "geometry": {
        "type": "Point",
        "coordinates": [3.2289, 32.949]
      },
      "properties": {
        "bright_ti4": 300.33,
        "scan": 0.38,
        "track": 0.36,
        "acq_date": "2026-10-08",
        "acq_time": "0147",
        "satellite": "N",
        "instrument": "VIIRS",
        "confidence": "n",
        "version": "2.0NRT",
        "bright_ti5": 284.19,
        "frp": 0.34,
        "daynight": "N",
        "source_dataset": "VIIRS_SNPP_NRT",
        "acq_datetime_utc": "2026-10-08T01:47:00Z",
        "age_hours": 31.2,
        "confidence_label": "nominal",
        "popup_label": "<strong>NASA FIRMS<\/strong><br>Sensor: VIIRS_SNPP_NRT<br>Fecha UTC: 2026-10-08T01:47:00Z<br>Confianza: nominal<br>FRP: 0.34 MW"
      }
    },
    {
      "type": "Feature",
      "geometry": {
        "type": "Point",
        "coordinates": [3.3211, 33.1242]
      },
      "properties": {
        "bright_ti4": 318.84,
        "scan": 0.38,
        "track": 0.36,
        "acq_date": "2026-10-08",
        "acq_time": "0147",
        "satellite": "N",
        "instrument": "VIIRS",
        "confidence": "n",
        "version": "2.0NRT",
        "bright_ti5": 287.96,
        "frp": 0.84,
        "daynight": "N",
        "source_dataset": "VIIRS_SNPP_NRT",
        "acq_datetime_utc": "2026-10-08T01:47:00Z",
        "age_hours": 31.2,
        "confidence_label": "nominal",
        "popup_label": "<strong>NASA FIRMS<\/strong><br>Sensor: VIIRS_SNPP_NRT<br>Fecha UTC: 2026-10-08T01:47:00Z<br>Confianza: nominal<br>FRP: 0.84 MW"
      }
    },
    {
      "type": "Feature",
      "geometry": {
        "type": "Point",
        "coordinates": [3.3171, 33.1249]
      },
      "properties": {
        "bright_ti4": 306.37,
        "scan": 0.38,
        "track": 0.36,
        "acq_date": "2026-10-08",
        "acq_time": "0147",
        "satellite": "N",
        "instrument": "VIIRS",
        "confidence": "n",
        "version": "2.0NRT",
        "bright_ti5": 287.35,
        "frp": 0.84,
        "daynight": "N",
        "source_dataset": "VIIRS_SNPP_NRT",
        "acq_datetime_utc": "2026-10-08T01:47:00Z",
        "age_hours": 31.2,
        "confidence_label": "nominal",
        "popup_label": "<strong>NASA FIRMS<\/strong><br>Sensor: VIIRS_SNPP_NRT<br>Fecha UTC: 2026-10-08T01:47:00Z<br>Confianza: nominal<br>FRP: 0.84 MW"
      }
    },
    {
      "type": "Feature",
      "geometry": {
        "type": "Point",
        "coordinates": [3.3219, 33.1275]
      },
      "properties": {
        "bright_ti4": 302.1,
        "scan": 0.38,
        "track": 0.36,
        "acq_date": "2026-10-08",
        "acq_time": "0147",
        "satellite": "N",
        "instrument": "VIIRS",
        "confidence": "n",
        "version": "2.0NRT",
        "bright_ti5": 287.96,
        "frp": 0.84,
        "daynight": "N",
        "source_dataset": "VIIRS_SNPP_NRT",
        "acq_datetime_utc": "2026-10-08T01:47:00Z",
        "age_hours": 31.2,
        "confidence_label": "nominal",
        "popup_label": "<strong>NASA FIRMS<\/strong><br>Sensor: VIIRS_SNPP_NRT<br>Fecha UTC: 2026-10-08T01:47:00Z<br>Confianza: nominal<br>FRP: 0.84 MW"
      }
    },
    {
      "type": "Feature",
      "geometry": {
        "type": "Point",
        "coordinates": [3.3178, 33.1282]
      },
      "properties": {
        "bright_ti4": 318.73,
        "scan": 0.38,
        "track": 0.36,
        "acq_date": "2026-10-08",
        "acq_time": "0147",
        "satellite": "N",
        "instrument": "VIIRS",
        "confidence": "n",
        "version": "2.0NRT",
        "bright_ti5": 288.19,
        "frp": 0.84,
        "daynight": "N",
        "source_dataset": "VIIRS_SNPP_NRT",
        "acq_datetime_utc": "2026-10-08T01:47:00Z",
        "age_hours": 31.2,
        "confidence_label": "nominal",
        "popup_label": "<strong>NASA FIRMS<\/strong><br>Sensor: VIIRS_SNPP_NRT<br>Fecha UTC: 2026-10-08T01:47:00Z<br>Confianza: nominal<br>FRP: 0.84 MW"
      }
    },
    {
      "type": "Feature",
      "geometry": {
        "type": "Point",
        "coordinates": [3.3707, 33.1368]
      },
      "properties": {
        "bright_ti4": 303.49,
        "scan": 0.38,
        "track": 0.36,
        "acq_date": "2026-10-08",
        "acq_time": "0147",
        "satellite": "N",
        "instrument": "VIIRS",
        "confidence": "n",
        "version": "2.0NRT",
        "bright_ti5": 286.96,
        "frp": 0.45,
        "daynight": "N",
        "source_dataset": "VIIRS_SNPP_NRT",
        "acq_datetime_utc": "2026-10-08T01:47:00Z",
        "age_hours": 31.2,
        "confidence_label": "nominal",
        "popup_label": "<strong>NASA FIRMS<\/strong><br>Sensor: VIIRS_SNPP_NRT<br>Fecha UTC: 2026-10-08T01:47:00Z<br>Confianza: nominal<br>FRP: 0.45 MW"
      }
    },
    {
      "type": "Feature",
      "geometry": {
        "type": "Point",
        "coordinates": [-2.3492, 34.5958]
      },
      "properties": {
        "bright_ti4": 303.58,
        "scan": 0.57,
        "track": 0.43,
        "acq_date": "2026-10-08",
        "acq_time": "0147",
        "satellite": "N",
        "instrument": "VIIRS",
        "confidence": "n",
        "version": "2.0NRT",
        "bright_ti5": 286.83,
        "frp": 1.01,
        "daynight": "N",
        "source_dataset": "VIIRS_SNPP_NRT",
        "acq_datetime_utc": "2026-10-08T01:47:00Z",
        "age_hours": 31.2,
        "confidence_label": "nominal",
        "popup_label": "<strong>NASA FIRMS<\/strong><br>Sensor: VIIRS_SNPP_NRT<br>Fecha UTC: 2026-10-08T01:47:00Z<br>Confianza: nominal<br>FRP: 1.01 MW"
      }
    },
    {
      "type": "Feature",
      "geometry": {
        "type": "Point",
        "coordinates": [-0.3974, 35.4578]
      },
      "properties": {
        "bright_ti4": 301.85,
        "scan": 0.47,
        "track": 0.4,
        "acq_date": "2026-10-08",
        "acq_time": "0147",
        "satellite": "N",
        "instrument": "VIIRS",
        "confidence": "n",
        "version": "2.0NRT",
        "bright_ti5": 285.88,
        "frp": 1.81,
        "daynight": "N",
        "source_dataset": "VIIRS_SNPP_NRT",
        "acq_datetime_utc": "2026-10-08T01:47:00Z",
        "age_hours": 31.2,
        "confidence_label": "nominal",
        "popup_label": "<strong>NASA FIRMS<\/strong><br>Sensor: VIIRS_SNPP_NRT<br>Fecha UTC: 2026-10-08T01:47:00Z<br>Confianza: nominal<br>FRP: 1.81 MW"
      }
    },
    {
      "type": "Feature",
      "geometry": {
        "type": "Point",
        "coordinates": [-0.394, 35.4588]
      },
      "properties": {
        "bright_ti4": 305.83,
        "scan": 0.47,
        "track": 0.4,
        "acq_date": "2026-10-08",
        "acq_time": "0147",
        "satellite": "N",
        "instrument": "VIIRS",
        "confidence": "n",
        "version": "2.0NRT",
        "bright_ti5": 287.78,
        "frp": 1.24,
        "daynight": "N",
        "source_dataset": "VIIRS_SNPP_NRT",
        "acq_datetime_utc": "2026-10-08T01:47:00Z",
        "age_hours": 31.2,
        "confidence_label": "nominal",
        "popup_label": "<strong>NASA FIRMS<\/strong><br>Sensor: VIIRS_SNPP_NRT<br>Fecha UTC: 2026-10-08T01:47:00Z<br>Confianza: nominal<br>FRP: 1.24 MW"
      }
    },
    {
      "type": "Feature",
      "geometry": {
        "type": "Point",
        "coordinates": [4.4773, 35.7094]
      },
      "properties": {
        "bright_ti4": 309.6,
        "scan": 0.39,
        "track": 0.36,
        "acq_date": "2026-10-08",
        "acq_time": "0147",
        "satellite": "N",
        "instrument": "VIIRS",
        "confidence": "n",
        "version": "2.0NRT",
        "bright_ti5": 289.91,
        "frp": 0.91,
        "daynight": "N",
        "source_dataset": "VIIRS_SNPP_NRT",
        "acq_datetime_utc": "2026-10-08T01:47:00Z",
        "age_hours": 31.2,
        "confidence_label": "nominal",
        "popup_label": "<strong>NASA FIRMS<\/strong><br>Sensor: VIIRS_SNPP_NRT<br>Fecha UTC: 2026-10-08T01:47:00Z<br>Confianza: nominal<br>FRP: 0.91 MW"
      }
    },
    {
      "type": "Feature",
      "geometry": {
        "type": "Point",
        "coordinates": [-0.2698, 35.7618]
      },
      "properties": {
        "bright_ti4": 301.42,
        "scan": 0.47,
        "track": 0.4,
        "acq_date": "2026-10-08",
        "acq_time": "0147",
        "satellite": "N",
        "instrument": "VIIRS",
        "confidence": "n",
        "version": "2.0NRT",
        "bright_ti5": 289.51,
        "frp": 1.2,
        "daynight": "N",
        "source_dataset": "VIIRS_SNPP_NRT",
        "acq_datetime_utc": "2026-10-08T01:47:00Z",
        "age_hours": 31.2,
        "confidence_label": "nominal",
        "popup_label": "<strong>NASA FIRMS<\/strong><br>Sensor: VIIRS_SNPP_NRT<br>Fecha UTC: 2026-10-08T01:47:00Z<br>Confianza: nominal<br>FRP: 1.2 MW"
      }
    },
    {
      "type": "Feature",
      "geometry": {
        "type": "Point",
        "coordinates": [-0.2625, 35.7638]
      },
      "properties": {
        "bright_ti4": 301.49,
        "scan": 0.47,
        "track": 0.4,
        "acq_date": "2026-10-08",
        "acq_time": "0147",
        "satellite": "N",
        "instrument": "VIIRS",
        "confidence": "n",
        "version": "2.0NRT",
        "bright_ti5": 289.68,
        "frp": 1.49,
        "daynight": "N",
        "source_dataset": "VIIRS_SNPP_NRT",
        "acq_datetime_utc": "2026-10-08T01:47:00Z",
        "age_hours": 31.2,
        "confidence_label": "nominal",
        "popup_label": "<strong>NASA FIRMS<\/strong><br>Sensor: VIIRS_SNPP_NRT<br>Fecha UTC: 2026-10-08T01:47:00Z<br>Confianza: nominal<br>FRP: 1.49 MW"
      }
    },
    {
      "type": "Feature",
      "geometry": {
        "type": "Point",
        "coordinates": [-0.2671, 35.7681]
      },
      "properties": {
        "bright_ti4": 302.54,
        "scan": 0.47,
        "track": 0.4,
        "acq_date": "2026-10-08",
        "acq_time": "0147",
        "satellite": "N",
        "instrument": "VIIRS",
        "confidence": "n",
        "version": "2.0NRT",
        "bright_ti5": 290.94,
        "frp": 1.49,
        "daynight": "N",
        "source_dataset": "VIIRS_SNPP_NRT",
        "acq_datetime_utc": "2026-10-08T01:47:00Z",
        "age_hours": 31.2,
        "confidence_label": "nominal",
        "popup_label": "<strong>NASA FIRMS<\/strong><br>Sensor: VIIRS_SNPP_NRT<br>Fecha UTC: 2026-10-08T01:47:00Z<br>Confianza: nominal<br>FRP: 1.49 MW"
      }
    },
    {
      "type": "Feature",
      "geometry": {
        "type": "Point",
        "coordinates": [-0.2546, 35.8077]
      },
      "properties": {
        "bright_ti4": 326.57,
        "scan": 0.47,
        "track": 0.4,
        "acq_date": "2026-10-08",
        "acq_time": "0147",
        "satellite": "N",
        "instrument": "VIIRS",
        "confidence": "n",
        "version": "2.0NRT",
        "bright_ti5": 286.66,
        "frp": 3.39,
        "daynight": "N",
        "source_dataset": "VIIRS_SNPP_NRT",
        "acq_datetime_utc": "2026-10-08T01:47:00Z",
        "age_hours": 31.2,
        "confidence_label": "nominal",
        "popup_label": "<strong>NASA FIRMS<\/strong><br>Sensor: VIIRS_SNPP_NRT<br>Fecha UTC: 2026-10-08T01:47:00Z<br>Confianza: nominal<br>FRP: 3.39 MW"
      }
    },
    {
      "type": "Feature",
      "geometry": {
        "type": "Point",
        "coordinates": [1.2404, 36.1278]
      },
      "properties": {
        "bright_ti4": 314.48,
        "scan": 0.42,
        "track": 0.38,
        "acq_date": "2026-10-08",
        "acq_time": "0147",
        "satellite": "N",
        "instrument": "VIIRS",
        "confidence": "n",
        "version": "2.0NRT",
        "bright_ti5": 291.1,
        "frp": 2.1,
        "daynight": "N",
        "source_dataset": "VIIRS_SNPP_NRT",
        "acq_datetime_utc": "2026-10-08T01:47:00Z",
        "age_hours": 31.2,
        "confidence_label": "nominal",
        "popup_label": "<strong>NASA FIRMS<\/strong><br>Sensor: VIIRS_SNPP_NRT<br>Fecha UTC: 2026-10-08T01:47:00Z<br>Confianza: nominal<br>FRP: 2.1 MW"
      }
    },
    {
      "type": "Feature",
      "geometry": {
        "type": "Point",
        "coordinates": [1.2411, 36.1313]
      },
      "properties": {
        "bright_ti4": 303.43,
        "scan": 0.42,
        "track": 0.38,
        "acq_date": "2026-10-08",
        "acq_time": "0147",
        "satellite": "N",
        "instrument": "VIIRS",
        "confidence": "n",
        "version": "2.0NRT",
        "bright_ti5": 289.64,
        "frp": 0.95,
        "daynight": "N",
        "source_dataset": "VIIRS_SNPP_NRT",
        "acq_datetime_utc": "2026-10-08T01:47:00Z",
        "age_hours": 31.2,
        "confidence_label": "nominal",
        "popup_label": "<strong>NASA FIRMS<\/strong><br>Sensor: VIIRS_SNPP_NRT<br>Fecha UTC: 2026-10-08T01:47:00Z<br>Confianza: nominal<br>FRP: 0.95 MW"
      }
    },
    {
      "type": "Feature",
      "geometry": {
        "type": "Point",
        "coordinates": [-1.9064, 36.9644]
      },
      "properties": {
        "bright_ti4": 309.43,
        "scan": 0.38,
        "track": 0.43,
        "acq_date": "2026-10-08",
        "acq_time": "0147",
        "satellite": "N",
        "instrument": "VIIRS",
        "confidence": "n",
        "version": "2.0NRT",
        "bright_ti5": 289.68,
        "frp": 1.02,
        "daynight": "N",
        "source_dataset": "VIIRS_SNPP_NRT",
        "acq_datetime_utc": "2026-10-08T01:47:00Z",
        "age_hours": 31.2,
        "confidence_label": "nominal",
        "popup_label": "<strong>NASA FIRMS<\/strong><br>Sensor: VIIRS_SNPP_NRT<br>Fecha UTC: 2026-10-08T01:47:00Z<br>Confianza: nominal<br>FRP: 1.02 MW"
      }
    },
    {
      "type": "Feature",
      "geometry": {
        "type": "Point",
        "coordinates": [-6.674, 37.3576]
      },
      "properties": {
        "bright_ti4": 303.05,
        "scan": 0.35,
        "track": 0.57,
        "acq_date": "2026-10-08",
        "acq_time": "0147",
        "satellite": "N",
        "instrument": "VIIRS",
        "confidence": "n",
        "version": "2.0NRT",
        "bright_ti5": 286.59,
        "frp": 0.58,
        "daynight": "N",
        "source_dataset": "VIIRS_SNPP_NRT",
        "acq_datetime_utc": "2026-10-08T01:47:00Z",
        "age_hours": 31.2,
        "confidence_label": "nominal",
        "popup_label": "<strong>NASA FIRMS<\/strong><br>Sensor: VIIRS_SNPP_NRT<br>Fecha UTC: 2026-10-08T01:47:00Z<br>Confianza: nominal<br>FRP: 0.58 MW"
      }
    },
    {
      "type": "Feature",
      "geometry": {
        "type": "Point",
        "coordinates": [0.5442, 40.5768]
      },
      "properties": {
        "bright_ti4": 303.32,
        "scan": 0.49,
        "track": 0.4,
        "acq_date": "2026-10-08",
        "acq_time": "0145",
        "satellite": "N",
        "instrument": "VIIRS",
        "confidence": "n",
        "version": "2.0NRT",
        "bright_ti5": 288.86,
        "frp": 1.67,
        "daynight": "N",
        "source_dataset": "VIIRS_SNPP_NRT",
        "acq_datetime_utc": "2026-10-08T01:45:00Z",
        "age_hours": 31.2,
        "confidence_label": "nominal",
        "popup_label": "<strong>NASA FIRMS<\/strong><br>Sensor: VIIRS_SNPP_NRT<br>Fecha UTC: 2026-10-08T01:45:00Z<br>Confianza: nominal<br>FRP: 1.67 MW"
      }
    },
    {
      "type": "Feature",
      "geometry": {
        "type": "Point",
        "coordinates": [1.6644, 41.3123]
      },
      "properties": {
        "bright_ti4": 296.47,
        "scan": 0.45,
        "track": 0.39,
        "acq_date": "2026-10-08",
        "acq_time": "0145",
        "satellite": "N",
        "instrument": "VIIRS",
        "confidence": "n",
        "version": "2.0NRT",
        "bright_ti5": 286.42,
        "frp": 0.42,
        "daynight": "N",
        "source_dataset": "VIIRS_SNPP_NRT",
        "acq_datetime_utc": "2026-10-08T01:45:00Z",
        "age_hours": 31.2,
        "confidence_label": "nominal",
        "popup_label": "<strong>NASA FIRMS<\/strong><br>Sensor: VIIRS_SNPP_NRT<br>Fecha UTC: 2026-10-08T01:45:00Z<br>Confianza: nominal<br>FRP: 0.42 MW"
      }
    },
    {
      "type": "Feature",
      "geometry": {
        "type": "Point",
        "coordinates": [1.9804, 41.4551]
      },
      "properties": {
        "bright_ti4": 300.35,
        "scan": 0.44,
        "track": 0.39,
        "acq_date": "2026-10-08",
        "acq_time": "0145",
        "satellite": "N",
        "instrument": "VIIRS",
        "confidence": "n",
        "version": "2.0NRT",
        "bright_ti5": 287.09,
        "frp": 1.21,
        "daynight": "N",
        "source_dataset": "VIIRS_SNPP_NRT",
        "acq_datetime_utc": "2026-10-08T01:45:00Z",
        "age_hours": 31.2,
        "confidence_label": "nominal",
        "popup_label": "<strong>NASA FIRMS<\/strong><br>Sensor: VIIRS_SNPP_NRT<br>Fecha UTC: 2026-10-08T01:45:00Z<br>Confianza: nominal<br>FRP: 1.21 MW"
      }
    },
    {
      "type": "Feature",
      "geometry": {
        "type": "Point",
        "coordinates": [-1.4859, 41.4736]
      },
      "properties": {
        "bright_ti4": 305.55,
        "scan": 0.41,
        "track": 0.45,
        "acq_date": "2026-10-08",
        "acq_time": "0145",
        "satellite": "N",
        "instrument": "VIIRS",
        "confidence": "n",
        "version": "2.0NRT",
        "bright_ti5": 285.68,
        "frp": 1.36,
        "daynight": "N",
        "source_dataset": "VIIRS_SNPP_NRT",
        "acq_datetime_utc": "2026-10-08T01:45:00Z",
        "age_hours": 31.2,
        "confidence_label": "nominal",
        "popup_label": "<strong>NASA FIRMS<\/strong><br>Sensor: VIIRS_SNPP_NRT<br>Fecha UTC: 2026-10-08T01:45:00Z<br>Confianza: nominal<br>FRP: 1.36 MW"
      }
    },
    {
      "type": "Feature",
      "geometry": {
        "type": "Point",
        "coordinates": [4.851, 43.4514]
      },
      "properties": {
        "bright_ti4": 299.64,
        "scan": 0.39,
        "track": 0.36,
        "acq_date": "2026-10-08",
        "acq_time": "0145",
        "satellite": "N",
        "instrument": "VIIRS",
        "confidence": "n",
        "version": "2.0NRT",
        "bright_ti5": 286.39,
        "frp": 0.51,
        "daynight": "N",
        "source_dataset": "VIIRS_SNPP_NRT",
        "acq_datetime_utc": "2026-10-08T01:45:00Z",
        "age_hours": 31.2,
        "confidence_label": "nominal",
        "popup_label": "<strong>NASA FIRMS<\/strong><br>Sensor: VIIRS_SNPP_NRT<br>Fecha UTC: 2026-10-08T01:45:00Z<br>Confianza: nominal<br>FRP: 0.51 MW"
      }
    },
    {
      "type": "Feature",
      "geometry": {
        "type": "Point",
        "coordinates": [-7.4379, 33.6384]
      },
      "properties": {
        "bright_ti4": 300.62,
        "scan": 0.74,
        "track": 0.76,
        "acq_date": "2026-10-09",
        "acq_time": "0330",
        "satellite": "N20",
        "instrument": "VIIRS",
        "confidence": "n",
        "version": "2.0NRT",
        "bright_ti5": 282.22,
        "frp": 0.64,
        "daynight": "N",
        "source_dataset": "VIIRS_NOAA20_NRT",
        "acq_datetime_utc": "2026-10-09T03:30:00Z",
        "age_hours": 5.4,
        "confidence_label": "nominal",
        "popup_label": "<strong>NASA FIRMS<\/strong><br>Sensor: VIIRS_NOAA20_NRT<br>Fecha UTC: 2026-10-09T03:30:00Z<br>Confianza: nominal<br>FRP: 0.64 MW"
      }
    },
    {
      "type": "Feature",
      "geometry": {
        "type": "Point",
        "coordinates": [-7.4388, 33.6391]
      },
      "properties": {
        "bright_ti4": 297.61,
        "scan": 0.74,
        "track": 0.76,
        "acq_date": "2026-10-09",
        "acq_time": "0330",
        "satellite": "N20",
        "instrument": "VIIRS",
        "confidence": "n",
        "version": "2.0NRT",
        "bright_ti5": 281.75,
        "frp": 3.26,
        "daynight": "N",
        "source_dataset": "VIIRS_NOAA20_NRT",
        "acq_datetime_utc": "2026-10-09T03:30:00Z",
        "age_hours": 5.4,
        "confidence_label": "nominal",
        "popup_label": "<strong>NASA FIRMS<\/strong><br>Sensor: VIIRS_NOAA20_NRT<br>Fecha UTC: 2026-10-09T03:30:00Z<br>Confianza: nominal<br>FRP: 3.26 MW"
      }
    },
    {
      "type": "Feature",
      "geometry": {
        "type": "Point",
        "coordinates": [-3.4813, 40.2452]
      },
      "properties": {
        "bright_ti4": 299.34,
        "scan": 0.75,
        "track": 0.77,
        "acq_date": "2026-10-09",
        "acq_time": "0328",
        "satellite": "N20",
        "instrument": "VIIRS",
        "confidence": "n",
        "version": "2.0NRT",
        "bright_ti5": 278.07,
        "frp": 1.83,
        "daynight": "N",
        "source_dataset": "VIIRS_NOAA20_NRT",
        "acq_datetime_utc": "2026-10-09T03:28:00Z",
        "age_hours": 5.5,
        "confidence_label": "nominal",
        "popup_label": "<strong>NASA FIRMS<\/strong><br>Sensor: VIIRS_NOAA20_NRT<br>Fecha UTC: 2026-10-09T03:28:00Z<br>Confianza: nominal<br>FRP: 1.83 MW"
      }
    },
    {
      "type": "Feature",
      "geometry": {
        "type": "Point",
        "coordinates": [-5.7339, 43.5258]
      },
      "properties": {
        "bright_ti4": 306.53,
        "scan": 0.47,
        "track": 0.64,
        "acq_date": "2026-10-09",
        "acq_time": "0328",
        "satellite": "N20",
        "instrument": "VIIRS",
        "confidence": "n",
        "version": "2.0NRT",
        "bright_ti5": 281.42,
        "frp": 1.14,
        "daynight": "N",
        "source_dataset": "VIIRS_NOAA20_NRT",
        "acq_datetime_utc": "2026-10-09T03:28:00Z",
        "age_hours": 5.5,
        "confidence_label": "nominal",
        "popup_label": "<strong>NASA FIRMS<\/strong><br>Sensor: VIIRS_NOAA20_NRT<br>Fecha UTC: 2026-10-09T03:28:00Z<br>Confianza: nominal<br>FRP: 1.14 MW"
      }
    },
    {
      "type": "Feature",
      "geometry": {
        "type": "Point",
        "coordinates": [-5.7309, 43.5313]
      },
      "properties": {
        "bright_ti4": 295.86,
        "scan": 0.47,
        "track": 0.64,
        "acq_date": "2026-10-09",
        "acq_time": "0328",
        "satellite": "N20",
        "instrument": "VIIRS",
        "confidence": "n",
        "version": "2.0NRT",
        "bright_ti5": 281.22,
        "frp": 1.14,
        "daynight": "N",
        "source_dataset": "VIIRS_NOAA20_NRT",
        "acq_datetime_utc": "2026-10-09T03:28:00Z",
        "age_hours": 5.5,
        "confidence_label": "nominal",
        "popup_label": "<strong>NASA FIRMS<\/strong><br>Sensor: VIIRS_NOAA20_NRT<br>Fecha UTC: 2026-10-09T03:28:00Z<br>Confianza: nominal<br>FRP: 1.14 MW"
      }
    },
    {
      "type": "Feature",
      "geometry": {
        "type": "Point",
        "coordinates": [-5.8311, 43.5428]
      },
      "properties": {
        "bright_ti4": 295.08,
        "scan": 0.46,
        "track": 0.64,
        "acq_date": "2026-10-09",
        "acq_time": "0328",
        "satellite": "N20",
        "instrument": "VIIRS",
        "confidence": "n",
        "version": "2.0NRT",
        "bright_ti5": 281.11,
        "frp": 0.92,
        "daynight": "N",
        "source_dataset": "VIIRS_NOAA20_NRT",
        "acq_datetime_utc": "2026-10-09T03:28:00Z",
        "age_hours": 5.5,
        "confidence_label": "nominal",
        "popup_label": "<strong>NASA FIRMS<\/strong><br>Sensor: VIIRS_NOAA20_NRT<br>Fecha UTC: 2026-10-09T03:28:00Z<br>Confianza: nominal<br>FRP: 0.92 MW"
      }
    },
    {
      "type": "Feature",
      "geometry": {
        "type": "Point",
        "coordinates": [3.9864, 32.2751]
      },
      "properties": {
        "bright_ti4": 316.7,
        "scan": 0.44,
        "track": 0.38,
        "acq_date": "2026-10-09",
        "acq_time": "0149",
        "satellite": "N20",
        "instrument": "VIIRS",
        "confidence": "n",
        "version": "2.0NRT",
        "bright_ti5": 286.15,
        "frp": 1.38,
        "daynight": "N",
        "source_dataset": "VIIRS_NOAA20_NRT",
        "acq_datetime_utc": "2026-10-09T01:49:00Z",
        "age_hours": 7.1,
        "confidence_label": "nominal",
        "popup_label": "<strong>NASA FIRMS<\/strong><br>Sensor: VIIRS_NOAA20_NRT<br>Fecha UTC: 2026-10-09T01:49:00Z<br>Confianza: nominal<br>FRP: 1.38 MW"
      }
    },
    {
      "type": "Feature",
      "geometry": {
        "type": "Point",
        "coordinates": [3.9873, 32.2786]
      },
      "properties": {
        "bright_ti4": 313.08,
        "scan": 0.44,
        "track": 0.38,
        "acq_date": "2026-10-09",
        "acq_time": "0149",
        "satellite": "N20",
        "instrument": "VIIRS",
        "confidence": "n",
        "version": "2.0NRT",
        "bright_ti5": 286.01,
        "frp": 1.38,
        "daynight": "N",
        "source_dataset": "VIIRS_NOAA20_NRT",
        "acq_datetime_utc": "2026-10-09T01:49:00Z",
        "age_hours": 7.1,
        "confidence_label": "nominal",
        "popup_label": "<strong>NASA FIRMS<\/strong><br>Sensor: VIIRS_NOAA20_NRT<br>Fecha UTC: 2026-10-09T01:49:00Z<br>Confianza: nominal<br>FRP: 1.38 MW"
      }
    },
    {
      "type": "Feature",
      "geometry": {
        "type": "Point",
        "coordinates": [4.0074, 32.4028]
      },
      "properties": {
        "bright_ti4": 303.77,
        "scan": 0.44,
        "track": 0.38,
        "acq_date": "2026-10-09",
        "acq_time": "0149",
        "satellite": "N20",
        "instrument": "VIIRS",
        "confidence": "n",
        "version": "2.0NRT",
        "bright_ti5": 285.22,
        "frp": 0.8,
        "daynight": "N",
        "source_dataset": "VIIRS_NOAA20_NRT",
        "acq_datetime_utc": "2026-10-09T01:49:00Z",
        "age_hours": 7.1,
        "confidence_label": "nominal",
        "popup_label": "<strong>NASA FIRMS<\/strong><br>Sensor: VIIRS_NOAA20_NRT<br>Fecha UTC: 2026-10-09T01:49:00Z<br>Confianza: nominal<br>FRP: 0.8 MW"
      }
    },
    {
      "type": "Feature",
      "geometry": {
        "type": "Point",
        "coordinates": [3.1665, 32.5562]
      },
      "properties": {
        "bright_ti4": 328.1,
        "scan": 0.41,
        "track": 0.37,
        "acq_date": "2026-10-09",
        "acq_time": "0149",
        "satellite": "N20",
        "instrument": "VIIRS",
        "confidence": "n",
        "version": "2.0NRT",
        "bright_ti5": 288.54,
        "frp": 4.23,
        "daynight": "N",
        "source_dataset": "VIIRS_NOAA20_NRT",
        "acq_datetime_utc": "2026-10-09T01:49:00Z",
        "age_hours": 7.1,
        "confidence_label": "nominal",
        "popup_label": "<strong>NASA FIRMS<\/strong><br>Sensor: VIIRS_NOAA20_NRT<br>Fecha UTC: 2026-10-09T01:49:00Z<br>Confianza: nominal<br>FRP: 4.23 MW"
      }
    },
    {
      "type": "Feature",
      "geometry": {
        "type": "Point",
        "coordinates": [3.1721, 32.7426]
      },
      "properties": {
        "bright_ti4": 295.84,
        "scan": 0.41,
        "track": 0.37,
        "acq_date": "2026-10-09",
        "acq_time": "0149",
        "satellite": "N20",
        "instrument": "VIIRS",
        "confidence": "n",
        "version": "2.0NRT",
        "bright_ti5": 280.87,
        "frp": 1.13,
        "daynight": "N",
        "source_dataset": "VIIRS_NOAA20_NRT",
        "acq_datetime_utc": "2026-10-09T01:49:00Z",
        "age_hours": 7.1,
        "confidence_label": "nominal",
        "popup_label": "<strong>NASA FIRMS<\/strong><br>Sensor: VIIRS_NOAA20_NRT<br>Fecha UTC: 2026-10-09T01:49:00Z<br>Confianza: nominal<br>FRP: 1.13 MW"
      }
    },
    {
      "type": "Feature",
      "geometry": {
        "type": "Point",
        "coordinates": [3.1823, 32.7478]
      },
      "properties": {
        "bright_ti4": 308.34,
        "scan": 0.41,
        "track": 0.37,
        "acq_date": "2026-10-09",
        "acq_time": "0149",
        "satellite": "N20",
        "instrument": "VIIRS",
        "confidence": "n",
        "version": "2.0NRT",
        "bright_ti5": 278.32,
        "frp": 0.75,
        "daynight": "N",
        "source_dataset": "VIIRS_NOAA20_NRT",
        "acq_datetime_utc": "2026-10-09T01:49:00Z",
        "age_hours": 7.1,
        "confidence_label": "nominal",
        "popup_label": "<strong>NASA FIRMS<\/strong><br>Sensor: VIIRS_NOAA20_NRT<br>Fecha UTC: 2026-10-09T01:49:00Z<br>Confianza: nominal<br>FRP: 0.75 MW"
      }
    },
    {
      "type": "Feature",
      "geometry": {
        "type": "Point",
        "coordinates": [3.2384, 32.8368]
      },
      "properties": {
        "bright_ti4": 298.2,
        "scan": 0.41,
        "track": 0.37,
        "acq_date": "2026-10-09",
        "acq_time": "0149",
        "satellite": "N20",
        "instrument": "VIIRS",
        "confidence": "n",
        "version": "2.0NRT",
        "bright_ti5": 279.67,
        "frp": 0.47,
        "daynight": "N",
        "source_dataset": "VIIRS_NOAA20_NRT",
        "acq_datetime_utc": "2026-10-09T01:49:00Z",
        "age_hours": 7.1,
        "confidence_label": "nominal",
        "popup_label": "<strong>NASA FIRMS<\/strong><br>Sensor: VIIRS_NOAA20_NRT<br>Fecha UTC: 2026-10-09T01:49:00Z<br>Confianza: nominal<br>FRP: 0.47 MW"
      }
    },
    {
      "type": "Feature",
      "geometry": {
        "type": "Point",
        "coordinates": [3.2392, 32.8402]
      },
      "properties": {
        "bright_ti4": 302.18,
        "scan": 0.41,
        "track": 0.37,
        "acq_date": "2026-10-09",
        "acq_time": "0149",
        "satellite": "N20",
        "instrument": "VIIRS",
        "confidence": "n",
        "version": "2.0NRT",
        "bright_ti5": 279.25,
        "frp": 0.64,
        "daynight": "N",
        "source_dataset": "VIIRS_NOAA20_NRT",
        "acq_datetime_utc": "2026-10-09T01:49:00Z",
        "age_hours": 7.1,
        "confidence_label": "nominal",
        "popup_label": "<strong>NASA FIRMS<\/strong><br>Sensor: VIIRS_NOAA20_NRT<br>Fecha UTC: 2026-10-09T01:49:00Z<br>Confianza: nominal<br>FRP: 0.64 MW"
      }
    },
    {
      "type": "Feature",
      "geometry": {
        "type": "Point",
        "coordinates": [3.2415, 32.9284]
      },
      "properties": {
        "bright_ti4": 298.01,
        "scan": 0.41,
        "track": 0.37,
        "acq_date": "2026-10-09",
        "acq_time": "0149",
        "satellite": "N20",
        "instrument": "VIIRS",
        "confidence": "n",
        "version": "2.0NRT",
        "bright_ti5": 285.36,
        "frp": 0.41,
        "daynight": "N",
        "source_dataset": "VIIRS_NOAA20_NRT",
        "acq_datetime_utc": "2026-10-09T01:49:00Z",
        "age_hours": 7.1,
        "confidence_label": "nominal",
        "popup_label": "<strong>NASA FIRMS<\/strong><br>Sensor: VIIRS_NOAA20_NRT<br>Fecha UTC: 2026-10-09T01:49:00Z<br>Confianza: nominal<br>FRP: 0.41 MW"
      }
    },
    {
      "type": "Feature",
      "geometry": {
        "type": "Point",
        "coordinates": [3.2329, 32.9299]
      },
      "properties": {
        "bright_ti4": 299.1,
        "scan": 0.41,
        "track": 0.37,
        "acq_date": "2026-10-09",
        "acq_time": "0149",
        "satellite": "N20",
        "instrument": "VIIRS",
        "confidence": "n",
        "version": "2.0NRT",
        "bright_ti5": 284.85,
        "frp": 0.8,
        "daynight": "N",
        "source_dataset": "VIIRS_NOAA20_NRT",
        "acq_datetime_utc": "2026-10-09T01:49:00Z",
        "age_hours": 7.1,
        "confidence_label": "nominal",
        "popup_label": "<strong>NASA FIRMS<\/strong><br>Sensor: VIIRS_NOAA20_NRT<br>Fecha UTC: 2026-10-09T01:49:00Z<br>Confianza: nominal<br>FRP: 0.8 MW"
      }
    },
    {
      "type": "Feature",
      "geometry": {
        "type": "Point",
        "coordinates": [3.2286, 32.9306]
      },
      "properties": {
        "bright_ti4": 300.62,
        "scan": 0.41,
        "track": 0.37,
        "acq_date": "2026-10-09",
        "acq_time": "0149",
        "satellite": "N20",
        "instrument": "VIIRS",
        "confidence": "n",
        "version": "2.0NRT",
        "bright_ti5": 285.37,
        "frp": 0.72,
        "daynight": "N",
        "source_dataset": "VIIRS_NOAA20_NRT",
        "acq_datetime_utc": "2026-10-09T01:49:00Z",
        "age_hours": 7.1,
        "confidence_label": "nominal",
        "popup_label": "<strong>NASA FIRMS<\/strong><br>Sensor: VIIRS_NOAA20_NRT<br>Fecha UTC: 2026-10-09T01:49:00Z<br>Confianza: nominal<br>FRP: 0.72 MW"
      }
    },
    {
      "type": "Feature",
      "geometry": {
        "type": "Point",
        "coordinates": [3.2466, 32.931]
      },
      "properties": {
        "bright_ti4": 298.28,
        "scan": 0.41,
        "track": 0.37,
        "acq_date": "2026-10-09",
        "acq_time": "0149",
        "satellite": "N20",
        "instrument": "VIIRS",
        "confidence": "n",
        "version": "2.0NRT",
        "bright_ti5": 285.06,
        "frp": 0.41,
        "daynight": "N",
        "source_dataset": "VIIRS_NOAA20_NRT",
        "acq_datetime_utc": "2026-10-09T01:49:00Z",
        "age_hours": 7.1,
        "confidence_label": "nominal",
        "popup_label": "<strong>NASA FIRMS<\/strong><br>Sensor: VIIRS_NOAA20_NRT<br>Fecha UTC: 2026-10-09T01:49:00Z<br>Confianza: nominal<br>FRP: 0.41 MW"
      }
    },
    {
      "type": "Feature",
      "geometry": {
        "type": "Point",
        "coordinates": [3.2251, 32.9348]
      },
      "properties": {
        "bright_ti4": 306.36,
        "scan": 0.41,
        "track": 0.37,
        "acq_date": "2026-10-09",
        "acq_time": "0149",
        "satellite": "N20",
        "instrument": "VIIRS",
        "confidence": "n",
        "version": "2.0NRT",
        "bright_ti5": 287.71,
        "frp": 0.72,
        "daynight": "N",
        "source_dataset": "VIIRS_NOAA20_NRT",
        "acq_datetime_utc": "2026-10-09T01:49:00Z",
        "age_hours": 7.1,
        "confidence_label": "nominal",
        "popup_label": "<strong>NASA FIRMS<\/strong><br>Sensor: VIIRS_NOAA20_NRT<br>Fecha UTC: 2026-10-09T01:49:00Z<br>Confianza: nominal<br>FRP: 0.72 MW"
      }
    },
    {
      "type": "Feature",
      "geometry": {
        "type": "Point",
        "coordinates": [3.2346, 32.9366]
      },
      "properties": {
        "bright_ti4": 313.24,
        "scan": 0.41,
        "track": 0.37,
        "acq_date": "2026-10-09",
        "acq_time": "0149",
        "satellite": "N20",
        "instrument": "VIIRS",
        "confidence": "n",
        "version": "2.0NRT",
        "bright_ti5": 286.35,
        "frp": 1,
        "daynight": "N",
        "source_dataset": "VIIRS_NOAA20_NRT",
        "acq_datetime_utc": "2026-10-09T01:49:00Z",
        "age_hours": 7.1,
        "confidence_label": "nominal",
        "popup_label": "<strong>NASA FIRMS<\/strong><br>Sensor: VIIRS_NOAA20_NRT<br>Fecha UTC: 2026-10-09T01:49:00Z<br>Confianza: nominal<br>FRP: 1 MW"
      }
    },
    {
      "type": "Feature",
      "geometry": {
        "type": "Point",
        "coordinates": [3.2354, 32.94]
      },
      "properties": {
        "bright_ti4": 299.99,
        "scan": 0.41,
        "track": 0.37,
        "acq_date": "2026-10-09",
        "acq_time": "0149",
        "satellite": "N20",
        "instrument": "VIIRS",
        "confidence": "n",
        "version": "2.0NRT",
        "bright_ti5": 288.82,
        "frp": 1,
        "daynight": "N",
        "source_dataset": "VIIRS_NOAA20_NRT",
        "acq_datetime_utc": "2026-10-09T01:49:00Z",
        "age_hours": 7.1,
        "confidence_label": "nominal",
        "popup_label": "<strong>NASA FIRMS<\/strong><br>Sensor: VIIRS_NOAA20_NRT<br>Fecha UTC: 2026-10-09T01:49:00Z<br>Confianza: nominal<br>FRP: 1 MW"
      }
    },
    {
      "type": "Feature",
      "geometry": {
        "type": "Point",
        "coordinates": [3.2319, 32.9441]
      },
      "properties": {
        "bright_ti4": 299.81,
        "scan": 0.41,
        "track": 0.37,
        "acq_date": "2026-10-09",
        "acq_time": "0149",
        "satellite": "N20",
        "instrument": "VIIRS",
        "confidence": "n",
        "version": "2.0NRT",
        "bright_ti5": 286.35,
        "frp": 0.66,
        "daynight": "N",
        "source_dataset": "VIIRS_NOAA20_NRT",
        "acq_datetime_utc": "2026-10-09T01:49:00Z",
        "age_hours": 7.1,
        "confidence_label": "nominal",
        "popup_label": "<strong>NASA FIRMS<\/strong><br>Sensor: VIIRS_NOAA20_NRT<br>Fecha UTC: 2026-10-09T01:49:00Z<br>Confianza: nominal<br>FRP: 0.66 MW"
      }
    },
    {
      "type": "Feature",
      "geometry": {
        "type": "Point",
        "coordinates": [3.2276, 32.9448]
      },
      "properties": {
        "bright_ti4": 299.69,
        "scan": 0.41,
        "track": 0.37,
        "acq_date": "2026-10-09",
        "acq_time": "0149",
        "satellite": "N20",
        "instrument": "VIIRS",
        "confidence": "n",
        "version": "2.0NRT",
        "bright_ti5": 285.44,
        "frp": 0.66,
        "daynight": "N",
        "source_dataset": "VIIRS_NOAA20_NRT",
        "acq_datetime_utc": "2026-10-09T01:49:00Z",
        "age_hours": 7.1,
        "confidence_label": "nominal",
        "popup_label": "<strong>NASA FIRMS<\/strong><br>Sensor: VIIRS_NOAA20_NRT<br>Fecha UTC: 2026-10-09T01:49:00Z<br>Confianza: nominal<br>FRP: 0.66 MW"
      }
    },
    {
      "type": "Feature",
      "geometry": {
        "type": "Point",
        "coordinates": [3.2284, 32.9482]
      },
      "properties": {
        "bright_ti4": 311.28,
        "scan": 0.41,
        "track": 0.37,
        "acq_date": "2026-10-09",
        "acq_time": "0149",
        "satellite": "N20",
        "instrument": "VIIRS",
        "confidence": "n",
        "version": "2.0NRT",
        "bright_ti5": 288.03,
        "frp": 0.66,
        "daynight": "N",
        "source_dataset": "VIIRS_NOAA20_NRT",
        "acq_datetime_utc": "2026-10-09T01:49:00Z",
        "age_hours": 7.1,
        "confidence_label": "nominal",
        "popup_label": "<strong>NASA FIRMS<\/strong><br>Sensor: VIIRS_NOAA20_NRT<br>Fecha UTC: 2026-10-09T01:49:00Z<br>Confianza: nominal<br>FRP: 0.66 MW"
      }
    },
    {
      "type": "Feature",
      "geometry": {
        "type": "Point",
        "coordinates": [3.2241, 32.949]
      },
      "properties": {
        "bright_ti4": 297.35,
        "scan": 0.41,
        "track": 0.37,
        "acq_date": "2026-10-09",
        "acq_time": "0149",
        "satellite": "N20",
        "instrument": "VIIRS",
        "confidence": "n",
        "version": "2.0NRT",
        "bright_ti5": 286.14,
        "frp": 0.42,
        "daynight": "N",
        "source_dataset": "VIIRS_NOAA20_NRT",
        "acq_datetime_utc": "2026-10-09T01:49:00Z",
        "age_hours": 7.1,
        "confidence_label": "nominal",
        "popup_label": "<strong>NASA FIRMS<\/strong><br>Sensor: VIIRS_NOAA20_NRT<br>Fecha UTC: 2026-10-09T01:49:00Z<br>Confianza: nominal<br>FRP: 0.42 MW"
      }
    },
    {
      "type": "Feature",
      "geometry": {
        "type": "Point",
        "coordinates": [3.2198, 32.9497]
      },
      "properties": {
        "bright_ti4": 301.99,
        "scan": 0.41,
        "track": 0.37,
        "acq_date": "2026-10-09",
        "acq_time": "0149",
        "satellite": "N20",
        "instrument": "VIIRS",
        "confidence": "n",
        "version": "2.0NRT",
        "bright_ti5": 286.21,
        "frp": 0.42,
        "daynight": "N",
        "source_dataset": "VIIRS_NOAA20_NRT",
        "acq_datetime_utc": "2026-10-09T01:49:00Z",
        "age_hours": 7.1,
        "confidence_label": "nominal",
        "popup_label": "<strong>NASA FIRMS<\/strong><br>Sensor: VIIRS_NOAA20_NRT<br>Fecha UTC: 2026-10-09T01:49:00Z<br>Confianza: nominal<br>FRP: 0.42 MW"
      }
    },
    {
      "type": "Feature",
      "geometry": {
        "type": "Point",
        "coordinates": [3.3136, 33.1242]
      },
      "properties": {
        "bright_ti4": 298.23,
        "scan": 0.41,
        "track": 0.37,
        "acq_date": "2026-10-09",
        "acq_time": "0149",
        "satellite": "N20",
        "instrument": "VIIRS",
        "confidence": "n",
        "version": "2.0NRT",
        "bright_ti5": 284.29,
        "frp": 0.6,
        "daynight": "N",
        "source_dataset": "VIIRS_NOAA20_NRT",
        "acq_datetime_utc": "2026-10-09T01:49:00Z",
        "age_hours": 7.1,
        "confidence_label": "nominal",
        "popup_label": "<strong>NASA FIRMS<\/strong><br>Sensor: VIIRS_NOAA20_NRT<br>Fecha UTC: 2026-10-09T01:49:00Z<br>Confianza: nominal<br>FRP: 0.6 MW"
      }
    },
    {
      "type": "Feature",
      "geometry": {
        "type": "Point",
        "coordinates": [3.3188, 33.1268]
      },
      "properties": {
        "bright_ti4": 307.03,
        "scan": 0.41,
        "track": 0.37,
        "acq_date": "2026-10-09",
        "acq_time": "0149",
        "satellite": "N20",
        "instrument": "VIIRS",
        "confidence": "n",
        "version": "2.0NRT",
        "bright_ti5": 285.45,
        "frp": 0.84,
        "daynight": "N",
        "source_dataset": "VIIRS_NOAA20_NRT",
        "acq_datetime_utc": "2026-10-09T01:49:00Z",
        "age_hours": 7.1,
        "confidence_label": "nominal",
        "popup_label": "<strong>NASA FIRMS<\/strong><br>Sensor: VIIRS_NOAA20_NRT<br>Fecha UTC: 2026-10-09T01:49:00Z<br>Confianza: nominal<br>FRP: 0.84 MW"
      }
    },
    {
      "type": "Feature",
      "geometry": {
        "type": "Point",
        "coordinates": [3.3145, 33.1276]
      },
      "properties": {
        "bright_ti4": 312.44,
        "scan": 0.41,
        "track": 0.37,
        "acq_date": "2026-10-09",
        "acq_time": "0149",
        "satellite": "N20",
        "instrument": "VIIRS",
        "confidence": "n",
        "version": "2.0NRT",
        "bright_ti5": 284.97,
        "frp": 0.84,
        "daynight": "N",
        "source_dataset": "VIIRS_NOAA20_NRT",
        "acq_datetime_utc": "2026-10-09T01:49:00Z",
        "age_hours": 7.1,
        "confidence_label": "nominal",
        "popup_label": "<strong>NASA FIRMS<\/strong><br>Sensor: VIIRS_NOAA20_NRT<br>Fecha UTC: 2026-10-09T01:49:00Z<br>Confianza: nominal<br>FRP: 0.84 MW"
      }
    },
    {
      "type": "Feature",
      "geometry": {
        "type": "Point",
        "coordinates": [3.3196, 33.1302]
      },
      "properties": {
        "bright_ti4": 303.08,
        "scan": 0.41,
        "track": 0.37,
        "acq_date": "2026-10-09",
        "acq_time": "0149",
        "satellite": "N20",
        "instrument": "VIIRS",
        "confidence": "n",
        "version": "2.0NRT",
        "bright_ti5": 284.96,
        "frp": 0.84,
        "daynight": "N",
        "source_dataset": "VIIRS_NOAA20_NRT",
        "acq_datetime_utc": "2026-10-09T01:49:00Z",
        "age_hours": 7.1,
        "confidence_label": "nominal",
        "popup_label": "<strong>NASA FIRMS<\/strong><br>Sensor: VIIRS_NOAA20_NRT<br>Fecha UTC: 2026-10-09T01:49:00Z<br>Confianza: nominal<br>FRP: 0.84 MW"
      }
    },
    {
      "type": "Feature",
      "geometry": {
        "type": "Point",
        "coordinates": [3.3628, 33.1401]
      },
      "properties": {
        "bright_ti4": 300.23,
        "scan": 0.41,
        "track": 0.37,
        "acq_date": "2026-10-09",
        "acq_time": "0149",
        "satellite": "N20",
        "instrument": "VIIRS",
        "confidence": "n",
        "version": "2.0NRT",
        "bright_ti5": 285.02,
        "frp": 1.14,
        "daynight": "N",
        "source_dataset": "VIIRS_NOAA20_NRT",
        "acq_datetime_utc": "2026-10-09T01:49:00Z",
        "age_hours": 7.1,
        "confidence_label": "nominal",
        "popup_label": "<strong>NASA FIRMS<\/strong><br>Sensor: VIIRS_NOAA20_NRT<br>Fecha UTC: 2026-10-09T01:49:00Z<br>Confianza: nominal<br>FRP: 1.14 MW"
      }
    },
    {
      "type": "Feature",
      "geometry": {
        "type": "Point",
        "coordinates": [2.8313, 33.783]
      },
      "properties": {
        "bright_ti4": 298.07,
        "scan": 0.4,
        "track": 0.37,
        "acq_date": "2026-10-09",
        "acq_time": "0149",
        "satellite": "N20",
        "instrument": "VIIRS",
        "confidence": "n",
        "version": "2.0NRT",
        "bright_ti5": 284.98,
        "frp": 0.52,
        "daynight": "N",
        "source_dataset": "VIIRS_NOAA20_NRT",
        "acq_datetime_utc": "2026-10-09T01:49:00Z",
        "age_hours": 7.1,
        "confidence_label": "nominal",
        "popup_label": "<strong>NASA FIRMS<\/strong><br>Sensor: VIIRS_NOAA20_NRT<br>Fecha UTC: 2026-10-09T01:49:00Z<br>Confianza: nominal<br>FRP: 0.52 MW"
      }
    },
    {
      "type": "Feature",
      "geometry": {
        "type": "Point",
        "coordinates": [-6.6751, 34.2183]
      },
      "properties": {
        "bright_ti4": 297.47,
        "scan": 0.51,
        "track": 0.49,
        "acq_date": "2026-10-09",
        "acq_time": "0149",
        "satellite": "N20",
        "instrument": "VIIRS",
        "confidence": "n",
        "version": "2.0NRT",
        "bright_ti5": 280.65,
        "frp": 0.66,
        "daynight": "N",
        "source_dataset": "VIIRS_NOAA20_NRT",
        "acq_datetime_utc": "2026-10-09T01:49:00Z",
        "age_hours": 7.1,
        "confidence_label": "nominal",
        "popup_label": "<strong>NASA FIRMS<\/strong><br>Sensor: VIIRS_NOAA20_NRT<br>Fecha UTC: 2026-10-09T01:49:00Z<br>Confianza: nominal<br>FRP: 0.66 MW"
      }
    },
    {
      "type": "Feature",
      "geometry": {
        "type": "Point",
        "coordinates": [2.0572, 34.4378]
      },
      "properties": {
        "bright_ti4": 306.67,
        "scan": 0.39,
        "track": 0.36,
        "acq_date": "2026-10-09",
        "acq_time": "0149",
        "satellite": "N20",
        "instrument": "VIIRS",
        "confidence": "n",
        "version": "2.0NRT",
        "bright_ti5": 286.89,
        "frp": 1.44,
        "daynight": "N",
        "source_dataset": "VIIRS_NOAA20_NRT",
        "acq_datetime_utc": "2026-10-09T01:49:00Z",
        "age_hours": 7.1,
        "confidence_label": "nominal",
        "popup_label": "<strong>NASA FIRMS<\/strong><br>Sensor: VIIRS_NOAA20_NRT<br>Fecha UTC: 2026-10-09T01:49:00Z<br>Confianza: nominal<br>FRP: 1.44 MW"
      }
    },
    {
      "type": "Feature",
      "geometry": {
        "type": "Point",
        "coordinates": [-2.3484, 34.5969]
      },
      "properties": {
        "bright_ti4": 301.65,
        "scan": 0.47,
        "track": 0.4,
        "acq_date": "2026-10-09",
        "acq_time": "0149",
        "satellite": "N20",
        "instrument": "VIIRS",
        "confidence": "n",
        "version": "2.0NRT",
        "bright_ti5": 287.14,
        "frp": 1.2,
        "daynight": "N",
        "source_dataset": "VIIRS_NOAA20_NRT",
        "acq_datetime_utc": "2026-10-09T01:49:00Z",
        "age_hours": 7.1,
        "confidence_label": "nominal",
        "popup_label": "<strong>NASA FIRMS<\/strong><br>Sensor: VIIRS_NOAA20_NRT<br>Fecha UTC: 2026-10-09T01:49:00Z<br>Confianza: nominal<br>FRP: 1.2 MW"
      }
    },
    {
      "type": "Feature",
      "geometry": {
        "type": "Point",
        "coordinates": [-2.347, 34.5973]
      },
      "properties": {
        "bright_ti4": 301.97,
        "scan": 0.47,
        "track": 0.4,
        "acq_date": "2026-10-09",
        "acq_time": "0149",
        "satellite": "N20",
        "instrument": "VIIRS",
        "confidence": "n",
        "version": "2.0NRT",
        "bright_ti5": 287.36,
        "frp": 1.22,
        "daynight": "N",
        "source_dataset": "VIIRS_NOAA20_NRT",
        "acq_datetime_utc": "2026-10-09T01:49:00Z",
        "age_hours": 7.1,
        "confidence_label": "nominal",
        "popup_label": "<strong>NASA FIRMS<\/strong><br>Sensor: VIIRS_NOAA20_NRT<br>Fecha UTC: 2026-10-09T01:49:00Z<br>Confianza: nominal<br>FRP: 1.22 MW"
      }
    },
    {
      "type": "Feature",
      "geometry": {
        "type": "Point",
        "coordinates": [0.3286, 34.8001]
      },
      "properties": {
        "bright_ti4": 296.77,
        "scan": 0.39,
        "track": 0.36,
        "acq_date": "2026-10-09",
        "acq_time": "0149",
        "satellite": "N20",
        "instrument": "VIIRS",
        "confidence": "n",
        "version": "2.0NRT",
        "bright_ti5": 285.53,
        "frp": 0.64,
        "daynight": "N",
        "source_dataset": "VIIRS_NOAA20_NRT",
        "acq_datetime_utc": "2026-10-09T01:49:00Z",
        "age_hours": 7.1,
        "confidence_label": "nominal",
        "popup_label": "<strong>NASA FIRMS<\/strong><br>Sensor: VIIRS_NOAA20_NRT<br>Fecha UTC: 2026-10-09T01:49:00Z<br>Confianza: nominal<br>FRP: 0.64 MW"
      }
    },
    {
      "type": "Feature",
      "geometry": {
        "type": "Point",
        "coordinates": [-0.7812, 35.1392]
      },
      "properties": {
        "bright_ti4": 322.19,
        "scan": 0.42,
        "track": 0.38,
        "acq_date": "2026-10-09",
        "acq_time": "0149",
        "satellite": "N20",
        "instrument": "VIIRS",
        "confidence": "n",
        "version": "2.0NRT",
        "bright_ti5": 285.39,
        "frp": 1.87,
        "daynight": "N",
        "source_dataset": "VIIRS_NOAA20_NRT",
        "acq_datetime_utc": "2026-10-09T01:49:00Z",
        "age_hours": 7.1,
        "confidence_label": "nominal",
        "popup_label": "<strong>NASA FIRMS<\/strong><br>Sensor: VIIRS_NOAA20_NRT<br>Fecha UTC: 2026-10-09T01:49:00Z<br>Confianza: nominal<br>FRP: 1.87 MW"
      }
    },
    {
      "type": "Feature",
      "geometry": {
        "type": "Point",
        "coordinates": [-1.3456, 35.3131]
      },
      "properties": {
        "bright_ti4": 307.95,
        "scan": 0.44,
        "track": 0.38,
        "acq_date": "2026-10-09",
        "acq_time": "0149",
        "satellite": "N20",
        "instrument": "VIIRS",
        "confidence": "n",
        "version": "2.0NRT",
        "bright_ti5": 289.67,
        "frp": 0.76,
        "daynight": "N",
        "source_dataset": "VIIRS_NOAA20_NRT",
        "acq_datetime_utc": "2026-10-09T01:49:00Z",
        "age_hours": 7.1,
        "confidence_label": "nominal",
        "popup_label": "<strong>NASA FIRMS<\/strong><br>Sensor: VIIRS_NOAA20_NRT<br>Fecha UTC: 2026-10-09T01:49:00Z<br>Confianza: nominal<br>FRP: 0.76 MW"
      }
    },
    {
      "type": "Feature",
      "geometry": {
        "type": "Point",
        "coordinates": [-0.3946, 35.4597]
      },
      "properties": {
        "bright_ti4": 314.73,
        "scan": 0.41,
        "track": 0.37,
        "acq_date": "2026-10-09",
        "acq_time": "0149",
        "satellite": "N20",
        "instrument": "VIIRS",
        "confidence": "n",
        "version": "2.0NRT",
        "bright_ti5": 290.22,
        "frp": 1.25,
        "daynight": "N",
        "source_dataset": "VIIRS_NOAA20_NRT",
        "acq_datetime_utc": "2026-10-09T01:49:00Z",
        "age_hours": 7.1,
        "confidence_label": "nominal",
        "popup_label": "<strong>NASA FIRMS<\/strong><br>Sensor: VIIRS_NOAA20_NRT<br>Fecha UTC: 2026-10-09T01:49:00Z<br>Confianza: nominal<br>FRP: 1.25 MW"
      }
    },
    {
      "type": "Feature",
      "geometry": {
        "type": "Point",
        "coordinates": [-0.2768, 35.5273]
      },
      "properties": {
        "bright_ti4": 300.93,
        "scan": 0.41,
        "track": 0.37,
        "acq_date": "2026-10-09",
        "acq_time": "0149",
        "satellite": "N20",
        "instrument": "VIIRS",
        "confidence": "n",
        "version": "2.0NRT",
        "bright_ti5": 288.61,
        "frp": 1.02,
        "daynight": "N",
        "source_dataset": "VIIRS_NOAA20_NRT",
        "acq_datetime_utc": "2026-10-09T01:49:00Z",
        "age_hours": 7.1,
        "confidence_label": "nominal",
        "popup_label": "<strong>NASA FIRMS<\/strong><br>Sensor: VIIRS_NOAA20_NRT<br>Fecha UTC: 2026-10-09T01:49:00Z<br>Confianza: nominal<br>FRP: 1.02 MW"
      }
    },
    {
      "type": "Feature",
      "geometry": {
        "type": "Point",
        "coordinates": [-0.2755, 35.5341]
      },
      "properties": {
        "bright_ti4": 310.71,
        "scan": 0.41,
        "track": 0.37,
        "acq_date": "2026-10-09",
        "acq_time": "0149",
        "satellite": "N20",
        "instrument": "VIIRS",
        "confidence": "n",
        "version": "2.0NRT",
        "bright_ti5": 290.68,
        "frp": 1.2,
        "daynight": "N",
        "source_dataset": "VIIRS_NOAA20_NRT",
        "acq_datetime_utc": "2026-10-09T01:49:00Z",
        "age_hours": 7.1,
        "confidence_label": "nominal",
        "popup_label": "<strong>NASA FIRMS<\/strong><br>Sensor: VIIRS_NOAA20_NRT<br>Fecha UTC: 2026-10-09T01:49:00Z<br>Confianza: nominal<br>FRP: 1.2 MW"
      }
    },
    {
      "type": "Feature",
      "geometry": {
        "type": "Point",
        "coordinates": [-0.9393, 35.5658]
      },
      "properties": {
        "bright_ti4": 309.29,
        "scan": 0.43,
        "track": 0.38,
        "acq_date": "2026-10-09",
        "acq_time": "0149",
        "satellite": "N20",
        "instrument": "VIIRS",
        "confidence": "n",
        "version": "2.0NRT",
        "bright_ti5": 289.24,
        "frp": 1.15,
        "daynight": "N",
        "source_dataset": "VIIRS_NOAA20_NRT",
        "acq_datetime_utc": "2026-10-09T01:49:00Z",
        "age_hours": 7.1,
        "confidence_label": "nominal",
        "popup_label": "<strong>NASA FIRMS<\/strong><br>Sensor: VIIRS_NOAA20_NRT<br>Fecha UTC: 2026-10-09T01:49:00Z<br>Confianza: nominal<br>FRP: 1.15 MW"
      }
    },
    {
      "type": "Feature",
      "geometry": {
        "type": "Point",
        "coordinates": [-0.2694, 35.7606]
      },
      "properties": {
        "bright_ti4": 309.65,
        "scan": 0.41,
        "track": 0.37,
        "acq_date": "2026-10-09",
        "acq_time": "0149",
        "satellite": "N20",
        "instrument": "VIIRS",
        "confidence": "n",
        "version": "2.0NRT",
        "bright_ti5": 290.01,
        "frp": 1.13,
        "daynight": "N",
        "source_dataset": "VIIRS_NOAA20_NRT",
        "acq_datetime_utc": "2026-10-09T01:49:00Z",
        "age_hours": 7.1,
        "confidence_label": "nominal",
        "popup_label": "<strong>NASA FIRMS<\/strong><br>Sensor: VIIRS_NOAA20_NRT<br>Fecha UTC: 2026-10-09T01:49:00Z<br>Confianza: nominal<br>FRP: 1.13 MW"
      }
    },
    {
      "type": "Feature",
      "geometry": {
        "type": "Point",
        "coordinates": [-0.2687, 35.764]
      },
      "properties": {
        "bright_ti4": 303.88,
        "scan": 0.41,
        "track": 0.37,
        "acq_date": "2026-10-09",
        "acq_time": "0149",
        "satellite": "N20",
        "instrument": "VIIRS",
        "confidence": "n",
        "version": "2.0NRT",
        "bright_ti5": 292.87,
        "frp": 1.75,
        "daynight": "N",
        "source_dataset": "VIIRS_NOAA20_NRT",
        "acq_datetime_utc": "2026-10-09T01:49:00Z",
        "age_hours": 7.1,
        "confidence_label": "nominal",
        "popup_label": "<strong>NASA FIRMS<\/strong><br>Sensor: VIIRS_NOAA20_NRT<br>Fecha UTC: 2026-10-09T01:49:00Z<br>Confianza: nominal<br>FRP: 1.75 MW"
      }
    },
    {
      "type": "Feature",
      "geometry": {
        "type": "Point",
        "coordinates": [-0.259, 35.7662]
      },
      "properties": {
        "bright_ti4": 301.51,
        "scan": 0.41,
        "track": 0.37,
        "acq_date": "2026-10-09",
        "acq_time": "0149",
        "satellite": "N20",
        "instrument": "VIIRS",
        "confidence": "n",
        "version": "2.0NRT",
        "bright_ti5": 290.81,
        "frp": 1.61,
        "daynight": "N",
        "source_dataset": "VIIRS_NOAA20_NRT",
        "acq_datetime_utc": "2026-10-09T01:49:00Z",
        "age_hours": 7.1,
        "confidence_label": "nominal",
        "popup_label": "<strong>NASA FIRMS<\/strong><br>Sensor: VIIRS_NOAA20_NRT<br>Fecha UTC: 2026-10-09T01:49:00Z<br>Confianza: nominal<br>FRP: 1.61 MW"
      }
    },
    {
      "type": "Feature",
      "geometry": {
        "type": "Point",
        "coordinates": [-0.2628, 35.7702]
      },
      "properties": {
        "bright_ti4": 311.44,
        "scan": 0.41,
        "track": 0.37,
        "acq_date": "2026-10-09",
        "acq_time": "0149",
        "satellite": "N20",
        "instrument": "VIIRS",
        "confidence": "n",
        "version": "2.0NRT",
        "bright_ti5": 292.44,
        "frp": 1.55,
        "daynight": "N",
        "source_dataset": "VIIRS_NOAA20_NRT",
        "acq_datetime_utc": "2026-10-09T01:49:00Z",
        "age_hours": 7.1,
        "confidence_label": "nominal",
        "popup_label": "<strong>NASA FIRMS<\/strong><br>Sensor: VIIRS_NOAA20_NRT<br>Fecha UTC: 2026-10-09T01:49:00Z<br>Confianza: nominal<br>FRP: 1.55 MW"
      }
    },
    {
      "type": "Feature",
      "geometry": {
        "type": "Point",
        "coordinates": [-0.2673, 35.7708]
      },
      "properties": {
        "bright_ti4": 303.44,
        "scan": 0.41,
        "track": 0.37,
        "acq_date": "2026-10-09",
        "acq_time": "0149",
        "satellite": "N20",
        "instrument": "VIIRS",
        "confidence": "n",
        "version": "2.0NRT",
        "bright_ti5": 293.07,
        "frp": 1.13,
        "daynight": "N",
        "source_dataset": "VIIRS_NOAA20_NRT",
        "acq_datetime_utc": "2026-10-09T01:49:00Z",
        "age_hours": 7.1,
        "confidence_label": "nominal",
        "popup_label": "<strong>NASA FIRMS<\/strong><br>Sensor: VIIRS_NOAA20_NRT<br>Fecha UTC: 2026-10-09T01:49:00Z<br>Confianza: nominal<br>FRP: 1.13 MW"
      }
    },
    {
      "type": "Feature",
      "geometry": {
        "type": "Point",
        "coordinates": [-0.2416, 35.8056]
      },
      "properties": {
        "bright_ti4": 306.58,
        "scan": 0.41,
        "track": 0.37,
        "acq_date": "2026-10-09",
        "acq_time": "0149",
        "satellite": "N20",
        "instrument": "VIIRS",
        "confidence": "n",
        "version": "2.0NRT",
        "bright_ti5": 291.63,
        "frp": 1.03,
        "daynight": "N",
        "source_dataset": "VIIRS_NOAA20_NRT",
        "acq_datetime_utc": "2026-10-09T01:49:00Z",
        "age_hours": 7.1,
        "confidence_label": "nominal",
        "popup_label": "<strong>NASA FIRMS<\/strong><br>Sensor: VIIRS_NOAA20_NRT<br>Fecha UTC: 2026-10-09T01:49:00Z<br>Confianza: nominal<br>FRP: 1.03 MW"
      }
    },
    {
      "type": "Feature",
      "geometry": {
        "type": "Point",
        "coordinates": [-0.2461, 35.8063]
      },
      "properties": {
        "bright_ti4": 303.46,
        "scan": 0.41,
        "track": 0.37,
        "acq_date": "2026-10-09",
        "acq_time": "0149",
        "satellite": "N20",
        "instrument": "VIIRS",
        "confidence": "n",
        "version": "2.0NRT",
        "bright_ti5": 291.05,
        "frp": 1.03,
        "daynight": "N",
        "source_dataset": "VIIRS_NOAA20_NRT",
        "acq_datetime_utc": "2026-10-09T01:49:00Z",
        "age_hours": 7.1,
        "confidence_label": "nominal",
        "popup_label": "<strong>NASA FIRMS<\/strong><br>Sensor: VIIRS_NOAA20_NRT<br>Fecha UTC: 2026-10-09T01:49:00Z<br>Confianza: nominal<br>FRP: 1.03 MW"
      }
    },
    {
      "type": "Feature",
      "geometry": {
        "type": "Point",
        "coordinates": [-0.2551, 35.8075]
      },
      "properties": {
        "bright_ti4": 319.18,
        "scan": 0.41,
        "track": 0.37,
        "acq_date": "2026-10-09",
        "acq_time": "0149",
        "satellite": "N20",
        "instrument": "VIIRS",
        "confidence": "n",
        "version": "2.0NRT",
        "bright_ti5": 290.55,
        "frp": 1.92,
        "daynight": "N",
        "source_dataset": "VIIRS_NOAA20_NRT",
        "acq_datetime_utc": "2026-10-09T01:49:00Z",
        "age_hours": 7.1,
        "confidence_label": "nominal",
        "popup_label": "<strong>NASA FIRMS<\/strong><br>Sensor: VIIRS_NOAA20_NRT<br>Fecha UTC: 2026-10-09T01:49:00Z<br>Confianza: nominal<br>FRP: 1.92 MW"
      }
    },
    {
      "type": "Feature",
      "geometry": {
        "type": "Point",
        "coordinates": [-0.2596, 35.8081]
      },
      "properties": {
        "bright_ti4": 301.76,
        "scan": 0.41,
        "track": 0.37,
        "acq_date": "2026-10-09",
        "acq_time": "0149",
        "satellite": "N20",
        "instrument": "VIIRS",
        "confidence": "n",
        "version": "2.0NRT",
        "bright_ti5": 291.28,
        "frp": 0.75,
        "daynight": "N",
        "source_dataset": "VIIRS_NOAA20_NRT",
        "acq_datetime_utc": "2026-10-09T01:49:00Z",
        "age_hours": 7.1,
        "confidence_label": "nominal",
        "popup_label": "<strong>NASA FIRMS<\/strong><br>Sensor: VIIRS_NOAA20_NRT<br>Fecha UTC: 2026-10-09T01:49:00Z<br>Confianza: nominal<br>FRP: 0.75 MW"
      }
    },
    {
      "type": "Feature",
      "geometry": {
        "type": "Point",
        "coordinates": [-0.2544, 35.8109]
      },
      "properties": {
        "bright_ti4": 314.07,
        "scan": 0.41,
        "track": 0.37,
        "acq_date": "2026-10-09",
        "acq_time": "0149",
        "satellite": "N20",
        "instrument": "VIIRS",
        "confidence": "n",
        "version": "2.0NRT",
        "bright_ti5": 290.57,
        "frp": 1.41,
        "daynight": "N",
        "source_dataset": "VIIRS_NOAA20_NRT",
        "acq_datetime_utc": "2026-10-09T01:49:00Z",
        "age_hours": 7.1,
        "confidence_label": "nominal",
        "popup_label": "<strong>NASA FIRMS<\/strong><br>Sensor: VIIRS_NOAA20_NRT<br>Fecha UTC: 2026-10-09T01:49:00Z<br>Confianza: nominal<br>FRP: 1.41 MW"
      }
    },
    {
      "type": "Feature",
      "geometry": {
        "type": "Point",
        "coordinates": [-0.2724, 35.8134]
      },
      "properties": {
        "bright_ti4": 306.86,
        "scan": 0.41,
        "track": 0.37,
        "acq_date": "2026-10-09",
        "acq_time": "0149",
        "satellite": "N20",
        "instrument": "VIIRS",
        "confidence": "n",
        "version": "2.0NRT",
        "bright_ti5": 289.5,
        "frp": 1.32,
        "daynight": "N",
        "source_dataset": "VIIRS_NOAA20_NRT",
        "acq_datetime_utc": "2026-10-09T01:49:00Z",
        "age_hours": 7.1,
        "confidence_label": "nominal",
        "popup_label": "<strong>NASA FIRMS<\/strong><br>Sensor: VIIRS_NOAA20_NRT<br>Fecha UTC: 2026-10-09T01:49:00Z<br>Confianza: nominal<br>FRP: 1.32 MW"
      }
    },
    {
      "type": "Feature",
      "geometry": {
        "type": "Point",
        "coordinates": [-0.3258, 35.8244]
      },
      "properties": {
        "bright_ti4": 301.13,
        "scan": 0.41,
        "track": 0.37,
        "acq_date": "2026-10-09",
        "acq_time": "0149",
        "satellite": "N20",
        "instrument": "VIIRS",
        "confidence": "n",
        "version": "2.0NRT",
        "bright_ti5": 290.99,
        "frp": 0.5,
        "daynight": "N",
        "source_dataset": "VIIRS_NOAA20_NRT",
        "acq_datetime_utc": "2026-10-09T01:49:00Z",
        "age_hours": 7.1,
        "confidence_label": "nominal",
        "popup_label": "<strong>NASA FIRMS<\/strong><br>Sensor: VIIRS_NOAA20_NRT<br>Fecha UTC: 2026-10-09T01:49:00Z<br>Confianza: nominal<br>FRP: 0.5 MW"
      }
    },
    {
      "type": "Feature",
      "geometry": {
        "type": "Point",
        "coordinates": [0.8034, 36.0931]
      },
      "properties": {
        "bright_ti4": 297.17,
        "scan": 0.39,
        "track": 0.36,
        "acq_date": "2026-10-09",
        "acq_time": "0147",
        "satellite": "N20",
        "instrument": "VIIRS",
        "confidence": "n",
        "version": "2.0NRT",
        "bright_ti5": 286.87,
        "frp": 0.27,
        "daynight": "N",
        "source_dataset": "VIIRS_NOAA20_NRT",
        "acq_datetime_utc": "2026-10-09T01:47:00Z",
        "age_hours": 7.2,
        "confidence_label": "nominal",
        "popup_label": "<strong>NASA FIRMS<\/strong><br>Sensor: VIIRS_NOAA20_NRT<br>Fecha UTC: 2026-10-09T01:47:00Z<br>Confianza: nominal<br>FRP: 0.27 MW"
      }
    },
    {
      "type": "Feature",
      "geometry": {
        "type": "Point",
        "coordinates": [1.2437, 36.1259]
      },
      "properties": {
        "bright_ti4": 304.16,
        "scan": 0.39,
        "track": 0.36,
        "acq_date": "2026-10-09",
        "acq_time": "0147",
        "satellite": "N20",
        "instrument": "VIIRS",
        "confidence": "n",
        "version": "2.0NRT",
        "bright_ti5": 290.35,
        "frp": 1.02,
        "daynight": "N",
        "source_dataset": "VIIRS_NOAA20_NRT",
        "acq_datetime_utc": "2026-10-09T01:47:00Z",
        "age_hours": 7.2,
        "confidence_label": "nominal",
        "popup_label": "<strong>NASA FIRMS<\/strong><br>Sensor: VIIRS_NOAA20_NRT<br>Fecha UTC: 2026-10-09T01:47:00Z<br>Confianza: nominal<br>FRP: 1.02 MW"
      }
    },
    {
      "type": "Feature",
      "geometry": {
        "type": "Point",
        "coordinates": [1.2394, 36.1266]
      },
      "properties": {
        "bright_ti4": 311.07,
        "scan": 0.39,
        "track": 0.36,
        "acq_date": "2026-10-09",
        "acq_time": "0147",
        "satellite": "N20",
        "instrument": "VIIRS",
        "confidence": "n",
        "version": "2.0NRT",
        "bright_ti5": 289.73,
        "frp": 1.02,
        "daynight": "N",
        "source_dataset": "VIIRS_NOAA20_NRT",
        "acq_datetime_utc": "2026-10-09T01:47:00Z",
        "age_hours": 7.2,
        "confidence_label": "nominal",
        "popup_label": "<strong>NASA FIRMS<\/strong><br>Sensor: VIIRS_NOAA20_NRT<br>Fecha UTC: 2026-10-09T01:47:00Z<br>Confianza: nominal<br>FRP: 1.02 MW"
      }
    },
    {
      "type": "Feature",
      "geometry": {
        "type": "Point",
        "coordinates": [1.2402, 36.1299]
      },
      "properties": {
        "bright_ti4": 310.11,
        "scan": 0.39,
        "track": 0.36,
        "acq_date": "2026-10-09",
        "acq_time": "0147",
        "satellite": "N20",
        "instrument": "VIIRS",
        "confidence": "n",
        "version": "2.0NRT",
        "bright_ti5": 290.92,
        "frp": 1.34,
        "daynight": "N",
        "source_dataset": "VIIRS_NOAA20_NRT",
        "acq_datetime_utc": "2026-10-09T01:47:00Z",
        "age_hours": 7.2,
        "confidence_label": "nominal",
        "popup_label": "<strong>NASA FIRMS<\/strong><br>Sensor: VIIRS_NOAA20_NRT<br>Fecha UTC: 2026-10-09T01:47:00Z<br>Confianza: nominal<br>FRP: 1.34 MW"
      }
    },
    {
      "type": "Feature",
      "geometry": {
        "type": "Point",
        "coordinates": [1.199, 36.1429]
      },
      "properties": {
        "bright_ti4": 302.7,
        "scan": 0.39,
        "track": 0.36,
        "acq_date": "2026-10-09",
        "acq_time": "0147",
        "satellite": "N20",
        "instrument": "VIIRS",
        "confidence": "n",
        "version": "2.0NRT",
        "bright_ti5": 288.86,
        "frp": 0.28,
        "daynight": "N",
        "source_dataset": "VIIRS_NOAA20_NRT",
        "acq_datetime_utc": "2026-10-09T01:47:00Z",
        "age_hours": 7.2,
        "confidence_label": "nominal",
        "popup_label": "<strong>NASA FIRMS<\/strong><br>Sensor: VIIRS_NOAA20_NRT<br>Fecha UTC: 2026-10-09T01:47:00Z<br>Confianza: nominal<br>FRP: 0.28 MW"
      }
    },
    {
      "type": "Feature",
      "geometry": {
        "type": "Point",
        "coordinates": [-6.2328, 36.6145]
      },
      "properties": {
        "bright_ti4": 302.38,
        "scan": 0.51,
        "track": 0.5,
        "acq_date": "2026-10-09",
        "acq_time": "0147",
        "satellite": "N20",
        "instrument": "VIIRS",
        "confidence": "n",
        "version": "2.0NRT",
        "bright_ti5": 287.87,
        "frp": 0.69,
        "daynight": "N",
        "source_dataset": "VIIRS_NOAA20_NRT",
        "acq_datetime_utc": "2026-10-09T01:47:00Z",
        "age_hours": 7.2,
        "confidence_label": "nominal",
        "popup_label": "<strong>NASA FIRMS<\/strong><br>Sensor: VIIRS_NOAA20_NRT<br>Fecha UTC: 2026-10-09T01:47:00Z<br>Confianza: nominal<br>FRP: 0.69 MW"
      }
    },
    {
      "type": "Feature",
      "geometry": {
        "type": "Point",
        "coordinates": [-6.2319, 36.6145]
      },
      "properties": {
        "bright_ti4": 303.64,
        "scan": 0.51,
        "track": 0.5,
        "acq_date": "2026-10-09",
        "acq_time": "0147",
        "satellite": "N20",
        "instrument": "VIIRS",
        "confidence": "n",
        "version": "2.0NRT",
        "bright_ti5": 288.12,
        "frp": 0.53,
        "daynight": "N",
        "source_dataset": "VIIRS_NOAA20_NRT",
        "acq_datetime_utc": "2026-10-09T01:47:00Z",
        "age_hours": 7.2,
        "confidence_label": "nominal",
        "popup_label": "<strong>NASA FIRMS<\/strong><br>Sensor: VIIRS_NOAA20_NRT<br>Fecha UTC: 2026-10-09T01:47:00Z<br>Confianza: nominal<br>FRP: 0.53 MW"
      }
    },
    {
      "type": "Feature",
      "geometry": {
        "type": "Point",
        "coordinates": [-6.1844, 36.7121]
      },
      "properties": {
        "bright_ti4": 302.41,
        "scan": 0.51,
        "track": 0.49,
        "acq_date": "2026-10-09",
        "acq_time": "0147",
        "satellite": "N20",
        "instrument": "VIIRS",
        "confidence": "n",
        "version": "2.0NRT",
        "bright_ti5": 286.48,
        "frp": 0.73,
        "daynight": "N",
        "source_dataset": "VIIRS_NOAA20_NRT",
        "acq_datetime_utc": "2026-10-09T01:47:00Z",
        "age_hours": 7.2,
        "confidence_label": "nominal",
        "popup_label": "<strong>NASA FIRMS<\/strong><br>Sensor: VIIRS_NOAA20_NRT<br>Fecha UTC: 2026-10-09T01:47:00Z<br>Confianza: nominal<br>FRP: 0.73 MW"
      }
    },
    {
      "type": "Feature",
      "geometry": {
        "type": "Point",
        "coordinates": [-1.9034, 36.968]
      },
      "properties": {
        "bright_ti4": 311.69,
        "scan": 0.48,
        "track": 0.4,
        "acq_date": "2026-10-09",
        "acq_time": "0147",
        "satellite": "N20",
        "instrument": "VIIRS",
        "confidence": "n",
        "version": "2.0NRT",
        "bright_ti5": 292.01,
        "frp": 1.94,
        "daynight": "N",
        "source_dataset": "VIIRS_NOAA20_NRT",
        "acq_datetime_utc": "2026-10-09T01:47:00Z",
        "age_hours": 7.2,
        "confidence_label": "nominal",
        "popup_label": "<strong>NASA FIRMS<\/strong><br>Sensor: VIIRS_NOAA20_NRT<br>Fecha UTC: 2026-10-09T01:47:00Z<br>Confianza: nominal<br>FRP: 1.94 MW"
      }
    },
    {
      "type": "Feature",
      "geometry": {
        "type": "Point",
        "coordinates": [-4.6928, 37.8019]
      },
      "properties": {
        "bright_ti4": 300.57,
        "scan": 0.44,
        "track": 0.46,
        "acq_date": "2026-10-09",
        "acq_time": "0147",
        "satellite": "N20",
        "instrument": "VIIRS",
        "confidence": "n",
        "version": "2.0NRT",
        "bright_ti5": 286.24,
        "frp": 0.77,
        "daynight": "N",
        "source_dataset": "VIIRS_NOAA20_NRT",
        "acq_datetime_utc": "2026-10-09T01:47:00Z",
        "age_hours": 7.2,
        "confidence_label": "nominal",
        "popup_label": "<strong>NASA FIRMS<\/strong><br>Sensor: VIIRS_NOAA20_NRT<br>Fecha UTC: 2026-10-09T01:47:00Z<br>Confianza: nominal<br>FRP: 0.77 MW"
      }
    },
    {
      "type": "Feature",
      "geometry": {
        "type": "Point",
        "coordinates": [-4.0665, 38.6745]
      },
      "properties": {
        "bright_ti4": 303.41,
        "scan": 0.42,
        "track": 0.45,
        "acq_date": "2026-10-09",
        "acq_time": "0147",
        "satellite": "N20",
        "instrument": "VIIRS",
        "confidence": "n",
        "version": "2.0NRT",
        "bright_ti5": 281.7,
        "frp": 0.63,
        "daynight": "N",
        "source_dataset": "VIIRS_NOAA20_NRT",
        "acq_datetime_utc": "2026-10-09T01:47:00Z",
        "age_hours": 7.2,
        "confidence_label": "nominal",
        "popup_label": "<strong>NASA FIRMS<\/strong><br>Sensor: VIIRS_NOAA20_NRT<br>Fecha UTC: 2026-10-09T01:47:00Z<br>Confianza: nominal<br>FRP: 0.63 MW"
      }
    },
    {
      "type": "Feature",
      "geometry": {
        "type": "Point",
        "coordinates": [-3.746, 39.9354]
      },
      "properties": {
        "bright_ti4": 300.84,
        "scan": 0.42,
        "track": 0.45,
        "acq_date": "2026-10-09",
        "acq_time": "0147",
        "satellite": "N20",
        "instrument": "VIIRS",
        "confidence": "n",
        "version": "2.0NRT",
        "bright_ti5": 281.71,
        "frp": 0.86,
        "daynight": "N",
        "source_dataset": "VIIRS_NOAA20_NRT",
        "acq_datetime_utc": "2026-10-09T01:47:00Z",
        "age_hours": 7.2,
        "confidence_label": "nominal",
        "popup_label": "<strong>NASA FIRMS<\/strong><br>Sensor: VIIRS_NOAA20_NRT<br>Fecha UTC: 2026-10-09T01:47:00Z<br>Confianza: nominal<br>FRP: 0.86 MW"
      }
    },
    {
      "type": "Feature",
      "geometry": {
        "type": "Point",
        "coordinates": [-3.4764, 40.2471]
      },
      "properties": {
        "bright_ti4": 328.51,
        "scan": 0.41,
        "track": 0.45,
        "acq_date": "2026-10-09",
        "acq_time": "0147",
        "satellite": "N20",
        "instrument": "VIIRS",
        "confidence": "n",
        "version": "2.0NRT",
        "bright_ti5": 284.62,
        "frp": 2.64,
        "daynight": "N",
        "source_dataset": "VIIRS_NOAA20_NRT",
        "acq_datetime_utc": "2026-10-09T01:47:00Z",
        "age_hours": 7.2,
        "confidence_label": "nominal",
        "popup_label": "<strong>NASA FIRMS<\/strong><br>Sensor: VIIRS_NOAA20_NRT<br>Fecha UTC: 2026-10-09T01:47:00Z<br>Confianza: nominal<br>FRP: 2.64 MW"
      }
    },
    {
      "type": "Feature",
      "geometry": {
        "type": "Point",
        "coordinates": [0.5419, 40.5776]
      },
      "properties": {
        "bright_ti4": 309.33,
        "scan": 0.42,
        "track": 0.38,
        "acq_date": "2026-10-09",
        "acq_time": "0147",
        "satellite": "N20",
        "instrument": "VIIRS",
        "confidence": "n",
        "version": "2.0NRT",
        "bright_ti5": 287.68,
        "frp": 1.17,
        "daynight": "N",
        "source_dataset": "VIIRS_NOAA20_NRT",
        "acq_datetime_utc": "2026-10-09T01:47:00Z",
        "age_hours": 7.2,
        "confidence_label": "nominal",
        "popup_label": "<strong>NASA FIRMS<\/strong><br>Sensor: VIIRS_NOAA20_NRT<br>Fecha UTC: 2026-10-09T01:47:00Z<br>Confianza: nominal<br>FRP: 1.17 MW"
      }
    },
    {
      "type": "Feature",
      "geometry": {
        "type": "Point",
        "coordinates": [1.663, 41.3135]
      },
      "properties": {
        "bright_ti4": 306.04,
        "scan": 0.4,
        "track": 0.37,
        "acq_date": "2026-10-09",
        "acq_time": "0147",
        "satellite": "N20",
        "instrument": "VIIRS",
        "confidence": "n",
        "version": "2.0NRT",
        "bright_ti5": 285.19,
        "frp": 1.09,
        "daynight": "N",
        "source_dataset": "VIIRS_NOAA20_NRT",
        "acq_datetime_utc": "2026-10-09T01:47:00Z",
        "age_hours": 7.2,
        "confidence_label": "nominal",
        "popup_label": "<strong>NASA FIRMS<\/strong><br>Sensor: VIIRS_NOAA20_NRT<br>Fecha UTC: 2026-10-09T01:47:00Z<br>Confianza: nominal<br>FRP: 1.09 MW"
      }
    },
    {
      "type": "Feature",
      "geometry": {
        "type": "Point",
        "coordinates": [1.9782, 41.4552]
      },
      "properties": {
        "bright_ti4": 305.73,
        "scan": 0.4,
        "track": 0.37,
        "acq_date": "2026-10-09",
        "acq_time": "0147",
        "satellite": "N20",
        "instrument": "VIIRS",
        "confidence": "n",
        "version": "2.0NRT",
        "bright_ti5": 285.51,
        "frp": 1.13,
        "daynight": "N",
        "source_dataset": "VIIRS_NOAA20_NRT",
        "acq_datetime_utc": "2026-10-09T01:47:00Z",
        "age_hours": 7.2,
        "confidence_label": "nominal",
        "popup_label": "<strong>NASA FIRMS<\/strong><br>Sensor: VIIRS_NOAA20_NRT<br>Fecha UTC: 2026-10-09T01:47:00Z<br>Confianza: nominal<br>FRP: 1.13 MW"
      }
    },
    {
      "type": "Feature",
      "geometry": {
        "type": "Point",
        "coordinates": [-1.4901, 41.4743]
      },
      "properties": {
        "bright_ti4": 297.72,
        "scan": 0.51,
        "track": 0.41,
        "acq_date": "2026-10-09",
        "acq_time": "0147",
        "satellite": "N20",
        "instrument": "VIIRS",
        "confidence": "n",
        "version": "2.0NRT",
        "bright_ti5": 282.36,
        "frp": 0.94,
        "daynight": "N",
        "source_dataset": "VIIRS_NOAA20_NRT",
        "acq_datetime_utc": "2026-10-09T01:47:00Z",
        "age_hours": 7.2,
        "confidence_label": "nominal",
        "popup_label": "<strong>NASA FIRMS<\/strong><br>Sensor: VIIRS_NOAA20_NRT<br>Fecha UTC: 2026-10-09T01:47:00Z<br>Confianza: nominal<br>FRP: 0.94 MW"
      }
    },
    {
      "type": "Feature",
      "geometry": {
        "type": "Point",
        "coordinates": [4.8944, 43.4338]
      },
      "properties": {
        "bright_ti4": 302.15,
        "scan": 0.38,
        "track": 0.36,
        "acq_date": "2026-10-09",
        "acq_time": "0145",
        "satellite": "N20",
        "instrument": "VIIRS",
        "confidence": "n",
        "version": "2.0NRT",
        "bright_ti5": 282.32,
        "frp": 2.34,
        "daynight": "N",
        "source_dataset": "VIIRS_NOAA20_NRT",
        "acq_datetime_utc": "2026-10-09T01:45:00Z",
        "age_hours": 7.2,
        "confidence_label": "nominal",
        "popup_label": "<strong>NASA FIRMS<\/strong><br>Sensor: VIIRS_NOAA20_NRT<br>Fecha UTC: 2026-10-09T01:45:00Z<br>Confianza: nominal<br>FRP: 2.34 MW"
      }
    },
    {
      "type": "Feature",
      "geometry": {
        "type": "Point",
        "coordinates": [4.8897, 43.4346]
      },
      "properties": {
        "bright_ti4": 328.36,
        "scan": 0.38,
        "track": 0.36,
        "acq_date": "2026-10-09",
        "acq_time": "0145",
        "satellite": "N20",
        "instrument": "VIIRS",
        "confidence": "n",
        "version": "2.0NRT",
        "bright_ti5": 284.93,
        "frp": 2.34,
        "daynight": "N",
        "source_dataset": "VIIRS_NOAA20_NRT",
        "acq_datetime_utc": "2026-10-09T01:45:00Z",
        "age_hours": 7.2,
        "confidence_label": "nominal",
        "popup_label": "<strong>NASA FIRMS<\/strong><br>Sensor: VIIRS_NOAA20_NRT<br>Fecha UTC: 2026-10-09T01:45:00Z<br>Confianza: nominal<br>FRP: 2.34 MW"
      }
    },
    {
      "type": "Feature",
      "geometry": {
        "type": "Point",
        "coordinates": [4.8392, 43.4462]
      },
      "properties": {
        "bright_ti4": 298.72,
        "scan": 0.38,
        "track": 0.36,
        "acq_date": "2026-10-09",
        "acq_time": "0145",
        "satellite": "N20",
        "instrument": "VIIRS",
        "confidence": "n",
        "version": "2.0NRT",
        "bright_ti5": 282.23,
        "frp": 0.32,
        "daynight": "N",
        "source_dataset": "VIIRS_NOAA20_NRT",
        "acq_datetime_utc": "2026-10-09T01:45:00Z",
        "age_hours": 7.2,
        "confidence_label": "nominal",
        "popup_label": "<strong>NASA FIRMS<\/strong><br>Sensor: VIIRS_NOAA20_NRT<br>Fecha UTC: 2026-10-09T01:45:00Z<br>Confianza: nominal<br>FRP: 0.32 MW"
      }
    },
    {
      "type": "Feature",
      "geometry": {
        "type": "Point",
        "coordinates": [-5.7305, 43.5265]
      },
      "properties": {
        "bright_ti4": 329.06,
        "scan": 0.57,
        "track": 0.52,
        "acq_date": "2026-10-09",
        "acq_time": "0145",
        "satellite": "N20",
        "instrument": "VIIRS",
        "confidence": "n",
        "version": "2.0NRT",
        "bright_ti5": 284.5,
        "frp": 5.15,
        "daynight": "N",
        "source_dataset": "VIIRS_NOAA20_NRT",
        "acq_datetime_utc": "2026-10-09T01:45:00Z",
        "age_hours": 7.2,
        "confidence_label": "nominal",
        "popup_label": "<strong>NASA FIRMS<\/strong><br>Sensor: VIIRS_NOAA20_NRT<br>Fecha UTC: 2026-10-09T01:45:00Z<br>Confianza: nominal<br>FRP: 5.15 MW"
      }
    },
    {
      "type": "Feature",
      "geometry": {
        "type": "Point",
        "coordinates": [-5.7374, 43.527]
      },
      "properties": {
        "bright_ti4": 316.64,
        "scan": 0.57,
        "track": 0.52,
        "acq_date": "2026-10-09",
        "acq_time": "0145",
        "satellite": "N20",
        "instrument": "VIIRS",
        "confidence": "n",
        "version": "2.0NRT",
        "bright_ti5": 283.21,
        "frp": 3.43,
        "daynight": "N",
        "source_dataset": "VIIRS_NOAA20_NRT",
        "acq_datetime_utc": "2026-10-09T01:45:00Z",
        "age_hours": 7.2,
        "confidence_label": "nominal",
        "popup_label": "<strong>NASA FIRMS<\/strong><br>Sensor: VIIRS_NOAA20_NRT<br>Fecha UTC: 2026-10-09T01:45:00Z<br>Confianza: nominal<br>FRP: 3.43 MW"
      }
    },
    {
      "type": "Feature",
      "geometry": {
        "type": "Point",
        "coordinates": [-5.8299, 43.538]
      },
      "properties": {
        "bright_ti4": 297.22,
        "scan": 0.58,
        "track": 0.52,
        "acq_date": "2026-10-09",
        "acq_time": "0145",
        "satellite": "N20",
        "instrument": "VIIRS",
        "confidence": "n",
        "version": "2.0NRT",
        "bright_ti5": 280.63,
        "frp": 1.68,
        "daynight": "N",
        "source_dataset": "VIIRS_NOAA20_NRT",
        "acq_datetime_utc": "2026-10-09T01:45:00Z",
        "age_hours": 7.2,
        "confidence_label": "nominal",
        "popup_label": "<strong>NASA FIRMS<\/strong><br>Sensor: VIIRS_NOAA20_NRT<br>Fecha UTC: 2026-10-09T01:45:00Z<br>Confianza: nominal<br>FRP: 1.68 MW"
      }
    },
    {
      "type": "Feature",
      "geometry": {
        "type": "Point",
        "coordinates": [1.2267, 43.9872]
      },
      "properties": {
        "bright_ti4": 295.73,
        "scan": 0.43,
        "track": 0.38,
        "acq_date": "2026-10-09",
        "acq_time": "0145",
        "satellite": "N20",
        "instrument": "VIIRS",
        "confidence": "n",
        "version": "2.0NRT",
        "bright_ti5": 281.12,
        "frp": 0.67,
        "daynight": "N",
        "source_dataset": "VIIRS_NOAA20_NRT",
        "acq_datetime_utc": "2026-10-09T01:45:00Z",
        "age_hours": 7.2,
        "confidence_label": "nominal",
        "popup_label": "<strong>NASA FIRMS<\/strong><br>Sensor: VIIRS_NOAA20_NRT<br>Fecha UTC: 2026-10-09T01:45:00Z<br>Confianza: nominal<br>FRP: 0.67 MW"
      }
    },
    {
      "type": "Feature",
      "geometry": {
        "type": "Point",
        "coordinates": [4.8457, 43.9996]
      },
      "properties": {
        "bright_ti4": 317.16,
        "scan": 0.38,
        "track": 0.36,
        "acq_date": "2026-10-09",
        "acq_time": "0145",
        "satellite": "N20",
        "instrument": "VIIRS",
        "confidence": "n",
        "version": "2.0NRT",
        "bright_ti5": 284.91,
        "frp": 1.47,
        "daynight": "N",
        "source_dataset": "VIIRS_NOAA20_NRT",
        "acq_datetime_utc": "2026-10-09T01:45:00Z",
        "age_hours": 7.2,
        "confidence_label": "nominal",
        "popup_label": "<strong>NASA FIRMS<\/strong><br>Sensor: VIIRS_NOAA20_NRT<br>Fecha UTC: 2026-10-09T01:45:00Z<br>Confianza: nominal<br>FRP: 1.47 MW"
      }
    },
    {
      "type": "Feature",
      "geometry": {
        "type": "Point",
        "coordinates": [-7.9717, 41.2736]
      },
      "properties": {
        "bright_ti4": 335.44,
        "scan": 0.39,
        "track": 0.36,
        "acq_date": "2026-10-08",
        "acq_time": "1329",
        "satellite": "N20",
        "instrument": "VIIRS",
        "confidence": "n",
        "version": "2.0NRT",
        "bright_ti5": 296.56,
        "frp": 3.35,
        "daynight": "D",
        "source_dataset": "VIIRS_NOAA20_NRT",
        "acq_datetime_utc": "2026-10-08T13:29:00Z",
        "age_hours": 19.5,
        "confidence_label": "nominal",
        "popup_label": "<strong>NASA FIRMS<\/strong><br>Sensor: VIIRS_NOAA20_NRT<br>Fecha UTC: 2026-10-08T13:29:00Z<br>Confianza: nominal<br>FRP: 3.35 MW"
      }
    },
    {
      "type": "Feature",
      "geometry": {
        "type": "Point",
        "coordinates": [-7.8733, 33.4675]
      },
      "properties": {
        "bright_ti4": 330.94,
        "scan": 0.43,
        "track": 0.38,
        "acq_date": "2026-10-08",
        "acq_time": "1327",
        "satellite": "N20",
        "instrument": "VIIRS",
        "confidence": "n",
        "version": "2.0NRT",
        "bright_ti5": 297.77,
        "frp": 1.63,
        "daynight": "D",
        "source_dataset": "VIIRS_NOAA20_NRT",
        "acq_datetime_utc": "2026-10-08T13:27:00Z",
        "age_hours": 19.5,
        "confidence_label": "nominal",
        "popup_label": "<strong>NASA FIRMS<\/strong><br>Sensor: VIIRS_NOAA20_NRT<br>Fecha UTC: 2026-10-08T13:27:00Z<br>Confianza: nominal<br>FRP: 1.63 MW"
      }
    },
    {
      "type": "Feature",
      "geometry": {
        "type": "Point",
        "coordinates": [-4.5075, 36.7015]
      },
      "properties": {
        "bright_ti4": 333.45,
        "scan": 0.39,
        "track": 0.36,
        "acq_date": "2026-10-08",
        "acq_time": "1327",
        "satellite": "N20",
        "instrument": "VIIRS",
        "confidence": "n",
        "version": "2.0NRT",
        "bright_ti5": 301.82,
        "frp": 1.84,
        "daynight": "D",
        "source_dataset": "VIIRS_NOAA20_NRT",
        "acq_datetime_utc": "2026-10-08T13:27:00Z",
        "age_hours": 19.5,
        "confidence_label": "nominal",
        "popup_label": "<strong>NASA FIRMS<\/strong><br>Sensor: VIIRS_NOAA20_NRT<br>Fecha UTC: 2026-10-08T13:27:00Z<br>Confianza: nominal<br>FRP: 1.84 MW"
      }
    },
    {
      "type": "Feature",
      "geometry": {
        "type": "Point",
        "coordinates": [-5.8152, 36.8173]
      },
      "properties": {
        "bright_ti4": 338.87,
        "scan": 0.38,
        "track": 0.36,
        "acq_date": "2026-10-08",
        "acq_time": "1327",
        "satellite": "N20",
        "instrument": "VIIRS",
        "confidence": "n",
        "version": "2.0NRT",
        "bright_ti5": 301.03,
        "frp": 2.57,
        "daynight": "D",
        "source_dataset": "VIIRS_NOAA20_NRT",
        "acq_datetime_utc": "2026-10-08T13:27:00Z",
        "age_hours": 19.5,
        "confidence_label": "nominal",
        "popup_label": "<strong>NASA FIRMS<\/strong><br>Sensor: VIIRS_NOAA20_NRT<br>Fecha UTC: 2026-10-08T13:27:00Z<br>Confianza: nominal<br>FRP: 2.57 MW"
      }
    },
    {
      "type": "Feature",
      "geometry": {
        "type": "Point",
        "coordinates": [-7.9485, 37.0825]
      },
      "properties": {
        "bright_ti4": 340.62,
        "scan": 0.4,
        "track": 0.37,
        "acq_date": "2026-10-08",
        "acq_time": "1327",
        "satellite": "N20",
        "instrument": "VIIRS",
        "confidence": "n",
        "version": "2.0NRT",
        "bright_ti5": 302.64,
        "frp": 1.51,
        "daynight": "D",
        "source_dataset": "VIIRS_NOAA20_NRT",
        "acq_datetime_utc": "2026-10-08T13:27:00Z",
        "age_hours": 19.5,
        "confidence_label": "nominal",
        "popup_label": "<strong>NASA FIRMS<\/strong><br>Sensor: VIIRS_NOAA20_NRT<br>Fecha UTC: 2026-10-08T13:27:00Z<br>Confianza: nominal<br>FRP: 1.51 MW"
      }
    },
    {
      "type": "Feature",
      "geometry": {
        "type": "Point",
        "coordinates": [-5.6731, 37.326]
      },
      "properties": {
        "bright_ti4": 333.34,
        "scan": 0.38,
        "track": 0.36,
        "acq_date": "2026-10-08",
        "acq_time": "1327",
        "satellite": "N20",
        "instrument": "VIIRS",
        "confidence": "l",
        "version": "2.0NRT",
        "bright_ti5": 307.74,
        "frp": 1.51,
        "daynight": "D",
        "source_dataset": "VIIRS_NOAA20_NRT",
        "acq_datetime_utc": "2026-10-08T13:27:00Z",
        "age_hours": 19.5,
        "confidence_label": "baja",
        "popup_label": "<strong>NASA FIRMS<\/strong><br>Sensor: VIIRS_NOAA20_NRT<br>Fecha UTC: 2026-10-08T13:27:00Z<br>Confianza: baja<br>FRP: 1.51 MW"
      }
    },
    {
      "type": "Feature",
      "geometry": {
        "type": "Point",
        "coordinates": [-6.3765, 37.4429]
      },
      "properties": {
        "bright_ti4": 337.14,
        "scan": 0.38,
        "track": 0.36,
        "acq_date": "2026-10-08",
        "acq_time": "1327",
        "satellite": "N20",
        "instrument": "VIIRS",
        "confidence": "n",
        "version": "2.0NRT",
        "bright_ti5": 306.58,
        "frp": 2.26,
        "daynight": "D",
        "source_dataset": "VIIRS_NOAA20_NRT",
        "acq_datetime_utc": "2026-10-08T13:27:00Z",
        "age_hours": 19.5,
        "confidence_label": "nominal",
        "popup_label": "<strong>NASA FIRMS<\/strong><br>Sensor: VIIRS_NOAA20_NRT<br>Fecha UTC: 2026-10-08T13:27:00Z<br>Confianza: nominal<br>FRP: 2.26 MW"
      }
    },
    {
      "type": "Feature",
      "geometry": {
        "type": "Point",
        "coordinates": [-7.5808, 37.4458]
      },
      "properties": {
        "bright_ti4": 341.67,
        "scan": 0.4,
        "track": 0.37,
        "acq_date": "2026-10-08",
        "acq_time": "1327",
        "satellite": "N20",
        "instrument": "VIIRS",
        "confidence": "n",
        "version": "2.0NRT",
        "bright_ti5": 305.56,
        "frp": 8.11,
        "daynight": "D",
        "source_dataset": "VIIRS_NOAA20_NRT",
        "acq_datetime_utc": "2026-10-08T13:27:00Z",
        "age_hours": 19.5,
        "confidence_label": "nominal",
        "popup_label": "<strong>NASA FIRMS<\/strong><br>Sensor: VIIRS_NOAA20_NRT<br>Fecha UTC: 2026-10-08T13:27:00Z<br>Confianza: nominal<br>FRP: 8.11 MW"
      }
    },
    {
      "type": "Feature",
      "geometry": {
        "type": "Point",
        "coordinates": [-6.3774, 37.4462]
      },
      "properties": {
        "bright_ti4": 339.18,
        "scan": 0.38,
        "track": 0.36,
        "acq_date": "2026-10-08",
        "acq_time": "1327",
        "satellite": "N20",
        "instrument": "VIIRS",
        "confidence": "n",
        "version": "2.0NRT",
        "bright_ti5": 305.27,
        "frp": 2.26,
        "daynight": "D",
        "source_dataset": "VIIRS_NOAA20_NRT",
        "acq_datetime_utc": "2026-10-08T13:27:00Z",
        "age_hours": 19.5,
        "confidence_label": "nominal",
        "popup_label": "<strong>NASA FIRMS<\/strong><br>Sensor: VIIRS_NOAA20_NRT<br>Fecha UTC: 2026-10-08T13:27:00Z<br>Confianza: nominal<br>FRP: 2.26 MW"
      }
    },
    {
      "type": "Feature",
      "geometry": {
        "type": "Point",
        "coordinates": [-7.6134, 37.4472]
      },
      "properties": {
        "bright_ti4": 348.15,
        "scan": 0.4,
        "track": 0.37,
        "acq_date": "2026-10-08",
        "acq_time": "1327",
        "satellite": "N20",
        "instrument": "VIIRS",
        "confidence": "n",
        "version": "2.0NRT",
        "bright_ti5": 304.76,
        "frp": 4.82,
        "daynight": "D",
        "source_dataset": "VIIRS_NOAA20_NRT",
        "acq_datetime_utc": "2026-10-08T13:27:00Z",
        "age_hours": 19.5,
        "confidence_label": "nominal",
        "popup_label": "<strong>NASA FIRMS<\/strong><br>Sensor: VIIRS_NOAA20_NRT<br>Fecha UTC: 2026-10-08T13:27:00Z<br>Confianza: nominal<br>FRP: 4.82 MW"
      }
    },
    {
      "type": "Feature",
      "geometry": {
        "type": "Point",
        "coordinates": [-7.669, 37.4483]
      },
      "properties": {
        "bright_ti4": 339.23,
        "scan": 0.4,
        "track": 0.37,
        "acq_date": "2026-10-08",
        "acq_time": "1327",
        "satellite": "N20",
        "instrument": "VIIRS",
        "confidence": "n",
        "version": "2.0NRT",
        "bright_ti5": 304.89,
        "frp": 3.29,
        "daynight": "D",
        "source_dataset": "VIIRS_NOAA20_NRT",
        "acq_datetime_utc": "2026-10-08T13:27:00Z",
        "age_hours": 19.5,
        "confidence_label": "nominal",
        "popup_label": "<strong>NASA FIRMS<\/strong><br>Sensor: VIIRS_NOAA20_NRT<br>Fecha UTC: 2026-10-08T13:27:00Z<br>Confianza: nominal<br>FRP: 3.29 MW"
      }
    },
    {
      "type": "Feature",
      "geometry": {
        "type": "Point",
        "coordinates": [-7.6187, 37.4498]
      },
      "properties": {
        "bright_ti4": 348.23,
        "scan": 0.4,
        "track": 0.37,
        "acq_date": "2026-10-08",
        "acq_time": "1327",
        "satellite": "N20",
        "instrument": "VIIRS",
        "confidence": "n",
        "version": "2.0NRT",
        "bright_ti5": 305.56,
        "frp": 4.02,
        "daynight": "D",
        "source_dataset": "VIIRS_NOAA20_NRT",
        "acq_datetime_utc": "2026-10-08T13:27:00Z",
        "age_hours": 19.5,
        "confidence_label": "nominal",
        "popup_label": "<strong>NASA FIRMS<\/strong><br>Sensor: VIIRS_NOAA20_NRT<br>Fecha UTC: 2026-10-08T13:27:00Z<br>Confianza: nominal<br>FRP: 4.02 MW"
      }
    },
    {
      "type": "Feature",
      "geometry": {
        "type": "Point",
        "coordinates": [-7.6699, 37.4516]
      },
      "properties": {
        "bright_ti4": 343.09,
        "scan": 0.4,
        "track": 0.37,
        "acq_date": "2026-10-08",
        "acq_time": "1327",
        "satellite": "N20",
        "instrument": "VIIRS",
        "confidence": "n",
        "version": "2.0NRT",
        "bright_ti5": 305.4,
        "frp": 2.21,
        "daynight": "D",
        "source_dataset": "VIIRS_NOAA20_NRT",
        "acq_datetime_utc": "2026-10-08T13:27:00Z",
        "age_hours": 19.5,
        "confidence_label": "nominal",
        "popup_label": "<strong>NASA FIRMS<\/strong><br>Sensor: VIIRS_NOAA20_NRT<br>Fecha UTC: 2026-10-08T13:27:00Z<br>Confianza: nominal<br>FRP: 2.21 MW"
      }
    },
    {
      "type": "Feature",
      "geometry": {
        "type": "Point",
        "coordinates": [-7.6655, 37.4523]
      },
      "properties": {
        "bright_ti4": 339.58,
        "scan": 0.4,
        "track": 0.37,
        "acq_date": "2026-10-08",
        "acq_time": "1327",
        "satellite": "N20",
        "instrument": "VIIRS",
        "confidence": "n",
        "version": "2.0NRT",
        "bright_ti5": 305.76,
        "frp": 2.21,
        "daynight": "D",
        "source_dataset": "VIIRS_NOAA20_NRT",
        "acq_datetime_utc": "2026-10-08T13:27:00Z",
        "age_hours": 19.5,
        "confidence_label": "nominal",
        "popup_label": "<strong>NASA FIRMS<\/strong><br>Sensor: VIIRS_NOAA20_NRT<br>Fecha UTC: 2026-10-08T13:27:00Z<br>Confianza: nominal<br>FRP: 2.21 MW"
      }
    },
    {
      "type": "Feature",
      "geometry": {
        "type": "Point",
        "coordinates": [-7.6664, 37.4556]
      },
      "properties": {
        "bright_ti4": 341.16,
        "scan": 0.4,
        "track": 0.37,
        "acq_date": "2026-10-08",
        "acq_time": "1327",
        "satellite": "N20",
        "instrument": "VIIRS",
        "confidence": "n",
        "version": "2.0NRT",
        "bright_ti5": 305.48,
        "frp": 2.21,
        "daynight": "D",
        "source_dataset": "VIIRS_NOAA20_NRT",
        "acq_datetime_utc": "2026-10-08T13:27:00Z",
        "age_hours": 19.5,
        "confidence_label": "nominal",
        "popup_label": "<strong>NASA FIRMS<\/strong><br>Sensor: VIIRS_NOAA20_NRT<br>Fecha UTC: 2026-10-08T13:27:00Z<br>Confianza: nominal<br>FRP: 2.21 MW"
      }
    },
    {
      "type": "Feature",
      "geometry": {
        "type": "Point",
        "coordinates": [-5.824, 37.497]
      },
      "properties": {
        "bright_ti4": 333.77,
        "scan": 0.38,
        "track": 0.36,
        "acq_date": "2026-10-08",
        "acq_time": "1327",
        "satellite": "N20",
        "instrument": "VIIRS",
        "confidence": "n",
        "version": "2.0NRT",
        "bright_ti5": 305.81,
        "frp": 1.9,
        "daynight": "D",
        "source_dataset": "VIIRS_NOAA20_NRT",
        "acq_datetime_utc": "2026-10-08T13:27:00Z",
        "age_hours": 19.5,
        "confidence_label": "nominal",
        "popup_label": "<strong>NASA FIRMS<\/strong><br>Sensor: VIIRS_NOAA20_NRT<br>Fecha UTC: 2026-10-08T13:27:00Z<br>Confianza: nominal<br>FRP: 1.9 MW"
      }
    },
    {
      "type": "Feature",
      "geometry": {
        "type": "Point",
        "coordinates": [-2.9992, 38.5476]
      },
      "properties": {
        "bright_ti4": 329.87,
        "scan": 0.44,
        "track": 0.38,
        "acq_date": "2026-10-08",
        "acq_time": "1327",
        "satellite": "N20",
        "instrument": "VIIRS",
        "confidence": "n",
        "version": "2.0NRT",
        "bright_ti5": 296.09,
        "frp": 1.86,
        "daynight": "D",
        "source_dataset": "VIIRS_NOAA20_NRT",
        "acq_datetime_utc": "2026-10-08T13:27:00Z",
        "age_hours": 19.5,
        "confidence_label": "nominal",
        "popup_label": "<strong>NASA FIRMS<\/strong><br>Sensor: VIIRS_NOAA20_NRT<br>Fecha UTC: 2026-10-08T13:27:00Z<br>Confianza: nominal<br>FRP: 1.86 MW"
      }
    },
    {
      "type": "Feature",
      "geometry": {
        "type": "Point",
        "coordinates": [-8.8094, 38.55]
      },
      "properties": {
        "bright_ti4": 346.21,
        "scan": 0.41,
        "track": 0.37,
        "acq_date": "2026-10-08",
        "acq_time": "1327",
        "satellite": "N20",
        "instrument": "VIIRS",
        "confidence": "n",
        "version": "2.0NRT",
        "bright_ti5": 305.5,
        "frp": 3.68,
        "daynight": "D",
        "source_dataset": "VIIRS_NOAA20_NRT",
        "acq_datetime_utc": "2026-10-08T13:27:00Z",
        "age_hours": 19.5,
        "confidence_label": "nominal",
        "popup_label": "<strong>NASA FIRMS<\/strong><br>Sensor: VIIRS_NOAA20_NRT<br>Fecha UTC: 2026-10-08T13:27:00Z<br>Confianza: nominal<br>FRP: 3.68 MW"
      }
    },
    {
      "type": "Feature",
      "geometry": {
        "type": "Point",
        "coordinates": [-8.9858, 38.5507]
      },
      "properties": {
        "bright_ti4": 340.06,
        "scan": 0.42,
        "track": 0.37,
        "acq_date": "2026-10-08",
        "acq_time": "1327",
        "satellite": "N20",
        "instrument": "VIIRS",
        "confidence": "n",
        "version": "2.0NRT",
        "bright_ti5": 303.28,
        "frp": 3.24,
        "daynight": "D",
        "source_dataset": "VIIRS_NOAA20_NRT",
        "acq_datetime_utc": "2026-10-08T13:27:00Z",
        "age_hours": 19.5,
        "confidence_label": "nominal",
        "popup_label": "<strong>NASA FIRMS<\/strong><br>Sensor: VIIRS_NOAA20_NRT<br>Fecha UTC: 2026-10-08T13:27:00Z<br>Confianza: nominal<br>FRP: 3.24 MW"
      }
    },
    {
      "type": "Feature",
      "geometry": {
        "type": "Point",
        "coordinates": [-8.815, 38.5526]
      },
      "properties": {
        "bright_ti4": 341.13,
        "scan": 0.41,
        "track": 0.37,
        "acq_date": "2026-10-08",
        "acq_time": "1327",
        "satellite": "N20",
        "instrument": "VIIRS",
        "confidence": "n",
        "version": "2.0NRT",
        "bright_ti5": 305.3,
        "frp": 3.68,
        "daynight": "D",
        "source_dataset": "VIIRS_NOAA20_NRT",
        "acq_datetime_utc": "2026-10-08T13:27:00Z",
        "age_hours": 19.5,
        "confidence_label": "nominal",
        "popup_label": "<strong>NASA FIRMS<\/strong><br>Sensor: VIIRS_NOAA20_NRT<br>Fecha UTC: 2026-10-08T13:27:00Z<br>Confianza: nominal<br>FRP: 3.68 MW"
      }
    },
    {
      "type": "Feature",
      "geometry": {
        "type": "Point",
        "coordinates": [-8.8104, 38.5534]
      },
      "properties": {
        "bright_ti4": 352.74,
        "scan": 0.41,
        "track": 0.37,
        "acq_date": "2026-10-08",
        "acq_time": "1327",
        "satellite": "N20",
        "instrument": "VIIRS",
        "confidence": "n",
        "version": "2.0NRT",
        "bright_ti5": 305.47,
        "frp": 3.68,
        "daynight": "D",
        "source_dataset": "VIIRS_NOAA20_NRT",
        "acq_datetime_utc": "2026-10-08T13:27:00Z",
        "age_hours": 19.5,
        "confidence_label": "nominal",
        "popup_label": "<strong>NASA FIRMS<\/strong><br>Sensor: VIIRS_NOAA20_NRT<br>Fecha UTC: 2026-10-08T13:27:00Z<br>Confianza: nominal<br>FRP: 3.68 MW"
      }
    },
    {
      "type": "Feature",
      "geometry": {
        "type": "Point",
        "coordinates": [-8.816, 38.5559]
      },
      "properties": {
        "bright_ti4": 343.72,
        "scan": 0.41,
        "track": 0.37,
        "acq_date": "2026-10-08",
        "acq_time": "1327",
        "satellite": "N20",
        "instrument": "VIIRS",
        "confidence": "n",
        "version": "2.0NRT",
        "bright_ti5": 304.9,
        "frp": 3.31,
        "daynight": "D",
        "source_dataset": "VIIRS_NOAA20_NRT",
        "acq_datetime_utc": "2026-10-08T13:27:00Z",
        "age_hours": 19.5,
        "confidence_label": "nominal",
        "popup_label": "<strong>NASA FIRMS<\/strong><br>Sensor: VIIRS_NOAA20_NRT<br>Fecha UTC: 2026-10-08T13:27:00Z<br>Confianza: nominal<br>FRP: 3.31 MW"
      }
    },
    {
      "type": "Feature",
      "geometry": {
        "type": "Point",
        "coordinates": [-8.8226, 38.5795]
      },
      "properties": {
        "bright_ti4": 344.89,
        "scan": 0.41,
        "track": 0.37,
        "acq_date": "2026-10-08",
        "acq_time": "1327",
        "satellite": "N20",
        "instrument": "VIIRS",
        "confidence": "n",
        "version": "2.0NRT",
        "bright_ti5": 306.93,
        "frp": 4.75,
        "daynight": "D",
        "source_dataset": "VIIRS_NOAA20_NRT",
        "acq_datetime_utc": "2026-10-08T13:27:00Z",
        "age_hours": 19.5,
        "confidence_label": "nominal",
        "popup_label": "<strong>NASA FIRMS<\/strong><br>Sensor: VIIRS_NOAA20_NRT<br>Fecha UTC: 2026-10-08T13:27:00Z<br>Confianza: nominal<br>FRP: 4.75 MW"
      }
    },
    {
      "type": "Feature",
      "geometry": {
        "type": "Point",
        "coordinates": [-1.6161, 38.6688]
      },
      "properties": {
        "bright_ti4": 341.14,
        "scan": 0.5,
        "track": 0.41,
        "acq_date": "2026-10-08",
        "acq_time": "1327",
        "satellite": "N20",
        "instrument": "VIIRS",
        "confidence": "n",
        "version": "2.0NRT",
        "bright_ti5": 300.56,
        "frp": 6.79,
        "daynight": "D",
        "source_dataset": "VIIRS_NOAA20_NRT",
        "acq_datetime_utc": "2026-10-08T13:27:00Z",
        "age_hours": 19.5,
        "confidence_label": "nominal",
        "popup_label": "<strong>NASA FIRMS<\/strong><br>Sensor: VIIRS_NOAA20_NRT<br>Fecha UTC: 2026-10-08T13:27:00Z<br>Confianza: nominal<br>FRP: 6.79 MW"
      }
    },
    {
      "type": "Feature",
      "geometry": {
        "type": "Point",
        "coordinates": [-8.6201, 38.7245]
      },
      "properties": {
        "bright_ti4": 342.09,
        "scan": 0.41,
        "track": 0.37,
        "acq_date": "2026-10-08",
        "acq_time": "1327",
        "satellite": "N20",
        "instrument": "VIIRS",
        "confidence": "n",
        "version": "2.0NRT",
        "bright_ti5": 305.35,
        "frp": 5.47,
        "daynight": "D",
        "source_dataset": "VIIRS_NOAA20_NRT",
        "acq_datetime_utc": "2026-10-08T13:27:00Z",
        "age_hours": 19.5,
        "confidence_label": "nominal",
        "popup_label": "<strong>NASA FIRMS<\/strong><br>Sensor: VIIRS_NOAA20_NRT<br>Fecha UTC: 2026-10-08T13:27:00Z<br>Confianza: nominal<br>FRP: 5.47 MW"
      }
    },
    {
      "type": "Feature",
      "geometry": {
        "type": "Point",
        "coordinates": [-8.6211, 38.7278]
      },
      "properties": {
        "bright_ti4": 347.06,
        "scan": 0.41,
        "track": 0.37,
        "acq_date": "2026-10-08",
        "acq_time": "1327",
        "satellite": "N20",
        "instrument": "VIIRS",
        "confidence": "n",
        "version": "2.0NRT",
        "bright_ti5": 305.41,
        "frp": 5.93,
        "daynight": "D",
        "source_dataset": "VIIRS_NOAA20_NRT",
        "acq_datetime_utc": "2026-10-08T13:27:00Z",
        "age_hours": 19.5,
        "confidence_label": "nominal",
        "popup_label": "<strong>NASA FIRMS<\/strong><br>Sensor: VIIRS_NOAA20_NRT<br>Fecha UTC: 2026-10-08T13:27:00Z<br>Confianza: nominal<br>FRP: 5.93 MW"
      }
    },
    {
      "type": "Feature",
      "geometry": {
        "type": "Point",
        "coordinates": [-8.9725, 39.0595]
      },
      "properties": {
        "bright_ti4": 334.17,
        "scan": 0.41,
        "track": 0.37,
        "acq_date": "2026-10-08",
        "acq_time": "1327",
        "satellite": "N20",
        "instrument": "VIIRS",
        "confidence": "n",
        "version": "2.0NRT",
        "bright_ti5": 303.68,
        "frp": 3.67,
        "daynight": "D",
        "source_dataset": "VIIRS_NOAA20_NRT",
        "acq_datetime_utc": "2026-10-08T13:27:00Z",
        "age_hours": 19.5,
        "confidence_label": "nominal",
        "popup_label": "<strong>NASA FIRMS<\/strong><br>Sensor: VIIRS_NOAA20_NRT<br>Fecha UTC: 2026-10-08T13:27:00Z<br>Confianza: nominal<br>FRP: 3.67 MW"
      }
    },
    {
      "type": "Feature",
      "geometry": {
        "type": "Point",
        "coordinates": [-8.9651, 39.0679]
      },
      "properties": {
        "bright_ti4": 337.33,
        "scan": 0.41,
        "track": 0.37,
        "acq_date": "2026-10-08",
        "acq_time": "1327",
        "satellite": "N20",
        "instrument": "VIIRS",
        "confidence": "n",
        "version": "2.0NRT",
        "bright_ti5": 302.17,
        "frp": 0.83,
        "daynight": "D",
        "source_dataset": "VIIRS_NOAA20_NRT",
        "acq_datetime_utc": "2026-10-08T13:27:00Z",
        "age_hours": 19.5,
        "confidence_label": "nominal",
        "popup_label": "<strong>NASA FIRMS<\/strong><br>Sensor: VIIRS_NOAA20_NRT<br>Fecha UTC: 2026-10-08T13:27:00Z<br>Confianza: nominal<br>FRP: 0.83 MW"
      }
    },
    {
      "type": "Feature",
      "geometry": {
        "type": "Point",
        "coordinates": [-8.9562, 39.0768]
      },
      "properties": {
        "bright_ti4": 342.86,
        "scan": 0.41,
        "track": 0.37,
        "acq_date": "2026-10-08",
        "acq_time": "1327",
        "satellite": "N20",
        "instrument": "VIIRS",
        "confidence": "n",
        "version": "2.0NRT",
        "bright_ti5": 302.03,
        "frp": 7.11,
        "daynight": "D",
        "source_dataset": "VIIRS_NOAA20_NRT",
        "acq_datetime_utc": "2026-10-08T13:27:00Z",
        "age_hours": 19.5,
        "confidence_label": "nominal",
        "popup_label": "<strong>NASA FIRMS<\/strong><br>Sensor: VIIRS_NOAA20_NRT<br>Fecha UTC: 2026-10-08T13:27:00Z<br>Confianza: nominal<br>FRP: 7.11 MW"
      }
    },
    {
      "type": "Feature",
      "geometry": {
        "type": "Point",
        "coordinates": [-8.9515, 39.0776]
      },
      "properties": {
        "bright_ti4": 355.27,
        "scan": 0.41,
        "track": 0.37,
        "acq_date": "2026-10-08",
        "acq_time": "1327",
        "satellite": "N20",
        "instrument": "VIIRS",
        "confidence": "l",
        "version": "2.0NRT",
        "bright_ti5": 303.53,
        "frp": 7.11,
        "daynight": "D",
        "source_dataset": "VIIRS_NOAA20_NRT",
        "acq_datetime_utc": "2026-10-08T13:27:00Z",
        "age_hours": 19.5,
        "confidence_label": "baja",
        "popup_label": "<strong>NASA FIRMS<\/strong><br>Sensor: VIIRS_NOAA20_NRT<br>Fecha UTC: 2026-10-08T13:27:00Z<br>Confianza: baja<br>FRP: 7.11 MW"
      }
    },
    {
      "type": "Feature",
      "geometry": {
        "type": "Point",
        "coordinates": [-8.9571, 39.0802]
      },
      "properties": {
        "bright_ti4": 334.44,
        "scan": 0.41,
        "track": 0.37,
        "acq_date": "2026-10-08",
        "acq_time": "1327",
        "satellite": "N20",
        "instrument": "VIIRS",
        "confidence": "n",
        "version": "2.0NRT",
        "bright_ti5": 302.66,
        "frp": 8.56,
        "daynight": "D",
        "source_dataset": "VIIRS_NOAA20_NRT",
        "acq_datetime_utc": "2026-10-08T13:27:00Z",
        "age_hours": 19.5,
        "confidence_label": "nominal",
        "popup_label": "<strong>NASA FIRMS<\/strong><br>Sensor: VIIRS_NOAA20_NRT<br>Fecha UTC: 2026-10-08T13:27:00Z<br>Confianza: nominal<br>FRP: 8.56 MW"
      }
    },
    {
      "type": "Feature",
      "geometry": {
        "type": "Point",
        "coordinates": [-8.9525, 39.081]
      },
      "properties": {
        "bright_ti4": 354.85,
        "scan": 0.41,
        "track": 0.37,
        "acq_date": "2026-10-08",
        "acq_time": "1327",
        "satellite": "N20",
        "instrument": "VIIRS",
        "confidence": "n",
        "version": "2.0NRT",
        "bright_ti5": 304.59,
        "frp": 8.56,
        "daynight": "D",
        "source_dataset": "VIIRS_NOAA20_NRT",
        "acq_datetime_utc": "2026-10-08T13:27:00Z",
        "age_hours": 19.5,
        "confidence_label": "nominal",
        "popup_label": "<strong>NASA FIRMS<\/strong><br>Sensor: VIIRS_NOAA20_NRT<br>Fecha UTC: 2026-10-08T13:27:00Z<br>Confianza: nominal<br>FRP: 8.56 MW"
      }
    },
    {
      "type": "Feature",
      "geometry": {
        "type": "Point",
        "coordinates": [-8.9478, 39.0818]
      },
      "properties": {
        "bright_ti4": 347.12,
        "scan": 0.41,
        "track": 0.37,
        "acq_date": "2026-10-08",
        "acq_time": "1327",
        "satellite": "N20",
        "instrument": "VIIRS",
        "confidence": "n",
        "version": "2.0NRT",
        "bright_ti5": 303.12,
        "frp": 5.56,
        "daynight": "D",
        "source_dataset": "VIIRS_NOAA20_NRT",
        "acq_datetime_utc": "2026-10-08T13:27:00Z",
        "age_hours": 19.5,
        "confidence_label": "nominal",
        "popup_label": "<strong>NASA FIRMS<\/strong><br>Sensor: VIIRS_NOAA20_NRT<br>Fecha UTC: 2026-10-08T13:27:00Z<br>Confianza: nominal<br>FRP: 5.56 MW"
      }
    },
    {
      "type": "Feature",
      "geometry": {
        "type": "Point",
        "coordinates": [-8.9534, 39.0843]
      },
      "properties": {
        "bright_ti4": 352.81,
        "scan": 0.41,
        "track": 0.37,
        "acq_date": "2026-10-08",
        "acq_time": "1327",
        "satellite": "N20",
        "instrument": "VIIRS",
        "confidence": "n",
        "version": "2.0NRT",
        "bright_ti5": 303.61,
        "frp": 8.56,
        "daynight": "D",
        "source_dataset": "VIIRS_NOAA20_NRT",
        "acq_datetime_utc": "2026-10-08T13:27:00Z",
        "age_hours": 19.5,
        "confidence_label": "nominal",
        "popup_label": "<strong>NASA FIRMS<\/strong><br>Sensor: VIIRS_NOAA20_NRT<br>Fecha UTC: 2026-10-08T13:27:00Z<br>Confianza: nominal<br>FRP: 8.56 MW"
      }
    },
    {
      "type": "Feature",
      "geometry": {
        "type": "Point",
        "coordinates": [-8.9488, 39.0852]
      },
      "properties": {
        "bright_ti4": 347.76,
        "scan": 0.41,
        "track": 0.37,
        "acq_date": "2026-10-08",
        "acq_time": "1327",
        "satellite": "N20",
        "instrument": "VIIRS",
        "confidence": "n",
        "version": "2.0NRT",
        "bright_ti5": 302.47,
        "frp": 5.56,
        "daynight": "D",
        "source_dataset": "VIIRS_NOAA20_NRT",
        "acq_datetime_utc": "2026-10-08T13:27:00Z",
        "age_hours": 19.5,
        "confidence_label": "nominal",
        "popup_label": "<strong>NASA FIRMS<\/strong><br>Sensor: VIIRS_NOAA20_NRT<br>Fecha UTC: 2026-10-08T13:27:00Z<br>Confianza: nominal<br>FRP: 5.56 MW"
      }
    },
    {
      "type": "Feature",
      "geometry": {
        "type": "Point",
        "coordinates": [-8.9544, 39.0877]
      },
      "properties": {
        "bright_ti4": 355.37,
        "scan": 0.41,
        "track": 0.37,
        "acq_date": "2026-10-08",
        "acq_time": "1327",
        "satellite": "N20",
        "instrument": "VIIRS",
        "confidence": "n",
        "version": "2.0NRT",
        "bright_ti5": 303.39,
        "frp": 9.55,
        "daynight": "D",
        "source_dataset": "VIIRS_NOAA20_NRT",
        "acq_datetime_utc": "2026-10-08T13:27:00Z",
        "age_hours": 19.5,
        "confidence_label": "nominal",
        "popup_label": "<strong>NASA FIRMS<\/strong><br>Sensor: VIIRS_NOAA20_NRT<br>Fecha UTC: 2026-10-08T13:27:00Z<br>Confianza: nominal<br>FRP: 9.55 MW"
      }
    },
    {
      "type": "Feature",
      "geometry": {
        "type": "Point",
        "coordinates": [-8.9497, 39.0885]
      },
      "properties": {
        "bright_ti4": 346.01,
        "scan": 0.41,
        "track": 0.37,
        "acq_date": "2026-10-08",
        "acq_time": "1327",
        "satellite": "N20",
        "instrument": "VIIRS",
        "confidence": "n",
        "version": "2.0NRT",
        "bright_ti5": 304.09,
        "frp": 5.35,
        "daynight": "D",
        "source_dataset": "VIIRS_NOAA20_NRT",
        "acq_datetime_utc": "2026-10-08T13:27:00Z",
        "age_hours": 19.5,
        "confidence_label": "nominal",
        "popup_label": "<strong>NASA FIRMS<\/strong><br>Sensor: VIIRS_NOAA20_NRT<br>Fecha UTC: 2026-10-08T13:27:00Z<br>Confianza: nominal<br>FRP: 5.35 MW"
      }
    },
    {
      "type": "Feature",
      "geometry": {
        "type": "Point",
        "coordinates": [-8.9554, 39.0911]
      },
      "properties": {
        "bright_ti4": 355.77,
        "scan": 0.41,
        "track": 0.37,
        "acq_date": "2026-10-08",
        "acq_time": "1327",
        "satellite": "N20",
        "instrument": "VIIRS",
        "confidence": "n",
        "version": "2.0NRT",
        "bright_ti5": 304.06,
        "frp": 9.55,
        "daynight": "D",
        "source_dataset": "VIIRS_NOAA20_NRT",
        "acq_datetime_utc": "2026-10-08T13:27:00Z",
        "age_hours": 19.5,
        "confidence_label": "nominal",
        "popup_label": "<strong>NASA FIRMS<\/strong><br>Sensor: VIIRS_NOAA20_NRT<br>Fecha UTC: 2026-10-08T13:27:00Z<br>Confianza: nominal<br>FRP: 9.55 MW"
      }
    },
    {
      "type": "Feature",
      "geometry": {
        "type": "Point",
        "coordinates": [-8.9507, 39.0919]
      },
      "properties": {
        "bright_ti4": 346.25,
        "scan": 0.41,
        "track": 0.37,
        "acq_date": "2026-10-08",
        "acq_time": "1327",
        "satellite": "N20",
        "instrument": "VIIRS",
        "confidence": "n",
        "version": "2.0NRT",
        "bright_ti5": 303.8,
        "frp": 5.35,
        "daynight": "D",
        "source_dataset": "VIIRS_NOAA20_NRT",
        "acq_datetime_utc": "2026-10-08T13:27:00Z",
        "age_hours": 19.5,
        "confidence_label": "nominal",
        "popup_label": "<strong>NASA FIRMS<\/strong><br>Sensor: VIIRS_NOAA20_NRT<br>Fecha UTC: 2026-10-08T13:27:00Z<br>Confianza: nominal<br>FRP: 5.35 MW"
      }
    },
    {
      "type": "Feature",
      "geometry": {
        "type": "Point",
        "coordinates": [-8.9497, 39.3046]
      },
      "properties": {
        "bright_ti4": 337.25,
        "scan": 0.41,
        "track": 0.37,
        "acq_date": "2026-10-08",
        "acq_time": "1327",
        "satellite": "N20",
        "instrument": "VIIRS",
        "confidence": "n",
        "version": "2.0NRT",
        "bright_ti5": 303.75,
        "frp": 3,
        "daynight": "D",
        "source_dataset": "VIIRS_NOAA20_NRT",
        "acq_datetime_utc": "2026-10-08T13:27:00Z",
        "age_hours": 19.5,
        "confidence_label": "nominal",
        "popup_label": "<strong>NASA FIRMS<\/strong><br>Sensor: VIIRS_NOAA20_NRT<br>Fecha UTC: 2026-10-08T13:27:00Z<br>Confianza: nominal<br>FRP: 3 MW"
      }
    },
    {
      "type": "Feature",
      "geometry": {
        "type": "Point",
        "coordinates": [-5.7396, 39.9591]
      },
      "properties": {
        "bright_ti4": 333.29,
        "scan": 0.39,
        "track": 0.36,
        "acq_date": "2026-10-08",
        "acq_time": "1327",
        "satellite": "N20",
        "instrument": "VIIRS",
        "confidence": "n",
        "version": "2.0NRT",
        "bright_ti5": 300.34,
        "frp": 3.5,
        "daynight": "D",
        "source_dataset": "VIIRS_NOAA20_NRT",
        "acq_datetime_utc": "2026-10-08T13:27:00Z",
        "age_hours": 19.5,
        "confidence_label": "nominal",
        "popup_label": "<strong>NASA FIRMS<\/strong><br>Sensor: VIIRS_NOAA20_NRT<br>Fecha UTC: 2026-10-08T13:27:00Z<br>Confianza: nominal<br>FRP: 3.5 MW"
      }
    },
    {
      "type": "Feature",
      "geometry": {
        "type": "Point",
        "coordinates": [-4.7386, 40.06]
      },
      "properties": {
        "bright_ti4": 333.97,
        "scan": 0.41,
        "track": 0.37,
        "acq_date": "2026-10-08",
        "acq_time": "1327",
        "satellite": "N20",
        "instrument": "VIIRS",
        "confidence": "n",
        "version": "2.0NRT",
        "bright_ti5": 300.41,
        "frp": 5.17,
        "daynight": "D",
        "source_dataset": "VIIRS_NOAA20_NRT",
        "acq_datetime_utc": "2026-10-08T13:27:00Z",
        "age_hours": 19.5,
        "confidence_label": "nominal",
        "popup_label": "<strong>NASA FIRMS<\/strong><br>Sensor: VIIRS_NOAA20_NRT<br>Fecha UTC: 2026-10-08T13:27:00Z<br>Confianza: nominal<br>FRP: 5.17 MW"
      }
    },
    {
      "type": "Feature",
      "geometry": {
        "type": "Point",
        "coordinates": [-3.4732, 40.243]
      },
      "properties": {
        "bright_ti4": 327.42,
        "scan": 0.44,
        "track": 0.38,
        "acq_date": "2026-10-08",
        "acq_time": "1327",
        "satellite": "N20",
        "instrument": "VIIRS",
        "confidence": "n",
        "version": "2.0NRT",
        "bright_ti5": 298.49,
        "frp": 3.14,
        "daynight": "D",
        "source_dataset": "VIIRS_NOAA20_NRT",
        "acq_datetime_utc": "2026-10-08T13:27:00Z",
        "age_hours": 19.5,
        "confidence_label": "nominal",
        "popup_label": "<strong>NASA FIRMS<\/strong><br>Sensor: VIIRS_NOAA20_NRT<br>Fecha UTC: 2026-10-08T13:27:00Z<br>Confianza: nominal<br>FRP: 3.14 MW"
      }
    },
    {
      "type": "Feature",
      "geometry": {
        "type": "Point",
        "coordinates": [-0.5169, 28.1978]
      },
      "properties": {
        "bright_ti4": 339.84,
        "scan": 0.43,
        "track": 0.38,
        "acq_date": "2026-10-08",
        "acq_time": "1325",
        "satellite": "N20",
        "instrument": "VIIRS",
        "confidence": "n",
        "version": "2.0NRT",
        "bright_ti5": 307.02,
        "frp": 3.84,
        "daynight": "D",
        "source_dataset": "VIIRS_NOAA20_NRT",
        "acq_datetime_utc": "2026-10-08T13:25:00Z",
        "age_hours": 19.5,
        "confidence_label": "nominal",
        "popup_label": "<strong>NASA FIRMS<\/strong><br>Sensor: VIIRS_NOAA20_NRT<br>Fecha UTC: 2026-10-08T13:25:00Z<br>Confianza: nominal<br>FRP: 3.84 MW"
      }
    },
    {
      "type": "Feature",
      "geometry": {
        "type": "Point",
        "coordinates": [0.3104, 27.7656]
      },
      "properties": {
        "bright_ti4": 299.07,
        "scan": 0.57,
        "track": 0.43,
        "acq_date": "2026-10-08",
        "acq_time": "0211",
        "satellite": "N20",
        "instrument": "VIIRS",
        "confidence": "n",
        "version": "2.0NRT",
        "bright_ti5": 275.77,
        "frp": 2.68,
        "daynight": "N",
        "source_dataset": "VIIRS_NOAA20_NRT",
        "acq_datetime_utc": "2026-10-08T02:11:00Z",
        "age_hours": 30.8,
        "confidence_label": "nominal",
        "popup_label": "<strong>NASA FIRMS<\/strong><br>Sensor: VIIRS_NOAA20_NRT<br>Fecha UTC: 2026-10-08T02:11:00Z<br>Confianza: nominal<br>FRP: 2.68 MW"
      }
    },
    {
      "type": "Feature",
      "geometry": {
        "type": "Point",
        "coordinates": [0.3048, 27.7668]
      },
      "properties": {
        "bright_ti4": 328.96,
        "scan": 0.57,
        "track": 0.43,
        "acq_date": "2026-10-08",
        "acq_time": "0211",
        "satellite": "N20",
        "instrument": "VIIRS",
        "confidence": "n",
        "version": "2.0NRT",
        "bright_ti5": 276.57,
        "frp": 5.08,
        "daynight": "N",
        "source_dataset": "VIIRS_NOAA20_NRT",
        "acq_datetime_utc": "2026-10-08T02:11:00Z",
        "age_hours": 30.8,
        "confidence_label": "nominal",
        "popup_label": "<strong>NASA FIRMS<\/strong><br>Sensor: VIIRS_NOAA20_NRT<br>Fecha UTC: 2026-10-08T02:11:00Z<br>Confianza: nominal<br>FRP: 5.08 MW"
      }
    },
    {
      "type": "Feature",
      "geometry": {
        "type": "Point",
        "coordinates": [-16.6165, 28.0562]
      },
      "properties": {
        "bright_ti4": 313.59,
        "scan": 0.45,
        "track": 0.63,
        "acq_date": "2026-10-08",
        "acq_time": "0211",
        "satellite": "N20",
        "instrument": "VIIRS",
        "confidence": "n",
        "version": "2.0NRT",
        "bright_ti5": 287.78,
        "frp": 1.4,
        "daynight": "N",
        "source_dataset": "VIIRS_NOAA20_NRT",
        "acq_datetime_utc": "2026-10-08T02:11:00Z",
        "age_hours": 30.8,
        "confidence_label": "nominal",
        "popup_label": "<strong>NASA FIRMS<\/strong><br>Sensor: VIIRS_NOAA20_NRT<br>Fecha UTC: 2026-10-08T02:11:00Z<br>Confianza: nominal<br>FRP: 1.4 MW"
      }
    },
    {
      "type": "Feature",
      "geometry": {
        "type": "Point",
        "coordinates": [-16.6182, 28.0563]
      },
      "properties": {
        "bright_ti4": 311.46,
        "scan": 0.45,
        "track": 0.63,
        "acq_date": "2026-10-08",
        "acq_time": "0211",
        "satellite": "N20",
        "instrument": "VIIRS",
        "confidence": "n",
        "version": "2.0NRT",
        "bright_ti5": 287.53,
        "frp": 1.34,
        "daynight": "N",
        "source_dataset": "VIIRS_NOAA20_NRT",
        "acq_datetime_utc": "2026-10-08T02:11:00Z",
        "age_hours": 30.8,
        "confidence_label": "nominal",
        "popup_label": "<strong>NASA FIRMS<\/strong><br>Sensor: VIIRS_NOAA20_NRT<br>Fecha UTC: 2026-10-08T02:11:00Z<br>Confianza: nominal<br>FRP: 1.34 MW"
      }
    },
    {
      "type": "Feature",
      "geometry": {
        "type": "Point",
        "coordinates": [-1.9336, 31.8526]
      },
      "properties": {
        "bright_ti4": 300.77,
        "scan": 0.41,
        "track": 0.37,
        "acq_date": "2026-10-08",
        "acq_time": "0209",
        "satellite": "N20",
        "instrument": "VIIRS",
        "confidence": "n",
        "version": "2.0NRT",
        "bright_ti5": 289.93,
        "frp": 0.78,
        "daynight": "N",
        "source_dataset": "VIIRS_NOAA20_NRT",
        "acq_datetime_utc": "2026-10-08T02:09:00Z",
        "age_hours": 30.8,
        "confidence_label": "nominal",
        "popup_label": "<strong>NASA FIRMS<\/strong><br>Sensor: VIIRS_NOAA20_NRT<br>Fecha UTC: 2026-10-08T02:09:00Z<br>Confianza: nominal<br>FRP: 0.78 MW"
      }
    },
    {
      "type": "Feature",
      "geometry": {
        "type": "Point",
        "coordinates": [3.9882, 32.2768]
      },
      "properties": {
        "bright_ti4": 324.04,
        "scan": 0.49,
        "track": 0.49,
        "acq_date": "2026-10-08",
        "acq_time": "0209",
        "satellite": "N20",
        "instrument": "VIIRS",
        "confidence": "n",
        "version": "2.0NRT",
        "bright_ti5": 287.28,
        "frp": 1.91,
        "daynight": "N",
        "source_dataset": "VIIRS_NOAA20_NRT",
        "acq_datetime_utc": "2026-10-08T02:09:00Z",
        "age_hours": 30.8,
        "confidence_label": "nominal",
        "popup_label": "<strong>NASA FIRMS<\/strong><br>Sensor: VIIRS_NOAA20_NRT<br>Fecha UTC: 2026-10-08T02:09:00Z<br>Confianza: nominal<br>FRP: 1.91 MW"
      }
    },
    {
      "type": "Feature",
      "geometry": {
        "type": "Point",
        "coordinates": [4.0057, 32.402]
      },
      "properties": {
        "bright_ti4": 305.65,
        "scan": 0.49,
        "track": 0.49,
        "acq_date": "2026-10-08",
        "acq_time": "0209",
        "satellite": "N20",
        "instrument": "VIIRS",
        "confidence": "n",
        "version": "2.0NRT",
        "bright_ti5": 287.61,
        "frp": 1.22,
        "daynight": "N",
        "source_dataset": "VIIRS_NOAA20_NRT",
        "acq_datetime_utc": "2026-10-08T02:09:00Z",
        "age_hours": 30.8,
        "confidence_label": "nominal",
        "popup_label": "<strong>NASA FIRMS<\/strong><br>Sensor: VIIRS_NOAA20_NRT<br>Fecha UTC: 2026-10-08T02:09:00Z<br>Confianza: nominal<br>FRP: 1.22 MW"
      }
    },
    {
      "type": "Feature",
      "geometry": {
        "type": "Point",
        "coordinates": [3.1668, 32.5553]
      },
      "properties": {
        "bright_ti4": 339.93,
        "scan": 0.44,
        "track": 0.46,
        "acq_date": "2026-10-08",
        "acq_time": "0209",
        "satellite": "N20",
        "instrument": "VIIRS",
        "confidence": "n",
        "version": "2.0NRT",
        "bright_ti5": 290.23,
        "frp": 6.04,
        "daynight": "N",
        "source_dataset": "VIIRS_NOAA20_NRT",
        "acq_datetime_utc": "2026-10-08T02:09:00Z",
        "age_hours": 30.8,
        "confidence_label": "nominal",
        "popup_label": "<strong>NASA FIRMS<\/strong><br>Sensor: VIIRS_NOAA20_NRT<br>Fecha UTC: 2026-10-08T02:09:00Z<br>Confianza: nominal<br>FRP: 6.04 MW"
      }
    },
    {
      "type": "Feature",
      "geometry": {
        "type": "Point",
        "coordinates": [3.1816, 32.742]
      },
      "properties": {
        "bright_ti4": 300.25,
        "scan": 0.44,
        "track": 0.46,
        "acq_date": "2026-10-08",
        "acq_time": "0209",
        "satellite": "N20",
        "instrument": "VIIRS",
        "confidence": "n",
        "version": "2.0NRT",
        "bright_ti5": 285.55,
        "frp": 0.72,
        "daynight": "N",
        "source_dataset": "VIIRS_NOAA20_NRT",
        "acq_datetime_utc": "2026-10-08T02:09:00Z",
        "age_hours": 30.8,
        "confidence_label": "nominal",
        "popup_label": "<strong>NASA FIRMS<\/strong><br>Sensor: VIIRS_NOAA20_NRT<br>Fecha UTC: 2026-10-08T02:09:00Z<br>Confianza: nominal<br>FRP: 0.72 MW"
      }
    },
    {
      "type": "Feature",
      "geometry": {
        "type": "Point",
        "coordinates": [3.1726, 32.7439]
      },
      "properties": {
        "bright_ti4": 300.39,
        "scan": 0.44,
        "track": 0.46,
        "acq_date": "2026-10-08",
        "acq_time": "0209",
        "satellite": "N20",
        "instrument": "VIIRS",
        "confidence": "n",
        "version": "2.0NRT",
        "bright_ti5": 287.19,
        "frp": 0.76,
        "daynight": "N",
        "source_dataset": "VIIRS_NOAA20_NRT",
        "acq_datetime_utc": "2026-10-08T02:09:00Z",
        "age_hours": 30.8,
        "confidence_label": "nominal",
        "popup_label": "<strong>NASA FIRMS<\/strong><br>Sensor: VIIRS_NOAA20_NRT<br>Fecha UTC: 2026-10-08T02:09:00Z<br>Confianza: nominal<br>FRP: 0.76 MW"
      }
    },
    {
      "type": "Feature",
      "geometry": {
        "type": "Point",
        "coordinates": [3.1829, 32.7461]
      },
      "properties": {
        "bright_ti4": 307.56,
        "scan": 0.44,
        "track": 0.46,
        "acq_date": "2026-10-08",
        "acq_time": "0209",
        "satellite": "N20",
        "instrument": "VIIRS",
        "confidence": "n",
        "version": "2.0NRT",
        "bright_ti5": 286.09,
        "frp": 0.91,
        "daynight": "N",
        "source_dataset": "VIIRS_NOAA20_NRT",
        "acq_datetime_utc": "2026-10-08T02:09:00Z",
        "age_hours": 30.8,
        "confidence_label": "nominal",
        "popup_label": "<strong>NASA FIRMS<\/strong><br>Sensor: VIIRS_NOAA20_NRT<br>Fecha UTC: 2026-10-08T02:09:00Z<br>Confianza: nominal<br>FRP: 0.91 MW"
      }
    },
    {
      "type": "Feature",
      "geometry": {
        "type": "Point",
        "coordinates": [3.1784, 32.7471]
      },
      "properties": {
        "bright_ti4": 298.82,
        "scan": 0.44,
        "track": 0.46,
        "acq_date": "2026-10-08",
        "acq_time": "0209",
        "satellite": "N20",
        "instrument": "VIIRS",
        "confidence": "n",
        "version": "2.0NRT",
        "bright_ti5": 287.89,
        "frp": 0.91,
        "daynight": "N",
        "source_dataset": "VIIRS_NOAA20_NRT",
        "acq_datetime_utc": "2026-10-08T02:09:00Z",
        "age_hours": 30.8,
        "confidence_label": "nominal",
        "popup_label": "<strong>NASA FIRMS<\/strong><br>Sensor: VIIRS_NOAA20_NRT<br>Fecha UTC: 2026-10-08T02:09:00Z<br>Confianza: nominal<br>FRP: 0.91 MW"
      }
    },
    {
      "type": "Feature",
      "geometry": {
        "type": "Point",
        "coordinates": [3.238, 32.8402]
      },
      "properties": {
        "bright_ti4": 295.1,
        "scan": 0.44,
        "track": 0.46,
        "acq_date": "2026-10-08",
        "acq_time": "0209",
        "satellite": "N20",
        "instrument": "VIIRS",
        "confidence": "n",
        "version": "2.0NRT",
        "bright_ti5": 284.14,
        "frp": 0.71,
        "daynight": "N",
        "source_dataset": "VIIRS_NOAA20_NRT",
        "acq_datetime_utc": "2026-10-08T02:09:00Z",
        "age_hours": 30.8,
        "confidence_label": "nominal",
        "popup_label": "<strong>NASA FIRMS<\/strong><br>Sensor: VIIRS_NOAA20_NRT<br>Fecha UTC: 2026-10-08T02:09:00Z<br>Confianza: nominal<br>FRP: 0.71 MW"
      }
    },
    {
      "type": "Feature",
      "geometry": {
        "type": "Point",
        "coordinates": [3.2342, 32.9296]
      },
      "properties": {
        "bright_ti4": 296.03,
        "scan": 0.44,
        "track": 0.46,
        "acq_date": "2026-10-08",
        "acq_time": "0209",
        "satellite": "N20",
        "instrument": "VIIRS",
        "confidence": "n",
        "version": "2.0NRT",
        "bright_ti5": 285.57,
        "frp": 0.66,
        "daynight": "N",
        "source_dataset": "VIIRS_NOAA20_NRT",
        "acq_datetime_utc": "2026-10-08T02:09:00Z",
        "age_hours": 30.8,
        "confidence_label": "nominal",
        "popup_label": "<strong>NASA FIRMS<\/strong><br>Sensor: VIIRS_NOAA20_NRT<br>Fecha UTC: 2026-10-08T02:09:00Z<br>Confianza: nominal<br>FRP: 0.66 MW"
      }
    },
    {
      "type": "Feature",
      "geometry": {
        "type": "Point",
        "coordinates": [3.2297, 32.9305]
      },
      "properties": {
        "bright_ti4": 303.31,
        "scan": 0.44,
        "track": 0.46,
        "acq_date": "2026-10-08",
        "acq_time": "0209",
        "satellite": "N20",
        "instrument": "VIIRS",
        "confidence": "n",
        "version": "2.0NRT",
        "bright_ti5": 286.14,
        "frp": 0.66,
        "daynight": "N",
        "source_dataset": "VIIRS_NOAA20_NRT",
        "acq_datetime_utc": "2026-10-08T02:09:00Z",
        "age_hours": 30.8,
        "confidence_label": "nominal",
        "popup_label": "<strong>NASA FIRMS<\/strong><br>Sensor: VIIRS_NOAA20_NRT<br>Fecha UTC: 2026-10-08T02:09:00Z<br>Confianza: nominal<br>FRP: 0.66 MW"
      }
    },
    {
      "type": "Feature",
      "geometry": {
        "type": "Point",
        "coordinates": [3.2445, 32.9318]
      },
      "properties": {
        "bright_ti4": 299.45,
        "scan": 0.44,
        "track": 0.46,
        "acq_date": "2026-10-08",
        "acq_time": "0209",
        "satellite": "N20",
        "instrument": "VIIRS",
        "confidence": "n",
        "version": "2.0NRT",
        "bright_ti5": 286.37,
        "frp": 0.89,
        "daynight": "N",
        "source_dataset": "VIIRS_NOAA20_NRT",
        "acq_datetime_utc": "2026-10-08T02:09:00Z",
        "age_hours": 30.8,
        "confidence_label": "nominal",
        "popup_label": "<strong>NASA FIRMS<\/strong><br>Sensor: VIIRS_NOAA20_NRT<br>Fecha UTC: 2026-10-08T02:09:00Z<br>Confianza: nominal<br>FRP: 0.89 MW"
      }
    },
    {
      "type": "Feature",
      "geometry": {
        "type": "Point",
        "coordinates": [3.2207, 32.9325]
      },
      "properties": {
        "bright_ti4": 296.34,
        "scan": 0.44,
        "track": 0.46,
        "acq_date": "2026-10-08",
        "acq_time": "0209",
        "satellite": "N20",
        "instrument": "VIIRS",
        "confidence": "n",
        "version": "2.0NRT",
        "bright_ti5": 285.95,
        "frp": 1.75,
        "daynight": "N",
        "source_dataset": "VIIRS_NOAA20_NRT",
        "acq_datetime_utc": "2026-10-08T02:09:00Z",
        "age_hours": 30.8,
        "confidence_label": "nominal",
        "popup_label": "<strong>NASA FIRMS<\/strong><br>Sensor: VIIRS_NOAA20_NRT<br>Fecha UTC: 2026-10-08T02:09:00Z<br>Confianza: nominal<br>FRP: 1.75 MW"
      }
    },
    {
      "type": "Feature",
      "geometry": {
        "type": "Point",
        "coordinates": [3.2355, 32.9337]
      },
      "properties": {
        "bright_ti4": 300.93,
        "scan": 0.44,
        "track": 0.46,
        "acq_date": "2026-10-08",
        "acq_time": "0209",
        "satellite": "N20",
        "instrument": "VIIRS",
        "confidence": "n",
        "version": "2.0NRT",
        "bright_ti5": 285.85,
        "frp": 0.66,
        "daynight": "N",
        "source_dataset": "VIIRS_NOAA20_NRT",
        "acq_datetime_utc": "2026-10-08T02:09:00Z",
        "age_hours": 30.8,
        "confidence_label": "nominal",
        "popup_label": "<strong>NASA FIRMS<\/strong><br>Sensor: VIIRS_NOAA20_NRT<br>Fecha UTC: 2026-10-08T02:09:00Z<br>Confianza: nominal<br>FRP: 0.66 MW"
      }
    },
    {
      "type": "Feature",
      "geometry": {
        "type": "Point",
        "coordinates": [3.2367, 32.9378]
      },
      "properties": {
        "bright_ti4": 298.92,
        "scan": 0.44,
        "track": 0.46,
        "acq_date": "2026-10-08",
        "acq_time": "0209",
        "satellite": "N20",
        "instrument": "VIIRS",
        "confidence": "n",
        "version": "2.0NRT",
        "bright_ti5": 287.57,
        "frp": 1.79,
        "daynight": "N",
        "source_dataset": "VIIRS_NOAA20_NRT",
        "acq_datetime_utc": "2026-10-08T02:09:00Z",
        "age_hours": 30.8,
        "confidence_label": "nominal",
        "popup_label": "<strong>NASA FIRMS<\/strong><br>Sensor: VIIRS_NOAA20_NRT<br>Fecha UTC: 2026-10-08T02:09:00Z<br>Confianza: nominal<br>FRP: 1.79 MW"
      }
    },
    {
      "type": "Feature",
      "geometry": {
        "type": "Point",
        "coordinates": [3.229, 32.9439]
      },
      "properties": {
        "bright_ti4": 307.07,
        "scan": 0.44,
        "track": 0.46,
        "acq_date": "2026-10-08",
        "acq_time": "0209",
        "satellite": "N20",
        "instrument": "VIIRS",
        "confidence": "n",
        "version": "2.0NRT",
        "bright_ti5": 286.95,
        "frp": 0.96,
        "daynight": "N",
        "source_dataset": "VIIRS_NOAA20_NRT",
        "acq_datetime_utc": "2026-10-08T02:09:00Z",
        "age_hours": 30.8,
        "confidence_label": "nominal",
        "popup_label": "<strong>NASA FIRMS<\/strong><br>Sensor: VIIRS_NOAA20_NRT<br>Fecha UTC: 2026-10-08T02:09:00Z<br>Confianza: nominal<br>FRP: 0.96 MW"
      }
    },
    {
      "type": "Feature",
      "geometry": {
        "type": "Point",
        "coordinates": [3.2302, 32.948]
      },
      "properties": {
        "bright_ti4": 307.55,
        "scan": 0.44,
        "track": 0.46,
        "acq_date": "2026-10-08",
        "acq_time": "0209",
        "satellite": "N20",
        "instrument": "VIIRS",
        "confidence": "n",
        "version": "2.0NRT",
        "bright_ti5": 288.38,
        "frp": 0.87,
        "daynight": "N",
        "source_dataset": "VIIRS_NOAA20_NRT",
        "acq_datetime_utc": "2026-10-08T02:09:00Z",
        "age_hours": 30.8,
        "confidence_label": "nominal",
        "popup_label": "<strong>NASA FIRMS<\/strong><br>Sensor: VIIRS_NOAA20_NRT<br>Fecha UTC: 2026-10-08T02:09:00Z<br>Confianza: nominal<br>FRP: 0.87 MW"
      }
    },
    {
      "type": "Feature",
      "geometry": {
        "type": "Point",
        "coordinates": [3.2257, 32.949]
      },
      "properties": {
        "bright_ti4": 298.52,
        "scan": 0.44,
        "track": 0.46,
        "acq_date": "2026-10-08",
        "acq_time": "0209",
        "satellite": "N20",
        "instrument": "VIIRS",
        "confidence": "n",
        "version": "2.0NRT",
        "bright_ti5": 286.71,
        "frp": 0.87,
        "daynight": "N",
        "source_dataset": "VIIRS_NOAA20_NRT",
        "acq_datetime_utc": "2026-10-08T02:09:00Z",
        "age_hours": 30.8,
        "confidence_label": "nominal",
        "popup_label": "<strong>NASA FIRMS<\/strong><br>Sensor: VIIRS_NOAA20_NRT<br>Fecha UTC: 2026-10-08T02:09:00Z<br>Confianza: nominal<br>FRP: 0.87 MW"
      }
    },
    {
      "type": "Feature",
      "geometry": {
        "type": "Point",
        "coordinates": [3.2211, 32.9499]
      },
      "properties": {
        "bright_ti4": 300.37,
        "scan": 0.43,
        "track": 0.46,
        "acq_date": "2026-10-08",
        "acq_time": "0209",
        "satellite": "N20",
        "instrument": "VIIRS",
        "confidence": "n",
        "version": "2.0NRT",
        "bright_ti5": 286.56,
        "frp": 0.81,
        "daynight": "N",
        "source_dataset": "VIIRS_NOAA20_NRT",
        "acq_datetime_utc": "2026-10-08T02:09:00Z",
        "age_hours": 30.8,
        "confidence_label": "nominal",
        "popup_label": "<strong>NASA FIRMS<\/strong><br>Sensor: VIIRS_NOAA20_NRT<br>Fecha UTC: 2026-10-08T02:09:00Z<br>Confianza: nominal<br>FRP: 0.81 MW"
      }
    },
    {
      "type": "Feature",
      "geometry": {
        "type": "Point",
        "coordinates": [3.3167, 33.124]
      },
      "properties": {
        "bright_ti4": 297.89,
        "scan": 0.44,
        "track": 0.46,
        "acq_date": "2026-10-08",
        "acq_time": "0209",
        "satellite": "N20",
        "instrument": "VIIRS",
        "confidence": "n",
        "version": "2.0NRT",
        "bright_ti5": 286.47,
        "frp": 1.43,
        "daynight": "N",
        "source_dataset": "VIIRS_NOAA20_NRT",
        "acq_datetime_utc": "2026-10-08T02:09:00Z",
        "age_hours": 30.8,
        "confidence_label": "nominal",
        "popup_label": "<strong>NASA FIRMS<\/strong><br>Sensor: VIIRS_NOAA20_NRT<br>Fecha UTC: 2026-10-08T02:09:00Z<br>Confianza: nominal<br>FRP: 1.43 MW"
      }
    },
    {
      "type": "Feature",
      "geometry": {
        "type": "Point",
        "coordinates": [3.318, 33.1281]
      },
      "properties": {
        "bright_ti4": 320.13,
        "scan": 0.44,
        "track": 0.46,
        "acq_date": "2026-10-08",
        "acq_time": "0209",
        "satellite": "N20",
        "instrument": "VIIRS",
        "confidence": "n",
        "version": "2.0NRT",
        "bright_ti5": 287.41,
        "frp": 1.43,
        "daynight": "N",
        "source_dataset": "VIIRS_NOAA20_NRT",
        "acq_datetime_utc": "2026-10-08T02:09:00Z",
        "age_hours": 30.8,
        "confidence_label": "nominal",
        "popup_label": "<strong>NASA FIRMS<\/strong><br>Sensor: VIIRS_NOAA20_NRT<br>Fecha UTC: 2026-10-08T02:09:00Z<br>Confianza: nominal<br>FRP: 1.43 MW"
      }
    },
    {
      "type": "Feature",
      "geometry": {
        "type": "Point",
        "coordinates": [3.3688, 33.1348]
      },
      "properties": {
        "bright_ti4": 302.76,
        "scan": 0.44,
        "track": 0.46,
        "acq_date": "2026-10-08",
        "acq_time": "0209",
        "satellite": "N20",
        "instrument": "VIIRS",
        "confidence": "n",
        "version": "2.0NRT",
        "bright_ti5": 284.83,
        "frp": 0.82,
        "daynight": "N",
        "source_dataset": "VIIRS_NOAA20_NRT",
        "acq_datetime_utc": "2026-10-08T02:09:00Z",
        "age_hours": 30.8,
        "confidence_label": "nominal",
        "popup_label": "<strong>NASA FIRMS<\/strong><br>Sensor: VIIRS_NOAA20_NRT<br>Fecha UTC: 2026-10-08T02:09:00Z<br>Confianza: nominal<br>FRP: 0.82 MW"
      }
    },
    {
      "type": "Feature",
      "geometry": {
        "type": "Point",
        "coordinates": [-2.3468, 34.595]
      },
      "properties": {
        "bright_ti4": 306.18,
        "scan": 0.39,
        "track": 0.36,
        "acq_date": "2026-10-08",
        "acq_time": "0209",
        "satellite": "N20",
        "instrument": "VIIRS",
        "confidence": "n",
        "version": "2.0NRT",
        "bright_ti5": 286.65,
        "frp": 1.01,
        "daynight": "N",
        "source_dataset": "VIIRS_NOAA20_NRT",
        "acq_datetime_utc": "2026-10-08T02:09:00Z",
        "age_hours": 30.8,
        "confidence_label": "nominal",
        "popup_label": "<strong>NASA FIRMS<\/strong><br>Sensor: VIIRS_NOAA20_NRT<br>Fecha UTC: 2026-10-08T02:09:00Z<br>Confianza: nominal<br>FRP: 1.01 MW"
      }
    },
    {
      "type": "Feature",
      "geometry": {
        "type": "Point",
        "coordinates": [0.3271, 34.8015]
      },
      "properties": {
        "bright_ti4": 304.48,
        "scan": 0.45,
        "track": 0.39,
        "acq_date": "2026-10-08",
        "acq_time": "0209",
        "satellite": "N20",
        "instrument": "VIIRS",
        "confidence": "n",
        "version": "2.0NRT",
        "bright_ti5": 285.45,
        "frp": 1.72,
        "daynight": "N",
        "source_dataset": "VIIRS_NOAA20_NRT",
        "acq_datetime_utc": "2026-10-08T02:09:00Z",
        "age_hours": 30.8,
        "confidence_label": "nominal",
        "popup_label": "<strong>NASA FIRMS<\/strong><br>Sensor: VIIRS_NOAA20_NRT<br>Fecha UTC: 2026-10-08T02:09:00Z<br>Confianza: nominal<br>FRP: 1.72 MW"
      }
    },
    {
      "type": "Feature",
      "geometry": {
        "type": "Point",
        "coordinates": [-1.3436, 35.3112]
      },
      "properties": {
        "bright_ti4": 307.06,
        "scan": 0.4,
        "track": 0.37,
        "acq_date": "2026-10-08",
        "acq_time": "0209",
        "satellite": "N20",
        "instrument": "VIIRS",
        "confidence": "n",
        "version": "2.0NRT",
        "bright_ti5": 289.13,
        "frp": 0.93,
        "daynight": "N",
        "source_dataset": "VIIRS_NOAA20_NRT",
        "acq_datetime_utc": "2026-10-08T02:09:00Z",
        "age_hours": 30.8,
        "confidence_label": "nominal",
        "popup_label": "<strong>NASA FIRMS<\/strong><br>Sensor: VIIRS_NOAA20_NRT<br>Fecha UTC: 2026-10-08T02:09:00Z<br>Confianza: nominal<br>FRP: 0.93 MW"
      }
    },
    {
      "type": "Feature",
      "geometry": {
        "type": "Point",
        "coordinates": [-0.276, 35.5296]
      },
      "properties": {
        "bright_ti4": 302.56,
        "scan": 0.42,
        "track": 0.38,
        "acq_date": "2026-10-08",
        "acq_time": "0209",
        "satellite": "N20",
        "instrument": "VIIRS",
        "confidence": "n",
        "version": "2.0NRT",
        "bright_ti5": 288.64,
        "frp": 1.21,
        "daynight": "N",
        "source_dataset": "VIIRS_NOAA20_NRT",
        "acq_datetime_utc": "2026-10-08T02:09:00Z",
        "age_hours": 30.8,
        "confidence_label": "nominal",
        "popup_label": "<strong>NASA FIRMS<\/strong><br>Sensor: VIIRS_NOAA20_NRT<br>Fecha UTC: 2026-10-08T02:09:00Z<br>Confianza: nominal<br>FRP: 1.21 MW"
      }
    },
    {
      "type": "Feature",
      "geometry": {
        "type": "Point",
        "coordinates": [-0.2769, 35.5328]
      },
      "properties": {
        "bright_ti4": 313.88,
        "scan": 0.42,
        "track": 0.38,
        "acq_date": "2026-10-08",
        "acq_time": "0209",
        "satellite": "N20",
        "instrument": "VIIRS",
        "confidence": "n",
        "version": "2.0NRT",
        "bright_ti5": 290.06,
        "frp": 1.95,
        "daynight": "N",
        "source_dataset": "VIIRS_NOAA20_NRT",
        "acq_datetime_utc": "2026-10-08T02:09:00Z",
        "age_hours": 30.8,
        "confidence_label": "nominal",
        "popup_label": "<strong>NASA FIRMS<\/strong><br>Sensor: VIIRS_NOAA20_NRT<br>Fecha UTC: 2026-10-08T02:09:00Z<br>Confianza: nominal<br>FRP: 1.95 MW"
      }
    },
    {
      "type": "Feature",
      "geometry": {
        "type": "Point",
        "coordinates": [-0.275, 35.533]
      },
      "properties": {
        "bright_ti4": 313.81,
        "scan": 0.42,
        "track": 0.38,
        "acq_date": "2026-10-08",
        "acq_time": "0209",
        "satellite": "N20",
        "instrument": "VIIRS",
        "confidence": "n",
        "version": "2.0NRT",
        "bright_ti5": 290.25,
        "frp": 1.21,
        "daynight": "N",
        "source_dataset": "VIIRS_NOAA20_NRT",
        "acq_datetime_utc": "2026-10-08T02:09:00Z",
        "age_hours": 30.8,
        "confidence_label": "nominal",
        "popup_label": "<strong>NASA FIRMS<\/strong><br>Sensor: VIIRS_NOAA20_NRT<br>Fecha UTC: 2026-10-08T02:09:00Z<br>Confianza: nominal<br>FRP: 1.21 MW"
      }
    },
    {
      "type": "Feature",
      "geometry": {
        "type": "Point",
        "coordinates": [4.4751, 35.7088]
      },
      "properties": {
        "bright_ti4": 302.63,
        "scan": 0.44,
        "track": 0.46,
        "acq_date": "2026-10-08",
        "acq_time": "0209",
        "satellite": "N20",
        "instrument": "VIIRS",
        "confidence": "n",
        "version": "2.0NRT",
        "bright_ti5": 280.68,
        "frp": 1.79,
        "daynight": "N",
        "source_dataset": "VIIRS_NOAA20_NRT",
        "acq_datetime_utc": "2026-10-08T02:09:00Z",
        "age_hours": 30.8,
        "confidence_label": "nominal",
        "popup_label": "<strong>NASA FIRMS<\/strong><br>Sensor: VIIRS_NOAA20_NRT<br>Fecha UTC: 2026-10-08T02:09:00Z<br>Confianza: nominal<br>FRP: 1.79 MW"
      }
    },
    {
      "type": "Feature",
      "geometry": {
        "type": "Point",
        "coordinates": [-0.2539, 35.8087]
      },
      "properties": {
        "bright_ti4": 315.15,
        "scan": 0.42,
        "track": 0.37,
        "acq_date": "2026-10-08",
        "acq_time": "0209",
        "satellite": "N20",
        "instrument": "VIIRS",
        "confidence": "n",
        "version": "2.0NRT",
        "bright_ti5": 281.26,
        "frp": 1.69,
        "daynight": "N",
        "source_dataset": "VIIRS_NOAA20_NRT",
        "acq_datetime_utc": "2026-10-08T02:09:00Z",
        "age_hours": 30.8,
        "confidence_label": "nominal",
        "popup_label": "<strong>NASA FIRMS<\/strong><br>Sensor: VIIRS_NOAA20_NRT<br>Fecha UTC: 2026-10-08T02:09:00Z<br>Confianza: nominal<br>FRP: 1.69 MW"
      }
    },
    {
      "type": "Feature",
      "geometry": {
        "type": "Point",
        "coordinates": [-0.2712, 35.8154]
      },
      "properties": {
        "bright_ti4": 300.68,
        "scan": 0.42,
        "track": 0.37,
        "acq_date": "2026-10-08",
        "acq_time": "0209",
        "satellite": "N20",
        "instrument": "VIIRS",
        "confidence": "n",
        "version": "2.0NRT",
        "bright_ti5": 285.15,
        "frp": 0.91,
        "daynight": "N",
        "source_dataset": "VIIRS_NOAA20_NRT",
        "acq_datetime_utc": "2026-10-08T02:09:00Z",
        "age_hours": 30.8,
        "confidence_label": "nominal",
        "popup_label": "<strong>NASA FIRMS<\/strong><br>Sensor: VIIRS_NOAA20_NRT<br>Fecha UTC: 2026-10-08T02:09:00Z<br>Confianza: nominal<br>FRP: 0.91 MW"
      }
    },
    {
      "type": "Feature",
      "geometry": {
        "type": "Point",
        "coordinates": [0.1237, 36.0194]
      },
      "properties": {
        "bright_ti4": 301.7,
        "scan": 0.43,
        "track": 0.38,
        "acq_date": "2026-10-08",
        "acq_time": "0209",
        "satellite": "N20",
        "instrument": "VIIRS",
        "confidence": "n",
        "version": "2.0NRT",
        "bright_ti5": 289.35,
        "frp": 0.98,
        "daynight": "N",
        "source_dataset": "VIIRS_NOAA20_NRT",
        "acq_datetime_utc": "2026-10-08T02:09:00Z",
        "age_hours": 30.8,
        "confidence_label": "nominal",
        "popup_label": "<strong>NASA FIRMS<\/strong><br>Sensor: VIIRS_NOAA20_NRT<br>Fecha UTC: 2026-10-08T02:09:00Z<br>Confianza: nominal<br>FRP: 0.98 MW"
      }
    },
    {
      "type": "Feature",
      "geometry": {
        "type": "Point",
        "coordinates": [-1.903, 36.9674]
      },
      "properties": {
        "bright_ti4": 305.34,
        "scan": 0.39,
        "track": 0.36,
        "acq_date": "2026-10-08",
        "acq_time": "0209",
        "satellite": "N20",
        "instrument": "VIIRS",
        "confidence": "n",
        "version": "2.0NRT",
        "bright_ti5": 291.2,
        "frp": 1.39,
        "daynight": "N",
        "source_dataset": "VIIRS_NOAA20_NRT",
        "acq_datetime_utc": "2026-10-08T02:09:00Z",
        "age_hours": 30.8,
        "confidence_label": "nominal",
        "popup_label": "<strong>NASA FIRMS<\/strong><br>Sensor: VIIRS_NOAA20_NRT<br>Fecha UTC: 2026-10-08T02:09:00Z<br>Confianza: nominal<br>FRP: 1.39 MW"
      }
    },
    {
      "type": "Feature",
      "geometry": {
        "type": "Point",
        "coordinates": [-1.9073, 36.9681]
      },
      "properties": {
        "bright_ti4": 310.41,
        "scan": 0.39,
        "track": 0.36,
        "acq_date": "2026-10-08",
        "acq_time": "0209",
        "satellite": "N20",
        "instrument": "VIIRS",
        "confidence": "n",
        "version": "2.0NRT",
        "bright_ti5": 290.83,
        "frp": 1.02,
        "daynight": "N",
        "source_dataset": "VIIRS_NOAA20_NRT",
        "acq_datetime_utc": "2026-10-08T02:09:00Z",
        "age_hours": 30.8,
        "confidence_label": "nominal",
        "popup_label": "<strong>NASA FIRMS<\/strong><br>Sensor: VIIRS_NOAA20_NRT<br>Fecha UTC: 2026-10-08T02:09:00Z<br>Confianza: nominal<br>FRP: 1.02 MW"
      }
    },
    {
      "type": "Feature",
      "geometry": {
        "type": "Point",
        "coordinates": [-6.6767, 37.359]
      },
      "properties": {
        "bright_ti4": 298.47,
        "scan": 0.48,
        "track": 0.4,
        "acq_date": "2026-10-08",
        "acq_time": "0209",
        "satellite": "N20",
        "instrument": "VIIRS",
        "confidence": "n",
        "version": "2.0NRT",
        "bright_ti5": 286.89,
        "frp": 0.66,
        "daynight": "N",
        "source_dataset": "VIIRS_NOAA20_NRT",
        "acq_datetime_utc": "2026-10-08T02:09:00Z",
        "age_hours": 30.8,
        "confidence_label": "nominal",
        "popup_label": "<strong>NASA FIRMS<\/strong><br>Sensor: VIIRS_NOAA20_NRT<br>Fecha UTC: 2026-10-08T02:09:00Z<br>Confianza: nominal<br>FRP: 0.66 MW"
      }
    },
    {
      "type": "Feature",
      "geometry": {
        "type": "Point",
        "coordinates": [-5.8678, 37.3617]
      },
      "properties": {
        "bright_ti4": 301.52,
        "scan": 0.45,
        "track": 0.39,
        "acq_date": "2026-10-08",
        "acq_time": "0209",
        "satellite": "N20",
        "instrument": "VIIRS",
        "confidence": "n",
        "version": "2.0NRT",
        "bright_ti5": 287.7,
        "frp": 0.78,
        "daynight": "N",
        "source_dataset": "VIIRS_NOAA20_NRT",
        "acq_datetime_utc": "2026-10-08T02:09:00Z",
        "age_hours": 30.8,
        "confidence_label": "nominal",
        "popup_label": "<strong>NASA FIRMS<\/strong><br>Sensor: VIIRS_NOAA20_NRT<br>Fecha UTC: 2026-10-08T02:09:00Z<br>Confianza: nominal<br>FRP: 0.78 MW"
      }
    },
    {
      "type": "Feature",
      "geometry": {
        "type": "Point",
        "coordinates": [-4.608, 37.4828]
      },
      "properties": {
        "bright_ti4": 296.59,
        "scan": 0.41,
        "track": 0.37,
        "acq_date": "2026-10-08",
        "acq_time": "0209",
        "satellite": "N20",
        "instrument": "VIIRS",
        "confidence": "n",
        "version": "2.0NRT",
        "bright_ti5": 284.44,
        "frp": 0.34,
        "daynight": "N",
        "source_dataset": "VIIRS_NOAA20_NRT",
        "acq_datetime_utc": "2026-10-08T02:09:00Z",
        "age_hours": 30.8,
        "confidence_label": "nominal",
        "popup_label": "<strong>NASA FIRMS<\/strong><br>Sensor: VIIRS_NOAA20_NRT<br>Fecha UTC: 2026-10-08T02:09:00Z<br>Confianza: nominal<br>FRP: 0.34 MW"
      }
    },
    {
      "type": "Feature",
      "geometry": {
        "type": "Point",
        "coordinates": [-8.9358, 38.5009]
      },
      "properties": {
        "bright_ti4": 301.86,
        "scan": 0.42,
        "track": 0.45,
        "acq_date": "2026-10-08",
        "acq_time": "0209",
        "satellite": "N20",
        "instrument": "VIIRS",
        "confidence": "n",
        "version": "2.0NRT",
        "bright_ti5": 289.1,
        "frp": 0.82,
        "daynight": "N",
        "source_dataset": "VIIRS_NOAA20_NRT",
        "acq_datetime_utc": "2026-10-08T02:09:00Z",
        "age_hours": 30.8,
        "confidence_label": "nominal",
        "popup_label": "<strong>NASA FIRMS<\/strong><br>Sensor: VIIRS_NOAA20_NRT<br>Fecha UTC: 2026-10-08T02:09:00Z<br>Confianza: nominal<br>FRP: 0.82 MW"
      }
    },
    {
      "type": "Feature",
      "geometry": {
        "type": "Point",
        "coordinates": [-0.246, 39.6644]
      },
      "properties": {
        "bright_ti4": 302.94,
        "scan": 0.39,
        "track": 0.36,
        "acq_date": "2026-10-08",
        "acq_time": "0206",
        "satellite": "N20",
        "instrument": "VIIRS",
        "confidence": "n",
        "version": "2.0NRT",
        "bright_ti5": 289.75,
        "frp": 0.31,
        "daynight": "N",
        "source_dataset": "VIIRS_NOAA20_NRT",
        "acq_datetime_utc": "2026-10-08T02:06:00Z",
        "age_hours": 30.8,
        "confidence_label": "nominal",
        "popup_label": "<strong>NASA FIRMS<\/strong><br>Sensor: VIIRS_NOAA20_NRT<br>Fecha UTC: 2026-10-08T02:06:00Z<br>Confianza: nominal<br>FRP: 0.31 MW"
      }
    },
    {
      "type": "Feature",
      "geometry": {
        "type": "Point",
        "coordinates": [-0.0046, 39.9524]
      },
      "properties": {
        "bright_ti4": 302.73,
        "scan": 0.39,
        "track": 0.36,
        "acq_date": "2026-10-08",
        "acq_time": "0206",
        "satellite": "N20",
        "instrument": "VIIRS",
        "confidence": "n",
        "version": "2.0NRT",
        "bright_ti5": 290.88,
        "frp": 0.93,
        "daynight": "N",
        "source_dataset": "VIIRS_NOAA20_NRT",
        "acq_datetime_utc": "2026-10-08T02:06:00Z",
        "age_hours": 30.8,
        "confidence_label": "nominal",
        "popup_label": "<strong>NASA FIRMS<\/strong><br>Sensor: VIIRS_NOAA20_NRT<br>Fecha UTC: 2026-10-08T02:06:00Z<br>Confianza: nominal<br>FRP: 0.93 MW"
      }
    },
    {
      "type": "Feature",
      "geometry": {
        "type": "Point",
        "coordinates": [-3.4766, 40.2456]
      },
      "properties": {
        "bright_ti4": 330.2,
        "scan": 0.4,
        "track": 0.37,
        "acq_date": "2026-10-08",
        "acq_time": "0206",
        "satellite": "N20",
        "instrument": "VIIRS",
        "confidence": "n",
        "version": "2.0NRT",
        "bright_ti5": 287.28,
        "frp": 2.66,
        "daynight": "N",
        "source_dataset": "VIIRS_NOAA20_NRT",
        "acq_datetime_utc": "2026-10-08T02:06:00Z",
        "age_hours": 30.8,
        "confidence_label": "nominal",
        "popup_label": "<strong>NASA FIRMS<\/strong><br>Sensor: VIIRS_NOAA20_NRT<br>Fecha UTC: 2026-10-08T02:06:00Z<br>Confianza: nominal<br>FRP: 2.66 MW"
      }
    },
    {
      "type": "Feature",
      "geometry": {
        "type": "Point",
        "coordinates": [1.2289, 41.1792]
      },
      "properties": {
        "bright_ti4": 327.95,
        "scan": 0.41,
        "track": 0.37,
        "acq_date": "2026-10-08",
        "acq_time": "0206",
        "satellite": "N20",
        "instrument": "VIIRS",
        "confidence": "n",
        "version": "2.0NRT",
        "bright_ti5": 287.02,
        "frp": 2.28,
        "daynight": "N",
        "source_dataset": "VIIRS_NOAA20_NRT",
        "acq_datetime_utc": "2026-10-08T02:06:00Z",
        "age_hours": 30.8,
        "confidence_label": "nominal",
        "popup_label": "<strong>NASA FIRMS<\/strong><br>Sensor: VIIRS_NOAA20_NRT<br>Fecha UTC: 2026-10-08T02:06:00Z<br>Confianza: nominal<br>FRP: 2.28 MW"
      }
    },
    {
      "type": "Feature",
      "geometry": {
        "type": "Point",
        "coordinates": [-8.5541, 41.2516]
      },
      "properties": {
        "bright_ti4": 295.44,
        "scan": 0.43,
        "track": 0.46,
        "acq_date": "2026-10-08",
        "acq_time": "0206",
        "satellite": "N20",
        "instrument": "VIIRS",
        "confidence": "n",
        "version": "2.0NRT",
        "bright_ti5": 283.44,
        "frp": 0.53,
        "daynight": "N",
        "source_dataset": "VIIRS_NOAA20_NRT",
        "acq_datetime_utc": "2026-10-08T02:06:00Z",
        "age_hours": 30.8,
        "confidence_label": "nominal",
        "popup_label": "<strong>NASA FIRMS<\/strong><br>Sensor: VIIRS_NOAA20_NRT<br>Fecha UTC: 2026-10-08T02:06:00Z<br>Confianza: nominal<br>FRP: 0.53 MW"
      }
    },
    {
      "type": "Feature",
      "geometry": {
        "type": "Point",
        "coordinates": [1.9769, 41.4558]
      },
      "properties": {
        "bright_ti4": 305.83,
        "scan": 0.42,
        "track": 0.38,
        "acq_date": "2026-10-08",
        "acq_time": "0206",
        "satellite": "N20",
        "instrument": "VIIRS",
        "confidence": "n",
        "version": "2.0NRT",
        "bright_ti5": 286.61,
        "frp": 1.32,
        "daynight": "N",
        "source_dataset": "VIIRS_NOAA20_NRT",
        "acq_datetime_utc": "2026-10-08T02:06:00Z",
        "age_hours": 30.8,
        "confidence_label": "nominal",
        "popup_label": "<strong>NASA FIRMS<\/strong><br>Sensor: VIIRS_NOAA20_NRT<br>Fecha UTC: 2026-10-08T02:06:00Z<br>Confianza: nominal<br>FRP: 1.32 MW"
      }
    },
    {
      "type": "Feature",
      "geometry": {
        "type": "Point",
        "coordinates": [2.1803, 41.4744]
      },
      "properties": {
        "bright_ti4": 299.94,
        "scan": 0.43,
        "track": 0.38,
        "acq_date": "2026-10-08",
        "acq_time": "0206",
        "satellite": "N20",
        "instrument": "VIIRS",
        "confidence": "n",
        "version": "2.0NRT",
        "bright_ti5": 286.7,
        "frp": 0.56,
        "daynight": "N",
        "source_dataset": "VIIRS_NOAA20_NRT",
        "acq_datetime_utc": "2026-10-08T02:06:00Z",
        "age_hours": 30.8,
        "confidence_label": "nominal",
        "popup_label": "<strong>NASA FIRMS<\/strong><br>Sensor: VIIRS_NOAA20_NRT<br>Fecha UTC: 2026-10-08T02:06:00Z<br>Confianza: nominal<br>FRP: 0.56 MW"
      }
    },
    {
      "type": "Feature",
      "geometry": {
        "type": "Point",
        "coordinates": [-1.4894, 41.4756]
      },
      "properties": {
        "bright_ti4": 301.22,
        "scan": 0.39,
        "track": 0.36,
        "acq_date": "2026-10-08",
        "acq_time": "0206",
        "satellite": "N20",
        "instrument": "VIIRS",
        "confidence": "n",
        "version": "2.0NRT",
        "bright_ti5": 284.08,
        "frp": 0.72,
        "daynight": "N",
        "source_dataset": "VIIRS_NOAA20_NRT",
        "acq_datetime_utc": "2026-10-08T02:06:00Z",
        "age_hours": 30.8,
        "confidence_label": "nominal",
        "popup_label": "<strong>NASA FIRMS<\/strong><br>Sensor: VIIRS_NOAA20_NRT<br>Fecha UTC: 2026-10-08T02:06:00Z<br>Confianza: nominal<br>FRP: 0.72 MW"
      }
    },
    {
      "type": "Feature",
      "geometry": {
        "type": "Point",
        "coordinates": [0.1804, 41.9264]
      },
      "properties": {
        "bright_ti4": 296.32,
        "scan": 0.39,
        "track": 0.36,
        "acq_date": "2026-10-08",
        "acq_time": "0206",
        "satellite": "N20",
        "instrument": "VIIRS",
        "confidence": "n",
        "version": "2.0NRT",
        "bright_ti5": 284.11,
        "frp": 0.69,
        "daynight": "N",
        "source_dataset": "VIIRS_NOAA20_NRT",
        "acq_datetime_utc": "2026-10-08T02:06:00Z",
        "age_hours": 30.8,
        "confidence_label": "nominal",
        "popup_label": "<strong>NASA FIRMS<\/strong><br>Sensor: VIIRS_NOAA20_NRT<br>Fecha UTC: 2026-10-08T02:06:00Z<br>Confianza: nominal<br>FRP: 0.69 MW"
      }
    },
    {
      "type": "Feature",
      "geometry": {
        "type": "Point",
        "coordinates": [4.8856, 43.4364]
      },
      "properties": {
        "bright_ti4": 306.42,
        "scan": 0.49,
        "track": 0.4,
        "acq_date": "2026-10-08",
        "acq_time": "0206",
        "satellite": "N20",
        "instrument": "VIIRS",
        "confidence": "n",
        "version": "2.0NRT",
        "bright_ti5": 286.97,
        "frp": 1.04,
        "daynight": "N",
        "source_dataset": "VIIRS_NOAA20_NRT",
        "acq_datetime_utc": "2026-10-08T02:06:00Z",
        "age_hours": 30.8,
        "confidence_label": "nominal",
        "popup_label": "<strong>NASA FIRMS<\/strong><br>Sensor: VIIRS_NOAA20_NRT<br>Fecha UTC: 2026-10-08T02:06:00Z<br>Confianza: nominal<br>FRP: 1.04 MW"
      }
    },
    {
      "type": "Feature",
      "geometry": {
        "type": "Point",
        "coordinates": [4.8929, 43.4388]
      },
      "properties": {
        "bright_ti4": 297.57,
        "scan": 0.49,
        "track": 0.4,
        "acq_date": "2026-10-08",
        "acq_time": "0206",
        "satellite": "N20",
        "instrument": "VIIRS",
        "confidence": "n",
        "version": "2.0NRT",
        "bright_ti5": 286.4,
        "frp": 1.53,
        "daynight": "N",
        "source_dataset": "VIIRS_NOAA20_NRT",
        "acq_datetime_utc": "2026-10-08T02:06:00Z",
        "age_hours": 30.8,
        "confidence_label": "nominal",
        "popup_label": "<strong>NASA FIRMS<\/strong><br>Sensor: VIIRS_NOAA20_NRT<br>Fecha UTC: 2026-10-08T02:06:00Z<br>Confianza: nominal<br>FRP: 1.53 MW"
      }
    },
    {
      "type": "Feature",
      "geometry": {
        "type": "Point",
        "coordinates": [4.887, 43.44]
      },
      "properties": {
        "bright_ti4": 298.13,
        "scan": 0.49,
        "track": 0.4,
        "acq_date": "2026-10-08",
        "acq_time": "0206",
        "satellite": "N20",
        "instrument": "VIIRS",
        "confidence": "n",
        "version": "2.0NRT",
        "bright_ti5": 286.19,
        "frp": 1.04,
        "daynight": "N",
        "source_dataset": "VIIRS_NOAA20_NRT",
        "acq_datetime_utc": "2026-10-08T02:06:00Z",
        "age_hours": 30.8,
        "confidence_label": "nominal",
        "popup_label": "<strong>NASA FIRMS<\/strong><br>Sensor: VIIRS_NOAA20_NRT<br>Fecha UTC: 2026-10-08T02:06:00Z<br>Confianza: nominal<br>FRP: 1.04 MW"
      }
    },
    {
      "type": "Feature",
      "geometry": {
        "type": "Point",
        "coordinates": [4.9016, 43.4448]
      },
      "properties": {
        "bright_ti4": 307.88,
        "scan": 0.49,
        "track": 0.4,
        "acq_date": "2026-10-08",
        "acq_time": "0206",
        "satellite": "N20",
        "instrument": "VIIRS",
        "confidence": "n",
        "version": "2.0NRT",
        "bright_ti5": 286.05,
        "frp": 1.17,
        "daynight": "N",
        "source_dataset": "VIIRS_NOAA20_NRT",
        "acq_datetime_utc": "2026-10-08T02:06:00Z",
        "age_hours": 30.8,
        "confidence_label": "nominal",
        "popup_label": "<strong>NASA FIRMS<\/strong><br>Sensor: VIIRS_NOAA20_NRT<br>Fecha UTC: 2026-10-08T02:06:00Z<br>Confianza: nominal<br>FRP: 1.17 MW"
      }
    },
    {
      "type": "Feature",
      "geometry": {
        "type": "Point",
        "coordinates": [4.8957, 43.446]
      },
      "properties": {
        "bright_ti4": 308.46,
        "scan": 0.49,
        "track": 0.4,
        "acq_date": "2026-10-08",
        "acq_time": "0206",
        "satellite": "N20",
        "instrument": "VIIRS",
        "confidence": "n",
        "version": "2.0NRT",
        "bright_ti5": 286.76,
        "frp": 1.17,
        "daynight": "N",
        "source_dataset": "VIIRS_NOAA20_NRT",
        "acq_datetime_utc": "2026-10-08T02:06:00Z",
        "age_hours": 30.8,
        "confidence_label": "nominal",
        "popup_label": "<strong>NASA FIRMS<\/strong><br>Sensor: VIIRS_NOAA20_NRT<br>Fecha UTC: 2026-10-08T02:06:00Z<br>Confianza: nominal<br>FRP: 1.17 MW"
      }
    },
    {
      "type": "Feature",
      "geometry": {
        "type": "Point",
        "coordinates": [4.8531, 43.4508]
      },
      "properties": {
        "bright_ti4": 303.31,
        "scan": 0.49,
        "track": 0.4,
        "acq_date": "2026-10-08",
        "acq_time": "0206",
        "satellite": "N20",
        "instrument": "VIIRS",
        "confidence": "n",
        "version": "2.0NRT",
        "bright_ti5": 286.91,
        "frp": 0.64,
        "daynight": "N",
        "source_dataset": "VIIRS_NOAA20_NRT",
        "acq_datetime_utc": "2026-10-08T02:06:00Z",
        "age_hours": 30.8,
        "confidence_label": "nominal",
        "popup_label": "<strong>NASA FIRMS<\/strong><br>Sensor: VIIRS_NOAA20_NRT<br>Fecha UTC: 2026-10-08T02:06:00Z<br>Confianza: nominal<br>FRP: 0.64 MW"
      }
    }
  ]
}
