{
  "type": "FeatureCollection",
  "features": [
    {
      "type": "Feature",
      "geometry": {
        "type": "Point",
        "coordinates": [0.6357, 40.7364]
      },
      "properties": {
        "bright_ti4": 339.2,
        "scan": 0.39,
        "track": 0.59,
        "acq_date": "2026-09-25",
        "acq_time": "1355",
        "satellite": "N",
        "instrument": "VIIRS",
        "confidence": "n",
        "version": "2.0NRT",
        "bright_ti5": 303.01,
        "frp": 3.3,
        "daynight": "D",
        "source_dataset": "VIIRS_SNPP_NRT",
        "acq_datetime_utc": "2026-09-25T13:55:00Z",
        "age_hours": 7.6,
        "confidence_label": "nominal",
        "popup_label": "<strong>NASA FIRMS<\/strong><br>Sensor: VIIRS_SNPP_NRT<br>Fecha UTC: 2026-09-25T13:55:00Z<br>Confianza: nominal<br>FRP: 3.3 MW"
      }
    },
    {
      "type": "Feature",
      "geometry": {
        "type": "Point",
        "coordinates": [-3.0528, 40.8969]
      },
      "properties": {
        "bright_ti4": 342.66,
        "scan": 0.5,
        "track": 0.49,
        "acq_date": "2026-09-25",
        "acq_time": "1355",
        "satellite": "N",
        "instrument": "VIIRS",
        "confidence": "n",
        "version": "2.0NRT",
        "bright_ti5": 311.28,
        "frp": 7.85,
        "daynight": "D",
        "source_dataset": "VIIRS_SNPP_NRT",
        "acq_datetime_utc": "2026-09-25T13:55:00Z",
        "age_hours": 7.6,
        "confidence_label": "nominal",
        "popup_label": "<strong>NASA FIRMS<\/strong><br>Sensor: VIIRS_SNPP_NRT<br>Fecha UTC: 2026-09-25T13:55:00Z<br>Confianza: nominal<br>FRP: 7.85 MW"
      }
    },
    {
      "type": "Feature",
      "geometry": {
        "type": "Point",
        "coordinates": [-3.0552, 40.8972]
      },
      "properties": {
        "bright_ti4": 346.49,
        "scan": 0.5,
        "track": 0.49,
        "acq_date": "2026-09-25",
        "acq_time": "1355",
        "satellite": "N",
        "instrument": "VIIRS",
        "confidence": "n",
        "version": "2.0NRT",
        "bright_ti5": 309.43,
        "frp": 6.81,
        "daynight": "D",
        "source_dataset": "VIIRS_SNPP_NRT",
        "acq_datetime_utc": "2026-09-25T13:55:00Z",
        "age_hours": 7.6,
        "confidence_label": "nominal",
        "popup_label": "<strong>NASA FIRMS<\/strong><br>Sensor: VIIRS_SNPP_NRT<br>Fecha UTC: 2026-09-25T13:55:00Z<br>Confianza: nominal<br>FRP: 6.81 MW"
      }
    },
    {
      "type": "Feature",
      "geometry": {
        "type": "Point",
        "coordinates": [3.1695, 32.5557]
      },
      "properties": {
        "bright_ti4": 338.67,
        "scan": 0.46,
        "track": 0.63,
        "acq_date": "2026-09-25",
        "acq_time": "1353",
        "satellite": "N",
        "instrument": "VIIRS",
        "confidence": "n",
        "version": "2.0NRT",
        "bright_ti5": 302.04,
        "frp": 4.18,
        "daynight": "D",
        "source_dataset": "VIIRS_SNPP_NRT",
        "acq_datetime_utc": "2026-09-25T13:53:00Z",
        "age_hours": 7.6,
        "confidence_label": "nominal",
        "popup_label": "<strong>NASA FIRMS<\/strong><br>Sensor: VIIRS_SNPP_NRT<br>Fecha UTC: 2026-09-25T13:53:00Z<br>Confianza: nominal<br>FRP: 4.18 MW"
      }
    },
    {
      "type": "Feature",
      "geometry": {
        "type": "Point",
        "coordinates": [-5.1522, 34.974]
      },
      "properties": {
        "bright_ti4": 340.42,
        "scan": 0.5,
        "track": 0.41,
        "acq_date": "2026-09-25",
        "acq_time": "1353",
        "satellite": "N",
        "instrument": "VIIRS",
        "confidence": "n",
        "version": "2.0NRT",
        "bright_ti5": 310.13,
        "frp": 7.87,
        "daynight": "D",
        "source_dataset": "VIIRS_SNPP_NRT",
        "acq_datetime_utc": "2026-09-25T13:53:00Z",
        "age_hours": 7.6,
        "confidence_label": "nominal",
        "popup_label": "<strong>NASA FIRMS<\/strong><br>Sensor: VIIRS_SNPP_NRT<br>Fecha UTC: 2026-09-25T13:53:00Z<br>Confianza: nominal<br>FRP: 7.87 MW"
      }
    },
    {
      "type": "Feature",
      "geometry": {
        "type": "Point",
        "coordinates": [-5.1526, 34.9778]
      },
      "properties": {
        "bright_ti4": 351.3,
        "scan": 0.5,
        "track": 0.41,
        "acq_date": "2026-09-25",
        "acq_time": "1353",
        "satellite": "N",
        "instrument": "VIIRS",
        "confidence": "n",
        "version": "2.0NRT",
        "bright_ti5": 317.41,
        "frp": 38.04,
        "daynight": "D",
        "source_dataset": "VIIRS_SNPP_NRT",
        "acq_datetime_utc": "2026-09-25T13:53:00Z",
        "age_hours": 7.6,
        "confidence_label": "nominal",
        "popup_label": "<strong>NASA FIRMS<\/strong><br>Sensor: VIIRS_SNPP_NRT<br>Fecha UTC: 2026-09-25T13:53:00Z<br>Confianza: nominal<br>FRP: 38.04 MW"
      }
    },
    {
      "type": "Feature",
      "geometry": {
        "type": "Point",
        "coordinates": [-6.1281, 35.1811]
      },
      "properties": {
        "bright_ti4": 338.71,
        "scan": 0.46,
        "track": 0.39,
        "acq_date": "2026-09-25",
        "acq_time": "1353",
        "satellite": "N",
        "instrument": "VIIRS",
        "confidence": "n",
        "version": "2.0NRT",
        "bright_ti5": 306.2,
        "frp": 3.27,
        "daynight": "D",
        "source_dataset": "VIIRS_SNPP_NRT",
        "acq_datetime_utc": "2026-09-25T13:53:00Z",
        "age_hours": 7.6,
        "confidence_label": "nominal",
        "popup_label": "<strong>NASA FIRMS<\/strong><br>Sensor: VIIRS_SNPP_NRT<br>Fecha UTC: 2026-09-25T13:53:00Z<br>Confianza: nominal<br>FRP: 3.27 MW"
      }
    },
    {
      "type": "Feature",
      "geometry": {
        "type": "Point",
        "coordinates": [-0.2536, 35.8067]
      },
      "properties": {
        "bright_ti4": 336.08,
        "scan": 0.62,
        "track": 0.54,
        "acq_date": "2026-09-25",
        "acq_time": "1353",
        "satellite": "N",
        "instrument": "VIIRS",
        "confidence": "n",
        "version": "2.0NRT",
        "bright_ti5": 305.42,
        "frp": 3.09,
        "daynight": "D",
        "source_dataset": "VIIRS_SNPP_NRT",
        "acq_datetime_utc": "2026-09-25T13:53:00Z",
        "age_hours": 7.6,
        "confidence_label": "nominal",
        "popup_label": "<strong>NASA FIRMS<\/strong><br>Sensor: VIIRS_SNPP_NRT<br>Fecha UTC: 2026-09-25T13:53:00Z<br>Confianza: nominal<br>FRP: 3.09 MW"
      }
    },
    {
      "type": "Feature",
      "geometry": {
        "type": "Point",
        "coordinates": [-5.8366, 36.6947]
      },
      "properties": {
        "bright_ti4": 336.66,
        "scan": 0.49,
        "track": 0.4,
        "acq_date": "2026-09-25",
        "acq_time": "1353",
        "satellite": "N",
        "instrument": "VIIRS",
        "confidence": "l",
        "version": "2.0NRT",
        "bright_ti5": 311.57,
        "frp": 2.42,
        "daynight": "D",
        "source_dataset": "VIIRS_SNPP_NRT",
        "acq_datetime_utc": "2026-09-25T13:53:00Z",
        "age_hours": 7.6,
        "confidence_label": "baja",
        "popup_label": "<strong>NASA FIRMS<\/strong><br>Sensor: VIIRS_SNPP_NRT<br>Fecha UTC: 2026-09-25T13:53:00Z<br>Confianza: baja<br>FRP: 2.42 MW"
      }
    },
    {
      "type": "Feature",
      "geometry": {
        "type": "Point",
        "coordinates": [-5.8335, 36.6962]
      },
      "properties": {
        "bright_ti4": 337.3,
        "scan": 0.49,
        "track": 0.4,
        "acq_date": "2026-09-25",
        "acq_time": "1353",
        "satellite": "N",
        "instrument": "VIIRS",
        "confidence": "l",
        "version": "2.0NRT",
        "bright_ti5": 309.47,
        "frp": 5.14,
        "daynight": "D",
        "source_dataset": "VIIRS_SNPP_NRT",
        "acq_datetime_utc": "2026-09-25T13:53:00Z",
        "age_hours": 7.6,
        "confidence_label": "baja",
        "popup_label": "<strong>NASA FIRMS<\/strong><br>Sensor: VIIRS_SNPP_NRT<br>Fecha UTC: 2026-09-25T13:53:00Z<br>Confianza: baja<br>FRP: 5.14 MW"
      }
    },
    {
      "type": "Feature",
      "geometry": {
        "type": "Point",
        "coordinates": [-5.8397, 36.7942]
      },
      "properties": {
        "bright_ti4": 348.35,
        "scan": 0.49,
        "track": 0.4,
        "acq_date": "2026-09-25",
        "acq_time": "1353",
        "satellite": "N",
        "instrument": "VIIRS",
        "confidence": "n",
        "version": "2.0NRT",
        "bright_ti5": 316.45,
        "frp": 7.8,
        "daynight": "D",
        "source_dataset": "VIIRS_SNPP_NRT",
        "acq_datetime_utc": "2026-09-25T13:53:00Z",
        "age_hours": 7.6,
        "confidence_label": "nominal",
        "popup_label": "<strong>NASA FIRMS<\/strong><br>Sensor: VIIRS_SNPP_NRT<br>Fecha UTC: 2026-09-25T13:53:00Z<br>Confianza: nominal<br>FRP: 7.8 MW"
      }
    },
    {
      "type": "Feature",
      "geometry": {
        "type": "Point",
        "coordinates": [-5.8415, 36.7947]
      },
      "properties": {
        "bright_ti4": 346.92,
        "scan": 0.49,
        "track": 0.4,
        "acq_date": "2026-09-25",
        "acq_time": "1353",
        "satellite": "N",
        "instrument": "VIIRS",
        "confidence": "n",
        "version": "2.0NRT",
        "bright_ti5": 316.2,
        "frp": 7.97,
        "daynight": "D",
        "source_dataset": "VIIRS_SNPP_NRT",
        "acq_datetime_utc": "2026-09-25T13:53:00Z",
        "age_hours": 7.6,
        "confidence_label": "nominal",
        "popup_label": "<strong>NASA FIRMS<\/strong><br>Sensor: VIIRS_SNPP_NRT<br>Fecha UTC: 2026-09-25T13:53:00Z<br>Confianza: nominal<br>FRP: 7.97 MW"
      }
    },
    {
      "type": "Feature",
      "geometry": {
        "type": "Point",
        "coordinates": [-5.8348, 36.7986]
      },
      "properties": {
        "bright_ti4": 343.29,
        "scan": 0.49,
        "track": 0.4,
        "acq_date": "2026-09-25",
        "acq_time": "1353",
        "satellite": "N",
        "instrument": "VIIRS",
        "confidence": "l",
        "version": "2.0NRT",
        "bright_ti5": 316.08,
        "frp": 4.98,
        "daynight": "D",
        "source_dataset": "VIIRS_SNPP_NRT",
        "acq_datetime_utc": "2026-09-25T13:53:00Z",
        "age_hours": 7.6,
        "confidence_label": "baja",
        "popup_label": "<strong>NASA FIRMS<\/strong><br>Sensor: VIIRS_SNPP_NRT<br>Fecha UTC: 2026-09-25T13:53:00Z<br>Confianza: baja<br>FRP: 4.98 MW"
      }
    },
    {
      "type": "Feature",
      "geometry": {
        "type": "Point",
        "coordinates": [-5.8355, 36.8023]
      },
      "properties": {
        "bright_ti4": 341.21,
        "scan": 0.49,
        "track": 0.4,
        "acq_date": "2026-09-25",
        "acq_time": "1353",
        "satellite": "N",
        "instrument": "VIIRS",
        "confidence": "l",
        "version": "2.0NRT",
        "bright_ti5": 315.03,
        "frp": 4.98,
        "daynight": "D",
        "source_dataset": "VIIRS_SNPP_NRT",
        "acq_datetime_utc": "2026-09-25T13:53:00Z",
        "age_hours": 7.6,
        "confidence_label": "baja",
        "popup_label": "<strong>NASA FIRMS<\/strong><br>Sensor: VIIRS_SNPP_NRT<br>Fecha UTC: 2026-09-25T13:53:00Z<br>Confianza: baja<br>FRP: 4.98 MW"
      }
    },
    {
      "type": "Feature",
      "geometry": {
        "type": "Point",
        "coordinates": [-6.3693, 37.2861]
      },
      "properties": {
        "bright_ti4": 341.14,
        "scan": 0.47,
        "track": 0.4,
        "acq_date": "2026-09-25",
        "acq_time": "1353",
        "satellite": "N",
        "instrument": "VIIRS",
        "confidence": "n",
        "version": "2.0NRT",
        "bright_ti5": 315.45,
        "frp": 4.15,
        "daynight": "D",
        "source_dataset": "VIIRS_SNPP_NRT",
        "acq_datetime_utc": "2026-09-25T13:53:00Z",
        "age_hours": 7.6,
        "confidence_label": "nominal",
        "popup_label": "<strong>NASA FIRMS<\/strong><br>Sensor: VIIRS_SNPP_NRT<br>Fecha UTC: 2026-09-25T13:53:00Z<br>Confianza: nominal<br>FRP: 4.15 MW"
      }
    },
    {
      "type": "Feature",
      "geometry": {
        "type": "Point",
        "coordinates": [-5.4047, 37.4451]
      },
      "properties": {
        "bright_ti4": 340.98,
        "scan": 0.52,
        "track": 0.42,
        "acq_date": "2026-09-25",
        "acq_time": "1353",
        "satellite": "N",
        "instrument": "VIIRS",
        "confidence": "l",
        "version": "2.0NRT",
        "bright_ti5": 314.55,
        "frp": 4.08,
        "daynight": "D",
        "source_dataset": "VIIRS_SNPP_NRT",
        "acq_datetime_utc": "2026-09-25T13:53:00Z",
        "age_hours": 7.6,
        "confidence_label": "baja",
        "popup_label": "<strong>NASA FIRMS<\/strong><br>Sensor: VIIRS_SNPP_NRT<br>Fecha UTC: 2026-09-25T13:53:00Z<br>Confianza: baja<br>FRP: 4.08 MW"
      }
    },
    {
      "type": "Feature",
      "geometry": {
        "type": "Point",
        "coordinates": [-6.6406, 38.9205]
      },
      "properties": {
        "bright_ti4": 339.37,
        "scan": 0.48,
        "track": 0.4,
        "acq_date": "2026-09-25",
        "acq_time": "1353",
        "satellite": "N",
        "instrument": "VIIRS",
        "confidence": "n",
        "version": "2.0NRT",
        "bright_ti5": 314.32,
        "frp": 7.93,
        "daynight": "D",
        "source_dataset": "VIIRS_SNPP_NRT",
        "acq_datetime_utc": "2026-09-25T13:53:00Z",
        "age_hours": 7.6,
        "confidence_label": "nominal",
        "popup_label": "<strong>NASA FIRMS<\/strong><br>Sensor: VIIRS_SNPP_NRT<br>Fecha UTC: 2026-09-25T13:53:00Z<br>Confianza: nominal<br>FRP: 7.93 MW"
      }
    },
    {
      "type": "Feature",
      "geometry": {
        "type": "Point",
        "coordinates": [-8.7275, 41.6397]
      },
      "properties": {
        "bright_ti4": 342.08,
        "scan": 0.43,
        "track": 0.38,
        "acq_date": "2026-09-25",
        "acq_time": "1353",
        "satellite": "N",
        "instrument": "VIIRS",
        "confidence": "n",
        "version": "2.0NRT",
        "bright_ti5": 307.43,
        "frp": 29.67,
        "daynight": "D",
        "source_dataset": "VIIRS_SNPP_NRT",
        "acq_datetime_utc": "2026-09-25T13:53:00Z",
        "age_hours": 7.6,
        "confidence_label": "nominal",
        "popup_label": "<strong>NASA FIRMS<\/strong><br>Sensor: VIIRS_SNPP_NRT<br>Fecha UTC: 2026-09-25T13:53:00Z<br>Confianza: nominal<br>FRP: 29.67 MW"
      }
    },
    {
      "type": "Feature",
      "geometry": {
        "type": "Point",
        "coordinates": [1.5132, 42.8991]
      },
      "properties": {
        "bright_ti4": 346.41,
        "scan": 0.45,
        "track": 0.63,
        "acq_date": "2026-09-25",
        "acq_time": "1353",
        "satellite": "N",
        "instrument": "VIIRS",
        "confidence": "n",
        "version": "2.0NRT",
        "bright_ti5": 300.1,
        "frp": 8.8,
        "daynight": "D",
        "source_dataset": "VIIRS_SNPP_NRT",
        "acq_datetime_utc": "2026-09-25T13:53:00Z",
        "age_hours": 7.6,
        "confidence_label": "nominal",
        "popup_label": "<strong>NASA FIRMS<\/strong><br>Sensor: VIIRS_SNPP_NRT<br>Fecha UTC: 2026-09-25T13:53:00Z<br>Confianza: nominal<br>FRP: 8.8 MW"
      }
    },
    {
      "type": "Feature",
      "geometry": {
        "type": "Point",
        "coordinates": [-5.7256, 43.5226]
      },
      "properties": {
        "bright_ti4": 339.62,
        "scan": 0.39,
        "track": 0.44,
        "acq_date": "2026-09-25",
        "acq_time": "1353",
        "satellite": "N",
        "instrument": "VIIRS",
        "confidence": "n",
        "version": "2.0NRT",
        "bright_ti5": 297.29,
        "frp": 4.03,
        "daynight": "D",
        "source_dataset": "VIIRS_SNPP_NRT",
        "acq_datetime_utc": "2026-09-25T13:53:00Z",
        "age_hours": 7.6,
        "confidence_label": "nominal",
        "popup_label": "<strong>NASA FIRMS<\/strong><br>Sensor: VIIRS_SNPP_NRT<br>Fecha UTC: 2026-09-25T13:53:00Z<br>Confianza: nominal<br>FRP: 4.03 MW"
      }
    },
    {
      "type": "Feature",
      "geometry": {
        "type": "Point",
        "coordinates": [-5.7313, 43.5262]
      },
      "properties": {
        "bright_ti4": 352.17,
        "scan": 0.39,
        "track": 0.44,
        "acq_date": "2026-09-25",
        "acq_time": "1353",
        "satellite": "N",
        "instrument": "VIIRS",
        "confidence": "n",
        "version": "2.0NRT",
        "bright_ti5": 299.4,
        "frp": 15.92,
        "daynight": "D",
        "source_dataset": "VIIRS_SNPP_NRT",
        "acq_datetime_utc": "2026-09-25T13:53:00Z",
        "age_hours": 7.6,
        "confidence_label": "nominal",
        "popup_label": "<strong>NASA FIRMS<\/strong><br>Sensor: VIIRS_SNPP_NRT<br>Fecha UTC: 2026-09-25T13:53:00Z<br>Confianza: nominal<br>FRP: 15.92 MW"
      }
    },
    {
      "type": "Feature",
      "geometry": {
        "type": "Point",
        "coordinates": [3.5114, 43.5626]
      },
      "properties": {
        "bright_ti4": 336.05,
        "scan": 0.57,
        "track": 0.69,
        "acq_date": "2026-09-25",
        "acq_time": "1353",
        "satellite": "N",
        "instrument": "VIIRS",
        "confidence": "n",
        "version": "2.0NRT",
        "bright_ti5": 299.5,
        "frp": 6.63,
        "daynight": "D",
        "source_dataset": "VIIRS_SNPP_NRT",
        "acq_datetime_utc": "2026-09-25T13:53:00Z",
        "age_hours": 7.6,
        "confidence_label": "nominal",
        "popup_label": "<strong>NASA FIRMS<\/strong><br>Sensor: VIIRS_SNPP_NRT<br>Fecha UTC: 2026-09-25T13:53:00Z<br>Confianza: nominal<br>FRP: 6.63 MW"
      }
    },
    {
      "type": "Feature",
      "geometry": {
        "type": "Point",
        "coordinates": [-0.5175, 28.2012]
      },
      "properties": {
        "bright_ti4": 345.46,
        "scan": 0.5,
        "track": 0.49,
        "acq_date": "2026-09-25",
        "acq_time": "1350",
        "satellite": "N",
        "instrument": "VIIRS",
        "confidence": "n",
        "version": "2.0NRT",
        "bright_ti5": 308.76,
        "frp": 5.27,
        "daynight": "D",
        "source_dataset": "VIIRS_SNPP_NRT",
        "acq_datetime_utc": "2026-09-25T13:50:00Z",
        "age_hours": 7.7,
        "confidence_label": "nominal",
        "popup_label": "<strong>NASA FIRMS<\/strong><br>Sensor: VIIRS_SNPP_NRT<br>Fecha UTC: 2026-09-25T13:50:00Z<br>Confianza: nominal<br>FRP: 5.27 MW"
      }
    },
    {
      "type": "Feature",
      "geometry": {
        "type": "Point",
        "coordinates": [1.4617, 29.8076]
      },
      "properties": {
        "bright_ti4": 341.27,
        "scan": 0.34,
        "track": 0.56,
        "acq_date": "2026-09-25",
        "acq_time": "1350",
        "satellite": "N",
        "instrument": "VIIRS",
        "confidence": "n",
        "version": "2.0NRT",
        "bright_ti5": 309.53,
        "frp": 3.14,
        "daynight": "D",
        "source_dataset": "VIIRS_SNPP_NRT",
        "acq_datetime_utc": "2026-09-25T13:50:00Z",
        "age_hours": 7.7,
        "confidence_label": "nominal",
        "popup_label": "<strong>NASA FIRMS<\/strong><br>Sensor: VIIRS_SNPP_NRT<br>Fecha UTC: 2026-09-25T13:50:00Z<br>Confianza: nominal<br>FRP: 3.14 MW"
      }
    },
    {
      "type": "Feature",
      "geometry": {
        "type": "Point",
        "coordinates": [3.9873, 32.2763]
      },
      "properties": {
        "bright_ti4": 339.06,
        "scan": 0.51,
        "track": 0.66,
        "acq_date": "2026-09-25",
        "acq_time": "1350",
        "satellite": "N",
        "instrument": "VIIRS",
        "confidence": "n",
        "version": "2.0NRT",
        "bright_ti5": 304.77,
        "frp": 2.1,
        "daynight": "D",
        "source_dataset": "VIIRS_SNPP_NRT",
        "acq_datetime_utc": "2026-09-25T13:50:00Z",
        "age_hours": 7.7,
        "confidence_label": "nominal",
        "popup_label": "<strong>NASA FIRMS<\/strong><br>Sensor: VIIRS_SNPP_NRT<br>Fecha UTC: 2026-09-25T13:50:00Z<br>Confianza: nominal<br>FRP: 2.1 MW"
      }
    },
    {
      "type": "Feature",
      "geometry": {
        "type": "Point",
        "coordinates": [-3.4132, 41.0978]
      },
      "properties": {
        "bright_ti4": 332.89,
        "scan": 0.6,
        "track": 0.71,
        "acq_date": "2026-09-25",
        "acq_time": "1214",
        "satellite": "N",
        "instrument": "VIIRS",
        "confidence": "n",
        "version": "2.0NRT",
        "bright_ti5": 301.66,
        "frp": 3.88,
        "daynight": "D",
        "source_dataset": "VIIRS_SNPP_NRT",
        "acq_datetime_utc": "2026-09-25T12:14:00Z",
        "age_hours": 9.3,
        "confidence_label": "nominal",
        "popup_label": "<strong>NASA FIRMS<\/strong><br>Sensor: VIIRS_SNPP_NRT<br>Fecha UTC: 2026-09-25T12:14:00Z<br>Confianza: nominal<br>FRP: 3.88 MW"
      }
    },
    {
      "type": "Feature",
      "geometry": {
        "type": "Point",
        "coordinates": [-3.689, 41.1731]
      },
      "properties": {
        "bright_ti4": 346.79,
        "scan": 0.62,
        "track": 0.71,
        "acq_date": "2026-09-25",
        "acq_time": "1214",
        "satellite": "N",
        "instrument": "VIIRS",
        "confidence": "n",
        "version": "2.0NRT",
        "bright_ti5": 306.96,
        "frp": 6.56,
        "daynight": "D",
        "source_dataset": "VIIRS_SNPP_NRT",
        "acq_datetime_utc": "2026-09-25T12:14:00Z",
        "age_hours": 9.3,
        "confidence_label": "nominal",
        "popup_label": "<strong>NASA FIRMS<\/strong><br>Sensor: VIIRS_SNPP_NRT<br>Fecha UTC: 2026-09-25T12:14:00Z<br>Confianza: nominal<br>FRP: 6.56 MW"
      }
    },
    {
      "type": "Feature",
      "geometry": {
        "type": "Point",
        "coordinates": [1.9976, 42.7117]
      },
      "properties": {
        "bright_ti4": 344.01,
        "scan": 0.6,
        "track": 0.53,
        "acq_date": "2026-09-25",
        "acq_time": "1214",
        "satellite": "N",
        "instrument": "VIIRS",
        "confidence": "n",
        "version": "2.0NRT",
        "bright_ti5": 302.49,
        "frp": 18.3,
        "daynight": "D",
        "source_dataset": "VIIRS_SNPP_NRT",
        "acq_datetime_utc": "2026-09-25T12:14:00Z",
        "age_hours": 9.3,
        "confidence_label": "nominal",
        "popup_label": "<strong>NASA FIRMS<\/strong><br>Sensor: VIIRS_SNPP_NRT<br>Fecha UTC: 2026-09-25T12:14:00Z<br>Confianza: nominal<br>FRP: 18.3 MW"
      }
    },
    {
      "type": "Feature",
      "geometry": {
        "type": "Point",
        "coordinates": [-5.557, 43.0258]
      },
      "properties": {
        "bright_ti4": 340.36,
        "scan": 0.66,
        "track": 0.73,
        "acq_date": "2026-09-25",
        "acq_time": "1214",
        "satellite": "N",
        "instrument": "VIIRS",
        "confidence": "n",
        "version": "2.0NRT",
        "bright_ti5": 293.59,
        "frp": 7.14,
        "daynight": "D",
        "source_dataset": "VIIRS_SNPP_NRT",
        "acq_datetime_utc": "2026-09-25T12:14:00Z",
        "age_hours": 9.3,
        "confidence_label": "nominal",
        "popup_label": "<strong>NASA FIRMS<\/strong><br>Sensor: VIIRS_SNPP_NRT<br>Fecha UTC: 2026-09-25T12:14:00Z<br>Confianza: nominal<br>FRP: 7.14 MW"
      }
    },
    {
      "type": "Feature",
      "geometry": {
        "type": "Point",
        "coordinates": [-5.5651, 43.0264]
      },
      "properties": {
        "bright_ti4": 335.72,
        "scan": 0.66,
        "track": 0.73,
        "acq_date": "2026-09-25",
        "acq_time": "1214",
        "satellite": "N",
        "instrument": "VIIRS",
        "confidence": "n",
        "version": "2.0NRT",
        "bright_ti5": 294.44,
        "frp": 7.49,
        "daynight": "D",
        "source_dataset": "VIIRS_SNPP_NRT",
        "acq_datetime_utc": "2026-09-25T12:14:00Z",
        "age_hours": 9.3,
        "confidence_label": "nominal",
        "popup_label": "<strong>NASA FIRMS<\/strong><br>Sensor: VIIRS_SNPP_NRT<br>Fecha UTC: 2026-09-25T12:14:00Z<br>Confianza: nominal<br>FRP: 7.49 MW"
      }
    },
    {
      "type": "Feature",
      "geometry": {
        "type": "Point",
        "coordinates": [-5.5601, 43.0281]
      },
      "properties": {
        "bright_ti4": 339.54,
        "scan": 0.66,
        "track": 0.73,
        "acq_date": "2026-09-25",
        "acq_time": "1214",
        "satellite": "N",
        "instrument": "VIIRS",
        "confidence": "n",
        "version": "2.0NRT",
        "bright_ti5": 294.25,
        "frp": 7.49,
        "daynight": "D",
        "source_dataset": "VIIRS_SNPP_NRT",
        "acq_datetime_utc": "2026-09-25T12:14:00Z",
        "age_hours": 9.3,
        "confidence_label": "nominal",
        "popup_label": "<strong>NASA FIRMS<\/strong><br>Sensor: VIIRS_SNPP_NRT<br>Fecha UTC: 2026-09-25T12:14:00Z<br>Confianza: nominal<br>FRP: 7.49 MW"
      }
    },
    {
      "type": "Feature",
      "geometry": {
        "type": "Point",
        "coordinates": [4.8915, 43.4375]
      },
      "properties": {
        "bright_ti4": 331.67,
        "scan": 0.42,
        "track": 0.45,
        "acq_date": "2026-09-25",
        "acq_time": "1214",
        "satellite": "N",
        "instrument": "VIIRS",
        "confidence": "n",
        "version": "2.0NRT",
        "bright_ti5": 297.89,
        "frp": 5.38,
        "daynight": "D",
        "source_dataset": "VIIRS_SNPP_NRT",
        "acq_datetime_utc": "2026-09-25T12:14:00Z",
        "age_hours": 9.3,
        "confidence_label": "nominal",
        "popup_label": "<strong>NASA FIRMS<\/strong><br>Sensor: VIIRS_SNPP_NRT<br>Fecha UTC: 2026-09-25T12:14:00Z<br>Confianza: nominal<br>FRP: 5.38 MW"
      }
    },
    {
      "type": "Feature",
      "geometry": {
        "type": "Point",
        "coordinates": [4.8982, 43.4479]
      },
      "properties": {
        "bright_ti4": 337.99,
        "scan": 0.42,
        "track": 0.45,
        "acq_date": "2026-09-25",
        "acq_time": "1214",
        "satellite": "N",
        "instrument": "VIIRS",
        "confidence": "n",
        "version": "2.0NRT",
        "bright_ti5": 295.29,
        "frp": 5.74,
        "daynight": "D",
        "source_dataset": "VIIRS_SNPP_NRT",
        "acq_datetime_utc": "2026-09-25T12:14:00Z",
        "age_hours": 9.3,
        "confidence_label": "nominal",
        "popup_label": "<strong>NASA FIRMS<\/strong><br>Sensor: VIIRS_SNPP_NRT<br>Fecha UTC: 2026-09-25T12:14:00Z<br>Confianza: nominal<br>FRP: 5.74 MW"
      }
    },
    {
      "type": "Feature",
      "geometry": {
        "type": "Point",
        "coordinates": [4.8822, 43.6277]
      },
      "properties": {
        "bright_ti4": 337.53,
        "scan": 0.42,
        "track": 0.45,
        "acq_date": "2026-09-25",
        "acq_time": "1214",
        "satellite": "N",
        "instrument": "VIIRS",
        "confidence": "n",
        "version": "2.0NRT",
        "bright_ti5": 293.62,
        "frp": 4.68,
        "daynight": "D",
        "source_dataset": "VIIRS_SNPP_NRT",
        "acq_datetime_utc": "2026-09-25T12:14:00Z",
        "age_hours": 9.3,
        "confidence_label": "nominal",
        "popup_label": "<strong>NASA FIRMS<\/strong><br>Sensor: VIIRS_SNPP_NRT<br>Fecha UTC: 2026-09-25T12:14:00Z<br>Confianza: nominal<br>FRP: 4.68 MW"
      }
    },
    {
      "type": "Feature",
      "geometry": {
        "type": "Point",
        "coordinates": [-0.2563, 35.8103]
      },
      "properties": {
        "bright_ti4": 338.11,
        "scan": 0.6,
        "track": 0.7,
        "acq_date": "2026-09-25",
        "acq_time": "1212",
        "satellite": "N",
        "instrument": "VIIRS",
        "confidence": "n",
        "version": "2.0NRT",
        "bright_ti5": 301.17,
        "frp": 7.81,
        "daynight": "D",
        "source_dataset": "VIIRS_SNPP_NRT",
        "acq_datetime_utc": "2026-09-25T12:12:00Z",
        "age_hours": 9.3,
        "confidence_label": "nominal",
        "popup_label": "<strong>NASA FIRMS<\/strong><br>Sensor: VIIRS_SNPP_NRT<br>Fecha UTC: 2026-09-25T12:12:00Z<br>Confianza: nominal<br>FRP: 7.81 MW"
      }
    },
    {
      "type": "Feature",
      "geometry": {
        "type": "Point",
        "coordinates": [-0.2546, 35.8105]
      },
      "properties": {
        "bright_ti4": 339.01,
        "scan": 0.6,
        "track": 0.7,
        "acq_date": "2026-09-25",
        "acq_time": "1212",
        "satellite": "N",
        "instrument": "VIIRS",
        "confidence": "n",
        "version": "2.0NRT",
        "bright_ti5": 301.89,
        "frp": 2.67,
        "daynight": "D",
        "source_dataset": "VIIRS_SNPP_NRT",
        "acq_datetime_utc": "2026-09-25T12:12:00Z",
        "age_hours": 9.3,
        "confidence_label": "nominal",
        "popup_label": "<strong>NASA FIRMS<\/strong><br>Sensor: VIIRS_SNPP_NRT<br>Fecha UTC: 2026-09-25T12:12:00Z<br>Confianza: nominal<br>FRP: 2.67 MW"
      }
    },
    {
      "type": "Feature",
      "geometry": {
        "type": "Point",
        "coordinates": [3.1926, 36.2874]
      },
      "properties": {
        "bright_ti4": 355.39,
        "scan": 0.38,
        "track": 0.59,
        "acq_date": "2026-09-25",
        "acq_time": "1212",
        "satellite": "N",
        "instrument": "VIIRS",
        "confidence": "n",
        "version": "2.0NRT",
        "bright_ti5": 307.26,
        "frp": 6.36,
        "daynight": "D",
        "source_dataset": "VIIRS_SNPP_NRT",
        "acq_datetime_utc": "2026-09-25T12:12:00Z",
        "age_hours": 9.3,
        "confidence_label": "nominal",
        "popup_label": "<strong>NASA FIRMS<\/strong><br>Sensor: VIIRS_SNPP_NRT<br>Fecha UTC: 2026-09-25T12:12:00Z<br>Confianza: nominal<br>FRP: 6.36 MW"
      }
    },
    {
      "type": "Feature",
      "geometry": {
        "type": "Point",
        "coordinates": [3.8477, 36.7353]
      },
      "properties": {
        "bright_ti4": 335.08,
        "scan": 0.35,
        "track": 0.56,
        "acq_date": "2026-09-25",
        "acq_time": "1212",
        "satellite": "N",
        "instrument": "VIIRS",
        "confidence": "n",
        "version": "2.0NRT",
        "bright_ti5": 303.66,
        "frp": 4.68,
        "daynight": "D",
        "source_dataset": "VIIRS_SNPP_NRT",
        "acq_datetime_utc": "2026-09-25T12:12:00Z",
        "age_hours": 9.3,
        "confidence_label": "nominal",
        "popup_label": "<strong>NASA FIRMS<\/strong><br>Sensor: VIIRS_SNPP_NRT<br>Fecha UTC: 2026-09-25T12:12:00Z<br>Confianza: nominal<br>FRP: 4.68 MW"
      }
    },
    {
      "type": "Feature",
      "geometry": {
        "type": "Point",
        "coordinates": [3.851, 36.7362]
      },
      "properties": {
        "bright_ti4": 332.26,
        "scan": 0.35,
        "track": 0.56,
        "acq_date": "2026-09-25",
        "acq_time": "1212",
        "satellite": "N",
        "instrument": "VIIRS",
        "confidence": "l",
        "version": "2.0NRT",
        "bright_ti5": 304.21,
        "frp": 6.49,
        "daynight": "D",
        "source_dataset": "VIIRS_SNPP_NRT",
        "acq_datetime_utc": "2026-09-25T12:12:00Z",
        "age_hours": 9.3,
        "confidence_label": "baja",
        "popup_label": "<strong>NASA FIRMS<\/strong><br>Sensor: VIIRS_SNPP_NRT<br>Fecha UTC: 2026-09-25T12:12:00Z<br>Confianza: baja<br>FRP: 6.49 MW"
      }
    },
    {
      "type": "Feature",
      "geometry": {
        "type": "Point",
        "coordinates": [3.8486, 36.7368]
      },
      "properties": {
        "bright_ti4": 352.59,
        "scan": 0.35,
        "track": 0.56,
        "acq_date": "2026-09-25",
        "acq_time": "1212",
        "satellite": "N",
        "instrument": "VIIRS",
        "confidence": "n",
        "version": "2.0NRT",
        "bright_ti5": 303.65,
        "frp": 4.1,
        "daynight": "D",
        "source_dataset": "VIIRS_SNPP_NRT",
        "acq_datetime_utc": "2026-09-25T12:12:00Z",
        "age_hours": 9.3,
        "confidence_label": "nominal",
        "popup_label": "<strong>NASA FIRMS<\/strong><br>Sensor: VIIRS_SNPP_NRT<br>Fecha UTC: 2026-09-25T12:12:00Z<br>Confianza: nominal<br>FRP: 4.1 MW"
      }
    },
    {
      "type": "Feature",
      "geometry": {
        "type": "Point",
        "coordinates": [3.988, 32.2785]
      },
      "properties": {
        "bright_ti4": 341.83,
        "scan": 0.44,
        "track": 0.62,
        "acq_date": "2026-09-25",
        "acq_time": "1210",
        "satellite": "N",
        "instrument": "VIIRS",
        "confidence": "n",
        "version": "2.0NRT",
        "bright_ti5": 306.05,
        "frp": 2.55,
        "daynight": "D",
        "source_dataset": "VIIRS_SNPP_NRT",
        "acq_datetime_utc": "2026-09-25T12:10:00Z",
        "age_hours": 9.4,
        "confidence_label": "nominal",
        "popup_label": "<strong>NASA FIRMS<\/strong><br>Sensor: VIIRS_SNPP_NRT<br>Fecha UTC: 2026-09-25T12:10:00Z<br>Confianza: nominal<br>FRP: 2.55 MW"
      }
    },
    {
      "type": "Feature",
      "geometry": {
        "type": "Point",
        "coordinates": [3.169, 32.5542]
      },
      "properties": {
        "bright_ti4": 339.45,
        "scan": 0.48,
        "track": 0.65,
        "acq_date": "2026-09-25",
        "acq_time": "1210",
        "satellite": "N",
        "instrument": "VIIRS",
        "confidence": "n",
        "version": "2.0NRT",
        "bright_ti5": 303.76,
        "frp": 2.23,
        "daynight": "D",
        "source_dataset": "VIIRS_SNPP_NRT",
        "acq_datetime_utc": "2026-09-25T12:10:00Z",
        "age_hours": 9.4,
        "confidence_label": "nominal",
        "popup_label": "<strong>NASA FIRMS<\/strong><br>Sensor: VIIRS_SNPP_NRT<br>Fecha UTC: 2026-09-25T12:10:00Z<br>Confianza: nominal<br>FRP: 2.23 MW"
      }
    },
    {
      "type": "Feature",
      "geometry": {
        "type": "Point",
        "coordinates": [3.1694, 32.5567]
      },
      "properties": {
        "bright_ti4": 341.27,
        "scan": 0.48,
        "track": 0.65,
        "acq_date": "2026-09-25",
        "acq_time": "1210",
        "satellite": "N",
        "instrument": "VIIRS",
        "confidence": "n",
        "version": "2.0NRT",
        "bright_ti5": 303.77,
        "frp": 3.05,
        "daynight": "D",
        "source_dataset": "VIIRS_SNPP_NRT",
        "acq_datetime_utc": "2026-09-25T12:10:00Z",
        "age_hours": 9.4,
        "confidence_label": "nominal",
        "popup_label": "<strong>NASA FIRMS<\/strong><br>Sensor: VIIRS_SNPP_NRT<br>Fecha UTC: 2026-09-25T12:10:00Z<br>Confianza: nominal<br>FRP: 3.05 MW"
      }
    },
    {
      "type": "Feature",
      "geometry": {
        "type": "Point",
        "coordinates": [3.2889, 32.9194]
      },
      "properties": {
        "bright_ti4": 347.13,
        "scan": 0.46,
        "track": 0.64,
        "acq_date": "2026-09-25",
        "acq_time": "1210",
        "satellite": "N",
        "instrument": "VIIRS",
        "confidence": "n",
        "version": "2.0NRT",
        "bright_ti5": 303.5,
        "frp": 4.01,
        "daynight": "D",
        "source_dataset": "VIIRS_SNPP_NRT",
        "acq_datetime_utc": "2026-09-25T12:10:00Z",
        "age_hours": 9.4,
        "confidence_label": "nominal",
        "popup_label": "<strong>NASA FIRMS<\/strong><br>Sensor: VIIRS_SNPP_NRT<br>Fecha UTC: 2026-09-25T12:10:00Z<br>Confianza: nominal<br>FRP: 4.01 MW"
      }
    },
    {
      "type": "Feature",
      "geometry": {
        "type": "Point",
        "coordinates": [3.2873, 32.9207]
      },
      "properties": {
        "bright_ti4": 349.57,
        "scan": 0.46,
        "track": 0.64,
        "acq_date": "2026-09-25",
        "acq_time": "1210",
        "satellite": "N",
        "instrument": "VIIRS",
        "confidence": "n",
        "version": "2.0NRT",
        "bright_ti5": 303.38,
        "frp": 3.66,
        "daynight": "D",
        "source_dataset": "VIIRS_SNPP_NRT",
        "acq_datetime_utc": "2026-09-25T12:10:00Z",
        "age_hours": 9.4,
        "confidence_label": "nominal",
        "popup_label": "<strong>NASA FIRMS<\/strong><br>Sensor: VIIRS_SNPP_NRT<br>Fecha UTC: 2026-09-25T12:10:00Z<br>Confianza: nominal<br>FRP: 3.66 MW"
      }
    },
    {
      "type": "Feature",
      "geometry": {
        "type": "Point",
        "coordinates": [-0.5178, 28.1989]
      },
      "properties": {
        "bright_ti4": 320.51,
        "scan": 0.6,
        "track": 0.53,
        "acq_date": "2026-09-25",
        "acq_time": "0234",
        "satellite": "N",
        "instrument": "VIIRS",
        "confidence": "n",
        "version": "2.0NRT",
        "bright_ti5": 292.45,
        "frp": 3.12,
        "daynight": "N",
        "source_dataset": "VIIRS_SNPP_NRT",
        "acq_datetime_utc": "2026-09-25T02:34:00Z",
        "age_hours": 19,
        "confidence_label": "nominal",
        "popup_label": "<strong>NASA FIRMS<\/strong><br>Sensor: VIIRS_SNPP_NRT<br>Fecha UTC: 2026-09-25T02:34:00Z<br>Confianza: nominal<br>FRP: 3.12 MW"
      }
    },
    {
      "type": "Feature",
      "geometry": {
        "type": "Point",
        "coordinates": [-0.1574, 28.2102]
      },
      "properties": {
        "bright_ti4": 305.6,
        "scan": 0.63,
        "track": 0.54,
        "acq_date": "2026-09-25",
        "acq_time": "0234",
        "satellite": "N",
        "instrument": "VIIRS",
        "confidence": "n",
        "version": "2.0NRT",
        "bright_ti5": 293.04,
        "frp": 1.49,
        "daynight": "N",
        "source_dataset": "VIIRS_SNPP_NRT",
        "acq_datetime_utc": "2026-09-25T02:34:00Z",
        "age_hours": 19,
        "confidence_label": "nominal",
        "popup_label": "<strong>NASA FIRMS<\/strong><br>Sensor: VIIRS_SNPP_NRT<br>Fecha UTC: 2026-09-25T02:34:00Z<br>Confianza: nominal<br>FRP: 1.49 MW"
      }
    },
    {
      "type": "Feature",
      "geometry": {
        "type": "Point",
        "coordinates": [-8.4902, 32.3746]
      },
      "properties": {
        "bright_ti4": 315.1,
        "scan": 0.38,
        "track": 0.36,
        "acq_date": "2026-09-25",
        "acq_time": "0234",
        "satellite": "N",
        "instrument": "VIIRS",
        "confidence": "n",
        "version": "2.0NRT",
        "bright_ti5": 291.04,
        "frp": 1.21,
        "daynight": "N",
        "source_dataset": "VIIRS_SNPP_NRT",
        "acq_datetime_utc": "2026-09-25T02:34:00Z",
        "age_hours": 19,
        "confidence_label": "nominal",
        "popup_label": "<strong>NASA FIRMS<\/strong><br>Sensor: VIIRS_SNPP_NRT<br>Fecha UTC: 2026-09-25T02:34:00Z<br>Confianza: nominal<br>FRP: 1.21 MW"
      }
    },
    {
      "type": "Feature",
      "geometry": {
        "type": "Point",
        "coordinates": [-6.137, 32.568]
      },
      "properties": {
        "bright_ti4": 309.17,
        "scan": 0.41,
        "track": 0.37,
        "acq_date": "2026-09-25",
        "acq_time": "0234",
        "satellite": "N",
        "instrument": "VIIRS",
        "confidence": "n",
        "version": "2.0NRT",
        "bright_ti5": 294.16,
        "frp": 1.15,
        "daynight": "N",
        "source_dataset": "VIIRS_SNPP_NRT",
        "acq_datetime_utc": "2026-09-25T02:34:00Z",
        "age_hours": 19,
        "confidence_label": "nominal",
        "popup_label": "<strong>NASA FIRMS<\/strong><br>Sensor: VIIRS_SNPP_NRT<br>Fecha UTC: 2026-09-25T02:34:00Z<br>Confianza: nominal<br>FRP: 1.15 MW"
      }
    },
    {
      "type": "Feature",
      "geometry": {
        "type": "Point",
        "coordinates": [-7.7285, 32.8534]
      },
      "properties": {
        "bright_ti4": 298.66,
        "scan": 0.39,
        "track": 0.36,
        "acq_date": "2026-09-25",
        "acq_time": "0234",
        "satellite": "N",
        "instrument": "VIIRS",
        "confidence": "n",
        "version": "2.0NRT",
        "bright_ti5": 288.18,
        "frp": 0.45,
        "daynight": "N",
        "source_dataset": "VIIRS_SNPP_NRT",
        "acq_datetime_utc": "2026-09-25T02:34:00Z",
        "age_hours": 19,
        "confidence_label": "nominal",
        "popup_label": "<strong>NASA FIRMS<\/strong><br>Sensor: VIIRS_SNPP_NRT<br>Fecha UTC: 2026-09-25T02:34:00Z<br>Confianza: nominal<br>FRP: 0.45 MW"
      }
    },
    {
      "type": "Feature",
      "geometry": {
        "type": "Point",
        "coordinates": [-7.7278, 32.8567]
      },
      "properties": {
        "bright_ti4": 310.94,
        "scan": 0.39,
        "track": 0.36,
        "acq_date": "2026-09-25",
        "acq_time": "0234",
        "satellite": "N",
        "instrument": "VIIRS",
        "confidence": "n",
        "version": "2.0NRT",
        "bright_ti5": 288.46,
        "frp": 0.45,
        "daynight": "N",
        "source_dataset": "VIIRS_SNPP_NRT",
        "acq_datetime_utc": "2026-09-25T02:34:00Z",
        "age_hours": 19,
        "confidence_label": "nominal",
        "popup_label": "<strong>NASA FIRMS<\/strong><br>Sensor: VIIRS_SNPP_NRT<br>Fecha UTC: 2026-09-25T02:34:00Z<br>Confianza: nominal<br>FRP: 0.45 MW"
      }
    },
    {
      "type": "Feature",
      "geometry": {
        "type": "Point",
        "coordinates": [3.9875, 32.2784]
      },
      "properties": {
        "bright_ti4": 320.69,
        "scan": 0.44,
        "track": 0.62,
        "acq_date": "2026-09-25",
        "acq_time": "0232",
        "satellite": "N",
        "instrument": "VIIRS",
        "confidence": "n",
        "version": "2.0NRT",
        "bright_ti5": 290.04,
        "frp": 1.4,
        "daynight": "N",
        "source_dataset": "VIIRS_SNPP_NRT",
        "acq_datetime_utc": "2026-09-25T02:32:00Z",
        "age_hours": 19,
        "confidence_label": "nominal",
        "popup_label": "<strong>NASA FIRMS<\/strong><br>Sensor: VIIRS_SNPP_NRT<br>Fecha UTC: 2026-09-25T02:32:00Z<br>Confianza: nominal<br>FRP: 1.4 MW"
      }
    },
    {
      "type": "Feature",
      "geometry": {
        "type": "Point",
        "coordinates": [4.0053, 32.4032]
      },
      "properties": {
        "bright_ti4": 308.18,
        "scan": 0.44,
        "track": 0.62,
        "acq_date": "2026-09-25",
        "acq_time": "0232",
        "satellite": "N",
        "instrument": "VIIRS",
        "confidence": "n",
        "version": "2.0NRT",
        "bright_ti5": 290.05,
        "frp": 0.9,
        "daynight": "N",
        "source_dataset": "VIIRS_SNPP_NRT",
        "acq_datetime_utc": "2026-09-25T02:32:00Z",
        "age_hours": 19,
        "confidence_label": "nominal",
        "popup_label": "<strong>NASA FIRMS<\/strong><br>Sensor: VIIRS_SNPP_NRT<br>Fecha UTC: 2026-09-25T02:32:00Z<br>Confianza: nominal<br>FRP: 0.9 MW"
      }
    },
    {
      "type": "Feature",
      "geometry": {
        "type": "Point",
        "coordinates": [3.1712, 32.5551]
      },
      "properties": {
        "bright_ti4": 302.46,
        "scan": 0.39,
        "track": 0.59,
        "acq_date": "2026-09-25",
        "acq_time": "0232",
        "satellite": "N",
        "instrument": "VIIRS",
        "confidence": "n",
        "version": "2.0NRT",
        "bright_ti5": 288.06,
        "frp": 0.97,
        "daynight": "N",
        "source_dataset": "VIIRS_SNPP_NRT",
        "acq_datetime_utc": "2026-09-25T02:32:00Z",
        "age_hours": 19,
        "confidence_label": "nominal",
        "popup_label": "<strong>NASA FIRMS<\/strong><br>Sensor: VIIRS_SNPP_NRT<br>Fecha UTC: 2026-09-25T02:32:00Z<br>Confianza: nominal<br>FRP: 0.97 MW"
      }
    },
    {
      "type": "Feature",
      "geometry": {
        "type": "Point",
        "coordinates": [3.167, 32.5562]
      },
      "properties": {
        "bright_ti4": 312.44,
        "scan": 0.39,
        "track": 0.59,
        "acq_date": "2026-09-25",
        "acq_time": "0232",
        "satellite": "N",
        "instrument": "VIIRS",
        "confidence": "n",
        "version": "2.0NRT",
        "bright_ti5": 288.55,
        "frp": 1.55,
        "daynight": "N",
        "source_dataset": "VIIRS_SNPP_NRT",
        "acq_datetime_utc": "2026-09-25T02:32:00Z",
        "age_hours": 19,
        "confidence_label": "nominal",
        "popup_label": "<strong>NASA FIRMS<\/strong><br>Sensor: VIIRS_SNPP_NRT<br>Fecha UTC: 2026-09-25T02:32:00Z<br>Confianza: nominal<br>FRP: 1.55 MW"
      }
    },
    {
      "type": "Feature",
      "geometry": {
        "type": "Point",
        "coordinates": [3.1694, 32.5566]
      },
      "properties": {
        "bright_ti4": 326.13,
        "scan": 0.39,
        "track": 0.59,
        "acq_date": "2026-09-25",
        "acq_time": "0232",
        "satellite": "N",
        "instrument": "VIIRS",
        "confidence": "n",
        "version": "2.0NRT",
        "bright_ti5": 288.76,
        "frp": 1.52,
        "daynight": "N",
        "source_dataset": "VIIRS_SNPP_NRT",
        "acq_datetime_utc": "2026-09-25T02:32:00Z",
        "age_hours": 19,
        "confidence_label": "nominal",
        "popup_label": "<strong>NASA FIRMS<\/strong><br>Sensor: VIIRS_SNPP_NRT<br>Fecha UTC: 2026-09-25T02:32:00Z<br>Confianza: nominal<br>FRP: 1.52 MW"
      }
    },
    {
      "type": "Feature",
      "geometry": {
        "type": "Point",
        "coordinates": [3.1843, 32.7443]
      },
      "properties": {
        "bright_ti4": 303.07,
        "scan": 0.39,
        "track": 0.59,
        "acq_date": "2026-09-25",
        "acq_time": "0232",
        "satellite": "N",
        "instrument": "VIIRS",
        "confidence": "n",
        "version": "2.0NRT",
        "bright_ti5": 287.91,
        "frp": 0.97,
        "daynight": "N",
        "source_dataset": "VIIRS_SNPP_NRT",
        "acq_datetime_utc": "2026-09-25T02:32:00Z",
        "age_hours": 19,
        "confidence_label": "nominal",
        "popup_label": "<strong>NASA FIRMS<\/strong><br>Sensor: VIIRS_SNPP_NRT<br>Fecha UTC: 2026-09-25T02:32:00Z<br>Confianza: nominal<br>FRP: 0.97 MW"
      }
    },
    {
      "type": "Feature",
      "geometry": {
        "type": "Point",
        "coordinates": [3.1803, 32.7453]
      },
      "properties": {
        "bright_ti4": 314.01,
        "scan": 0.39,
        "track": 0.59,
        "acq_date": "2026-09-25",
        "acq_time": "0232",
        "satellite": "N",
        "instrument": "VIIRS",
        "confidence": "n",
        "version": "2.0NRT",
        "bright_ti5": 288.27,
        "frp": 0.97,
        "daynight": "N",
        "source_dataset": "VIIRS_SNPP_NRT",
        "acq_datetime_utc": "2026-09-25T02:32:00Z",
        "age_hours": 19,
        "confidence_label": "nominal",
        "popup_label": "<strong>NASA FIRMS<\/strong><br>Sensor: VIIRS_SNPP_NRT<br>Fecha UTC: 2026-09-25T02:32:00Z<br>Confianza: nominal<br>FRP: 0.97 MW"
      }
    },
    {
      "type": "Feature",
      "geometry": {
        "type": "Point",
        "coordinates": [3.1822, 32.7506]
      },
      "properties": {
        "bright_ti4": 307.11,
        "scan": 0.39,
        "track": 0.59,
        "acq_date": "2026-09-25",
        "acq_time": "0232",
        "satellite": "N",
        "instrument": "VIIRS",
        "confidence": "n",
        "version": "2.0NRT",
        "bright_ti5": 288.32,
        "frp": 0.97,
        "daynight": "N",
        "source_dataset": "VIIRS_SNPP_NRT",
        "acq_datetime_utc": "2026-09-25T02:32:00Z",
        "age_hours": 19,
        "confidence_label": "nominal",
        "popup_label": "<strong>NASA FIRMS<\/strong><br>Sensor: VIIRS_SNPP_NRT<br>Fecha UTC: 2026-09-25T02:32:00Z<br>Confianza: nominal<br>FRP: 0.97 MW"
      }
    },
    {
      "type": "Feature",
      "geometry": {
        "type": "Point",
        "coordinates": [3.2379, 32.836]
      },
      "properties": {
        "bright_ti4": 299.92,
        "scan": 0.39,
        "track": 0.59,
        "acq_date": "2026-09-25",
        "acq_time": "0232",
        "satellite": "N",
        "instrument": "VIIRS",
        "confidence": "n",
        "version": "2.0NRT",
        "bright_ti5": 287.58,
        "frp": 0.36,
        "daynight": "N",
        "source_dataset": "VIIRS_SNPP_NRT",
        "acq_datetime_utc": "2026-09-25T02:32:00Z",
        "age_hours": 19,
        "confidence_label": "nominal",
        "popup_label": "<strong>NASA FIRMS<\/strong><br>Sensor: VIIRS_SNPP_NRT<br>Fecha UTC: 2026-09-25T02:32:00Z<br>Confianza: nominal<br>FRP: 0.36 MW"
      }
    },
    {
      "type": "Feature",
      "geometry": {
        "type": "Point",
        "coordinates": [3.2366, 32.9293]
      },
      "properties": {
        "bright_ti4": 299.83,
        "scan": 0.39,
        "track": 0.59,
        "acq_date": "2026-09-25",
        "acq_time": "0232",
        "satellite": "N",
        "instrument": "VIIRS",
        "confidence": "n",
        "version": "2.0NRT",
        "bright_ti5": 288.03,
        "frp": 1.81,
        "daynight": "N",
        "source_dataset": "VIIRS_SNPP_NRT",
        "acq_datetime_utc": "2026-09-25T02:32:00Z",
        "age_hours": 19,
        "confidence_label": "nominal",
        "popup_label": "<strong>NASA FIRMS<\/strong><br>Sensor: VIIRS_SNPP_NRT<br>Fecha UTC: 2026-09-25T02:32:00Z<br>Confianza: nominal<br>FRP: 1.81 MW"
      }
    },
    {
      "type": "Feature",
      "geometry": {
        "type": "Point",
        "coordinates": [3.2326, 32.9303]
      },
      "properties": {
        "bright_ti4": 307.73,
        "scan": 0.39,
        "track": 0.59,
        "acq_date": "2026-09-25",
        "acq_time": "0232",
        "satellite": "N",
        "instrument": "VIIRS",
        "confidence": "n",
        "version": "2.0NRT",
        "bright_ti5": 288.47,
        "frp": 2.21,
        "daynight": "N",
        "source_dataset": "VIIRS_SNPP_NRT",
        "acq_datetime_utc": "2026-09-25T02:32:00Z",
        "age_hours": 19,
        "confidence_label": "nominal",
        "popup_label": "<strong>NASA FIRMS<\/strong><br>Sensor: VIIRS_SNPP_NRT<br>Fecha UTC: 2026-09-25T02:32:00Z<br>Confianza: nominal<br>FRP: 2.21 MW"
      }
    },
    {
      "type": "Feature",
      "geometry": {
        "type": "Point",
        "coordinates": [3.2286, 32.9313]
      },
      "properties": {
        "bright_ti4": 350.38,
        "scan": 0.39,
        "track": 0.59,
        "acq_date": "2026-09-25",
        "acq_time": "0232",
        "satellite": "N",
        "instrument": "VIIRS",
        "confidence": "n",
        "version": "2.0NRT",
        "bright_ti5": 288.95,
        "frp": 2.21,
        "daynight": "N",
        "source_dataset": "VIIRS_SNPP_NRT",
        "acq_datetime_utc": "2026-09-25T02:32:00Z",
        "age_hours": 19,
        "confidence_label": "nominal",
        "popup_label": "<strong>NASA FIRMS<\/strong><br>Sensor: VIIRS_SNPP_NRT<br>Fecha UTC: 2026-09-25T02:32:00Z<br>Confianza: nominal<br>FRP: 2.21 MW"
      }
    },
    {
      "type": "Feature",
      "geometry": {
        "type": "Point",
        "coordinates": [3.2246, 32.9324]
      },
      "properties": {
        "bright_ti4": 309.32,
        "scan": 0.38,
        "track": 0.59,
        "acq_date": "2026-09-25",
        "acq_time": "0232",
        "satellite": "N",
        "instrument": "VIIRS",
        "confidence": "n",
        "version": "2.0NRT",
        "bright_ti5": 288.83,
        "frp": 4.23,
        "daynight": "N",
        "source_dataset": "VIIRS_SNPP_NRT",
        "acq_datetime_utc": "2026-09-25T02:32:00Z",
        "age_hours": 19,
        "confidence_label": "nominal",
        "popup_label": "<strong>NASA FIRMS<\/strong><br>Sensor: VIIRS_SNPP_NRT<br>Fecha UTC: 2026-09-25T02:32:00Z<br>Confianza: nominal<br>FRP: 4.23 MW"
      }
    },
    {
      "type": "Feature",
      "geometry": {
        "type": "Point",
        "coordinates": [3.2465, 32.9325]
      },
      "properties": {
        "bright_ti4": 300.42,
        "scan": 0.39,
        "track": 0.59,
        "acq_date": "2026-09-25",
        "acq_time": "0232",
        "satellite": "N",
        "instrument": "VIIRS",
        "confidence": "n",
        "version": "2.0NRT",
        "bright_ti5": 288.38,
        "frp": 0.63,
        "daynight": "N",
        "source_dataset": "VIIRS_SNPP_NRT",
        "acq_datetime_utc": "2026-09-25T02:32:00Z",
        "age_hours": 19,
        "confidence_label": "nominal",
        "popup_label": "<strong>NASA FIRMS<\/strong><br>Sensor: VIIRS_SNPP_NRT<br>Fecha UTC: 2026-09-25T02:32:00Z<br>Confianza: nominal<br>FRP: 0.63 MW"
      }
    },
    {
      "type": "Feature",
      "geometry": {
        "type": "Point",
        "coordinates": [3.2345, 32.9356]
      },
      "properties": {
        "bright_ti4": 319.8,
        "scan": 0.39,
        "track": 0.59,
        "acq_date": "2026-09-25",
        "acq_time": "0232",
        "satellite": "N",
        "instrument": "VIIRS",
        "confidence": "n",
        "version": "2.0NRT",
        "bright_ti5": 288.72,
        "frp": 2.21,
        "daynight": "N",
        "source_dataset": "VIIRS_SNPP_NRT",
        "acq_datetime_utc": "2026-09-25T02:32:00Z",
        "age_hours": 19,
        "confidence_label": "nominal",
        "popup_label": "<strong>NASA FIRMS<\/strong><br>Sensor: VIIRS_SNPP_NRT<br>Fecha UTC: 2026-09-25T02:32:00Z<br>Confianza: nominal<br>FRP: 2.21 MW"
      }
    },
    {
      "type": "Feature",
      "geometry": {
        "type": "Point",
        "coordinates": [3.2303, 32.9482]
      },
      "properties": {
        "bright_ti4": 308.38,
        "scan": 0.38,
        "track": 0.59,
        "acq_date": "2026-09-25",
        "acq_time": "0232",
        "satellite": "N",
        "instrument": "VIIRS",
        "confidence": "n",
        "version": "2.0NRT",
        "bright_ti5": 290.01,
        "frp": 0.87,
        "daynight": "N",
        "source_dataset": "VIIRS_SNPP_NRT",
        "acq_datetime_utc": "2026-09-25T02:32:00Z",
        "age_hours": 19,
        "confidence_label": "nominal",
        "popup_label": "<strong>NASA FIRMS<\/strong><br>Sensor: VIIRS_SNPP_NRT<br>Fecha UTC: 2026-09-25T02:32:00Z<br>Confianza: nominal<br>FRP: 0.87 MW"
      }
    },
    {
      "type": "Feature",
      "geometry": {
        "type": "Point",
        "coordinates": [3.2262, 32.9492]
      },
      "properties": {
        "bright_ti4": 301.3,
        "scan": 0.38,
        "track": 0.59,
        "acq_date": "2026-09-25",
        "acq_time": "0232",
        "satellite": "N",
        "instrument": "VIIRS",
        "confidence": "n",
        "version": "2.0NRT",
        "bright_ti5": 288.88,
        "frp": 0.87,
        "daynight": "N",
        "source_dataset": "VIIRS_SNPP_NRT",
        "acq_datetime_utc": "2026-09-25T02:32:00Z",
        "age_hours": 19,
        "confidence_label": "nominal",
        "popup_label": "<strong>NASA FIRMS<\/strong><br>Sensor: VIIRS_SNPP_NRT<br>Fecha UTC: 2026-09-25T02:32:00Z<br>Confianza: nominal<br>FRP: 0.87 MW"
      }
    },
    {
      "type": "Feature",
      "geometry": {
        "type": "Point",
        "coordinates": [3.3205, 33.1238]
      },
      "properties": {
        "bright_ti4": 305.87,
        "scan": 0.39,
        "track": 0.59,
        "acq_date": "2026-09-25",
        "acq_time": "0232",
        "satellite": "N",
        "instrument": "VIIRS",
        "confidence": "n",
        "version": "2.0NRT",
        "bright_ti5": 287.67,
        "frp": 0.96,
        "daynight": "N",
        "source_dataset": "VIIRS_SNPP_NRT",
        "acq_datetime_utc": "2026-09-25T02:32:00Z",
        "age_hours": 19,
        "confidence_label": "nominal",
        "popup_label": "<strong>NASA FIRMS<\/strong><br>Sensor: VIIRS_SNPP_NRT<br>Fecha UTC: 2026-09-25T02:32:00Z<br>Confianza: nominal<br>FRP: 0.96 MW"
      }
    },
    {
      "type": "Feature",
      "geometry": {
        "type": "Point",
        "coordinates": [3.3165, 33.1248]
      },
      "properties": {
        "bright_ti4": 304.42,
        "scan": 0.39,
        "track": 0.59,
        "acq_date": "2026-09-25",
        "acq_time": "0232",
        "satellite": "N",
        "instrument": "VIIRS",
        "confidence": "n",
        "version": "2.0NRT",
        "bright_ti5": 287.68,
        "frp": 1.06,
        "daynight": "N",
        "source_dataset": "VIIRS_SNPP_NRT",
        "acq_datetime_utc": "2026-09-25T02:32:00Z",
        "age_hours": 19,
        "confidence_label": "nominal",
        "popup_label": "<strong>NASA FIRMS<\/strong><br>Sensor: VIIRS_SNPP_NRT<br>Fecha UTC: 2026-09-25T02:32:00Z<br>Confianza: nominal<br>FRP: 1.06 MW"
      }
    },
    {
      "type": "Feature",
      "geometry": {
        "type": "Point",
        "coordinates": [3.3225, 33.1291]
      },
      "properties": {
        "bright_ti4": 310.38,
        "scan": 0.39,
        "track": 0.59,
        "acq_date": "2026-09-25",
        "acq_time": "0232",
        "satellite": "N",
        "instrument": "VIIRS",
        "confidence": "n",
        "version": "2.0NRT",
        "bright_ti5": 288.46,
        "frp": 1.5,
        "daynight": "N",
        "source_dataset": "VIIRS_SNPP_NRT",
        "acq_datetime_utc": "2026-09-25T02:32:00Z",
        "age_hours": 19,
        "confidence_label": "nominal",
        "popup_label": "<strong>NASA FIRMS<\/strong><br>Sensor: VIIRS_SNPP_NRT<br>Fecha UTC: 2026-09-25T02:32:00Z<br>Confianza: nominal<br>FRP: 1.5 MW"
      }
    },
    {
      "type": "Feature",
      "geometry": {
        "type": "Point",
        "coordinates": [3.3185, 33.1301]
      },
      "properties": {
        "bright_ti4": 304.77,
        "scan": 0.39,
        "track": 0.59,
        "acq_date": "2026-09-25",
        "acq_time": "0232",
        "satellite": "N",
        "instrument": "VIIRS",
        "confidence": "n",
        "version": "2.0NRT",
        "bright_ti5": 288.04,
        "frp": 0.8,
        "daynight": "N",
        "source_dataset": "VIIRS_SNPP_NRT",
        "acq_datetime_utc": "2026-09-25T02:32:00Z",
        "age_hours": 19,
        "confidence_label": "nominal",
        "popup_label": "<strong>NASA FIRMS<\/strong><br>Sensor: VIIRS_SNPP_NRT<br>Fecha UTC: 2026-09-25T02:32:00Z<br>Confianza: nominal<br>FRP: 0.8 MW"
      }
    },
    {
      "type": "Feature",
      "geometry": {
        "type": "Point",
        "coordinates": [3.3145, 33.1311]
      },
      "properties": {
        "bright_ti4": 298.41,
        "scan": 0.39,
        "track": 0.59,
        "acq_date": "2026-09-25",
        "acq_time": "0232",
        "satellite": "N",
        "instrument": "VIIRS",
        "confidence": "n",
        "version": "2.0NRT",
        "bright_ti5": 287.84,
        "frp": 0.8,
        "daynight": "N",
        "source_dataset": "VIIRS_SNPP_NRT",
        "acq_datetime_utc": "2026-09-25T02:32:00Z",
        "age_hours": 19,
        "confidence_label": "nominal",
        "popup_label": "<strong>NASA FIRMS<\/strong><br>Sensor: VIIRS_SNPP_NRT<br>Fecha UTC: 2026-09-25T02:32:00Z<br>Confianza: nominal<br>FRP: 0.8 MW"
      }
    },
    {
      "type": "Feature",
      "geometry": {
        "type": "Point",
        "coordinates": [3.3691, 33.1344]
      },
      "properties": {
        "bright_ti4": 298.96,
        "scan": 0.39,
        "track": 0.59,
        "acq_date": "2026-09-25",
        "acq_time": "0232",
        "satellite": "N",
        "instrument": "VIIRS",
        "confidence": "n",
        "version": "2.0NRT",
        "bright_ti5": 287.73,
        "frp": 0.3,
        "daynight": "N",
        "source_dataset": "VIIRS_SNPP_NRT",
        "acq_datetime_utc": "2026-09-25T02:32:00Z",
        "age_hours": 19,
        "confidence_label": "nominal",
        "popup_label": "<strong>NASA FIRMS<\/strong><br>Sensor: VIIRS_SNPP_NRT<br>Fecha UTC: 2026-09-25T02:32:00Z<br>Confianza: nominal<br>FRP: 0.3 MW"
      }
    },
    {
      "type": "Feature",
      "geometry": {
        "type": "Point",
        "coordinates": [-0.3459, 33.476]
      },
      "properties": {
        "bright_ti4": 305.25,
        "scan": 0.48,
        "track": 0.48,
        "acq_date": "2026-09-25",
        "acq_time": "0232",
        "satellite": "N",
        "instrument": "VIIRS",
        "confidence": "n",
        "version": "2.0NRT",
        "bright_ti5": 288.63,
        "frp": 1.18,
        "daynight": "N",
        "source_dataset": "VIIRS_SNPP_NRT",
        "acq_datetime_utc": "2026-09-25T02:32:00Z",
        "age_hours": 19,
        "confidence_label": "nominal",
        "popup_label": "<strong>NASA FIRMS<\/strong><br>Sensor: VIIRS_SNPP_NRT<br>Fecha UTC: 2026-09-25T02:32:00Z<br>Confianza: nominal<br>FRP: 1.18 MW"
      }
    },
    {
      "type": "Feature",
      "geometry": {
        "type": "Point",
        "coordinates": [-2.349, 34.5954]
      },
      "properties": {
        "bright_ti4": 301.85,
        "scan": 0.54,
        "track": 0.42,
        "acq_date": "2026-09-25",
        "acq_time": "0232",
        "satellite": "N",
        "instrument": "VIIRS",
        "confidence": "n",
        "version": "2.0NRT",
        "bright_ti5": 288.27,
        "frp": 1.06,
        "daynight": "N",
        "source_dataset": "VIIRS_SNPP_NRT",
        "acq_datetime_utc": "2026-09-25T02:32:00Z",
        "age_hours": 19,
        "confidence_label": "nominal",
        "popup_label": "<strong>NASA FIRMS<\/strong><br>Sensor: VIIRS_SNPP_NRT<br>Fecha UTC: 2026-09-25T02:32:00Z<br>Confianza: nominal<br>FRP: 1.06 MW"
      }
    },
    {
      "type": "Feature",
      "geometry": {
        "type": "Point",
        "coordinates": [-1.3432, 35.3111]
      },
      "properties": {
        "bright_ti4": 305.45,
        "scan": 0.39,
        "track": 0.44,
        "acq_date": "2026-09-25",
        "acq_time": "0232",
        "satellite": "N",
        "instrument": "VIIRS",
        "confidence": "n",
        "version": "2.0NRT",
        "bright_ti5": 292.75,
        "frp": 0.85,
        "daynight": "N",
        "source_dataset": "VIIRS_SNPP_NRT",
        "acq_datetime_utc": "2026-09-25T02:32:00Z",
        "age_hours": 19,
        "confidence_label": "nominal",
        "popup_label": "<strong>NASA FIRMS<\/strong><br>Sensor: VIIRS_SNPP_NRT<br>Fecha UTC: 2026-09-25T02:32:00Z<br>Confianza: nominal<br>FRP: 0.85 MW"
      }
    },
    {
      "type": "Feature",
      "geometry": {
        "type": "Point",
        "coordinates": [-0.3974, 35.4595]
      },
      "properties": {
        "bright_ti4": 305.04,
        "scan": 0.43,
        "track": 0.46,
        "acq_date": "2026-09-25",
        "acq_time": "0232",
        "satellite": "N",
        "instrument": "VIIRS",
        "confidence": "n",
        "version": "2.0NRT",
        "bright_ti5": 288.9,
        "frp": 1.4,
        "daynight": "N",
        "source_dataset": "VIIRS_SNPP_NRT",
        "acq_datetime_utc": "2026-09-25T02:32:00Z",
        "age_hours": 19,
        "confidence_label": "nominal",
        "popup_label": "<strong>NASA FIRMS<\/strong><br>Sensor: VIIRS_SNPP_NRT<br>Fecha UTC: 2026-09-25T02:32:00Z<br>Confianza: nominal<br>FRP: 1.4 MW"
      }
    },
    {
      "type": "Feature",
      "geometry": {
        "type": "Point",
        "coordinates": [-0.9379, 35.5682]
      },
      "properties": {
        "bright_ti4": 303.92,
        "scan": 0.4,
        "track": 0.44,
        "acq_date": "2026-09-25",
        "acq_time": "0232",
        "satellite": "N",
        "instrument": "VIIRS",
        "confidence": "n",
        "version": "2.0NRT",
        "bright_ti5": 290.03,
        "frp": 0.98,
        "daynight": "N",
        "source_dataset": "VIIRS_SNPP_NRT",
        "acq_datetime_utc": "2026-09-25T02:32:00Z",
        "age_hours": 19,
        "confidence_label": "nominal",
        "popup_label": "<strong>NASA FIRMS<\/strong><br>Sensor: VIIRS_SNPP_NRT<br>Fecha UTC: 2026-09-25T02:32:00Z<br>Confianza: nominal<br>FRP: 0.98 MW"
      }
    },
    {
      "type": "Feature",
      "geometry": {
        "type": "Point",
        "coordinates": [-5.4328, 35.6021]
      },
      "properties": {
        "bright_ti4": 303.52,
        "scan": 0.4,
        "track": 0.37,
        "acq_date": "2026-09-25",
        "acq_time": "0232",
        "satellite": "N",
        "instrument": "VIIRS",
        "confidence": "n",
        "version": "2.0NRT",
        "bright_ti5": 291.84,
        "frp": 0.73,
        "daynight": "N",
        "source_dataset": "VIIRS_SNPP_NRT",
        "acq_datetime_utc": "2026-09-25T02:32:00Z",
        "age_hours": 19,
        "confidence_label": "nominal",
        "popup_label": "<strong>NASA FIRMS<\/strong><br>Sensor: VIIRS_SNPP_NRT<br>Fecha UTC: 2026-09-25T02:32:00Z<br>Confianza: nominal<br>FRP: 0.73 MW"
      }
    },
    {
      "type": "Feature",
      "geometry": {
        "type": "Point",
        "coordinates": [-0.2651, 35.7702]
      },
      "properties": {
        "bright_ti4": 308.65,
        "scan": 0.43,
        "track": 0.46,
        "acq_date": "2026-09-25",
        "acq_time": "0232",
        "satellite": "N",
        "instrument": "VIIRS",
        "confidence": "n",
        "version": "2.0NRT",
        "bright_ti5": 296.08,
        "frp": 2.01,
        "daynight": "N",
        "source_dataset": "VIIRS_SNPP_NRT",
        "acq_datetime_utc": "2026-09-25T02:32:00Z",
        "age_hours": 19,
        "confidence_label": "nominal",
        "popup_label": "<strong>NASA FIRMS<\/strong><br>Sensor: VIIRS_SNPP_NRT<br>Fecha UTC: 2026-09-25T02:32:00Z<br>Confianza: nominal<br>FRP: 2.01 MW"
      }
    },
    {
      "type": "Feature",
      "geometry": {
        "type": "Point",
        "coordinates": [-0.2116, 35.8027]
      },
      "properties": {
        "bright_ti4": 302.88,
        "scan": 0.43,
        "track": 0.46,
        "acq_date": "2026-09-25",
        "acq_time": "0232",
        "satellite": "N",
        "instrument": "VIIRS",
        "confidence": "n",
        "version": "2.0NRT",
        "bright_ti5": 292.27,
        "frp": 0.73,
        "daynight": "N",
        "source_dataset": "VIIRS_SNPP_NRT",
        "acq_datetime_utc": "2026-09-25T02:32:00Z",
        "age_hours": 19,
        "confidence_label": "nominal",
        "popup_label": "<strong>NASA FIRMS<\/strong><br>Sensor: VIIRS_SNPP_NRT<br>Fecha UTC: 2026-09-25T02:32:00Z<br>Confianza: nominal<br>FRP: 0.73 MW"
      }
    },
    {
      "type": "Feature",
      "geometry": {
        "type": "Point",
        "coordinates": [4.449, 35.8779]
      },
      "properties": {
        "bright_ti4": 299.34,
        "scan": 0.38,
        "track": 0.59,
        "acq_date": "2026-09-25",
        "acq_time": "0232",
        "satellite": "N",
        "instrument": "VIIRS",
        "confidence": "n",
        "version": "2.0NRT",
        "bright_ti5": 289.1,
        "frp": 0.9,
        "daynight": "N",
        "source_dataset": "VIIRS_SNPP_NRT",
        "acq_datetime_utc": "2026-09-25T02:32:00Z",
        "age_hours": 19,
        "confidence_label": "nominal",
        "popup_label": "<strong>NASA FIRMS<\/strong><br>Sensor: VIIRS_SNPP_NRT<br>Fecha UTC: 2026-09-25T02:32:00Z<br>Confianza: nominal<br>FRP: 0.9 MW"
      }
    },
    {
      "type": "Feature",
      "geometry": {
        "type": "Point",
        "coordinates": [1.2412, 36.1265]
      },
      "properties": {
        "bright_ti4": 314.16,
        "scan": 0.51,
        "track": 0.49,
        "acq_date": "2026-09-25",
        "acq_time": "0232",
        "satellite": "N",
        "instrument": "VIIRS",
        "confidence": "n",
        "version": "2.0NRT",
        "bright_ti5": 292.59,
        "frp": 3.08,
        "daynight": "N",
        "source_dataset": "VIIRS_SNPP_NRT",
        "acq_datetime_utc": "2026-09-25T02:32:00Z",
        "age_hours": 19,
        "confidence_label": "nominal",
        "popup_label": "<strong>NASA FIRMS<\/strong><br>Sensor: VIIRS_SNPP_NRT<br>Fecha UTC: 2026-09-25T02:32:00Z<br>Confianza: nominal<br>FRP: 3.08 MW"
      }
    },
    {
      "type": "Feature",
      "geometry": {
        "type": "Point",
        "coordinates": [1.199, 36.141]
      },
      "properties": {
        "bright_ti4": 311,
        "scan": 0.5,
        "track": 0.49,
        "acq_date": "2026-09-25",
        "acq_time": "0232",
        "satellite": "N",
        "instrument": "VIIRS",
        "confidence": "n",
        "version": "2.0NRT",
        "bright_ti5": 289.43,
        "frp": 1.54,
        "daynight": "N",
        "source_dataset": "VIIRS_SNPP_NRT",
        "acq_datetime_utc": "2026-09-25T02:32:00Z",
        "age_hours": 19,
        "confidence_label": "nominal",
        "popup_label": "<strong>NASA FIRMS<\/strong><br>Sensor: VIIRS_SNPP_NRT<br>Fecha UTC: 2026-09-25T02:32:00Z<br>Confianza: nominal<br>FRP: 1.54 MW"
      }
    },
    {
      "type": "Feature",
      "geometry": {
        "type": "Point",
        "coordinates": [1.195, 36.1435]
      },
      "properties": {
        "bright_ti4": 303.61,
        "scan": 0.5,
        "track": 0.49,
        "acq_date": "2026-09-25",
        "acq_time": "0232",
        "satellite": "N",
        "instrument": "VIIRS",
        "confidence": "n",
        "version": "2.0NRT",
        "bright_ti5": 288.74,
        "frp": 0.95,
        "daynight": "N",
        "source_dataset": "VIIRS_SNPP_NRT",
        "acq_datetime_utc": "2026-09-25T02:32:00Z",
        "age_hours": 19,
        "confidence_label": "nominal",
        "popup_label": "<strong>NASA FIRMS<\/strong><br>Sensor: VIIRS_SNPP_NRT<br>Fecha UTC: 2026-09-25T02:32:00Z<br>Confianza: nominal<br>FRP: 0.95 MW"
      }
    },
    {
      "type": "Feature",
      "geometry": {
        "type": "Point",
        "coordinates": [3.7503, 36.18]
      },
      "properties": {
        "bright_ti4": 304.64,
        "scan": 0.34,
        "track": 0.56,
        "acq_date": "2026-09-25",
        "acq_time": "0232",
        "satellite": "N",
        "instrument": "VIIRS",
        "confidence": "n",
        "version": "2.0NRT",
        "bright_ti5": 288.26,
        "frp": 0.95,
        "daynight": "N",
        "source_dataset": "VIIRS_SNPP_NRT",
        "acq_datetime_utc": "2026-09-25T02:32:00Z",
        "age_hours": 19,
        "confidence_label": "nominal",
        "popup_label": "<strong>NASA FIRMS<\/strong><br>Sensor: VIIRS_SNPP_NRT<br>Fecha UTC: 2026-09-25T02:32:00Z<br>Confianza: nominal<br>FRP: 0.95 MW"
      }
    },
    {
      "type": "Feature",
      "geometry": {
        "type": "Point",
        "coordinates": [3.0081, 36.6785]
      },
      "properties": {
        "bright_ti4": 302.78,
        "scan": 0.61,
        "track": 0.53,
        "acq_date": "2026-09-25",
        "acq_time": "0232",
        "satellite": "N",
        "instrument": "VIIRS",
        "confidence": "n",
        "version": "2.0NRT",
        "bright_ti5": 290.93,
        "frp": 0.89,
        "daynight": "N",
        "source_dataset": "VIIRS_SNPP_NRT",
        "acq_datetime_utc": "2026-09-25T02:32:00Z",
        "age_hours": 19,
        "confidence_label": "nominal",
        "popup_label": "<strong>NASA FIRMS<\/strong><br>Sensor: VIIRS_SNPP_NRT<br>Fecha UTC: 2026-09-25T02:32:00Z<br>Confianza: nominal<br>FRP: 0.89 MW"
      }
    },
    {
      "type": "Feature",
      "geometry": {
        "type": "Point",
        "coordinates": [3.1217, 36.6819]
      },
      "properties": {
        "bright_ti4": 302.52,
        "scan": 0.62,
        "track": 0.54,
        "acq_date": "2026-09-25",
        "acq_time": "0232",
        "satellite": "N",
        "instrument": "VIIRS",
        "confidence": "n",
        "version": "2.0NRT",
        "bright_ti5": 292.01,
        "frp": 1.73,
        "daynight": "N",
        "source_dataset": "VIIRS_SNPP_NRT",
        "acq_datetime_utc": "2026-09-25T02:32:00Z",
        "age_hours": 19,
        "confidence_label": "nominal",
        "popup_label": "<strong>NASA FIRMS<\/strong><br>Sensor: VIIRS_SNPP_NRT<br>Fecha UTC: 2026-09-25T02:32:00Z<br>Confianza: nominal<br>FRP: 1.73 MW"
      }
    },
    {
      "type": "Feature",
      "geometry": {
        "type": "Point",
        "coordinates": [-5.9179, 36.7345]
      },
      "properties": {
        "bright_ti4": 331.71,
        "scan": 0.39,
        "track": 0.36,
        "acq_date": "2026-09-25",
        "acq_time": "0232",
        "satellite": "N",
        "instrument": "VIIRS",
        "confidence": "n",
        "version": "2.0NRT",
        "bright_ti5": 289.54,
        "frp": 2.44,
        "daynight": "N",
        "source_dataset": "VIIRS_SNPP_NRT",
        "acq_datetime_utc": "2026-09-25T02:32:00Z",
        "age_hours": 19,
        "confidence_label": "nominal",
        "popup_label": "<strong>NASA FIRMS<\/strong><br>Sensor: VIIRS_SNPP_NRT<br>Fecha UTC: 2026-09-25T02:32:00Z<br>Confianza: nominal<br>FRP: 2.44 MW"
      }
    },
    {
      "type": "Feature",
      "geometry": {
        "type": "Point",
        "coordinates": [-5.9223, 36.7352]
      },
      "properties": {
        "bright_ti4": 323.73,
        "scan": 0.39,
        "track": 0.36,
        "acq_date": "2026-09-25",
        "acq_time": "0232",
        "satellite": "N",
        "instrument": "VIIRS",
        "confidence": "n",
        "version": "2.0NRT",
        "bright_ti5": 289.68,
        "frp": 2.44,
        "daynight": "N",
        "source_dataset": "VIIRS_SNPP_NRT",
        "acq_datetime_utc": "2026-09-25T02:32:00Z",
        "age_hours": 19,
        "confidence_label": "nominal",
        "popup_label": "<strong>NASA FIRMS<\/strong><br>Sensor: VIIRS_SNPP_NRT<br>Fecha UTC: 2026-09-25T02:32:00Z<br>Confianza: nominal<br>FRP: 2.44 MW"
      }
    },
    {
      "type": "Feature",
      "geometry": {
        "type": "Point",
        "coordinates": [-5.9214, 36.7385]
      },
      "properties": {
        "bright_ti4": 302.09,
        "scan": 0.39,
        "track": 0.36,
        "acq_date": "2026-09-25",
        "acq_time": "0232",
        "satellite": "N",
        "instrument": "VIIRS",
        "confidence": "n",
        "version": "2.0NRT",
        "bright_ti5": 288.72,
        "frp": 0.7,
        "daynight": "N",
        "source_dataset": "VIIRS_SNPP_NRT",
        "acq_datetime_utc": "2026-09-25T02:32:00Z",
        "age_hours": 19,
        "confidence_label": "nominal",
        "popup_label": "<strong>NASA FIRMS<\/strong><br>Sensor: VIIRS_SNPP_NRT<br>Fecha UTC: 2026-09-25T02:32:00Z<br>Confianza: nominal<br>FRP: 0.7 MW"
      }
    },
    {
      "type": "Feature",
      "geometry": {
        "type": "Point",
        "coordinates": [-6.3053, 36.8368]
      },
      "properties": {
        "bright_ti4": 317.03,
        "scan": 0.39,
        "track": 0.36,
        "acq_date": "2026-09-25",
        "acq_time": "0232",
        "satellite": "N",
        "instrument": "VIIRS",
        "confidence": "n",
        "version": "2.0NRT",
        "bright_ti5": 288.11,
        "frp": 0.74,
        "daynight": "N",
        "source_dataset": "VIIRS_SNPP_NRT",
        "acq_datetime_utc": "2026-09-25T02:32:00Z",
        "age_hours": 19,
        "confidence_label": "nominal",
        "popup_label": "<strong>NASA FIRMS<\/strong><br>Sensor: VIIRS_SNPP_NRT<br>Fecha UTC: 2026-09-25T02:32:00Z<br>Confianza: nominal<br>FRP: 0.74 MW"
      }
    },
    {
      "type": "Feature",
      "geometry": {
        "type": "Point",
        "coordinates": [-1.9057, 36.9665]
      },
      "properties": {
        "bright_ti4": 306.39,
        "scan": 0.51,
        "track": 0.41,
        "acq_date": "2026-09-25",
        "acq_time": "0232",
        "satellite": "N",
        "instrument": "VIIRS",
        "confidence": "n",
        "version": "2.0NRT",
        "bright_ti5": 293.1,
        "frp": 1.62,
        "daynight": "N",
        "source_dataset": "VIIRS_SNPP_NRT",
        "acq_datetime_utc": "2026-09-25T02:32:00Z",
        "age_hours": 19,
        "confidence_label": "nominal",
        "popup_label": "<strong>NASA FIRMS<\/strong><br>Sensor: VIIRS_SNPP_NRT<br>Fecha UTC: 2026-09-25T02:32:00Z<br>Confianza: nominal<br>FRP: 1.62 MW"
      }
    },
    {
      "type": "Feature",
      "geometry": {
        "type": "Point",
        "coordinates": [-6.864, 37.1952]
      },
      "properties": {
        "bright_ti4": 302.67,
        "scan": 0.38,
        "track": 0.36,
        "acq_date": "2026-09-25",
        "acq_time": "0232",
        "satellite": "N",
        "instrument": "VIIRS",
        "confidence": "n",
        "version": "2.0NRT",
        "bright_ti5": 289.57,
        "frp": 0.33,
        "daynight": "N",
        "source_dataset": "VIIRS_SNPP_NRT",
        "acq_datetime_utc": "2026-09-25T02:32:00Z",
        "age_hours": 19,
        "confidence_label": "nominal",
        "popup_label": "<strong>NASA FIRMS<\/strong><br>Sensor: VIIRS_SNPP_NRT<br>Fecha UTC: 2026-09-25T02:32:00Z<br>Confianza: nominal<br>FRP: 0.33 MW"
      }
    },
    {
      "type": "Feature",
      "geometry": {
        "type": "Point",
        "coordinates": [-6.3687, 37.2862]
      },
      "properties": {
        "bright_ti4": 332.59,
        "scan": 0.39,
        "track": 0.36,
        "acq_date": "2026-09-25",
        "acq_time": "0232",
        "satellite": "N",
        "instrument": "VIIRS",
        "confidence": "n",
        "version": "2.0NRT",
        "bright_ti5": 289.67,
        "frp": 3.08,
        "daynight": "N",
        "source_dataset": "VIIRS_SNPP_NRT",
        "acq_datetime_utc": "2026-09-25T02:32:00Z",
        "age_hours": 19,
        "confidence_label": "nominal",
        "popup_label": "<strong>NASA FIRMS<\/strong><br>Sensor: VIIRS_SNPP_NRT<br>Fecha UTC: 2026-09-25T02:32:00Z<br>Confianza: nominal<br>FRP: 3.08 MW"
      }
    },
    {
      "type": "Feature",
      "geometry": {
        "type": "Point",
        "coordinates": [-8.4093, 37.3798]
      },
      "properties": {
        "bright_ti4": 304.65,
        "scan": 0.4,
        "track": 0.37,
        "acq_date": "2026-09-25",
        "acq_time": "0232",
        "satellite": "N",
        "instrument": "VIIRS",
        "confidence": "n",
        "version": "2.0NRT",
        "bright_ti5": 291.2,
        "frp": 0.82,
        "daynight": "N",
        "source_dataset": "VIIRS_SNPP_NRT",
        "acq_datetime_utc": "2026-09-25T02:32:00Z",
        "age_hours": 19,
        "confidence_label": "nominal",
        "popup_label": "<strong>NASA FIRMS<\/strong><br>Sensor: VIIRS_SNPP_NRT<br>Fecha UTC: 2026-09-25T02:32:00Z<br>Confianza: nominal<br>FRP: 0.82 MW"
      }
    },
    {
      "type": "Feature",
      "geometry": {
        "type": "Point",
        "coordinates": [-8.413, 37.3838]
      },
      "properties": {
        "bright_ti4": 301.98,
        "scan": 0.4,
        "track": 0.37,
        "acq_date": "2026-09-25",
        "acq_time": "0232",
        "satellite": "N",
        "instrument": "VIIRS",
        "confidence": "n",
        "version": "2.0NRT",
        "bright_ti5": 289.57,
        "frp": 1.38,
        "daynight": "N",
        "source_dataset": "VIIRS_SNPP_NRT",
        "acq_datetime_utc": "2026-09-25T02:32:00Z",
        "age_hours": 19,
        "confidence_label": "nominal",
        "popup_label": "<strong>NASA FIRMS<\/strong><br>Sensor: VIIRS_SNPP_NRT<br>Fecha UTC: 2026-09-25T02:32:00Z<br>Confianza: nominal<br>FRP: 1.38 MW"
      }
    },
    {
      "type": "Feature",
      "geometry": {
        "type": "Point",
        "coordinates": [-8.422, 37.3851]
      },
      "properties": {
        "bright_ti4": 307.15,
        "scan": 0.4,
        "track": 0.37,
        "acq_date": "2026-09-25",
        "acq_time": "0232",
        "satellite": "N",
        "instrument": "VIIRS",
        "confidence": "n",
        "version": "2.0NRT",
        "bright_ti5": 288.1,
        "frp": 0.7,
        "daynight": "N",
        "source_dataset": "VIIRS_SNPP_NRT",
        "acq_datetime_utc": "2026-09-25T02:32:00Z",
        "age_hours": 19,
        "confidence_label": "nominal",
        "popup_label": "<strong>NASA FIRMS<\/strong><br>Sensor: VIIRS_SNPP_NRT<br>Fecha UTC: 2026-09-25T02:32:00Z<br>Confianza: nominal<br>FRP: 0.7 MW"
      }
    },
    {
      "type": "Feature",
      "geometry": {
        "type": "Point",
        "coordinates": [-8.4264, 37.3857]
      },
      "properties": {
        "bright_ti4": 299.68,
        "scan": 0.4,
        "track": 0.37,
        "acq_date": "2026-09-25",
        "acq_time": "0232",
        "satellite": "N",
        "instrument": "VIIRS",
        "confidence": "n",
        "version": "2.0NRT",
        "bright_ti5": 286.11,
        "frp": 0.7,
        "daynight": "N",
        "source_dataset": "VIIRS_SNPP_NRT",
        "acq_datetime_utc": "2026-09-25T02:32:00Z",
        "age_hours": 19,
        "confidence_label": "nominal",
        "popup_label": "<strong>NASA FIRMS<\/strong><br>Sensor: VIIRS_SNPP_NRT<br>Fecha UTC: 2026-09-25T02:32:00Z<br>Confianza: nominal<br>FRP: 0.7 MW"
      }
    },
    {
      "type": "Feature",
      "geometry": {
        "type": "Point",
        "coordinates": [-8.4115, 37.3905]
      },
      "properties": {
        "bright_ti4": 312.01,
        "scan": 0.4,
        "track": 0.37,
        "acq_date": "2026-09-25",
        "acq_time": "0232",
        "satellite": "N",
        "instrument": "VIIRS",
        "confidence": "n",
        "version": "2.0NRT",
        "bright_ti5": 290.45,
        "frp": 2.04,
        "daynight": "N",
        "source_dataset": "VIIRS_SNPP_NRT",
        "acq_datetime_utc": "2026-09-25T02:32:00Z",
        "age_hours": 19,
        "confidence_label": "nominal",
        "popup_label": "<strong>NASA FIRMS<\/strong><br>Sensor: VIIRS_SNPP_NRT<br>Fecha UTC: 2026-09-25T02:32:00Z<br>Confianza: nominal<br>FRP: 2.04 MW"
      }
    },
    {
      "type": "Feature",
      "geometry": {
        "type": "Point",
        "coordinates": [-5.1195, 37.3929]
      },
      "properties": {
        "bright_ti4": 318.56,
        "scan": 0.4,
        "track": 0.37,
        "acq_date": "2026-09-25",
        "acq_time": "0232",
        "satellite": "N",
        "instrument": "VIIRS",
        "confidence": "n",
        "version": "2.0NRT",
        "bright_ti5": 290.51,
        "frp": 1.49,
        "daynight": "N",
        "source_dataset": "VIIRS_SNPP_NRT",
        "acq_datetime_utc": "2026-09-25T02:32:00Z",
        "age_hours": 19,
        "confidence_label": "nominal",
        "popup_label": "<strong>NASA FIRMS<\/strong><br>Sensor: VIIRS_SNPP_NRT<br>Fecha UTC: 2026-09-25T02:32:00Z<br>Confianza: nominal<br>FRP: 1.49 MW"
      }
    },
    {
      "type": "Feature",
      "geometry": {
        "type": "Point",
        "coordinates": [-5.1239, 37.3937]
      },
      "properties": {
        "bright_ti4": 306.77,
        "scan": 0.4,
        "track": 0.37,
        "acq_date": "2026-09-25",
        "acq_time": "0232",
        "satellite": "N",
        "instrument": "VIIRS",
        "confidence": "n",
        "version": "2.0NRT",
        "bright_ti5": 289.98,
        "frp": 1.21,
        "daynight": "N",
        "source_dataset": "VIIRS_SNPP_NRT",
        "acq_datetime_utc": "2026-09-25T02:32:00Z",
        "age_hours": 19,
        "confidence_label": "nominal",
        "popup_label": "<strong>NASA FIRMS<\/strong><br>Sensor: VIIRS_SNPP_NRT<br>Fecha UTC: 2026-09-25T02:32:00Z<br>Confianza: nominal<br>FRP: 1.21 MW"
      }
    },
    {
      "type": "Feature",
      "geometry": {
        "type": "Point",
        "coordinates": [-8.4108, 37.3938]
      },
      "properties": {
        "bright_ti4": 303.3,
        "scan": 0.4,
        "track": 0.37,
        "acq_date": "2026-09-25",
        "acq_time": "0232",
        "satellite": "N",
        "instrument": "VIIRS",
        "confidence": "n",
        "version": "2.0NRT",
        "bright_ti5": 289.01,
        "frp": 21.65,
        "daynight": "N",
        "source_dataset": "VIIRS_SNPP_NRT",
        "acq_datetime_utc": "2026-09-25T02:32:00Z",
        "age_hours": 19,
        "confidence_label": "nominal",
        "popup_label": "<strong>NASA FIRMS<\/strong><br>Sensor: VIIRS_SNPP_NRT<br>Fecha UTC: 2026-09-25T02:32:00Z<br>Confianza: nominal<br>FRP: 21.65 MW"
      }
    },
    {
      "type": "Feature",
      "geometry": {
        "type": "Point",
        "coordinates": [-8.4152, 37.3945]
      },
      "properties": {
        "bright_ti4": 337.24,
        "scan": 0.4,
        "track": 0.37,
        "acq_date": "2026-09-25",
        "acq_time": "0232",
        "satellite": "N",
        "instrument": "VIIRS",
        "confidence": "n",
        "version": "2.0NRT",
        "bright_ti5": 300.61,
        "frp": 21.65,
        "daynight": "N",
        "source_dataset": "VIIRS_SNPP_NRT",
        "acq_datetime_utc": "2026-09-25T02:32:00Z",
        "age_hours": 19,
        "confidence_label": "nominal",
        "popup_label": "<strong>NASA FIRMS<\/strong><br>Sensor: VIIRS_SNPP_NRT<br>Fecha UTC: 2026-09-25T02:32:00Z<br>Confianza: nominal<br>FRP: 21.65 MW"
      }
    },
    {
      "type": "Feature",
      "geometry": {
        "type": "Point",
        "coordinates": [-8.4197, 37.3951]
      },
      "properties": {
        "bright_ti4": 304.18,
        "scan": 0.4,
        "track": 0.37,
        "acq_date": "2026-09-25",
        "acq_time": "0232",
        "satellite": "N",
        "instrument": "VIIRS",
        "confidence": "n",
        "version": "2.0NRT",
        "bright_ti5": 289.37,
        "frp": 1.38,
        "daynight": "N",
        "source_dataset": "VIIRS_SNPP_NRT",
        "acq_datetime_utc": "2026-09-25T02:32:00Z",
        "age_hours": 19,
        "confidence_label": "nominal",
        "popup_label": "<strong>NASA FIRMS<\/strong><br>Sensor: VIIRS_SNPP_NRT<br>Fecha UTC: 2026-09-25T02:32:00Z<br>Confianza: nominal<br>FRP: 1.38 MW"
      }
    },
    {
      "type": "Feature",
      "geometry": {
        "type": "Point",
        "coordinates": [-4.5556, 37.8338]
      },
      "properties": {
        "bright_ti4": 311.49,
        "scan": 0.41,
        "track": 0.37,
        "acq_date": "2026-09-25",
        "acq_time": "0232",
        "satellite": "N",
        "instrument": "VIIRS",
        "confidence": "n",
        "version": "2.0NRT",
        "bright_ti5": 290.09,
        "frp": 0.81,
        "daynight": "N",
        "source_dataset": "VIIRS_SNPP_NRT",
        "acq_datetime_utc": "2026-09-25T02:32:00Z",
        "age_hours": 19,
        "confidence_label": "nominal",
        "popup_label": "<strong>NASA FIRMS<\/strong><br>Sensor: VIIRS_SNPP_NRT<br>Fecha UTC: 2026-09-25T02:32:00Z<br>Confianza: nominal<br>FRP: 0.81 MW"
      }
    },
    {
      "type": "Feature",
      "geometry": {
        "type": "Point",
        "coordinates": [-8.7979, 37.9515]
      },
      "properties": {
        "bright_ti4": 300.95,
        "scan": 0.41,
        "track": 0.37,
        "acq_date": "2026-09-25",
        "acq_time": "0232",
        "satellite": "N",
        "instrument": "VIIRS",
        "confidence": "n",
        "version": "2.0NRT",
        "bright_ti5": 284.76,
        "frp": 0.64,
        "daynight": "N",
        "source_dataset": "VIIRS_SNPP_NRT",
        "acq_datetime_utc": "2026-09-25T02:32:00Z",
        "age_hours": 19,
        "confidence_label": "nominal",
        "popup_label": "<strong>NASA FIRMS<\/strong><br>Sensor: VIIRS_SNPP_NRT<br>Fecha UTC: 2026-09-25T02:32:00Z<br>Confianza: nominal<br>FRP: 0.64 MW"
      }
    },
    {
      "type": "Feature",
      "geometry": {
        "type": "Point",
        "coordinates": [-6.4826, 38.3789]
      },
      "properties": {
        "bright_ti4": 304.03,
        "scan": 0.38,
        "track": 0.36,
        "acq_date": "2026-09-25",
        "acq_time": "0232",
        "satellite": "N",
        "instrument": "VIIRS",
        "confidence": "n",
        "version": "2.0NRT",
        "bright_ti5": 291.48,
        "frp": 0.65,
        "daynight": "N",
        "source_dataset": "VIIRS_SNPP_NRT",
        "acq_datetime_utc": "2026-09-25T02:32:00Z",
        "age_hours": 19,
        "confidence_label": "nominal",
        "popup_label": "<strong>NASA FIRMS<\/strong><br>Sensor: VIIRS_SNPP_NRT<br>Fecha UTC: 2026-09-25T02:32:00Z<br>Confianza: nominal<br>FRP: 0.65 MW"
      }
    },
    {
      "type": "Feature",
      "geometry": {
        "type": "Point",
        "coordinates": [-4.0613, 38.6805]
      },
      "properties": {
        "bright_ti4": 306,
        "scan": 0.41,
        "track": 0.37,
        "acq_date": "2026-09-25",
        "acq_time": "0232",
        "satellite": "N",
        "instrument": "VIIRS",
        "confidence": "n",
        "version": "2.0NRT",
        "bright_ti5": 291.38,
        "frp": 0.67,
        "daynight": "N",
        "source_dataset": "VIIRS_SNPP_NRT",
        "acq_datetime_utc": "2026-09-25T02:32:00Z",
        "age_hours": 19,
        "confidence_label": "nominal",
        "popup_label": "<strong>NASA FIRMS<\/strong><br>Sensor: VIIRS_SNPP_NRT<br>Fecha UTC: 2026-09-25T02:32:00Z<br>Confianza: nominal<br>FRP: 0.67 MW"
      }
    },
    {
      "type": "Feature",
      "geometry": {
        "type": "Point",
        "coordinates": [-6.5424, 38.7993]
      },
      "properties": {
        "bright_ti4": 299.78,
        "scan": 0.38,
        "track": 0.36,
        "acq_date": "2026-09-25",
        "acq_time": "0232",
        "satellite": "N",
        "instrument": "VIIRS",
        "confidence": "n",
        "version": "2.0NRT",
        "bright_ti5": 285.29,
        "frp": 0.47,
        "daynight": "N",
        "source_dataset": "VIIRS_SNPP_NRT",
        "acq_datetime_utc": "2026-09-25T02:32:00Z",
        "age_hours": 19,
        "confidence_label": "nominal",
        "popup_label": "<strong>NASA FIRMS<\/strong><br>Sensor: VIIRS_SNPP_NRT<br>Fecha UTC: 2026-09-25T02:32:00Z<br>Confianza: nominal<br>FRP: 0.47 MW"
      }
    },
    {
      "type": "Feature",
      "geometry": {
        "type": "Point",
        "coordinates": [-5.7644, 38.9198]
      },
      "properties": {
        "bright_ti4": 303.73,
        "scan": 0.39,
        "track": 0.36,
        "acq_date": "2026-09-25",
        "acq_time": "0232",
        "satellite": "N",
        "instrument": "VIIRS",
        "confidence": "n",
        "version": "2.0NRT",
        "bright_ti5": 292,
        "frp": 0.62,
        "daynight": "N",
        "source_dataset": "VIIRS_SNPP_NRT",
        "acq_datetime_utc": "2026-09-25T02:32:00Z",
        "age_hours": 19,
        "confidence_label": "nominal",
        "popup_label": "<strong>NASA FIRMS<\/strong><br>Sensor: VIIRS_SNPP_NRT<br>Fecha UTC: 2026-09-25T02:32:00Z<br>Confianza: nominal<br>FRP: 0.62 MW"
      }
    },
    {
      "type": "Feature",
      "geometry": {
        "type": "Point",
        "coordinates": [-9.0095, 38.921]
      },
      "properties": {
        "bright_ti4": 320.91,
        "scan": 0.42,
        "track": 0.38,
        "acq_date": "2026-09-25",
        "acq_time": "0232",
        "satellite": "N",
        "instrument": "VIIRS",
        "confidence": "n",
        "version": "2.0NRT",
        "bright_ti5": 294.17,
        "frp": 2.14,
        "daynight": "N",
        "source_dataset": "VIIRS_SNPP_NRT",
        "acq_datetime_utc": "2026-09-25T02:32:00Z",
        "age_hours": 19,
        "confidence_label": "nominal",
        "popup_label": "<strong>NASA FIRMS<\/strong><br>Sensor: VIIRS_SNPP_NRT<br>Fecha UTC: 2026-09-25T02:32:00Z<br>Confianza: nominal<br>FRP: 2.14 MW"
      }
    },
    {
      "type": "Feature",
      "geometry": {
        "type": "Point",
        "coordinates": [-5.7635, 38.9231]
      },
      "properties": {
        "bright_ti4": 305.19,
        "scan": 0.39,
        "track": 0.36,
        "acq_date": "2026-09-25",
        "acq_time": "0232",
        "satellite": "N",
        "instrument": "VIIRS",
        "confidence": "n",
        "version": "2.0NRT",
        "bright_ti5": 291.46,
        "frp": 0.62,
        "daynight": "N",
        "source_dataset": "VIIRS_SNPP_NRT",
        "acq_datetime_utc": "2026-09-25T02:32:00Z",
        "age_hours": 19,
        "confidence_label": "nominal",
        "popup_label": "<strong>NASA FIRMS<\/strong><br>Sensor: VIIRS_SNPP_NRT<br>Fecha UTC: 2026-09-25T02:32:00Z<br>Confianza: nominal<br>FRP: 0.62 MW"
      }
    },
    {
      "type": "Feature",
      "geometry": {
        "type": "Point",
        "coordinates": [-0.5926, 39.1574]
      },
      "properties": {
        "bright_ti4": 306.8,
        "scan": 0.53,
        "track": 0.42,
        "acq_date": "2026-09-25",
        "acq_time": "0232",
        "satellite": "N",
        "instrument": "VIIRS",
        "confidence": "n",
        "version": "2.0NRT",
        "bright_ti5": 290.9,
        "frp": 0.73,
        "daynight": "N",
        "source_dataset": "VIIRS_SNPP_NRT",
        "acq_datetime_utc": "2026-09-25T02:32:00Z",
        "age_hours": 19,
        "confidence_label": "nominal",
        "popup_label": "<strong>NASA FIRMS<\/strong><br>Sensor: VIIRS_SNPP_NRT<br>Fecha UTC: 2026-09-25T02:32:00Z<br>Confianza: nominal<br>FRP: 0.73 MW"
      }
    },
    {
      "type": "Feature",
      "geometry": {
        "type": "Point",
        "coordinates": [-3.476, 40.2433]
      },
      "properties": {
        "bright_ti4": 310.2,
        "scan": 0.41,
        "track": 0.37,
        "acq_date": "2026-09-25",
        "acq_time": "0230",
        "satellite": "N",
        "instrument": "VIIRS",
        "confidence": "n",
        "version": "2.0NRT",
        "bright_ti5": 290.87,
        "frp": 1.34,
        "daynight": "N",
        "source_dataset": "VIIRS_SNPP_NRT",
        "acq_datetime_utc": "2026-09-25T02:30:00Z",
        "age_hours": 19,
        "confidence_label": "nominal",
        "popup_label": "<strong>NASA FIRMS<\/strong><br>Sensor: VIIRS_SNPP_NRT<br>Fecha UTC: 2026-09-25T02:30:00Z<br>Confianza: nominal<br>FRP: 1.34 MW"
      }
    },
    {
      "type": "Feature",
      "geometry": {
        "type": "Point",
        "coordinates": [-3.475, 40.2467]
      },
      "properties": {
        "bright_ti4": 320.73,
        "scan": 0.41,
        "track": 0.37,
        "acq_date": "2026-09-25",
        "acq_time": "0230",
        "satellite": "N",
        "instrument": "VIIRS",
        "confidence": "n",
        "version": "2.0NRT",
        "bright_ti5": 292.63,
        "frp": 1.86,
        "daynight": "N",
        "source_dataset": "VIIRS_SNPP_NRT",
        "acq_datetime_utc": "2026-09-25T02:30:00Z",
        "age_hours": 19,
        "confidence_label": "nominal",
        "popup_label": "<strong>NASA FIRMS<\/strong><br>Sensor: VIIRS_SNPP_NRT<br>Fecha UTC: 2026-09-25T02:30:00Z<br>Confianza: nominal<br>FRP: 1.86 MW"
      }
    },
    {
      "type": "Feature",
      "geometry": {
        "type": "Point",
        "coordinates": [-7.8655, 41.1248]
      },
      "properties": {
        "bright_ti4": 297.34,
        "scan": 0.41,
        "track": 0.37,
        "acq_date": "2026-09-25",
        "acq_time": "0230",
        "satellite": "N",
        "instrument": "VIIRS",
        "confidence": "n",
        "version": "2.0NRT",
        "bright_ti5": 285.58,
        "frp": 0.95,
        "daynight": "N",
        "source_dataset": "VIIRS_SNPP_NRT",
        "acq_datetime_utc": "2026-09-25T02:30:00Z",
        "age_hours": 19,
        "confidence_label": "nominal",
        "popup_label": "<strong>NASA FIRMS<\/strong><br>Sensor: VIIRS_SNPP_NRT<br>Fecha UTC: 2026-09-25T02:30:00Z<br>Confianza: nominal<br>FRP: 0.95 MW"
      }
    },
    {
      "type": "Feature",
      "geometry": {
        "type": "Point",
        "coordinates": [-7.8597, 41.1275]
      },
      "properties": {
        "bright_ti4": 327.4,
        "scan": 0.41,
        "track": 0.37,
        "acq_date": "2026-09-25",
        "acq_time": "0230",
        "satellite": "N",
        "instrument": "VIIRS",
        "confidence": "n",
        "version": "2.0NRT",
        "bright_ti5": 291.46,
        "frp": 1.81,
        "daynight": "N",
        "source_dataset": "VIIRS_SNPP_NRT",
        "acq_datetime_utc": "2026-09-25T02:30:00Z",
        "age_hours": 19,
        "confidence_label": "nominal",
        "popup_label": "<strong>NASA FIRMS<\/strong><br>Sensor: VIIRS_SNPP_NRT<br>Fecha UTC: 2026-09-25T02:30:00Z<br>Confianza: nominal<br>FRP: 1.81 MW"
      }
    },
    {
      "type": "Feature",
      "geometry": {
        "type": "Point",
        "coordinates": [-7.8647, 41.1282]
      },
      "properties": {
        "bright_ti4": 350.89,
        "scan": 0.41,
        "track": 0.37,
        "acq_date": "2026-09-25",
        "acq_time": "0230",
        "satellite": "N",
        "instrument": "VIIRS",
        "confidence": "n",
        "version": "2.0NRT",
        "bright_ti5": 314.92,
        "frp": 16.95,
        "daynight": "N",
        "source_dataset": "VIIRS_SNPP_NRT",
        "acq_datetime_utc": "2026-09-25T02:30:00Z",
        "age_hours": 19,
        "confidence_label": "nominal",
        "popup_label": "<strong>NASA FIRMS<\/strong><br>Sensor: VIIRS_SNPP_NRT<br>Fecha UTC: 2026-09-25T02:30:00Z<br>Confianza: nominal<br>FRP: 16.95 MW"
      }
    },
    {
      "type": "Feature",
      "geometry": {
        "type": "Point",
        "coordinates": [-7.8698, 41.1289]
      },
      "properties": {
        "bright_ti4": 296.81,
        "scan": 0.41,
        "track": 0.37,
        "acq_date": "2026-09-25",
        "acq_time": "0230",
        "satellite": "N",
        "instrument": "VIIRS",
        "confidence": "n",
        "version": "2.0NRT",
        "bright_ti5": 286.29,
        "frp": 16.95,
        "daynight": "N",
        "source_dataset": "VIIRS_SNPP_NRT",
        "acq_datetime_utc": "2026-09-25T02:30:00Z",
        "age_hours": 19,
        "confidence_label": "nominal",
        "popup_label": "<strong>NASA FIRMS<\/strong><br>Sensor: VIIRS_SNPP_NRT<br>Fecha UTC: 2026-09-25T02:30:00Z<br>Confianza: nominal<br>FRP: 16.95 MW"
      }
    },
    {
      "type": "Feature",
      "geometry": {
        "type": "Point",
        "coordinates": [-7.8591, 41.1309]
      },
      "properties": {
        "bright_ti4": 312.82,
        "scan": 0.41,
        "track": 0.37,
        "acq_date": "2026-09-25",
        "acq_time": "0230",
        "satellite": "N",
        "instrument": "VIIRS",
        "confidence": "n",
        "version": "2.0NRT",
        "bright_ti5": 291.69,
        "frp": 1.81,
        "daynight": "N",
        "source_dataset": "VIIRS_SNPP_NRT",
        "acq_datetime_utc": "2026-09-25T02:30:00Z",
        "age_hours": 19,
        "confidence_label": "nominal",
        "popup_label": "<strong>NASA FIRMS<\/strong><br>Sensor: VIIRS_SNPP_NRT<br>Fecha UTC: 2026-09-25T02:30:00Z<br>Confianza: nominal<br>FRP: 1.81 MW"
      }
    },
    {
      "type": "Feature",
      "geometry": {
        "type": "Point",
        "coordinates": [-7.864, 41.1316]
      },
      "properties": {
        "bright_ti4": 319.4,
        "scan": 0.41,
        "track": 0.37,
        "acq_date": "2026-09-25",
        "acq_time": "0230",
        "satellite": "N",
        "instrument": "VIIRS",
        "confidence": "n",
        "version": "2.0NRT",
        "bright_ti5": 290.78,
        "frp": 16.95,
        "daynight": "N",
        "source_dataset": "VIIRS_SNPP_NRT",
        "acq_datetime_utc": "2026-09-25T02:30:00Z",
        "age_hours": 19,
        "confidence_label": "nominal",
        "popup_label": "<strong>NASA FIRMS<\/strong><br>Sensor: VIIRS_SNPP_NRT<br>Fecha UTC: 2026-09-25T02:30:00Z<br>Confianza: nominal<br>FRP: 16.95 MW"
      }
    },
    {
      "type": "Feature",
      "geometry": {
        "type": "Point",
        "coordinates": [-7.8684, 41.1357]
      },
      "properties": {
        "bright_ti4": 317.72,
        "scan": 0.41,
        "track": 0.37,
        "acq_date": "2026-09-25",
        "acq_time": "0230",
        "satellite": "N",
        "instrument": "VIIRS",
        "confidence": "n",
        "version": "2.0NRT",
        "bright_ti5": 287,
        "frp": 22.17,
        "daynight": "N",
        "source_dataset": "VIIRS_SNPP_NRT",
        "acq_datetime_utc": "2026-09-25T02:30:00Z",
        "age_hours": 19,
        "confidence_label": "nominal",
        "popup_label": "<strong>NASA FIRMS<\/strong><br>Sensor: VIIRS_SNPP_NRT<br>Fecha UTC: 2026-09-25T02:30:00Z<br>Confianza: nominal<br>FRP: 22.17 MW"
      }
    },
    {
      "type": "Feature",
      "geometry": {
        "type": "Point",
        "coordinates": [-7.8627, 41.1384]
      },
      "properties": {
        "bright_ti4": 304.15,
        "scan": 0.41,
        "track": 0.37,
        "acq_date": "2026-09-25",
        "acq_time": "0230",
        "satellite": "N",
        "instrument": "VIIRS",
        "confidence": "n",
        "version": "2.0NRT",
        "bright_ti5": 286.39,
        "frp": 22.17,
        "daynight": "N",
        "source_dataset": "VIIRS_SNPP_NRT",
        "acq_datetime_utc": "2026-09-25T02:30:00Z",
        "age_hours": 19,
        "confidence_label": "nominal",
        "popup_label": "<strong>NASA FIRMS<\/strong><br>Sensor: VIIRS_SNPP_NRT<br>Fecha UTC: 2026-09-25T02:30:00Z<br>Confianza: nominal<br>FRP: 22.17 MW"
      }
    },
    {
      "type": "Feature",
      "geometry": {
        "type": "Point",
        "coordinates": [-7.8677, 41.1391]
      },
      "properties": {
        "bright_ti4": 343.74,
        "scan": 0.41,
        "track": 0.37,
        "acq_date": "2026-09-25",
        "acq_time": "0230",
        "satellite": "N",
        "instrument": "VIIRS",
        "confidence": "n",
        "version": "2.0NRT",
        "bright_ti5": 306.23,
        "frp": 22.17,
        "daynight": "N",
        "source_dataset": "VIIRS_SNPP_NRT",
        "acq_datetime_utc": "2026-09-25T02:30:00Z",
        "age_hours": 19,
        "confidence_label": "nominal",
        "popup_label": "<strong>NASA FIRMS<\/strong><br>Sensor: VIIRS_SNPP_NRT<br>Fecha UTC: 2026-09-25T02:30:00Z<br>Confianza: nominal<br>FRP: 22.17 MW"
      }
    },
    {
      "type": "Feature",
      "geometry": {
        "type": "Point",
        "coordinates": [-7.8621, 41.1418]
      },
      "properties": {
        "bright_ti4": 298.17,
        "scan": 0.41,
        "track": 0.37,
        "acq_date": "2026-09-25",
        "acq_time": "0230",
        "satellite": "N",
        "instrument": "VIIRS",
        "confidence": "n",
        "version": "2.0NRT",
        "bright_ti5": 286.74,
        "frp": 6,
        "daynight": "N",
        "source_dataset": "VIIRS_SNPP_NRT",
        "acq_datetime_utc": "2026-09-25T02:30:00Z",
        "age_hours": 19,
        "confidence_label": "nominal",
        "popup_label": "<strong>NASA FIRMS<\/strong><br>Sensor: VIIRS_SNPP_NRT<br>Fecha UTC: 2026-09-25T02:30:00Z<br>Confianza: nominal<br>FRP: 6 MW"
      }
    },
    {
      "type": "Feature",
      "geometry": {
        "type": "Point",
        "coordinates": [-7.867, 41.1425]
      },
      "properties": {
        "bright_ti4": 347.55,
        "scan": 0.41,
        "track": 0.37,
        "acq_date": "2026-09-25",
        "acq_time": "0230",
        "satellite": "N",
        "instrument": "VIIRS",
        "confidence": "n",
        "version": "2.0NRT",
        "bright_ti5": 291.58,
        "frp": 6,
        "daynight": "N",
        "source_dataset": "VIIRS_SNPP_NRT",
        "acq_datetime_utc": "2026-09-25T02:30:00Z",
        "age_hours": 19,
        "confidence_label": "nominal",
        "popup_label": "<strong>NASA FIRMS<\/strong><br>Sensor: VIIRS_SNPP_NRT<br>Fecha UTC: 2026-09-25T02:30:00Z<br>Confianza: nominal<br>FRP: 6 MW"
      }
    },
    {
      "type": "Feature",
      "geometry": {
        "type": "Point",
        "coordinates": [1.6601, 41.3118]
      },
      "properties": {
        "bright_ti4": 306.32,
        "scan": 0.41,
        "track": 0.45,
        "acq_date": "2026-09-25",
        "acq_time": "0230",
        "satellite": "N",
        "instrument": "VIIRS",
        "confidence": "n",
        "version": "2.0NRT",
        "bright_ti5": 289.3,
        "frp": 1.54,
        "daynight": "N",
        "source_dataset": "VIIRS_SNPP_NRT",
        "acq_datetime_utc": "2026-09-25T02:30:00Z",
        "age_hours": 19,
        "confidence_label": "nominal",
        "popup_label": "<strong>NASA FIRMS<\/strong><br>Sensor: VIIRS_SNPP_NRT<br>Fecha UTC: 2026-09-25T02:30:00Z<br>Confianza: nominal<br>FRP: 1.54 MW"
      }
    },
    {
      "type": "Feature",
      "geometry": {
        "type": "Point",
        "coordinates": [-1.4896, 41.4759]
      },
      "properties": {
        "bright_ti4": 302.86,
        "scan": 0.45,
        "track": 0.39,
        "acq_date": "2026-09-25",
        "acq_time": "0230",
        "satellite": "N",
        "instrument": "VIIRS",
        "confidence": "n",
        "version": "2.0NRT",
        "bright_ti5": 288.75,
        "frp": 1.05,
        "daynight": "N",
        "source_dataset": "VIIRS_SNPP_NRT",
        "acq_datetime_utc": "2026-09-25T02:30:00Z",
        "age_hours": 19,
        "confidence_label": "nominal",
        "popup_label": "<strong>NASA FIRMS<\/strong><br>Sensor: VIIRS_SNPP_NRT<br>Fecha UTC: 2026-09-25T02:30:00Z<br>Confianza: nominal<br>FRP: 1.05 MW"
      }
    },
    {
      "type": "Feature",
      "geometry": {
        "type": "Point",
        "coordinates": [-7.2849, 41.6966]
      },
      "properties": {
        "bright_ti4": 324.42,
        "scan": 0.4,
        "track": 0.37,
        "acq_date": "2026-09-25",
        "acq_time": "0230",
        "satellite": "N",
        "instrument": "VIIRS",
        "confidence": "n",
        "version": "2.0NRT",
        "bright_ti5": 291.16,
        "frp": 6.55,
        "daynight": "N",
        "source_dataset": "VIIRS_SNPP_NRT",
        "acq_datetime_utc": "2026-09-25T02:30:00Z",
        "age_hours": 19,
        "confidence_label": "nominal",
        "popup_label": "<strong>NASA FIRMS<\/strong><br>Sensor: VIIRS_SNPP_NRT<br>Fecha UTC: 2026-09-25T02:30:00Z<br>Confianza: nominal<br>FRP: 6.55 MW"
      }
    },
    {
      "type": "Feature",
      "geometry": {
        "type": "Point",
        "coordinates": [-7.2896, 41.6973]
      },
      "properties": {
        "bright_ti4": 329.28,
        "scan": 0.4,
        "track": 0.37,
        "acq_date": "2026-09-25",
        "acq_time": "0230",
        "satellite": "N",
        "instrument": "VIIRS",
        "confidence": "n",
        "version": "2.0NRT",
        "bright_ti5": 293.47,
        "frp": 6.55,
        "daynight": "N",
        "source_dataset": "VIIRS_SNPP_NRT",
        "acq_datetime_utc": "2026-09-25T02:30:00Z",
        "age_hours": 19,
        "confidence_label": "nominal",
        "popup_label": "<strong>NASA FIRMS<\/strong><br>Sensor: VIIRS_SNPP_NRT<br>Fecha UTC: 2026-09-25T02:30:00Z<br>Confianza: nominal<br>FRP: 6.55 MW"
      }
    },
    {
      "type": "Feature",
      "geometry": {
        "type": "Point",
        "coordinates": [-7.8549, 41.9183]
      },
      "properties": {
        "bright_ti4": 295.13,
        "scan": 0.41,
        "track": 0.37,
        "acq_date": "2026-09-25",
        "acq_time": "0230",
        "satellite": "N",
        "instrument": "VIIRS",
        "confidence": "n",
        "version": "2.0NRT",
        "bright_ti5": 283.92,
        "frp": 0.89,
        "daynight": "N",
        "source_dataset": "VIIRS_SNPP_NRT",
        "acq_datetime_utc": "2026-09-25T02:30:00Z",
        "age_hours": 19,
        "confidence_label": "nominal",
        "popup_label": "<strong>NASA FIRMS<\/strong><br>Sensor: VIIRS_SNPP_NRT<br>Fecha UTC: 2026-09-25T02:30:00Z<br>Confianza: nominal<br>FRP: 0.89 MW"
      }
    },
    {
      "type": "Feature",
      "geometry": {
        "type": "Point",
        "coordinates": [-7.8539, 41.9217]
      },
      "properties": {
        "bright_ti4": 299.69,
        "scan": 0.41,
        "track": 0.37,
        "acq_date": "2026-09-25",
        "acq_time": "0230",
        "satellite": "N",
        "instrument": "VIIRS",
        "confidence": "n",
        "version": "2.0NRT",
        "bright_ti5": 286.12,
        "frp": 0.89,
        "daynight": "N",
        "source_dataset": "VIIRS_SNPP_NRT",
        "acq_datetime_utc": "2026-09-25T02:30:00Z",
        "age_hours": 19,
        "confidence_label": "nominal",
        "popup_label": "<strong>NASA FIRMS<\/strong><br>Sensor: VIIRS_SNPP_NRT<br>Fecha UTC: 2026-09-25T02:30:00Z<br>Confianza: nominal<br>FRP: 0.89 MW"
      }
    },
    {
      "type": "Feature",
      "geometry": {
        "type": "Point",
        "coordinates": [-7.8335, 41.9224]
      },
      "properties": {
        "bright_ti4": 299.92,
        "scan": 0.41,
        "track": 0.37,
        "acq_date": "2026-09-25",
        "acq_time": "0230",
        "satellite": "N",
        "instrument": "VIIRS",
        "confidence": "n",
        "version": "2.0NRT",
        "bright_ti5": 279.4,
        "frp": 2.94,
        "daynight": "N",
        "source_dataset": "VIIRS_SNPP_NRT",
        "acq_datetime_utc": "2026-09-25T02:30:00Z",
        "age_hours": 19,
        "confidence_label": "nominal",
        "popup_label": "<strong>NASA FIRMS<\/strong><br>Sensor: VIIRS_SNPP_NRT<br>Fecha UTC: 2026-09-25T02:30:00Z<br>Confianza: nominal<br>FRP: 2.94 MW"
      }
    },
    {
      "type": "Feature",
      "geometry": {
        "type": "Point",
        "coordinates": [-7.8529, 41.9251]
      },
      "properties": {
        "bright_ti4": 296.73,
        "scan": 0.41,
        "track": 0.37,
        "acq_date": "2026-09-25",
        "acq_time": "0230",
        "satellite": "N",
        "instrument": "VIIRS",
        "confidence": "n",
        "version": "2.0NRT",
        "bright_ti5": 284.68,
        "frp": 1.07,
        "daynight": "N",
        "source_dataset": "VIIRS_SNPP_NRT",
        "acq_datetime_utc": "2026-09-25T02:30:00Z",
        "age_hours": 19,
        "confidence_label": "nominal",
        "popup_label": "<strong>NASA FIRMS<\/strong><br>Sensor: VIIRS_SNPP_NRT<br>Fecha UTC: 2026-09-25T02:30:00Z<br>Confianza: nominal<br>FRP: 1.07 MW"
      }
    },
    {
      "type": "Feature",
      "geometry": {
        "type": "Point",
        "coordinates": [-7.8277, 41.9252]
      },
      "properties": {
        "bright_ti4": 327.87,
        "scan": 0.41,
        "track": 0.37,
        "acq_date": "2026-09-25",
        "acq_time": "0230",
        "satellite": "N",
        "instrument": "VIIRS",
        "confidence": "n",
        "version": "2.0NRT",
        "bright_ti5": 281.06,
        "frp": 3.42,
        "daynight": "N",
        "source_dataset": "VIIRS_SNPP_NRT",
        "acq_datetime_utc": "2026-09-25T02:30:00Z",
        "age_hours": 19,
        "confidence_label": "nominal",
        "popup_label": "<strong>NASA FIRMS<\/strong><br>Sensor: VIIRS_SNPP_NRT<br>Fecha UTC: 2026-09-25T02:30:00Z<br>Confianza: nominal<br>FRP: 3.42 MW"
      }
    },
    {
      "type": "Feature",
      "geometry": {
        "type": "Point",
        "coordinates": [-7.8326, 41.9258]
      },
      "properties": {
        "bright_ti4": 322.04,
        "scan": 0.41,
        "track": 0.37,
        "acq_date": "2026-09-25",
        "acq_time": "0230",
        "satellite": "N",
        "instrument": "VIIRS",
        "confidence": "n",
        "version": "2.0NRT",
        "bright_ti5": 283.23,
        "frp": 2.94,
        "daynight": "N",
        "source_dataset": "VIIRS_SNPP_NRT",
        "acq_datetime_utc": "2026-09-25T02:30:00Z",
        "age_hours": 19,
        "confidence_label": "nominal",
        "popup_label": "<strong>NASA FIRMS<\/strong><br>Sensor: VIIRS_SNPP_NRT<br>Fecha UTC: 2026-09-25T02:30:00Z<br>Confianza: nominal<br>FRP: 2.94 MW"
      }
    },
    {
      "type": "Feature",
      "geometry": {
        "type": "Point",
        "coordinates": [-7.852, 41.9284]
      },
      "properties": {
        "bright_ti4": 300.22,
        "scan": 0.41,
        "track": 0.37,
        "acq_date": "2026-09-25",
        "acq_time": "0230",
        "satellite": "N",
        "instrument": "VIIRS",
        "confidence": "n",
        "version": "2.0NRT",
        "bright_ti5": 286.83,
        "frp": 1.07,
        "daynight": "N",
        "source_dataset": "VIIRS_SNPP_NRT",
        "acq_datetime_utc": "2026-09-25T02:30:00Z",
        "age_hours": 19,
        "confidence_label": "nominal",
        "popup_label": "<strong>NASA FIRMS<\/strong><br>Sensor: VIIRS_SNPP_NRT<br>Fecha UTC: 2026-09-25T02:30:00Z<br>Confianza: nominal<br>FRP: 1.07 MW"
      }
    },
    {
      "type": "Feature",
      "geometry": {
        "type": "Point",
        "coordinates": [-7.8268, 41.9285]
      },
      "properties": {
        "bright_ti4": 305.64,
        "scan": 0.41,
        "track": 0.37,
        "acq_date": "2026-09-25",
        "acq_time": "0230",
        "satellite": "N",
        "instrument": "VIIRS",
        "confidence": "n",
        "version": "2.0NRT",
        "bright_ti5": 283.41,
        "frp": 1.38,
        "daynight": "N",
        "source_dataset": "VIIRS_SNPP_NRT",
        "acq_datetime_utc": "2026-09-25T02:30:00Z",
        "age_hours": 19,
        "confidence_label": "nominal",
        "popup_label": "<strong>NASA FIRMS<\/strong><br>Sensor: VIIRS_SNPP_NRT<br>Fecha UTC: 2026-09-25T02:30:00Z<br>Confianza: nominal<br>FRP: 1.38 MW"
      }
    },
    {
      "type": "Feature",
      "geometry": {
        "type": "Point",
        "coordinates": [-7.8316, 41.9292]
      },
      "properties": {
        "bright_ti4": 304.17,
        "scan": 0.41,
        "track": 0.37,
        "acq_date": "2026-09-25",
        "acq_time": "0230",
        "satellite": "N",
        "instrument": "VIIRS",
        "confidence": "n",
        "version": "2.0NRT",
        "bright_ti5": 286.79,
        "frp": 2.56,
        "daynight": "N",
        "source_dataset": "VIIRS_SNPP_NRT",
        "acq_datetime_utc": "2026-09-25T02:30:00Z",
        "age_hours": 19,
        "confidence_label": "nominal",
        "popup_label": "<strong>NASA FIRMS<\/strong><br>Sensor: VIIRS_SNPP_NRT<br>Fecha UTC: 2026-09-25T02:30:00Z<br>Confianza: nominal<br>FRP: 2.56 MW"
      }
    },
    {
      "type": "Feature",
      "geometry": {
        "type": "Point",
        "coordinates": [-7.8412, 41.9305]
      },
      "properties": {
        "bright_ti4": 299.69,
        "scan": 0.41,
        "track": 0.37,
        "acq_date": "2026-09-25",
        "acq_time": "0230",
        "satellite": "N",
        "instrument": "VIIRS",
        "confidence": "n",
        "version": "2.0NRT",
        "bright_ti5": 285.32,
        "frp": 1,
        "daynight": "N",
        "source_dataset": "VIIRS_SNPP_NRT",
        "acq_datetime_utc": "2026-09-25T02:30:00Z",
        "age_hours": 19,
        "confidence_label": "nominal",
        "popup_label": "<strong>NASA FIRMS<\/strong><br>Sensor: VIIRS_SNPP_NRT<br>Fecha UTC: 2026-09-25T02:30:00Z<br>Confianza: nominal<br>FRP: 1 MW"
      }
    },
    {
      "type": "Feature",
      "geometry": {
        "type": "Point",
        "coordinates": [-7.8461, 41.9312]
      },
      "properties": {
        "bright_ti4": 299.01,
        "scan": 0.41,
        "track": 0.37,
        "acq_date": "2026-09-25",
        "acq_time": "0230",
        "satellite": "N",
        "instrument": "VIIRS",
        "confidence": "n",
        "version": "2.0NRT",
        "bright_ti5": 285.75,
        "frp": 1,
        "daynight": "N",
        "source_dataset": "VIIRS_SNPP_NRT",
        "acq_datetime_utc": "2026-09-25T02:30:00Z",
        "age_hours": 19,
        "confidence_label": "nominal",
        "popup_label": "<strong>NASA FIRMS<\/strong><br>Sensor: VIIRS_SNPP_NRT<br>Fecha UTC: 2026-09-25T02:30:00Z<br>Confianza: nominal<br>FRP: 1 MW"
      }
    },
    {
      "type": "Feature",
      "geometry": {
        "type": "Point",
        "coordinates": [-7.8511, 41.9318]
      },
      "properties": {
        "bright_ti4": 320.88,
        "scan": 0.41,
        "track": 0.37,
        "acq_date": "2026-09-25",
        "acq_time": "0230",
        "satellite": "N",
        "instrument": "VIIRS",
        "confidence": "n",
        "version": "2.0NRT",
        "bright_ti5": 292.73,
        "frp": 2.78,
        "daynight": "N",
        "source_dataset": "VIIRS_SNPP_NRT",
        "acq_datetime_utc": "2026-09-25T02:30:00Z",
        "age_hours": 19,
        "confidence_label": "nominal",
        "popup_label": "<strong>NASA FIRMS<\/strong><br>Sensor: VIIRS_SNPP_NRT<br>Fecha UTC: 2026-09-25T02:30:00Z<br>Confianza: nominal<br>FRP: 2.78 MW"
      }
    },
    {
      "type": "Feature",
      "geometry": {
        "type": "Point",
        "coordinates": [-7.8562, 41.9325]
      },
      "properties": {
        "bright_ti4": 297.69,
        "scan": 0.41,
        "track": 0.37,
        "acq_date": "2026-09-25",
        "acq_time": "0230",
        "satellite": "N",
        "instrument": "VIIRS",
        "confidence": "n",
        "version": "2.0NRT",
        "bright_ti5": 285.54,
        "frp": 2.78,
        "daynight": "N",
        "source_dataset": "VIIRS_SNPP_NRT",
        "acq_datetime_utc": "2026-09-25T02:30:00Z",
        "age_hours": 19,
        "confidence_label": "nominal",
        "popup_label": "<strong>NASA FIRMS<\/strong><br>Sensor: VIIRS_SNPP_NRT<br>Fecha UTC: 2026-09-25T02:30:00Z<br>Confianza: nominal<br>FRP: 2.78 MW"
      }
    },
    {
      "type": "Feature",
      "geometry": {
        "type": "Point",
        "coordinates": [-7.8453, 41.9346]
      },
      "properties": {
        "bright_ti4": 299.51,
        "scan": 0.41,
        "track": 0.37,
        "acq_date": "2026-09-25",
        "acq_time": "0230",
        "satellite": "N",
        "instrument": "VIIRS",
        "confidence": "n",
        "version": "2.0NRT",
        "bright_ti5": 285.14,
        "frp": 1,
        "daynight": "N",
        "source_dataset": "VIIRS_SNPP_NRT",
        "acq_datetime_utc": "2026-09-25T02:30:00Z",
        "age_hours": 19,
        "confidence_label": "nominal",
        "popup_label": "<strong>NASA FIRMS<\/strong><br>Sensor: VIIRS_SNPP_NRT<br>Fecha UTC: 2026-09-25T02:30:00Z<br>Confianza: nominal<br>FRP: 1 MW"
      }
    },
    {
      "type": "Feature",
      "geometry": {
        "type": "Point",
        "coordinates": [-7.8503, 41.9353]
      },
      "properties": {
        "bright_ti4": 332.36,
        "scan": 0.41,
        "track": 0.37,
        "acq_date": "2026-09-25",
        "acq_time": "0230",
        "satellite": "N",
        "instrument": "VIIRS",
        "confidence": "n",
        "version": "2.0NRT",
        "bright_ti5": 299.84,
        "frp": 2.78,
        "daynight": "N",
        "source_dataset": "VIIRS_SNPP_NRT",
        "acq_datetime_utc": "2026-09-25T02:30:00Z",
        "age_hours": 19,
        "confidence_label": "nominal",
        "popup_label": "<strong>NASA FIRMS<\/strong><br>Sensor: VIIRS_SNPP_NRT<br>Fecha UTC: 2026-09-25T02:30:00Z<br>Confianza: nominal<br>FRP: 2.78 MW"
      }
    },
    {
      "type": "Feature",
      "geometry": {
        "type": "Point",
        "coordinates": [-7.8346, 41.9367]
      },
      "properties": {
        "bright_ti4": 296.08,
        "scan": 0.41,
        "track": 0.37,
        "acq_date": "2026-09-25",
        "acq_time": "0230",
        "satellite": "N",
        "instrument": "VIIRS",
        "confidence": "n",
        "version": "2.0NRT",
        "bright_ti5": 285.18,
        "frp": 1.11,
        "daynight": "N",
        "source_dataset": "VIIRS_SNPP_NRT",
        "acq_datetime_utc": "2026-09-25T02:30:00Z",
        "age_hours": 19,
        "confidence_label": "nominal",
        "popup_label": "<strong>NASA FIRMS<\/strong><br>Sensor: VIIRS_SNPP_NRT<br>Fecha UTC: 2026-09-25T02:30:00Z<br>Confianza: nominal<br>FRP: 1.11 MW"
      }
    },
    {
      "type": "Feature",
      "geometry": {
        "type": "Point",
        "coordinates": [-7.8395, 41.9373]
      },
      "properties": {
        "bright_ti4": 301.96,
        "scan": 0.41,
        "track": 0.37,
        "acq_date": "2026-09-25",
        "acq_time": "0230",
        "satellite": "N",
        "instrument": "VIIRS",
        "confidence": "n",
        "version": "2.0NRT",
        "bright_ti5": 286.5,
        "frp": 0.8,
        "daynight": "N",
        "source_dataset": "VIIRS_SNPP_NRT",
        "acq_datetime_utc": "2026-09-25T02:30:00Z",
        "age_hours": 19,
        "confidence_label": "nominal",
        "popup_label": "<strong>NASA FIRMS<\/strong><br>Sensor: VIIRS_SNPP_NRT<br>Fecha UTC: 2026-09-25T02:30:00Z<br>Confianza: nominal<br>FRP: 0.8 MW"
      }
    },
    {
      "type": "Feature",
      "geometry": {
        "type": "Point",
        "coordinates": [-7.8445, 41.938]
      },
      "properties": {
        "bright_ti4": 297.63,
        "scan": 0.41,
        "track": 0.37,
        "acq_date": "2026-09-25",
        "acq_time": "0230",
        "satellite": "N",
        "instrument": "VIIRS",
        "confidence": "n",
        "version": "2.0NRT",
        "bright_ti5": 286.25,
        "frp": 0.8,
        "daynight": "N",
        "source_dataset": "VIIRS_SNPP_NRT",
        "acq_datetime_utc": "2026-09-25T02:30:00Z",
        "age_hours": 19,
        "confidence_label": "nominal",
        "popup_label": "<strong>NASA FIRMS<\/strong><br>Sensor: VIIRS_SNPP_NRT<br>Fecha UTC: 2026-09-25T02:30:00Z<br>Confianza: nominal<br>FRP: 0.8 MW"
      }
    },
    {
      "type": "Feature",
      "geometry": {
        "type": "Point",
        "coordinates": [-7.829, 41.9394]
      },
      "properties": {
        "bright_ti4": 296.11,
        "scan": 0.41,
        "track": 0.37,
        "acq_date": "2026-09-25",
        "acq_time": "0230",
        "satellite": "N",
        "instrument": "VIIRS",
        "confidence": "n",
        "version": "2.0NRT",
        "bright_ti5": 284.42,
        "frp": 1.11,
        "daynight": "N",
        "source_dataset": "VIIRS_SNPP_NRT",
        "acq_datetime_utc": "2026-09-25T02:30:00Z",
        "age_hours": 19,
        "confidence_label": "nominal",
        "popup_label": "<strong>NASA FIRMS<\/strong><br>Sensor: VIIRS_SNPP_NRT<br>Fecha UTC: 2026-09-25T02:30:00Z<br>Confianza: nominal<br>FRP: 1.11 MW"
      }
    },
    {
      "type": "Feature",
      "geometry": {
        "type": "Point",
        "coordinates": [-7.8387, 41.9407]
      },
      "properties": {
        "bright_ti4": 296.42,
        "scan": 0.41,
        "track": 0.37,
        "acq_date": "2026-09-25",
        "acq_time": "0230",
        "satellite": "N",
        "instrument": "VIIRS",
        "confidence": "n",
        "version": "2.0NRT",
        "bright_ti5": 285.89,
        "frp": 0.8,
        "daynight": "N",
        "source_dataset": "VIIRS_SNPP_NRT",
        "acq_datetime_utc": "2026-09-25T02:30:00Z",
        "age_hours": 19,
        "confidence_label": "nominal",
        "popup_label": "<strong>NASA FIRMS<\/strong><br>Sensor: VIIRS_SNPP_NRT<br>Fecha UTC: 2026-09-25T02:30:00Z<br>Confianza: nominal<br>FRP: 0.8 MW"
      }
    },
    {
      "type": "Feature",
      "geometry": {
        "type": "Point",
        "coordinates": [-7.164, 42.2487]
      },
      "properties": {
        "bright_ti4": 321.24,
        "scan": 0.4,
        "track": 0.37,
        "acq_date": "2026-09-25",
        "acq_time": "0230",
        "satellite": "N",
        "instrument": "VIIRS",
        "confidence": "n",
        "version": "2.0NRT",
        "bright_ti5": 284.92,
        "frp": 1.99,
        "daynight": "N",
        "source_dataset": "VIIRS_SNPP_NRT",
        "acq_datetime_utc": "2026-09-25T02:30:00Z",
        "age_hours": 19,
        "confidence_label": "nominal",
        "popup_label": "<strong>NASA FIRMS<\/strong><br>Sensor: VIIRS_SNPP_NRT<br>Fecha UTC: 2026-09-25T02:30:00Z<br>Confianza: nominal<br>FRP: 1.99 MW"
      }
    },
    {
      "type": "Feature",
      "geometry": {
        "type": "Point",
        "coordinates": [-7.1687, 42.2494]
      },
      "properties": {
        "bright_ti4": 309.06,
        "scan": 0.4,
        "track": 0.37,
        "acq_date": "2026-09-25",
        "acq_time": "0230",
        "satellite": "N",
        "instrument": "VIIRS",
        "confidence": "n",
        "version": "2.0NRT",
        "bright_ti5": 284.42,
        "frp": 16.33,
        "daynight": "N",
        "source_dataset": "VIIRS_SNPP_NRT",
        "acq_datetime_utc": "2026-09-25T02:30:00Z",
        "age_hours": 19,
        "confidence_label": "nominal",
        "popup_label": "<strong>NASA FIRMS<\/strong><br>Sensor: VIIRS_SNPP_NRT<br>Fecha UTC: 2026-09-25T02:30:00Z<br>Confianza: nominal<br>FRP: 16.33 MW"
      }
    },
    {
      "type": "Feature",
      "geometry": {
        "type": "Point",
        "coordinates": [-7.1678, 42.2527]
      },
      "properties": {
        "bright_ti4": 353.38,
        "scan": 0.4,
        "track": 0.37,
        "acq_date": "2026-09-25",
        "acq_time": "0230",
        "satellite": "N",
        "instrument": "VIIRS",
        "confidence": "n",
        "version": "2.0NRT",
        "bright_ti5": 297.29,
        "frp": 16.33,
        "daynight": "N",
        "source_dataset": "VIIRS_SNPP_NRT",
        "acq_datetime_utc": "2026-09-25T02:30:00Z",
        "age_hours": 19,
        "confidence_label": "nominal",
        "popup_label": "<strong>NASA FIRMS<\/strong><br>Sensor: VIIRS_SNPP_NRT<br>Fecha UTC: 2026-09-25T02:30:00Z<br>Confianza: nominal<br>FRP: 16.33 MW"
      }
    },
    {
      "type": "Feature",
      "geometry": {
        "type": "Point",
        "coordinates": [-7.167, 42.2561]
      },
      "properties": {
        "bright_ti4": 333.54,
        "scan": 0.4,
        "track": 0.37,
        "acq_date": "2026-09-25",
        "acq_time": "0230",
        "satellite": "N",
        "instrument": "VIIRS",
        "confidence": "n",
        "version": "2.0NRT",
        "bright_ti5": 286.06,
        "frp": 2.91,
        "daynight": "N",
        "source_dataset": "VIIRS_SNPP_NRT",
        "acq_datetime_utc": "2026-09-25T02:30:00Z",
        "age_hours": 19,
        "confidence_label": "nominal",
        "popup_label": "<strong>NASA FIRMS<\/strong><br>Sensor: VIIRS_SNPP_NRT<br>Fecha UTC: 2026-09-25T02:30:00Z<br>Confianza: nominal<br>FRP: 2.91 MW"
      }
    },
    {
      "type": "Feature",
      "geometry": {
        "type": "Point",
        "coordinates": [-6.7706, 42.5526]
      },
      "properties": {
        "bright_ti4": 297.66,
        "scan": 0.4,
        "track": 0.37,
        "acq_date": "2026-09-25",
        "acq_time": "0230",
        "satellite": "N",
        "instrument": "VIIRS",
        "confidence": "n",
        "version": "2.0NRT",
        "bright_ti5": 285.41,
        "frp": 0.52,
        "daynight": "N",
        "source_dataset": "VIIRS_SNPP_NRT",
        "acq_datetime_utc": "2026-09-25T02:30:00Z",
        "age_hours": 19,
        "confidence_label": "nominal",
        "popup_label": "<strong>NASA FIRMS<\/strong><br>Sensor: VIIRS_SNPP_NRT<br>Fecha UTC: 2026-09-25T02:30:00Z<br>Confianza: nominal<br>FRP: 0.52 MW"
      }
    },
    {
      "type": "Feature",
      "geometry": {
        "type": "Point",
        "coordinates": [1.9992, 42.7131]
      },
      "properties": {
        "bright_ti4": 308.95,
        "scan": 0.39,
        "track": 0.44,
        "acq_date": "2026-09-25",
        "acq_time": "0230",
        "satellite": "N",
        "instrument": "VIIRS",
        "confidence": "n",
        "version": "2.0NRT",
        "bright_ti5": 280.06,
        "frp": 0.7,
        "daynight": "N",
        "source_dataset": "VIIRS_SNPP_NRT",
        "acq_datetime_utc": "2026-09-25T02:30:00Z",
        "age_hours": 19,
        "confidence_label": "nominal",
        "popup_label": "<strong>NASA FIRMS<\/strong><br>Sensor: VIIRS_SNPP_NRT<br>Fecha UTC: 2026-09-25T02:30:00Z<br>Confianza: nominal<br>FRP: 0.7 MW"
      }
    },
    {
      "type": "Feature",
      "geometry": {
        "type": "Point",
        "coordinates": [2.0017, 42.7168]
      },
      "properties": {
        "bright_ti4": 300.74,
        "scan": 0.39,
        "track": 0.44,
        "acq_date": "2026-09-25",
        "acq_time": "0230",
        "satellite": "N",
        "instrument": "VIIRS",
        "confidence": "n",
        "version": "2.0NRT",
        "bright_ti5": 282.03,
        "frp": 0.88,
        "daynight": "N",
        "source_dataset": "VIIRS_SNPP_NRT",
        "acq_datetime_utc": "2026-09-25T02:30:00Z",
        "age_hours": 19,
        "confidence_label": "nominal",
        "popup_label": "<strong>NASA FIRMS<\/strong><br>Sensor: VIIRS_SNPP_NRT<br>Fecha UTC: 2026-09-25T02:30:00Z<br>Confianza: nominal<br>FRP: 0.88 MW"
      }
    },
    {
      "type": "Feature",
      "geometry": {
        "type": "Point",
        "coordinates": [3.0303, 43.023]
      },
      "properties": {
        "bright_ti4": 299.81,
        "scan": 0.43,
        "track": 0.46,
        "acq_date": "2026-09-25",
        "acq_time": "0230",
        "satellite": "N",
        "instrument": "VIIRS",
        "confidence": "n",
        "version": "2.0NRT",
        "bright_ti5": 288.24,
        "frp": 0.52,
        "daynight": "N",
        "source_dataset": "VIIRS_SNPP_NRT",
        "acq_datetime_utc": "2026-09-25T02:30:00Z",
        "age_hours": 19,
        "confidence_label": "nominal",
        "popup_label": "<strong>NASA FIRMS<\/strong><br>Sensor: VIIRS_SNPP_NRT<br>Fecha UTC: 2026-09-25T02:30:00Z<br>Confianza: nominal<br>FRP: 0.52 MW"
      }
    },
    {
      "type": "Feature",
      "geometry": {
        "type": "Point",
        "coordinates": [-5.5576, 43.0275]
      },
      "properties": {
        "bright_ti4": 306.74,
        "scan": 0.39,
        "track": 0.36,
        "acq_date": "2026-09-25",
        "acq_time": "0230",
        "satellite": "N",
        "instrument": "VIIRS",
        "confidence": "n",
        "version": "2.0NRT",
        "bright_ti5": 285.63,
        "frp": 1.1,
        "daynight": "N",
        "source_dataset": "VIIRS_SNPP_NRT",
        "acq_datetime_utc": "2026-09-25T02:30:00Z",
        "age_hours": 19,
        "confidence_label": "nominal",
        "popup_label": "<strong>NASA FIRMS<\/strong><br>Sensor: VIIRS_SNPP_NRT<br>Fecha UTC: 2026-09-25T02:30:00Z<br>Confianza: nominal<br>FRP: 1.1 MW"
      }
    },
    {
      "type": "Feature",
      "geometry": {
        "type": "Point",
        "coordinates": [-5.5623, 43.0283]
      },
      "properties": {
        "bright_ti4": 327.96,
        "scan": 0.39,
        "track": 0.36,
        "acq_date": "2026-09-25",
        "acq_time": "0230",
        "satellite": "N",
        "instrument": "VIIRS",
        "confidence": "n",
        "version": "2.0NRT",
        "bright_ti5": 286.89,
        "frp": 2.83,
        "daynight": "N",
        "source_dataset": "VIIRS_SNPP_NRT",
        "acq_datetime_utc": "2026-09-25T02:30:00Z",
        "age_hours": 19,
        "confidence_label": "nominal",
        "popup_label": "<strong>NASA FIRMS<\/strong><br>Sensor: VIIRS_SNPP_NRT<br>Fecha UTC: 2026-09-25T02:30:00Z<br>Confianza: nominal<br>FRP: 2.83 MW"
      }
    },
    {
      "type": "Feature",
      "geometry": {
        "type": "Point",
        "coordinates": [-5.5614, 43.0316]
      },
      "properties": {
        "bright_ti4": 325.99,
        "scan": 0.39,
        "track": 0.36,
        "acq_date": "2026-09-25",
        "acq_time": "0230",
        "satellite": "N",
        "instrument": "VIIRS",
        "confidence": "n",
        "version": "2.0NRT",
        "bright_ti5": 288.29,
        "frp": 2.45,
        "daynight": "N",
        "source_dataset": "VIIRS_SNPP_NRT",
        "acq_datetime_utc": "2026-09-25T02:30:00Z",
        "age_hours": 19,
        "confidence_label": "nominal",
        "popup_label": "<strong>NASA FIRMS<\/strong><br>Sensor: VIIRS_SNPP_NRT<br>Fecha UTC: 2026-09-25T02:30:00Z<br>Confianza: nominal<br>FRP: 2.45 MW"
      }
    },
    {
      "type": "Feature",
      "geometry": {
        "type": "Point",
        "coordinates": [-2.7721, 43.2056]
      },
      "properties": {
        "bright_ti4": 296.82,
        "scan": 0.4,
        "track": 0.37,
        "acq_date": "2026-09-25",
        "acq_time": "0230",
        "satellite": "N",
        "instrument": "VIIRS",
        "confidence": "n",
        "version": "2.0NRT",
        "bright_ti5": 286.75,
        "frp": 0.11,
        "daynight": "N",
        "source_dataset": "VIIRS_SNPP_NRT",
        "acq_datetime_utc": "2026-09-25T02:30:00Z",
        "age_hours": 19,
        "confidence_label": "nominal",
        "popup_label": "<strong>NASA FIRMS<\/strong><br>Sensor: VIIRS_SNPP_NRT<br>Fecha UTC: 2026-09-25T02:30:00Z<br>Confianza: nominal<br>FRP: 0.11 MW"
      }
    },
    {
      "type": "Feature",
      "geometry": {
        "type": "Point",
        "coordinates": [-4.5964, 43.3092]
      },
      "properties": {
        "bright_ti4": 309.52,
        "scan": 0.38,
        "track": 0.36,
        "acq_date": "2026-09-25",
        "acq_time": "0230",
        "satellite": "N",
        "instrument": "VIIRS",
        "confidence": "n",
        "version": "2.0NRT",
        "bright_ti5": 287.58,
        "frp": 1.01,
        "daynight": "N",
        "source_dataset": "VIIRS_SNPP_NRT",
        "acq_datetime_utc": "2026-09-25T02:30:00Z",
        "age_hours": 19,
        "confidence_label": "nominal",
        "popup_label": "<strong>NASA FIRMS<\/strong><br>Sensor: VIIRS_SNPP_NRT<br>Fecha UTC: 2026-09-25T02:30:00Z<br>Confianza: nominal<br>FRP: 1.01 MW"
      }
    },
    {
      "type": "Feature",
      "geometry": {
        "type": "Point",
        "coordinates": [-3.0054, 43.3176]
      },
      "properties": {
        "bright_ti4": 301.67,
        "scan": 0.4,
        "track": 0.37,
        "acq_date": "2026-09-25",
        "acq_time": "0230",
        "satellite": "N",
        "instrument": "VIIRS",
        "confidence": "n",
        "version": "2.0NRT",
        "bright_ti5": 290.09,
        "frp": 0.74,
        "daynight": "N",
        "source_dataset": "VIIRS_SNPP_NRT",
        "acq_datetime_utc": "2026-09-25T02:30:00Z",
        "age_hours": 19,
        "confidence_label": "nominal",
        "popup_label": "<strong>NASA FIRMS<\/strong><br>Sensor: VIIRS_SNPP_NRT<br>Fecha UTC: 2026-09-25T02:30:00Z<br>Confianza: nominal<br>FRP: 0.74 MW"
      }
    },
    {
      "type": "Feature",
      "geometry": {
        "type": "Point",
        "coordinates": [4.8904, 43.4387]
      },
      "properties": {
        "bright_ti4": 315.56,
        "scan": 0.51,
        "track": 0.5,
        "acq_date": "2026-09-25",
        "acq_time": "0230",
        "satellite": "N",
        "instrument": "VIIRS",
        "confidence": "n",
        "version": "2.0NRT",
        "bright_ti5": 266.67,
        "frp": 3,
        "daynight": "N",
        "source_dataset": "VIIRS_SNPP_NRT",
        "acq_datetime_utc": "2026-09-25T02:30:00Z",
        "age_hours": 19,
        "confidence_label": "nominal",
        "popup_label": "<strong>NASA FIRMS<\/strong><br>Sensor: VIIRS_SNPP_NRT<br>Fecha UTC: 2026-09-25T02:30:00Z<br>Confianza: nominal<br>FRP: 3 MW"
      }
    },
    {
      "type": "Feature",
      "geometry": {
        "type": "Point",
        "coordinates": [4.8985, 43.4415]
      },
      "properties": {
        "bright_ti4": 299.86,
        "scan": 0.51,
        "track": 0.5,
        "acq_date": "2026-09-25",
        "acq_time": "0230",
        "satellite": "N",
        "instrument": "VIIRS",
        "confidence": "n",
        "version": "2.0NRT",
        "bright_ti5": 267.63,
        "frp": 1.29,
        "daynight": "N",
        "source_dataset": "VIIRS_SNPP_NRT",
        "acq_datetime_utc": "2026-09-25T02:30:00Z",
        "age_hours": 19,
        "confidence_label": "nominal",
        "popup_label": "<strong>NASA FIRMS<\/strong><br>Sensor: VIIRS_SNPP_NRT<br>Fecha UTC: 2026-09-25T02:30:00Z<br>Confianza: nominal<br>FRP: 1.29 MW"
      }
    },
    {
      "type": "Feature",
      "geometry": {
        "type": "Point",
        "coordinates": [4.9006, 43.4459]
      },
      "properties": {
        "bright_ti4": 298.35,
        "scan": 0.51,
        "track": 0.5,
        "acq_date": "2026-09-25",
        "acq_time": "0230",
        "satellite": "N",
        "instrument": "VIIRS",
        "confidence": "n",
        "version": "2.0NRT",
        "bright_ti5": 268.18,
        "frp": 1.29,
        "daynight": "N",
        "source_dataset": "VIIRS_SNPP_NRT",
        "acq_datetime_utc": "2026-09-25T02:30:00Z",
        "age_hours": 19,
        "confidence_label": "nominal",
        "popup_label": "<strong>NASA FIRMS<\/strong><br>Sensor: VIIRS_SNPP_NRT<br>Fecha UTC: 2026-09-25T02:30:00Z<br>Confianza: nominal<br>FRP: 1.29 MW"
      }
    },
    {
      "type": "Feature",
      "geometry": {
        "type": "Point",
        "coordinates": [4.8945, 43.4474]
      },
      "properties": {
        "bright_ti4": 311.66,
        "scan": 0.51,
        "track": 0.5,
        "acq_date": "2026-09-25",
        "acq_time": "0230",
        "satellite": "N",
        "instrument": "VIIRS",
        "confidence": "n",
        "version": "2.0NRT",
        "bright_ti5": 269.15,
        "frp": 1.29,
        "daynight": "N",
        "source_dataset": "VIIRS_SNPP_NRT",
        "acq_datetime_utc": "2026-09-25T02:30:00Z",
        "age_hours": 19,
        "confidence_label": "nominal",
        "popup_label": "<strong>NASA FIRMS<\/strong><br>Sensor: VIIRS_SNPP_NRT<br>Fecha UTC: 2026-09-25T02:30:00Z<br>Confianza: nominal<br>FRP: 1.29 MW"
      }
    },
    {
      "type": "Feature",
      "geometry": {
        "type": "Point",
        "coordinates": [-5.7267, 43.5227]
      },
      "properties": {
        "bright_ti4": 312.79,
        "scan": 0.39,
        "track": 0.36,
        "acq_date": "2026-09-25",
        "acq_time": "0230",
        "satellite": "N",
        "instrument": "VIIRS",
        "confidence": "n",
        "version": "2.0NRT",
        "bright_ti5": 288.74,
        "frp": 0.85,
        "daynight": "N",
        "source_dataset": "VIIRS_SNPP_NRT",
        "acq_datetime_utc": "2026-09-25T02:30:00Z",
        "age_hours": 19,
        "confidence_label": "nominal",
        "popup_label": "<strong>NASA FIRMS<\/strong><br>Sensor: VIIRS_SNPP_NRT<br>Fecha UTC: 2026-09-25T02:30:00Z<br>Confianza: nominal<br>FRP: 0.85 MW"
      }
    },
    {
      "type": "Feature",
      "geometry": {
        "type": "Point",
        "coordinates": [-5.7314, 43.5234]
      },
      "properties": {
        "bright_ti4": 300.52,
        "scan": 0.39,
        "track": 0.36,
        "acq_date": "2026-09-25",
        "acq_time": "0230",
        "satellite": "N",
        "instrument": "VIIRS",
        "confidence": "n",
        "version": "2.0NRT",
        "bright_ti5": 289.15,
        "frp": 3.73,
        "daynight": "N",
        "source_dataset": "VIIRS_SNPP_NRT",
        "acq_datetime_utc": "2026-09-25T02:30:00Z",
        "age_hours": 19,
        "confidence_label": "nominal",
        "popup_label": "<strong>NASA FIRMS<\/strong><br>Sensor: VIIRS_SNPP_NRT<br>Fecha UTC: 2026-09-25T02:30:00Z<br>Confianza: nominal<br>FRP: 3.73 MW"
      }
    },
    {
      "type": "Feature",
      "geometry": {
        "type": "Point",
        "coordinates": [-5.7362, 43.5241]
      },
      "properties": {
        "bright_ti4": 338.13,
        "scan": 0.39,
        "track": 0.36,
        "acq_date": "2026-09-25",
        "acq_time": "0230",
        "satellite": "N",
        "instrument": "VIIRS",
        "confidence": "n",
        "version": "2.0NRT",
        "bright_ti5": 291.53,
        "frp": 3.73,
        "daynight": "N",
        "source_dataset": "VIIRS_SNPP_NRT",
        "acq_datetime_utc": "2026-09-25T02:30:00Z",
        "age_hours": 19,
        "confidence_label": "nominal",
        "popup_label": "<strong>NASA FIRMS<\/strong><br>Sensor: VIIRS_SNPP_NRT<br>Fecha UTC: 2026-09-25T02:30:00Z<br>Confianza: nominal<br>FRP: 3.73 MW"
      }
    },
    {
      "type": "Feature",
      "geometry": {
        "type": "Point",
        "coordinates": [-5.7286, 43.5246]
      },
      "properties": {
        "bright_ti4": 331.21,
        "scan": 0.39,
        "track": 0.36,
        "acq_date": "2026-09-25",
        "acq_time": "0230",
        "satellite": "N",
        "instrument": "VIIRS",
        "confidence": "n",
        "version": "2.0NRT",
        "bright_ti5": 291.27,
        "frp": 1.34,
        "daynight": "N",
        "source_dataset": "VIIRS_SNPP_NRT",
        "acq_datetime_utc": "2026-09-25T02:30:00Z",
        "age_hours": 19,
        "confidence_label": "nominal",
        "popup_label": "<strong>NASA FIRMS<\/strong><br>Sensor: VIIRS_SNPP_NRT<br>Fecha UTC: 2026-09-25T02:30:00Z<br>Confianza: nominal<br>FRP: 1.34 MW"
      }
    },
    {
      "type": "Feature",
      "geometry": {
        "type": "Point",
        "coordinates": [-5.7334, 43.5253]
      },
      "properties": {
        "bright_ti4": 330.25,
        "scan": 0.39,
        "track": 0.36,
        "acq_date": "2026-09-25",
        "acq_time": "0230",
        "satellite": "N",
        "instrument": "VIIRS",
        "confidence": "n",
        "version": "2.0NRT",
        "bright_ti5": 291.64,
        "frp": 1.87,
        "daynight": "N",
        "source_dataset": "VIIRS_SNPP_NRT",
        "acq_datetime_utc": "2026-09-25T02:30:00Z",
        "age_hours": 19,
        "confidence_label": "nominal",
        "popup_label": "<strong>NASA FIRMS<\/strong><br>Sensor: VIIRS_SNPP_NRT<br>Fecha UTC: 2026-09-25T02:30:00Z<br>Confianza: nominal<br>FRP: 1.87 MW"
      }
    },
    {
      "type": "Feature",
      "geometry": {
        "type": "Point",
        "coordinates": [-5.7381, 43.5261]
      },
      "properties": {
        "bright_ti4": 311.5,
        "scan": 0.39,
        "track": 0.36,
        "acq_date": "2026-09-25",
        "acq_time": "0230",
        "satellite": "N",
        "instrument": "VIIRS",
        "confidence": "n",
        "version": "2.0NRT",
        "bright_ti5": 288.57,
        "frp": 1.87,
        "daynight": "N",
        "source_dataset": "VIIRS_SNPP_NRT",
        "acq_datetime_utc": "2026-09-25T02:30:00Z",
        "age_hours": 19,
        "confidence_label": "nominal",
        "popup_label": "<strong>NASA FIRMS<\/strong><br>Sensor: VIIRS_SNPP_NRT<br>Fecha UTC: 2026-09-25T02:30:00Z<br>Confianza: nominal<br>FRP: 1.87 MW"
      }
    },
    {
      "type": "Feature",
      "geometry": {
        "type": "Point",
        "coordinates": [-5.7277, 43.5279]
      },
      "properties": {
        "bright_ti4": 300.93,
        "scan": 0.39,
        "track": 0.36,
        "acq_date": "2026-09-25",
        "acq_time": "0230",
        "satellite": "N",
        "instrument": "VIIRS",
        "confidence": "n",
        "version": "2.0NRT",
        "bright_ti5": 290.3,
        "frp": 1.34,
        "daynight": "N",
        "source_dataset": "VIIRS_SNPP_NRT",
        "acq_datetime_utc": "2026-09-25T02:30:00Z",
        "age_hours": 19,
        "confidence_label": "nominal",
        "popup_label": "<strong>NASA FIRMS<\/strong><br>Sensor: VIIRS_SNPP_NRT<br>Fecha UTC: 2026-09-25T02:30:00Z<br>Confianza: nominal<br>FRP: 1.34 MW"
      }
    },
    {
      "type": "Feature",
      "geometry": {
        "type": "Point",
        "coordinates": [-5.7324, 43.5286]
      },
      "properties": {
        "bright_ti4": 306.85,
        "scan": 0.39,
        "track": 0.36,
        "acq_date": "2026-09-25",
        "acq_time": "0230",
        "satellite": "N",
        "instrument": "VIIRS",
        "confidence": "n",
        "version": "2.0NRT",
        "bright_ti5": 289.76,
        "frp": 1.87,
        "daynight": "N",
        "source_dataset": "VIIRS_SNPP_NRT",
        "acq_datetime_utc": "2026-09-25T02:30:00Z",
        "age_hours": 19,
        "confidence_label": "nominal",
        "popup_label": "<strong>NASA FIRMS<\/strong><br>Sensor: VIIRS_SNPP_NRT<br>Fecha UTC: 2026-09-25T02:30:00Z<br>Confianza: nominal<br>FRP: 1.87 MW"
      }
    },
    {
      "type": "Feature",
      "geometry": {
        "type": "Point",
        "coordinates": [-5.8316, 43.5384]
      },
      "properties": {
        "bright_ti4": 331.34,
        "scan": 0.39,
        "track": 0.36,
        "acq_date": "2026-09-25",
        "acq_time": "0230",
        "satellite": "N",
        "instrument": "VIIRS",
        "confidence": "n",
        "version": "2.0NRT",
        "bright_ti5": 290.31,
        "frp": 4.64,
        "daynight": "N",
        "source_dataset": "VIIRS_SNPP_NRT",
        "acq_datetime_utc": "2026-09-25T02:30:00Z",
        "age_hours": 19,
        "confidence_label": "nominal",
        "popup_label": "<strong>NASA FIRMS<\/strong><br>Sensor: VIIRS_SNPP_NRT<br>Fecha UTC: 2026-09-25T02:30:00Z<br>Confianza: nominal<br>FRP: 4.64 MW"
      }
    },
    {
      "type": "Feature",
      "geometry": {
        "type": "Point",
        "coordinates": [-5.8288, 43.5395]
      },
      "properties": {
        "bright_ti4": 301,
        "scan": 0.39,
        "track": 0.36,
        "acq_date": "2026-09-25",
        "acq_time": "0230",
        "satellite": "N",
        "instrument": "VIIRS",
        "confidence": "n",
        "version": "2.0NRT",
        "bright_ti5": 289.51,
        "frp": 2.66,
        "daynight": "N",
        "source_dataset": "VIIRS_SNPP_NRT",
        "acq_datetime_utc": "2026-09-25T02:30:00Z",
        "age_hours": 19,
        "confidence_label": "nominal",
        "popup_label": "<strong>NASA FIRMS<\/strong><br>Sensor: VIIRS_SNPP_NRT<br>Fecha UTC: 2026-09-25T02:30:00Z<br>Confianza: nominal<br>FRP: 2.66 MW"
      }
    },
    {
      "type": "Feature",
      "geometry": {
        "type": "Point",
        "coordinates": [-5.8336, 43.5402]
      },
      "properties": {
        "bright_ti4": 329.51,
        "scan": 0.39,
        "track": 0.36,
        "acq_date": "2026-09-25",
        "acq_time": "0230",
        "satellite": "N",
        "instrument": "VIIRS",
        "confidence": "n",
        "version": "2.0NRT",
        "bright_ti5": 291.92,
        "frp": 2.66,
        "daynight": "N",
        "source_dataset": "VIIRS_SNPP_NRT",
        "acq_datetime_utc": "2026-09-25T02:30:00Z",
        "age_hours": 19,
        "confidence_label": "nominal",
        "popup_label": "<strong>NASA FIRMS<\/strong><br>Sensor: VIIRS_SNPP_NRT<br>Fecha UTC: 2026-09-25T02:30:00Z<br>Confianza: nominal<br>FRP: 2.66 MW"
      }
    },
    {
      "type": "Feature",
      "geometry": {
        "type": "Point",
        "coordinates": [3.9874, 32.2751]
      },
      "properties": {
        "bright_ti4": 316.58,
        "scan": 0.5,
        "track": 0.66,
        "acq_date": "2026-09-25",
        "acq_time": "0052",
        "satellite": "N",
        "instrument": "VIIRS",
        "confidence": "n",
        "version": "2.0NRT",
        "bright_ti5": 289.72,
        "frp": 1.62,
        "daynight": "N",
        "source_dataset": "VIIRS_SNPP_NRT",
        "acq_datetime_utc": "2026-09-25T00:52:00Z",
        "age_hours": 20.7,
        "confidence_label": "nominal",
        "popup_label": "<strong>NASA FIRMS<\/strong><br>Sensor: VIIRS_SNPP_NRT<br>Fecha UTC: 2026-09-25T00:52:00Z<br>Confianza: nominal<br>FRP: 1.62 MW"
      }
    },
    {
      "type": "Feature",
      "geometry": {
        "type": "Point",
        "coordinates": [4.0038, 32.4034]
      },
      "properties": {
        "bright_ti4": 303.45,
        "scan": 0.5,
        "track": 0.66,
        "acq_date": "2026-09-25",
        "acq_time": "0052",
        "satellite": "N",
        "instrument": "VIIRS",
        "confidence": "n",
        "version": "2.0NRT",
        "bright_ti5": 289.28,
        "frp": 1.22,
        "daynight": "N",
        "source_dataset": "VIIRS_SNPP_NRT",
        "acq_datetime_utc": "2026-09-25T00:52:00Z",
        "age_hours": 20.7,
        "confidence_label": "nominal",
        "popup_label": "<strong>NASA FIRMS<\/strong><br>Sensor: VIIRS_SNPP_NRT<br>Fecha UTC: 2026-09-25T00:52:00Z<br>Confianza: nominal<br>FRP: 1.22 MW"
      }
    },
    {
      "type": "Feature",
      "geometry": {
        "type": "Point",
        "coordinates": [3.1704, 32.5568]
      },
      "properties": {
        "bright_ti4": 306.9,
        "scan": 0.56,
        "track": 0.69,
        "acq_date": "2026-09-25",
        "acq_time": "0052",
        "satellite": "N",
        "instrument": "VIIRS",
        "confidence": "n",
        "version": "2.0NRT",
        "bright_ti5": 287.02,
        "frp": 0.71,
        "daynight": "N",
        "source_dataset": "VIIRS_SNPP_NRT",
        "acq_datetime_utc": "2026-09-25T00:52:00Z",
        "age_hours": 20.7,
        "confidence_label": "nominal",
        "popup_label": "<strong>NASA FIRMS<\/strong><br>Sensor: VIIRS_SNPP_NRT<br>Fecha UTC: 2026-09-25T00:52:00Z<br>Confianza: nominal<br>FRP: 0.71 MW"
      }
    },
    {
      "type": "Feature",
      "geometry": {
        "type": "Point",
        "coordinates": [3.1643, 32.5571]
      },
      "properties": {
        "bright_ti4": 296.75,
        "scan": 0.56,
        "track": 0.69,
        "acq_date": "2026-09-25",
        "acq_time": "0052",
        "satellite": "N",
        "instrument": "VIIRS",
        "confidence": "n",
        "version": "2.0NRT",
        "bright_ti5": 286,
        "frp": 0.71,
        "daynight": "N",
        "source_dataset": "VIIRS_SNPP_NRT",
        "acq_datetime_utc": "2026-09-25T00:52:00Z",
        "age_hours": 20.7,
        "confidence_label": "nominal",
        "popup_label": "<strong>NASA FIRMS<\/strong><br>Sensor: VIIRS_SNPP_NRT<br>Fecha UTC: 2026-09-25T00:52:00Z<br>Confianza: nominal<br>FRP: 0.71 MW"
      }
    },
    {
      "type": "Feature",
      "geometry": {
        "type": "Point",
        "coordinates": [3.1705, 32.5576]
      },
      "properties": {
        "bright_ti4": 297.9,
        "scan": 0.56,
        "track": 0.69,
        "acq_date": "2026-09-25",
        "acq_time": "0052",
        "satellite": "N",
        "instrument": "VIIRS",
        "confidence": "n",
        "version": "2.0NRT",
        "bright_ti5": 286.61,
        "frp": 0.8,
        "daynight": "N",
        "source_dataset": "VIIRS_SNPP_NRT",
        "acq_datetime_utc": "2026-09-25T00:52:00Z",
        "age_hours": 20.7,
        "confidence_label": "nominal",
        "popup_label": "<strong>NASA FIRMS<\/strong><br>Sensor: VIIRS_SNPP_NRT<br>Fecha UTC: 2026-09-25T00:52:00Z<br>Confianza: nominal<br>FRP: 0.8 MW"
      }
    },
    {
      "type": "Feature",
      "geometry": {
        "type": "Point",
        "coordinates": [3.1844, 32.7445]
      },
      "properties": {
        "bright_ti4": 307.48,
        "scan": 0.56,
        "track": 0.69,
        "acq_date": "2026-09-25",
        "acq_time": "0052",
        "satellite": "N",
        "instrument": "VIIRS",
        "confidence": "n",
        "version": "2.0NRT",
        "bright_ti5": 287.51,
        "frp": 1.59,
        "daynight": "N",
        "source_dataset": "VIIRS_SNPP_NRT",
        "acq_datetime_utc": "2026-09-25T00:52:00Z",
        "age_hours": 20.7,
        "confidence_label": "nominal",
        "popup_label": "<strong>NASA FIRMS<\/strong><br>Sensor: VIIRS_SNPP_NRT<br>Fecha UTC: 2026-09-25T00:52:00Z<br>Confianza: nominal<br>FRP: 1.59 MW"
      }
    },
    {
      "type": "Feature",
      "geometry": {
        "type": "Point",
        "coordinates": [3.1782, 32.7448]
      },
      "properties": {
        "bright_ti4": 307.27,
        "scan": 0.56,
        "track": 0.69,
        "acq_date": "2026-09-25",
        "acq_time": "0052",
        "satellite": "N",
        "instrument": "VIIRS",
        "confidence": "n",
        "version": "2.0NRT",
        "bright_ti5": 287.83,
        "frp": 1.59,
        "daynight": "N",
        "source_dataset": "VIIRS_SNPP_NRT",
        "acq_datetime_utc": "2026-09-25T00:52:00Z",
        "age_hours": 20.7,
        "confidence_label": "nominal",
        "popup_label": "<strong>NASA FIRMS<\/strong><br>Sensor: VIIRS_SNPP_NRT<br>Fecha UTC: 2026-09-25T00:52:00Z<br>Confianza: nominal<br>FRP: 1.59 MW"
      }
    },
    {
      "type": "Feature",
      "geometry": {
        "type": "Point",
        "coordinates": [3.2405, 32.8397]
      },
      "properties": {
        "bright_ti4": 301.22,
        "scan": 0.56,
        "track": 0.69,
        "acq_date": "2026-09-25",
        "acq_time": "0052",
        "satellite": "N",
        "instrument": "VIIRS",
        "confidence": "n",
        "version": "2.0NRT",
        "bright_ti5": 287.62,
        "frp": 0.54,
        "daynight": "N",
        "source_dataset": "VIIRS_SNPP_NRT",
        "acq_datetime_utc": "2026-09-25T00:52:00Z",
        "age_hours": 20.7,
        "confidence_label": "nominal",
        "popup_label": "<strong>NASA FIRMS<\/strong><br>Sensor: VIIRS_SNPP_NRT<br>Fecha UTC: 2026-09-25T00:52:00Z<br>Confianza: nominal<br>FRP: 0.54 MW"
      }
    },
    {
      "type": "Feature",
      "geometry": {
        "type": "Point",
        "coordinates": [3.2426, 32.9305]
      },
      "properties": {
        "bright_ti4": 302.2,
        "scan": 0.56,
        "track": 0.69,
        "acq_date": "2026-09-25",
        "acq_time": "0052",
        "satellite": "N",
        "instrument": "VIIRS",
        "confidence": "n",
        "version": "2.0NRT",
        "bright_ti5": 287.98,
        "frp": 1.25,
        "daynight": "N",
        "source_dataset": "VIIRS_SNPP_NRT",
        "acq_datetime_utc": "2026-09-25T00:52:00Z",
        "age_hours": 20.7,
        "confidence_label": "nominal",
        "popup_label": "<strong>NASA FIRMS<\/strong><br>Sensor: VIIRS_SNPP_NRT<br>Fecha UTC: 2026-09-25T00:52:00Z<br>Confianza: nominal<br>FRP: 1.25 MW"
      }
    },
    {
      "type": "Feature",
      "geometry": {
        "type": "Point",
        "coordinates": [3.2301, 32.931]
      },
      "properties": {
        "bright_ti4": 305.14,
        "scan": 0.56,
        "track": 0.69,
        "acq_date": "2026-09-25",
        "acq_time": "0052",
        "satellite": "N",
        "instrument": "VIIRS",
        "confidence": "n",
        "version": "2.0NRT",
        "bright_ti5": 287.34,
        "frp": 1.43,
        "daynight": "N",
        "source_dataset": "VIIRS_SNPP_NRT",
        "acq_datetime_utc": "2026-09-25T00:52:00Z",
        "age_hours": 20.7,
        "confidence_label": "nominal",
        "popup_label": "<strong>NASA FIRMS<\/strong><br>Sensor: VIIRS_SNPP_NRT<br>Fecha UTC: 2026-09-25T00:52:00Z<br>Confianza: nominal<br>FRP: 1.43 MW"
      }
    },
    {
      "type": "Feature",
      "geometry": {
        "type": "Point",
        "coordinates": [3.2238, 32.9313]
      },
      "properties": {
        "bright_ti4": 298.35,
        "scan": 0.56,
        "track": 0.69,
        "acq_date": "2026-09-25",
        "acq_time": "0052",
        "satellite": "N",
        "instrument": "VIIRS",
        "confidence": "n",
        "version": "2.0NRT",
        "bright_ti5": 287.43,
        "frp": 2.18,
        "daynight": "N",
        "source_dataset": "VIIRS_SNPP_NRT",
        "acq_datetime_utc": "2026-09-25T00:52:00Z",
        "age_hours": 20.7,
        "confidence_label": "nominal",
        "popup_label": "<strong>NASA FIRMS<\/strong><br>Sensor: VIIRS_SNPP_NRT<br>Fecha UTC: 2026-09-25T00:52:00Z<br>Confianza: nominal<br>FRP: 2.18 MW"
      }
    },
    {
      "type": "Feature",
      "geometry": {
        "type": "Point",
        "coordinates": [3.2368, 32.9372]
      },
      "properties": {
        "bright_ti4": 301.62,
        "scan": 0.56,
        "track": 0.69,
        "acq_date": "2026-09-25",
        "acq_time": "0052",
        "satellite": "N",
        "instrument": "VIIRS",
        "confidence": "n",
        "version": "2.0NRT",
        "bright_ti5": 287.75,
        "frp": 1.43,
        "daynight": "N",
        "source_dataset": "VIIRS_SNPP_NRT",
        "acq_datetime_utc": "2026-09-25T00:52:00Z",
        "age_hours": 20.7,
        "confidence_label": "nominal",
        "popup_label": "<strong>NASA FIRMS<\/strong><br>Sensor: VIIRS_SNPP_NRT<br>Fecha UTC: 2026-09-25T00:52:00Z<br>Confianza: nominal<br>FRP: 1.43 MW"
      }
    },
    {
      "type": "Feature",
      "geometry": {
        "type": "Point",
        "coordinates": [3.2305, 32.9375]
      },
      "properties": {
        "bright_ti4": 312.94,
        "scan": 0.56,
        "track": 0.69,
        "acq_date": "2026-09-25",
        "acq_time": "0052",
        "satellite": "N",
        "instrument": "VIIRS",
        "confidence": "n",
        "version": "2.0NRT",
        "bright_ti5": 287.92,
        "frp": 1.43,
        "daynight": "N",
        "source_dataset": "VIIRS_SNPP_NRT",
        "acq_datetime_utc": "2026-09-25T00:52:00Z",
        "age_hours": 20.7,
        "confidence_label": "nominal",
        "popup_label": "<strong>NASA FIRMS<\/strong><br>Sensor: VIIRS_SNPP_NRT<br>Fecha UTC: 2026-09-25T00:52:00Z<br>Confianza: nominal<br>FRP: 1.43 MW"
      }
    },
    {
      "type": "Feature",
      "geometry": {
        "type": "Point",
        "coordinates": [3.231, 32.9439]
      },
      "properties": {
        "bright_ti4": 310.52,
        "scan": 0.56,
        "track": 0.69,
        "acq_date": "2026-09-25",
        "acq_time": "0052",
        "satellite": "N",
        "instrument": "VIIRS",
        "confidence": "n",
        "version": "2.0NRT",
        "bright_ti5": 288.42,
        "frp": 13.32,
        "daynight": "N",
        "source_dataset": "VIIRS_SNPP_NRT",
        "acq_datetime_utc": "2026-09-25T00:52:00Z",
        "age_hours": 20.7,
        "confidence_label": "nominal",
        "popup_label": "<strong>NASA FIRMS<\/strong><br>Sensor: VIIRS_SNPP_NRT<br>Fecha UTC: 2026-09-25T00:52:00Z<br>Confianza: nominal<br>FRP: 13.32 MW"
      }
    },
    {
      "type": "Feature",
      "geometry": {
        "type": "Point",
        "coordinates": [3.2247, 32.9442]
      },
      "properties": {
        "bright_ti4": 318.4,
        "scan": 0.56,
        "track": 0.69,
        "acq_date": "2026-09-25",
        "acq_time": "0052",
        "satellite": "N",
        "instrument": "VIIRS",
        "confidence": "n",
        "version": "2.0NRT",
        "bright_ti5": 287.96,
        "frp": 15.29,
        "daynight": "N",
        "source_dataset": "VIIRS_SNPP_NRT",
        "acq_datetime_utc": "2026-09-25T00:52:00Z",
        "age_hours": 20.7,
        "confidence_label": "nominal",
        "popup_label": "<strong>NASA FIRMS<\/strong><br>Sensor: VIIRS_SNPP_NRT<br>Fecha UTC: 2026-09-25T00:52:00Z<br>Confianza: nominal<br>FRP: 15.29 MW"
      }
    },
    {
      "type": "Feature",
      "geometry": {
        "type": "Point",
        "coordinates": [3.2315, 32.9503]
      },
      "properties": {
        "bright_ti4": 351.48,
        "scan": 0.56,
        "track": 0.69,
        "acq_date": "2026-09-25",
        "acq_time": "0052",
        "satellite": "N",
        "instrument": "VIIRS",
        "confidence": "n",
        "version": "2.0NRT",
        "bright_ti5": 289.77,
        "frp": 13.32,
        "daynight": "N",
        "source_dataset": "VIIRS_SNPP_NRT",
        "acq_datetime_utc": "2026-09-25T00:52:00Z",
        "age_hours": 20.7,
        "confidence_label": "nominal",
        "popup_label": "<strong>NASA FIRMS<\/strong><br>Sensor: VIIRS_SNPP_NRT<br>Fecha UTC: 2026-09-25T00:52:00Z<br>Confianza: nominal<br>FRP: 13.32 MW"
      }
    },
    {
      "type": "Feature",
      "geometry": {
        "type": "Point",
        "coordinates": [3.2253, 32.9506]
      },
      "properties": {
        "bright_ti4": 367,
        "scan": 0.56,
        "track": 0.69,
        "acq_date": "2026-09-25",
        "acq_time": "0052",
        "satellite": "N",
        "instrument": "VIIRS",
        "confidence": "h",
        "version": "2.0NRT",
        "bright_ti5": 291.55,
        "frp": 15.29,
        "daynight": "N",
        "source_dataset": "VIIRS_SNPP_NRT",
        "acq_datetime_utc": "2026-09-25T00:52:00Z",
        "age_hours": 20.7,
        "confidence_label": "alta",
        "popup_label": "<strong>NASA FIRMS<\/strong><br>Sensor: VIIRS_SNPP_NRT<br>Fecha UTC: 2026-09-25T00:52:00Z<br>Confianza: alta<br>FRP: 15.29 MW"
      }
    },
    {
      "type": "Feature",
      "geometry": {
        "type": "Point",
        "coordinates": [3.2191, 32.9509]
      },
      "properties": {
        "bright_ti4": 302.64,
        "scan": 0.56,
        "track": 0.69,
        "acq_date": "2026-09-25",
        "acq_time": "0052",
        "satellite": "N",
        "instrument": "VIIRS",
        "confidence": "n",
        "version": "2.0NRT",
        "bright_ti5": 288.34,
        "frp": 15.29,
        "daynight": "N",
        "source_dataset": "VIIRS_SNPP_NRT",
        "acq_datetime_utc": "2026-09-25T00:52:00Z",
        "age_hours": 20.7,
        "confidence_label": "nominal",
        "popup_label": "<strong>NASA FIRMS<\/strong><br>Sensor: VIIRS_SNPP_NRT<br>Fecha UTC: 2026-09-25T00:52:00Z<br>Confianza: nominal<br>FRP: 15.29 MW"
      }
    },
    {
      "type": "Feature",
      "geometry": {
        "type": "Point",
        "coordinates": [3.3181, 33.1285]
      },
      "properties": {
        "bright_ti4": 305.45,
        "scan": 0.56,
        "track": 0.68,
        "acq_date": "2026-09-25",
        "acq_time": "0052",
        "satellite": "N",
        "instrument": "VIIRS",
        "confidence": "n",
        "version": "2.0NRT",
        "bright_ti5": 288.53,
        "frp": 2.15,
        "daynight": "N",
        "source_dataset": "VIIRS_SNPP_NRT",
        "acq_datetime_utc": "2026-09-25T00:52:00Z",
        "age_hours": 20.7,
        "confidence_label": "nominal",
        "popup_label": "<strong>NASA FIRMS<\/strong><br>Sensor: VIIRS_SNPP_NRT<br>Fecha UTC: 2026-09-25T00:52:00Z<br>Confianza: nominal<br>FRP: 2.15 MW"
      }
    },
    {
      "type": "Feature",
      "geometry": {
        "type": "Point",
        "coordinates": [4.4745, 35.7084]
      },
      "properties": {
        "bright_ti4": 302.29,
        "scan": 0.5,
        "track": 0.66,
        "acq_date": "2026-09-25",
        "acq_time": "0052",
        "satellite": "N",
        "instrument": "VIIRS",
        "confidence": "n",
        "version": "2.0NRT",
        "bright_ti5": 290.42,
        "frp": 0.63,
        "daynight": "N",
        "source_dataset": "VIIRS_SNPP_NRT",
        "acq_datetime_utc": "2026-09-25T00:52:00Z",
        "age_hours": 20.7,
        "confidence_label": "nominal",
        "popup_label": "<strong>NASA FIRMS<\/strong><br>Sensor: VIIRS_SNPP_NRT<br>Fecha UTC: 2026-09-25T00:52:00Z<br>Confianza: nominal<br>FRP: 0.63 MW"
      }
    },
    {
      "type": "Feature",
      "geometry": {
        "type": "Point",
        "coordinates": [1.2403, 36.1272]
      },
      "properties": {
        "bright_ti4": 305.58,
        "scan": 0.76,
        "track": 0.77,
        "acq_date": "2026-09-25",
        "acq_time": "0052",
        "satellite": "N",
        "instrument": "VIIRS",
        "confidence": "n",
        "version": "2.0NRT",
        "bright_ti5": 291.68,
        "frp": 1.79,
        "daynight": "N",
        "source_dataset": "VIIRS_SNPP_NRT",
        "acq_datetime_utc": "2026-09-25T00:52:00Z",
        "age_hours": 20.7,
        "confidence_label": "nominal",
        "popup_label": "<strong>NASA FIRMS<\/strong><br>Sensor: VIIRS_SNPP_NRT<br>Fecha UTC: 2026-09-25T00:52:00Z<br>Confianza: nominal<br>FRP: 1.79 MW"
      }
    },
    {
      "type": "Feature",
      "geometry": {
        "type": "Point",
        "coordinates": [1.2413, 36.1287]
      },
      "properties": {
        "bright_ti4": 303.59,
        "scan": 0.76,
        "track": 0.77,
        "acq_date": "2026-09-25",
        "acq_time": "0050",
        "satellite": "N",
        "instrument": "VIIRS",
        "confidence": "n",
        "version": "2.0NRT",
        "bright_ti5": 291.68,
        "frp": 1.41,
        "daynight": "N",
        "source_dataset": "VIIRS_SNPP_NRT",
        "acq_datetime_utc": "2026-09-25T00:50:00Z",
        "age_hours": 20.7,
        "confidence_label": "nominal",
        "popup_label": "<strong>NASA FIRMS<\/strong><br>Sensor: VIIRS_SNPP_NRT<br>Fecha UTC: 2026-09-25T00:50:00Z<br>Confianza: nominal<br>FRP: 1.41 MW"
      }
    },
    {
      "type": "Feature",
      "geometry": {
        "type": "Point",
        "coordinates": [2.8778, 36.5977]
      },
      "properties": {
        "bright_ti4": 300.44,
        "scan": 0.62,
        "track": 0.71,
        "acq_date": "2026-09-25",
        "acq_time": "0050",
        "satellite": "N",
        "instrument": "VIIRS",
        "confidence": "n",
        "version": "2.0NRT",
        "bright_ti5": 290.41,
        "frp": 0.49,
        "daynight": "N",
        "source_dataset": "VIIRS_SNPP_NRT",
        "acq_datetime_utc": "2026-09-25T00:50:00Z",
        "age_hours": 20.7,
        "confidence_label": "nominal",
        "popup_label": "<strong>NASA FIRMS<\/strong><br>Sensor: VIIRS_SNPP_NRT<br>Fecha UTC: 2026-09-25T00:50:00Z<br>Confianza: nominal<br>FRP: 0.49 MW"
      }
    },
    {
      "type": "Feature",
      "geometry": {
        "type": "Point",
        "coordinates": [3.1185, 36.6804]
      },
      "properties": {
        "bright_ti4": 305.52,
        "scan": 0.6,
        "track": 0.71,
        "acq_date": "2026-09-25",
        "acq_time": "0050",
        "satellite": "N",
        "instrument": "VIIRS",
        "confidence": "n",
        "version": "2.0NRT",
        "bright_ti5": 291.89,
        "frp": 0.55,
        "daynight": "N",
        "source_dataset": "VIIRS_SNPP_NRT",
        "acq_datetime_utc": "2026-09-25T00:50:00Z",
        "age_hours": 20.7,
        "confidence_label": "nominal",
        "popup_label": "<strong>NASA FIRMS<\/strong><br>Sensor: VIIRS_SNPP_NRT<br>Fecha UTC: 2026-09-25T00:50:00Z<br>Confianza: nominal<br>FRP: 0.55 MW"
      }
    },
    {
      "type": "Feature",
      "geometry": {
        "type": "Point",
        "coordinates": [1.9924, 42.7174]
      },
      "properties": {
        "bright_ti4": 304.8,
        "scan": 0.74,
        "track": 0.76,
        "acq_date": "2026-09-25",
        "acq_time": "0050",
        "satellite": "N",
        "instrument": "VIIRS",
        "confidence": "n",
        "version": "2.0NRT",
        "bright_ti5": 264.43,
        "frp": 4.21,
        "daynight": "N",
        "source_dataset": "VIIRS_SNPP_NRT",
        "acq_datetime_utc": "2026-09-25T00:50:00Z",
        "age_hours": 20.7,
        "confidence_label": "nominal",
        "popup_label": "<strong>NASA FIRMS<\/strong><br>Sensor: VIIRS_SNPP_NRT<br>Fecha UTC: 2026-09-25T00:50:00Z<br>Confianza: nominal<br>FRP: 4.21 MW"
      }
    },
    {
      "type": "Feature",
      "geometry": {
        "type": "Point",
        "coordinates": [1.9996, 42.7175]
      },
      "properties": {
        "bright_ti4": 304.99,
        "scan": 0.74,
        "track": 0.76,
        "acq_date": "2026-09-25",
        "acq_time": "0050",
        "satellite": "N",
        "instrument": "VIIRS",
        "confidence": "n",
        "version": "2.0NRT",
        "bright_ti5": 267.26,
        "frp": 4.23,
        "daynight": "N",
        "source_dataset": "VIIRS_SNPP_NRT",
        "acq_datetime_utc": "2026-09-25T00:50:00Z",
        "age_hours": 20.7,
        "confidence_label": "nominal",
        "popup_label": "<strong>NASA FIRMS<\/strong><br>Sensor: VIIRS_SNPP_NRT<br>Fecha UTC: 2026-09-25T00:50:00Z<br>Confianza: nominal<br>FRP: 4.23 MW"
      }
    },
    {
      "type": "Feature",
      "geometry": {
        "type": "Point",
        "coordinates": [-5.8341, 42.5396]
      },
      "properties": {
        "bright_ti4": 332.26,
        "scan": 0.33,
        "track": 0.55,
        "acq_date": "2026-09-24",
        "acq_time": "1414",
        "satellite": "N",
        "instrument": "VIIRS",
        "confidence": "n",
        "version": "2.0NRT",
        "bright_ti5": 304.77,
        "frp": 1.77,
        "daynight": "D",
        "source_dataset": "VIIRS_SNPP_NRT",
        "acq_datetime_utc": "2026-09-24T14:14:00Z",
        "age_hours": 31.3,
        "confidence_label": "nominal",
        "popup_label": "<strong>NASA FIRMS<\/strong><br>Sensor: VIIRS_SNPP_NRT<br>Fecha UTC: 2026-09-24T14:14:00Z<br>Confianza: nominal<br>FRP: 1.77 MW"
      }
    },
    {
      "type": "Feature",
      "geometry": {
        "type": "Point",
        "coordinates": [-2.0075, 42.5906]
      },
      "properties": {
        "bright_ti4": 345.73,
        "scan": 0.51,
        "track": 0.66,
        "acq_date": "2026-09-24",
        "acq_time": "1414",
        "satellite": "N",
        "instrument": "VIIRS",
        "confidence": "n",
        "version": "2.0NRT",
        "bright_ti5": 304.12,
        "frp": 4.25,
        "daynight": "D",
        "source_dataset": "VIIRS_SNPP_NRT",
        "acq_datetime_utc": "2026-09-24T14:14:00Z",
        "age_hours": 31.3,
        "confidence_label": "nominal",
        "popup_label": "<strong>NASA FIRMS<\/strong><br>Sensor: VIIRS_SNPP_NRT<br>Fecha UTC: 2026-09-24T14:14:00Z<br>Confianza: nominal<br>FRP: 4.25 MW"
      }
    },
    {
      "type": "Feature",
      "geometry": {
        "type": "Point",
        "coordinates": [-5.2177, 43.2115]
      },
      "properties": {
        "bright_ti4": 367,
        "scan": 0.36,
        "track": 0.57,
        "acq_date": "2026-09-24",
        "acq_time": "1414",
        "satellite": "N",
        "instrument": "VIIRS",
        "confidence": "h",
        "version": "2.0NRT",
        "bright_ti5": 307.13,
        "frp": 8.57,
        "daynight": "D",
        "source_dataset": "VIIRS_SNPP_NRT",
        "acq_datetime_utc": "2026-09-24T14:14:00Z",
        "age_hours": 31.3,
        "confidence_label": "alta",
        "popup_label": "<strong>NASA FIRMS<\/strong><br>Sensor: VIIRS_SNPP_NRT<br>Fecha UTC: 2026-09-24T14:14:00Z<br>Confianza: alta<br>FRP: 8.57 MW"
      }
    },
    {
      "type": "Feature",
      "geometry": {
        "type": "Point",
        "coordinates": [-5.2088, 43.2119]
      },
      "properties": {
        "bright_ti4": 341.57,
        "scan": 0.36,
        "track": 0.57,
        "acq_date": "2026-09-24",
        "acq_time": "1414",
        "satellite": "N",
        "instrument": "VIIRS",
        "confidence": "n",
        "version": "2.0NRT",
        "bright_ti5": 305.11,
        "frp": 8.78,
        "daynight": "D",
        "source_dataset": "VIIRS_SNPP_NRT",
        "acq_datetime_utc": "2026-09-24T14:14:00Z",
        "age_hours": 31.3,
        "confidence_label": "nominal",
        "popup_label": "<strong>NASA FIRMS<\/strong><br>Sensor: VIIRS_SNPP_NRT<br>Fecha UTC: 2026-09-24T14:14:00Z<br>Confianza: nominal<br>FRP: 8.78 MW"
      }
    },
    {
      "type": "Feature",
      "geometry": {
        "type": "Point",
        "coordinates": [-5.3354, 43.2163]
      },
      "properties": {
        "bright_ti4": 342.2,
        "scan": 0.35,
        "track": 0.57,
        "acq_date": "2026-09-24",
        "acq_time": "1414",
        "satellite": "N",
        "instrument": "VIIRS",
        "confidence": "n",
        "version": "2.0NRT",
        "bright_ti5": 302.39,
        "frp": 2.86,
        "daynight": "D",
        "source_dataset": "VIIRS_SNPP_NRT",
        "acq_datetime_utc": "2026-09-24T14:14:00Z",
        "age_hours": 31.3,
        "confidence_label": "nominal",
        "popup_label": "<strong>NASA FIRMS<\/strong><br>Sensor: VIIRS_SNPP_NRT<br>Fecha UTC: 2026-09-24T14:14:00Z<br>Confianza: nominal<br>FRP: 2.86 MW"
      }
    },
    {
      "type": "Feature",
      "geometry": {
        "type": "Point",
        "coordinates": [-5.3372, 43.2215]
      },
      "properties": {
        "bright_ti4": 355.19,
        "scan": 0.35,
        "track": 0.57,
        "acq_date": "2026-09-24",
        "acq_time": "1414",
        "satellite": "N",
        "instrument": "VIIRS",
        "confidence": "n",
        "version": "2.0NRT",
        "bright_ti5": 307.36,
        "frp": 7.52,
        "daynight": "D",
        "source_dataset": "VIIRS_SNPP_NRT",
        "acq_datetime_utc": "2026-09-24T14:14:00Z",
        "age_hours": 31.3,
        "confidence_label": "nominal",
        "popup_label": "<strong>NASA FIRMS<\/strong><br>Sensor: VIIRS_SNPP_NRT<br>Fecha UTC: 2026-09-24T14:14:00Z<br>Confianza: nominal<br>FRP: 7.52 MW"
      }
    },
    {
      "type": "Feature",
      "geometry": {
        "type": "Point",
        "coordinates": [-5.3337, 43.2217]
      },
      "properties": {
        "bright_ti4": 347.47,
        "scan": 0.35,
        "track": 0.57,
        "acq_date": "2026-09-24",
        "acq_time": "1414",
        "satellite": "N",
        "instrument": "VIIRS",
        "confidence": "n",
        "version": "2.0NRT",
        "bright_ti5": 313.98,
        "frp": 15.16,
        "daynight": "D",
        "source_dataset": "VIIRS_SNPP_NRT",
        "acq_datetime_utc": "2026-09-24T14:14:00Z",
        "age_hours": 31.3,
        "confidence_label": "nominal",
        "popup_label": "<strong>NASA FIRMS<\/strong><br>Sensor: VIIRS_SNPP_NRT<br>Fecha UTC: 2026-09-24T14:14:00Z<br>Confianza: nominal<br>FRP: 15.16 MW"
      }
    },
    {
      "type": "Feature",
      "geometry": {
        "type": "Point",
        "coordinates": [-5.3234, 43.2222]
      },
      "properties": {
        "bright_ti4": 354.99,
        "scan": 0.35,
        "track": 0.57,
        "acq_date": "2026-09-24",
        "acq_time": "1414",
        "satellite": "N",
        "instrument": "VIIRS",
        "confidence": "n",
        "version": "2.0NRT",
        "bright_ti5": 304.13,
        "frp": 9.86,
        "daynight": "D",
        "source_dataset": "VIIRS_SNPP_NRT",
        "acq_datetime_utc": "2026-09-24T14:14:00Z",
        "age_hours": 31.3,
        "confidence_label": "nominal",
        "popup_label": "<strong>NASA FIRMS<\/strong><br>Sensor: VIIRS_SNPP_NRT<br>Fecha UTC: 2026-09-24T14:14:00Z<br>Confianza: nominal<br>FRP: 9.86 MW"
      }
    },
    {
      "type": "Feature",
      "geometry": {
        "type": "Point",
        "coordinates": [-5.7296, 43.5269]
      },
      "properties": {
        "bright_ti4": 333.88,
        "scan": 0.34,
        "track": 0.56,
        "acq_date": "2026-09-24",
        "acq_time": "1414",
        "satellite": "N",
        "instrument": "VIIRS",
        "confidence": "l",
        "version": "2.0NRT",
        "bright_ti5": 304.75,
        "frp": 3.26,
        "daynight": "D",
        "source_dataset": "VIIRS_SNPP_NRT",
        "acq_datetime_utc": "2026-09-24T14:14:00Z",
        "age_hours": 31.3,
        "confidence_label": "baja",
        "popup_label": "<strong>NASA FIRMS<\/strong><br>Sensor: VIIRS_SNPP_NRT<br>Fecha UTC: 2026-09-24T14:14:00Z<br>Confianza: baja<br>FRP: 3.26 MW"
      }
    },
    {
      "type": "Feature",
      "geometry": {
        "type": "Point",
        "coordinates": [-5.8495, 36.7964]
      },
      "properties": {
        "bright_ti4": 340.97,
        "scan": 0.57,
        "track": 0.52,
        "acq_date": "2026-09-24",
        "acq_time": "1412",
        "satellite": "N",
        "instrument": "VIIRS",
        "confidence": "l",
        "version": "2.0NRT",
        "bright_ti5": 311.18,
        "frp": 5.56,
        "daynight": "D",
        "source_dataset": "VIIRS_SNPP_NRT",
        "acq_datetime_utc": "2026-09-24T14:12:00Z",
        "age_hours": 31.3,
        "confidence_label": "baja",
        "popup_label": "<strong>NASA FIRMS<\/strong><br>Sensor: VIIRS_SNPP_NRT<br>Fecha UTC: 2026-09-24T14:12:00Z<br>Confianza: baja<br>FRP: 5.56 MW"
      }
    },
    {
      "type": "Feature",
      "geometry": {
        "type": "Point",
        "coordinates": [-6.3699, 37.2841]
      },
      "properties": {
        "bright_ti4": 343.55,
        "scan": 0.54,
        "track": 0.51,
        "acq_date": "2026-09-24",
        "acq_time": "1412",
        "satellite": "N",
        "instrument": "VIIRS",
        "confidence": "n",
        "version": "2.0NRT",
        "bright_ti5": 311.18,
        "frp": 7.71,
        "daynight": "D",
        "source_dataset": "VIIRS_SNPP_NRT",
        "acq_datetime_utc": "2026-09-24T14:12:00Z",
        "age_hours": 31.3,
        "confidence_label": "nominal",
        "popup_label": "<strong>NASA FIRMS<\/strong><br>Sensor: VIIRS_SNPP_NRT<br>Fecha UTC: 2026-09-24T14:12:00Z<br>Confianza: nominal<br>FRP: 7.71 MW"
      }
    },
    {
      "type": "Feature",
      "geometry": {
        "type": "Point",
        "coordinates": [-7.0171, 38.7236]
      },
      "properties": {
        "bright_ti4": 343.33,
        "scan": 0.52,
        "track": 0.5,
        "acq_date": "2026-09-24",
        "acq_time": "1412",
        "satellite": "N",
        "instrument": "VIIRS",
        "confidence": "n",
        "version": "2.0NRT",
        "bright_ti5": 312.52,
        "frp": 5.82,
        "daynight": "D",
        "source_dataset": "VIIRS_SNPP_NRT",
        "acq_datetime_utc": "2026-09-24T14:12:00Z",
        "age_hours": 31.3,
        "confidence_label": "nominal",
        "popup_label": "<strong>NASA FIRMS<\/strong><br>Sensor: VIIRS_SNPP_NRT<br>Fecha UTC: 2026-09-24T14:12:00Z<br>Confianza: nominal<br>FRP: 5.82 MW"
      }
    },
    {
      "type": "Feature",
      "geometry": {
        "type": "Point",
        "coordinates": [-5.8311, 38.9405]
      },
      "properties": {
        "bright_ti4": 339.44,
        "scan": 0.6,
        "track": 0.53,
        "acq_date": "2026-09-24",
        "acq_time": "1412",
        "satellite": "N",
        "instrument": "VIIRS",
        "confidence": "l",
        "version": "2.0NRT",
        "bright_ti5": 312.93,
        "frp": 5.87,
        "daynight": "D",
        "source_dataset": "VIIRS_SNPP_NRT",
        "acq_datetime_utc": "2026-09-24T14:12:00Z",
        "age_hours": 31.3,
        "confidence_label": "baja",
        "popup_label": "<strong>NASA FIRMS<\/strong><br>Sensor: VIIRS_SNPP_NRT<br>Fecha UTC: 2026-09-24T14:12:00Z<br>Confianza: baja<br>FRP: 5.87 MW"
      }
    },
    {
      "type": "Feature",
      "geometry": {
        "type": "Point",
        "coordinates": [-5.8312, 38.9412]
      },
      "properties": {
        "bright_ti4": 341.45,
        "scan": 0.6,
        "track": 0.53,
        "acq_date": "2026-09-24",
        "acq_time": "1412",
        "satellite": "N",
        "instrument": "VIIRS",
        "confidence": "n",
        "version": "2.0NRT",
        "bright_ti5": 312.86,
        "frp": 3.5,
        "daynight": "D",
        "source_dataset": "VIIRS_SNPP_NRT",
        "acq_datetime_utc": "2026-09-24T14:12:00Z",
        "age_hours": 31.3,
        "confidence_label": "nominal",
        "popup_label": "<strong>NASA FIRMS<\/strong><br>Sensor: VIIRS_SNPP_NRT<br>Fecha UTC: 2026-09-24T14:12:00Z<br>Confianza: nominal<br>FRP: 3.5 MW"
      }
    },
    {
      "type": "Feature",
      "geometry": {
        "type": "Point",
        "coordinates": [-6.0668, 38.9794]
      },
      "properties": {
        "bright_ti4": 345.14,
        "scan": 0.59,
        "track": 0.53,
        "acq_date": "2026-09-24",
        "acq_time": "1412",
        "satellite": "N",
        "instrument": "VIIRS",
        "confidence": "n",
        "version": "2.0NRT",
        "bright_ti5": 311.32,
        "frp": 6.09,
        "daynight": "D",
        "source_dataset": "VIIRS_SNPP_NRT",
        "acq_datetime_utc": "2026-09-24T14:12:00Z",
        "age_hours": 31.3,
        "confidence_label": "nominal",
        "popup_label": "<strong>NASA FIRMS<\/strong><br>Sensor: VIIRS_SNPP_NRT<br>Fecha UTC: 2026-09-24T14:12:00Z<br>Confianza: nominal<br>FRP: 6.09 MW"
      }
    },
    {
      "type": "Feature",
      "geometry": {
        "type": "Point",
        "coordinates": [-8.084, 41.6089]
      },
      "properties": {
        "bright_ti4": 333.61,
        "scan": 0.49,
        "track": 0.49,
        "acq_date": "2026-09-24",
        "acq_time": "1412",
        "satellite": "N",
        "instrument": "VIIRS",
        "confidence": "n",
        "version": "2.0NRT",
        "bright_ti5": 305.99,
        "frp": 3.68,
        "daynight": "D",
        "source_dataset": "VIIRS_SNPP_NRT",
        "acq_datetime_utc": "2026-09-24T14:12:00Z",
        "age_hours": 31.3,
        "confidence_label": "nominal",
        "popup_label": "<strong>NASA FIRMS<\/strong><br>Sensor: VIIRS_SNPP_NRT<br>Fecha UTC: 2026-09-24T14:12:00Z<br>Confianza: nominal<br>FRP: 3.68 MW"
      }
    },
    {
      "type": "Feature",
      "geometry": {
        "type": "Point",
        "coordinates": [-8.0785, 41.6093]
      },
      "properties": {
        "bright_ti4": 347.36,
        "scan": 0.49,
        "track": 0.49,
        "acq_date": "2026-09-24",
        "acq_time": "1412",
        "satellite": "N",
        "instrument": "VIIRS",
        "confidence": "n",
        "version": "2.0NRT",
        "bright_ti5": 310.02,
        "frp": 8.95,
        "daynight": "D",
        "source_dataset": "VIIRS_SNPP_NRT",
        "acq_datetime_utc": "2026-09-24T14:12:00Z",
        "age_hours": 31.3,
        "confidence_label": "nominal",
        "popup_label": "<strong>NASA FIRMS<\/strong><br>Sensor: VIIRS_SNPP_NRT<br>Fecha UTC: 2026-09-24T14:12:00Z<br>Confianza: nominal<br>FRP: 8.95 MW"
      }
    },
    {
      "type": "Feature",
      "geometry": {
        "type": "Point",
        "coordinates": [-8.0805, 41.6107]
      },
      "properties": {
        "bright_ti4": 354.18,
        "scan": 0.49,
        "track": 0.49,
        "acq_date": "2026-09-24",
        "acq_time": "1412",
        "satellite": "N",
        "instrument": "VIIRS",
        "confidence": "n",
        "version": "2.0NRT",
        "bright_ti5": 311.98,
        "frp": 13.61,
        "daynight": "D",
        "source_dataset": "VIIRS_SNPP_NRT",
        "acq_datetime_utc": "2026-09-24T14:12:00Z",
        "age_hours": 31.3,
        "confidence_label": "nominal",
        "popup_label": "<strong>NASA FIRMS<\/strong><br>Sensor: VIIRS_SNPP_NRT<br>Fecha UTC: 2026-09-24T14:12:00Z<br>Confianza: nominal<br>FRP: 13.61 MW"
      }
    },
    {
      "type": "Feature",
      "geometry": {
        "type": "Point",
        "coordinates": [-8.0792, 41.6138]
      },
      "properties": {
        "bright_ti4": 337.99,
        "scan": 0.49,
        "track": 0.49,
        "acq_date": "2026-09-24",
        "acq_time": "1412",
        "satellite": "N",
        "instrument": "VIIRS",
        "confidence": "n",
        "version": "2.0NRT",
        "bright_ti5": 302.47,
        "frp": 4.83,
        "daynight": "D",
        "source_dataset": "VIIRS_SNPP_NRT",
        "acq_datetime_utc": "2026-09-24T14:12:00Z",
        "age_hours": 31.3,
        "confidence_label": "nominal",
        "popup_label": "<strong>NASA FIRMS<\/strong><br>Sensor: VIIRS_SNPP_NRT<br>Fecha UTC: 2026-09-24T14:12:00Z<br>Confianza: nominal<br>FRP: 4.83 MW"
      }
    },
    {
      "type": "Feature",
      "geometry": {
        "type": "Point",
        "coordinates": [-7.8456, 41.9137]
      },
      "properties": {
        "bright_ti4": 349.46,
        "scan": 0.51,
        "track": 0.49,
        "acq_date": "2026-09-24",
        "acq_time": "1412",
        "satellite": "N",
        "instrument": "VIIRS",
        "confidence": "n",
        "version": "2.0NRT",
        "bright_ti5": 315.43,
        "frp": 68.67,
        "daynight": "D",
        "source_dataset": "VIIRS_SNPP_NRT",
        "acq_datetime_utc": "2026-09-24T14:12:00Z",
        "age_hours": 31.3,
        "confidence_label": "nominal",
        "popup_label": "<strong>NASA FIRMS<\/strong><br>Sensor: VIIRS_SNPP_NRT<br>Fecha UTC: 2026-09-24T14:12:00Z<br>Confianza: nominal<br>FRP: 68.67 MW"
      }
    },
    {
      "type": "Feature",
      "geometry": {
        "type": "Point",
        "coordinates": [-7.8529, 41.9178]
      },
      "properties": {
        "bright_ti4": 354.52,
        "scan": 0.51,
        "track": 0.49,
        "acq_date": "2026-09-24",
        "acq_time": "1412",
        "satellite": "N",
        "instrument": "VIIRS",
        "confidence": "l",
        "version": "2.0NRT",
        "bright_ti5": 333.54,
        "frp": 68.67,
        "daynight": "D",
        "source_dataset": "VIIRS_SNPP_NRT",
        "acq_datetime_utc": "2026-09-24T14:12:00Z",
        "age_hours": 31.3,
        "confidence_label": "baja",
        "popup_label": "<strong>NASA FIRMS<\/strong><br>Sensor: VIIRS_SNPP_NRT<br>Fecha UTC: 2026-09-24T14:12:00Z<br>Confianza: baja<br>FRP: 68.67 MW"
      }
    },
    {
      "type": "Feature",
      "geometry": {
        "type": "Point",
        "coordinates": [-7.8467, 41.9183]
      },
      "properties": {
        "bright_ti4": 367,
        "scan": 0.51,
        "track": 0.49,
        "acq_date": "2026-09-24",
        "acq_time": "1412",
        "satellite": "N",
        "instrument": "VIIRS",
        "confidence": "h",
        "version": "2.0NRT",
        "bright_ti5": 331.3,
        "frp": 68.67,
        "daynight": "D",
        "source_dataset": "VIIRS_SNPP_NRT",
        "acq_datetime_utc": "2026-09-24T14:12:00Z",
        "age_hours": 31.3,
        "confidence_label": "alta",
        "popup_label": "<strong>NASA FIRMS<\/strong><br>Sensor: VIIRS_SNPP_NRT<br>Fecha UTC: 2026-09-24T14:12:00Z<br>Confianza: alta<br>FRP: 68.67 MW"
      }
    },
    {
      "type": "Feature",
      "geometry": {
        "type": "Point",
        "coordinates": [-7.8402, 41.9188]
      },
      "properties": {
        "bright_ti4": 367,
        "scan": 0.51,
        "track": 0.49,
        "acq_date": "2026-09-24",
        "acq_time": "1412",
        "satellite": "N",
        "instrument": "VIIRS",
        "confidence": "h",
        "version": "2.0NRT",
        "bright_ti5": 308.43,
        "frp": 27.11,
        "daynight": "D",
        "source_dataset": "VIIRS_SNPP_NRT",
        "acq_datetime_utc": "2026-09-24T14:12:00Z",
        "age_hours": 31.3,
        "confidence_label": "alta",
        "popup_label": "<strong>NASA FIRMS<\/strong><br>Sensor: VIIRS_SNPP_NRT<br>Fecha UTC: 2026-09-24T14:12:00Z<br>Confianza: alta<br>FRP: 27.11 MW"
      }
    },
    {
      "type": "Feature",
      "geometry": {
        "type": "Point",
        "coordinates": [-7.854, 41.9223]
      },
      "properties": {
        "bright_ti4": 351.49,
        "scan": 0.51,
        "track": 0.49,
        "acq_date": "2026-09-24",
        "acq_time": "1412",
        "satellite": "N",
        "instrument": "VIIRS",
        "confidence": "n",
        "version": "2.0NRT",
        "bright_ti5": 317.47,
        "frp": 129.85,
        "daynight": "D",
        "source_dataset": "VIIRS_SNPP_NRT",
        "acq_datetime_utc": "2026-09-24T14:12:00Z",
        "age_hours": 31.3,
        "confidence_label": "nominal",
        "popup_label": "<strong>NASA FIRMS<\/strong><br>Sensor: VIIRS_SNPP_NRT<br>Fecha UTC: 2026-09-24T14:12:00Z<br>Confianza: nominal<br>FRP: 129.85 MW"
      }
    },
    {
      "type": "Feature",
      "geometry": {
        "type": "Point",
        "coordinates": [-7.8481, 41.9228]
      },
      "properties": {
        "bright_ti4": 355.23,
        "scan": 0.51,
        "track": 0.49,
        "acq_date": "2026-09-24",
        "acq_time": "1412",
        "satellite": "N",
        "instrument": "VIIRS",
        "confidence": "l",
        "version": "2.0NRT",
        "bright_ti5": 342.84,
        "frp": 129.85,
        "daynight": "D",
        "source_dataset": "VIIRS_SNPP_NRT",
        "acq_datetime_utc": "2026-09-24T14:12:00Z",
        "age_hours": 31.3,
        "confidence_label": "baja",
        "popup_label": "<strong>NASA FIRMS<\/strong><br>Sensor: VIIRS_SNPP_NRT<br>Fecha UTC: 2026-09-24T14:12:00Z<br>Confianza: baja<br>FRP: 129.85 MW"
      }
    },
    {
      "type": "Feature",
      "geometry": {
        "type": "Point",
        "coordinates": [-7.8416, 41.9233]
      },
      "properties": {
        "bright_ti4": 367,
        "scan": 0.51,
        "track": 0.49,
        "acq_date": "2026-09-24",
        "acq_time": "1412",
        "satellite": "N",
        "instrument": "VIIRS",
        "confidence": "l",
        "version": "2.0NRT",
        "bright_ti5": 336.82,
        "frp": 240.58,
        "daynight": "D",
        "source_dataset": "VIIRS_SNPP_NRT",
        "acq_datetime_utc": "2026-09-24T14:12:00Z",
        "age_hours": 31.3,
        "confidence_label": "baja",
        "popup_label": "<strong>NASA FIRMS<\/strong><br>Sensor: VIIRS_SNPP_NRT<br>Fecha UTC: 2026-09-24T14:12:00Z<br>Confianza: baja<br>FRP: 240.58 MW"
      }
    },
    {
      "type": "Feature",
      "geometry": {
        "type": "Point",
        "coordinates": [-7.8349, 41.9238]
      },
      "properties": {
        "bright_ti4": 349.99,
        "scan": 0.51,
        "track": 0.49,
        "acq_date": "2026-09-24",
        "acq_time": "1412",
        "satellite": "N",
        "instrument": "VIIRS",
        "confidence": "n",
        "version": "2.0NRT",
        "bright_ti5": 312.55,
        "frp": 240.58,
        "daynight": "D",
        "source_dataset": "VIIRS_SNPP_NRT",
        "acq_datetime_utc": "2026-09-24T14:12:00Z",
        "age_hours": 31.3,
        "confidence_label": "nominal",
        "popup_label": "<strong>NASA FIRMS<\/strong><br>Sensor: VIIRS_SNPP_NRT<br>Fecha UTC: 2026-09-24T14:12:00Z<br>Confianza: nominal<br>FRP: 240.58 MW"
      }
    },
    {
      "type": "Feature",
      "geometry": {
        "type": "Point",
        "coordinates": [-7.8494, 41.9273]
      },
      "properties": {
        "bright_ti4": 367,
        "scan": 0.51,
        "track": 0.49,
        "acq_date": "2026-09-24",
        "acq_time": "1412",
        "satellite": "N",
        "instrument": "VIIRS",
        "confidence": "l",
        "version": "2.0NRT",
        "bright_ti5": 354.01,
        "frp": 129.85,
        "daynight": "D",
        "source_dataset": "VIIRS_SNPP_NRT",
        "acq_datetime_utc": "2026-09-24T14:12:00Z",
        "age_hours": 31.3,
        "confidence_label": "baja",
        "popup_label": "<strong>NASA FIRMS<\/strong><br>Sensor: VIIRS_SNPP_NRT<br>Fecha UTC: 2026-09-24T14:12:00Z<br>Confianza: baja<br>FRP: 129.85 MW"
      }
    },
    {
      "type": "Feature",
      "geometry": {
        "type": "Point",
        "coordinates": [-7.8433, 41.9278]
      },
      "properties": {
        "bright_ti4": 367,
        "scan": 0.51,
        "track": 0.49,
        "acq_date": "2026-09-24",
        "acq_time": "1412",
        "satellite": "N",
        "instrument": "VIIRS",
        "confidence": "h",
        "version": "2.0NRT",
        "bright_ti5": 341.52,
        "frp": 240.58,
        "daynight": "D",
        "source_dataset": "VIIRS_SNPP_NRT",
        "acq_datetime_utc": "2026-09-24T14:12:00Z",
        "age_hours": 31.3,
        "confidence_label": "alta",
        "popup_label": "<strong>NASA FIRMS<\/strong><br>Sensor: VIIRS_SNPP_NRT<br>Fecha UTC: 2026-09-24T14:12:00Z<br>Confianza: alta<br>FRP: 240.58 MW"
      }
    },
    {
      "type": "Feature",
      "geometry": {
        "type": "Point",
        "coordinates": [-7.8365, 41.9283]
      },
      "properties": {
        "bright_ti4": 367,
        "scan": 0.51,
        "track": 0.49,
        "acq_date": "2026-09-24",
        "acq_time": "1412",
        "satellite": "N",
        "instrument": "VIIRS",
        "confidence": "h",
        "version": "2.0NRT",
        "bright_ti5": 374.99,
        "frp": 240.58,
        "daynight": "D",
        "source_dataset": "VIIRS_SNPP_NRT",
        "acq_datetime_utc": "2026-09-24T14:12:00Z",
        "age_hours": 31.3,
        "confidence_label": "alta",
        "popup_label": "<strong>NASA FIRMS<\/strong><br>Sensor: VIIRS_SNPP_NRT<br>Fecha UTC: 2026-09-24T14:12:00Z<br>Confianza: alta<br>FRP: 240.58 MW"
      }
    },
    {
      "type": "Feature",
      "geometry": {
        "type": "Point",
        "coordinates": [-7.8295, 41.9288]
      },
      "properties": {
        "bright_ti4": 356.18,
        "scan": 0.51,
        "track": 0.49,
        "acq_date": "2026-09-24",
        "acq_time": "1412",
        "satellite": "N",
        "instrument": "VIIRS",
        "confidence": "n",
        "version": "2.0NRT",
        "bright_ti5": 300.86,
        "frp": 69.64,
        "daynight": "D",
        "source_dataset": "VIIRS_SNPP_NRT",
        "acq_datetime_utc": "2026-09-24T14:12:00Z",
        "age_hours": 31.3,
        "confidence_label": "nominal",
        "popup_label": "<strong>NASA FIRMS<\/strong><br>Sensor: VIIRS_SNPP_NRT<br>Fecha UTC: 2026-09-24T14:12:00Z<br>Confianza: nominal<br>FRP: 69.64 MW"
      }
    },
    {
      "type": "Feature",
      "geometry": {
        "type": "Point",
        "coordinates": [-7.823, 41.9293]
      },
      "properties": {
        "bright_ti4": 330.68,
        "scan": 0.51,
        "track": 0.49,
        "acq_date": "2026-09-24",
        "acq_time": "1412",
        "satellite": "N",
        "instrument": "VIIRS",
        "confidence": "n",
        "version": "2.0NRT",
        "bright_ti5": 297.58,
        "frp": 69.64,
        "daynight": "D",
        "source_dataset": "VIIRS_SNPP_NRT",
        "acq_datetime_utc": "2026-09-24T14:12:00Z",
        "age_hours": 31.3,
        "confidence_label": "nominal",
        "popup_label": "<strong>NASA FIRMS<\/strong><br>Sensor: VIIRS_SNPP_NRT<br>Fecha UTC: 2026-09-24T14:12:00Z<br>Confianza: nominal<br>FRP: 69.64 MW"
      }
    },
    {
      "type": "Feature",
      "geometry": {
        "type": "Point",
        "coordinates": [-7.8502, 41.9318]
      },
      "properties": {
        "bright_ti4": 339.32,
        "scan": 0.51,
        "track": 0.49,
        "acq_date": "2026-09-24",
        "acq_time": "1412",
        "satellite": "N",
        "instrument": "VIIRS",
        "confidence": "n",
        "version": "2.0NRT",
        "bright_ti5": 302.43,
        "frp": 14.69,
        "daynight": "D",
        "source_dataset": "VIIRS_SNPP_NRT",
        "acq_datetime_utc": "2026-09-24T14:12:00Z",
        "age_hours": 31.3,
        "confidence_label": "nominal",
        "popup_label": "<strong>NASA FIRMS<\/strong><br>Sensor: VIIRS_SNPP_NRT<br>Fecha UTC: 2026-09-24T14:12:00Z<br>Confianza: nominal<br>FRP: 14.69 MW"
      }
    },
    {
      "type": "Feature",
      "geometry": {
        "type": "Point",
        "coordinates": [-7.8443, 41.9323]
      },
      "properties": {
        "bright_ti4": 347.52,
        "scan": 0.51,
        "track": 0.49,
        "acq_date": "2026-09-24",
        "acq_time": "1412",
        "satellite": "N",
        "instrument": "VIIRS",
        "confidence": "n",
        "version": "2.0NRT",
        "bright_ti5": 315.41,
        "frp": 89.54,
        "daynight": "D",
        "source_dataset": "VIIRS_SNPP_NRT",
        "acq_datetime_utc": "2026-09-24T14:12:00Z",
        "age_hours": 31.3,
        "confidence_label": "nominal",
        "popup_label": "<strong>NASA FIRMS<\/strong><br>Sensor: VIIRS_SNPP_NRT<br>Fecha UTC: 2026-09-24T14:12:00Z<br>Confianza: nominal<br>FRP: 89.54 MW"
      }
    },
    {
      "type": "Feature",
      "geometry": {
        "type": "Point",
        "coordinates": [-7.8376, 41.9328]
      },
      "properties": {
        "bright_ti4": 347.89,
        "scan": 0.51,
        "track": 0.49,
        "acq_date": "2026-09-24",
        "acq_time": "1412",
        "satellite": "N",
        "instrument": "VIIRS",
        "confidence": "n",
        "version": "2.0NRT",
        "bright_ti5": 316.24,
        "frp": 89.54,
        "daynight": "D",
        "source_dataset": "VIIRS_SNPP_NRT",
        "acq_datetime_utc": "2026-09-24T14:12:00Z",
        "age_hours": 31.3,
        "confidence_label": "nominal",
        "popup_label": "<strong>NASA FIRMS<\/strong><br>Sensor: VIIRS_SNPP_NRT<br>Fecha UTC: 2026-09-24T14:12:00Z<br>Confianza: nominal<br>FRP: 89.54 MW"
      }
    },
    {
      "type": "Feature",
      "geometry": {
        "type": "Point",
        "coordinates": [-7.8306, 41.9334]
      },
      "properties": {
        "bright_ti4": 339.9,
        "scan": 0.51,
        "track": 0.49,
        "acq_date": "2026-09-24",
        "acq_time": "1412",
        "satellite": "N",
        "instrument": "VIIRS",
        "confidence": "n",
        "version": "2.0NRT",
        "bright_ti5": 296.62,
        "frp": 36.08,
        "daynight": "D",
        "source_dataset": "VIIRS_SNPP_NRT",
        "acq_datetime_utc": "2026-09-24T14:12:00Z",
        "age_hours": 31.3,
        "confidence_label": "nominal",
        "popup_label": "<strong>NASA FIRMS<\/strong><br>Sensor: VIIRS_SNPP_NRT<br>Fecha UTC: 2026-09-24T14:12:00Z<br>Confianza: nominal<br>FRP: 36.08 MW"
      }
    },
    {
      "type": "Feature",
      "geometry": {
        "type": "Point",
        "coordinates": [-3.248, 31.9502]
      },
      "properties": {
        "bright_ti4": 336.03,
        "scan": 0.36,
        "track": 0.57,
        "acq_date": "2026-09-24",
        "acq_time": "1410",
        "satellite": "N",
        "instrument": "VIIRS",
        "confidence": "l",
        "version": "2.0NRT",
        "bright_ti5": 308.22,
        "frp": 1.87,
        "daynight": "D",
        "source_dataset": "VIIRS_SNPP_NRT",
        "acq_datetime_utc": "2026-09-24T14:10:00Z",
        "age_hours": 31.4,
        "confidence_label": "baja",
        "popup_label": "<strong>NASA FIRMS<\/strong><br>Sensor: VIIRS_SNPP_NRT<br>Fecha UTC: 2026-09-24T14:10:00Z<br>Confianza: baja<br>FRP: 1.87 MW"
      }
    },
    {
      "type": "Feature",
      "geometry": {
        "type": "Point",
        "coordinates": [-3.2441, 31.9505]
      },
      "properties": {
        "bright_ti4": 341.21,
        "scan": 0.36,
        "track": 0.57,
        "acq_date": "2026-09-24",
        "acq_time": "1410",
        "satellite": "N",
        "instrument": "VIIRS",
        "confidence": "n",
        "version": "2.0NRT",
        "bright_ti5": 308.05,
        "frp": 1.87,
        "daynight": "D",
        "source_dataset": "VIIRS_SNPP_NRT",
        "acq_datetime_utc": "2026-09-24T14:10:00Z",
        "age_hours": 31.4,
        "confidence_label": "nominal",
        "popup_label": "<strong>NASA FIRMS<\/strong><br>Sensor: VIIRS_SNPP_NRT<br>Fecha UTC: 2026-09-24T14:10:00Z<br>Confianza: nominal<br>FRP: 1.87 MW"
      }
    },
    {
      "type": "Feature",
      "geometry": {
        "type": "Point",
        "coordinates": [-3.2453, 31.9533]
      },
      "properties": {
        "bright_ti4": 347.65,
        "scan": 0.36,
        "track": 0.57,
        "acq_date": "2026-09-24",
        "acq_time": "1410",
        "satellite": "N",
        "instrument": "VIIRS",
        "confidence": "n",
        "version": "2.0NRT",
        "bright_ti5": 306.93,
        "frp": 4.05,
        "daynight": "D",
        "source_dataset": "VIIRS_SNPP_NRT",
        "acq_datetime_utc": "2026-09-24T14:10:00Z",
        "age_hours": 31.4,
        "confidence_label": "nominal",
        "popup_label": "<strong>NASA FIRMS<\/strong><br>Sensor: VIIRS_SNPP_NRT<br>Fecha UTC: 2026-09-24T14:10:00Z<br>Confianza: nominal<br>FRP: 4.05 MW"
      }
    },
    {
      "type": "Feature",
      "geometry": {
        "type": "Point",
        "coordinates": [-5.7063, 34.5519]
      },
      "properties": {
        "bright_ti4": 344.16,
        "scan": 0.55,
        "track": 0.51,
        "acq_date": "2026-09-24",
        "acq_time": "1410",
        "satellite": "N",
        "instrument": "VIIRS",
        "confidence": "l",
        "version": "2.0NRT",
        "bright_ti5": 314.87,
        "frp": 6.37,
        "daynight": "D",
        "source_dataset": "VIIRS_SNPP_NRT",
        "acq_datetime_utc": "2026-09-24T14:10:00Z",
        "age_hours": 31.4,
        "confidence_label": "baja",
        "popup_label": "<strong>NASA FIRMS<\/strong><br>Sensor: VIIRS_SNPP_NRT<br>Fecha UTC: 2026-09-24T14:10:00Z<br>Confianza: baja<br>FRP: 6.37 MW"
      }
    },
    {
      "type": "Feature",
      "geometry": {
        "type": "Point",
        "coordinates": [-0.518, 28.2017]
      },
      "properties": {
        "bright_ti4": 340.95,
        "scan": 0.48,
        "track": 0.65,
        "acq_date": "2026-09-24",
        "acq_time": "1408",
        "satellite": "N",
        "instrument": "VIIRS",
        "confidence": "n",
        "version": "2.0NRT",
        "bright_ti5": 300.67,
        "frp": 3.26,
        "daynight": "D",
        "source_dataset": "VIIRS_SNPP_NRT",
        "acq_datetime_utc": "2026-09-24T14:08:00Z",
        "age_hours": 31.4,
        "confidence_label": "nominal",
        "popup_label": "<strong>NASA FIRMS<\/strong><br>Sensor: VIIRS_SNPP_NRT<br>Fecha UTC: 2026-09-24T14:08:00Z<br>Confianza: nominal<br>FRP: 3.26 MW"
      }
    },
    {
      "type": "Feature",
      "geometry": {
        "type": "Point",
        "coordinates": [-6.9512, 37.2737]
      },
      "properties": {
        "bright_ti4": 335.04,
        "scan": 0.68,
        "track": 0.74,
        "acq_date": "2026-09-24",
        "acq_time": "1232",
        "satellite": "N",
        "instrument": "VIIRS",
        "confidence": "n",
        "version": "2.0NRT",
        "bright_ti5": 299.76,
        "frp": 5.35,
        "daynight": "D",
        "source_dataset": "VIIRS_SNPP_NRT",
        "acq_datetime_utc": "2026-09-24T12:32:00Z",
        "age_hours": 33,
        "confidence_label": "nominal",
        "popup_label": "<strong>NASA FIRMS<\/strong><br>Sensor: VIIRS_SNPP_NRT<br>Fecha UTC: 2026-09-24T12:32:00Z<br>Confianza: nominal<br>FRP: 5.35 MW"
      }
    },
    {
      "type": "Feature",
      "geometry": {
        "type": "Point",
        "coordinates": [-6.3667, 37.2838]
      },
      "properties": {
        "bright_ti4": 339.37,
        "scan": 0.64,
        "track": 0.72,
        "acq_date": "2026-09-24",
        "acq_time": "1232",
        "satellite": "N",
        "instrument": "VIIRS",
        "confidence": "n",
        "version": "2.0NRT",
        "bright_ti5": 303.61,
        "frp": 5.33,
        "daynight": "D",
        "source_dataset": "VIIRS_SNPP_NRT",
        "acq_datetime_utc": "2026-09-24T12:32:00Z",
        "age_hours": 33,
        "confidence_label": "nominal",
        "popup_label": "<strong>NASA FIRMS<\/strong><br>Sensor: VIIRS_SNPP_NRT<br>Fecha UTC: 2026-09-24T12:32:00Z<br>Confianza: nominal<br>FRP: 5.33 MW"
      }
    },
    {
      "type": "Feature",
      "geometry": {
        "type": "Point",
        "coordinates": [-6.3697, 37.2865]
      },
      "properties": {
        "bright_ti4": 339.31,
        "scan": 0.63,
        "track": 0.72,
        "acq_date": "2026-09-24",
        "acq_time": "1232",
        "satellite": "N",
        "instrument": "VIIRS",
        "confidence": "n",
        "version": "2.0NRT",
        "bright_ti5": 303.74,
        "frp": 4.9,
        "daynight": "D",
        "source_dataset": "VIIRS_SNPP_NRT",
        "acq_datetime_utc": "2026-09-24T12:32:00Z",
        "age_hours": 33,
        "confidence_label": "nominal",
        "popup_label": "<strong>NASA FIRMS<\/strong><br>Sensor: VIIRS_SNPP_NRT<br>Fecha UTC: 2026-09-24T12:32:00Z<br>Confianza: nominal<br>FRP: 4.9 MW"
      }
    },
    {
      "type": "Feature",
      "geometry": {
        "type": "Point",
        "coordinates": [-4.8495, 37.7926]
      },
      "properties": {
        "bright_ti4": 334.71,
        "scan": 0.52,
        "track": 0.67,
        "acq_date": "2026-09-24",
        "acq_time": "1232",
        "satellite": "N",
        "instrument": "VIIRS",
        "confidence": "n",
        "version": "2.0NRT",
        "bright_ti5": 307.94,
        "frp": 10.01,
        "daynight": "D",
        "source_dataset": "VIIRS_SNPP_NRT",
        "acq_datetime_utc": "2026-09-24T12:32:00Z",
        "age_hours": 33,
        "confidence_label": "nominal",
        "popup_label": "<strong>NASA FIRMS<\/strong><br>Sensor: VIIRS_SNPP_NRT<br>Fecha UTC: 2026-09-24T12:32:00Z<br>Confianza: nominal<br>FRP: 10.01 MW"
      }
    },
    {
      "type": "Feature",
      "geometry": {
        "type": "Point",
        "coordinates": [-4.846, 37.7929]
      },
      "properties": {
        "bright_ti4": 367,
        "scan": 0.52,
        "track": 0.67,
        "acq_date": "2026-09-24",
        "acq_time": "1232",
        "satellite": "N",
        "instrument": "VIIRS",
        "confidence": "h",
        "version": "2.0NRT",
        "bright_ti5": 310.45,
        "frp": 18.42,
        "daynight": "D",
        "source_dataset": "VIIRS_SNPP_NRT",
        "acq_datetime_utc": "2026-09-24T12:32:00Z",
        "age_hours": 33,
        "confidence_label": "alta",
        "popup_label": "<strong>NASA FIRMS<\/strong><br>Sensor: VIIRS_SNPP_NRT<br>Fecha UTC: 2026-09-24T12:32:00Z<br>Confianza: alta<br>FRP: 18.42 MW"
      }
    },
    {
      "type": "Feature",
      "geometry": {
        "type": "Point",
        "coordinates": [-4.8439, 37.7942]
      },
      "properties": {
        "bright_ti4": 367,
        "scan": 0.52,
        "track": 0.67,
        "acq_date": "2026-09-24",
        "acq_time": "1232",
        "satellite": "N",
        "instrument": "VIIRS",
        "confidence": "h",
        "version": "2.0NRT",
        "bright_ti5": 309.75,
        "frp": 22.12,
        "daynight": "D",
        "source_dataset": "VIIRS_SNPP_NRT",
        "acq_datetime_utc": "2026-09-24T12:32:00Z",
        "age_hours": 33,
        "confidence_label": "alta",
        "popup_label": "<strong>NASA FIRMS<\/strong><br>Sensor: VIIRS_SNPP_NRT<br>Fecha UTC: 2026-09-24T12:32:00Z<br>Confianza: alta<br>FRP: 22.12 MW"
      }
    },
    {
      "type": "Feature",
      "geometry": {
        "type": "Point",
        "coordinates": [-6.8896, 38.7094]
      },
      "properties": {
        "bright_ti4": 334.18,
        "scan": 0.61,
        "track": 0.71,
        "acq_date": "2026-09-24",
        "acq_time": "1232",
        "satellite": "N",
        "instrument": "VIIRS",
        "confidence": "l",
        "version": "2.0NRT",
        "bright_ti5": 307.38,
        "frp": 4.66,
        "daynight": "D",
        "source_dataset": "VIIRS_SNPP_NRT",
        "acq_datetime_utc": "2026-09-24T12:32:00Z",
        "age_hours": 33,
        "confidence_label": "baja",
        "popup_label": "<strong>NASA FIRMS<\/strong><br>Sensor: VIIRS_SNPP_NRT<br>Fecha UTC: 2026-09-24T12:32:00Z<br>Confianza: baja<br>FRP: 4.66 MW"
      }
    },
    {
      "type": "Feature",
      "geometry": {
        "type": "Point",
        "coordinates": [-6.8916, 38.7109]
      },
      "properties": {
        "bright_ti4": 335.14,
        "scan": 0.61,
        "track": 0.71,
        "acq_date": "2026-09-24",
        "acq_time": "1232",
        "satellite": "N",
        "instrument": "VIIRS",
        "confidence": "n",
        "version": "2.0NRT",
        "bright_ti5": 307.61,
        "frp": 3.26,
        "daynight": "D",
        "source_dataset": "VIIRS_SNPP_NRT",
        "acq_datetime_utc": "2026-09-24T12:32:00Z",
        "age_hours": 33,
        "confidence_label": "nominal",
        "popup_label": "<strong>NASA FIRMS<\/strong><br>Sensor: VIIRS_SNPP_NRT<br>Fecha UTC: 2026-09-24T12:32:00Z<br>Confianza: nominal<br>FRP: 3.26 MW"
      }
    },
    {
      "type": "Feature",
      "geometry": {
        "type": "Point",
        "coordinates": [-3.9471, 39.9817]
      },
      "properties": {
        "bright_ti4": 333.11,
        "scan": 0.41,
        "track": 0.6,
        "acq_date": "2026-09-24",
        "acq_time": "1232",
        "satellite": "N",
        "instrument": "VIIRS",
        "confidence": "l",
        "version": "2.0NRT",
        "bright_ti5": 307.03,
        "frp": 1.15,
        "daynight": "D",
        "source_dataset": "VIIRS_SNPP_NRT",
        "acq_datetime_utc": "2026-09-24T12:32:00Z",
        "age_hours": 33,
        "confidence_label": "baja",
        "popup_label": "<strong>NASA FIRMS<\/strong><br>Sensor: VIIRS_SNPP_NRT<br>Fecha UTC: 2026-09-24T12:32:00Z<br>Confianza: baja<br>FRP: 1.15 MW"
      }
    },
    {
      "type": "Feature",
      "geometry": {
        "type": "Point",
        "coordinates": [-3.4728, 40.2432]
      },
      "properties": {
        "bright_ti4": 339.57,
        "scan": 0.38,
        "track": 0.59,
        "acq_date": "2026-09-24",
        "acq_time": "1232",
        "satellite": "N",
        "instrument": "VIIRS",
        "confidence": "n",
        "version": "2.0NRT",
        "bright_ti5": 306.82,
        "frp": 2.88,
        "daynight": "D",
        "source_dataset": "VIIRS_SNPP_NRT",
        "acq_datetime_utc": "2026-09-24T12:32:00Z",
        "age_hours": 33,
        "confidence_label": "nominal",
        "popup_label": "<strong>NASA FIRMS<\/strong><br>Sensor: VIIRS_SNPP_NRT<br>Fecha UTC: 2026-09-24T12:32:00Z<br>Confianza: nominal<br>FRP: 2.88 MW"
      }
    },
    {
      "type": "Feature",
      "geometry": {
        "type": "Point",
        "coordinates": [-7.6523, 41.3203]
      },
      "properties": {
        "bright_ti4": 367,
        "scan": 0.56,
        "track": 0.69,
        "acq_date": "2026-09-24",
        "acq_time": "1232",
        "satellite": "N",
        "instrument": "VIIRS",
        "confidence": "h",
        "version": "2.0NRT",
        "bright_ti5": 300.37,
        "frp": 9.76,
        "daynight": "D",
        "source_dataset": "VIIRS_SNPP_NRT",
        "acq_datetime_utc": "2026-09-24T12:32:00Z",
        "age_hours": 33,
        "confidence_label": "alta",
        "popup_label": "<strong>NASA FIRMS<\/strong><br>Sensor: VIIRS_SNPP_NRT<br>Fecha UTC: 2026-09-24T12:32:00Z<br>Confianza: alta<br>FRP: 9.76 MW"
      }
    },
    {
      "type": "Feature",
      "geometry": {
        "type": "Point",
        "coordinates": [-7.6455, 41.3225]
      },
      "properties": {
        "bright_ti4": 336.17,
        "scan": 0.56,
        "track": 0.69,
        "acq_date": "2026-09-24",
        "acq_time": "1232",
        "satellite": "N",
        "instrument": "VIIRS",
        "confidence": "n",
        "version": "2.0NRT",
        "bright_ti5": 298.76,
        "frp": 9.76,
        "daynight": "D",
        "source_dataset": "VIIRS_SNPP_NRT",
        "acq_datetime_utc": "2026-09-24T12:32:00Z",
        "age_hours": 33,
        "confidence_label": "nominal",
        "popup_label": "<strong>NASA FIRMS<\/strong><br>Sensor: VIIRS_SNPP_NRT<br>Fecha UTC: 2026-09-24T12:32:00Z<br>Confianza: nominal<br>FRP: 9.76 MW"
      }
    },
    {
      "type": "Feature",
      "geometry": {
        "type": "Point",
        "coordinates": [-7.6521, 41.324]
      },
      "properties": {
        "bright_ti4": 367,
        "scan": 0.56,
        "track": 0.69,
        "acq_date": "2026-09-24",
        "acq_time": "1232",
        "satellite": "N",
        "instrument": "VIIRS",
        "confidence": "h",
        "version": "2.0NRT",
        "bright_ti5": 299.73,
        "frp": 13.49,
        "daynight": "D",
        "source_dataset": "VIIRS_SNPP_NRT",
        "acq_datetime_utc": "2026-09-24T12:32:00Z",
        "age_hours": 33,
        "confidence_label": "alta",
        "popup_label": "<strong>NASA FIRMS<\/strong><br>Sensor: VIIRS_SNPP_NRT<br>Fecha UTC: 2026-09-24T12:32:00Z<br>Confianza: alta<br>FRP: 13.49 MW"
      }
    },
    {
      "type": "Feature",
      "geometry": {
        "type": "Point",
        "coordinates": [-7.8514, 41.913]
      },
      "properties": {
        "bright_ti4": 367,
        "scan": 0.55,
        "track": 0.68,
        "acq_date": "2026-09-24",
        "acq_time": "1232",
        "satellite": "N",
        "instrument": "VIIRS",
        "confidence": "l",
        "version": "2.0NRT",
        "bright_ti5": 325.52,
        "frp": 97.2,
        "daynight": "D",
        "source_dataset": "VIIRS_SNPP_NRT",
        "acq_datetime_utc": "2026-09-24T12:32:00Z",
        "age_hours": 33,
        "confidence_label": "baja",
        "popup_label": "<strong>NASA FIRMS<\/strong><br>Sensor: VIIRS_SNPP_NRT<br>Fecha UTC: 2026-09-24T12:32:00Z<br>Confianza: baja<br>FRP: 97.2 MW"
      }
    },
    {
      "type": "Feature",
      "geometry": {
        "type": "Point",
        "coordinates": [-7.8449, 41.915]
      },
      "properties": {
        "bright_ti4": 367,
        "scan": 0.55,
        "track": 0.68,
        "acq_date": "2026-09-24",
        "acq_time": "1232",
        "satellite": "N",
        "instrument": "VIIRS",
        "confidence": "h",
        "version": "2.0NRT",
        "bright_ti5": 303.91,
        "frp": 137.68,
        "daynight": "D",
        "source_dataset": "VIIRS_SNPP_NRT",
        "acq_datetime_utc": "2026-09-24T12:32:00Z",
        "age_hours": 33,
        "confidence_label": "alta",
        "popup_label": "<strong>NASA FIRMS<\/strong><br>Sensor: VIIRS_SNPP_NRT<br>Fecha UTC: 2026-09-24T12:32:00Z<br>Confianza: alta<br>FRP: 137.68 MW"
      }
    },
    {
      "type": "Feature",
      "geometry": {
        "type": "Point",
        "coordinates": [-7.8612, 41.9168]
      },
      "properties": {
        "bright_ti4": 344.45,
        "scan": 0.55,
        "track": 0.68,
        "acq_date": "2026-09-24",
        "acq_time": "1232",
        "satellite": "N",
        "instrument": "VIIRS",
        "confidence": "n",
        "version": "2.0NRT",
        "bright_ti5": 296.67,
        "frp": 97.2,
        "daynight": "D",
        "source_dataset": "VIIRS_SNPP_NRT",
        "acq_datetime_utc": "2026-09-24T12:32:00Z",
        "age_hours": 33,
        "confidence_label": "nominal",
        "popup_label": "<strong>NASA FIRMS<\/strong><br>Sensor: VIIRS_SNPP_NRT<br>Fecha UTC: 2026-09-24T12:32:00Z<br>Confianza: nominal<br>FRP: 97.2 MW"
      }
    },
    {
      "type": "Feature",
      "geometry": {
        "type": "Point",
        "coordinates": [-7.8535, 41.9192]
      },
      "properties": {
        "bright_ti4": 208,
        "scan": 0.55,
        "track": 0.68,
        "acq_date": "2026-09-24",
        "acq_time": "1232",
        "satellite": "N",
        "instrument": "VIIRS",
        "confidence": "l",
        "version": "2.0NRT",
        "bright_ti5": 316.12,
        "frp": 97.2,
        "daynight": "D",
        "source_dataset": "VIIRS_SNPP_NRT",
        "acq_datetime_utc": "2026-09-24T12:32:00Z",
        "age_hours": 33,
        "confidence_label": "baja",
        "popup_label": "<strong>NASA FIRMS<\/strong><br>Sensor: VIIRS_SNPP_NRT<br>Fecha UTC: 2026-09-24T12:32:00Z<br>Confianza: baja<br>FRP: 97.2 MW"
      }
    },
    {
      "type": "Feature",
      "geometry": {
        "type": "Point",
        "coordinates": [-7.8464, 41.9215]
      },
      "properties": {
        "bright_ti4": 367,
        "scan": 0.55,
        "track": 0.68,
        "acq_date": "2026-09-24",
        "acq_time": "1232",
        "satellite": "N",
        "instrument": "VIIRS",
        "confidence": "h",
        "version": "2.0NRT",
        "bright_ti5": 305.69,
        "frp": 137.68,
        "daynight": "D",
        "source_dataset": "VIIRS_SNPP_NRT",
        "acq_datetime_utc": "2026-09-24T12:32:00Z",
        "age_hours": 33,
        "confidence_label": "alta",
        "popup_label": "<strong>NASA FIRMS<\/strong><br>Sensor: VIIRS_SNPP_NRT<br>Fecha UTC: 2026-09-24T12:32:00Z<br>Confianza: alta<br>FRP: 137.68 MW"
      }
    },
    {
      "type": "Feature",
      "geometry": {
        "type": "Point",
        "coordinates": [2.0019, 42.7163]
      },
      "properties": {
        "bright_ti4": 346.49,
        "scan": 0.55,
        "track": 0.42,
        "acq_date": "2026-09-24",
        "acq_time": "1232",
        "satellite": "N",
        "instrument": "VIIRS",
        "confidence": "n",
        "version": "2.0NRT",
        "bright_ti5": 277.45,
        "frp": 10.82,
        "daynight": "D",
        "source_dataset": "VIIRS_SNPP_NRT",
        "acq_datetime_utc": "2026-09-24T12:32:00Z",
        "age_hours": 33,
        "confidence_label": "nominal",
        "popup_label": "<strong>NASA FIRMS<\/strong><br>Sensor: VIIRS_SNPP_NRT<br>Fecha UTC: 2026-09-24T12:32:00Z<br>Confianza: nominal<br>FRP: 10.82 MW"
      }
    },
    {
      "type": "Feature",
      "geometry": {
        "type": "Point",
        "coordinates": [2.0076, 42.7176]
      },
      "properties": {
        "bright_ti4": 329.61,
        "scan": 0.54,
        "track": 0.42,
        "acq_date": "2026-09-24",
        "acq_time": "1232",
        "satellite": "N",
        "instrument": "VIIRS",
        "confidence": "n",
        "version": "2.0NRT",
        "bright_ti5": 272.77,
        "frp": 6.04,
        "daynight": "D",
        "source_dataset": "VIIRS_SNPP_NRT",
        "acq_datetime_utc": "2026-09-24T12:32:00Z",
        "age_hours": 33,
        "confidence_label": "nominal",
        "popup_label": "<strong>NASA FIRMS<\/strong><br>Sensor: VIIRS_SNPP_NRT<br>Fecha UTC: 2026-09-24T12:32:00Z<br>Confianza: nominal<br>FRP: 6.04 MW"
      }
    },
    {
      "type": "Feature",
      "geometry": {
        "type": "Point",
        "coordinates": [-5.339, 43.22]
      },
      "properties": {
        "bright_ti4": 354.86,
        "scan": 0.38,
        "track": 0.59,
        "acq_date": "2026-09-24",
        "acq_time": "1232",
        "satellite": "N",
        "instrument": "VIIRS",
        "confidence": "n",
        "version": "2.0NRT",
        "bright_ti5": 303.8,
        "frp": 9.73,
        "daynight": "D",
        "source_dataset": "VIIRS_SNPP_NRT",
        "acq_datetime_utc": "2026-09-24T12:32:00Z",
        "age_hours": 33,
        "confidence_label": "nominal",
        "popup_label": "<strong>NASA FIRMS<\/strong><br>Sensor: VIIRS_SNPP_NRT<br>Fecha UTC: 2026-09-24T12:32:00Z<br>Confianza: nominal<br>FRP: 9.73 MW"
      }
    },
    {
      "type": "Feature",
      "geometry": {
        "type": "Point",
        "coordinates": [-5.332, 43.2219]
      },
      "properties": {
        "bright_ti4": 367,
        "scan": 0.38,
        "track": 0.59,
        "acq_date": "2026-09-24",
        "acq_time": "1232",
        "satellite": "N",
        "instrument": "VIIRS",
        "confidence": "h",
        "version": "2.0NRT",
        "bright_ti5": 305.79,
        "frp": 14.57,
        "daynight": "D",
        "source_dataset": "VIIRS_SNPP_NRT",
        "acq_datetime_utc": "2026-09-24T12:32:00Z",
        "age_hours": 33,
        "confidence_label": "alta",
        "popup_label": "<strong>NASA FIRMS<\/strong><br>Sensor: VIIRS_SNPP_NRT<br>Fecha UTC: 2026-09-24T12:32:00Z<br>Confianza: alta<br>FRP: 14.57 MW"
      }
    },
    {
      "type": "Feature",
      "geometry": {
        "type": "Point",
        "coordinates": [4.8817, 43.4416]
      },
      "properties": {
        "bright_ti4": 330.23,
        "scan": 0.42,
        "track": 0.38,
        "acq_date": "2026-09-24",
        "acq_time": "1232",
        "satellite": "N",
        "instrument": "VIIRS",
        "confidence": "n",
        "version": "2.0NRT",
        "bright_ti5": 285.49,
        "frp": 2.41,
        "daynight": "D",
        "source_dataset": "VIIRS_SNPP_NRT",
        "acq_datetime_utc": "2026-09-24T12:32:00Z",
        "age_hours": 33,
        "confidence_label": "nominal",
        "popup_label": "<strong>NASA FIRMS<\/strong><br>Sensor: VIIRS_SNPP_NRT<br>Fecha UTC: 2026-09-24T12:32:00Z<br>Confianza: nominal<br>FRP: 2.41 MW"
      }
    },
    {
      "type": "Feature",
      "geometry": {
        "type": "Point",
        "coordinates": [4.8971, 43.4444]
      },
      "properties": {
        "bright_ti4": 334.59,
        "scan": 0.42,
        "track": 0.38,
        "acq_date": "2026-09-24",
        "acq_time": "1232",
        "satellite": "N",
        "instrument": "VIIRS",
        "confidence": "n",
        "version": "2.0NRT",
        "bright_ti5": 286.78,
        "frp": 4.48,
        "daynight": "D",
        "source_dataset": "VIIRS_SNPP_NRT",
        "acq_datetime_utc": "2026-09-24T12:32:00Z",
        "age_hours": 33,
        "confidence_label": "nominal",
        "popup_label": "<strong>NASA FIRMS<\/strong><br>Sensor: VIIRS_SNPP_NRT<br>Fecha UTC: 2026-09-24T12:32:00Z<br>Confianza: nominal<br>FRP: 4.48 MW"
      }
    },
    {
      "type": "Feature",
      "geometry": {
        "type": "Point",
        "coordinates": [-5.7321, 43.521]
      },
      "properties": {
        "bright_ti4": 329.58,
        "scan": 0.39,
        "track": 0.59,
        "acq_date": "2026-09-24",
        "acq_time": "1232",
        "satellite": "N",
        "instrument": "VIIRS",
        "confidence": "l",
        "version": "2.0NRT",
        "bright_ti5": 303.61,
        "frp": 5.99,
        "daynight": "D",
        "source_dataset": "VIIRS_SNPP_NRT",
        "acq_datetime_utc": "2026-09-24T12:32:00Z",
        "age_hours": 33,
        "confidence_label": "baja",
        "popup_label": "<strong>NASA FIRMS<\/strong><br>Sensor: VIIRS_SNPP_NRT<br>Fecha UTC: 2026-09-24T12:32:00Z<br>Confianza: baja<br>FRP: 5.99 MW"
      }
    },
    {
      "type": "Feature",
      "geometry": {
        "type": "Point",
        "coordinates": [-5.7287, 43.5213]
      },
      "properties": {
        "bright_ti4": 331.74,
        "scan": 0.39,
        "track": 0.6,
        "acq_date": "2026-09-24",
        "acq_time": "1232",
        "satellite": "N",
        "instrument": "VIIRS",
        "confidence": "l",
        "version": "2.0NRT",
        "bright_ti5": 302.18,
        "frp": 2.4,
        "daynight": "D",
        "source_dataset": "VIIRS_SNPP_NRT",
        "acq_datetime_utc": "2026-09-24T12:32:00Z",
        "age_hours": 33,
        "confidence_label": "baja",
        "popup_label": "<strong>NASA FIRMS<\/strong><br>Sensor: VIIRS_SNPP_NRT<br>Fecha UTC: 2026-09-24T12:32:00Z<br>Confianza: baja<br>FRP: 2.4 MW"
      }
    },
    {
      "type": "Feature",
      "geometry": {
        "type": "Point",
        "coordinates": [-5.7275, 43.5224]
      },
      "properties": {
        "bright_ti4": 335.93,
        "scan": 0.39,
        "track": 0.59,
        "acq_date": "2026-09-24",
        "acq_time": "1232",
        "satellite": "N",
        "instrument": "VIIRS",
        "confidence": "n",
        "version": "2.0NRT",
        "bright_ti5": 302.14,
        "frp": 5.13,
        "daynight": "D",
        "source_dataset": "VIIRS_SNPP_NRT",
        "acq_datetime_utc": "2026-09-24T12:32:00Z",
        "age_hours": 33,
        "confidence_label": "nominal",
        "popup_label": "<strong>NASA FIRMS<\/strong><br>Sensor: VIIRS_SNPP_NRT<br>Fecha UTC: 2026-09-24T12:32:00Z<br>Confianza: nominal<br>FRP: 5.13 MW"
      }
    },
    {
      "type": "Feature",
      "geometry": {
        "type": "Point",
        "coordinates": [-5.7359, 43.5252]
      },
      "properties": {
        "bright_ti4": 334.7,
        "scan": 0.39,
        "track": 0.6,
        "acq_date": "2026-09-24",
        "acq_time": "1232",
        "satellite": "N",
        "instrument": "VIIRS",
        "confidence": "n",
        "version": "2.0NRT",
        "bright_ti5": 302.31,
        "frp": 1.95,
        "daynight": "D",
        "source_dataset": "VIIRS_SNPP_NRT",
        "acq_datetime_utc": "2026-09-24T12:32:00Z",
        "age_hours": 33,
        "confidence_label": "nominal",
        "popup_label": "<strong>NASA FIRMS<\/strong><br>Sensor: VIIRS_SNPP_NRT<br>Fecha UTC: 2026-09-24T12:32:00Z<br>Confianza: nominal<br>FRP: 1.95 MW"
      }
    },
    {
      "type": "Feature",
      "geometry": {
        "type": "Point",
        "coordinates": [4.9593, 43.5876]
      },
      "properties": {
        "bright_ti4": 345.84,
        "scan": 0.42,
        "track": 0.38,
        "acq_date": "2026-09-24",
        "acq_time": "1232",
        "satellite": "N",
        "instrument": "VIIRS",
        "confidence": "n",
        "version": "2.0NRT",
        "bright_ti5": 291.66,
        "frp": 4.07,
        "daynight": "D",
        "source_dataset": "VIIRS_SNPP_NRT",
        "acq_datetime_utc": "2026-09-24T12:32:00Z",
        "age_hours": 33,
        "confidence_label": "nominal",
        "popup_label": "<strong>NASA FIRMS<\/strong><br>Sensor: VIIRS_SNPP_NRT<br>Fecha UTC: 2026-09-24T12:32:00Z<br>Confianza: nominal<br>FRP: 4.07 MW"
      }
    },
    {
      "type": "Feature",
      "geometry": {
        "type": "Point",
        "coordinates": [4.9644, 43.5886]
      },
      "properties": {
        "bright_ti4": 335.97,
        "scan": 0.42,
        "track": 0.38,
        "acq_date": "2026-09-24",
        "acq_time": "1232",
        "satellite": "N",
        "instrument": "VIIRS",
        "confidence": "n",
        "version": "2.0NRT",
        "bright_ti5": 291.28,
        "frp": 3.11,
        "daynight": "D",
        "source_dataset": "VIIRS_SNPP_NRT",
        "acq_datetime_utc": "2026-09-24T12:32:00Z",
        "age_hours": 33,
        "confidence_label": "nominal",
        "popup_label": "<strong>NASA FIRMS<\/strong><br>Sensor: VIIRS_SNPP_NRT<br>Fecha UTC: 2026-09-24T12:32:00Z<br>Confianza: nominal<br>FRP: 3.11 MW"
      }
    },
    {
      "type": "Feature",
      "geometry": {
        "type": "Point",
        "coordinates": [4.9632, 43.592]
      },
      "properties": {
        "bright_ti4": 346.41,
        "scan": 0.42,
        "track": 0.38,
        "acq_date": "2026-09-24",
        "acq_time": "1232",
        "satellite": "N",
        "instrument": "VIIRS",
        "confidence": "n",
        "version": "2.0NRT",
        "bright_ti5": 292.31,
        "frp": 3.11,
        "daynight": "D",
        "source_dataset": "VIIRS_SNPP_NRT",
        "acq_datetime_utc": "2026-09-24T12:32:00Z",
        "age_hours": 33,
        "confidence_label": "nominal",
        "popup_label": "<strong>NASA FIRMS<\/strong><br>Sensor: VIIRS_SNPP_NRT<br>Fecha UTC: 2026-09-24T12:32:00Z<br>Confianza: nominal<br>FRP: 3.11 MW"
      }
    },
    {
      "type": "Feature",
      "geometry": {
        "type": "Point",
        "coordinates": [4.6638, 43.7825]
      },
      "properties": {
        "bright_ti4": 332.16,
        "scan": 0.42,
        "track": 0.38,
        "acq_date": "2026-09-24",
        "acq_time": "1232",
        "satellite": "N",
        "instrument": "VIIRS",
        "confidence": "n",
        "version": "2.0NRT",
        "bright_ti5": 284.37,
        "frp": 1.98,
        "daynight": "D",
        "source_dataset": "VIIRS_SNPP_NRT",
        "acq_datetime_utc": "2026-09-24T12:32:00Z",
        "age_hours": 33,
        "confidence_label": "nominal",
        "popup_label": "<strong>NASA FIRMS<\/strong><br>Sensor: VIIRS_SNPP_NRT<br>Fecha UTC: 2026-09-24T12:32:00Z<br>Confianza: nominal<br>FRP: 1.98 MW"
      }
    },
    {
      "type": "Feature",
      "geometry": {
        "type": "Point",
        "coordinates": [4.7926, 43.923]
      },
      "properties": {
        "bright_ti4": 334.17,
        "scan": 0.42,
        "track": 0.38,
        "acq_date": "2026-09-24",
        "acq_time": "1232",
        "satellite": "N",
        "instrument": "VIIRS",
        "confidence": "n",
        "version": "2.0NRT",
        "bright_ti5": 278.19,
        "frp": 1.82,
        "daynight": "D",
        "source_dataset": "VIIRS_SNPP_NRT",
        "acq_datetime_utc": "2026-09-24T12:32:00Z",
        "age_hours": 33,
        "confidence_label": "nominal",
        "popup_label": "<strong>NASA FIRMS<\/strong><br>Sensor: VIIRS_SNPP_NRT<br>Fecha UTC: 2026-09-24T12:32:00Z<br>Confianza: nominal<br>FRP: 1.82 MW"
      }
    },
    {
      "type": "Feature",
      "geometry": {
        "type": "Point",
        "coordinates": [-5.7115, 34.5476]
      },
      "properties": {
        "bright_ti4": 342.04,
        "scan": 0.7,
        "track": 0.75,
        "acq_date": "2026-09-24",
        "acq_time": "1229",
        "satellite": "N",
        "instrument": "VIIRS",
        "confidence": "n",
        "version": "2.0NRT",
        "bright_ti5": 307.09,
        "frp": 5.74,
        "daynight": "D",
        "source_dataset": "VIIRS_SNPP_NRT",
        "acq_datetime_utc": "2026-09-24T12:29:00Z",
        "age_hours": 33,
        "confidence_label": "nominal",
        "popup_label": "<strong>NASA FIRMS<\/strong><br>Sensor: VIIRS_SNPP_NRT<br>Fecha UTC: 2026-09-24T12:29:00Z<br>Confianza: nominal<br>FRP: 5.74 MW"
      }
    },
    {
      "type": "Feature",
      "geometry": {
        "type": "Point",
        "coordinates": [3.8042, 35.5021]
      },
      "properties": {
        "bright_ti4": 337.17,
        "scan": 0.42,
        "track": 0.45,
        "acq_date": "2026-09-24",
        "acq_time": "1229",
        "satellite": "N",
        "instrument": "VIIRS",
        "confidence": "n",
        "version": "2.0NRT",
        "bright_ti5": 307.48,
        "frp": 1.54,
        "daynight": "D",
        "source_dataset": "VIIRS_SNPP_NRT",
        "acq_datetime_utc": "2026-09-24T12:29:00Z",
        "age_hours": 33,
        "confidence_label": "nominal",
        "popup_label": "<strong>NASA FIRMS<\/strong><br>Sensor: VIIRS_SNPP_NRT<br>Fecha UTC: 2026-09-24T12:29:00Z<br>Confianza: nominal<br>FRP: 1.54 MW"
      }
    },
    {
      "type": "Feature",
      "geometry": {
        "type": "Point",
        "coordinates": [3.8048, 35.5037]
      },
      "properties": {
        "bright_ti4": 335.89,
        "scan": 0.42,
        "track": 0.45,
        "acq_date": "2026-09-24",
        "acq_time": "1229",
        "satellite": "N",
        "instrument": "VIIRS",
        "confidence": "l",
        "version": "2.0NRT",
        "bright_ti5": 308.37,
        "frp": 1.56,
        "daynight": "D",
        "source_dataset": "VIIRS_SNPP_NRT",
        "acq_datetime_utc": "2026-09-24T12:29:00Z",
        "age_hours": 33,
        "confidence_label": "baja",
        "popup_label": "<strong>NASA FIRMS<\/strong><br>Sensor: VIIRS_SNPP_NRT<br>Fecha UTC: 2026-09-24T12:29:00Z<br>Confianza: baja<br>FRP: 1.56 MW"
      }
    },
    {
      "type": "Feature",
      "geometry": {
        "type": "Point",
        "coordinates": [-0.254, 35.8092]
      },
      "properties": {
        "bright_ti4": 351.81,
        "scan": 0.34,
        "track": 0.56,
        "acq_date": "2026-09-24",
        "acq_time": "1229",
        "satellite": "N",
        "instrument": "VIIRS",
        "confidence": "n",
        "version": "2.0NRT",
        "bright_ti5": 303.91,
        "frp": 4.03,
        "daynight": "D",
        "source_dataset": "VIIRS_SNPP_NRT",
        "acq_datetime_utc": "2026-09-24T12:29:00Z",
        "age_hours": 33,
        "confidence_label": "nominal",
        "popup_label": "<strong>NASA FIRMS<\/strong><br>Sensor: VIIRS_SNPP_NRT<br>Fecha UTC: 2026-09-24T12:29:00Z<br>Confianza: nominal<br>FRP: 4.03 MW"
      }
    },
    {
      "type": "Feature",
      "geometry": {
        "type": "Point",
        "coordinates": [3.8297, 36.4727]
      },
      "properties": {
        "bright_ti4": 332.46,
        "scan": 0.4,
        "track": 0.44,
        "acq_date": "2026-09-24",
        "acq_time": "1229",
        "satellite": "N",
        "instrument": "VIIRS",
        "confidence": "l",
        "version": "2.0NRT",
        "bright_ti5": 305.78,
        "frp": 4.45,
        "daynight": "D",
        "source_dataset": "VIIRS_SNPP_NRT",
        "acq_datetime_utc": "2026-09-24T12:29:00Z",
        "age_hours": 33,
        "confidence_label": "baja",
        "popup_label": "<strong>NASA FIRMS<\/strong><br>Sensor: VIIRS_SNPP_NRT<br>Fecha UTC: 2026-09-24T12:29:00Z<br>Confianza: baja<br>FRP: 4.45 MW"
      }
    },
    {
      "type": "Feature",
      "geometry": {
        "type": "Point",
        "coordinates": [4.0269, 36.7175]
      },
      "properties": {
        "bright_ti4": 335.19,
        "scan": 0.38,
        "track": 0.44,
        "acq_date": "2026-09-24",
        "acq_time": "1229",
        "satellite": "N",
        "instrument": "VIIRS",
        "confidence": "n",
        "version": "2.0NRT",
        "bright_ti5": 304.42,
        "frp": 1.89,
        "daynight": "D",
        "source_dataset": "VIIRS_SNPP_NRT",
        "acq_datetime_utc": "2026-09-24T12:29:00Z",
        "age_hours": 33,
        "confidence_label": "nominal",
        "popup_label": "<strong>NASA FIRMS<\/strong><br>Sensor: VIIRS_SNPP_NRT<br>Fecha UTC: 2026-09-24T12:29:00Z<br>Confianza: nominal<br>FRP: 1.89 MW"
      }
    },
    {
      "type": "Feature",
      "geometry": {
        "type": "Point",
        "coordinates": [0.3049, 28.1145]
      },
      "properties": {
        "bright_ti4": 299.44,
        "scan": 0.64,
        "track": 0.72,
        "acq_date": "2026-09-24",
        "acq_time": "0251",
        "satellite": "N",
        "instrument": "VIIRS",
        "confidence": "n",
        "version": "2.0NRT",
        "bright_ti5": 289.29,
        "frp": 0.77,
        "daynight": "N",
        "source_dataset": "VIIRS_SNPP_NRT",
        "acq_datetime_utc": "2026-09-24T02:51:00Z",
        "age_hours": 42.7,
        "confidence_label": "nominal",
        "popup_label": "<strong>NASA FIRMS<\/strong><br>Sensor: VIIRS_SNPP_NRT<br>Fecha UTC: 2026-09-24T02:51:00Z<br>Confianza: nominal<br>FRP: 0.77 MW"
      }
    },
    {
      "type": "Feature",
      "geometry": {
        "type": "Point",
        "coordinates": [-0.5153, 28.1975]
      },
      "properties": {
        "bright_ti4": 308.22,
        "scan": 0.57,
        "track": 0.69,
        "acq_date": "2026-09-24",
        "acq_time": "0251",
        "satellite": "N",
        "instrument": "VIIRS",
        "confidence": "n",
        "version": "2.0NRT",
        "bright_ti5": 289.01,
        "frp": 1.59,
        "daynight": "N",
        "source_dataset": "VIIRS_SNPP_NRT",
        "acq_datetime_utc": "2026-09-24T02:51:00Z",
        "age_hours": 42.7,
        "confidence_label": "nominal",
        "popup_label": "<strong>NASA FIRMS<\/strong><br>Sensor: VIIRS_SNPP_NRT<br>Fecha UTC: 2026-09-24T02:51:00Z<br>Confianza: nominal<br>FRP: 1.59 MW"
      }
    },
    {
      "type": "Feature",
      "geometry": {
        "type": "Point",
        "coordinates": [-0.521, 28.1991]
      },
      "properties": {
        "bright_ti4": 304.95,
        "scan": 0.57,
        "track": 0.69,
        "acq_date": "2026-09-24",
        "acq_time": "0251",
        "satellite": "N",
        "instrument": "VIIRS",
        "confidence": "n",
        "version": "2.0NRT",
        "bright_ti5": 289.05,
        "frp": 1.59,
        "daynight": "N",
        "source_dataset": "VIIRS_SNPP_NRT",
        "acq_datetime_utc": "2026-09-24T02:51:00Z",
        "age_hours": 42.7,
        "confidence_label": "nominal",
        "popup_label": "<strong>NASA FIRMS<\/strong><br>Sensor: VIIRS_SNPP_NRT<br>Fecha UTC: 2026-09-24T02:51:00Z<br>Confianza: nominal<br>FRP: 1.59 MW"
      }
    },
    {
      "type": "Feature",
      "geometry": {
        "type": "Point",
        "coordinates": [-0.5132, 28.2026]
      },
      "properties": {
        "bright_ti4": 302.61,
        "scan": 0.57,
        "track": 0.69,
        "acq_date": "2026-09-24",
        "acq_time": "0251",
        "satellite": "N",
        "instrument": "VIIRS",
        "confidence": "n",
        "version": "2.0NRT",
        "bright_ti5": 289.02,
        "frp": 1.89,
        "daynight": "N",
        "source_dataset": "VIIRS_SNPP_NRT",
        "acq_datetime_utc": "2026-09-24T02:51:00Z",
        "age_hours": 42.7,
        "confidence_label": "nominal",
        "popup_label": "<strong>NASA FIRMS<\/strong><br>Sensor: VIIRS_SNPP_NRT<br>Fecha UTC: 2026-09-24T02:51:00Z<br>Confianza: nominal<br>FRP: 1.89 MW"
      }
    },
    {
      "type": "Feature",
      "geometry": {
        "type": "Point",
        "coordinates": [-9.271, 30.339]
      },
      "properties": {
        "bright_ti4": 318.21,
        "scan": 0.5,
        "track": 0.41,
        "acq_date": "2026-09-24",
        "acq_time": "0251",
        "satellite": "N",
        "instrument": "VIIRS",
        "confidence": "n",
        "version": "2.0NRT",
        "bright_ti5": 290.98,
        "frp": 1.89,
        "daynight": "N",
        "source_dataset": "VIIRS_SNPP_NRT",
        "acq_datetime_utc": "2026-09-24T02:51:00Z",
        "age_hours": 42.7,
        "confidence_label": "nominal",
        "popup_label": "<strong>NASA FIRMS<\/strong><br>Sensor: VIIRS_SNPP_NRT<br>Fecha UTC: 2026-09-24T02:51:00Z<br>Confianza: nominal<br>FRP: 1.89 MW"
      }
    },
    {
      "type": "Feature",
      "geometry": {
        "type": "Point",
        "coordinates": [-7.1847, 32.198]
      },
      "properties": {
        "bright_ti4": 301.87,
        "scan": 0.39,
        "track": 0.44,
        "acq_date": "2026-09-24",
        "acq_time": "0251",
        "satellite": "N",
        "instrument": "VIIRS",
        "confidence": "n",
        "version": "2.0NRT",
        "bright_ti5": 291.61,
        "frp": 0.89,
        "daynight": "N",
        "source_dataset": "VIIRS_SNPP_NRT",
        "acq_datetime_utc": "2026-09-24T02:51:00Z",
        "age_hours": 42.7,
        "confidence_label": "nominal",
        "popup_label": "<strong>NASA FIRMS<\/strong><br>Sensor: VIIRS_SNPP_NRT<br>Fecha UTC: 2026-09-24T02:51:00Z<br>Confianza: nominal<br>FRP: 0.89 MW"
      }
    },
    {
      "type": "Feature",
      "geometry": {
        "type": "Point",
        "coordinates": [3.988, 32.2756]
      },
      "properties": {
        "bright_ti4": 331.08,
        "scan": 0.79,
        "track": 0.78,
        "acq_date": "2026-09-24",
        "acq_time": "0251",
        "satellite": "N",
        "instrument": "VIIRS",
        "confidence": "n",
        "version": "2.0NRT",
        "bright_ti5": 286.7,
        "frp": 4.89,
        "daynight": "N",
        "source_dataset": "VIIRS_SNPP_NRT",
        "acq_datetime_utc": "2026-09-24T02:51:00Z",
        "age_hours": 42.7,
        "confidence_label": "nominal",
        "popup_label": "<strong>NASA FIRMS<\/strong><br>Sensor: VIIRS_SNPP_NRT<br>Fecha UTC: 2026-09-24T02:51:00Z<br>Confianza: nominal<br>FRP: 4.89 MW"
      }
    },
    {
      "type": "Feature",
      "geometry": {
        "type": "Point",
        "coordinates": [3.1707, 32.5547]
      },
      "properties": {
        "bright_ti4": 308.57,
        "scan": 0.71,
        "track": 0.75,
        "acq_date": "2026-09-24",
        "acq_time": "0251",
        "satellite": "N",
        "instrument": "VIIRS",
        "confidence": "n",
        "version": "2.0NRT",
        "bright_ti5": 286.57,
        "frp": 1.83,
        "daynight": "N",
        "source_dataset": "VIIRS_SNPP_NRT",
        "acq_datetime_utc": "2026-09-24T02:51:00Z",
        "age_hours": 42.7,
        "confidence_label": "nominal",
        "popup_label": "<strong>NASA FIRMS<\/strong><br>Sensor: VIIRS_SNPP_NRT<br>Fecha UTC: 2026-09-24T02:51:00Z<br>Confianza: nominal<br>FRP: 1.83 MW"
      }
    },
    {
      "type": "Feature",
      "geometry": {
        "type": "Point",
        "coordinates": [3.1689, 32.5549]
      },
      "properties": {
        "bright_ti4": 315.78,
        "scan": 0.71,
        "track": 0.75,
        "acq_date": "2026-09-24",
        "acq_time": "0251",
        "satellite": "N",
        "instrument": "VIIRS",
        "confidence": "n",
        "version": "2.0NRT",
        "bright_ti5": 286.18,
        "frp": 1.77,
        "daynight": "N",
        "source_dataset": "VIIRS_SNPP_NRT",
        "acq_datetime_utc": "2026-09-24T02:51:00Z",
        "age_hours": 42.7,
        "confidence_label": "nominal",
        "popup_label": "<strong>NASA FIRMS<\/strong><br>Sensor: VIIRS_SNPP_NRT<br>Fecha UTC: 2026-09-24T02:51:00Z<br>Confianza: nominal<br>FRP: 1.77 MW"
      }
    },
    {
      "type": "Feature",
      "geometry": {
        "type": "Point",
        "coordinates": [3.1861, 32.743]
      },
      "properties": {
        "bright_ti4": 300.32,
        "scan": 0.7,
        "track": 0.75,
        "acq_date": "2026-09-24",
        "acq_time": "0251",
        "satellite": "N",
        "instrument": "VIIRS",
        "confidence": "n",
        "version": "2.0NRT",
        "bright_ti5": 285.24,
        "frp": 1.29,
        "daynight": "N",
        "source_dataset": "VIIRS_SNPP_NRT",
        "acq_datetime_utc": "2026-09-24T02:51:00Z",
        "age_hours": 42.7,
        "confidence_label": "nominal",
        "popup_label": "<strong>NASA FIRMS<\/strong><br>Sensor: VIIRS_SNPP_NRT<br>Fecha UTC: 2026-09-24T02:51:00Z<br>Confianza: nominal<br>FRP: 1.29 MW"
      }
    },
    {
      "type": "Feature",
      "geometry": {
        "type": "Point",
        "coordinates": [3.1788, 32.7452]
      },
      "properties": {
        "bright_ti4": 299.02,
        "scan": 0.7,
        "track": 0.75,
        "acq_date": "2026-09-24",
        "acq_time": "0251",
        "satellite": "N",
        "instrument": "VIIRS",
        "confidence": "n",
        "version": "2.0NRT",
        "bright_ti5": 285.81,
        "frp": 2.18,
        "daynight": "N",
        "source_dataset": "VIIRS_SNPP_NRT",
        "acq_datetime_utc": "2026-09-24T02:51:00Z",
        "age_hours": 42.7,
        "confidence_label": "nominal",
        "popup_label": "<strong>NASA FIRMS<\/strong><br>Sensor: VIIRS_SNPP_NRT<br>Fecha UTC: 2026-09-24T02:51:00Z<br>Confianza: nominal<br>FRP: 2.18 MW"
      }
    },
    {
      "type": "Feature",
      "geometry": {
        "type": "Point",
        "coordinates": [3.2335, 32.9294]
      },
      "properties": {
        "bright_ti4": 301.37,
        "scan": 0.7,
        "track": 0.75,
        "acq_date": "2026-09-24",
        "acq_time": "0251",
        "satellite": "N",
        "instrument": "VIIRS",
        "confidence": "n",
        "version": "2.0NRT",
        "bright_ti5": 285.34,
        "frp": 1.47,
        "daynight": "N",
        "source_dataset": "VIIRS_SNPP_NRT",
        "acq_datetime_utc": "2026-09-24T02:51:00Z",
        "age_hours": 42.7,
        "confidence_label": "nominal",
        "popup_label": "<strong>NASA FIRMS<\/strong><br>Sensor: VIIRS_SNPP_NRT<br>Fecha UTC: 2026-09-24T02:51:00Z<br>Confianza: nominal<br>FRP: 1.47 MW"
      }
    },
    {
      "type": "Feature",
      "geometry": {
        "type": "Point",
        "coordinates": [3.2353, 32.9296]
      },
      "properties": {
        "bright_ti4": 302.65,
        "scan": 0.7,
        "track": 0.75,
        "acq_date": "2026-09-24",
        "acq_time": "0251",
        "satellite": "N",
        "instrument": "VIIRS",
        "confidence": "n",
        "version": "2.0NRT",
        "bright_ti5": 285.59,
        "frp": 2.18,
        "daynight": "N",
        "source_dataset": "VIIRS_SNPP_NRT",
        "acq_datetime_utc": "2026-09-24T02:51:00Z",
        "age_hours": 42.7,
        "confidence_label": "nominal",
        "popup_label": "<strong>NASA FIRMS<\/strong><br>Sensor: VIIRS_SNPP_NRT<br>Fecha UTC: 2026-09-24T02:51:00Z<br>Confianza: nominal<br>FRP: 2.18 MW"
      }
    },
    {
      "type": "Feature",
      "geometry": {
        "type": "Point",
        "coordinates": [3.2363, 32.936]
      },
      "properties": {
        "bright_ti4": 304.53,
        "scan": 0.7,
        "track": 0.75,
        "acq_date": "2026-09-24",
        "acq_time": "0251",
        "satellite": "N",
        "instrument": "VIIRS",
        "confidence": "n",
        "version": "2.0NRT",
        "bright_ti5": 285.93,
        "frp": 1.47,
        "daynight": "N",
        "source_dataset": "VIIRS_SNPP_NRT",
        "acq_datetime_utc": "2026-09-24T02:51:00Z",
        "age_hours": 42.7,
        "confidence_label": "nominal",
        "popup_label": "<strong>NASA FIRMS<\/strong><br>Sensor: VIIRS_SNPP_NRT<br>Fecha UTC: 2026-09-24T02:51:00Z<br>Confianza: nominal<br>FRP: 1.47 MW"
      }
    },
    {
      "type": "Feature",
      "geometry": {
        "type": "Point",
        "coordinates": [3.2319, 32.9448]
      },
      "properties": {
        "bright_ti4": 302.17,
        "scan": 0.7,
        "track": 0.75,
        "acq_date": "2026-09-24",
        "acq_time": "0251",
        "satellite": "N",
        "instrument": "VIIRS",
        "confidence": "n",
        "version": "2.0NRT",
        "bright_ti5": 285.76,
        "frp": 1.27,
        "daynight": "N",
        "source_dataset": "VIIRS_SNPP_NRT",
        "acq_datetime_utc": "2026-09-24T02:51:00Z",
        "age_hours": 42.7,
        "confidence_label": "nominal",
        "popup_label": "<strong>NASA FIRMS<\/strong><br>Sensor: VIIRS_SNPP_NRT<br>Fecha UTC: 2026-09-24T02:51:00Z<br>Confianza: nominal<br>FRP: 1.27 MW"
      }
    },
    {
      "type": "Feature",
      "geometry": {
        "type": "Point",
        "coordinates": [3.2247, 32.947]
      },
      "properties": {
        "bright_ti4": 298.24,
        "scan": 0.7,
        "track": 0.75,
        "acq_date": "2026-09-24",
        "acq_time": "0251",
        "satellite": "N",
        "instrument": "VIIRS",
        "confidence": "n",
        "version": "2.0NRT",
        "bright_ti5": 285.19,
        "frp": 1.27,
        "daynight": "N",
        "source_dataset": "VIIRS_SNPP_NRT",
        "acq_datetime_utc": "2026-09-24T02:51:00Z",
        "age_hours": 42.7,
        "confidence_label": "nominal",
        "popup_label": "<strong>NASA FIRMS<\/strong><br>Sensor: VIIRS_SNPP_NRT<br>Fecha UTC: 2026-09-24T02:51:00Z<br>Confianza: nominal<br>FRP: 1.27 MW"
      }
    },
    {
      "type": "Feature",
      "geometry": {
        "type": "Point",
        "coordinates": [-0.341, 33.4767]
      },
      "properties": {
        "bright_ti4": 297.54,
        "scan": 0.44,
        "track": 0.62,
        "acq_date": "2026-09-24",
        "acq_time": "0251",
        "satellite": "N",
        "instrument": "VIIRS",
        "confidence": "n",
        "version": "2.0NRT",
        "bright_ti5": 286.29,
        "frp": 0.85,
        "daynight": "N",
        "source_dataset": "VIIRS_SNPP_NRT",
        "acq_datetime_utc": "2026-09-24T02:51:00Z",
        "age_hours": 42.7,
        "confidence_label": "nominal",
        "popup_label": "<strong>NASA FIRMS<\/strong><br>Sensor: VIIRS_SNPP_NRT<br>Fecha UTC: 2026-09-24T02:51:00Z<br>Confianza: nominal<br>FRP: 0.85 MW"
      }
    },
    {
      "type": "Feature",
      "geometry": {
        "type": "Point",
        "coordinates": [-5.3335, 33.8454]
      },
      "properties": {
        "bright_ti4": 304.5,
        "scan": 0.45,
        "track": 0.47,
        "acq_date": "2026-09-24",
        "acq_time": "0251",
        "satellite": "N",
        "instrument": "VIIRS",
        "confidence": "n",
        "version": "2.0NRT",
        "bright_ti5": 286.58,
        "frp": 0.96,
        "daynight": "N",
        "source_dataset": "VIIRS_SNPP_NRT",
        "acq_datetime_utc": "2026-09-24T02:51:00Z",
        "age_hours": 42.7,
        "confidence_label": "nominal",
        "popup_label": "<strong>NASA FIRMS<\/strong><br>Sensor: VIIRS_SNPP_NRT<br>Fecha UTC: 2026-09-24T02:51:00Z<br>Confianza: nominal<br>FRP: 0.96 MW"
      }
    },
    {
      "type": "Feature",
      "geometry": {
        "type": "Point",
        "coordinates": [3.3245, 33.1257]
      },
      "properties": {
        "bright_ti4": 302.71,
        "scan": 0.7,
        "track": 0.75,
        "acq_date": "2026-09-24",
        "acq_time": "0249",
        "satellite": "N",
        "instrument": "VIIRS",
        "confidence": "n",
        "version": "2.0NRT",
        "bright_ti5": 286.2,
        "frp": 2.02,
        "daynight": "N",
        "source_dataset": "VIIRS_SNPP_NRT",
        "acq_datetime_utc": "2026-09-24T02:49:00Z",
        "age_hours": 42.7,
        "confidence_label": "nominal",
        "popup_label": "<strong>NASA FIRMS<\/strong><br>Sensor: VIIRS_SNPP_NRT<br>Fecha UTC: 2026-09-24T02:49:00Z<br>Confianza: nominal<br>FRP: 2.02 MW"
      }
    },
    {
      "type": "Feature",
      "geometry": {
        "type": "Point",
        "coordinates": [3.3216, 33.1259]
      },
      "properties": {
        "bright_ti4": 309.71,
        "scan": 0.7,
        "track": 0.75,
        "acq_date": "2026-09-24",
        "acq_time": "0249",
        "satellite": "N",
        "instrument": "VIIRS",
        "confidence": "n",
        "version": "2.0NRT",
        "bright_ti5": 286.15,
        "frp": 2.96,
        "daynight": "N",
        "source_dataset": "VIIRS_SNPP_NRT",
        "acq_datetime_utc": "2026-09-24T02:49:00Z",
        "age_hours": 42.7,
        "confidence_label": "nominal",
        "popup_label": "<strong>NASA FIRMS<\/strong><br>Sensor: VIIRS_SNPP_NRT<br>Fecha UTC: 2026-09-24T02:49:00Z<br>Confianza: nominal<br>FRP: 2.96 MW"
      }
    },
    {
      "type": "Feature",
      "geometry": {
        "type": "Point",
        "coordinates": [3.3173, 33.1278]
      },
      "properties": {
        "bright_ti4": 300.17,
        "scan": 0.7,
        "track": 0.75,
        "acq_date": "2026-09-24",
        "acq_time": "0249",
        "satellite": "N",
        "instrument": "VIIRS",
        "confidence": "n",
        "version": "2.0NRT",
        "bright_ti5": 285.46,
        "frp": 2.02,
        "daynight": "N",
        "source_dataset": "VIIRS_SNPP_NRT",
        "acq_datetime_utc": "2026-09-24T02:49:00Z",
        "age_hours": 42.7,
        "confidence_label": "nominal",
        "popup_label": "<strong>NASA FIRMS<\/strong><br>Sensor: VIIRS_SNPP_NRT<br>Fecha UTC: 2026-09-24T02:49:00Z<br>Confianza: nominal<br>FRP: 2.02 MW"
      }
    },
    {
      "type": "Feature",
      "geometry": {
        "type": "Point",
        "coordinates": [0.3301, 34.7991]
      },
      "properties": {
        "bright_ti4": 295.57,
        "scan": 0.44,
        "track": 0.62,
        "acq_date": "2026-09-24",
        "acq_time": "0249",
        "satellite": "N",
        "instrument": "VIIRS",
        "confidence": "n",
        "version": "2.0NRT",
        "bright_ti5": 284.7,
        "frp": 0.62,
        "daynight": "N",
        "source_dataset": "VIIRS_SNPP_NRT",
        "acq_datetime_utc": "2026-09-24T02:49:00Z",
        "age_hours": 42.7,
        "confidence_label": "nominal",
        "popup_label": "<strong>NASA FIRMS<\/strong><br>Sensor: VIIRS_SNPP_NRT<br>Fecha UTC: 2026-09-24T02:49:00Z<br>Confianza: nominal<br>FRP: 0.62 MW"
      }
    },
    {
      "type": "Feature",
      "geometry": {
        "type": "Point",
        "coordinates": [-1.3423, 35.31]
      },
      "properties": {
        "bright_ti4": 307.51,
        "scan": 0.35,
        "track": 0.56,
        "acq_date": "2026-09-24",
        "acq_time": "0249",
        "satellite": "N",
        "instrument": "VIIRS",
        "confidence": "n",
        "version": "2.0NRT",
        "bright_ti5": 290.43,
        "frp": 1.09,
        "daynight": "N",
        "source_dataset": "VIIRS_SNPP_NRT",
        "acq_datetime_utc": "2026-09-24T02:49:00Z",
        "age_hours": 42.7,
        "confidence_label": "nominal",
        "popup_label": "<strong>NASA FIRMS<\/strong><br>Sensor: VIIRS_SNPP_NRT<br>Fecha UTC: 2026-09-24T02:49:00Z<br>Confianza: nominal<br>FRP: 1.09 MW"
      }
    },
    {
      "type": "Feature",
      "geometry": {
        "type": "Point",
        "coordinates": [-0.9373, 35.5678]
      },
      "properties": {
        "bright_ti4": 304.1,
        "scan": 0.36,
        "track": 0.57,
        "acq_date": "2026-09-24",
        "acq_time": "0249",
        "satellite": "N",
        "instrument": "VIIRS",
        "confidence": "n",
        "version": "2.0NRT",
        "bright_ti5": 289.49,
        "frp": 0.77,
        "daynight": "N",
        "source_dataset": "VIIRS_SNPP_NRT",
        "acq_datetime_utc": "2026-09-24T02:49:00Z",
        "age_hours": 42.7,
        "confidence_label": "nominal",
        "popup_label": "<strong>NASA FIRMS<\/strong><br>Sensor: VIIRS_SNPP_NRT<br>Fecha UTC: 2026-09-24T02:49:00Z<br>Confianza: nominal<br>FRP: 0.77 MW"
      }
    },
    {
      "type": "Feature",
      "geometry": {
        "type": "Point",
        "coordinates": [-0.2442, 35.8033]
      },
      "properties": {
        "bright_ti4": 303.17,
        "scan": 0.38,
        "track": 0.59,
        "acq_date": "2026-09-24",
        "acq_time": "0249",
        "satellite": "N",
        "instrument": "VIIRS",
        "confidence": "n",
        "version": "2.0NRT",
        "bright_ti5": 290.36,
        "frp": 1.87,
        "daynight": "N",
        "source_dataset": "VIIRS_SNPP_NRT",
        "acq_datetime_utc": "2026-09-24T02:49:00Z",
        "age_hours": 42.7,
        "confidence_label": "nominal",
        "popup_label": "<strong>NASA FIRMS<\/strong><br>Sensor: VIIRS_SNPP_NRT<br>Fecha UTC: 2026-09-24T02:49:00Z<br>Confianza: nominal<br>FRP: 1.87 MW"
      }
    },
    {
      "type": "Feature",
      "geometry": {
        "type": "Point",
        "coordinates": [-0.2336, 35.8063]
      },
      "properties": {
        "bright_ti4": 300.02,
        "scan": 0.38,
        "track": 0.59,
        "acq_date": "2026-09-24",
        "acq_time": "0249",
        "satellite": "N",
        "instrument": "VIIRS",
        "confidence": "n",
        "version": "2.0NRT",
        "bright_ti5": 289.97,
        "frp": 0.93,
        "daynight": "N",
        "source_dataset": "VIIRS_SNPP_NRT",
        "acq_datetime_utc": "2026-09-24T02:49:00Z",
        "age_hours": 42.7,
        "confidence_label": "nominal",
        "popup_label": "<strong>NASA FIRMS<\/strong><br>Sensor: VIIRS_SNPP_NRT<br>Fecha UTC: 2026-09-24T02:49:00Z<br>Confianza: nominal<br>FRP: 0.93 MW"
      }
    },
    {
      "type": "Feature",
      "geometry": {
        "type": "Point",
        "coordinates": [-0.2567, 35.8066]
      },
      "properties": {
        "bright_ti4": 302.3,
        "scan": 0.38,
        "track": 0.59,
        "acq_date": "2026-09-24",
        "acq_time": "0249",
        "satellite": "N",
        "instrument": "VIIRS",
        "confidence": "n",
        "version": "2.0NRT",
        "bright_ti5": 289.8,
        "frp": 1.08,
        "daynight": "N",
        "source_dataset": "VIIRS_SNPP_NRT",
        "acq_datetime_utc": "2026-09-24T02:49:00Z",
        "age_hours": 42.7,
        "confidence_label": "nominal",
        "popup_label": "<strong>NASA FIRMS<\/strong><br>Sensor: VIIRS_SNPP_NRT<br>Fecha UTC: 2026-09-24T02:49:00Z<br>Confianza: nominal<br>FRP: 1.08 MW"
      }
    },
    {
      "type": "Feature",
      "geometry": {
        "type": "Point",
        "coordinates": [-0.2501, 35.8107]
      },
      "properties": {
        "bright_ti4": 301.13,
        "scan": 0.38,
        "track": 0.59,
        "acq_date": "2026-09-24",
        "acq_time": "0249",
        "satellite": "N",
        "instrument": "VIIRS",
        "confidence": "n",
        "version": "2.0NRT",
        "bright_ti5": 289.71,
        "frp": 2.14,
        "daynight": "N",
        "source_dataset": "VIIRS_SNPP_NRT",
        "acq_datetime_utc": "2026-09-24T02:49:00Z",
        "age_hours": 42.7,
        "confidence_label": "nominal",
        "popup_label": "<strong>NASA FIRMS<\/strong><br>Sensor: VIIRS_SNPP_NRT<br>Fecha UTC: 2026-09-24T02:49:00Z<br>Confianza: nominal<br>FRP: 2.14 MW"
      }
    },
    {
      "type": "Feature",
      "geometry": {
        "type": "Point",
        "coordinates": [-0.2543, 35.8118]
      },
      "properties": {
        "bright_ti4": 308.91,
        "scan": 0.38,
        "track": 0.59,
        "acq_date": "2026-09-24",
        "acq_time": "0249",
        "satellite": "N",
        "instrument": "VIIRS",
        "confidence": "n",
        "version": "2.0NRT",
        "bright_ti5": 290.98,
        "frp": 1.08,
        "daynight": "N",
        "source_dataset": "VIIRS_SNPP_NRT",
        "acq_datetime_utc": "2026-09-24T02:49:00Z",
        "age_hours": 42.7,
        "confidence_label": "nominal",
        "popup_label": "<strong>NASA FIRMS<\/strong><br>Sensor: VIIRS_SNPP_NRT<br>Fecha UTC: 2026-09-24T02:49:00Z<br>Confianza: nominal<br>FRP: 1.08 MW"
      }
    },
    {
      "type": "Feature",
      "geometry": {
        "type": "Point",
        "coordinates": [-0.2667, 35.8151]
      },
      "properties": {
        "bright_ti4": 307.87,
        "scan": 0.38,
        "track": 0.59,
        "acq_date": "2026-09-24",
        "acq_time": "0249",
        "satellite": "N",
        "instrument": "VIIRS",
        "confidence": "n",
        "version": "2.0NRT",
        "bright_ti5": 291.23,
        "frp": 1.39,
        "daynight": "N",
        "source_dataset": "VIIRS_SNPP_NRT",
        "acq_datetime_utc": "2026-09-24T02:49:00Z",
        "age_hours": 42.7,
        "confidence_label": "nominal",
        "popup_label": "<strong>NASA FIRMS<\/strong><br>Sensor: VIIRS_SNPP_NRT<br>Fecha UTC: 2026-09-24T02:49:00Z<br>Confianza: nominal<br>FRP: 1.39 MW"
      }
    },
    {
      "type": "Feature",
      "geometry": {
        "type": "Point",
        "coordinates": [-0.3233, 35.8243]
      },
      "properties": {
        "bright_ti4": 304.97,
        "scan": 0.38,
        "track": 0.59,
        "acq_date": "2026-09-24",
        "acq_time": "0249",
        "satellite": "N",
        "instrument": "VIIRS",
        "confidence": "n",
        "version": "2.0NRT",
        "bright_ti5": 290.53,
        "frp": 1.14,
        "daynight": "N",
        "source_dataset": "VIIRS_SNPP_NRT",
        "acq_datetime_utc": "2026-09-24T02:49:00Z",
        "age_hours": 42.7,
        "confidence_label": "nominal",
        "popup_label": "<strong>NASA FIRMS<\/strong><br>Sensor: VIIRS_SNPP_NRT<br>Fecha UTC: 2026-09-24T02:49:00Z<br>Confianza: nominal<br>FRP: 1.14 MW"
      }
    },
    {
      "type": "Feature",
      "geometry": {
        "type": "Point",
        "coordinates": [4.4459, 35.8804]
      },
      "properties": {
        "bright_ti4": 299.06,
        "scan": 0.67,
        "track": 0.74,
        "acq_date": "2026-09-24",
        "acq_time": "0249",
        "satellite": "N",
        "instrument": "VIIRS",
        "confidence": "n",
        "version": "2.0NRT",
        "bright_ti5": 288.74,
        "frp": 1.47,
        "daynight": "N",
        "source_dataset": "VIIRS_SNPP_NRT",
        "acq_datetime_utc": "2026-09-24T02:49:00Z",
        "age_hours": 42.7,
        "confidence_label": "nominal",
        "popup_label": "<strong>NASA FIRMS<\/strong><br>Sensor: VIIRS_SNPP_NRT<br>Fecha UTC: 2026-09-24T02:49:00Z<br>Confianza: nominal<br>FRP: 1.47 MW"
      }
    },
    {
      "type": "Feature",
      "geometry": {
        "type": "Point",
        "coordinates": [1.2423, 36.13]
      },
      "properties": {
        "bright_ti4": 308.59,
        "scan": 0.45,
        "track": 0.63,
        "acq_date": "2026-09-24",
        "acq_time": "0249",
        "satellite": "N",
        "instrument": "VIIRS",
        "confidence": "n",
        "version": "2.0NRT",
        "bright_ti5": 291.78,
        "frp": 1.57,
        "daynight": "N",
        "source_dataset": "VIIRS_SNPP_NRT",
        "acq_datetime_utc": "2026-09-24T02:49:00Z",
        "age_hours": 42.7,
        "confidence_label": "nominal",
        "popup_label": "<strong>NASA FIRMS<\/strong><br>Sensor: VIIRS_SNPP_NRT<br>Fecha UTC: 2026-09-24T02:49:00Z<br>Confianza: nominal<br>FRP: 1.57 MW"
      }
    },
    {
      "type": "Feature",
      "geometry": {
        "type": "Point",
        "coordinates": [3.1266, 36.6791]
      },
      "properties": {
        "bright_ti4": 300.39,
        "scan": 0.55,
        "track": 0.68,
        "acq_date": "2026-09-24",
        "acq_time": "0249",
        "satellite": "N",
        "instrument": "VIIRS",
        "confidence": "n",
        "version": "2.0NRT",
        "bright_ti5": 289.84,
        "frp": 1.32,
        "daynight": "N",
        "source_dataset": "VIIRS_SNPP_NRT",
        "acq_datetime_utc": "2026-09-24T02:49:00Z",
        "age_hours": 42.7,
        "confidence_label": "nominal",
        "popup_label": "<strong>NASA FIRMS<\/strong><br>Sensor: VIIRS_SNPP_NRT<br>Fecha UTC: 2026-09-24T02:49:00Z<br>Confianza: nominal<br>FRP: 1.32 MW"
      }
    },
    {
      "type": "Feature",
      "geometry": {
        "type": "Point",
        "coordinates": [3.9799, 36.7315]
      },
      "properties": {
        "bright_ti4": 299.57,
        "scan": 0.6,
        "track": 0.71,
        "acq_date": "2026-09-24",
        "acq_time": "0249",
        "satellite": "N",
        "instrument": "VIIRS",
        "confidence": "n",
        "version": "2.0NRT",
        "bright_ti5": 288.74,
        "frp": 3.38,
        "daynight": "N",
        "source_dataset": "VIIRS_SNPP_NRT",
        "acq_datetime_utc": "2026-09-24T02:49:00Z",
        "age_hours": 42.7,
        "confidence_label": "nominal",
        "popup_label": "<strong>NASA FIRMS<\/strong><br>Sensor: VIIRS_SNPP_NRT<br>Fecha UTC: 2026-09-24T02:49:00Z<br>Confianza: nominal<br>FRP: 3.38 MW"
      }
    },
    {
      "type": "Feature",
      "geometry": {
        "type": "Point",
        "coordinates": [3.9736, 36.7335]
      },
      "properties": {
        "bright_ti4": 335.29,
        "scan": 0.6,
        "track": 0.71,
        "acq_date": "2026-09-24",
        "acq_time": "0249",
        "satellite": "N",
        "instrument": "VIIRS",
        "confidence": "n",
        "version": "2.0NRT",
        "bright_ti5": 290.03,
        "frp": 3.38,
        "daynight": "N",
        "source_dataset": "VIIRS_SNPP_NRT",
        "acq_datetime_utc": "2026-09-24T02:49:00Z",
        "age_hours": 42.7,
        "confidence_label": "nominal",
        "popup_label": "<strong>NASA FIRMS<\/strong><br>Sensor: VIIRS_SNPP_NRT<br>Fecha UTC: 2026-09-24T02:49:00Z<br>Confianza: nominal<br>FRP: 3.38 MW"
      }
    },
    {
      "type": "Feature",
      "geometry": {
        "type": "Point",
        "coordinates": [3.9755, 36.7341]
      },
      "properties": {
        "bright_ti4": 343.18,
        "scan": 0.6,
        "track": 0.71,
        "acq_date": "2026-09-24",
        "acq_time": "0249",
        "satellite": "N",
        "instrument": "VIIRS",
        "confidence": "n",
        "version": "2.0NRT",
        "bright_ti5": 290.02,
        "frp": 7.61,
        "daynight": "N",
        "source_dataset": "VIIRS_SNPP_NRT",
        "acq_datetime_utc": "2026-09-24T02:49:00Z",
        "age_hours": 42.7,
        "confidence_label": "nominal",
        "popup_label": "<strong>NASA FIRMS<\/strong><br>Sensor: VIIRS_SNPP_NRT<br>Fecha UTC: 2026-09-24T02:49:00Z<br>Confianza: nominal<br>FRP: 7.61 MW"
      }
    },
    {
      "type": "Feature",
      "geometry": {
        "type": "Point",
        "coordinates": [-6.3679, 37.2868]
      },
      "properties": {
        "bright_ti4": 316.85,
        "scan": 0.52,
        "track": 0.42,
        "acq_date": "2026-09-24",
        "acq_time": "0249",
        "satellite": "N",
        "instrument": "VIIRS",
        "confidence": "n",
        "version": "2.0NRT",
        "bright_ti5": 290.49,
        "frp": 1.65,
        "daynight": "N",
        "source_dataset": "VIIRS_SNPP_NRT",
        "acq_datetime_utc": "2026-09-24T02:49:00Z",
        "age_hours": 42.7,
        "confidence_label": "nominal",
        "popup_label": "<strong>NASA FIRMS<\/strong><br>Sensor: VIIRS_SNPP_NRT<br>Fecha UTC: 2026-09-24T02:49:00Z<br>Confianza: nominal<br>FRP: 1.65 MW"
      }
    },
    {
      "type": "Feature",
      "geometry": {
        "type": "Point",
        "coordinates": [-8.7983, 37.9524]
      },
      "properties": {
        "bright_ti4": 303.52,
        "scan": 0.42,
        "track": 0.37,
        "acq_date": "2026-09-24",
        "acq_time": "0249",
        "satellite": "N",
        "instrument": "VIIRS",
        "confidence": "n",
        "version": "2.0NRT",
        "bright_ti5": 289.38,
        "frp": 1.7,
        "daynight": "N",
        "source_dataset": "VIIRS_SNPP_NRT",
        "acq_datetime_utc": "2026-09-24T02:49:00Z",
        "age_hours": 42.7,
        "confidence_label": "nominal",
        "popup_label": "<strong>NASA FIRMS<\/strong><br>Sensor: VIIRS_SNPP_NRT<br>Fecha UTC: 2026-09-24T02:49:00Z<br>Confianza: nominal<br>FRP: 1.7 MW"
      }
    },
    {
      "type": "Feature",
      "geometry": {
        "type": "Point",
        "coordinates": [-4.0591, 38.6775]
      },
      "properties": {
        "bright_ti4": 306.14,
        "scan": 0.42,
        "track": 0.45,
        "acq_date": "2026-09-24",
        "acq_time": "0249",
        "satellite": "N",
        "instrument": "VIIRS",
        "confidence": "n",
        "version": "2.0NRT",
        "bright_ti5": 290.42,
        "frp": 1.71,
        "daynight": "N",
        "source_dataset": "VIIRS_SNPP_NRT",
        "acq_datetime_utc": "2026-09-24T02:49:00Z",
        "age_hours": 42.7,
        "confidence_label": "nominal",
        "popup_label": "<strong>NASA FIRMS<\/strong><br>Sensor: VIIRS_SNPP_NRT<br>Fecha UTC: 2026-09-24T02:49:00Z<br>Confianza: nominal<br>FRP: 1.71 MW"
      }
    },
    {
      "type": "Feature",
      "geometry": {
        "type": "Point",
        "coordinates": [-5.8198, 38.9102]
      },
      "properties": {
        "bright_ti4": 300.19,
        "scan": 0.52,
        "track": 0.41,
        "acq_date": "2026-09-24",
        "acq_time": "0249",
        "satellite": "N",
        "instrument": "VIIRS",
        "confidence": "n",
        "version": "2.0NRT",
        "bright_ti5": 288.65,
        "frp": 0.97,
        "daynight": "N",
        "source_dataset": "VIIRS_SNPP_NRT",
        "acq_datetime_utc": "2026-09-24T02:49:00Z",
        "age_hours": 42.7,
        "confidence_label": "nominal",
        "popup_label": "<strong>NASA FIRMS<\/strong><br>Sensor: VIIRS_SNPP_NRT<br>Fecha UTC: 2026-09-24T02:49:00Z<br>Confianza: nominal<br>FRP: 0.97 MW"
      }
    },
    {
      "type": "Feature",
      "geometry": {
        "type": "Point",
        "coordinates": [-5.8186, 38.9139]
      },
      "properties": {
        "bright_ti4": 304.9,
        "scan": 0.52,
        "track": 0.41,
        "acq_date": "2026-09-24",
        "acq_time": "0249",
        "satellite": "N",
        "instrument": "VIIRS",
        "confidence": "n",
        "version": "2.0NRT",
        "bright_ti5": 289.61,
        "frp": 1.26,
        "daynight": "N",
        "source_dataset": "VIIRS_SNPP_NRT",
        "acq_datetime_utc": "2026-09-24T02:49:00Z",
        "age_hours": 42.7,
        "confidence_label": "nominal",
        "popup_label": "<strong>NASA FIRMS<\/strong><br>Sensor: VIIRS_SNPP_NRT<br>Fecha UTC: 2026-09-24T02:49:00Z<br>Confianza: nominal<br>FRP: 1.26 MW"
      }
    },
    {
      "type": "Feature",
      "geometry": {
        "type": "Point",
        "coordinates": [-9.0118, 38.9228]
      },
      "properties": {
        "bright_ti4": 316.77,
        "scan": 0.4,
        "track": 0.37,
        "acq_date": "2026-09-24",
        "acq_time": "0249",
        "satellite": "N",
        "instrument": "VIIRS",
        "confidence": "n",
        "version": "2.0NRT",
        "bright_ti5": 293.33,
        "frp": 1.89,
        "daynight": "N",
        "source_dataset": "VIIRS_SNPP_NRT",
        "acq_datetime_utc": "2026-09-24T02:49:00Z",
        "age_hours": 42.7,
        "confidence_label": "nominal",
        "popup_label": "<strong>NASA FIRMS<\/strong><br>Sensor: VIIRS_SNPP_NRT<br>Fecha UTC: 2026-09-24T02:49:00Z<br>Confianza: nominal<br>FRP: 1.89 MW"
      }
    },
    {
      "type": "Feature",
      "geometry": {
        "type": "Point",
        "coordinates": [-5.8245, 38.9509]
      },
      "properties": {
        "bright_ti4": 309.21,
        "scan": 0.51,
        "track": 0.41,
        "acq_date": "2026-09-24",
        "acq_time": "0249",
        "satellite": "N",
        "instrument": "VIIRS",
        "confidence": "n",
        "version": "2.0NRT",
        "bright_ti5": 288.6,
        "frp": 2.3,
        "daynight": "N",
        "source_dataset": "VIIRS_SNPP_NRT",
        "acq_datetime_utc": "2026-09-24T02:49:00Z",
        "age_hours": 42.7,
        "confidence_label": "nominal",
        "popup_label": "<strong>NASA FIRMS<\/strong><br>Sensor: VIIRS_SNPP_NRT<br>Fecha UTC: 2026-09-24T02:49:00Z<br>Confianza: nominal<br>FRP: 2.3 MW"
      }
    },
    {
      "type": "Feature",
      "geometry": {
        "type": "Point",
        "coordinates": [-5.7737, 38.9669]
      },
      "properties": {
        "bright_ti4": 307.57,
        "scan": 0.52,
        "track": 0.41,
        "acq_date": "2026-09-24",
        "acq_time": "0249",
        "satellite": "N",
        "instrument": "VIIRS",
        "confidence": "n",
        "version": "2.0NRT",
        "bright_ti5": 288.37,
        "frp": 0.97,
        "daynight": "N",
        "source_dataset": "VIIRS_SNPP_NRT",
        "acq_datetime_utc": "2026-09-24T02:49:00Z",
        "age_hours": 42.7,
        "confidence_label": "nominal",
        "popup_label": "<strong>NASA FIRMS<\/strong><br>Sensor: VIIRS_SNPP_NRT<br>Fecha UTC: 2026-09-24T02:49:00Z<br>Confianza: nominal<br>FRP: 0.97 MW"
      }
    },
    {
      "type": "Feature",
      "geometry": {
        "type": "Point",
        "coordinates": [-5.7747, 38.9686]
      },
      "properties": {
        "bright_ti4": 302.69,
        "scan": 0.52,
        "track": 0.41,
        "acq_date": "2026-09-24",
        "acq_time": "0249",
        "satellite": "N",
        "instrument": "VIIRS",
        "confidence": "n",
        "version": "2.0NRT",
        "bright_ti5": 288.83,
        "frp": 0.7,
        "daynight": "N",
        "source_dataset": "VIIRS_SNPP_NRT",
        "acq_datetime_utc": "2026-09-24T02:49:00Z",
        "age_hours": 42.7,
        "confidence_label": "nominal",
        "popup_label": "<strong>NASA FIRMS<\/strong><br>Sensor: VIIRS_SNPP_NRT<br>Fecha UTC: 2026-09-24T02:49:00Z<br>Confianza: nominal<br>FRP: 0.7 MW"
      }
    },
    {
      "type": "Feature",
      "geometry": {
        "type": "Point",
        "coordinates": [-3.4734, 40.243]
      },
      "properties": {
        "bright_ti4": 318.27,
        "scan": 0.41,
        "track": 0.45,
        "acq_date": "2026-09-24",
        "acq_time": "0249",
        "satellite": "N",
        "instrument": "VIIRS",
        "confidence": "n",
        "version": "2.0NRT",
        "bright_ti5": 291.37,
        "frp": 1.28,
        "daynight": "N",
        "source_dataset": "VIIRS_SNPP_NRT",
        "acq_datetime_utc": "2026-09-24T02:49:00Z",
        "age_hours": 42.7,
        "confidence_label": "nominal",
        "popup_label": "<strong>NASA FIRMS<\/strong><br>Sensor: VIIRS_SNPP_NRT<br>Fecha UTC: 2026-09-24T02:49:00Z<br>Confianza: nominal<br>FRP: 1.28 MW"
      }
    },
    {
      "type": "Feature",
      "geometry": {
        "type": "Point",
        "coordinates": [-3.474, 40.2458]
      },
      "properties": {
        "bright_ti4": 321.45,
        "scan": 0.41,
        "track": 0.45,
        "acq_date": "2026-09-24",
        "acq_time": "0249",
        "satellite": "N",
        "instrument": "VIIRS",
        "confidence": "n",
        "version": "2.0NRT",
        "bright_ti5": 293.19,
        "frp": 2.99,
        "daynight": "N",
        "source_dataset": "VIIRS_SNPP_NRT",
        "acq_datetime_utc": "2026-09-24T02:49:00Z",
        "age_hours": 42.7,
        "confidence_label": "nominal",
        "popup_label": "<strong>NASA FIRMS<\/strong><br>Sensor: VIIRS_SNPP_NRT<br>Fecha UTC: 2026-09-24T02:49:00Z<br>Confianza: nominal<br>FRP: 2.99 MW"
      }
    },
    {
      "type": "Feature",
      "geometry": {
        "type": "Point",
        "coordinates": [-3.4719, 40.2471]
      },
      "properties": {
        "bright_ti4": 304.85,
        "scan": 0.41,
        "track": 0.45,
        "acq_date": "2026-09-24",
        "acq_time": "0249",
        "satellite": "N",
        "instrument": "VIIRS",
        "confidence": "n",
        "version": "2.0NRT",
        "bright_ti5": 290.35,
        "frp": 0.51,
        "daynight": "N",
        "source_dataset": "VIIRS_SNPP_NRT",
        "acq_datetime_utc": "2026-09-24T02:49:00Z",
        "age_hours": 42.7,
        "confidence_label": "nominal",
        "popup_label": "<strong>NASA FIRMS<\/strong><br>Sensor: VIIRS_SNPP_NRT<br>Fecha UTC: 2026-09-24T02:49:00Z<br>Confianza: nominal<br>FRP: 0.51 MW"
      }
    },
    {
      "type": "Feature",
      "geometry": {
        "type": "Point",
        "coordinates": [-8.4177, 40.2898]
      },
      "properties": {
        "bright_ti4": 305.06,
        "scan": 0.41,
        "track": 0.37,
        "acq_date": "2026-09-24",
        "acq_time": "0249",
        "satellite": "N",
        "instrument": "VIIRS",
        "confidence": "n",
        "version": "2.0NRT",
        "bright_ti5": 291.38,
        "frp": 0.73,
        "daynight": "N",
        "source_dataset": "VIIRS_SNPP_NRT",
        "acq_datetime_utc": "2026-09-24T02:49:00Z",
        "age_hours": 42.7,
        "confidence_label": "nominal",
        "popup_label": "<strong>NASA FIRMS<\/strong><br>Sensor: VIIRS_SNPP_NRT<br>Fecha UTC: 2026-09-24T02:49:00Z<br>Confianza: nominal<br>FRP: 0.73 MW"
      }
    },
    {
      "type": "Feature",
      "geometry": {
        "type": "Point",
        "coordinates": [-3.9409, 40.2926]
      },
      "properties": {
        "bright_ti4": 300.07,
        "scan": 0.39,
        "track": 0.44,
        "acq_date": "2026-09-24",
        "acq_time": "0249",
        "satellite": "N",
        "instrument": "VIIRS",
        "confidence": "n",
        "version": "2.0NRT",
        "bright_ti5": 283.16,
        "frp": 0.34,
        "daynight": "N",
        "source_dataset": "VIIRS_SNPP_NRT",
        "acq_datetime_utc": "2026-09-24T02:49:00Z",
        "age_hours": 42.7,
        "confidence_label": "nominal",
        "popup_label": "<strong>NASA FIRMS<\/strong><br>Sensor: VIIRS_SNPP_NRT<br>Fecha UTC: 2026-09-24T02:49:00Z<br>Confianza: nominal<br>FRP: 0.34 MW"
      }
    },
    {
      "type": "Feature",
      "geometry": {
        "type": "Point",
        "coordinates": [1.6648, 41.3129]
      },
      "properties": {
        "bright_ti4": 298.63,
        "scan": 0.35,
        "track": 0.56,
        "acq_date": "2026-09-24",
        "acq_time": "0249",
        "satellite": "N",
        "instrument": "VIIRS",
        "confidence": "n",
        "version": "2.0NRT",
        "bright_ti5": 287.2,
        "frp": 0.59,
        "daynight": "N",
        "source_dataset": "VIIRS_SNPP_NRT",
        "acq_datetime_utc": "2026-09-24T02:49:00Z",
        "age_hours": 42.7,
        "confidence_label": "nominal",
        "popup_label": "<strong>NASA FIRMS<\/strong><br>Sensor: VIIRS_SNPP_NRT<br>Fecha UTC: 2026-09-24T02:49:00Z<br>Confianza: nominal<br>FRP: 0.59 MW"
      }
    },
    {
      "type": "Feature",
      "geometry": {
        "type": "Point",
        "coordinates": [1.661, 41.3139]
      },
      "properties": {
        "bright_ti4": 300.47,
        "scan": 0.35,
        "track": 0.56,
        "acq_date": "2026-09-24",
        "acq_time": "0249",
        "satellite": "N",
        "instrument": "VIIRS",
        "confidence": "n",
        "version": "2.0NRT",
        "bright_ti5": 288,
        "frp": 0.94,
        "daynight": "N",
        "source_dataset": "VIIRS_SNPP_NRT",
        "acq_datetime_utc": "2026-09-24T02:49:00Z",
        "age_hours": 42.7,
        "confidence_label": "nominal",
        "popup_label": "<strong>NASA FIRMS<\/strong><br>Sensor: VIIRS_SNPP_NRT<br>Fecha UTC: 2026-09-24T02:49:00Z<br>Confianza: nominal<br>FRP: 0.94 MW"
      }
    },
    {
      "type": "Feature",
      "geometry": {
        "type": "Point",
        "coordinates": [1.6634, 41.3145]
      },
      "properties": {
        "bright_ti4": 309.55,
        "scan": 0.34,
        "track": 0.56,
        "acq_date": "2026-09-24",
        "acq_time": "0249",
        "satellite": "N",
        "instrument": "VIIRS",
        "confidence": "n",
        "version": "2.0NRT",
        "bright_ti5": 288.97,
        "frp": 0.77,
        "daynight": "N",
        "source_dataset": "VIIRS_SNPP_NRT",
        "acq_datetime_utc": "2026-09-24T02:49:00Z",
        "age_hours": 42.7,
        "confidence_label": "nominal",
        "popup_label": "<strong>NASA FIRMS<\/strong><br>Sensor: VIIRS_SNPP_NRT<br>Fecha UTC: 2026-09-24T02:49:00Z<br>Confianza: nominal<br>FRP: 0.77 MW"
      }
    },
    {
      "type": "Feature",
      "geometry": {
        "type": "Point",
        "coordinates": [1.9772, 41.4541]
      },
      "properties": {
        "bright_ti4": 301.81,
        "scan": 0.35,
        "track": 0.57,
        "acq_date": "2026-09-24",
        "acq_time": "0249",
        "satellite": "N",
        "instrument": "VIIRS",
        "confidence": "n",
        "version": "2.0NRT",
        "bright_ti5": 288.28,
        "frp": 0.88,
        "daynight": "N",
        "source_dataset": "VIIRS_SNPP_NRT",
        "acq_datetime_utc": "2026-09-24T02:49:00Z",
        "age_hours": 42.7,
        "confidence_label": "nominal",
        "popup_label": "<strong>NASA FIRMS<\/strong><br>Sensor: VIIRS_SNPP_NRT<br>Fecha UTC: 2026-09-24T02:49:00Z<br>Confianza: nominal<br>FRP: 0.88 MW"
      }
    },
    {
      "type": "Feature",
      "geometry": {
        "type": "Point",
        "coordinates": [-8.0774, 41.6112]
      },
      "properties": {
        "bright_ti4": 302.36,
        "scan": 0.4,
        "track": 0.37,
        "acq_date": "2026-09-24",
        "acq_time": "0249",
        "satellite": "N",
        "instrument": "VIIRS",
        "confidence": "n",
        "version": "2.0NRT",
        "bright_ti5": 290.07,
        "frp": 0.65,
        "daynight": "N",
        "source_dataset": "VIIRS_SNPP_NRT",
        "acq_datetime_utc": "2026-09-24T02:49:00Z",
        "age_hours": 42.7,
        "confidence_label": "nominal",
        "popup_label": "<strong>NASA FIRMS<\/strong><br>Sensor: VIIRS_SNPP_NRT<br>Fecha UTC: 2026-09-24T02:49:00Z<br>Confianza: nominal<br>FRP: 0.65 MW"
      }
    },
    {
      "type": "Feature",
      "geometry": {
        "type": "Point",
        "coordinates": [-8.4742, 41.7617]
      },
      "properties": {
        "bright_ti4": 310.44,
        "scan": 0.4,
        "track": 0.37,
        "acq_date": "2026-09-24",
        "acq_time": "0249",
        "satellite": "N",
        "instrument": "VIIRS",
        "confidence": "n",
        "version": "2.0NRT",
        "bright_ti5": 291.86,
        "frp": 0.95,
        "daynight": "N",
        "source_dataset": "VIIRS_SNPP_NRT",
        "acq_datetime_utc": "2026-09-24T02:49:00Z",
        "age_hours": 42.7,
        "confidence_label": "nominal",
        "popup_label": "<strong>NASA FIRMS<\/strong><br>Sensor: VIIRS_SNPP_NRT<br>Fecha UTC: 2026-09-24T02:49:00Z<br>Confianza: nominal<br>FRP: 0.95 MW"
      }
    },
    {
      "type": "Feature",
      "geometry": {
        "type": "Point",
        "coordinates": [-5.258, 41.903]
      },
      "properties": {
        "bright_ti4": 318.8,
        "scan": 0.48,
        "track": 0.4,
        "acq_date": "2026-09-24",
        "acq_time": "0249",
        "satellite": "N",
        "instrument": "VIIRS",
        "confidence": "n",
        "version": "2.0NRT",
        "bright_ti5": 284.66,
        "frp": 2.09,
        "daynight": "N",
        "source_dataset": "VIIRS_SNPP_NRT",
        "acq_datetime_utc": "2026-09-24T02:49:00Z",
        "age_hours": 42.7,
        "confidence_label": "nominal",
        "popup_label": "<strong>NASA FIRMS<\/strong><br>Sensor: VIIRS_SNPP_NRT<br>Fecha UTC: 2026-09-24T02:49:00Z<br>Confianza: nominal<br>FRP: 2.09 MW"
      }
    },
    {
      "type": "Feature",
      "geometry": {
        "type": "Point",
        "coordinates": [-6.7701, 42.553]
      },
      "properties": {
        "bright_ti4": 302.59,
        "scan": 0.42,
        "track": 0.38,
        "acq_date": "2026-09-24",
        "acq_time": "0249",
        "satellite": "N",
        "instrument": "VIIRS",
        "confidence": "n",
        "version": "2.0NRT",
        "bright_ti5": 286.74,
        "frp": 0.85,
        "daynight": "N",
        "source_dataset": "VIIRS_SNPP_NRT",
        "acq_datetime_utc": "2026-09-24T02:49:00Z",
        "age_hours": 42.7,
        "confidence_label": "nominal",
        "popup_label": "<strong>NASA FIRMS<\/strong><br>Sensor: VIIRS_SNPP_NRT<br>Fecha UTC: 2026-09-24T02:49:00Z<br>Confianza: nominal<br>FRP: 0.85 MW"
      }
    },
    {
      "type": "Feature",
      "geometry": {
        "type": "Point",
        "coordinates": [-8.4361, 43.3482]
      },
      "properties": {
        "bright_ti4": 306.13,
        "scan": 0.39,
        "track": 0.36,
        "acq_date": "2026-09-24",
        "acq_time": "0249",
        "satellite": "N",
        "instrument": "VIIRS",
        "confidence": "n",
        "version": "2.0NRT",
        "bright_ti5": 290.03,
        "frp": 0.84,
        "daynight": "N",
        "source_dataset": "VIIRS_SNPP_NRT",
        "acq_datetime_utc": "2026-09-24T02:49:00Z",
        "age_hours": 42.7,
        "confidence_label": "nominal",
        "popup_label": "<strong>NASA FIRMS<\/strong><br>Sensor: VIIRS_SNPP_NRT<br>Fecha UTC: 2026-09-24T02:49:00Z<br>Confianza: nominal<br>FRP: 0.84 MW"
      }
    },
    {
      "type": "Feature",
      "geometry": {
        "type": "Point",
        "coordinates": [1.9791, 41.4534]
      },
      "properties": {
        "bright_ti4": 305.21,
        "scan": 0.35,
        "track": 0.57,
        "acq_date": "2026-09-24",
        "acq_time": "0247",
        "satellite": "N",
        "instrument": "VIIRS",
        "confidence": "n",
        "version": "2.0NRT",
        "bright_ti5": 289.61,
        "frp": 1.02,
        "daynight": "N",
        "source_dataset": "VIIRS_SNPP_NRT",
        "acq_datetime_utc": "2026-09-24T02:47:00Z",
        "age_hours": 42.7,
        "confidence_label": "nominal",
        "popup_label": "<strong>NASA FIRMS<\/strong><br>Sensor: VIIRS_SNPP_NRT<br>Fecha UTC: 2026-09-24T02:47:00Z<br>Confianza: nominal<br>FRP: 1.02 MW"
      }
    },
    {
      "type": "Feature",
      "geometry": {
        "type": "Point",
        "coordinates": [-2.2217, 43.0359]
      },
      "properties": {
        "bright_ti4": 302.36,
        "scan": 0.41,
        "track": 0.45,
        "acq_date": "2026-09-24",
        "acq_time": "0247",
        "satellite": "N",
        "instrument": "VIIRS",
        "confidence": "n",
        "version": "2.0NRT",
        "bright_ti5": 286.58,
        "frp": 0.94,
        "daynight": "N",
        "source_dataset": "VIIRS_SNPP_NRT",
        "acq_datetime_utc": "2026-09-24T02:47:00Z",
        "age_hours": 42.7,
        "confidence_label": "nominal",
        "popup_label": "<strong>NASA FIRMS<\/strong><br>Sensor: VIIRS_SNPP_NRT<br>Fecha UTC: 2026-09-24T02:47:00Z<br>Confianza: nominal<br>FRP: 0.94 MW"
      }
    },
    {
      "type": "Feature",
      "geometry": {
        "type": "Point",
        "coordinates": [0.9904, 43.1855]
      },
      "properties": {
        "bright_ti4": 296.66,
        "scan": 0.57,
        "track": 0.52,
        "acq_date": "2026-09-24",
        "acq_time": "0247",
        "satellite": "N",
        "instrument": "VIIRS",
        "confidence": "n",
        "version": "2.0NRT",
        "bright_ti5": 286.38,
        "frp": 0.86,
        "daynight": "N",
        "source_dataset": "VIIRS_SNPP_NRT",
        "acq_datetime_utc": "2026-09-24T02:47:00Z",
        "age_hours": 42.7,
        "confidence_label": "nominal",
        "popup_label": "<strong>NASA FIRMS<\/strong><br>Sensor: VIIRS_SNPP_NRT<br>Fecha UTC: 2026-09-24T02:47:00Z<br>Confianza: nominal<br>FRP: 0.86 MW"
      }
    },
    {
      "type": "Feature",
      "geometry": {
        "type": "Point",
        "coordinates": [4.8953, 43.4337]
      },
      "properties": {
        "bright_ti4": 300.21,
        "scan": 0.43,
        "track": 0.62,
        "acq_date": "2026-09-24",
        "acq_time": "0247",
        "satellite": "N",
        "instrument": "VIIRS",
        "confidence": "n",
        "version": "2.0NRT",
        "bright_ti5": 290.02,
        "frp": 1.58,
        "daynight": "N",
        "source_dataset": "VIIRS_SNPP_NRT",
        "acq_datetime_utc": "2026-09-24T02:47:00Z",
        "age_hours": 42.7,
        "confidence_label": "nominal",
        "popup_label": "<strong>NASA FIRMS<\/strong><br>Sensor: VIIRS_SNPP_NRT<br>Fecha UTC: 2026-09-24T02:47:00Z<br>Confianza: nominal<br>FRP: 1.58 MW"
      }
    },
    {
      "type": "Feature",
      "geometry": {
        "type": "Point",
        "coordinates": [4.8933, 43.4406]
      },
      "properties": {
        "bright_ti4": 310.15,
        "scan": 0.43,
        "track": 0.62,
        "acq_date": "2026-09-24",
        "acq_time": "0247",
        "satellite": "N",
        "instrument": "VIIRS",
        "confidence": "n",
        "version": "2.0NRT",
        "bright_ti5": 290.5,
        "frp": 1.96,
        "daynight": "N",
        "source_dataset": "VIIRS_SNPP_NRT",
        "acq_datetime_utc": "2026-09-24T02:47:00Z",
        "age_hours": 42.7,
        "confidence_label": "nominal",
        "popup_label": "<strong>NASA FIRMS<\/strong><br>Sensor: VIIRS_SNPP_NRT<br>Fecha UTC: 2026-09-24T02:47:00Z<br>Confianza: nominal<br>FRP: 1.96 MW"
      }
    },
    {
      "type": "Feature",
      "geometry": {
        "type": "Point",
        "coordinates": [4.8833, 43.4435]
      },
      "properties": {
        "bright_ti4": 316.86,
        "scan": 0.43,
        "track": 0.62,
        "acq_date": "2026-09-24",
        "acq_time": "0247",
        "satellite": "N",
        "instrument": "VIIRS",
        "confidence": "n",
        "version": "2.0NRT",
        "bright_ti5": 289.15,
        "frp": 4.81,
        "daynight": "N",
        "source_dataset": "VIIRS_SNPP_NRT",
        "acq_datetime_utc": "2026-09-24T02:47:00Z",
        "age_hours": 42.7,
        "confidence_label": "nominal",
        "popup_label": "<strong>NASA FIRMS<\/strong><br>Sensor: VIIRS_SNPP_NRT<br>Fecha UTC: 2026-09-24T02:47:00Z<br>Confianza: nominal<br>FRP: 4.81 MW"
      }
    },
    {
      "type": "Feature",
      "geometry": {
        "type": "Point",
        "coordinates": [4.9014, 43.4444]
      },
      "properties": {
        "bright_ti4": 302.49,
        "scan": 0.43,
        "track": 0.62,
        "acq_date": "2026-09-24",
        "acq_time": "0247",
        "satellite": "N",
        "instrument": "VIIRS",
        "confidence": "n",
        "version": "2.0NRT",
        "bright_ti5": 289.97,
        "frp": 1.96,
        "daynight": "N",
        "source_dataset": "VIIRS_SNPP_NRT",
        "acq_datetime_utc": "2026-09-24T02:47:00Z",
        "age_hours": 42.7,
        "confidence_label": "nominal",
        "popup_label": "<strong>NASA FIRMS<\/strong><br>Sensor: VIIRS_SNPP_NRT<br>Fecha UTC: 2026-09-24T02:47:00Z<br>Confianza: nominal<br>FRP: 1.96 MW"
      }
    },
    {
      "type": "Feature",
      "geometry": {
        "type": "Point",
        "coordinates": [4.8964, 43.4459]
      },
      "properties": {
        "bright_ti4": 344.8,
        "scan": 0.43,
        "track": 0.62,
        "acq_date": "2026-09-24",
        "acq_time": "0247",
        "satellite": "N",
        "instrument": "VIIRS",
        "confidence": "n",
        "version": "2.0NRT",
        "bright_ti5": 291.56,
        "frp": 1.96,
        "daynight": "N",
        "source_dataset": "VIIRS_SNPP_NRT",
        "acq_datetime_utc": "2026-09-24T02:47:00Z",
        "age_hours": 42.7,
        "confidence_label": "nominal",
        "popup_label": "<strong>NASA FIRMS<\/strong><br>Sensor: VIIRS_SNPP_NRT<br>Fecha UTC: 2026-09-24T02:47:00Z<br>Confianza: nominal<br>FRP: 1.96 MW"
      }
    },
    {
      "type": "Feature",
      "geometry": {
        "type": "Point",
        "coordinates": [-5.7289, 43.5235]
      },
      "properties": {
        "bright_ti4": 318.59,
        "scan": 0.44,
        "track": 0.38,
        "acq_date": "2026-09-24",
        "acq_time": "0247",
        "satellite": "N",
        "instrument": "VIIRS",
        "confidence": "n",
        "version": "2.0NRT",
        "bright_ti5": 288.56,
        "frp": 2.55,
        "daynight": "N",
        "source_dataset": "VIIRS_SNPP_NRT",
        "acq_datetime_utc": "2026-09-24T02:47:00Z",
        "age_hours": 42.7,
        "confidence_label": "nominal",
        "popup_label": "<strong>NASA FIRMS<\/strong><br>Sensor: VIIRS_SNPP_NRT<br>Fecha UTC: 2026-09-24T02:47:00Z<br>Confianza: nominal<br>FRP: 2.55 MW"
      }
    },
    {
      "type": "Feature",
      "geometry": {
        "type": "Point",
        "coordinates": [-5.7342, 43.5246]
      },
      "properties": {
        "bright_ti4": 340.37,
        "scan": 0.44,
        "track": 0.38,
        "acq_date": "2026-09-24",
        "acq_time": "0247",
        "satellite": "N",
        "instrument": "VIIRS",
        "confidence": "n",
        "version": "2.0NRT",
        "bright_ti5": 291.56,
        "frp": 2.55,
        "daynight": "N",
        "source_dataset": "VIIRS_SNPP_NRT",
        "acq_datetime_utc": "2026-09-24T02:47:00Z",
        "age_hours": 42.7,
        "confidence_label": "nominal",
        "popup_label": "<strong>NASA FIRMS<\/strong><br>Sensor: VIIRS_SNPP_NRT<br>Fecha UTC: 2026-09-24T02:47:00Z<br>Confianza: nominal<br>FRP: 2.55 MW"
      }
    },
    {
      "type": "Feature",
      "geometry": {
        "type": "Point",
        "coordinates": [-5.7276, 43.527]
      },
      "properties": {
        "bright_ti4": 303.59,
        "scan": 0.44,
        "track": 0.38,
        "acq_date": "2026-09-24",
        "acq_time": "0247",
        "satellite": "N",
        "instrument": "VIIRS",
        "confidence": "n",
        "version": "2.0NRT",
        "bright_ti5": 289.52,
        "frp": 2.55,
        "daynight": "N",
        "source_dataset": "VIIRS_SNPP_NRT",
        "acq_datetime_utc": "2026-09-24T02:47:00Z",
        "age_hours": 42.7,
        "confidence_label": "nominal",
        "popup_label": "<strong>NASA FIRMS<\/strong><br>Sensor: VIIRS_SNPP_NRT<br>Fecha UTC: 2026-09-24T02:47:00Z<br>Confianza: nominal<br>FRP: 2.55 MW"
      }
    },
    {
      "type": "Feature",
      "geometry": {
        "type": "Point",
        "coordinates": [-5.733, 43.5281]
      },
      "properties": {
        "bright_ti4": 325.59,
        "scan": 0.44,
        "track": 0.38,
        "acq_date": "2026-09-24",
        "acq_time": "0247",
        "satellite": "N",
        "instrument": "VIIRS",
        "confidence": "n",
        "version": "2.0NRT",
        "bright_ti5": 290.54,
        "frp": 2.55,
        "daynight": "N",
        "source_dataset": "VIIRS_SNPP_NRT",
        "acq_datetime_utc": "2026-09-24T02:47:00Z",
        "age_hours": 42.7,
        "confidence_label": "nominal",
        "popup_label": "<strong>NASA FIRMS<\/strong><br>Sensor: VIIRS_SNPP_NRT<br>Fecha UTC: 2026-09-24T02:47:00Z<br>Confianza: nominal<br>FRP: 2.55 MW"
      }
    },
    {
      "type": "Feature",
      "geometry": {
        "type": "Point",
        "coordinates": [-5.8317, 43.5397]
      },
      "properties": {
        "bright_ti4": 300.49,
        "scan": 0.44,
        "track": 0.38,
        "acq_date": "2026-09-24",
        "acq_time": "0247",
        "satellite": "N",
        "instrument": "VIIRS",
        "confidence": "n",
        "version": "2.0NRT",
        "bright_ti5": 288.71,
        "frp": 0.81,
        "daynight": "N",
        "source_dataset": "VIIRS_SNPP_NRT",
        "acq_datetime_utc": "2026-09-24T02:47:00Z",
        "age_hours": 42.7,
        "confidence_label": "nominal",
        "popup_label": "<strong>NASA FIRMS<\/strong><br>Sensor: VIIRS_SNPP_NRT<br>Fecha UTC: 2026-09-24T02:47:00Z<br>Confianza: nominal<br>FRP: 0.81 MW"
      }
    },
    {
      "type": "Feature",
      "geometry": {
        "type": "Point",
        "coordinates": [-5.8305, 43.5432]
      },
      "properties": {
        "bright_ti4": 300.08,
        "scan": 0.44,
        "track": 0.38,
        "acq_date": "2026-09-24",
        "acq_time": "0247",
        "satellite": "N",
        "instrument": "VIIRS",
        "confidence": "n",
        "version": "2.0NRT",
        "bright_ti5": 288,
        "frp": 0.59,
        "daynight": "N",
        "source_dataset": "VIIRS_SNPP_NRT",
        "acq_datetime_utc": "2026-09-24T02:47:00Z",
        "age_hours": 42.7,
        "confidence_label": "nominal",
        "popup_label": "<strong>NASA FIRMS<\/strong><br>Sensor: VIIRS_SNPP_NRT<br>Fecha UTC: 2026-09-24T02:47:00Z<br>Confianza: nominal<br>FRP: 0.59 MW"
      }
    },
    {
      "type": "Feature",
      "geometry": {
        "type": "Point",
        "coordinates": [-5.8609, 43.5527]
      },
      "properties": {
        "bright_ti4": 300.09,
        "scan": 0.44,
        "track": 0.38,
        "acq_date": "2026-09-24",
        "acq_time": "0247",
        "satellite": "N",
        "instrument": "VIIRS",
        "confidence": "n",
        "version": "2.0NRT",
        "bright_ti5": 288.12,
        "frp": 0.66,
        "daynight": "N",
        "source_dataset": "VIIRS_SNPP_NRT",
        "acq_datetime_utc": "2026-09-24T02:47:00Z",
        "age_hours": 42.7,
        "confidence_label": "nominal",
        "popup_label": "<strong>NASA FIRMS<\/strong><br>Sensor: VIIRS_SNPP_NRT<br>Fecha UTC: 2026-09-24T02:47:00Z<br>Confianza: nominal<br>FRP: 0.66 MW"
      }
    },
    {
      "type": "Feature",
      "geometry": {
        "type": "Point",
        "coordinates": [-0.5179, 28.1996]
      },
      "properties": {
        "bright_ti4": 324.22,
        "scan": 0.44,
        "track": 0.63,
        "acq_date": "2026-09-24",
        "acq_time": "0111",
        "satellite": "N",
        "instrument": "VIIRS",
        "confidence": "n",
        "version": "2.0NRT",
        "bright_ti5": 290.68,
        "frp": 1.7,
        "daynight": "N",
        "source_dataset": "VIIRS_SNPP_NRT",
        "acq_datetime_utc": "2026-09-24T01:11:00Z",
        "age_hours": 44.3,
        "confidence_label": "nominal",
        "popup_label": "<strong>NASA FIRMS<\/strong><br>Sensor: VIIRS_SNPP_NRT<br>Fecha UTC: 2026-09-24T01:11:00Z<br>Confianza: nominal<br>FRP: 1.7 MW"
      }
    },
    {
      "type": "Feature",
      "geometry": {
        "type": "Point",
        "coordinates": [3.9886, 32.2743]
      },
      "properties": {
        "bright_ti4": 328.99,
        "scan": 0.53,
        "track": 0.5,
        "acq_date": "2026-09-24",
        "acq_time": "0109",
        "satellite": "N",
        "instrument": "VIIRS",
        "confidence": "n",
        "version": "2.0NRT",
        "bright_ti5": 290.14,
        "frp": 2.99,
        "daynight": "N",
        "source_dataset": "VIIRS_SNPP_NRT",
        "acq_datetime_utc": "2026-09-24T01:09:00Z",
        "age_hours": 44.4,
        "confidence_label": "nominal",
        "popup_label": "<strong>NASA FIRMS<\/strong><br>Sensor: VIIRS_SNPP_NRT<br>Fecha UTC: 2026-09-24T01:09:00Z<br>Confianza: nominal<br>FRP: 2.99 MW"
      }
    },
    {
      "type": "Feature",
      "geometry": {
        "type": "Point",
        "coordinates": [3.983, 32.2748]
      },
      "properties": {
        "bright_ti4": 302.69,
        "scan": 0.53,
        "track": 0.5,
        "acq_date": "2026-09-24",
        "acq_time": "0109",
        "satellite": "N",
        "instrument": "VIIRS",
        "confidence": "n",
        "version": "2.0NRT",
        "bright_ti5": 289.89,
        "frp": 4.51,
        "daynight": "N",
        "source_dataset": "VIIRS_SNPP_NRT",
        "acq_datetime_utc": "2026-09-24T01:09:00Z",
        "age_hours": 44.4,
        "confidence_label": "nominal",
        "popup_label": "<strong>NASA FIRMS<\/strong><br>Sensor: VIIRS_SNPP_NRT<br>Fecha UTC: 2026-09-24T01:09:00Z<br>Confianza: nominal<br>FRP: 4.51 MW"
      }
    },
    {
      "type": "Feature",
      "geometry": {
        "type": "Point",
        "coordinates": [3.9893, 32.2789]
      },
      "properties": {
        "bright_ti4": 337.55,
        "scan": 0.53,
        "track": 0.5,
        "acq_date": "2026-09-24",
        "acq_time": "0109",
        "satellite": "N",
        "instrument": "VIIRS",
        "confidence": "n",
        "version": "2.0NRT",
        "bright_ti5": 291.35,
        "frp": 2.99,
        "daynight": "N",
        "source_dataset": "VIIRS_SNPP_NRT",
        "acq_datetime_utc": "2026-09-24T01:09:00Z",
        "age_hours": 44.4,
        "confidence_label": "nominal",
        "popup_label": "<strong>NASA FIRMS<\/strong><br>Sensor: VIIRS_SNPP_NRT<br>Fecha UTC: 2026-09-24T01:09:00Z<br>Confianza: nominal<br>FRP: 2.99 MW"
      }
    },
    {
      "type": "Feature",
      "geometry": {
        "type": "Point",
        "coordinates": [4.0061, 32.4001]
      },
      "properties": {
        "bright_ti4": 305.56,
        "scan": 0.53,
        "track": 0.5,
        "acq_date": "2026-09-24",
        "acq_time": "0109",
        "satellite": "N",
        "instrument": "VIIRS",
        "confidence": "n",
        "version": "2.0NRT",
        "bright_ti5": 290.37,
        "frp": 1.28,
        "daynight": "N",
        "source_dataset": "VIIRS_SNPP_NRT",
        "acq_datetime_utc": "2026-09-24T01:09:00Z",
        "age_hours": 44.4,
        "confidence_label": "nominal",
        "popup_label": "<strong>NASA FIRMS<\/strong><br>Sensor: VIIRS_SNPP_NRT<br>Fecha UTC: 2026-09-24T01:09:00Z<br>Confianza: nominal<br>FRP: 1.28 MW"
      }
    },
    {
      "type": "Feature",
      "geometry": {
        "type": "Point",
        "coordinates": [4.0055, 32.4021]
      },
      "properties": {
        "bright_ti4": 305.84,
        "scan": 0.53,
        "track": 0.5,
        "acq_date": "2026-09-24",
        "acq_time": "0109",
        "satellite": "N",
        "instrument": "VIIRS",
        "confidence": "n",
        "version": "2.0NRT",
        "bright_ti5": 290.47,
        "frp": 0.96,
        "daynight": "N",
        "source_dataset": "VIIRS_SNPP_NRT",
        "acq_datetime_utc": "2026-09-24T01:09:00Z",
        "age_hours": 44.4,
        "confidence_label": "nominal",
        "popup_label": "<strong>NASA FIRMS<\/strong><br>Sensor: VIIRS_SNPP_NRT<br>Fecha UTC: 2026-09-24T01:09:00Z<br>Confianza: nominal<br>FRP: 0.96 MW"
      }
    },
    {
      "type": "Feature",
      "geometry": {
        "type": "Point",
        "coordinates": [3.1679, 32.5548]
      },
      "properties": {
        "bright_ti4": 310.44,
        "scan": 0.59,
        "track": 0.53,
        "acq_date": "2026-09-24",
        "acq_time": "0109",
        "satellite": "N",
        "instrument": "VIIRS",
        "confidence": "n",
        "version": "2.0NRT",
        "bright_ti5": 289.74,
        "frp": 1.98,
        "daynight": "N",
        "source_dataset": "VIIRS_SNPP_NRT",
        "acq_datetime_utc": "2026-09-24T01:09:00Z",
        "age_hours": 44.4,
        "confidence_label": "nominal",
        "popup_label": "<strong>NASA FIRMS<\/strong><br>Sensor: VIIRS_SNPP_NRT<br>Fecha UTC: 2026-09-24T01:09:00Z<br>Confianza: nominal<br>FRP: 1.98 MW"
      }
    },
    {
      "type": "Feature",
      "geometry": {
        "type": "Point",
        "coordinates": [3.1852, 32.7449]
      },
      "properties": {
        "bright_ti4": 298.17,
        "scan": 0.59,
        "track": 0.53,
        "acq_date": "2026-09-24",
        "acq_time": "0109",
        "satellite": "N",
        "instrument": "VIIRS",
        "confidence": "n",
        "version": "2.0NRT",
        "bright_ti5": 288.12,
        "frp": 1.01,
        "daynight": "N",
        "source_dataset": "VIIRS_SNPP_NRT",
        "acq_datetime_utc": "2026-09-24T01:09:00Z",
        "age_hours": 44.4,
        "confidence_label": "nominal",
        "popup_label": "<strong>NASA FIRMS<\/strong><br>Sensor: VIIRS_SNPP_NRT<br>Fecha UTC: 2026-09-24T01:09:00Z<br>Confianza: nominal<br>FRP: 1.01 MW"
      }
    },
    {
      "type": "Feature",
      "geometry": {
        "type": "Point",
        "coordinates": [3.1787, 32.7455]
      },
      "properties": {
        "bright_ti4": 306.65,
        "scan": 0.59,
        "track": 0.53,
        "acq_date": "2026-09-24",
        "acq_time": "0109",
        "satellite": "N",
        "instrument": "VIIRS",
        "confidence": "n",
        "version": "2.0NRT",
        "bright_ti5": 289.08,
        "frp": 2.59,
        "daynight": "N",
        "source_dataset": "VIIRS_SNPP_NRT",
        "acq_datetime_utc": "2026-09-24T01:09:00Z",
        "age_hours": 44.4,
        "confidence_label": "nominal",
        "popup_label": "<strong>NASA FIRMS<\/strong><br>Sensor: VIIRS_SNPP_NRT<br>Fecha UTC: 2026-09-24T01:09:00Z<br>Confianza: nominal<br>FRP: 2.59 MW"
      }
    },
    {
      "type": "Feature",
      "geometry": {
        "type": "Point",
        "coordinates": [3.2284, 32.9281]
      },
      "properties": {
        "bright_ti4": 314.48,
        "scan": 0.59,
        "track": 0.53,
        "acq_date": "2026-09-24",
        "acq_time": "0109",
        "satellite": "N",
        "instrument": "VIIRS",
        "confidence": "n",
        "version": "2.0NRT",
        "bright_ti5": 287.84,
        "frp": 2.14,
        "daynight": "N",
        "source_dataset": "VIIRS_SNPP_NRT",
        "acq_datetime_utc": "2026-09-24T01:09:00Z",
        "age_hours": 44.4,
        "confidence_label": "nominal",
        "popup_label": "<strong>NASA FIRMS<\/strong><br>Sensor: VIIRS_SNPP_NRT<br>Fecha UTC: 2026-09-24T01:09:00Z<br>Confianza: nominal<br>FRP: 2.14 MW"
      }
    },
    {
      "type": "Feature",
      "geometry": {
        "type": "Point",
        "coordinates": [3.2355, 32.9325]
      },
      "properties": {
        "bright_ti4": 302.99,
        "scan": 0.59,
        "track": 0.53,
        "acq_date": "2026-09-24",
        "acq_time": "0109",
        "satellite": "N",
        "instrument": "VIIRS",
        "confidence": "n",
        "version": "2.0NRT",
        "bright_ti5": 288.08,
        "frp": 1.61,
        "daynight": "N",
        "source_dataset": "VIIRS_SNPP_NRT",
        "acq_datetime_utc": "2026-09-24T01:09:00Z",
        "age_hours": 44.4,
        "confidence_label": "nominal",
        "popup_label": "<strong>NASA FIRMS<\/strong><br>Sensor: VIIRS_SNPP_NRT<br>Fecha UTC: 2026-09-24T01:09:00Z<br>Confianza: nominal<br>FRP: 1.61 MW"
      }
    },
    {
      "type": "Feature",
      "geometry": {
        "type": "Point",
        "coordinates": [3.229, 32.933]
      },
      "properties": {
        "bright_ti4": 315.17,
        "scan": 0.59,
        "track": 0.53,
        "acq_date": "2026-09-24",
        "acq_time": "0109",
        "satellite": "N",
        "instrument": "VIIRS",
        "confidence": "n",
        "version": "2.0NRT",
        "bright_ti5": 288.78,
        "frp": 2.14,
        "daynight": "N",
        "source_dataset": "VIIRS_SNPP_NRT",
        "acq_datetime_utc": "2026-09-24T01:09:00Z",
        "age_hours": 44.4,
        "confidence_label": "nominal",
        "popup_label": "<strong>NASA FIRMS<\/strong><br>Sensor: VIIRS_SNPP_NRT<br>Fecha UTC: 2026-09-24T01:09:00Z<br>Confianza: nominal<br>FRP: 2.14 MW"
      }
    },
    {
      "type": "Feature",
      "geometry": {
        "type": "Point",
        "coordinates": [3.2225, 32.9335]
      },
      "properties": {
        "bright_ti4": 303.5,
        "scan": 0.59,
        "track": 0.53,
        "acq_date": "2026-09-24",
        "acq_time": "0109",
        "satellite": "N",
        "instrument": "VIIRS",
        "confidence": "n",
        "version": "2.0NRT",
        "bright_ti5": 289.27,
        "frp": 2.14,
        "daynight": "N",
        "source_dataset": "VIIRS_SNPP_NRT",
        "acq_datetime_utc": "2026-09-24T01:09:00Z",
        "age_hours": 44.4,
        "confidence_label": "nominal",
        "popup_label": "<strong>NASA FIRMS<\/strong><br>Sensor: VIIRS_SNPP_NRT<br>Fecha UTC: 2026-09-24T01:09:00Z<br>Confianza: nominal<br>FRP: 2.14 MW"
      }
    },
    {
      "type": "Feature",
      "geometry": {
        "type": "Point",
        "coordinates": [3.2361, 32.9374]
      },
      "properties": {
        "bright_ti4": 303.44,
        "scan": 0.59,
        "track": 0.53,
        "acq_date": "2026-09-24",
        "acq_time": "0109",
        "satellite": "N",
        "instrument": "VIIRS",
        "confidence": "n",
        "version": "2.0NRT",
        "bright_ti5": 288.88,
        "frp": 1.36,
        "daynight": "N",
        "source_dataset": "VIIRS_SNPP_NRT",
        "acq_datetime_utc": "2026-09-24T01:09:00Z",
        "age_hours": 44.4,
        "confidence_label": "nominal",
        "popup_label": "<strong>NASA FIRMS<\/strong><br>Sensor: VIIRS_SNPP_NRT<br>Fecha UTC: 2026-09-24T01:09:00Z<br>Confianza: nominal<br>FRP: 1.36 MW"
      }
    },
    {
      "type": "Feature",
      "geometry": {
        "type": "Point",
        "coordinates": [3.2302, 32.9428]
      },
      "properties": {
        "bright_ti4": 300.19,
        "scan": 0.59,
        "track": 0.53,
        "acq_date": "2026-09-24",
        "acq_time": "0109",
        "satellite": "N",
        "instrument": "VIIRS",
        "confidence": "n",
        "version": "2.0NRT",
        "bright_ti5": 288.28,
        "frp": 1.44,
        "daynight": "N",
        "source_dataset": "VIIRS_SNPP_NRT",
        "acq_datetime_utc": "2026-09-24T01:09:00Z",
        "age_hours": 44.4,
        "confidence_label": "nominal",
        "popup_label": "<strong>NASA FIRMS<\/strong><br>Sensor: VIIRS_SNPP_NRT<br>Fecha UTC: 2026-09-24T01:09:00Z<br>Confianza: nominal<br>FRP: 1.44 MW"
      }
    },
    {
      "type": "Feature",
      "geometry": {
        "type": "Point",
        "coordinates": [3.2308, 32.9477]
      },
      "properties": {
        "bright_ti4": 302.94,
        "scan": 0.59,
        "track": 0.53,
        "acq_date": "2026-09-24",
        "acq_time": "0109",
        "satellite": "N",
        "instrument": "VIIRS",
        "confidence": "n",
        "version": "2.0NRT",
        "bright_ti5": 288.26,
        "frp": 0.83,
        "daynight": "N",
        "source_dataset": "VIIRS_SNPP_NRT",
        "acq_datetime_utc": "2026-09-24T01:09:00Z",
        "age_hours": 44.4,
        "confidence_label": "nominal",
        "popup_label": "<strong>NASA FIRMS<\/strong><br>Sensor: VIIRS_SNPP_NRT<br>Fecha UTC: 2026-09-24T01:09:00Z<br>Confianza: nominal<br>FRP: 0.83 MW"
      }
    },
    {
      "type": "Feature",
      "geometry": {
        "type": "Point",
        "coordinates": [3.2243, 32.9483]
      },
      "properties": {
        "bright_ti4": 298.2,
        "scan": 0.59,
        "track": 0.53,
        "acq_date": "2026-09-24",
        "acq_time": "0109",
        "satellite": "N",
        "instrument": "VIIRS",
        "confidence": "n",
        "version": "2.0NRT",
        "bright_ti5": 288.16,
        "frp": 0.83,
        "daynight": "N",
        "source_dataset": "VIIRS_SNPP_NRT",
        "acq_datetime_utc": "2026-09-24T01:09:00Z",
        "age_hours": 44.4,
        "confidence_label": "nominal",
        "popup_label": "<strong>NASA FIRMS<\/strong><br>Sensor: VIIRS_SNPP_NRT<br>Fecha UTC: 2026-09-24T01:09:00Z<br>Confianza: nominal<br>FRP: 0.83 MW"
      }
    },
    {
      "type": "Feature",
      "geometry": {
        "type": "Point",
        "coordinates": [3.3239, 33.1267]
      },
      "properties": {
        "bright_ti4": 299.54,
        "scan": 0.59,
        "track": 0.53,
        "acq_date": "2026-09-24",
        "acq_time": "0109",
        "satellite": "N",
        "instrument": "VIIRS",
        "confidence": "n",
        "version": "2.0NRT",
        "bright_ti5": 288.62,
        "frp": 1.32,
        "daynight": "N",
        "source_dataset": "VIIRS_SNPP_NRT",
        "acq_datetime_utc": "2026-09-24T01:09:00Z",
        "age_hours": 44.4,
        "confidence_label": "nominal",
        "popup_label": "<strong>NASA FIRMS<\/strong><br>Sensor: VIIRS_SNPP_NRT<br>Fecha UTC: 2026-09-24T01:09:00Z<br>Confianza: nominal<br>FRP: 1.32 MW"
      }
    },
    {
      "type": "Feature",
      "geometry": {
        "type": "Point",
        "coordinates": [3.3174, 33.1273]
      },
      "properties": {
        "bright_ti4": 307.28,
        "scan": 0.59,
        "track": 0.53,
        "acq_date": "2026-09-24",
        "acq_time": "0109",
        "satellite": "N",
        "instrument": "VIIRS",
        "confidence": "n",
        "version": "2.0NRT",
        "bright_ti5": 288.25,
        "frp": 1.94,
        "daynight": "N",
        "source_dataset": "VIIRS_SNPP_NRT",
        "acq_datetime_utc": "2026-09-24T01:09:00Z",
        "age_hours": 44.4,
        "confidence_label": "nominal",
        "popup_label": "<strong>NASA FIRMS<\/strong><br>Sensor: VIIRS_SNPP_NRT<br>Fecha UTC: 2026-09-24T01:09:00Z<br>Confianza: nominal<br>FRP: 1.94 MW"
      }
    },
    {
      "type": "Feature",
      "geometry": {
        "type": "Point",
        "coordinates": [-0.3452, 33.4737]
      },
      "properties": {
        "bright_ti4": 309.29,
        "scan": 0.48,
        "track": 0.65,
        "acq_date": "2026-09-24",
        "acq_time": "0109",
        "satellite": "N",
        "instrument": "VIIRS",
        "confidence": "n",
        "version": "2.0NRT",
        "bright_ti5": 287.27,
        "frp": 1.84,
        "daynight": "N",
        "source_dataset": "VIIRS_SNPP_NRT",
        "acq_datetime_utc": "2026-09-24T01:09:00Z",
        "age_hours": 44.4,
        "confidence_label": "nominal",
        "popup_label": "<strong>NASA FIRMS<\/strong><br>Sensor: VIIRS_SNPP_NRT<br>Fecha UTC: 2026-09-24T01:09:00Z<br>Confianza: nominal<br>FRP: 1.84 MW"
      }
    },
    {
      "type": "Feature",
      "geometry": {
        "type": "Point",
        "coordinates": [-0.3477, 33.4747]
      },
      "properties": {
        "bright_ti4": 298.6,
        "scan": 0.48,
        "track": 0.65,
        "acq_date": "2026-09-24",
        "acq_time": "0109",
        "satellite": "N",
        "instrument": "VIIRS",
        "confidence": "n",
        "version": "2.0NRT",
        "bright_ti5": 286.81,
        "frp": 1.1,
        "daynight": "N",
        "source_dataset": "VIIRS_SNPP_NRT",
        "acq_datetime_utc": "2026-09-24T01:09:00Z",
        "age_hours": 44.4,
        "confidence_label": "nominal",
        "popup_label": "<strong>NASA FIRMS<\/strong><br>Sensor: VIIRS_SNPP_NRT<br>Fecha UTC: 2026-09-24T01:09:00Z<br>Confianza: nominal<br>FRP: 1.1 MW"
      }
    },
    {
      "type": "Feature",
      "geometry": {
        "type": "Point",
        "coordinates": [2.0573, 34.4344]
      },
      "properties": {
        "bright_ti4": 297.93,
        "scan": 0.36,
        "track": 0.57,
        "acq_date": "2026-09-24",
        "acq_time": "0109",
        "satellite": "N",
        "instrument": "VIIRS",
        "confidence": "n",
        "version": "2.0NRT",
        "bright_ti5": 285.9,
        "frp": 0.66,
        "daynight": "N",
        "source_dataset": "VIIRS_SNPP_NRT",
        "acq_datetime_utc": "2026-09-24T01:09:00Z",
        "age_hours": 44.4,
        "confidence_label": "nominal",
        "popup_label": "<strong>NASA FIRMS<\/strong><br>Sensor: VIIRS_SNPP_NRT<br>Fecha UTC: 2026-09-24T01:09:00Z<br>Confianza: nominal<br>FRP: 0.66 MW"
      }
    },
    {
      "type": "Feature",
      "geometry": {
        "type": "Point",
        "coordinates": [2.0581, 34.4397]
      },
      "properties": {
        "bright_ti4": 301.15,
        "scan": 0.36,
        "track": 0.57,
        "acq_date": "2026-09-24",
        "acq_time": "0109",
        "satellite": "N",
        "instrument": "VIIRS",
        "confidence": "n",
        "version": "2.0NRT",
        "bright_ti5": 286.51,
        "frp": 0.49,
        "daynight": "N",
        "source_dataset": "VIIRS_SNPP_NRT",
        "acq_datetime_utc": "2026-09-24T01:09:00Z",
        "age_hours": 44.4,
        "confidence_label": "nominal",
        "popup_label": "<strong>NASA FIRMS<\/strong><br>Sensor: VIIRS_SNPP_NRT<br>Fecha UTC: 2026-09-24T01:09:00Z<br>Confianza: nominal<br>FRP: 0.49 MW"
      }
    },
    {
      "type": "Feature",
      "geometry": {
        "type": "Point",
        "coordinates": [-0.2678, 35.7628]
      },
      "properties": {
        "bright_ti4": 309.06,
        "scan": 0.5,
        "track": 0.66,
        "acq_date": "2026-09-24",
        "acq_time": "0109",
        "satellite": "N",
        "instrument": "VIIRS",
        "confidence": "n",
        "version": "2.0NRT",
        "bright_ti5": 291.82,
        "frp": 2.48,
        "daynight": "N",
        "source_dataset": "VIIRS_SNPP_NRT",
        "acq_datetime_utc": "2026-09-24T01:09:00Z",
        "age_hours": 44.4,
        "confidence_label": "nominal",
        "popup_label": "<strong>NASA FIRMS<\/strong><br>Sensor: VIIRS_SNPP_NRT<br>Fecha UTC: 2026-09-24T01:09:00Z<br>Confianza: nominal<br>FRP: 2.48 MW"
      }
    },
    {
      "type": "Feature",
      "geometry": {
        "type": "Point",
        "coordinates": [-0.2643, 35.7635]
      },
      "properties": {
        "bright_ti4": 311.77,
        "scan": 0.5,
        "track": 0.66,
        "acq_date": "2026-09-24",
        "acq_time": "0109",
        "satellite": "N",
        "instrument": "VIIRS",
        "confidence": "n",
        "version": "2.0NRT",
        "bright_ti5": 291.65,
        "frp": 3.42,
        "daynight": "N",
        "source_dataset": "VIIRS_SNPP_NRT",
        "acq_datetime_utc": "2026-09-24T01:09:00Z",
        "age_hours": 44.4,
        "confidence_label": "nominal",
        "popup_label": "<strong>NASA FIRMS<\/strong><br>Sensor: VIIRS_SNPP_NRT<br>Fecha UTC: 2026-09-24T01:09:00Z<br>Confianza: nominal<br>FRP: 3.42 MW"
      }
    },
    {
      "type": "Feature",
      "geometry": {
        "type": "Point",
        "coordinates": [-0.3116, 35.7894]
      },
      "properties": {
        "bright_ti4": 309.92,
        "scan": 0.5,
        "track": 0.66,
        "acq_date": "2026-09-24",
        "acq_time": "0109",
        "satellite": "N",
        "instrument": "VIIRS",
        "confidence": "n",
        "version": "2.0NRT",
        "bright_ti5": 289.66,
        "frp": 1.16,
        "daynight": "N",
        "source_dataset": "VIIRS_SNPP_NRT",
        "acq_datetime_utc": "2026-09-24T01:09:00Z",
        "age_hours": 44.4,
        "confidence_label": "nominal",
        "popup_label": "<strong>NASA FIRMS<\/strong><br>Sensor: VIIRS_SNPP_NRT<br>Fecha UTC: 2026-09-24T01:09:00Z<br>Confianza: nominal<br>FRP: 1.16 MW"
      }
    },
    {
      "type": "Feature",
      "geometry": {
        "type": "Point",
        "coordinates": [-0.2542, 35.8053]
      },
      "properties": {
        "bright_ti4": 307.89,
        "scan": 0.5,
        "track": 0.66,
        "acq_date": "2026-09-24",
        "acq_time": "0109",
        "satellite": "N",
        "instrument": "VIIRS",
        "confidence": "n",
        "version": "2.0NRT",
        "bright_ti5": 289.83,
        "frp": 1.94,
        "daynight": "N",
        "source_dataset": "VIIRS_SNPP_NRT",
        "acq_datetime_utc": "2026-09-24T01:09:00Z",
        "age_hours": 44.4,
        "confidence_label": "nominal",
        "popup_label": "<strong>NASA FIRMS<\/strong><br>Sensor: VIIRS_SNPP_NRT<br>Fecha UTC: 2026-09-24T01:09:00Z<br>Confianza: nominal<br>FRP: 1.94 MW"
      }
    },
    {
      "type": "Feature",
      "geometry": {
        "type": "Point",
        "coordinates": [-0.2599, 35.8056]
      },
      "properties": {
        "bright_ti4": 300.91,
        "scan": 0.5,
        "track": 0.66,
        "acq_date": "2026-09-24",
        "acq_time": "0109",
        "satellite": "N",
        "instrument": "VIIRS",
        "confidence": "n",
        "version": "2.0NRT",
        "bright_ti5": 290.3,
        "frp": 1.43,
        "daynight": "N",
        "source_dataset": "VIIRS_SNPP_NRT",
        "acq_datetime_utc": "2026-09-24T01:09:00Z",
        "age_hours": 44.4,
        "confidence_label": "nominal",
        "popup_label": "<strong>NASA FIRMS<\/strong><br>Sensor: VIIRS_SNPP_NRT<br>Fecha UTC: 2026-09-24T01:09:00Z<br>Confianza: nominal<br>FRP: 1.43 MW"
      }
    },
    {
      "type": "Feature",
      "geometry": {
        "type": "Point",
        "coordinates": [-0.2542, 35.8115]
      },
      "properties": {
        "bright_ti4": 318.63,
        "scan": 0.5,
        "track": 0.66,
        "acq_date": "2026-09-24",
        "acq_time": "0109",
        "satellite": "N",
        "instrument": "VIIRS",
        "confidence": "n",
        "version": "2.0NRT",
        "bright_ti5": 290.73,
        "frp": 1.94,
        "daynight": "N",
        "source_dataset": "VIIRS_SNPP_NRT",
        "acq_datetime_utc": "2026-09-24T01:09:00Z",
        "age_hours": 44.4,
        "confidence_label": "nominal",
        "popup_label": "<strong>NASA FIRMS<\/strong><br>Sensor: VIIRS_SNPP_NRT<br>Fecha UTC: 2026-09-24T01:09:00Z<br>Confianza: nominal<br>FRP: 1.94 MW"
      }
    },
    {
      "type": "Feature",
      "geometry": {
        "type": "Point",
        "coordinates": [-0.2599, 35.8118]
      },
      "properties": {
        "bright_ti4": 301.45,
        "scan": 0.5,
        "track": 0.66,
        "acq_date": "2026-09-24",
        "acq_time": "0109",
        "satellite": "N",
        "instrument": "VIIRS",
        "confidence": "n",
        "version": "2.0NRT",
        "bright_ti5": 290.46,
        "frp": 1.43,
        "daynight": "N",
        "source_dataset": "VIIRS_SNPP_NRT",
        "acq_datetime_utc": "2026-09-24T01:09:00Z",
        "age_hours": 44.4,
        "confidence_label": "nominal",
        "popup_label": "<strong>NASA FIRMS<\/strong><br>Sensor: VIIRS_SNPP_NRT<br>Fecha UTC: 2026-09-24T01:09:00Z<br>Confianza: nominal<br>FRP: 1.43 MW"
      }
    },
    {
      "type": "Feature",
      "geometry": {
        "type": "Point",
        "coordinates": [-0.2765, 35.8125]
      },
      "properties": {
        "bright_ti4": 307.55,
        "scan": 0.5,
        "track": 0.66,
        "acq_date": "2026-09-24",
        "acq_time": "0109",
        "satellite": "N",
        "instrument": "VIIRS",
        "confidence": "n",
        "version": "2.0NRT",
        "bright_ti5": 290.3,
        "frp": 1.34,
        "daynight": "N",
        "source_dataset": "VIIRS_SNPP_NRT",
        "acq_datetime_utc": "2026-09-24T01:09:00Z",
        "age_hours": 44.4,
        "confidence_label": "nominal",
        "popup_label": "<strong>NASA FIRMS<\/strong><br>Sensor: VIIRS_SNPP_NRT<br>Fecha UTC: 2026-09-24T01:09:00Z<br>Confianza: nominal<br>FRP: 1.34 MW"
      }
    },
    {
      "type": "Feature",
      "geometry": {
        "type": "Point",
        "coordinates": [1.2429, 36.1247]
      },
      "properties": {
        "bright_ti4": 305.54,
        "scan": 0.41,
        "track": 0.61,
        "acq_date": "2026-09-24",
        "acq_time": "0109",
        "satellite": "N",
        "instrument": "VIIRS",
        "confidence": "n",
        "version": "2.0NRT",
        "bright_ti5": 290.28,
        "frp": 1.28,
        "daynight": "N",
        "source_dataset": "VIIRS_SNPP_NRT",
        "acq_datetime_utc": "2026-09-24T01:09:00Z",
        "age_hours": 44.4,
        "confidence_label": "nominal",
        "popup_label": "<strong>NASA FIRMS<\/strong><br>Sensor: VIIRS_SNPP_NRT<br>Fecha UTC: 2026-09-24T01:09:00Z<br>Confianza: nominal<br>FRP: 1.28 MW"
      }
    },
    {
      "type": "Feature",
      "geometry": {
        "type": "Point",
        "coordinates": [2.5811, 36.5324]
      },
      "properties": {
        "bright_ti4": 303.73,
        "scan": 0.35,
        "track": 0.57,
        "acq_date": "2026-09-24",
        "acq_time": "0109",
        "satellite": "N",
        "instrument": "VIIRS",
        "confidence": "n",
        "version": "2.0NRT",
        "bright_ti5": 289.74,
        "frp": 0.68,
        "daynight": "N",
        "source_dataset": "VIIRS_SNPP_NRT",
        "acq_datetime_utc": "2026-09-24T01:09:00Z",
        "age_hours": 44.4,
        "confidence_label": "nominal",
        "popup_label": "<strong>NASA FIRMS<\/strong><br>Sensor: VIIRS_SNPP_NRT<br>Fecha UTC: 2026-09-24T01:09:00Z<br>Confianza: nominal<br>FRP: 0.68 MW"
      }
    },
    {
      "type": "Feature",
      "geometry": {
        "type": "Point",
        "coordinates": [2.5809, 36.5337]
      },
      "properties": {
        "bright_ti4": 306.96,
        "scan": 0.35,
        "track": 0.57,
        "acq_date": "2026-09-24",
        "acq_time": "0109",
        "satellite": "N",
        "instrument": "VIIRS",
        "confidence": "n",
        "version": "2.0NRT",
        "bright_ti5": 290.04,
        "frp": 0.96,
        "daynight": "N",
        "source_dataset": "VIIRS_SNPP_NRT",
        "acq_datetime_utc": "2026-09-24T01:09:00Z",
        "age_hours": 44.4,
        "confidence_label": "nominal",
        "popup_label": "<strong>NASA FIRMS<\/strong><br>Sensor: VIIRS_SNPP_NRT<br>Fecha UTC: 2026-09-24T01:09:00Z<br>Confianza: nominal<br>FRP: 0.96 MW"
      }
    },
    {
      "type": "Feature",
      "geometry": {
        "type": "Point",
        "coordinates": [3.1636, 36.5412]
      },
      "properties": {
        "bright_ti4": 301.43,
        "scan": 0.33,
        "track": 0.55,
        "acq_date": "2026-09-24",
        "acq_time": "0109",
        "satellite": "N",
        "instrument": "VIIRS",
        "confidence": "n",
        "version": "2.0NRT",
        "bright_ti5": 289.92,
        "frp": 0.71,
        "daynight": "N",
        "source_dataset": "VIIRS_SNPP_NRT",
        "acq_datetime_utc": "2026-09-24T01:09:00Z",
        "age_hours": 44.4,
        "confidence_label": "nominal",
        "popup_label": "<strong>NASA FIRMS<\/strong><br>Sensor: VIIRS_SNPP_NRT<br>Fecha UTC: 2026-09-24T01:09:00Z<br>Confianza: nominal<br>FRP: 0.71 MW"
      }
    },
    {
      "type": "Feature",
      "geometry": {
        "type": "Point",
        "coordinates": [3.1675, 36.5461]
      },
      "properties": {
        "bright_ti4": 301.42,
        "scan": 0.33,
        "track": 0.55,
        "acq_date": "2026-09-24",
        "acq_time": "0109",
        "satellite": "N",
        "instrument": "VIIRS",
        "confidence": "n",
        "version": "2.0NRT",
        "bright_ti5": 290.31,
        "frp": 0.71,
        "daynight": "N",
        "source_dataset": "VIIRS_SNPP_NRT",
        "acq_datetime_utc": "2026-09-24T01:09:00Z",
        "age_hours": 44.4,
        "confidence_label": "nominal",
        "popup_label": "<strong>NASA FIRMS<\/strong><br>Sensor: VIIRS_SNPP_NRT<br>Fecha UTC: 2026-09-24T01:09:00Z<br>Confianza: nominal<br>FRP: 0.71 MW"
      }
    },
    {
      "type": "Feature",
      "geometry": {
        "type": "Point",
        "coordinates": [3.1636, 36.5463]
      },
      "properties": {
        "bright_ti4": 308.74,
        "scan": 0.33,
        "track": 0.55,
        "acq_date": "2026-09-24",
        "acq_time": "0109",
        "satellite": "N",
        "instrument": "VIIRS",
        "confidence": "n",
        "version": "2.0NRT",
        "bright_ti5": 289.96,
        "frp": 0.71,
        "daynight": "N",
        "source_dataset": "VIIRS_SNPP_NRT",
        "acq_datetime_utc": "2026-09-24T01:09:00Z",
        "age_hours": 44.4,
        "confidence_label": "nominal",
        "popup_label": "<strong>NASA FIRMS<\/strong><br>Sensor: VIIRS_SNPP_NRT<br>Fecha UTC: 2026-09-24T01:09:00Z<br>Confianza: nominal<br>FRP: 0.71 MW"
      }
    },
    {
      "type": "Feature",
      "geometry": {
        "type": "Point",
        "coordinates": [2.8771, 36.5975]
      },
      "properties": {
        "bright_ti4": 301,
        "scan": 0.34,
        "track": 0.56,
        "acq_date": "2026-09-24",
        "acq_time": "0109",
        "satellite": "N",
        "instrument": "VIIRS",
        "confidence": "n",
        "version": "2.0NRT",
        "bright_ti5": 290.48,
        "frp": 0.44,
        "daynight": "N",
        "source_dataset": "VIIRS_SNPP_NRT",
        "acq_datetime_utc": "2026-09-24T01:09:00Z",
        "age_hours": 44.4,
        "confidence_label": "nominal",
        "popup_label": "<strong>NASA FIRMS<\/strong><br>Sensor: VIIRS_SNPP_NRT<br>Fecha UTC: 2026-09-24T01:09:00Z<br>Confianza: nominal<br>FRP: 0.44 MW"
      }
    },
    {
      "type": "Feature",
      "geometry": {
        "type": "Point",
        "coordinates": [3.0035, 36.62]
      },
      "properties": {
        "bright_ti4": 300.33,
        "scan": 0.33,
        "track": 0.55,
        "acq_date": "2026-09-24",
        "acq_time": "0109",
        "satellite": "N",
        "instrument": "VIIRS",
        "confidence": "n",
        "version": "2.0NRT",
        "bright_ti5": 289.64,
        "frp": 0.22,
        "daynight": "N",
        "source_dataset": "VIIRS_SNPP_NRT",
        "acq_datetime_utc": "2026-09-24T01:09:00Z",
        "age_hours": 44.4,
        "confidence_label": "nominal",
        "popup_label": "<strong>NASA FIRMS<\/strong><br>Sensor: VIIRS_SNPP_NRT<br>Fecha UTC: 2026-09-24T01:09:00Z<br>Confianza: nominal<br>FRP: 0.22 MW"
      }
    },
    {
      "type": "Feature",
      "geometry": {
        "type": "Point",
        "coordinates": [3.1224, 36.6802]
      },
      "properties": {
        "bright_ti4": 308.17,
        "scan": 0.33,
        "track": 0.55,
        "acq_date": "2026-09-24",
        "acq_time": "0109",
        "satellite": "N",
        "instrument": "VIIRS",
        "confidence": "n",
        "version": "2.0NRT",
        "bright_ti5": 291.64,
        "frp": 0.47,
        "daynight": "N",
        "source_dataset": "VIIRS_SNPP_NRT",
        "acq_datetime_utc": "2026-09-24T01:09:00Z",
        "age_hours": 44.4,
        "confidence_label": "nominal",
        "popup_label": "<strong>NASA FIRMS<\/strong><br>Sensor: VIIRS_SNPP_NRT<br>Fecha UTC: 2026-09-24T01:09:00Z<br>Confianza: nominal<br>FRP: 0.47 MW"
      }
    },
    {
      "type": "Feature",
      "geometry": {
        "type": "Point",
        "coordinates": [3.9758, 36.7324]
      },
      "properties": {
        "bright_ti4": 345.37,
        "scan": 0.59,
        "track": 0.53,
        "acq_date": "2026-09-24",
        "acq_time": "0109",
        "satellite": "N",
        "instrument": "VIIRS",
        "confidence": "n",
        "version": "2.0NRT",
        "bright_ti5": 291.78,
        "frp": 10.32,
        "daynight": "N",
        "source_dataset": "VIIRS_SNPP_NRT",
        "acq_datetime_utc": "2026-09-24T01:09:00Z",
        "age_hours": 44.4,
        "confidence_label": "nominal",
        "popup_label": "<strong>NASA FIRMS<\/strong><br>Sensor: VIIRS_SNPP_NRT<br>Fecha UTC: 2026-09-24T01:09:00Z<br>Confianza: nominal<br>FRP: 10.32 MW"
      }
    },
    {
      "type": "Feature",
      "geometry": {
        "type": "Point",
        "coordinates": [-3.4804, 40.2429]
      },
      "properties": {
        "bright_ti4": 303.28,
        "scan": 0.79,
        "track": 0.78,
        "acq_date": "2026-09-24",
        "acq_time": "0107",
        "satellite": "N",
        "instrument": "VIIRS",
        "confidence": "n",
        "version": "2.0NRT",
        "bright_ti5": 289.7,
        "frp": 2.28,
        "daynight": "N",
        "source_dataset": "VIIRS_SNPP_NRT",
        "acq_datetime_utc": "2026-09-24T01:07:00Z",
        "age_hours": 44.4,
        "confidence_label": "nominal",
        "popup_label": "<strong>NASA FIRMS<\/strong><br>Sensor: VIIRS_SNPP_NRT<br>Fecha UTC: 2026-09-24T01:07:00Z<br>Confianza: nominal<br>FRP: 2.28 MW"
      }
    },
    {
      "type": "Feature",
      "geometry": {
        "type": "Point",
        "coordinates": [-3.4762, 40.2432]
      },
      "properties": {
        "bright_ti4": 310.01,
        "scan": 0.78,
        "track": 0.78,
        "acq_date": "2026-09-24",
        "acq_time": "0107",
        "satellite": "N",
        "instrument": "VIIRS",
        "confidence": "n",
        "version": "2.0NRT",
        "bright_ti5": 289.99,
        "frp": 1.79,
        "daynight": "N",
        "source_dataset": "VIIRS_SNPP_NRT",
        "acq_datetime_utc": "2026-09-24T01:07:00Z",
        "age_hours": 44.4,
        "confidence_label": "nominal",
        "popup_label": "<strong>NASA FIRMS<\/strong><br>Sensor: VIIRS_SNPP_NRT<br>Fecha UTC: 2026-09-24T01:07:00Z<br>Confianza: nominal<br>FRP: 1.79 MW"
      }
    },
    {
      "type": "Feature",
      "geometry": {
        "type": "Point",
        "coordinates": [-2.2216, 43.0361]
      },
      "properties": {
        "bright_ti4": 297.63,
        "scan": 0.69,
        "track": 0.74,
        "acq_date": "2026-09-24",
        "acq_time": "0107",
        "satellite": "N",
        "instrument": "VIIRS",
        "confidence": "n",
        "version": "2.0NRT",
        "bright_ti5": 286.72,
        "frp": 0.59,
        "daynight": "N",
        "source_dataset": "VIIRS_SNPP_NRT",
        "acq_datetime_utc": "2026-09-24T01:07:00Z",
        "age_hours": 44.4,
        "confidence_label": "nominal",
        "popup_label": "<strong>NASA FIRMS<\/strong><br>Sensor: VIIRS_SNPP_NRT<br>Fecha UTC: 2026-09-24T01:07:00Z<br>Confianza: nominal<br>FRP: 0.59 MW"
      }
    },
    {
      "type": "Feature",
      "geometry": {
        "type": "Point",
        "coordinates": [4.8959, 43.4308]
      },
      "properties": {
        "bright_ti4": 300.98,
        "scan": 0.61,
        "track": 0.54,
        "acq_date": "2026-09-24",
        "acq_time": "0107",
        "satellite": "N",
        "instrument": "VIIRS",
        "confidence": "n",
        "version": "2.0NRT",
        "bright_ti5": 290.17,
        "frp": 0.86,
        "daynight": "N",
        "source_dataset": "VIIRS_SNPP_NRT",
        "acq_datetime_utc": "2026-09-24T01:07:00Z",
        "age_hours": 44.4,
        "confidence_label": "nominal",
        "popup_label": "<strong>NASA FIRMS<\/strong><br>Sensor: VIIRS_SNPP_NRT<br>Fecha UTC: 2026-09-24T01:07:00Z<br>Confianza: nominal<br>FRP: 0.86 MW"
      }
    },
    {
      "type": "Feature",
      "geometry": {
        "type": "Point",
        "coordinates": [4.8943, 43.4354]
      },
      "properties": {
        "bright_ti4": 301.41,
        "scan": 0.61,
        "track": 0.54,
        "acq_date": "2026-09-24",
        "acq_time": "0107",
        "satellite": "N",
        "instrument": "VIIRS",
        "confidence": "n",
        "version": "2.0NRT",
        "bright_ti5": 290.29,
        "frp": 2.91,
        "daynight": "N",
        "source_dataset": "VIIRS_SNPP_NRT",
        "acq_datetime_utc": "2026-09-24T01:07:00Z",
        "age_hours": 44.4,
        "confidence_label": "nominal",
        "popup_label": "<strong>NASA FIRMS<\/strong><br>Sensor: VIIRS_SNPP_NRT<br>Fecha UTC: 2026-09-24T01:07:00Z<br>Confianza: nominal<br>FRP: 2.91 MW"
      }
    },
    {
      "type": "Feature",
      "geometry": {
        "type": "Point",
        "coordinates": [4.8888, 43.4363]
      },
      "properties": {
        "bright_ti4": 303.64,
        "scan": 0.61,
        "track": 0.54,
        "acq_date": "2026-09-24",
        "acq_time": "0107",
        "satellite": "N",
        "instrument": "VIIRS",
        "confidence": "n",
        "version": "2.0NRT",
        "bright_ti5": 290.1,
        "frp": 1.73,
        "daynight": "N",
        "source_dataset": "VIIRS_SNPP_NRT",
        "acq_datetime_utc": "2026-09-24T01:07:00Z",
        "age_hours": 44.4,
        "confidence_label": "nominal",
        "popup_label": "<strong>NASA FIRMS<\/strong><br>Sensor: VIIRS_SNPP_NRT<br>Fecha UTC: 2026-09-24T01:07:00Z<br>Confianza: nominal<br>FRP: 1.73 MW"
      }
    },
    {
      "type": "Feature",
      "geometry": {
        "type": "Point",
        "coordinates": [4.8949, 43.4404]
      },
      "properties": {
        "bright_ti4": 304.15,
        "scan": 0.61,
        "track": 0.54,
        "acq_date": "2026-09-24",
        "acq_time": "0107",
        "satellite": "N",
        "instrument": "VIIRS",
        "confidence": "n",
        "version": "2.0NRT",
        "bright_ti5": 289.6,
        "frp": 1.52,
        "daynight": "N",
        "source_dataset": "VIIRS_SNPP_NRT",
        "acq_datetime_utc": "2026-09-24T01:07:00Z",
        "age_hours": 44.4,
        "confidence_label": "nominal",
        "popup_label": "<strong>NASA FIRMS<\/strong><br>Sensor: VIIRS_SNPP_NRT<br>Fecha UTC: 2026-09-24T01:07:00Z<br>Confianza: nominal<br>FRP: 1.52 MW"
      }
    },
    {
      "type": "Feature",
      "geometry": {
        "type": "Point",
        "coordinates": [4.8871, 43.4409]
      },
      "properties": {
        "bright_ti4": 299.58,
        "scan": 0.61,
        "track": 0.54,
        "acq_date": "2026-09-24",
        "acq_time": "0107",
        "satellite": "N",
        "instrument": "VIIRS",
        "confidence": "n",
        "version": "2.0NRT",
        "bright_ti5": 289.46,
        "frp": 1.52,
        "daynight": "N",
        "source_dataset": "VIIRS_SNPP_NRT",
        "acq_datetime_utc": "2026-09-24T01:07:00Z",
        "age_hours": 44.4,
        "confidence_label": "nominal",
        "popup_label": "<strong>NASA FIRMS<\/strong><br>Sensor: VIIRS_SNPP_NRT<br>Fecha UTC: 2026-09-24T01:07:00Z<br>Confianza: nominal<br>FRP: 1.52 MW"
      }
    },
    {
      "type": "Feature",
      "geometry": {
        "type": "Point",
        "coordinates": [4.8894, 43.4413]
      },
      "properties": {
        "bright_ti4": 308.02,
        "scan": 0.61,
        "track": 0.54,
        "acq_date": "2026-09-24",
        "acq_time": "0107",
        "satellite": "N",
        "instrument": "VIIRS",
        "confidence": "n",
        "version": "2.0NRT",
        "bright_ti5": 290.04,
        "frp": 1.73,
        "daynight": "N",
        "source_dataset": "VIIRS_SNPP_NRT",
        "acq_datetime_utc": "2026-09-24T01:07:00Z",
        "age_hours": 44.4,
        "confidence_label": "nominal",
        "popup_label": "<strong>NASA FIRMS<\/strong><br>Sensor: VIIRS_SNPP_NRT<br>Fecha UTC: 2026-09-24T01:07:00Z<br>Confianza: nominal<br>FRP: 1.73 MW"
      }
    },
    {
      "type": "Feature",
      "geometry": {
        "type": "Point",
        "coordinates": [4.8404, 43.4436]
      },
      "properties": {
        "bright_ti4": 301.35,
        "scan": 0.62,
        "track": 0.54,
        "acq_date": "2026-09-24",
        "acq_time": "0107",
        "satellite": "N",
        "instrument": "VIIRS",
        "confidence": "n",
        "version": "2.0NRT",
        "bright_ti5": 288.54,
        "frp": 1.69,
        "daynight": "N",
        "source_dataset": "VIIRS_SNPP_NRT",
        "acq_datetime_utc": "2026-09-24T01:07:00Z",
        "age_hours": 44.4,
        "confidence_label": "nominal",
        "popup_label": "<strong>NASA FIRMS<\/strong><br>Sensor: VIIRS_SNPP_NRT<br>Fecha UTC: 2026-09-24T01:07:00Z<br>Confianza: nominal<br>FRP: 1.69 MW"
      }
    },
    {
      "type": "Feature",
      "geometry": {
        "type": "Point",
        "coordinates": [4.8428, 43.4443]
      },
      "properties": {
        "bright_ti4": 307.26,
        "scan": 0.62,
        "track": 0.54,
        "acq_date": "2026-09-24",
        "acq_time": "0107",
        "satellite": "N",
        "instrument": "VIIRS",
        "confidence": "n",
        "version": "2.0NRT",
        "bright_ti5": 289.04,
        "frp": 1.5,
        "daynight": "N",
        "source_dataset": "VIIRS_SNPP_NRT",
        "acq_datetime_utc": "2026-09-24T01:07:00Z",
        "age_hours": 44.4,
        "confidence_label": "nominal",
        "popup_label": "<strong>NASA FIRMS<\/strong><br>Sensor: VIIRS_SNPP_NRT<br>Fecha UTC: 2026-09-24T01:07:00Z<br>Confianza: nominal<br>FRP: 1.5 MW"
      }
    },
    {
      "type": "Feature",
      "geometry": {
        "type": "Point",
        "coordinates": [4.8955, 43.4454]
      },
      "properties": {
        "bright_ti4": 309.16,
        "scan": 0.61,
        "track": 0.54,
        "acq_date": "2026-09-24",
        "acq_time": "0107",
        "satellite": "N",
        "instrument": "VIIRS",
        "confidence": "n",
        "version": "2.0NRT",
        "bright_ti5": 290.05,
        "frp": 1.52,
        "daynight": "N",
        "source_dataset": "VIIRS_SNPP_NRT",
        "acq_datetime_utc": "2026-09-24T01:07:00Z",
        "age_hours": 44.4,
        "confidence_label": "nominal",
        "popup_label": "<strong>NASA FIRMS<\/strong><br>Sensor: VIIRS_SNPP_NRT<br>Fecha UTC: 2026-09-24T01:07:00Z<br>Confianza: nominal<br>FRP: 1.52 MW"
      }
    },
    {
      "type": "Feature",
      "geometry": {
        "type": "Point",
        "coordinates": [4.8977, 43.4458]
      },
      "properties": {
        "bright_ti4": 313.4,
        "scan": 0.61,
        "track": 0.54,
        "acq_date": "2026-09-24",
        "acq_time": "0107",
        "satellite": "N",
        "instrument": "VIIRS",
        "confidence": "n",
        "version": "2.0NRT",
        "bright_ti5": 290.2,
        "frp": 1.11,
        "daynight": "N",
        "source_dataset": "VIIRS_SNPP_NRT",
        "acq_datetime_utc": "2026-09-24T01:07:00Z",
        "age_hours": 44.4,
        "confidence_label": "nominal",
        "popup_label": "<strong>NASA FIRMS<\/strong><br>Sensor: VIIRS_SNPP_NRT<br>Fecha UTC: 2026-09-24T01:07:00Z<br>Confianza: nominal<br>FRP: 1.11 MW"
      }
    },
    {
      "type": "Feature",
      "geometry": {
        "type": "Point",
        "coordinates": [-3.4697, 40.2426]
      },
      "properties": {
        "bright_ti4": 332.39,
        "scan": 0.52,
        "track": 0.67,
        "acq_date": "2026-09-25",
        "acq_time": "1414",
        "satellite": "N20",
        "instrument": "VIIRS",
        "confidence": "l",
        "version": "2.0NRT",
        "bright_ti5": 306.69,
        "frp": 3.42,
        "daynight": "D",
        "source_dataset": "VIIRS_NOAA20_NRT",
        "acq_datetime_utc": "2026-09-25T14:14:00Z",
        "age_hours": 7.3,
        "confidence_label": "baja",
        "popup_label": "<strong>NASA FIRMS<\/strong><br>Sensor: VIIRS_NOAA20_NRT<br>Fecha UTC: 2026-09-25T14:14:00Z<br>Confianza: baja<br>FRP: 3.42 MW"
      }
    },
    {
      "type": "Feature",
      "geometry": {
        "type": "Point",
        "coordinates": [-8.7288, 41.6381]
      },
      "properties": {
        "bright_ti4": 339.3,
        "scan": 0.56,
        "track": 0.52,
        "acq_date": "2026-09-25",
        "acq_time": "1414",
        "satellite": "N20",
        "instrument": "VIIRS",
        "confidence": "n",
        "version": "2.0NRT",
        "bright_ti5": 300.91,
        "frp": 7.4,
        "daynight": "D",
        "source_dataset": "VIIRS_NOAA20_NRT",
        "acq_datetime_utc": "2026-09-25T14:14:00Z",
        "age_hours": 7.3,
        "confidence_label": "nominal",
        "popup_label": "<strong>NASA FIRMS<\/strong><br>Sensor: VIIRS_NOAA20_NRT<br>Fecha UTC: 2026-09-25T14:14:00Z<br>Confianza: nominal<br>FRP: 7.4 MW"
      }
    },
    {
      "type": "Feature",
      "geometry": {
        "type": "Point",
        "coordinates": [-5.1574, 34.9727]
      },
      "properties": {
        "bright_ti4": 353.07,
        "scan": 0.38,
        "track": 0.59,
        "acq_date": "2026-09-25",
        "acq_time": "1412",
        "satellite": "N20",
        "instrument": "VIIRS",
        "confidence": "n",
        "version": "2.0NRT",
        "bright_ti5": 310.54,
        "frp": 34.83,
        "daynight": "D",
        "source_dataset": "VIIRS_NOAA20_NRT",
        "acq_datetime_utc": "2026-09-25T14:12:00Z",
        "age_hours": 7.3,
        "confidence_label": "nominal",
        "popup_label": "<strong>NASA FIRMS<\/strong><br>Sensor: VIIRS_NOAA20_NRT<br>Fecha UTC: 2026-09-25T14:12:00Z<br>Confianza: nominal<br>FRP: 34.83 MW"
      }
    },
    {
      "type": "Feature",
      "geometry": {
        "type": "Point",
        "coordinates": [-5.1556, 34.9782]
      },
      "properties": {
        "bright_ti4": 367,
        "scan": 0.38,
        "track": 0.59,
        "acq_date": "2026-09-25",
        "acq_time": "1412",
        "satellite": "N20",
        "instrument": "VIIRS",
        "confidence": "h",
        "version": "2.0NRT",
        "bright_ti5": 308.08,
        "frp": 24.28,
        "daynight": "D",
        "source_dataset": "VIIRS_NOAA20_NRT",
        "acq_datetime_utc": "2026-09-25T14:12:00Z",
        "age_hours": 7.3,
        "confidence_label": "alta",
        "popup_label": "<strong>NASA FIRMS<\/strong><br>Sensor: VIIRS_NOAA20_NRT<br>Fecha UTC: 2026-09-25T14:12:00Z<br>Confianza: alta<br>FRP: 24.28 MW"
      }
    },
    {
      "type": "Feature",
      "geometry": {
        "type": "Point",
        "coordinates": [-5.1493, 34.9786]
      },
      "properties": {
        "bright_ti4": 335.64,
        "scan": 0.38,
        "track": 0.59,
        "acq_date": "2026-09-25",
        "acq_time": "1412",
        "satellite": "N20",
        "instrument": "VIIRS",
        "confidence": "n",
        "version": "2.0NRT",
        "bright_ti5": 301.62,
        "frp": 8.74,
        "daynight": "D",
        "source_dataset": "VIIRS_NOAA20_NRT",
        "acq_datetime_utc": "2026-09-25T14:12:00Z",
        "age_hours": 7.3,
        "confidence_label": "nominal",
        "popup_label": "<strong>NASA FIRMS<\/strong><br>Sensor: VIIRS_NOAA20_NRT<br>Fecha UTC: 2026-09-25T14:12:00Z<br>Confianza: nominal<br>FRP: 8.74 MW"
      }
    },
    {
      "type": "Feature",
      "geometry": {
        "type": "Point",
        "coordinates": [-6.1289, 35.1839]
      },
      "properties": {
        "bright_ti4": 367,
        "scan": 0.34,
        "track": 0.56,
        "acq_date": "2026-09-25",
        "acq_time": "1412",
        "satellite": "N20",
        "instrument": "VIIRS",
        "confidence": "h",
        "version": "2.0NRT",
        "bright_ti5": 302.15,
        "frp": 7.2,
        "daynight": "D",
        "source_dataset": "VIIRS_NOAA20_NRT",
        "acq_datetime_utc": "2026-09-25T14:12:00Z",
        "age_hours": 7.3,
        "confidence_label": "alta",
        "popup_label": "<strong>NASA FIRMS<\/strong><br>Sensor: VIIRS_NOAA20_NRT<br>Fecha UTC: 2026-09-25T14:12:00Z<br>Confianza: alta<br>FRP: 7.2 MW"
      }
    },
    {
      "type": "Feature",
      "geometry": {
        "type": "Point",
        "coordinates": [-0.7994, 35.6745]
      },
      "properties": {
        "bright_ti4": 337.16,
        "scan": 0.68,
        "track": 0.74,
        "acq_date": "2026-09-25",
        "acq_time": "1412",
        "satellite": "N20",
        "instrument": "VIIRS",
        "confidence": "n",
        "version": "2.0NRT",
        "bright_ti5": 303.68,
        "frp": 5.41,
        "daynight": "D",
        "source_dataset": "VIIRS_NOAA20_NRT",
        "acq_datetime_utc": "2026-09-25T14:12:00Z",
        "age_hours": 7.3,
        "confidence_label": "nominal",
        "popup_label": "<strong>NASA FIRMS<\/strong><br>Sensor: VIIRS_NOAA20_NRT<br>Fecha UTC: 2026-09-25T14:12:00Z<br>Confianza: nominal<br>FRP: 5.41 MW"
      }
    },
    {
      "type": "Feature",
      "geometry": {
        "type": "Point",
        "coordinates": [-0.8007, 35.6746]
      },
      "properties": {
        "bright_ti4": 335.72,
        "scan": 0.68,
        "track": 0.74,
        "acq_date": "2026-09-25",
        "acq_time": "1412",
        "satellite": "N20",
        "instrument": "VIIRS",
        "confidence": "n",
        "version": "2.0NRT",
        "bright_ti5": 303.57,
        "frp": 5.17,
        "daynight": "D",
        "source_dataset": "VIIRS_NOAA20_NRT",
        "acq_datetime_utc": "2026-09-25T14:12:00Z",
        "age_hours": 7.3,
        "confidence_label": "nominal",
        "popup_label": "<strong>NASA FIRMS<\/strong><br>Sensor: VIIRS_NOAA20_NRT<br>Fecha UTC: 2026-09-25T14:12:00Z<br>Confianza: nominal<br>FRP: 5.17 MW"
      }
    },
    {
      "type": "Feature",
      "geometry": {
        "type": "Point",
        "coordinates": [-5.8413, 36.7931]
      },
      "properties": {
        "bright_ti4": 337.9,
        "scan": 0.36,
        "track": 0.58,
        "acq_date": "2026-09-25",
        "acq_time": "1412",
        "satellite": "N20",
        "instrument": "VIIRS",
        "confidence": "l",
        "version": "2.0NRT",
        "bright_ti5": 312.8,
        "frp": 3.66,
        "daynight": "D",
        "source_dataset": "VIIRS_NOAA20_NRT",
        "acq_datetime_utc": "2026-09-25T14:12:00Z",
        "age_hours": 7.3,
        "confidence_label": "baja",
        "popup_label": "<strong>NASA FIRMS<\/strong><br>Sensor: VIIRS_NOAA20_NRT<br>Fecha UTC: 2026-09-25T14:12:00Z<br>Confianza: baja<br>FRP: 3.66 MW"
      }
    },
    {
      "type": "Feature",
      "geometry": {
        "type": "Point",
        "coordinates": [-5.8371, 36.7933]
      },
      "properties": {
        "bright_ti4": 345.45,
        "scan": 0.36,
        "track": 0.58,
        "acq_date": "2026-09-25",
        "acq_time": "1412",
        "satellite": "N20",
        "instrument": "VIIRS",
        "confidence": "n",
        "version": "2.0NRT",
        "bright_ti5": 311.48,
        "frp": 4.11,
        "daynight": "D",
        "source_dataset": "VIIRS_NOAA20_NRT",
        "acq_datetime_utc": "2026-09-25T14:12:00Z",
        "age_hours": 7.3,
        "confidence_label": "nominal",
        "popup_label": "<strong>NASA FIRMS<\/strong><br>Sensor: VIIRS_NOAA20_NRT<br>Fecha UTC: 2026-09-25T14:12:00Z<br>Confianza: nominal<br>FRP: 4.11 MW"
      }
    },
    {
      "type": "Feature",
      "geometry": {
        "type": "Point",
        "coordinates": [-5.8334, 36.7989]
      },
      "properties": {
        "bright_ti4": 355.61,
        "scan": 0.36,
        "track": 0.58,
        "acq_date": "2026-09-25",
        "acq_time": "1412",
        "satellite": "N20",
        "instrument": "VIIRS",
        "confidence": "n",
        "version": "2.0NRT",
        "bright_ti5": 312.31,
        "frp": 4.11,
        "daynight": "D",
        "source_dataset": "VIIRS_NOAA20_NRT",
        "acq_datetime_utc": "2026-09-25T14:12:00Z",
        "age_hours": 7.3,
        "confidence_label": "nominal",
        "popup_label": "<strong>NASA FIRMS<\/strong><br>Sensor: VIIRS_NOAA20_NRT<br>Fecha UTC: 2026-09-25T14:12:00Z<br>Confianza: nominal<br>FRP: 4.11 MW"
      }
    },
    {
      "type": "Feature",
      "geometry": {
        "type": "Point",
        "coordinates": [-5.8345, 36.8027]
      },
      "properties": {
        "bright_ti4": 340.79,
        "scan": 0.36,
        "track": 0.58,
        "acq_date": "2026-09-25",
        "acq_time": "1412",
        "satellite": "N20",
        "instrument": "VIIRS",
        "confidence": "n",
        "version": "2.0NRT",
        "bright_ti5": 311.71,
        "frp": 3.39,
        "daynight": "D",
        "source_dataset": "VIIRS_NOAA20_NRT",
        "acq_datetime_utc": "2026-09-25T14:12:00Z",
        "age_hours": 7.3,
        "confidence_label": "nominal",
        "popup_label": "<strong>NASA FIRMS<\/strong><br>Sensor: VIIRS_NOAA20_NRT<br>Fecha UTC: 2026-09-25T14:12:00Z<br>Confianza: nominal<br>FRP: 3.39 MW"
      }
    },
    {
      "type": "Feature",
      "geometry": {
        "type": "Point",
        "coordinates": [-5.4063, 37.4407]
      },
      "properties": {
        "bright_ti4": 347.25,
        "scan": 0.39,
        "track": 0.59,
        "acq_date": "2026-09-25",
        "acq_time": "1412",
        "satellite": "N20",
        "instrument": "VIIRS",
        "confidence": "n",
        "version": "2.0NRT",
        "bright_ti5": 313.22,
        "frp": 4.18,
        "daynight": "D",
        "source_dataset": "VIIRS_NOAA20_NRT",
        "acq_datetime_utc": "2026-09-25T14:12:00Z",
        "age_hours": 7.3,
        "confidence_label": "nominal",
        "popup_label": "<strong>NASA FIRMS<\/strong><br>Sensor: VIIRS_NOAA20_NRT<br>Fecha UTC: 2026-09-25T14:12:00Z<br>Confianza: nominal<br>FRP: 4.18 MW"
      }
    },
    {
      "type": "Feature",
      "geometry": {
        "type": "Point",
        "coordinates": [-1.4331, 37.738]
      },
      "properties": {
        "bright_ti4": 331.8,
        "scan": 0.65,
        "track": 0.73,
        "acq_date": "2026-09-25",
        "acq_time": "1412",
        "satellite": "N20",
        "instrument": "VIIRS",
        "confidence": "n",
        "version": "2.0NRT",
        "bright_ti5": 300.68,
        "frp": 1.97,
        "daynight": "D",
        "source_dataset": "VIIRS_NOAA20_NRT",
        "acq_datetime_utc": "2026-09-25T14:12:00Z",
        "age_hours": 7.3,
        "confidence_label": "nominal",
        "popup_label": "<strong>NASA FIRMS<\/strong><br>Sensor: VIIRS_NOAA20_NRT<br>Fecha UTC: 2026-09-25T14:12:00Z<br>Confianza: nominal<br>FRP: 1.97 MW"
      }
    },
    {
      "type": "Feature",
      "geometry": {
        "type": "Point",
        "coordinates": [-1.4345, 37.7403]
      },
      "properties": {
        "bright_ti4": 333.55,
        "scan": 0.65,
        "track": 0.73,
        "acq_date": "2026-09-25",
        "acq_time": "1412",
        "satellite": "N20",
        "instrument": "VIIRS",
        "confidence": "n",
        "version": "2.0NRT",
        "bright_ti5": 300.74,
        "frp": 3.18,
        "daynight": "D",
        "source_dataset": "VIIRS_NOAA20_NRT",
        "acq_datetime_utc": "2026-09-25T14:12:00Z",
        "age_hours": 7.3,
        "confidence_label": "nominal",
        "popup_label": "<strong>NASA FIRMS<\/strong><br>Sensor: VIIRS_NOAA20_NRT<br>Fecha UTC: 2026-09-25T14:12:00Z<br>Confianza: nominal<br>FRP: 3.18 MW"
      }
    },
    {
      "type": "Feature",
      "geometry": {
        "type": "Point",
        "coordinates": [-8.3449, 37.7877]
      },
      "properties": {
        "bright_ti4": 340.04,
        "scan": 0.54,
        "track": 0.51,
        "acq_date": "2026-09-25",
        "acq_time": "1412",
        "satellite": "N20",
        "instrument": "VIIRS",
        "confidence": "n",
        "version": "2.0NRT",
        "bright_ti5": 308.69,
        "frp": 5.13,
        "daynight": "D",
        "source_dataset": "VIIRS_NOAA20_NRT",
        "acq_datetime_utc": "2026-09-25T14:12:00Z",
        "age_hours": 7.3,
        "confidence_label": "nominal",
        "popup_label": "<strong>NASA FIRMS<\/strong><br>Sensor: VIIRS_NOAA20_NRT<br>Fecha UTC: 2026-09-25T14:12:00Z<br>Confianza: nominal<br>FRP: 5.13 MW"
      }
    },
    {
      "type": "Feature",
      "geometry": {
        "type": "Point",
        "coordinates": [-7.6977, 39.1715]
      },
      "properties": {
        "bright_ti4": 342.25,
        "scan": 0.6,
        "track": 0.53,
        "acq_date": "2026-09-25",
        "acq_time": "1412",
        "satellite": "N20",
        "instrument": "VIIRS",
        "confidence": "n",
        "version": "2.0NRT",
        "bright_ti5": 307.59,
        "frp": 4.17,
        "daynight": "D",
        "source_dataset": "VIIRS_NOAA20_NRT",
        "acq_datetime_utc": "2026-09-25T14:12:00Z",
        "age_hours": 7.3,
        "confidence_label": "nominal",
        "popup_label": "<strong>NASA FIRMS<\/strong><br>Sensor: VIIRS_NOAA20_NRT<br>Fecha UTC: 2026-09-25T14:12:00Z<br>Confianza: nominal<br>FRP: 4.17 MW"
      }
    },
    {
      "type": "Feature",
      "geometry": {
        "type": "Point",
        "coordinates": [-0.5153, 28.2]
      },
      "properties": {
        "bright_ti4": 336.71,
        "scan": 0.63,
        "track": 0.72,
        "acq_date": "2026-09-25",
        "acq_time": "1410",
        "satellite": "N20",
        "instrument": "VIIRS",
        "confidence": "n",
        "version": "2.0NRT",
        "bright_ti5": 302.17,
        "frp": 3.17,
        "daynight": "D",
        "source_dataset": "VIIRS_NOAA20_NRT",
        "acq_datetime_utc": "2026-09-25T14:10:00Z",
        "age_hours": 7.4,
        "confidence_label": "nominal",
        "popup_label": "<strong>NASA FIRMS<\/strong><br>Sensor: VIIRS_NOAA20_NRT<br>Fecha UTC: 2026-09-25T14:10:00Z<br>Confianza: nominal<br>FRP: 3.17 MW"
      }
    },
    {
      "type": "Feature",
      "geometry": {
        "type": "Point",
        "coordinates": [-7.835, 41.923]
      },
      "properties": {
        "bright_ti4": 333.62,
        "scan": 0.46,
        "track": 0.64,
        "acq_date": "2026-09-25",
        "acq_time": "1234",
        "satellite": "N20",
        "instrument": "VIIRS",
        "confidence": "l",
        "version": "2.0NRT",
        "bright_ti5": 305.23,
        "frp": 5.15,
        "daynight": "D",
        "source_dataset": "VIIRS_NOAA20_NRT",
        "acq_datetime_utc": "2026-09-25T12:34:00Z",
        "age_hours": 9,
        "confidence_label": "baja",
        "popup_label": "<strong>NASA FIRMS<\/strong><br>Sensor: VIIRS_NOAA20_NRT<br>Fecha UTC: 2026-09-25T12:34:00Z<br>Confianza: baja<br>FRP: 5.15 MW"
      }
    },
    {
      "type": "Feature",
      "geometry": {
        "type": "Point",
        "coordinates": [-5.5645, 43.0284]
      },
      "properties": {
        "bright_ti4": 352.28,
        "scan": 0.33,
        "track": 0.56,
        "acq_date": "2026-09-25",
        "acq_time": "1234",
        "satellite": "N20",
        "instrument": "VIIRS",
        "confidence": "n",
        "version": "2.0NRT",
        "bright_ti5": 295.45,
        "frp": 8.23,
        "daynight": "D",
        "source_dataset": "VIIRS_NOAA20_NRT",
        "acq_datetime_utc": "2026-09-25T12:34:00Z",
        "age_hours": 9,
        "confidence_label": "nominal",
        "popup_label": "<strong>NASA FIRMS<\/strong><br>Sensor: VIIRS_NOAA20_NRT<br>Fecha UTC: 2026-09-25T12:34:00Z<br>Confianza: nominal<br>FRP: 8.23 MW"
      }
    },
    {
      "type": "Feature",
      "geometry": {
        "type": "Point",
        "coordinates": [-5.1513, 34.9752]
      },
      "properties": {
        "bright_ti4": 354.18,
        "scan": 0.53,
        "track": 0.67,
        "acq_date": "2026-09-25",
        "acq_time": "1232",
        "satellite": "N20",
        "instrument": "VIIRS",
        "confidence": "n",
        "version": "2.0NRT",
        "bright_ti5": 318.78,
        "frp": 50.02,
        "daynight": "D",
        "source_dataset": "VIIRS_NOAA20_NRT",
        "acq_datetime_utc": "2026-09-25T12:32:00Z",
        "age_hours": 9,
        "confidence_label": "nominal",
        "popup_label": "<strong>NASA FIRMS<\/strong><br>Sensor: VIIRS_NOAA20_NRT<br>Fecha UTC: 2026-09-25T12:32:00Z<br>Confianza: nominal<br>FRP: 50.02 MW"
      }
    },
    {
      "type": "Feature",
      "geometry": {
        "type": "Point",
        "coordinates": [-5.1475, 34.9763]
      },
      "properties": {
        "bright_ti4": 333,
        "scan": 0.53,
        "track": 0.67,
        "acq_date": "2026-09-25",
        "acq_time": "1232",
        "satellite": "N20",
        "instrument": "VIIRS",
        "confidence": "n",
        "version": "2.0NRT",
        "bright_ti5": 305.88,
        "frp": 23.4,
        "daynight": "D",
        "source_dataset": "VIIRS_NOAA20_NRT",
        "acq_datetime_utc": "2026-09-25T12:32:00Z",
        "age_hours": 9,
        "confidence_label": "nominal",
        "popup_label": "<strong>NASA FIRMS<\/strong><br>Sensor: VIIRS_NOAA20_NRT<br>Fecha UTC: 2026-09-25T12:32:00Z<br>Confianza: nominal<br>FRP: 23.4 MW"
      }
    },
    {
      "type": "Feature",
      "geometry": {
        "type": "Point",
        "coordinates": [1.6033, 35.6031]
      },
      "properties": {
        "bright_ti4": 343.37,
        "scan": 0.44,
        "track": 0.46,
        "acq_date": "2026-09-25",
        "acq_time": "1232",
        "satellite": "N20",
        "instrument": "VIIRS",
        "confidence": "n",
        "version": "2.0NRT",
        "bright_ti5": 315.78,
        "frp": 5.54,
        "daynight": "D",
        "source_dataset": "VIIRS_NOAA20_NRT",
        "acq_datetime_utc": "2026-09-25T12:32:00Z",
        "age_hours": 9,
        "confidence_label": "nominal",
        "popup_label": "<strong>NASA FIRMS<\/strong><br>Sensor: VIIRS_NOAA20_NRT<br>Fecha UTC: 2026-09-25T12:32:00Z<br>Confianza: nominal<br>FRP: 5.54 MW"
      }
    },
    {
      "type": "Feature",
      "geometry": {
        "type": "Point",
        "coordinates": [1.6021, 35.6073]
      },
      "properties": {
        "bright_ti4": 348.12,
        "scan": 0.44,
        "track": 0.46,
        "acq_date": "2026-09-25",
        "acq_time": "1232",
        "satellite": "N20",
        "instrument": "VIIRS",
        "confidence": "n",
        "version": "2.0NRT",
        "bright_ti5": 316.74,
        "frp": 5.54,
        "daynight": "D",
        "source_dataset": "VIIRS_NOAA20_NRT",
        "acq_datetime_utc": "2026-09-25T12:32:00Z",
        "age_hours": 9,
        "confidence_label": "nominal",
        "popup_label": "<strong>NASA FIRMS<\/strong><br>Sensor: VIIRS_NOAA20_NRT<br>Fecha UTC: 2026-09-25T12:32:00Z<br>Confianza: nominal<br>FRP: 5.54 MW"
      }
    },
    {
      "type": "Feature",
      "geometry": {
        "type": "Point",
        "coordinates": [2.8662, 35.7764]
      },
      "properties": {
        "bright_ti4": 339.92,
        "scan": 0.56,
        "track": 0.43,
        "acq_date": "2026-09-25",
        "acq_time": "1232",
        "satellite": "N20",
        "instrument": "VIIRS",
        "confidence": "l",
        "version": "2.0NRT",
        "bright_ti5": 312.17,
        "frp": 4.94,
        "daynight": "D",
        "source_dataset": "VIIRS_NOAA20_NRT",
        "acq_datetime_utc": "2026-09-25T12:32:00Z",
        "age_hours": 9,
        "confidence_label": "baja",
        "popup_label": "<strong>NASA FIRMS<\/strong><br>Sensor: VIIRS_NOAA20_NRT<br>Fecha UTC: 2026-09-25T12:32:00Z<br>Confianza: baja<br>FRP: 4.94 MW"
      }
    },
    {
      "type": "Feature",
      "geometry": {
        "type": "Point",
        "coordinates": [-0.2495, 35.8068]
      },
      "properties": {
        "bright_ti4": 331.76,
        "scan": 0.54,
        "track": 0.51,
        "acq_date": "2026-09-25",
        "acq_time": "1232",
        "satellite": "N20",
        "instrument": "VIIRS",
        "confidence": "l",
        "version": "2.0NRT",
        "bright_ti5": 305.28,
        "frp": 5.78,
        "daynight": "D",
        "source_dataset": "VIIRS_NOAA20_NRT",
        "acq_datetime_utc": "2026-09-25T12:32:00Z",
        "age_hours": 9,
        "confidence_label": "baja",
        "popup_label": "<strong>NASA FIRMS<\/strong><br>Sensor: VIIRS_NOAA20_NRT<br>Fecha UTC: 2026-09-25T12:32:00Z<br>Confianza: baja<br>FRP: 5.78 MW"
      }
    },
    {
      "type": "Feature",
      "geometry": {
        "type": "Point",
        "coordinates": [-0.3243, 35.8236]
      },
      "properties": {
        "bright_ti4": 342.39,
        "scan": 0.55,
        "track": 0.51,
        "acq_date": "2026-09-25",
        "acq_time": "1232",
        "satellite": "N20",
        "instrument": "VIIRS",
        "confidence": "n",
        "version": "2.0NRT",
        "bright_ti5": 306.91,
        "frp": 2.81,
        "daynight": "D",
        "source_dataset": "VIIRS_NOAA20_NRT",
        "acq_datetime_utc": "2026-09-25T12:32:00Z",
        "age_hours": 9,
        "confidence_label": "nominal",
        "popup_label": "<strong>NASA FIRMS<\/strong><br>Sensor: VIIRS_NOAA20_NRT<br>Fecha UTC: 2026-09-25T12:32:00Z<br>Confianza: nominal<br>FRP: 2.81 MW"
      }
    },
    {
      "type": "Feature",
      "geometry": {
        "type": "Point",
        "coordinates": [-5.8273, 36.7989]
      },
      "properties": {
        "bright_ti4": 334.57,
        "scan": 0.51,
        "track": 0.66,
        "acq_date": "2026-09-25",
        "acq_time": "1232",
        "satellite": "N20",
        "instrument": "VIIRS",
        "confidence": "l",
        "version": "2.0NRT",
        "bright_ti5": 308.82,
        "frp": 0.89,
        "daynight": "D",
        "source_dataset": "VIIRS_NOAA20_NRT",
        "acq_datetime_utc": "2026-09-25T12:32:00Z",
        "age_hours": 9,
        "confidence_label": "baja",
        "popup_label": "<strong>NASA FIRMS<\/strong><br>Sensor: VIIRS_NOAA20_NRT<br>Fecha UTC: 2026-09-25T12:32:00Z<br>Confianza: baja<br>FRP: 0.89 MW"
      }
    },
    {
      "type": "Feature",
      "geometry": {
        "type": "Point",
        "coordinates": [-5.8299, 36.8047]
      },
      "properties": {
        "bright_ti4": 339.15,
        "scan": 0.51,
        "track": 0.66,
        "acq_date": "2026-09-25",
        "acq_time": "1232",
        "satellite": "N20",
        "instrument": "VIIRS",
        "confidence": "l",
        "version": "2.0NRT",
        "bright_ti5": 311.68,
        "frp": 4.54,
        "daynight": "D",
        "source_dataset": "VIIRS_NOAA20_NRT",
        "acq_datetime_utc": "2026-09-25T12:32:00Z",
        "age_hours": 9,
        "confidence_label": "baja",
        "popup_label": "<strong>NASA FIRMS<\/strong><br>Sensor: VIIRS_NOAA20_NRT<br>Fecha UTC: 2026-09-25T12:32:00Z<br>Confianza: baja<br>FRP: 4.54 MW"
      }
    },
    {
      "type": "Feature",
      "geometry": {
        "type": "Point",
        "coordinates": [-5.4058, 37.4387]
      },
      "properties": {
        "bright_ti4": 335.23,
        "scan": 0.47,
        "track": 0.64,
        "acq_date": "2026-09-25",
        "acq_time": "1232",
        "satellite": "N20",
        "instrument": "VIIRS",
        "confidence": "l",
        "version": "2.0NRT",
        "bright_ti5": 308.83,
        "frp": 1.09,
        "daynight": "D",
        "source_dataset": "VIIRS_NOAA20_NRT",
        "acq_datetime_utc": "2026-09-25T12:32:00Z",
        "age_hours": 9,
        "confidence_label": "baja",
        "popup_label": "<strong>NASA FIRMS<\/strong><br>Sensor: VIIRS_NOAA20_NRT<br>Fecha UTC: 2026-09-25T12:32:00Z<br>Confianza: baja<br>FRP: 1.09 MW"
      }
    },
    {
      "type": "Feature",
      "geometry": {
        "type": "Point",
        "coordinates": [-5.4035, 37.4395]
      },
      "properties": {
        "bright_ti4": 341.69,
        "scan": 0.47,
        "track": 0.64,
        "acq_date": "2026-09-25",
        "acq_time": "1232",
        "satellite": "N20",
        "instrument": "VIIRS",
        "confidence": "n",
        "version": "2.0NRT",
        "bright_ti5": 309.8,
        "frp": 2.22,
        "daynight": "D",
        "source_dataset": "VIIRS_NOAA20_NRT",
        "acq_datetime_utc": "2026-09-25T12:32:00Z",
        "age_hours": 9,
        "confidence_label": "nominal",
        "popup_label": "<strong>NASA FIRMS<\/strong><br>Sensor: VIIRS_NOAA20_NRT<br>Fecha UTC: 2026-09-25T12:32:00Z<br>Confianza: nominal<br>FRP: 2.22 MW"
      }
    },
    {
      "type": "Feature",
      "geometry": {
        "type": "Point",
        "coordinates": [-6.6424, 38.9189]
      },
      "properties": {
        "bright_ti4": 339.22,
        "scan": 0.49,
        "track": 0.65,
        "acq_date": "2026-09-25",
        "acq_time": "1232",
        "satellite": "N20",
        "instrument": "VIIRS",
        "confidence": "n",
        "version": "2.0NRT",
        "bright_ti5": 307.19,
        "frp": 2.8,
        "daynight": "D",
        "source_dataset": "VIIRS_NOAA20_NRT",
        "acq_datetime_utc": "2026-09-25T12:32:00Z",
        "age_hours": 9,
        "confidence_label": "nominal",
        "popup_label": "<strong>NASA FIRMS<\/strong><br>Sensor: VIIRS_NOAA20_NRT<br>Fecha UTC: 2026-09-25T12:32:00Z<br>Confianza: nominal<br>FRP: 2.8 MW"
      }
    },
    {
      "type": "Feature",
      "geometry": {
        "type": "Point",
        "coordinates": [-5.6782, 40.0816]
      },
      "properties": {
        "bright_ti4": 351.7,
        "scan": 0.41,
        "track": 0.6,
        "acq_date": "2026-09-25",
        "acq_time": "1232",
        "satellite": "N20",
        "instrument": "VIIRS",
        "confidence": "n",
        "version": "2.0NRT",
        "bright_ti5": 310.31,
        "frp": 20.51,
        "daynight": "D",
        "source_dataset": "VIIRS_NOAA20_NRT",
        "acq_datetime_utc": "2026-09-25T12:32:00Z",
        "age_hours": 9,
        "confidence_label": "nominal",
        "popup_label": "<strong>NASA FIRMS<\/strong><br>Sensor: VIIRS_NOAA20_NRT<br>Fecha UTC: 2026-09-25T12:32:00Z<br>Confianza: nominal<br>FRP: 20.51 MW"
      }
    },
    {
      "type": "Feature",
      "geometry": {
        "type": "Point",
        "coordinates": [-5.6766, 40.0822]
      },
      "properties": {
        "bright_ti4": 354.8,
        "scan": 0.41,
        "track": 0.6,
        "acq_date": "2026-09-25",
        "acq_time": "1232",
        "satellite": "N20",
        "instrument": "VIIRS",
        "confidence": "n",
        "version": "2.0NRT",
        "bright_ti5": 313.21,
        "frp": 28.68,
        "daynight": "D",
        "source_dataset": "VIIRS_NOAA20_NRT",
        "acq_datetime_utc": "2026-09-25T12:32:00Z",
        "age_hours": 9,
        "confidence_label": "nominal",
        "popup_label": "<strong>NASA FIRMS<\/strong><br>Sensor: VIIRS_NOAA20_NRT<br>Fecha UTC: 2026-09-25T12:32:00Z<br>Confianza: nominal<br>FRP: 28.68 MW"
      }
    },
    {
      "type": "Feature",
      "geometry": {
        "type": "Point",
        "coordinates": [-5.6737, 40.0828]
      },
      "properties": {
        "bright_ti4": 367,
        "scan": 0.41,
        "track": 0.6,
        "acq_date": "2026-09-25",
        "acq_time": "1232",
        "satellite": "N20",
        "instrument": "VIIRS",
        "confidence": "h",
        "version": "2.0NRT",
        "bright_ti5": 304.96,
        "frp": 23.16,
        "daynight": "D",
        "source_dataset": "VIIRS_NOAA20_NRT",
        "acq_datetime_utc": "2026-09-25T12:32:00Z",
        "age_hours": 9,
        "confidence_label": "alta",
        "popup_label": "<strong>NASA FIRMS<\/strong><br>Sensor: VIIRS_NOAA20_NRT<br>Fecha UTC: 2026-09-25T12:32:00Z<br>Confianza: alta<br>FRP: 23.16 MW"
      }
    },
    {
      "type": "Feature",
      "geometry": {
        "type": "Point",
        "coordinates": [-5.6721, 40.0835]
      },
      "properties": {
        "bright_ti4": 330.26,
        "scan": 0.41,
        "track": 0.6,
        "acq_date": "2026-09-25",
        "acq_time": "1232",
        "satellite": "N20",
        "instrument": "VIIRS",
        "confidence": "n",
        "version": "2.0NRT",
        "bright_ti5": 302.65,
        "frp": 11.53,
        "daynight": "D",
        "source_dataset": "VIIRS_NOAA20_NRT",
        "acq_datetime_utc": "2026-09-25T12:32:00Z",
        "age_hours": 9,
        "confidence_label": "nominal",
        "popup_label": "<strong>NASA FIRMS<\/strong><br>Sensor: VIIRS_NOAA20_NRT<br>Fecha UTC: 2026-09-25T12:32:00Z<br>Confianza: nominal<br>FRP: 11.53 MW"
      }
    },
    {
      "type": "Feature",
      "geometry": {
        "type": "Point",
        "coordinates": [-3.6872, 41.1701]
      },
      "properties": {
        "bright_ti4": 343.31,
        "scan": 0.61,
        "track": 0.53,
        "acq_date": "2026-09-25",
        "acq_time": "1232",
        "satellite": "N20",
        "instrument": "VIIRS",
        "confidence": "n",
        "version": "2.0NRT",
        "bright_ti5": 309.52,
        "frp": 10.17,
        "daynight": "D",
        "source_dataset": "VIIRS_NOAA20_NRT",
        "acq_datetime_utc": "2026-09-25T12:32:00Z",
        "age_hours": 9,
        "confidence_label": "nominal",
        "popup_label": "<strong>NASA FIRMS<\/strong><br>Sensor: VIIRS_NOAA20_NRT<br>Fecha UTC: 2026-09-25T12:32:00Z<br>Confianza: nominal<br>FRP: 10.17 MW"
      }
    },
    {
      "type": "Feature",
      "geometry": {
        "type": "Point",
        "coordinates": [-3.6882, 41.1736]
      },
      "properties": {
        "bright_ti4": 367,
        "scan": 0.61,
        "track": 0.53,
        "acq_date": "2026-09-25",
        "acq_time": "1232",
        "satellite": "N20",
        "instrument": "VIIRS",
        "confidence": "h",
        "version": "2.0NRT",
        "bright_ti5": 311.97,
        "frp": 20.8,
        "daynight": "D",
        "source_dataset": "VIIRS_NOAA20_NRT",
        "acq_datetime_utc": "2026-09-25T12:32:00Z",
        "age_hours": 9,
        "confidence_label": "alta",
        "popup_label": "<strong>NASA FIRMS<\/strong><br>Sensor: VIIRS_NOAA20_NRT<br>Fecha UTC: 2026-09-25T12:32:00Z<br>Confianza: alta<br>FRP: 20.8 MW"
      }
    },
    {
      "type": "Feature",
      "geometry": {
        "type": "Point",
        "coordinates": [-3.6892, 41.1748]
      },
      "properties": {
        "bright_ti4": 354.84,
        "scan": 0.61,
        "track": 0.53,
        "acq_date": "2026-09-25",
        "acq_time": "1232",
        "satellite": "N20",
        "instrument": "VIIRS",
        "confidence": "n",
        "version": "2.0NRT",
        "bright_ti5": 311.06,
        "frp": 10.17,
        "daynight": "D",
        "source_dataset": "VIIRS_NOAA20_NRT",
        "acq_datetime_utc": "2026-09-25T12:32:00Z",
        "age_hours": 9,
        "confidence_label": "nominal",
        "popup_label": "<strong>NASA FIRMS<\/strong><br>Sensor: VIIRS_NOAA20_NRT<br>Fecha UTC: 2026-09-25T12:32:00Z<br>Confianza: nominal<br>FRP: 10.17 MW"
      }
    },
    {
      "type": "Feature",
      "geometry": {
        "type": "Point",
        "coordinates": [2.0026, 42.714]
      },
      "properties": {
        "bright_ti4": 337.01,
        "scan": 0.47,
        "track": 0.39,
        "acq_date": "2026-09-25",
        "acq_time": "1232",
        "satellite": "N20",
        "instrument": "VIIRS",
        "confidence": "n",
        "version": "2.0NRT",
        "bright_ti5": 299.04,
        "frp": 28.97,
        "daynight": "D",
        "source_dataset": "VIIRS_NOAA20_NRT",
        "acq_datetime_utc": "2026-09-25T12:32:00Z",
        "age_hours": 9,
        "confidence_label": "nominal",
        "popup_label": "<strong>NASA FIRMS<\/strong><br>Sensor: VIIRS_NOAA20_NRT<br>Fecha UTC: 2026-09-25T12:32:00Z<br>Confianza: nominal<br>FRP: 28.97 MW"
      }
    },
    {
      "type": "Feature",
      "geometry": {
        "type": "Point",
        "coordinates": [2.9368, 43.0209]
      },
      "properties": {
        "bright_ti4": 339.96,
        "scan": 0.43,
        "track": 0.38,
        "acq_date": "2026-09-25",
        "acq_time": "1232",
        "satellite": "N20",
        "instrument": "VIIRS",
        "confidence": "n",
        "version": "2.0NRT",
        "bright_ti5": 306.66,
        "frp": 3.8,
        "daynight": "D",
        "source_dataset": "VIIRS_NOAA20_NRT",
        "acq_datetime_utc": "2026-09-25T12:32:00Z",
        "age_hours": 9,
        "confidence_label": "nominal",
        "popup_label": "<strong>NASA FIRMS<\/strong><br>Sensor: VIIRS_NOAA20_NRT<br>Fecha UTC: 2026-09-25T12:32:00Z<br>Confianza: nominal<br>FRP: 3.8 MW"
      }
    },
    {
      "type": "Feature",
      "geometry": {
        "type": "Point",
        "coordinates": [2.9762, 43.2092]
      },
      "properties": {
        "bright_ti4": 335.25,
        "scan": 0.43,
        "track": 0.38,
        "acq_date": "2026-09-25",
        "acq_time": "1232",
        "satellite": "N20",
        "instrument": "VIIRS",
        "confidence": "l",
        "version": "2.0NRT",
        "bright_ti5": 305.44,
        "frp": 1.67,
        "daynight": "D",
        "source_dataset": "VIIRS_NOAA20_NRT",
        "acq_datetime_utc": "2026-09-25T12:32:00Z",
        "age_hours": 9,
        "confidence_label": "baja",
        "popup_label": "<strong>NASA FIRMS<\/strong><br>Sensor: VIIRS_NOAA20_NRT<br>Fecha UTC: 2026-09-25T12:32:00Z<br>Confianza: baja<br>FRP: 1.67 MW"
      }
    },
    {
      "type": "Feature",
      "geometry": {
        "type": "Point",
        "coordinates": [2.3399, 43.3253]
      },
      "properties": {
        "bright_ti4": 337.74,
        "scan": 0.45,
        "track": 0.39,
        "acq_date": "2026-09-25",
        "acq_time": "1232",
        "satellite": "N20",
        "instrument": "VIIRS",
        "confidence": "l",
        "version": "2.0NRT",
        "bright_ti5": 308.66,
        "frp": 4.85,
        "daynight": "D",
        "source_dataset": "VIIRS_NOAA20_NRT",
        "acq_datetime_utc": "2026-09-25T12:32:00Z",
        "age_hours": 9,
        "confidence_label": "baja",
        "popup_label": "<strong>NASA FIRMS<\/strong><br>Sensor: VIIRS_NOAA20_NRT<br>Fecha UTC: 2026-09-25T12:32:00Z<br>Confianza: baja<br>FRP: 4.85 MW"
      }
    },
    {
      "type": "Feature",
      "geometry": {
        "type": "Point",
        "coordinates": [2.3452, 43.3263]
      },
      "properties": {
        "bright_ti4": 345.72,
        "scan": 0.45,
        "track": 0.39,
        "acq_date": "2026-09-25",
        "acq_time": "1232",
        "satellite": "N20",
        "instrument": "VIIRS",
        "confidence": "n",
        "version": "2.0NRT",
        "bright_ti5": 309.84,
        "frp": 9.12,
        "daynight": "D",
        "source_dataset": "VIIRS_NOAA20_NRT",
        "acq_datetime_utc": "2026-09-25T12:32:00Z",
        "age_hours": 9,
        "confidence_label": "nominal",
        "popup_label": "<strong>NASA FIRMS<\/strong><br>Sensor: VIIRS_NOAA20_NRT<br>Fecha UTC: 2026-09-25T12:32:00Z<br>Confianza: nominal<br>FRP: 9.12 MW"
      }
    },
    {
      "type": "Feature",
      "geometry": {
        "type": "Point",
        "coordinates": [2.3441, 43.3298]
      },
      "properties": {
        "bright_ti4": 335.71,
        "scan": 0.45,
        "track": 0.39,
        "acq_date": "2026-09-25",
        "acq_time": "1232",
        "satellite": "N20",
        "instrument": "VIIRS",
        "confidence": "l",
        "version": "2.0NRT",
        "bright_ti5": 309.21,
        "frp": 3.61,
        "daynight": "D",
        "source_dataset": "VIIRS_NOAA20_NRT",
        "acq_datetime_utc": "2026-09-25T12:32:00Z",
        "age_hours": 9,
        "confidence_label": "baja",
        "popup_label": "<strong>NASA FIRMS<\/strong><br>Sensor: VIIRS_NOAA20_NRT<br>Fecha UTC: 2026-09-25T12:32:00Z<br>Confianza: baja<br>FRP: 3.61 MW"
      }
    },
    {
      "type": "Feature",
      "geometry": {
        "type": "Point",
        "coordinates": [3.3771, 43.3649]
      },
      "properties": {
        "bright_ti4": 346.53,
        "scan": 0.42,
        "track": 0.37,
        "acq_date": "2026-09-25",
        "acq_time": "1232",
        "satellite": "N20",
        "instrument": "VIIRS",
        "confidence": "n",
        "version": "2.0NRT",
        "bright_ti5": 305.21,
        "frp": 3.74,
        "daynight": "D",
        "source_dataset": "VIIRS_NOAA20_NRT",
        "acq_datetime_utc": "2026-09-25T12:32:00Z",
        "age_hours": 9,
        "confidence_label": "nominal",
        "popup_label": "<strong>NASA FIRMS<\/strong><br>Sensor: VIIRS_NOAA20_NRT<br>Fecha UTC: 2026-09-25T12:32:00Z<br>Confianza: nominal<br>FRP: 3.74 MW"
      }
    },
    {
      "type": "Feature",
      "geometry": {
        "type": "Point",
        "coordinates": [3.3759, 43.3682]
      },
      "properties": {
        "bright_ti4": 349.09,
        "scan": 0.42,
        "track": 0.37,
        "acq_date": "2026-09-25",
        "acq_time": "1232",
        "satellite": "N20",
        "instrument": "VIIRS",
        "confidence": "n",
        "version": "2.0NRT",
        "bright_ti5": 306.25,
        "frp": 3.74,
        "daynight": "D",
        "source_dataset": "VIIRS_NOAA20_NRT",
        "acq_datetime_utc": "2026-09-25T12:32:00Z",
        "age_hours": 9,
        "confidence_label": "nominal",
        "popup_label": "<strong>NASA FIRMS<\/strong><br>Sensor: VIIRS_NOAA20_NRT<br>Fecha UTC: 2026-09-25T12:32:00Z<br>Confianza: nominal<br>FRP: 3.74 MW"
      }
    },
    {
      "type": "Feature",
      "geometry": {
        "type": "Point",
        "coordinates": [3.4312, 43.3781]
      },
      "properties": {
        "bright_ti4": 342.99,
        "scan": 0.42,
        "track": 0.37,
        "acq_date": "2026-09-25",
        "acq_time": "1232",
        "satellite": "N20",
        "instrument": "VIIRS",
        "confidence": "n",
        "version": "2.0NRT",
        "bright_ti5": 307.12,
        "frp": 2.54,
        "daynight": "D",
        "source_dataset": "VIIRS_NOAA20_NRT",
        "acq_datetime_utc": "2026-09-25T12:32:00Z",
        "age_hours": 9,
        "confidence_label": "nominal",
        "popup_label": "<strong>NASA FIRMS<\/strong><br>Sensor: VIIRS_NOAA20_NRT<br>Fecha UTC: 2026-09-25T12:32:00Z<br>Confianza: nominal<br>FRP: 2.54 MW"
      }
    },
    {
      "type": "Feature",
      "geometry": {
        "type": "Point",
        "coordinates": [3.3223, 43.394]
      },
      "properties": {
        "bright_ti4": 346.77,
        "scan": 0.42,
        "track": 0.37,
        "acq_date": "2026-09-25",
        "acq_time": "1232",
        "satellite": "N20",
        "instrument": "VIIRS",
        "confidence": "n",
        "version": "2.0NRT",
        "bright_ti5": 307.16,
        "frp": 3.02,
        "daynight": "D",
        "source_dataset": "VIIRS_NOAA20_NRT",
        "acq_datetime_utc": "2026-09-25T12:32:00Z",
        "age_hours": 9,
        "confidence_label": "nominal",
        "popup_label": "<strong>NASA FIRMS<\/strong><br>Sensor: VIIRS_NOAA20_NRT<br>Fecha UTC: 2026-09-25T12:32:00Z<br>Confianza: nominal<br>FRP: 3.02 MW"
      }
    },
    {
      "type": "Feature",
      "geometry": {
        "type": "Point",
        "coordinates": [3.3212, 43.3973]
      },
      "properties": {
        "bright_ti4": 350.63,
        "scan": 0.42,
        "track": 0.37,
        "acq_date": "2026-09-25",
        "acq_time": "1232",
        "satellite": "N20",
        "instrument": "VIIRS",
        "confidence": "n",
        "version": "2.0NRT",
        "bright_ti5": 306.48,
        "frp": 3.02,
        "daynight": "D",
        "source_dataset": "VIIRS_NOAA20_NRT",
        "acq_datetime_utc": "2026-09-25T12:32:00Z",
        "age_hours": 9,
        "confidence_label": "nominal",
        "popup_label": "<strong>NASA FIRMS<\/strong><br>Sensor: VIIRS_NOAA20_NRT<br>Fecha UTC: 2026-09-25T12:32:00Z<br>Confianza: nominal<br>FRP: 3.02 MW"
      }
    },
    {
      "type": "Feature",
      "geometry": {
        "type": "Point",
        "coordinates": [4.8929, 43.4395]
      },
      "properties": {
        "bright_ti4": 336.12,
        "scan": 0.39,
        "track": 0.36,
        "acq_date": "2026-09-25",
        "acq_time": "1232",
        "satellite": "N20",
        "instrument": "VIIRS",
        "confidence": "n",
        "version": "2.0NRT",
        "bright_ti5": 302.38,
        "frp": 4.11,
        "daynight": "D",
        "source_dataset": "VIIRS_NOAA20_NRT",
        "acq_datetime_utc": "2026-09-25T12:32:00Z",
        "age_hours": 9,
        "confidence_label": "nominal",
        "popup_label": "<strong>NASA FIRMS<\/strong><br>Sensor: VIIRS_NOAA20_NRT<br>Fecha UTC: 2026-09-25T12:32:00Z<br>Confianza: nominal<br>FRP: 4.11 MW"
      }
    },
    {
      "type": "Feature",
      "geometry": {
        "type": "Point",
        "coordinates": [4.8967, 43.4436]
      },
      "properties": {
        "bright_ti4": 330.8,
        "scan": 0.39,
        "track": 0.36,
        "acq_date": "2026-09-25",
        "acq_time": "1232",
        "satellite": "N20",
        "instrument": "VIIRS",
        "confidence": "n",
        "version": "2.0NRT",
        "bright_ti5": 300.41,
        "frp": 2.78,
        "daynight": "D",
        "source_dataset": "VIIRS_NOAA20_NRT",
        "acq_datetime_utc": "2026-09-25T12:32:00Z",
        "age_hours": 9,
        "confidence_label": "nominal",
        "popup_label": "<strong>NASA FIRMS<\/strong><br>Sensor: VIIRS_NOAA20_NRT<br>Fecha UTC: 2026-09-25T12:32:00Z<br>Confianza: nominal<br>FRP: 2.78 MW"
      }
    },
    {
      "type": "Feature",
      "geometry": {
        "type": "Point",
        "coordinates": [4.8956, 43.4469]
      },
      "properties": {
        "bright_ti4": 333.61,
        "scan": 0.39,
        "track": 0.36,
        "acq_date": "2026-09-25",
        "acq_time": "1232",
        "satellite": "N20",
        "instrument": "VIIRS",
        "confidence": "n",
        "version": "2.0NRT",
        "bright_ti5": 300.75,
        "frp": 4.1,
        "daynight": "D",
        "source_dataset": "VIIRS_NOAA20_NRT",
        "acq_datetime_utc": "2026-09-25T12:32:00Z",
        "age_hours": 9,
        "confidence_label": "nominal",
        "popup_label": "<strong>NASA FIRMS<\/strong><br>Sensor: VIIRS_NOAA20_NRT<br>Fecha UTC: 2026-09-25T12:32:00Z<br>Confianza: nominal<br>FRP: 4.1 MW"
      }
    },
    {
      "type": "Feature",
      "geometry": {
        "type": "Point",
        "coordinates": [3.2566, 43.592]
      },
      "properties": {
        "bright_ti4": 347.2,
        "scan": 0.42,
        "track": 0.37,
        "acq_date": "2026-09-25",
        "acq_time": "1232",
        "satellite": "N20",
        "instrument": "VIIRS",
        "confidence": "n",
        "version": "2.0NRT",
        "bright_ti5": 306.18,
        "frp": 4.33,
        "daynight": "D",
        "source_dataset": "VIIRS_NOAA20_NRT",
        "acq_datetime_utc": "2026-09-25T12:32:00Z",
        "age_hours": 9,
        "confidence_label": "nominal",
        "popup_label": "<strong>NASA FIRMS<\/strong><br>Sensor: VIIRS_NOAA20_NRT<br>Fecha UTC: 2026-09-25T12:32:00Z<br>Confianza: nominal<br>FRP: 4.33 MW"
      }
    },
    {
      "type": "Feature",
      "geometry": {
        "type": "Point",
        "coordinates": [3.2617, 43.5929]
      },
      "properties": {
        "bright_ti4": 351.02,
        "scan": 0.42,
        "track": 0.37,
        "acq_date": "2026-09-25",
        "acq_time": "1232",
        "satellite": "N20",
        "instrument": "VIIRS",
        "confidence": "n",
        "version": "2.0NRT",
        "bright_ti5": 307.46,
        "frp": 5.04,
        "daynight": "D",
        "source_dataset": "VIIRS_NOAA20_NRT",
        "acq_datetime_utc": "2026-09-25T12:32:00Z",
        "age_hours": 9,
        "confidence_label": "nominal",
        "popup_label": "<strong>NASA FIRMS<\/strong><br>Sensor: VIIRS_NOAA20_NRT<br>Fecha UTC: 2026-09-25T12:32:00Z<br>Confianza: nominal<br>FRP: 5.04 MW"
      }
    },
    {
      "type": "Feature",
      "geometry": {
        "type": "Point",
        "coordinates": [3.2606, 43.5963]
      },
      "properties": {
        "bright_ti4": 345.77,
        "scan": 0.42,
        "track": 0.37,
        "acq_date": "2026-09-25",
        "acq_time": "1232",
        "satellite": "N20",
        "instrument": "VIIRS",
        "confidence": "n",
        "version": "2.0NRT",
        "bright_ti5": 306.24,
        "frp": 3.39,
        "daynight": "D",
        "source_dataset": "VIIRS_NOAA20_NRT",
        "acq_datetime_utc": "2026-09-25T12:32:00Z",
        "age_hours": 9,
        "confidence_label": "nominal",
        "popup_label": "<strong>NASA FIRMS<\/strong><br>Sensor: VIIRS_NOAA20_NRT<br>Fecha UTC: 2026-09-25T12:32:00Z<br>Confianza: nominal<br>FRP: 3.39 MW"
      }
    },
    {
      "type": "Feature",
      "geometry": {
        "type": "Point",
        "coordinates": [3.7246, 43.6219]
      },
      "properties": {
        "bright_ti4": 333.39,
        "scan": 0.41,
        "track": 0.37,
        "acq_date": "2026-09-25",
        "acq_time": "1232",
        "satellite": "N20",
        "instrument": "VIIRS",
        "confidence": "n",
        "version": "2.0NRT",
        "bright_ti5": 302.98,
        "frp": 1.66,
        "daynight": "D",
        "source_dataset": "VIIRS_NOAA20_NRT",
        "acq_datetime_utc": "2026-09-25T12:32:00Z",
        "age_hours": 9,
        "confidence_label": "nominal",
        "popup_label": "<strong>NASA FIRMS<\/strong><br>Sensor: VIIRS_NOAA20_NRT<br>Fecha UTC: 2026-09-25T12:32:00Z<br>Confianza: nominal<br>FRP: 1.66 MW"
      }
    },
    {
      "type": "Feature",
      "geometry": {
        "type": "Point",
        "coordinates": [3.7296, 43.6228]
      },
      "properties": {
        "bright_ti4": 343.7,
        "scan": 0.41,
        "track": 0.37,
        "acq_date": "2026-09-25",
        "acq_time": "1232",
        "satellite": "N20",
        "instrument": "VIIRS",
        "confidence": "n",
        "version": "2.0NRT",
        "bright_ti5": 304.39,
        "frp": 1.66,
        "daynight": "D",
        "source_dataset": "VIIRS_NOAA20_NRT",
        "acq_datetime_utc": "2026-09-25T12:32:00Z",
        "age_hours": 9,
        "confidence_label": "nominal",
        "popup_label": "<strong>NASA FIRMS<\/strong><br>Sensor: VIIRS_NOAA20_NRT<br>Fecha UTC: 2026-09-25T12:32:00Z<br>Confianza: nominal<br>FRP: 1.66 MW"
      }
    },
    {
      "type": "Feature",
      "geometry": {
        "type": "Point",
        "coordinates": [3.7345, 43.6237]
      },
      "properties": {
        "bright_ti4": 344.84,
        "scan": 0.41,
        "track": 0.37,
        "acq_date": "2026-09-25",
        "acq_time": "1232",
        "satellite": "N20",
        "instrument": "VIIRS",
        "confidence": "n",
        "version": "2.0NRT",
        "bright_ti5": 302.94,
        "frp": 2,
        "daynight": "D",
        "source_dataset": "VIIRS_NOAA20_NRT",
        "acq_datetime_utc": "2026-09-25T12:32:00Z",
        "age_hours": 9,
        "confidence_label": "nominal",
        "popup_label": "<strong>NASA FIRMS<\/strong><br>Sensor: VIIRS_NOAA20_NRT<br>Fecha UTC: 2026-09-25T12:32:00Z<br>Confianza: nominal<br>FRP: 2 MW"
      }
    },
    {
      "type": "Feature",
      "geometry": {
        "type": "Point",
        "coordinates": [4.8805, 43.6299]
      },
      "properties": {
        "bright_ti4": 332.19,
        "scan": 0.39,
        "track": 0.36,
        "acq_date": "2026-09-25",
        "acq_time": "1232",
        "satellite": "N20",
        "instrument": "VIIRS",
        "confidence": "n",
        "version": "2.0NRT",
        "bright_ti5": 293.38,
        "frp": 6.25,
        "daynight": "D",
        "source_dataset": "VIIRS_NOAA20_NRT",
        "acq_datetime_utc": "2026-09-25T12:32:00Z",
        "age_hours": 9,
        "confidence_label": "nominal",
        "popup_label": "<strong>NASA FIRMS<\/strong><br>Sensor: VIIRS_NOAA20_NRT<br>Fecha UTC: 2026-09-25T12:32:00Z<br>Confianza: nominal<br>FRP: 6.25 MW"
      }
    },
    {
      "type": "Feature",
      "geometry": {
        "type": "Point",
        "coordinates": [3.9867, 32.2749]
      },
      "properties": {
        "bright_ti4": 344.43,
        "scan": 0.38,
        "track": 0.43,
        "acq_date": "2026-09-25",
        "acq_time": "1229",
        "satellite": "N20",
        "instrument": "VIIRS",
        "confidence": "n",
        "version": "2.0NRT",
        "bright_ti5": 310.96,
        "frp": 2.97,
        "daynight": "D",
        "source_dataset": "VIIRS_NOAA20_NRT",
        "acq_datetime_utc": "2026-09-25T12:29:00Z",
        "age_hours": 9,
        "confidence_label": "nominal",
        "popup_label": "<strong>NASA FIRMS<\/strong><br>Sensor: VIIRS_NOAA20_NRT<br>Fecha UTC: 2026-09-25T12:29:00Z<br>Confianza: nominal<br>FRP: 2.97 MW"
      }
    },
    {
      "type": "Feature",
      "geometry": {
        "type": "Point",
        "coordinates": [3.17, 32.5556]
      },
      "properties": {
        "bright_ti4": 343.29,
        "scan": 0.42,
        "track": 0.45,
        "acq_date": "2026-09-25",
        "acq_time": "1229",
        "satellite": "N20",
        "instrument": "VIIRS",
        "confidence": "n",
        "version": "2.0NRT",
        "bright_ti5": 309.05,
        "frp": 5.61,
        "daynight": "D",
        "source_dataset": "VIIRS_NOAA20_NRT",
        "acq_datetime_utc": "2026-09-25T12:29:00Z",
        "age_hours": 9,
        "confidence_label": "nominal",
        "popup_label": "<strong>NASA FIRMS<\/strong><br>Sensor: VIIRS_NOAA20_NRT<br>Fecha UTC: 2026-09-25T12:29:00Z<br>Confianza: nominal<br>FRP: 5.61 MW"
      }
    },
    {
      "type": "Feature",
      "geometry": {
        "type": "Point",
        "coordinates": [3.2861, 32.9192]
      },
      "properties": {
        "bright_ti4": 342.06,
        "scan": 0.41,
        "track": 0.45,
        "acq_date": "2026-09-25",
        "acq_time": "1229",
        "satellite": "N20",
        "instrument": "VIIRS",
        "confidence": "n",
        "version": "2.0NRT",
        "bright_ti5": 307.65,
        "frp": 2.08,
        "daynight": "D",
        "source_dataset": "VIIRS_NOAA20_NRT",
        "acq_datetime_utc": "2026-09-25T12:29:00Z",
        "age_hours": 9,
        "confidence_label": "nominal",
        "popup_label": "<strong>NASA FIRMS<\/strong><br>Sensor: VIIRS_NOAA20_NRT<br>Fecha UTC: 2026-09-25T12:29:00Z<br>Confianza: nominal<br>FRP: 2.08 MW"
      }
    },
    {
      "type": "Feature",
      "geometry": {
        "type": "Point",
        "coordinates": [1.2318, 34.9782]
      },
      "properties": {
        "bright_ti4": 353.41,
        "scan": 0.47,
        "track": 0.48,
        "acq_date": "2026-09-25",
        "acq_time": "1229",
        "satellite": "N20",
        "instrument": "VIIRS",
        "confidence": "n",
        "version": "2.0NRT",
        "bright_ti5": 312.05,
        "frp": 8.83,
        "daynight": "D",
        "source_dataset": "VIIRS_NOAA20_NRT",
        "acq_datetime_utc": "2026-09-25T12:29:00Z",
        "age_hours": 9,
        "confidence_label": "nominal",
        "popup_label": "<strong>NASA FIRMS<\/strong><br>Sensor: VIIRS_NOAA20_NRT<br>Fecha UTC: 2026-09-25T12:29:00Z<br>Confianza: nominal<br>FRP: 8.83 MW"
      }
    },
    {
      "type": "Feature",
      "geometry": {
        "type": "Point",
        "coordinates": [1.2296, 34.979]
      },
      "properties": {
        "bright_ti4": 346.53,
        "scan": 0.47,
        "track": 0.48,
        "acq_date": "2026-09-25",
        "acq_time": "1229",
        "satellite": "N20",
        "instrument": "VIIRS",
        "confidence": "n",
        "version": "2.0NRT",
        "bright_ti5": 314.44,
        "frp": 8.69,
        "daynight": "D",
        "source_dataset": "VIIRS_NOAA20_NRT",
        "acq_datetime_utc": "2026-09-25T12:29:00Z",
        "age_hours": 9,
        "confidence_label": "nominal",
        "popup_label": "<strong>NASA FIRMS<\/strong><br>Sensor: VIIRS_NOAA20_NRT<br>Fecha UTC: 2026-09-25T12:29:00Z<br>Confianza: nominal<br>FRP: 8.69 MW"
      }
    },
    {
      "type": "Feature",
      "geometry": {
        "type": "Point",
        "coordinates": [4.1776, 35.7828]
      },
      "properties": {
        "bright_ti4": 340.67,
        "scan": 0.49,
        "track": 0.4,
        "acq_date": "2026-09-25",
        "acq_time": "1229",
        "satellite": "N20",
        "instrument": "VIIRS",
        "confidence": "n",
        "version": "2.0NRT",
        "bright_ti5": 305.63,
        "frp": 4.48,
        "daynight": "D",
        "source_dataset": "VIIRS_NOAA20_NRT",
        "acq_datetime_utc": "2026-09-25T12:29:00Z",
        "age_hours": 9,
        "confidence_label": "nominal",
        "popup_label": "<strong>NASA FIRMS<\/strong><br>Sensor: VIIRS_NOAA20_NRT<br>Fecha UTC: 2026-09-25T12:29:00Z<br>Confianza: nominal<br>FRP: 4.48 MW"
      }
    },
    {
      "type": "Feature",
      "geometry": {
        "type": "Point",
        "coordinates": [4.1724, 35.801]
      },
      "properties": {
        "bright_ti4": 347.98,
        "scan": 0.49,
        "track": 0.4,
        "acq_date": "2026-09-25",
        "acq_time": "1229",
        "satellite": "N20",
        "instrument": "VIIRS",
        "confidence": "n",
        "version": "2.0NRT",
        "bright_ti5": 310.02,
        "frp": 14.07,
        "daynight": "D",
        "source_dataset": "VIIRS_NOAA20_NRT",
        "acq_datetime_utc": "2026-09-25T12:29:00Z",
        "age_hours": 9,
        "confidence_label": "nominal",
        "popup_label": "<strong>NASA FIRMS<\/strong><br>Sensor: VIIRS_NOAA20_NRT<br>Fecha UTC: 2026-09-25T12:29:00Z<br>Confianza: nominal<br>FRP: 14.07 MW"
      }
    },
    {
      "type": "Feature",
      "geometry": {
        "type": "Point",
        "coordinates": [-0.515, 28.1965]
      },
      "properties": {
        "bright_ti4": 339.85,
        "scan": 0.42,
        "track": 0.61,
        "acq_date": "2026-09-25",
        "acq_time": "1227",
        "satellite": "N20",
        "instrument": "VIIRS",
        "confidence": "n",
        "version": "2.0NRT",
        "bright_ti5": 305.66,
        "frp": 1.92,
        "daynight": "D",
        "source_dataset": "VIIRS_NOAA20_NRT",
        "acq_datetime_utc": "2026-09-25T12:27:00Z",
        "age_hours": 9.1,
        "confidence_label": "nominal",
        "popup_label": "<strong>NASA FIRMS<\/strong><br>Sensor: VIIRS_NOAA20_NRT<br>Fecha UTC: 2026-09-25T12:27:00Z<br>Confianza: nominal<br>FRP: 1.92 MW"
      }
    },
    {
      "type": "Feature",
      "geometry": {
        "type": "Point",
        "coordinates": [-0.5172, 28.1998]
      },
      "properties": {
        "bright_ti4": 304.13,
        "scan": 0.75,
        "track": 0.77,
        "acq_date": "2026-09-25",
        "acq_time": "0253",
        "satellite": "N20",
        "instrument": "VIIRS",
        "confidence": "n",
        "version": "2.0NRT",
        "bright_ti5": 290.7,
        "frp": 1.88,
        "daynight": "N",
        "source_dataset": "VIIRS_NOAA20_NRT",
        "acq_datetime_utc": "2026-09-25T02:53:00Z",
        "age_hours": 18.6,
        "confidence_label": "nominal",
        "popup_label": "<strong>NASA FIRMS<\/strong><br>Sensor: VIIRS_NOAA20_NRT<br>Fecha UTC: 2026-09-25T02:53:00Z<br>Confianza: nominal<br>FRP: 1.88 MW"
      }
    },
    {
      "type": "Feature",
      "geometry": {
        "type": "Point",
        "coordinates": [-0.5164, 28.2006]
      },
      "properties": {
        "bright_ti4": 307.9,
        "scan": 0.75,
        "track": 0.77,
        "acq_date": "2026-09-25",
        "acq_time": "0253",
        "satellite": "N20",
        "instrument": "VIIRS",
        "confidence": "n",
        "version": "2.0NRT",
        "bright_ti5": 291.21,
        "frp": 2.25,
        "daynight": "N",
        "source_dataset": "VIIRS_NOAA20_NRT",
        "acq_datetime_utc": "2026-09-25T02:53:00Z",
        "age_hours": 18.6,
        "confidence_label": "nominal",
        "popup_label": "<strong>NASA FIRMS<\/strong><br>Sensor: VIIRS_NOAA20_NRT<br>Fecha UTC: 2026-09-25T02:53:00Z<br>Confianza: nominal<br>FRP: 2.25 MW"
      }
    },
    {
      "type": "Feature",
      "geometry": {
        "type": "Point",
        "coordinates": [0.7338, 30.7964]
      },
      "properties": {
        "bright_ti4": 298.18,
        "scan": 0.75,
        "track": 0.77,
        "acq_date": "2026-09-25",
        "acq_time": "0251",
        "satellite": "N20",
        "instrument": "VIIRS",
        "confidence": "n",
        "version": "2.0NRT",
        "bright_ti5": 287.11,
        "frp": 1,
        "daynight": "N",
        "source_dataset": "VIIRS_NOAA20_NRT",
        "acq_datetime_utc": "2026-09-25T02:51:00Z",
        "age_hours": 18.7,
        "confidence_label": "nominal",
        "popup_label": "<strong>NASA FIRMS<\/strong><br>Sensor: VIIRS_NOAA20_NRT<br>Fecha UTC: 2026-09-25T02:51:00Z<br>Confianza: nominal<br>FRP: 1 MW"
      }
    },
    {
      "type": "Feature",
      "geometry": {
        "type": "Point",
        "coordinates": [-8.4926, 32.3735]
      },
      "properties": {
        "bright_ti4": 300.26,
        "scan": 0.41,
        "track": 0.45,
        "acq_date": "2026-09-25",
        "acq_time": "0251",
        "satellite": "N20",
        "instrument": "VIIRS",
        "confidence": "n",
        "version": "2.0NRT",
        "bright_ti5": 290,
        "frp": 0.5,
        "daynight": "N",
        "source_dataset": "VIIRS_NOAA20_NRT",
        "acq_datetime_utc": "2026-09-25T02:51:00Z",
        "age_hours": 18.7,
        "confidence_label": "nominal",
        "popup_label": "<strong>NASA FIRMS<\/strong><br>Sensor: VIIRS_NOAA20_NRT<br>Fecha UTC: 2026-09-25T02:51:00Z<br>Confianza: nominal<br>FRP: 0.5 MW"
      }
    },
    {
      "type": "Feature",
      "geometry": {
        "type": "Point",
        "coordinates": [-7.7325, 32.8544]
      },
      "properties": {
        "bright_ti4": 303.06,
        "scan": 0.45,
        "track": 0.47,
        "acq_date": "2026-09-25",
        "acq_time": "0251",
        "satellite": "N20",
        "instrument": "VIIRS",
        "confidence": "n",
        "version": "2.0NRT",
        "bright_ti5": 287.84,
        "frp": 0.91,
        "daynight": "N",
        "source_dataset": "VIIRS_NOAA20_NRT",
        "acq_datetime_utc": "2026-09-25T02:51:00Z",
        "age_hours": 18.7,
        "confidence_label": "nominal",
        "popup_label": "<strong>NASA FIRMS<\/strong><br>Sensor: VIIRS_NOAA20_NRT<br>Fecha UTC: 2026-09-25T02:51:00Z<br>Confianza: nominal<br>FRP: 0.91 MW"
      }
    },
    {
      "type": "Feature",
      "geometry": {
        "type": "Point",
        "coordinates": [-7.7334, 32.8553]
      },
      "properties": {
        "bright_ti4": 302.48,
        "scan": 0.45,
        "track": 0.47,
        "acq_date": "2026-09-25",
        "acq_time": "0251",
        "satellite": "N20",
        "instrument": "VIIRS",
        "confidence": "n",
        "version": "2.0NRT",
        "bright_ti5": 287.35,
        "frp": 0.91,
        "daynight": "N",
        "source_dataset": "VIIRS_NOAA20_NRT",
        "acq_datetime_utc": "2026-09-25T02:51:00Z",
        "age_hours": 18.7,
        "confidence_label": "nominal",
        "popup_label": "<strong>NASA FIRMS<\/strong><br>Sensor: VIIRS_NOAA20_NRT<br>Fecha UTC: 2026-09-25T02:51:00Z<br>Confianza: nominal<br>FRP: 0.91 MW"
      }
    },
    {
      "type": "Feature",
      "geometry": {
        "type": "Point",
        "coordinates": [-7.7275, 32.8585]
      },
      "properties": {
        "bright_ti4": 297.98,
        "scan": 0.45,
        "track": 0.47,
        "acq_date": "2026-09-25",
        "acq_time": "0251",
        "satellite": "N20",
        "instrument": "VIIRS",
        "confidence": "n",
        "version": "2.0NRT",
        "bright_ti5": 287.9,
        "frp": 1.03,
        "daynight": "N",
        "source_dataset": "VIIRS_NOAA20_NRT",
        "acq_datetime_utc": "2026-09-25T02:51:00Z",
        "age_hours": 18.7,
        "confidence_label": "nominal",
        "popup_label": "<strong>NASA FIRMS<\/strong><br>Sensor: VIIRS_NOAA20_NRT<br>Fecha UTC: 2026-09-25T02:51:00Z<br>Confianza: nominal<br>FRP: 1.03 MW"
      }
    },
    {
      "type": "Feature",
      "geometry": {
        "type": "Point",
        "coordinates": [-7.7313, 32.8586]
      },
      "properties": {
        "bright_ti4": 302.5,
        "scan": 0.45,
        "track": 0.47,
        "acq_date": "2026-09-25",
        "acq_time": "0251",
        "satellite": "N20",
        "instrument": "VIIRS",
        "confidence": "n",
        "version": "2.0NRT",
        "bright_ti5": 287.66,
        "frp": 0.8,
        "daynight": "N",
        "source_dataset": "VIIRS_NOAA20_NRT",
        "acq_datetime_utc": "2026-09-25T02:51:00Z",
        "age_hours": 18.7,
        "confidence_label": "nominal",
        "popup_label": "<strong>NASA FIRMS<\/strong><br>Sensor: VIIRS_NOAA20_NRT<br>Fecha UTC: 2026-09-25T02:51:00Z<br>Confianza: nominal<br>FRP: 0.8 MW"
      }
    },
    {
      "type": "Feature",
      "geometry": {
        "type": "Point",
        "coordinates": [-0.3448, 33.4771]
      },
      "properties": {
        "bright_ti4": 302.47,
        "scan": 0.56,
        "track": 0.69,
        "acq_date": "2026-09-25",
        "acq_time": "0251",
        "satellite": "N20",
        "instrument": "VIIRS",
        "confidence": "n",
        "version": "2.0NRT",
        "bright_ti5": 287.32,
        "frp": 1.3,
        "daynight": "N",
        "source_dataset": "VIIRS_NOAA20_NRT",
        "acq_datetime_utc": "2026-09-25T02:51:00Z",
        "age_hours": 18.7,
        "confidence_label": "nominal",
        "popup_label": "<strong>NASA FIRMS<\/strong><br>Sensor: VIIRS_NOAA20_NRT<br>Fecha UTC: 2026-09-25T02:51:00Z<br>Confianza: nominal<br>FRP: 1.3 MW"
      }
    },
    {
      "type": "Feature",
      "geometry": {
        "type": "Point",
        "coordinates": [-1.3458, 35.3127]
      },
      "properties": {
        "bright_ti4": 301.67,
        "scan": 0.44,
        "track": 0.62,
        "acq_date": "2026-09-25",
        "acq_time": "0251",
        "satellite": "N20",
        "instrument": "VIIRS",
        "confidence": "n",
        "version": "2.0NRT",
        "bright_ti5": 291.41,
        "frp": 0.72,
        "daynight": "N",
        "source_dataset": "VIIRS_NOAA20_NRT",
        "acq_datetime_utc": "2026-09-25T02:51:00Z",
        "age_hours": 18.7,
        "confidence_label": "nominal",
        "popup_label": "<strong>NASA FIRMS<\/strong><br>Sensor: VIIRS_NOAA20_NRT<br>Fecha UTC: 2026-09-25T02:51:00Z<br>Confianza: nominal<br>FRP: 0.72 MW"
      }
    },
    {
      "type": "Feature",
      "geometry": {
        "type": "Point",
        "coordinates": [-0.2548, 35.8068]
      },
      "properties": {
        "bright_ti4": 303.51,
        "scan": 0.49,
        "track": 0.65,
        "acq_date": "2026-09-25",
        "acq_time": "0251",
        "satellite": "N20",
        "instrument": "VIIRS",
        "confidence": "n",
        "version": "2.0NRT",
        "bright_ti5": 291.47,
        "frp": 1.33,
        "daynight": "N",
        "source_dataset": "VIIRS_NOAA20_NRT",
        "acq_datetime_utc": "2026-09-25T02:51:00Z",
        "age_hours": 18.7,
        "confidence_label": "nominal",
        "popup_label": "<strong>NASA FIRMS<\/strong><br>Sensor: VIIRS_NOAA20_NRT<br>Fecha UTC: 2026-09-25T02:51:00Z<br>Confianza: nominal<br>FRP: 1.33 MW"
      }
    },
    {
      "type": "Feature",
      "geometry": {
        "type": "Point",
        "coordinates": [-0.2599, 35.8083]
      },
      "properties": {
        "bright_ti4": 310.33,
        "scan": 0.49,
        "track": 0.65,
        "acq_date": "2026-09-25",
        "acq_time": "0251",
        "satellite": "N20",
        "instrument": "VIIRS",
        "confidence": "n",
        "version": "2.0NRT",
        "bright_ti5": 292.16,
        "frp": 1.33,
        "daynight": "N",
        "source_dataset": "VIIRS_NOAA20_NRT",
        "acq_datetime_utc": "2026-09-25T02:51:00Z",
        "age_hours": 18.7,
        "confidence_label": "nominal",
        "popup_label": "<strong>NASA FIRMS<\/strong><br>Sensor: VIIRS_NOAA20_NRT<br>Fecha UTC: 2026-09-25T02:51:00Z<br>Confianza: nominal<br>FRP: 1.33 MW"
      }
    },
    {
      "type": "Feature",
      "geometry": {
        "type": "Point",
        "coordinates": [-0.2702, 35.8112]
      },
      "properties": {
        "bright_ti4": 317.76,
        "scan": 0.49,
        "track": 0.65,
        "acq_date": "2026-09-25",
        "acq_time": "0251",
        "satellite": "N20",
        "instrument": "VIIRS",
        "confidence": "n",
        "version": "2.0NRT",
        "bright_ti5": 292.16,
        "frp": 1.96,
        "daynight": "N",
        "source_dataset": "VIIRS_NOAA20_NRT",
        "acq_datetime_utc": "2026-09-25T02:51:00Z",
        "age_hours": 18.7,
        "confidence_label": "nominal",
        "popup_label": "<strong>NASA FIRMS<\/strong><br>Sensor: VIIRS_NOAA20_NRT<br>Fecha UTC: 2026-09-25T02:51:00Z<br>Confianza: nominal<br>FRP: 1.96 MW"
      }
    },
    {
      "type": "Feature",
      "geometry": {
        "type": "Point",
        "coordinates": [-0.252, 35.8124]
      },
      "properties": {
        "bright_ti4": 320.76,
        "scan": 0.49,
        "track": 0.65,
        "acq_date": "2026-09-25",
        "acq_time": "0251",
        "satellite": "N20",
        "instrument": "VIIRS",
        "confidence": "n",
        "version": "2.0NRT",
        "bright_ti5": 291.99,
        "frp": 1.33,
        "daynight": "N",
        "source_dataset": "VIIRS_NOAA20_NRT",
        "acq_datetime_utc": "2026-09-25T02:51:00Z",
        "age_hours": 18.7,
        "confidence_label": "nominal",
        "popup_label": "<strong>NASA FIRMS<\/strong><br>Sensor: VIIRS_NOAA20_NRT<br>Fecha UTC: 2026-09-25T02:51:00Z<br>Confianza: nominal<br>FRP: 1.33 MW"
      }
    },
    {
      "type": "Feature",
      "geometry": {
        "type": "Point",
        "coordinates": [-0.2753, 35.8127]
      },
      "properties": {
        "bright_ti4": 302.32,
        "scan": 0.49,
        "track": 0.65,
        "acq_date": "2026-09-25",
        "acq_time": "0251",
        "satellite": "N20",
        "instrument": "VIIRS",
        "confidence": "n",
        "version": "2.0NRT",
        "bright_ti5": 291.38,
        "frp": 2.76,
        "daynight": "N",
        "source_dataset": "VIIRS_NOAA20_NRT",
        "acq_datetime_utc": "2026-09-25T02:51:00Z",
        "age_hours": 18.7,
        "confidence_label": "nominal",
        "popup_label": "<strong>NASA FIRMS<\/strong><br>Sensor: VIIRS_NOAA20_NRT<br>Fecha UTC: 2026-09-25T02:51:00Z<br>Confianza: nominal<br>FRP: 2.76 MW"
      }
    },
    {
      "type": "Feature",
      "geometry": {
        "type": "Point",
        "coordinates": [-0.2571, 35.8139]
      },
      "properties": {
        "bright_ti4": 305,
        "scan": 0.49,
        "track": 0.65,
        "acq_date": "2026-09-25",
        "acq_time": "0251",
        "satellite": "N20",
        "instrument": "VIIRS",
        "confidence": "n",
        "version": "2.0NRT",
        "bright_ti5": 292.17,
        "frp": 1.33,
        "daynight": "N",
        "source_dataset": "VIIRS_NOAA20_NRT",
        "acq_datetime_utc": "2026-09-25T02:51:00Z",
        "age_hours": 18.7,
        "confidence_label": "nominal",
        "popup_label": "<strong>NASA FIRMS<\/strong><br>Sensor: VIIRS_NOAA20_NRT<br>Fecha UTC: 2026-09-25T02:51:00Z<br>Confianza: nominal<br>FRP: 1.33 MW"
      }
    },
    {
      "type": "Feature",
      "geometry": {
        "type": "Point",
        "coordinates": [-0.2673, 35.8167]
      },
      "properties": {
        "bright_ti4": 305.16,
        "scan": 0.49,
        "track": 0.65,
        "acq_date": "2026-09-25",
        "acq_time": "0251",
        "satellite": "N20",
        "instrument": "VIIRS",
        "confidence": "n",
        "version": "2.0NRT",
        "bright_ti5": 292.21,
        "frp": 1.96,
        "daynight": "N",
        "source_dataset": "VIIRS_NOAA20_NRT",
        "acq_datetime_utc": "2026-09-25T02:51:00Z",
        "age_hours": 18.7,
        "confidence_label": "nominal",
        "popup_label": "<strong>NASA FIRMS<\/strong><br>Sensor: VIIRS_NOAA20_NRT<br>Fecha UTC: 2026-09-25T02:51:00Z<br>Confianza: nominal<br>FRP: 1.96 MW"
      }
    },
    {
      "type": "Feature",
      "geometry": {
        "type": "Point",
        "coordinates": [-5.3964, 36.1851]
      },
      "properties": {
        "bright_ti4": 297.74,
        "scan": 0.5,
        "track": 0.49,
        "acq_date": "2026-09-25",
        "acq_time": "0251",
        "satellite": "N20",
        "instrument": "VIIRS",
        "confidence": "n",
        "version": "2.0NRT",
        "bright_ti5": 287.7,
        "frp": 0.89,
        "daynight": "N",
        "source_dataset": "VIIRS_NOAA20_NRT",
        "acq_datetime_utc": "2026-09-25T02:51:00Z",
        "age_hours": 18.7,
        "confidence_label": "nominal",
        "popup_label": "<strong>NASA FIRMS<\/strong><br>Sensor: VIIRS_NOAA20_NRT<br>Fecha UTC: 2026-09-25T02:51:00Z<br>Confianza: nominal<br>FRP: 0.89 MW"
      }
    },
    {
      "type": "Feature",
      "geometry": {
        "type": "Point",
        "coordinates": [-5.9206, 36.7349]
      },
      "properties": {
        "bright_ti4": 338.69,
        "scan": 0.46,
        "track": 0.47,
        "acq_date": "2026-09-25",
        "acq_time": "0251",
        "satellite": "N20",
        "instrument": "VIIRS",
        "confidence": "n",
        "version": "2.0NRT",
        "bright_ti5": 289.21,
        "frp": 4.65,
        "daynight": "N",
        "source_dataset": "VIIRS_NOAA20_NRT",
        "acq_datetime_utc": "2026-09-25T02:51:00Z",
        "age_hours": 18.7,
        "confidence_label": "nominal",
        "popup_label": "<strong>NASA FIRMS<\/strong><br>Sensor: VIIRS_NOAA20_NRT<br>Fecha UTC: 2026-09-25T02:51:00Z<br>Confianza: nominal<br>FRP: 4.65 MW"
      }
    },
    {
      "type": "Feature",
      "geometry": {
        "type": "Point",
        "coordinates": [-6.369, 37.2877]
      },
      "properties": {
        "bright_ti4": 327.9,
        "scan": 0.42,
        "track": 0.46,
        "acq_date": "2026-09-25",
        "acq_time": "0251",
        "satellite": "N20",
        "instrument": "VIIRS",
        "confidence": "n",
        "version": "2.0NRT",
        "bright_ti5": 290.64,
        "frp": 3.28,
        "daynight": "N",
        "source_dataset": "VIIRS_NOAA20_NRT",
        "acq_datetime_utc": "2026-09-25T02:51:00Z",
        "age_hours": 18.7,
        "confidence_label": "nominal",
        "popup_label": "<strong>NASA FIRMS<\/strong><br>Sensor: VIIRS_NOAA20_NRT<br>Fecha UTC: 2026-09-25T02:51:00Z<br>Confianza: nominal<br>FRP: 3.28 MW"
      }
    },
    {
      "type": "Feature",
      "geometry": {
        "type": "Point",
        "coordinates": [-8.4239, 37.3875]
      },
      "properties": {
        "bright_ti4": 306.46,
        "scan": 0.51,
        "track": 0.41,
        "acq_date": "2026-09-25",
        "acq_time": "0251",
        "satellite": "N20",
        "instrument": "VIIRS",
        "confidence": "n",
        "version": "2.0NRT",
        "bright_ti5": 288.27,
        "frp": 1.39,
        "daynight": "N",
        "source_dataset": "VIIRS_NOAA20_NRT",
        "acq_datetime_utc": "2026-09-25T02:51:00Z",
        "age_hours": 18.7,
        "confidence_label": "nominal",
        "popup_label": "<strong>NASA FIRMS<\/strong><br>Sensor: VIIRS_NOAA20_NRT<br>Fecha UTC: 2026-09-25T02:51:00Z<br>Confianza: nominal<br>FRP: 1.39 MW"
      }
    },
    {
      "type": "Feature",
      "geometry": {
        "type": "Point",
        "coordinates": [-8.4114, 37.3889]
      },
      "properties": {
        "bright_ti4": 302.66,
        "scan": 0.51,
        "track": 0.41,
        "acq_date": "2026-09-25",
        "acq_time": "0251",
        "satellite": "N20",
        "instrument": "VIIRS",
        "confidence": "n",
        "version": "2.0NRT",
        "bright_ti5": 289.19,
        "frp": 12.08,
        "daynight": "N",
        "source_dataset": "VIIRS_NOAA20_NRT",
        "acq_datetime_utc": "2026-09-25T02:51:00Z",
        "age_hours": 18.7,
        "confidence_label": "nominal",
        "popup_label": "<strong>NASA FIRMS<\/strong><br>Sensor: VIIRS_NOAA20_NRT<br>Fecha UTC: 2026-09-25T02:51:00Z<br>Confianza: nominal<br>FRP: 12.08 MW"
      }
    },
    {
      "type": "Feature",
      "geometry": {
        "type": "Point",
        "coordinates": [-8.4102, 37.3926]
      },
      "properties": {
        "bright_ti4": 331.19,
        "scan": 0.51,
        "track": 0.41,
        "acq_date": "2026-09-25",
        "acq_time": "0251",
        "satellite": "N20",
        "instrument": "VIIRS",
        "confidence": "n",
        "version": "2.0NRT",
        "bright_ti5": 295.05,
        "frp": 12.08,
        "daynight": "N",
        "source_dataset": "VIIRS_NOAA20_NRT",
        "acq_datetime_utc": "2026-09-25T02:51:00Z",
        "age_hours": 18.7,
        "confidence_label": "nominal",
        "popup_label": "<strong>NASA FIRMS<\/strong><br>Sensor: VIIRS_NOAA20_NRT<br>Fecha UTC: 2026-09-25T02:51:00Z<br>Confianza: nominal<br>FRP: 12.08 MW"
      }
    },
    {
      "type": "Feature",
      "geometry": {
        "type": "Point",
        "coordinates": [-8.4159, 37.3937]
      },
      "properties": {
        "bright_ti4": 336.4,
        "scan": 0.51,
        "track": 0.41,
        "acq_date": "2026-09-25",
        "acq_time": "0251",
        "satellite": "N20",
        "instrument": "VIIRS",
        "confidence": "n",
        "version": "2.0NRT",
        "bright_ti5": 292.8,
        "frp": 12.08,
        "daynight": "N",
        "source_dataset": "VIIRS_NOAA20_NRT",
        "acq_datetime_utc": "2026-09-25T02:51:00Z",
        "age_hours": 18.7,
        "confidence_label": "nominal",
        "popup_label": "<strong>NASA FIRMS<\/strong><br>Sensor: VIIRS_NOAA20_NRT<br>Fecha UTC: 2026-09-25T02:51:00Z<br>Confianza: nominal<br>FRP: 12.08 MW"
      }
    },
    {
      "type": "Feature",
      "geometry": {
        "type": "Point",
        "coordinates": [-8.4147, 37.3974]
      },
      "properties": {
        "bright_ti4": 308.45,
        "scan": 0.51,
        "track": 0.41,
        "acq_date": "2026-09-25",
        "acq_time": "0251",
        "satellite": "N20",
        "instrument": "VIIRS",
        "confidence": "n",
        "version": "2.0NRT",
        "bright_ti5": 288.73,
        "frp": 1.18,
        "daynight": "N",
        "source_dataset": "VIIRS_NOAA20_NRT",
        "acq_datetime_utc": "2026-09-25T02:51:00Z",
        "age_hours": 18.7,
        "confidence_label": "nominal",
        "popup_label": "<strong>NASA FIRMS<\/strong><br>Sensor: VIIRS_NOAA20_NRT<br>Fecha UTC: 2026-09-25T02:51:00Z<br>Confianza: nominal<br>FRP: 1.18 MW"
      }
    },
    {
      "type": "Feature",
      "geometry": {
        "type": "Point",
        "coordinates": [-4.9016, 37.4697]
      },
      "properties": {
        "bright_ti4": 305.33,
        "scan": 0.5,
        "track": 0.49,
        "acq_date": "2026-09-25",
        "acq_time": "0251",
        "satellite": "N20",
        "instrument": "VIIRS",
        "confidence": "n",
        "version": "2.0NRT",
        "bright_ti5": 288.56,
        "frp": 0.57,
        "daynight": "N",
        "source_dataset": "VIIRS_NOAA20_NRT",
        "acq_datetime_utc": "2026-09-25T02:51:00Z",
        "age_hours": 18.7,
        "confidence_label": "nominal",
        "popup_label": "<strong>NASA FIRMS<\/strong><br>Sensor: VIIRS_NOAA20_NRT<br>Fecha UTC: 2026-09-25T02:51:00Z<br>Confianza: nominal<br>FRP: 0.57 MW"
      }
    },
    {
      "type": "Feature",
      "geometry": {
        "type": "Point",
        "coordinates": [-8.7957, 37.9523]
      },
      "properties": {
        "bright_ti4": 297.31,
        "scan": 0.48,
        "track": 0.4,
        "acq_date": "2026-09-25",
        "acq_time": "0251",
        "satellite": "N20",
        "instrument": "VIIRS",
        "confidence": "n",
        "version": "2.0NRT",
        "bright_ti5": 281.4,
        "frp": 0.69,
        "daynight": "N",
        "source_dataset": "VIIRS_NOAA20_NRT",
        "acq_datetime_utc": "2026-09-25T02:51:00Z",
        "age_hours": 18.7,
        "confidence_label": "nominal",
        "popup_label": "<strong>NASA FIRMS<\/strong><br>Sensor: VIIRS_NOAA20_NRT<br>Fecha UTC: 2026-09-25T02:51:00Z<br>Confianza: nominal<br>FRP: 0.69 MW"
      }
    },
    {
      "type": "Feature",
      "geometry": {
        "type": "Point",
        "coordinates": [1.24, 36.126]
      },
      "properties": {
        "bright_ti4": 310.23,
        "scan": 0.57,
        "track": 0.69,
        "acq_date": "2026-09-25",
        "acq_time": "0249",
        "satellite": "N20",
        "instrument": "VIIRS",
        "confidence": "n",
        "version": "2.0NRT",
        "bright_ti5": 291.74,
        "frp": 1.64,
        "daynight": "N",
        "source_dataset": "VIIRS_NOAA20_NRT",
        "acq_datetime_utc": "2026-09-25T02:49:00Z",
        "age_hours": 18.7,
        "confidence_label": "nominal",
        "popup_label": "<strong>NASA FIRMS<\/strong><br>Sensor: VIIRS_NOAA20_NRT<br>Fecha UTC: 2026-09-25T02:49:00Z<br>Confianza: nominal<br>FRP: 1.64 MW"
      }
    },
    {
      "type": "Feature",
      "geometry": {
        "type": "Point",
        "coordinates": [1.2408, 36.1294]
      },
      "properties": {
        "bright_ti4": 315.49,
        "scan": 0.57,
        "track": 0.69,
        "acq_date": "2026-09-25",
        "acq_time": "0249",
        "satellite": "N20",
        "instrument": "VIIRS",
        "confidence": "n",
        "version": "2.0NRT",
        "bright_ti5": 293.21,
        "frp": 3.08,
        "daynight": "N",
        "source_dataset": "VIIRS_NOAA20_NRT",
        "acq_datetime_utc": "2026-09-25T02:49:00Z",
        "age_hours": 18.7,
        "confidence_label": "nominal",
        "popup_label": "<strong>NASA FIRMS<\/strong><br>Sensor: VIIRS_NOAA20_NRT<br>Fecha UTC: 2026-09-25T02:49:00Z<br>Confianza: nominal<br>FRP: 3.08 MW"
      }
    },
    {
      "type": "Feature",
      "geometry": {
        "type": "Point",
        "coordinates": [3.1252, 36.68]
      },
      "properties": {
        "bright_ti4": 302.02,
        "scan": 0.69,
        "track": 0.74,
        "acq_date": "2026-09-25",
        "acq_time": "0249",
        "satellite": "N20",
        "instrument": "VIIRS",
        "confidence": "n",
        "version": "2.0NRT",
        "bright_ti5": 291.58,
        "frp": 1.23,
        "daynight": "N",
        "source_dataset": "VIIRS_NOAA20_NRT",
        "acq_datetime_utc": "2026-09-25T02:49:00Z",
        "age_hours": 18.7,
        "confidence_label": "nominal",
        "popup_label": "<strong>NASA FIRMS<\/strong><br>Sensor: VIIRS_NOAA20_NRT<br>Fecha UTC: 2026-09-25T02:49:00Z<br>Confianza: nominal<br>FRP: 1.23 MW"
      }
    },
    {
      "type": "Feature",
      "geometry": {
        "type": "Point",
        "coordinates": [-4.5572, 37.8344]
      },
      "properties": {
        "bright_ti4": 303.2,
        "scan": 0.51,
        "track": 0.49,
        "acq_date": "2026-09-25",
        "acq_time": "0249",
        "satellite": "N20",
        "instrument": "VIIRS",
        "confidence": "n",
        "version": "2.0NRT",
        "bright_ti5": 287.66,
        "frp": 0.58,
        "daynight": "N",
        "source_dataset": "VIIRS_NOAA20_NRT",
        "acq_datetime_utc": "2026-09-25T02:49:00Z",
        "age_hours": 18.7,
        "confidence_label": "nominal",
        "popup_label": "<strong>NASA FIRMS<\/strong><br>Sensor: VIIRS_NOAA20_NRT<br>Fecha UTC: 2026-09-25T02:49:00Z<br>Confianza: nominal<br>FRP: 0.58 MW"
      }
    },
    {
      "type": "Feature",
      "geometry": {
        "type": "Point",
        "coordinates": [-9.0796, 38.6316]
      },
      "properties": {
        "bright_ti4": 304.05,
        "scan": 0.46,
        "track": 0.39,
        "acq_date": "2026-09-25",
        "acq_time": "0249",
        "satellite": "N20",
        "instrument": "VIIRS",
        "confidence": "n",
        "version": "2.0NRT",
        "bright_ti5": 290.92,
        "frp": 0.79,
        "daynight": "N",
        "source_dataset": "VIIRS_NOAA20_NRT",
        "acq_datetime_utc": "2026-09-25T02:49:00Z",
        "age_hours": 18.7,
        "confidence_label": "nominal",
        "popup_label": "<strong>NASA FIRMS<\/strong><br>Sensor: VIIRS_NOAA20_NRT<br>Fecha UTC: 2026-09-25T02:49:00Z<br>Confianza: nominal<br>FRP: 0.79 MW"
      }
    },
    {
      "type": "Feature",
      "geometry": {
        "type": "Point",
        "coordinates": [-4.0626, 38.678]
      },
      "properties": {
        "bright_ti4": 317.35,
        "scan": 0.52,
        "track": 0.5,
        "acq_date": "2026-09-25",
        "acq_time": "0249",
        "satellite": "N20",
        "instrument": "VIIRS",
        "confidence": "n",
        "version": "2.0NRT",
        "bright_ti5": 289.46,
        "frp": 0.85,
        "daynight": "N",
        "source_dataset": "VIIRS_NOAA20_NRT",
        "acq_datetime_utc": "2026-09-25T02:49:00Z",
        "age_hours": 18.7,
        "confidence_label": "nominal",
        "popup_label": "<strong>NASA FIRMS<\/strong><br>Sensor: VIIRS_NOAA20_NRT<br>Fecha UTC: 2026-09-25T02:49:00Z<br>Confianza: nominal<br>FRP: 0.85 MW"
      }
    },
    {
      "type": "Feature",
      "geometry": {
        "type": "Point",
        "coordinates": [-4.0624, 38.6819]
      },
      "properties": {
        "bright_ti4": 312.8,
        "scan": 0.52,
        "track": 0.5,
        "acq_date": "2026-09-25",
        "acq_time": "0249",
        "satellite": "N20",
        "instrument": "VIIRS",
        "confidence": "n",
        "version": "2.0NRT",
        "bright_ti5": 290.41,
        "frp": 3.8,
        "daynight": "N",
        "source_dataset": "VIIRS_NOAA20_NRT",
        "acq_datetime_utc": "2026-09-25T02:49:00Z",
        "age_hours": 18.7,
        "confidence_label": "nominal",
        "popup_label": "<strong>NASA FIRMS<\/strong><br>Sensor: VIIRS_NOAA20_NRT<br>Fecha UTC: 2026-09-25T02:49:00Z<br>Confianza: nominal<br>FRP: 3.8 MW"
      }
    },
    {
      "type": "Feature",
      "geometry": {
        "type": "Point",
        "coordinates": [-6.5419, 38.7995]
      },
      "properties": {
        "bright_ti4": 311.78,
        "scan": 0.39,
        "track": 0.44,
        "acq_date": "2026-09-25",
        "acq_time": "0249",
        "satellite": "N20",
        "instrument": "VIIRS",
        "confidence": "n",
        "version": "2.0NRT",
        "bright_ti5": 286.23,
        "frp": 1.09,
        "daynight": "N",
        "source_dataset": "VIIRS_NOAA20_NRT",
        "acq_datetime_utc": "2026-09-25T02:49:00Z",
        "age_hours": 18.7,
        "confidence_label": "nominal",
        "popup_label": "<strong>NASA FIRMS<\/strong><br>Sensor: VIIRS_NOAA20_NRT<br>Fecha UTC: 2026-09-25T02:49:00Z<br>Confianza: nominal<br>FRP: 1.09 MW"
      }
    },
    {
      "type": "Feature",
      "geometry": {
        "type": "Point",
        "coordinates": [-6.5393, 38.8013]
      },
      "properties": {
        "bright_ti4": 308.19,
        "scan": 0.39,
        "track": 0.44,
        "acq_date": "2026-09-25",
        "acq_time": "0249",
        "satellite": "N20",
        "instrument": "VIIRS",
        "confidence": "n",
        "version": "2.0NRT",
        "bright_ti5": 286.94,
        "frp": 1.01,
        "daynight": "N",
        "source_dataset": "VIIRS_NOAA20_NRT",
        "acq_datetime_utc": "2026-09-25T02:49:00Z",
        "age_hours": 18.7,
        "confidence_label": "nominal",
        "popup_label": "<strong>NASA FIRMS<\/strong><br>Sensor: VIIRS_NOAA20_NRT<br>Fecha UTC: 2026-09-25T02:49:00Z<br>Confianza: nominal<br>FRP: 1.01 MW"
      }
    },
    {
      "type": "Feature",
      "geometry": {
        "type": "Point",
        "coordinates": [-9.0096, 38.9229]
      },
      "properties": {
        "bright_ti4": 309.78,
        "scan": 0.46,
        "track": 0.39,
        "acq_date": "2026-09-25",
        "acq_time": "0249",
        "satellite": "N20",
        "instrument": "VIIRS",
        "confidence": "n",
        "version": "2.0NRT",
        "bright_ti5": 290.91,
        "frp": 1.84,
        "daynight": "N",
        "source_dataset": "VIIRS_NOAA20_NRT",
        "acq_datetime_utc": "2026-09-25T02:49:00Z",
        "age_hours": 18.7,
        "confidence_label": "nominal",
        "popup_label": "<strong>NASA FIRMS<\/strong><br>Sensor: VIIRS_NOAA20_NRT<br>Fecha UTC: 2026-09-25T02:49:00Z<br>Confianza: nominal<br>FRP: 1.84 MW"
      }
    },
    {
      "type": "Feature",
      "geometry": {
        "type": "Point",
        "coordinates": [-5.763, 38.923]
      },
      "properties": {
        "bright_ti4": 306.69,
        "scan": 0.42,
        "track": 0.45,
        "acq_date": "2026-09-25",
        "acq_time": "0249",
        "satellite": "N20",
        "instrument": "VIIRS",
        "confidence": "n",
        "version": "2.0NRT",
        "bright_ti5": 289.92,
        "frp": 1.38,
        "daynight": "N",
        "source_dataset": "VIIRS_NOAA20_NRT",
        "acq_datetime_utc": "2026-09-25T02:49:00Z",
        "age_hours": 18.7,
        "confidence_label": "nominal",
        "popup_label": "<strong>NASA FIRMS<\/strong><br>Sensor: VIIRS_NOAA20_NRT<br>Fecha UTC: 2026-09-25T02:49:00Z<br>Confianza: nominal<br>FRP: 1.38 MW"
      }
    },
    {
      "type": "Feature",
      "geometry": {
        "type": "Point",
        "coordinates": [-0.593, 39.1564]
      },
      "properties": {
        "bright_ti4": 304.08,
        "scan": 0.38,
        "track": 0.59,
        "acq_date": "2026-09-25",
        "acq_time": "0249",
        "satellite": "N20",
        "instrument": "VIIRS",
        "confidence": "n",
        "version": "2.0NRT",
        "bright_ti5": 290.04,
        "frp": 0.37,
        "daynight": "N",
        "source_dataset": "VIIRS_NOAA20_NRT",
        "acq_datetime_utc": "2026-09-25T02:49:00Z",
        "age_hours": 18.7,
        "confidence_label": "nominal",
        "popup_label": "<strong>NASA FIRMS<\/strong><br>Sensor: VIIRS_NOAA20_NRT<br>Fecha UTC: 2026-09-25T02:49:00Z<br>Confianza: nominal<br>FRP: 0.37 MW"
      }
    },
    {
      "type": "Feature",
      "geometry": {
        "type": "Point",
        "coordinates": [-3.4754, 40.2446]
      },
      "properties": {
        "bright_ti4": 320.4,
        "scan": 0.51,
        "track": 0.49,
        "acq_date": "2026-09-25",
        "acq_time": "0249",
        "satellite": "N20",
        "instrument": "VIIRS",
        "confidence": "n",
        "version": "2.0NRT",
        "bright_ti5": 291.96,
        "frp": 3.28,
        "daynight": "N",
        "source_dataset": "VIIRS_NOAA20_NRT",
        "acq_datetime_utc": "2026-09-25T02:49:00Z",
        "age_hours": 18.7,
        "confidence_label": "nominal",
        "popup_label": "<strong>NASA FIRMS<\/strong><br>Sensor: VIIRS_NOAA20_NRT<br>Fecha UTC: 2026-09-25T02:49:00Z<br>Confianza: nominal<br>FRP: 3.28 MW"
      }
    },
    {
      "type": "Feature",
      "geometry": {
        "type": "Point",
        "coordinates": [-7.8625, 41.1268]
      },
      "properties": {
        "bright_ti4": 336.8,
        "scan": 0.47,
        "track": 0.39,
        "acq_date": "2026-09-25",
        "acq_time": "0249",
        "satellite": "N20",
        "instrument": "VIIRS",
        "confidence": "n",
        "version": "2.0NRT",
        "bright_ti5": 296.75,
        "frp": 8.45,
        "daynight": "N",
        "source_dataset": "VIIRS_NOAA20_NRT",
        "acq_datetime_utc": "2026-09-25T02:49:00Z",
        "age_hours": 18.7,
        "confidence_label": "nominal",
        "popup_label": "<strong>NASA FIRMS<\/strong><br>Sensor: VIIRS_NOAA20_NRT<br>Fecha UTC: 2026-09-25T02:49:00Z<br>Confianza: nominal<br>FRP: 8.45 MW"
      }
    },
    {
      "type": "Feature",
      "geometry": {
        "type": "Point",
        "coordinates": [-7.8675, 41.1278]
      },
      "properties": {
        "bright_ti4": 340.01,
        "scan": 0.47,
        "track": 0.39,
        "acq_date": "2026-09-25",
        "acq_time": "0249",
        "satellite": "N20",
        "instrument": "VIIRS",
        "confidence": "n",
        "version": "2.0NRT",
        "bright_ti5": 295.68,
        "frp": 8.45,
        "daynight": "N",
        "source_dataset": "VIIRS_NOAA20_NRT",
        "acq_datetime_utc": "2026-09-25T02:49:00Z",
        "age_hours": 18.7,
        "confidence_label": "nominal",
        "popup_label": "<strong>NASA FIRMS<\/strong><br>Sensor: VIIRS_NOAA20_NRT<br>Fecha UTC: 2026-09-25T02:49:00Z<br>Confianza: nominal<br>FRP: 8.45 MW"
      }
    },
    {
      "type": "Feature",
      "geometry": {
        "type": "Point",
        "coordinates": [-7.8611, 41.1303]
      },
      "properties": {
        "bright_ti4": 299.99,
        "scan": 0.47,
        "track": 0.39,
        "acq_date": "2026-09-25",
        "acq_time": "0249",
        "satellite": "N20",
        "instrument": "VIIRS",
        "confidence": "n",
        "version": "2.0NRT",
        "bright_ti5": 289.97,
        "frp": 8.45,
        "daynight": "N",
        "source_dataset": "VIIRS_NOAA20_NRT",
        "acq_datetime_utc": "2026-09-25T02:49:00Z",
        "age_hours": 18.7,
        "confidence_label": "nominal",
        "popup_label": "<strong>NASA FIRMS<\/strong><br>Sensor: VIIRS_NOAA20_NRT<br>Fecha UTC: 2026-09-25T02:49:00Z<br>Confianza: nominal<br>FRP: 8.45 MW"
      }
    },
    {
      "type": "Feature",
      "geometry": {
        "type": "Point",
        "coordinates": [-7.8661, 41.1313]
      },
      "properties": {
        "bright_ti4": 330.75,
        "scan": 0.47,
        "track": 0.39,
        "acq_date": "2026-09-25",
        "acq_time": "0249",
        "satellite": "N20",
        "instrument": "VIIRS",
        "confidence": "n",
        "version": "2.0NRT",
        "bright_ti5": 292.28,
        "frp": 8.45,
        "daynight": "N",
        "source_dataset": "VIIRS_NOAA20_NRT",
        "acq_datetime_utc": "2026-09-25T02:49:00Z",
        "age_hours": 18.7,
        "confidence_label": "nominal",
        "popup_label": "<strong>NASA FIRMS<\/strong><br>Sensor: VIIRS_NOAA20_NRT<br>Fecha UTC: 2026-09-25T02:49:00Z<br>Confianza: nominal<br>FRP: 8.45 MW"
      }
    },
    {
      "type": "Feature",
      "geometry": {
        "type": "Point",
        "coordinates": [-7.8596, 41.1337]
      },
      "properties": {
        "bright_ti4": 298.61,
        "scan": 0.47,
        "track": 0.39,
        "acq_date": "2026-09-25",
        "acq_time": "0249",
        "satellite": "N20",
        "instrument": "VIIRS",
        "confidence": "n",
        "version": "2.0NRT",
        "bright_ti5": 287.88,
        "frp": 2.3,
        "daynight": "N",
        "source_dataset": "VIIRS_NOAA20_NRT",
        "acq_datetime_utc": "2026-09-25T02:49:00Z",
        "age_hours": 18.7,
        "confidence_label": "nominal",
        "popup_label": "<strong>NASA FIRMS<\/strong><br>Sensor: VIIRS_NOAA20_NRT<br>Fecha UTC: 2026-09-25T02:49:00Z<br>Confianza: nominal<br>FRP: 2.3 MW"
      }
    },
    {
      "type": "Feature",
      "geometry": {
        "type": "Point",
        "coordinates": [-7.8697, 41.1358]
      },
      "properties": {
        "bright_ti4": 313.32,
        "scan": 0.47,
        "track": 0.39,
        "acq_date": "2026-09-25",
        "acq_time": "0249",
        "satellite": "N20",
        "instrument": "VIIRS",
        "confidence": "n",
        "version": "2.0NRT",
        "bright_ti5": 286.74,
        "frp": 26.35,
        "daynight": "N",
        "source_dataset": "VIIRS_NOAA20_NRT",
        "acq_datetime_utc": "2026-09-25T02:49:00Z",
        "age_hours": 18.7,
        "confidence_label": "nominal",
        "popup_label": "<strong>NASA FIRMS<\/strong><br>Sensor: VIIRS_NOAA20_NRT<br>Fecha UTC: 2026-09-25T02:49:00Z<br>Confianza: nominal<br>FRP: 26.35 MW"
      }
    },
    {
      "type": "Feature",
      "geometry": {
        "type": "Point",
        "coordinates": [-7.8633, 41.1383]
      },
      "properties": {
        "bright_ti4": 300.27,
        "scan": 0.47,
        "track": 0.39,
        "acq_date": "2026-09-25",
        "acq_time": "0249",
        "satellite": "N20",
        "instrument": "VIIRS",
        "confidence": "n",
        "version": "2.0NRT",
        "bright_ti5": 286.42,
        "frp": 2.3,
        "daynight": "N",
        "source_dataset": "VIIRS_NOAA20_NRT",
        "acq_datetime_utc": "2026-09-25T02:49:00Z",
        "age_hours": 18.7,
        "confidence_label": "nominal",
        "popup_label": "<strong>NASA FIRMS<\/strong><br>Sensor: VIIRS_NOAA20_NRT<br>Fecha UTC: 2026-09-25T02:49:00Z<br>Confianza: nominal<br>FRP: 2.3 MW"
      }
    },
    {
      "type": "Feature",
      "geometry": {
        "type": "Point",
        "coordinates": [-7.8683, 41.1393]
      },
      "properties": {
        "bright_ti4": 345.89,
        "scan": 0.47,
        "track": 0.39,
        "acq_date": "2026-09-25",
        "acq_time": "0249",
        "satellite": "N20",
        "instrument": "VIIRS",
        "confidence": "n",
        "version": "2.0NRT",
        "bright_ti5": 302.87,
        "frp": 26.35,
        "daynight": "N",
        "source_dataset": "VIIRS_NOAA20_NRT",
        "acq_datetime_utc": "2026-09-25T02:49:00Z",
        "age_hours": 18.7,
        "confidence_label": "nominal",
        "popup_label": "<strong>NASA FIRMS<\/strong><br>Sensor: VIIRS_NOAA20_NRT<br>Fecha UTC: 2026-09-25T02:49:00Z<br>Confianza: nominal<br>FRP: 26.35 MW"
      }
    },
    {
      "type": "Feature",
      "geometry": {
        "type": "Point",
        "coordinates": [-7.8617, 41.1417]
      },
      "properties": {
        "bright_ti4": 297.13,
        "scan": 0.47,
        "track": 0.39,
        "acq_date": "2026-09-25",
        "acq_time": "0249",
        "satellite": "N20",
        "instrument": "VIIRS",
        "confidence": "n",
        "version": "2.0NRT",
        "bright_ti5": 286.9,
        "frp": 4.39,
        "daynight": "N",
        "source_dataset": "VIIRS_NOAA20_NRT",
        "acq_datetime_utc": "2026-09-25T02:49:00Z",
        "age_hours": 18.7,
        "confidence_label": "nominal",
        "popup_label": "<strong>NASA FIRMS<\/strong><br>Sensor: VIIRS_NOAA20_NRT<br>Fecha UTC: 2026-09-25T02:49:00Z<br>Confianza: nominal<br>FRP: 4.39 MW"
      }
    },
    {
      "type": "Feature",
      "geometry": {
        "type": "Point",
        "coordinates": [-7.8669, 41.1427]
      },
      "properties": {
        "bright_ti4": 334.44,
        "scan": 0.47,
        "track": 0.39,
        "acq_date": "2026-09-25",
        "acq_time": "0249",
        "satellite": "N20",
        "instrument": "VIIRS",
        "confidence": "n",
        "version": "2.0NRT",
        "bright_ti5": 292.59,
        "frp": 11.08,
        "daynight": "N",
        "source_dataset": "VIIRS_NOAA20_NRT",
        "acq_datetime_utc": "2026-09-25T02:49:00Z",
        "age_hours": 18.7,
        "confidence_label": "nominal",
        "popup_label": "<strong>NASA FIRMS<\/strong><br>Sensor: VIIRS_NOAA20_NRT<br>Fecha UTC: 2026-09-25T02:49:00Z<br>Confianza: nominal<br>FRP: 11.08 MW"
      }
    },
    {
      "type": "Feature",
      "geometry": {
        "type": "Point",
        "coordinates": [-7.288, 41.6962]
      },
      "properties": {
        "bright_ti4": 336.61,
        "scan": 0.48,
        "track": 0.4,
        "acq_date": "2026-09-25",
        "acq_time": "0249",
        "satellite": "N20",
        "instrument": "VIIRS",
        "confidence": "n",
        "version": "2.0NRT",
        "bright_ti5": 290.73,
        "frp": 5.9,
        "daynight": "N",
        "source_dataset": "VIIRS_NOAA20_NRT",
        "acq_datetime_utc": "2026-09-25T02:49:00Z",
        "age_hours": 18.7,
        "confidence_label": "nominal",
        "popup_label": "<strong>NASA FIRMS<\/strong><br>Sensor: VIIRS_NOAA20_NRT<br>Fecha UTC: 2026-09-25T02:49:00Z<br>Confianza: nominal<br>FRP: 5.9 MW"
      }
    },
    {
      "type": "Feature",
      "geometry": {
        "type": "Point",
        "coordinates": [-7.2869, 41.6998]
      },
      "properties": {
        "bright_ti4": 308.02,
        "scan": 0.48,
        "track": 0.4,
        "acq_date": "2026-09-25",
        "acq_time": "0249",
        "satellite": "N20",
        "instrument": "VIIRS",
        "confidence": "n",
        "version": "2.0NRT",
        "bright_ti5": 288.58,
        "frp": 1.66,
        "daynight": "N",
        "source_dataset": "VIIRS_NOAA20_NRT",
        "acq_datetime_utc": "2026-09-25T02:49:00Z",
        "age_hours": 18.7,
        "confidence_label": "nominal",
        "popup_label": "<strong>NASA FIRMS<\/strong><br>Sensor: VIIRS_NOAA20_NRT<br>Fecha UTC: 2026-09-25T02:49:00Z<br>Confianza: nominal<br>FRP: 1.66 MW"
      }
    },
    {
      "type": "Feature",
      "geometry": {
        "type": "Point",
        "coordinates": [-7.8537, 41.9187]
      },
      "properties": {
        "bright_ti4": 295.2,
        "scan": 0.45,
        "track": 0.39,
        "acq_date": "2026-09-25",
        "acq_time": "0249",
        "satellite": "N20",
        "instrument": "VIIRS",
        "confidence": "n",
        "version": "2.0NRT",
        "bright_ti5": 285.04,
        "frp": 1.34,
        "daynight": "N",
        "source_dataset": "VIIRS_NOAA20_NRT",
        "acq_datetime_utc": "2026-09-25T02:49:00Z",
        "age_hours": 18.7,
        "confidence_label": "nominal",
        "popup_label": "<strong>NASA FIRMS<\/strong><br>Sensor: VIIRS_NOAA20_NRT<br>Fecha UTC: 2026-09-25T02:49:00Z<br>Confianza: nominal<br>FRP: 1.34 MW"
      }
    },
    {
      "type": "Feature",
      "geometry": {
        "type": "Point",
        "coordinates": [-7.8527, 41.9222]
      },
      "properties": {
        "bright_ti4": 299.24,
        "scan": 0.45,
        "track": 0.39,
        "acq_date": "2026-09-25",
        "acq_time": "0249",
        "satellite": "N20",
        "instrument": "VIIRS",
        "confidence": "n",
        "version": "2.0NRT",
        "bright_ti5": 285.93,
        "frp": 2.62,
        "daynight": "N",
        "source_dataset": "VIIRS_NOAA20_NRT",
        "acq_datetime_utc": "2026-09-25T02:49:00Z",
        "age_hours": 18.7,
        "confidence_label": "nominal",
        "popup_label": "<strong>NASA FIRMS<\/strong><br>Sensor: VIIRS_NOAA20_NRT<br>Fecha UTC: 2026-09-25T02:49:00Z<br>Confianza: nominal<br>FRP: 2.62 MW"
      }
    },
    {
      "type": "Feature",
      "geometry": {
        "type": "Point",
        "coordinates": [-7.8351, 41.9225]
      },
      "properties": {
        "bright_ti4": 298.48,
        "scan": 0.46,
        "track": 0.39,
        "acq_date": "2026-09-25",
        "acq_time": "0249",
        "satellite": "N20",
        "instrument": "VIIRS",
        "confidence": "n",
        "version": "2.0NRT",
        "bright_ti5": 280.1,
        "frp": 1.4,
        "daynight": "N",
        "source_dataset": "VIIRS_NOAA20_NRT",
        "acq_datetime_utc": "2026-09-25T02:49:00Z",
        "age_hours": 18.7,
        "confidence_label": "nominal",
        "popup_label": "<strong>NASA FIRMS<\/strong><br>Sensor: VIIRS_NOAA20_NRT<br>Fecha UTC: 2026-09-25T02:49:00Z<br>Confianza: nominal<br>FRP: 1.4 MW"
      }
    },
    {
      "type": "Feature",
      "geometry": {
        "type": "Point",
        "coordinates": [0.1767, 41.9226]
      },
      "properties": {
        "bright_ti4": 342.83,
        "scan": 0.35,
        "track": 0.57,
        "acq_date": "2026-09-25",
        "acq_time": "0249",
        "satellite": "N20",
        "instrument": "VIIRS",
        "confidence": "n",
        "version": "2.0NRT",
        "bright_ti5": 289.74,
        "frp": 3.45,
        "daynight": "N",
        "source_dataset": "VIIRS_NOAA20_NRT",
        "acq_datetime_utc": "2026-09-25T02:49:00Z",
        "age_hours": 18.7,
        "confidence_label": "nominal",
        "popup_label": "<strong>NASA FIRMS<\/strong><br>Sensor: VIIRS_NOAA20_NRT<br>Fecha UTC: 2026-09-25T02:49:00Z<br>Confianza: nominal<br>FRP: 3.45 MW"
      }
    },
    {
      "type": "Feature",
      "geometry": {
        "type": "Point",
        "coordinates": [-7.8285, 41.925]
      },
      "properties": {
        "bright_ti4": 328.23,
        "scan": 0.46,
        "track": 0.39,
        "acq_date": "2026-09-25",
        "acq_time": "0249",
        "satellite": "N20",
        "instrument": "VIIRS",
        "confidence": "n",
        "version": "2.0NRT",
        "bright_ti5": 280.76,
        "frp": 2.44,
        "daynight": "N",
        "source_dataset": "VIIRS_NOAA20_NRT",
        "acq_datetime_utc": "2026-09-25T02:49:00Z",
        "age_hours": 18.7,
        "confidence_label": "nominal",
        "popup_label": "<strong>NASA FIRMS<\/strong><br>Sensor: VIIRS_NOAA20_NRT<br>Fecha UTC: 2026-09-25T02:49:00Z<br>Confianza: nominal<br>FRP: 2.44 MW"
      }
    },
    {
      "type": "Feature",
      "geometry": {
        "type": "Point",
        "coordinates": [-7.8341, 41.926]
      },
      "properties": {
        "bright_ti4": 304.51,
        "scan": 0.46,
        "track": 0.39,
        "acq_date": "2026-09-25",
        "acq_time": "0249",
        "satellite": "N20",
        "instrument": "VIIRS",
        "confidence": "n",
        "version": "2.0NRT",
        "bright_ti5": 283.77,
        "frp": 2.24,
        "daynight": "N",
        "source_dataset": "VIIRS_NOAA20_NRT",
        "acq_datetime_utc": "2026-09-25T02:49:00Z",
        "age_hours": 18.7,
        "confidence_label": "nominal",
        "popup_label": "<strong>NASA FIRMS<\/strong><br>Sensor: VIIRS_NOAA20_NRT<br>Fecha UTC: 2026-09-25T02:49:00Z<br>Confianza: nominal<br>FRP: 2.24 MW"
      }
    },
    {
      "type": "Feature",
      "geometry": {
        "type": "Point",
        "coordinates": [-7.8274, 41.9285]
      },
      "properties": {
        "bright_ti4": 309.1,
        "scan": 0.46,
        "track": 0.39,
        "acq_date": "2026-09-25",
        "acq_time": "0249",
        "satellite": "N20",
        "instrument": "VIIRS",
        "confidence": "n",
        "version": "2.0NRT",
        "bright_ti5": 285.1,
        "frp": 2.44,
        "daynight": "N",
        "source_dataset": "VIIRS_NOAA20_NRT",
        "acq_datetime_utc": "2026-09-25T02:49:00Z",
        "age_hours": 18.7,
        "confidence_label": "nominal",
        "popup_label": "<strong>NASA FIRMS<\/strong><br>Sensor: VIIRS_NOAA20_NRT<br>Fecha UTC: 2026-09-25T02:49:00Z<br>Confianza: nominal<br>FRP: 2.44 MW"
      }
    },
    {
      "type": "Feature",
      "geometry": {
        "type": "Point",
        "coordinates": [-7.8331, 41.9296]
      },
      "properties": {
        "bright_ti4": 300.05,
        "scan": 0.46,
        "track": 0.39,
        "acq_date": "2026-09-25",
        "acq_time": "0249",
        "satellite": "N20",
        "instrument": "VIIRS",
        "confidence": "n",
        "version": "2.0NRT",
        "bright_ti5": 287.05,
        "frp": 2.24,
        "daynight": "N",
        "source_dataset": "VIIRS_NOAA20_NRT",
        "acq_datetime_utc": "2026-09-25T02:49:00Z",
        "age_hours": 18.7,
        "confidence_label": "nominal",
        "popup_label": "<strong>NASA FIRMS<\/strong><br>Sensor: VIIRS_NOAA20_NRT<br>Fecha UTC: 2026-09-25T02:49:00Z<br>Confianza: nominal<br>FRP: 2.24 MW"
      }
    },
    {
      "type": "Feature",
      "geometry": {
        "type": "Point",
        "coordinates": [-7.8558, 41.9303]
      },
      "properties": {
        "bright_ti4": 301.37,
        "scan": 0.45,
        "track": 0.39,
        "acq_date": "2026-09-25",
        "acq_time": "0249",
        "satellite": "N20",
        "instrument": "VIIRS",
        "confidence": "n",
        "version": "2.0NRT",
        "bright_ti5": 287.01,
        "frp": 2.45,
        "daynight": "N",
        "source_dataset": "VIIRS_NOAA20_NRT",
        "acq_datetime_utc": "2026-09-25T02:49:00Z",
        "age_hours": 18.7,
        "confidence_label": "nominal",
        "popup_label": "<strong>NASA FIRMS<\/strong><br>Sensor: VIIRS_NOAA20_NRT<br>Fecha UTC: 2026-09-25T02:49:00Z<br>Confianza: nominal<br>FRP: 2.45 MW"
      }
    },
    {
      "type": "Feature",
      "geometry": {
        "type": "Point",
        "coordinates": [-7.8442, 41.9317]
      },
      "properties": {
        "bright_ti4": 300.36,
        "scan": 0.46,
        "track": 0.39,
        "acq_date": "2026-09-25",
        "acq_time": "0249",
        "satellite": "N20",
        "instrument": "VIIRS",
        "confidence": "n",
        "version": "2.0NRT",
        "bright_ti5": 286.12,
        "frp": 2.39,
        "daynight": "N",
        "source_dataset": "VIIRS_NOAA20_NRT",
        "acq_datetime_utc": "2026-09-25T02:49:00Z",
        "age_hours": 18.7,
        "confidence_label": "nominal",
        "popup_label": "<strong>NASA FIRMS<\/strong><br>Sensor: VIIRS_NOAA20_NRT<br>Fecha UTC: 2026-09-25T02:49:00Z<br>Confianza: nominal<br>FRP: 2.39 MW"
      }
    },
    {
      "type": "Feature",
      "geometry": {
        "type": "Point",
        "coordinates": [-7.8495, 41.9327]
      },
      "properties": {
        "bright_ti4": 308.4,
        "scan": 0.45,
        "track": 0.39,
        "acq_date": "2026-09-25",
        "acq_time": "0249",
        "satellite": "N20",
        "instrument": "VIIRS",
        "confidence": "n",
        "version": "2.0NRT",
        "bright_ti5": 292.22,
        "frp": 2.39,
        "daynight": "N",
        "source_dataset": "VIIRS_NOAA20_NRT",
        "acq_datetime_utc": "2026-09-25T02:49:00Z",
        "age_hours": 18.7,
        "confidence_label": "nominal",
        "popup_label": "<strong>NASA FIRMS<\/strong><br>Sensor: VIIRS_NOAA20_NRT<br>Fecha UTC: 2026-09-25T02:49:00Z<br>Confianza: nominal<br>FRP: 2.39 MW"
      }
    },
    {
      "type": "Feature",
      "geometry": {
        "type": "Point",
        "coordinates": [-7.8546, 41.9338]
      },
      "properties": {
        "bright_ti4": 328.86,
        "scan": 0.45,
        "track": 0.39,
        "acq_date": "2026-09-25",
        "acq_time": "0249",
        "satellite": "N20",
        "instrument": "VIIRS",
        "confidence": "n",
        "version": "2.0NRT",
        "bright_ti5": 295.76,
        "frp": 2.45,
        "daynight": "N",
        "source_dataset": "VIIRS_NOAA20_NRT",
        "acq_datetime_utc": "2026-09-25T02:49:00Z",
        "age_hours": 18.7,
        "confidence_label": "nominal",
        "popup_label": "<strong>NASA FIRMS<\/strong><br>Sensor: VIIRS_NOAA20_NRT<br>Fecha UTC: 2026-09-25T02:49:00Z<br>Confianza: nominal<br>FRP: 2.45 MW"
      }
    },
    {
      "type": "Feature",
      "geometry": {
        "type": "Point",
        "coordinates": [-7.8482, 41.9362]
      },
      "properties": {
        "bright_ti4": 314.14,
        "scan": 0.45,
        "track": 0.39,
        "acq_date": "2026-09-25",
        "acq_time": "0249",
        "satellite": "N20",
        "instrument": "VIIRS",
        "confidence": "n",
        "version": "2.0NRT",
        "bright_ti5": 293.62,
        "frp": 2.37,
        "daynight": "N",
        "source_dataset": "VIIRS_NOAA20_NRT",
        "acq_datetime_utc": "2026-09-25T02:49:00Z",
        "age_hours": 18.7,
        "confidence_label": "nominal",
        "popup_label": "<strong>NASA FIRMS<\/strong><br>Sensor: VIIRS_NOAA20_NRT<br>Fecha UTC: 2026-09-25T02:49:00Z<br>Confianza: nominal<br>FRP: 2.37 MW"
      }
    },
    {
      "type": "Feature",
      "geometry": {
        "type": "Point",
        "coordinates": [-7.8533, 41.9372]
      },
      "properties": {
        "bright_ti4": 314.34,
        "scan": 0.45,
        "track": 0.39,
        "acq_date": "2026-09-25",
        "acq_time": "0249",
        "satellite": "N20",
        "instrument": "VIIRS",
        "confidence": "n",
        "version": "2.0NRT",
        "bright_ti5": 290.79,
        "frp": 2.25,
        "daynight": "N",
        "source_dataset": "VIIRS_NOAA20_NRT",
        "acq_datetime_utc": "2026-09-25T02:49:00Z",
        "age_hours": 18.7,
        "confidence_label": "nominal",
        "popup_label": "<strong>NASA FIRMS<\/strong><br>Sensor: VIIRS_NOAA20_NRT<br>Fecha UTC: 2026-09-25T02:49:00Z<br>Confianza: nominal<br>FRP: 2.25 MW"
      }
    },
    {
      "type": "Feature",
      "geometry": {
        "type": "Point",
        "coordinates": [-7.8417, 41.9387]
      },
      "properties": {
        "bright_ti4": 308.12,
        "scan": 0.46,
        "track": 0.39,
        "acq_date": "2026-09-25",
        "acq_time": "0249",
        "satellite": "N20",
        "instrument": "VIIRS",
        "confidence": "n",
        "version": "2.0NRT",
        "bright_ti5": 289.77,
        "frp": 2.37,
        "daynight": "N",
        "source_dataset": "VIIRS_NOAA20_NRT",
        "acq_datetime_utc": "2026-09-25T02:49:00Z",
        "age_hours": 18.7,
        "confidence_label": "nominal",
        "popup_label": "<strong>NASA FIRMS<\/strong><br>Sensor: VIIRS_NOAA20_NRT<br>Fecha UTC: 2026-09-25T02:49:00Z<br>Confianza: nominal<br>FRP: 2.37 MW"
      }
    },
    {
      "type": "Feature",
      "geometry": {
        "type": "Point",
        "coordinates": [-7.167, 42.2493]
      },
      "properties": {
        "bright_ti4": 328.06,
        "scan": 0.48,
        "track": 0.4,
        "acq_date": "2026-09-25",
        "acq_time": "0249",
        "satellite": "N20",
        "instrument": "VIIRS",
        "confidence": "n",
        "version": "2.0NRT",
        "bright_ti5": 284.96,
        "frp": 3.52,
        "daynight": "N",
        "source_dataset": "VIIRS_NOAA20_NRT",
        "acq_datetime_utc": "2026-09-25T02:49:00Z",
        "age_hours": 18.7,
        "confidence_label": "nominal",
        "popup_label": "<strong>NASA FIRMS<\/strong><br>Sensor: VIIRS_NOAA20_NRT<br>Fecha UTC: 2026-09-25T02:49:00Z<br>Confianza: nominal<br>FRP: 3.52 MW"
      }
    },
    {
      "type": "Feature",
      "geometry": {
        "type": "Point",
        "coordinates": [-7.1656, 42.2529]
      },
      "properties": {
        "bright_ti4": 331.25,
        "scan": 0.48,
        "track": 0.4,
        "acq_date": "2026-09-25",
        "acq_time": "0249",
        "satellite": "N20",
        "instrument": "VIIRS",
        "confidence": "n",
        "version": "2.0NRT",
        "bright_ti5": 291.93,
        "frp": 13.02,
        "daynight": "N",
        "source_dataset": "VIIRS_NOAA20_NRT",
        "acq_datetime_utc": "2026-09-25T02:49:00Z",
        "age_hours": 18.7,
        "confidence_label": "nominal",
        "popup_label": "<strong>NASA FIRMS<\/strong><br>Sensor: VIIRS_NOAA20_NRT<br>Fecha UTC: 2026-09-25T02:49:00Z<br>Confianza: nominal<br>FRP: 13.02 MW"
      }
    },
    {
      "type": "Feature",
      "geometry": {
        "type": "Point",
        "coordinates": [-7.1718, 42.2541]
      },
      "properties": {
        "bright_ti4": 299.34,
        "scan": 0.48,
        "track": 0.4,
        "acq_date": "2026-09-25",
        "acq_time": "0249",
        "satellite": "N20",
        "instrument": "VIIRS",
        "confidence": "n",
        "version": "2.0NRT",
        "bright_ti5": 284.11,
        "frp": 4.95,
        "daynight": "N",
        "source_dataset": "VIIRS_NOAA20_NRT",
        "acq_datetime_utc": "2026-09-25T02:49:00Z",
        "age_hours": 18.7,
        "confidence_label": "nominal",
        "popup_label": "<strong>NASA FIRMS<\/strong><br>Sensor: VIIRS_NOAA20_NRT<br>Fecha UTC: 2026-09-25T02:49:00Z<br>Confianza: nominal<br>FRP: 4.95 MW"
      }
    },
    {
      "type": "Feature",
      "geometry": {
        "type": "Point",
        "coordinates": [-6.7693, 42.5517]
      },
      "properties": {
        "bright_ti4": 297.41,
        "scan": 0.49,
        "track": 0.4,
        "acq_date": "2026-09-25",
        "acq_time": "0249",
        "satellite": "N20",
        "instrument": "VIIRS",
        "confidence": "n",
        "version": "2.0NRT",
        "bright_ti5": 283.89,
        "frp": 0.57,
        "daynight": "N",
        "source_dataset": "VIIRS_NOAA20_NRT",
        "acq_datetime_utc": "2026-09-25T02:49:00Z",
        "age_hours": 18.7,
        "confidence_label": "nominal",
        "popup_label": "<strong>NASA FIRMS<\/strong><br>Sensor: VIIRS_NOAA20_NRT<br>Fecha UTC: 2026-09-25T02:49:00Z<br>Confianza: nominal<br>FRP: 0.57 MW"
      }
    },
    {
      "type": "Feature",
      "geometry": {
        "type": "Point",
        "coordinates": [-5.564, 43.0281]
      },
      "properties": {
        "bright_ti4": 308.5,
        "scan": 0.53,
        "track": 0.42,
        "acq_date": "2026-09-25",
        "acq_time": "0249",
        "satellite": "N20",
        "instrument": "VIIRS",
        "confidence": "n",
        "version": "2.0NRT",
        "bright_ti5": 285.11,
        "frp": 1.62,
        "daynight": "N",
        "source_dataset": "VIIRS_NOAA20_NRT",
        "acq_datetime_utc": "2026-09-25T02:49:00Z",
        "age_hours": 18.7,
        "confidence_label": "nominal",
        "popup_label": "<strong>NASA FIRMS<\/strong><br>Sensor: VIIRS_NOAA20_NRT<br>Fecha UTC: 2026-09-25T02:49:00Z<br>Confianza: nominal<br>FRP: 1.62 MW"
      }
    },
    {
      "type": "Feature",
      "geometry": {
        "type": "Point",
        "coordinates": [-5.5617, 43.0316]
      },
      "properties": {
        "bright_ti4": 308.58,
        "scan": 0.53,
        "track": 0.42,
        "acq_date": "2026-09-25",
        "acq_time": "0249",
        "satellite": "N20",
        "instrument": "VIIRS",
        "confidence": "n",
        "version": "2.0NRT",
        "bright_ti5": 287.28,
        "frp": 1.62,
        "daynight": "N",
        "source_dataset": "VIIRS_NOAA20_NRT",
        "acq_datetime_utc": "2026-09-25T02:49:00Z",
        "age_hours": 18.7,
        "confidence_label": "nominal",
        "popup_label": "<strong>NASA FIRMS<\/strong><br>Sensor: VIIRS_NOAA20_NRT<br>Fecha UTC: 2026-09-25T02:49:00Z<br>Confianza: nominal<br>FRP: 1.62 MW"
      }
    },
    {
      "type": "Feature",
      "geometry": {
        "type": "Point",
        "coordinates": [-4.5924, 43.3096]
      },
      "properties": {
        "bright_ti4": 320.44,
        "scan": 0.38,
        "track": 0.43,
        "acq_date": "2026-09-25",
        "acq_time": "0249",
        "satellite": "N20",
        "instrument": "VIIRS",
        "confidence": "n",
        "version": "2.0NRT",
        "bright_ti5": 287.18,
        "frp": 1.6,
        "daynight": "N",
        "source_dataset": "VIIRS_NOAA20_NRT",
        "acq_datetime_utc": "2026-09-25T02:49:00Z",
        "age_hours": 18.7,
        "confidence_label": "nominal",
        "popup_label": "<strong>NASA FIRMS<\/strong><br>Sensor: VIIRS_NOAA20_NRT<br>Fecha UTC: 2026-09-25T02:49:00Z<br>Confianza: nominal<br>FRP: 1.6 MW"
      }
    },
    {
      "type": "Feature",
      "geometry": {
        "type": "Point",
        "coordinates": [-4.5969, 43.3105]
      },
      "properties": {
        "bright_ti4": 296.89,
        "scan": 0.38,
        "track": 0.43,
        "acq_date": "2026-09-25",
        "acq_time": "0249",
        "satellite": "N20",
        "instrument": "VIIRS",
        "confidence": "n",
        "version": "2.0NRT",
        "bright_ti5": 286.56,
        "frp": 1,
        "daynight": "N",
        "source_dataset": "VIIRS_NOAA20_NRT",
        "acq_datetime_utc": "2026-09-25T02:49:00Z",
        "age_hours": 18.7,
        "confidence_label": "nominal",
        "popup_label": "<strong>NASA FIRMS<\/strong><br>Sensor: VIIRS_NOAA20_NRT<br>Fecha UTC: 2026-09-25T02:49:00Z<br>Confianza: nominal<br>FRP: 1 MW"
      }
    },
    {
      "type": "Feature",
      "geometry": {
        "type": "Point",
        "coordinates": [-5.7297, 43.5242]
      },
      "properties": {
        "bright_ti4": 322.25,
        "scan": 0.51,
        "track": 0.41,
        "acq_date": "2026-09-25",
        "acq_time": "0249",
        "satellite": "N20",
        "instrument": "VIIRS",
        "confidence": "n",
        "version": "2.0NRT",
        "bright_ti5": 290.33,
        "frp": 3.23,
        "daynight": "N",
        "source_dataset": "VIIRS_NOAA20_NRT",
        "acq_datetime_utc": "2026-09-25T02:49:00Z",
        "age_hours": 18.7,
        "confidence_label": "nominal",
        "popup_label": "<strong>NASA FIRMS<\/strong><br>Sensor: VIIRS_NOAA20_NRT<br>Fecha UTC: 2026-09-25T02:49:00Z<br>Confianza: nominal<br>FRP: 3.23 MW"
      }
    },
    {
      "type": "Feature",
      "geometry": {
        "type": "Point",
        "coordinates": [-5.7302, 43.5243]
      },
      "properties": {
        "bright_ti4": 327.19,
        "scan": 0.51,
        "track": 0.41,
        "acq_date": "2026-09-25",
        "acq_time": "0249",
        "satellite": "N20",
        "instrument": "VIIRS",
        "confidence": "n",
        "version": "2.0NRT",
        "bright_ti5": 290.5,
        "frp": 2.09,
        "daynight": "N",
        "source_dataset": "VIIRS_NOAA20_NRT",
        "acq_datetime_utc": "2026-09-25T02:49:00Z",
        "age_hours": 18.7,
        "confidence_label": "nominal",
        "popup_label": "<strong>NASA FIRMS<\/strong><br>Sensor: VIIRS_NOAA20_NRT<br>Fecha UTC: 2026-09-25T02:49:00Z<br>Confianza: nominal<br>FRP: 2.09 MW"
      }
    },
    {
      "type": "Feature",
      "geometry": {
        "type": "Point",
        "coordinates": [-5.7359, 43.5255]
      },
      "properties": {
        "bright_ti4": 329.91,
        "scan": 0.51,
        "track": 0.41,
        "acq_date": "2026-09-25",
        "acq_time": "0249",
        "satellite": "N20",
        "instrument": "VIIRS",
        "confidence": "n",
        "version": "2.0NRT",
        "bright_ti5": 291.01,
        "frp": 3.23,
        "daynight": "N",
        "source_dataset": "VIIRS_NOAA20_NRT",
        "acq_datetime_utc": "2026-09-25T02:49:00Z",
        "age_hours": 18.7,
        "confidence_label": "nominal",
        "popup_label": "<strong>NASA FIRMS<\/strong><br>Sensor: VIIRS_NOAA20_NRT<br>Fecha UTC: 2026-09-25T02:49:00Z<br>Confianza: nominal<br>FRP: 3.23 MW"
      }
    },
    {
      "type": "Feature",
      "geometry": {
        "type": "Point",
        "coordinates": [-5.7364, 43.5256]
      },
      "properties": {
        "bright_ti4": 334.78,
        "scan": 0.51,
        "track": 0.41,
        "acq_date": "2026-09-25",
        "acq_time": "0249",
        "satellite": "N20",
        "instrument": "VIIRS",
        "confidence": "n",
        "version": "2.0NRT",
        "bright_ti5": 290.61,
        "frp": 2.99,
        "daynight": "N",
        "source_dataset": "VIIRS_NOAA20_NRT",
        "acq_datetime_utc": "2026-09-25T02:49:00Z",
        "age_hours": 18.7,
        "confidence_label": "nominal",
        "popup_label": "<strong>NASA FIRMS<\/strong><br>Sensor: VIIRS_NOAA20_NRT<br>Fecha UTC: 2026-09-25T02:49:00Z<br>Confianza: nominal<br>FRP: 2.99 MW"
      }
    },
    {
      "type": "Feature",
      "geometry": {
        "type": "Point",
        "coordinates": [-5.7287, 43.5279]
      },
      "properties": {
        "bright_ti4": 303.29,
        "scan": 0.51,
        "track": 0.41,
        "acq_date": "2026-09-25",
        "acq_time": "0249",
        "satellite": "N20",
        "instrument": "VIIRS",
        "confidence": "n",
        "version": "2.0NRT",
        "bright_ti5": 290.46,
        "frp": 2.09,
        "daynight": "N",
        "source_dataset": "VIIRS_NOAA20_NRT",
        "acq_datetime_utc": "2026-09-25T02:49:00Z",
        "age_hours": 18.7,
        "confidence_label": "nominal",
        "popup_label": "<strong>NASA FIRMS<\/strong><br>Sensor: VIIRS_NOAA20_NRT<br>Fecha UTC: 2026-09-25T02:49:00Z<br>Confianza: nominal<br>FRP: 2.09 MW"
      }
    },
    {
      "type": "Feature",
      "geometry": {
        "type": "Point",
        "coordinates": [-5.7345, 43.5292]
      },
      "properties": {
        "bright_ti4": 301.91,
        "scan": 0.51,
        "track": 0.41,
        "acq_date": "2026-09-25",
        "acq_time": "0249",
        "satellite": "N20",
        "instrument": "VIIRS",
        "confidence": "n",
        "version": "2.0NRT",
        "bright_ti5": 288.28,
        "frp": 3.23,
        "daynight": "N",
        "source_dataset": "VIIRS_NOAA20_NRT",
        "acq_datetime_utc": "2026-09-25T02:49:00Z",
        "age_hours": 18.7,
        "confidence_label": "nominal",
        "popup_label": "<strong>NASA FIRMS<\/strong><br>Sensor: VIIRS_NOAA20_NRT<br>Fecha UTC: 2026-09-25T02:49:00Z<br>Confianza: nominal<br>FRP: 3.23 MW"
      }
    },
    {
      "type": "Feature",
      "geometry": {
        "type": "Point",
        "coordinates": [-5.735, 43.5292]
      },
      "properties": {
        "bright_ti4": 299.37,
        "scan": 0.51,
        "track": 0.41,
        "acq_date": "2026-09-25",
        "acq_time": "0249",
        "satellite": "N20",
        "instrument": "VIIRS",
        "confidence": "n",
        "version": "2.0NRT",
        "bright_ti5": 288.02,
        "frp": 2.99,
        "daynight": "N",
        "source_dataset": "VIIRS_NOAA20_NRT",
        "acq_datetime_utc": "2026-09-25T02:49:00Z",
        "age_hours": 18.7,
        "confidence_label": "nominal",
        "popup_label": "<strong>NASA FIRMS<\/strong><br>Sensor: VIIRS_NOAA20_NRT<br>Fecha UTC: 2026-09-25T02:49:00Z<br>Confianza: nominal<br>FRP: 2.99 MW"
      }
    },
    {
      "type": "Feature",
      "geometry": {
        "type": "Point",
        "coordinates": [-5.835, 43.5426]
      },
      "properties": {
        "bright_ti4": 300.7,
        "scan": 0.51,
        "track": 0.41,
        "acq_date": "2026-09-25",
        "acq_time": "0249",
        "satellite": "N20",
        "instrument": "VIIRS",
        "confidence": "n",
        "version": "2.0NRT",
        "bright_ti5": 289.14,
        "frp": 1.44,
        "daynight": "N",
        "source_dataset": "VIIRS_NOAA20_NRT",
        "acq_datetime_utc": "2026-09-25T02:49:00Z",
        "age_hours": 18.7,
        "confidence_label": "nominal",
        "popup_label": "<strong>NASA FIRMS<\/strong><br>Sensor: VIIRS_NOAA20_NRT<br>Fecha UTC: 2026-09-25T02:49:00Z<br>Confianza: nominal<br>FRP: 1.44 MW"
      }
    },
    {
      "type": "Feature",
      "geometry": {
        "type": "Point",
        "coordinates": [-5.8419, 43.5434]
      },
      "properties": {
        "bright_ti4": 301.65,
        "scan": 0.51,
        "track": 0.41,
        "acq_date": "2026-09-25",
        "acq_time": "0249",
        "satellite": "N20",
        "instrument": "VIIRS",
        "confidence": "n",
        "version": "2.0NRT",
        "bright_ti5": 288.18,
        "frp": 1.46,
        "daynight": "N",
        "source_dataset": "VIIRS_NOAA20_NRT",
        "acq_datetime_utc": "2026-09-25T02:49:00Z",
        "age_hours": 18.7,
        "confidence_label": "nominal",
        "popup_label": "<strong>NASA FIRMS<\/strong><br>Sensor: VIIRS_NOAA20_NRT<br>Fecha UTC: 2026-09-25T02:49:00Z<br>Confianza: nominal<br>FRP: 1.46 MW"
      }
    },
    {
      "type": "Feature",
      "geometry": {
        "type": "Point",
        "coordinates": [-5.8411, 43.5439]
      },
      "properties": {
        "bright_ti4": 300.48,
        "scan": 0.51,
        "track": 0.41,
        "acq_date": "2026-09-25",
        "acq_time": "0249",
        "satellite": "N20",
        "instrument": "VIIRS",
        "confidence": "n",
        "version": "2.0NRT",
        "bright_ti5": 288.26,
        "frp": 0.74,
        "daynight": "N",
        "source_dataset": "VIIRS_NOAA20_NRT",
        "acq_datetime_utc": "2026-09-25T02:49:00Z",
        "age_hours": 18.7,
        "confidence_label": "nominal",
        "popup_label": "<strong>NASA FIRMS<\/strong><br>Sensor: VIIRS_NOAA20_NRT<br>Fecha UTC: 2026-09-25T02:49:00Z<br>Confianza: nominal<br>FRP: 0.74 MW"
      }
    },
    {
      "type": "Feature",
      "geometry": {
        "type": "Point",
        "coordinates": [-5.8571, 43.5545]
      },
      "properties": {
        "bright_ti4": 310.47,
        "scan": 0.51,
        "track": 0.41,
        "acq_date": "2026-09-25",
        "acq_time": "0249",
        "satellite": "N20",
        "instrument": "VIIRS",
        "confidence": "n",
        "version": "2.0NRT",
        "bright_ti5": 289.59,
        "frp": 1.78,
        "daynight": "N",
        "source_dataset": "VIIRS_NOAA20_NRT",
        "acq_datetime_utc": "2026-09-25T02:49:00Z",
        "age_hours": 18.7,
        "confidence_label": "nominal",
        "popup_label": "<strong>NASA FIRMS<\/strong><br>Sensor: VIIRS_NOAA20_NRT<br>Fecha UTC: 2026-09-25T02:49:00Z<br>Confianza: nominal<br>FRP: 1.78 MW"
      }
    },
    {
      "type": "Feature",
      "geometry": {
        "type": "Point",
        "coordinates": [-5.8563, 43.555]
      },
      "properties": {
        "bright_ti4": 304.19,
        "scan": 0.51,
        "track": 0.41,
        "acq_date": "2026-09-25",
        "acq_time": "0249",
        "satellite": "N20",
        "instrument": "VIIRS",
        "confidence": "n",
        "version": "2.0NRT",
        "bright_ti5": 288.56,
        "frp": 1.33,
        "daynight": "N",
        "source_dataset": "VIIRS_NOAA20_NRT",
        "acq_datetime_utc": "2026-09-25T02:49:00Z",
        "age_hours": 18.7,
        "confidence_label": "nominal",
        "popup_label": "<strong>NASA FIRMS<\/strong><br>Sensor: VIIRS_NOAA20_NRT<br>Fecha UTC: 2026-09-25T02:49:00Z<br>Confianza: nominal<br>FRP: 1.33 MW"
      }
    },
    {
      "type": "Feature",
      "geometry": {
        "type": "Point",
        "coordinates": [-0.5204, 28.1988]
      },
      "properties": {
        "bright_ti4": 312.72,
        "scan": 0.35,
        "track": 0.56,
        "acq_date": "2026-09-25",
        "acq_time": "0113",
        "satellite": "N20",
        "instrument": "VIIRS",
        "confidence": "n",
        "version": "2.0NRT",
        "bright_ti5": 291.96,
        "frp": 1.07,
        "daynight": "N",
        "source_dataset": "VIIRS_NOAA20_NRT",
        "acq_datetime_utc": "2026-09-25T01:13:00Z",
        "age_hours": 20.3,
        "confidence_label": "nominal",
        "popup_label": "<strong>NASA FIRMS<\/strong><br>Sensor: VIIRS_NOAA20_NRT<br>Fecha UTC: 2026-09-25T01:13:00Z<br>Confianza: nominal<br>FRP: 1.07 MW"
      }
    },
    {
      "type": "Feature",
      "geometry": {
        "type": "Point",
        "coordinates": [-0.5183, 28.1994]
      },
      "properties": {
        "bright_ti4": 336.02,
        "scan": 0.35,
        "track": 0.56,
        "acq_date": "2026-09-25",
        "acq_time": "0113",
        "satellite": "N20",
        "instrument": "VIIRS",
        "confidence": "n",
        "version": "2.0NRT",
        "bright_ti5": 292.93,
        "frp": 2.56,
        "daynight": "N",
        "source_dataset": "VIIRS_NOAA20_NRT",
        "acq_datetime_utc": "2026-09-25T01:13:00Z",
        "age_hours": 20.3,
        "confidence_label": "nominal",
        "popup_label": "<strong>NASA FIRMS<\/strong><br>Sensor: VIIRS_NOAA20_NRT<br>Fecha UTC: 2026-09-25T01:13:00Z<br>Confianza: nominal<br>FRP: 2.56 MW"
      }
    },
    {
      "type": "Feature",
      "geometry": {
        "type": "Point",
        "coordinates": [-0.5198, 28.204]
      },
      "properties": {
        "bright_ti4": 303.85,
        "scan": 0.35,
        "track": 0.56,
        "acq_date": "2026-09-25",
        "acq_time": "0113",
        "satellite": "N20",
        "instrument": "VIIRS",
        "confidence": "n",
        "version": "2.0NRT",
        "bright_ti5": 291.9,
        "frp": 0.5,
        "daynight": "N",
        "source_dataset": "VIIRS_NOAA20_NRT",
        "acq_datetime_utc": "2026-09-25T01:13:00Z",
        "age_hours": 20.3,
        "confidence_label": "nominal",
        "popup_label": "<strong>NASA FIRMS<\/strong><br>Sensor: VIIRS_NOAA20_NRT<br>Fecha UTC: 2026-09-25T01:13:00Z<br>Confianza: nominal<br>FRP: 0.5 MW"
      }
    },
    {
      "type": "Feature",
      "geometry": {
        "type": "Point",
        "coordinates": [-0.1619, 28.2161]
      },
      "properties": {
        "bright_ti4": 308.15,
        "scan": 0.33,
        "track": 0.55,
        "acq_date": "2026-09-25",
        "acq_time": "0113",
        "satellite": "N20",
        "instrument": "VIIRS",
        "confidence": "n",
        "version": "2.0NRT",
        "bright_ti5": 291.29,
        "frp": 0.56,
        "daynight": "N",
        "source_dataset": "VIIRS_NOAA20_NRT",
        "acq_datetime_utc": "2026-09-25T01:13:00Z",
        "age_hours": 20.3,
        "confidence_label": "nominal",
        "popup_label": "<strong>NASA FIRMS<\/strong><br>Sensor: VIIRS_NOAA20_NRT<br>Fecha UTC: 2026-09-25T01:13:00Z<br>Confianza: nominal<br>FRP: 0.56 MW"
      }
    },
    {
      "type": "Feature",
      "geometry": {
        "type": "Point",
        "coordinates": [3.9878, 32.2752]
      },
      "properties": {
        "bright_ti4": 304.65,
        "scan": 0.42,
        "track": 0.45,
        "acq_date": "2026-09-25",
        "acq_time": "0111",
        "satellite": "N20",
        "instrument": "VIIRS",
        "confidence": "n",
        "version": "2.0NRT",
        "bright_ti5": 290.8,
        "frp": 1.51,
        "daynight": "N",
        "source_dataset": "VIIRS_NOAA20_NRT",
        "acq_datetime_utc": "2026-09-25T01:11:00Z",
        "age_hours": 20.3,
        "confidence_label": "nominal",
        "popup_label": "<strong>NASA FIRMS<\/strong><br>Sensor: VIIRS_NOAA20_NRT<br>Fecha UTC: 2026-09-25T01:11:00Z<br>Confianza: nominal<br>FRP: 1.51 MW"
      }
    },
    {
      "type": "Feature",
      "geometry": {
        "type": "Point",
        "coordinates": [3.9834, 32.2756]
      },
      "properties": {
        "bright_ti4": 314.64,
        "scan": 0.42,
        "track": 0.45,
        "acq_date": "2026-09-25",
        "acq_time": "0111",
        "satellite": "N20",
        "instrument": "VIIRS",
        "confidence": "n",
        "version": "2.0NRT",
        "bright_ti5": 290.42,
        "frp": 1.47,
        "daynight": "N",
        "source_dataset": "VIIRS_NOAA20_NRT",
        "acq_datetime_utc": "2026-09-25T01:11:00Z",
        "age_hours": 20.3,
        "confidence_label": "nominal",
        "popup_label": "<strong>NASA FIRMS<\/strong><br>Sensor: VIIRS_NOAA20_NRT<br>Fecha UTC: 2026-09-25T01:11:00Z<br>Confianza: nominal<br>FRP: 1.47 MW"
      }
    },
    {
      "type": "Feature",
      "geometry": {
        "type": "Point",
        "coordinates": [4.0042, 32.4016]
      },
      "properties": {
        "bright_ti4": 309.89,
        "scan": 0.42,
        "track": 0.45,
        "acq_date": "2026-09-25",
        "acq_time": "0111",
        "satellite": "N20",
        "instrument": "VIIRS",
        "confidence": "n",
        "version": "2.0NRT",
        "bright_ti5": 291.43,
        "frp": 1.42,
        "daynight": "N",
        "source_dataset": "VIIRS_NOAA20_NRT",
        "acq_datetime_utc": "2026-09-25T01:11:00Z",
        "age_hours": 20.3,
        "confidence_label": "nominal",
        "popup_label": "<strong>NASA FIRMS<\/strong><br>Sensor: VIIRS_NOAA20_NRT<br>Fecha UTC: 2026-09-25T01:11:00Z<br>Confianza: nominal<br>FRP: 1.42 MW"
      }
    },
    {
      "type": "Feature",
      "geometry": {
        "type": "Point",
        "coordinates": [3.1685, 32.5537]
      },
      "properties": {
        "bright_ti4": 312.64,
        "scan": 0.47,
        "track": 0.48,
        "acq_date": "2026-09-25",
        "acq_time": "0111",
        "satellite": "N20",
        "instrument": "VIIRS",
        "confidence": "n",
        "version": "2.0NRT",
        "bright_ti5": 289.57,
        "frp": 1.79,
        "daynight": "N",
        "source_dataset": "VIIRS_NOAA20_NRT",
        "acq_datetime_utc": "2026-09-25T01:11:00Z",
        "age_hours": 20.3,
        "confidence_label": "nominal",
        "popup_label": "<strong>NASA FIRMS<\/strong><br>Sensor: VIIRS_NOAA20_NRT<br>Fecha UTC: 2026-09-25T01:11:00Z<br>Confianza: nominal<br>FRP: 1.79 MW"
      }
    },
    {
      "type": "Feature",
      "geometry": {
        "type": "Point",
        "coordinates": [3.1691, 32.5581]
      },
      "properties": {
        "bright_ti4": 308.96,
        "scan": 0.47,
        "track": 0.48,
        "acq_date": "2026-09-25",
        "acq_time": "0111",
        "satellite": "N20",
        "instrument": "VIIRS",
        "confidence": "n",
        "version": "2.0NRT",
        "bright_ti5": 289.39,
        "frp": 0.81,
        "daynight": "N",
        "source_dataset": "VIIRS_NOAA20_NRT",
        "acq_datetime_utc": "2026-09-25T01:11:00Z",
        "age_hours": 20.3,
        "confidence_label": "nominal",
        "popup_label": "<strong>NASA FIRMS<\/strong><br>Sensor: VIIRS_NOAA20_NRT<br>Fecha UTC: 2026-09-25T01:11:00Z<br>Confianza: nominal<br>FRP: 0.81 MW"
      }
    },
    {
      "type": "Feature",
      "geometry": {
        "type": "Point",
        "coordinates": [3.1711, 32.7446]
      },
      "properties": {
        "bright_ti4": 300.65,
        "scan": 0.47,
        "track": 0.48,
        "acq_date": "2026-09-25",
        "acq_time": "0111",
        "satellite": "N20",
        "instrument": "VIIRS",
        "confidence": "n",
        "version": "2.0NRT",
        "bright_ti5": 289.57,
        "frp": 0.64,
        "daynight": "N",
        "source_dataset": "VIIRS_NOAA20_NRT",
        "acq_datetime_utc": "2026-09-25T01:11:00Z",
        "age_hours": 20.3,
        "confidence_label": "nominal",
        "popup_label": "<strong>NASA FIRMS<\/strong><br>Sensor: VIIRS_NOAA20_NRT<br>Fecha UTC: 2026-09-25T01:11:00Z<br>Confianza: nominal<br>FRP: 0.64 MW"
      }
    },
    {
      "type": "Feature",
      "geometry": {
        "type": "Point",
        "coordinates": [3.1818, 32.748]
      },
      "properties": {
        "bright_ti4": 331.48,
        "scan": 0.47,
        "track": 0.48,
        "acq_date": "2026-09-25",
        "acq_time": "0111",
        "satellite": "N20",
        "instrument": "VIIRS",
        "confidence": "n",
        "version": "2.0NRT",
        "bright_ti5": 290.17,
        "frp": 4.51,
        "daynight": "N",
        "source_dataset": "VIIRS_NOAA20_NRT",
        "acq_datetime_utc": "2026-09-25T01:11:00Z",
        "age_hours": 20.3,
        "confidence_label": "nominal",
        "popup_label": "<strong>NASA FIRMS<\/strong><br>Sensor: VIIRS_NOAA20_NRT<br>Fecha UTC: 2026-09-25T01:11:00Z<br>Confianza: nominal<br>FRP: 4.51 MW"
      }
    },
    {
      "type": "Feature",
      "geometry": {
        "type": "Point",
        "coordinates": [3.2378, 32.8405]
      },
      "properties": {
        "bright_ti4": 306.38,
        "scan": 0.47,
        "track": 0.48,
        "acq_date": "2026-09-25",
        "acq_time": "0111",
        "satellite": "N20",
        "instrument": "VIIRS",
        "confidence": "n",
        "version": "2.0NRT",
        "bright_ti5": 288.87,
        "frp": 1.2,
        "daynight": "N",
        "source_dataset": "VIIRS_NOAA20_NRT",
        "acq_datetime_utc": "2026-09-25T01:11:00Z",
        "age_hours": 20.3,
        "confidence_label": "nominal",
        "popup_label": "<strong>NASA FIRMS<\/strong><br>Sensor: VIIRS_NOAA20_NRT<br>Fecha UTC: 2026-09-25T01:11:00Z<br>Confianza: nominal<br>FRP: 1.2 MW"
      }
    },
    {
      "type": "Feature",
      "geometry": {
        "type": "Point",
        "coordinates": [3.2316, 32.9301]
      },
      "properties": {
        "bright_ti4": 302.45,
        "scan": 0.47,
        "track": 0.48,
        "acq_date": "2026-09-25",
        "acq_time": "0111",
        "satellite": "N20",
        "instrument": "VIIRS",
        "confidence": "n",
        "version": "2.0NRT",
        "bright_ti5": 289.12,
        "frp": 1.24,
        "daynight": "N",
        "source_dataset": "VIIRS_NOAA20_NRT",
        "acq_datetime_utc": "2026-09-25T01:11:00Z",
        "age_hours": 20.3,
        "confidence_label": "nominal",
        "popup_label": "<strong>NASA FIRMS<\/strong><br>Sensor: VIIRS_NOAA20_NRT<br>Fecha UTC: 2026-09-25T01:11:00Z<br>Confianza: nominal<br>FRP: 1.24 MW"
      }
    },
    {
      "type": "Feature",
      "geometry": {
        "type": "Point",
        "coordinates": [3.2266, 32.9306]
      },
      "properties": {
        "bright_ti4": 327.06,
        "scan": 0.47,
        "track": 0.48,
        "acq_date": "2026-09-25",
        "acq_time": "0111",
        "satellite": "N20",
        "instrument": "VIIRS",
        "confidence": "n",
        "version": "2.0NRT",
        "bright_ti5": 289.71,
        "frp": 1.24,
        "daynight": "N",
        "source_dataset": "VIIRS_NOAA20_NRT",
        "acq_datetime_utc": "2026-09-25T01:11:00Z",
        "age_hours": 20.3,
        "confidence_label": "nominal",
        "popup_label": "<strong>NASA FIRMS<\/strong><br>Sensor: VIIRS_NOAA20_NRT<br>Fecha UTC: 2026-09-25T01:11:00Z<br>Confianza: nominal<br>FRP: 1.24 MW"
      }
    },
    {
      "type": "Feature",
      "geometry": {
        "type": "Point",
        "coordinates": [3.2322, 32.9345]
      },
      "properties": {
        "bright_ti4": 314.52,
        "scan": 0.47,
        "track": 0.48,
        "acq_date": "2026-09-25",
        "acq_time": "0111",
        "satellite": "N20",
        "instrument": "VIIRS",
        "confidence": "n",
        "version": "2.0NRT",
        "bright_ti5": 289.27,
        "frp": 1.19,
        "daynight": "N",
        "source_dataset": "VIIRS_NOAA20_NRT",
        "acq_datetime_utc": "2026-09-25T01:11:00Z",
        "age_hours": 20.3,
        "confidence_label": "nominal",
        "popup_label": "<strong>NASA FIRMS<\/strong><br>Sensor: VIIRS_NOAA20_NRT<br>Fecha UTC: 2026-09-25T01:11:00Z<br>Confianza: nominal<br>FRP: 1.19 MW"
      }
    },
    {
      "type": "Feature",
      "geometry": {
        "type": "Point",
        "coordinates": [3.2221, 32.9355]
      },
      "properties": {
        "bright_ti4": 302.25,
        "scan": 0.47,
        "track": 0.48,
        "acq_date": "2026-09-25",
        "acq_time": "0111",
        "satellite": "N20",
        "instrument": "VIIRS",
        "confidence": "n",
        "version": "2.0NRT",
        "bright_ti5": 290.72,
        "frp": 0.92,
        "daynight": "N",
        "source_dataset": "VIIRS_NOAA20_NRT",
        "acq_datetime_utc": "2026-09-25T01:11:00Z",
        "age_hours": 20.3,
        "confidence_label": "nominal",
        "popup_label": "<strong>NASA FIRMS<\/strong><br>Sensor: VIIRS_NOAA20_NRT<br>Fecha UTC: 2026-09-25T01:11:00Z<br>Confianza: nominal<br>FRP: 0.92 MW"
      }
    },
    {
      "type": "Feature",
      "geometry": {
        "type": "Point",
        "coordinates": [3.2328, 32.9389]
      },
      "properties": {
        "bright_ti4": 303.52,
        "scan": 0.47,
        "track": 0.48,
        "acq_date": "2026-09-25",
        "acq_time": "0111",
        "satellite": "N20",
        "instrument": "VIIRS",
        "confidence": "n",
        "version": "2.0NRT",
        "bright_ti5": 290.95,
        "frp": 1.19,
        "daynight": "N",
        "source_dataset": "VIIRS_NOAA20_NRT",
        "acq_datetime_utc": "2026-09-25T01:11:00Z",
        "age_hours": 20.3,
        "confidence_label": "nominal",
        "popup_label": "<strong>NASA FIRMS<\/strong><br>Sensor: VIIRS_NOAA20_NRT<br>Fecha UTC: 2026-09-25T01:11:00Z<br>Confianza: nominal<br>FRP: 1.19 MW"
      }
    },
    {
      "type": "Feature",
      "geometry": {
        "type": "Point",
        "coordinates": [3.2284, 32.9438]
      },
      "properties": {
        "bright_ti4": 304.36,
        "scan": 0.47,
        "track": 0.48,
        "acq_date": "2026-09-25",
        "acq_time": "0111",
        "satellite": "N20",
        "instrument": "VIIRS",
        "confidence": "n",
        "version": "2.0NRT",
        "bright_ti5": 289.28,
        "frp": 19.77,
        "daynight": "N",
        "source_dataset": "VIIRS_NOAA20_NRT",
        "acq_datetime_utc": "2026-09-25T01:11:00Z",
        "age_hours": 20.3,
        "confidence_label": "nominal",
        "popup_label": "<strong>NASA FIRMS<\/strong><br>Sensor: VIIRS_NOAA20_NRT<br>Fecha UTC: 2026-09-25T01:11:00Z<br>Confianza: nominal<br>FRP: 19.77 MW"
      }
    },
    {
      "type": "Feature",
      "geometry": {
        "type": "Point",
        "coordinates": [3.2341, 32.9476]
      },
      "properties": {
        "bright_ti4": 302.47,
        "scan": 0.47,
        "track": 0.48,
        "acq_date": "2026-09-25",
        "acq_time": "0111",
        "satellite": "N20",
        "instrument": "VIIRS",
        "confidence": "n",
        "version": "2.0NRT",
        "bright_ti5": 289.97,
        "frp": 19.77,
        "daynight": "N",
        "source_dataset": "VIIRS_NOAA20_NRT",
        "acq_datetime_utc": "2026-09-25T01:11:00Z",
        "age_hours": 20.3,
        "confidence_label": "nominal",
        "popup_label": "<strong>NASA FIRMS<\/strong><br>Sensor: VIIRS_NOAA20_NRT<br>Fecha UTC: 2026-09-25T01:11:00Z<br>Confianza: nominal<br>FRP: 19.77 MW"
      }
    },
    {
      "type": "Feature",
      "geometry": {
        "type": "Point",
        "coordinates": [3.229, 32.9481]
      },
      "properties": {
        "bright_ti4": 351.28,
        "scan": 0.47,
        "track": 0.48,
        "acq_date": "2026-09-25",
        "acq_time": "0111",
        "satellite": "N20",
        "instrument": "VIIRS",
        "confidence": "n",
        "version": "2.0NRT",
        "bright_ti5": 301.71,
        "frp": 19.77,
        "daynight": "N",
        "source_dataset": "VIIRS_NOAA20_NRT",
        "acq_datetime_utc": "2026-09-25T01:11:00Z",
        "age_hours": 20.3,
        "confidence_label": "nominal",
        "popup_label": "<strong>NASA FIRMS<\/strong><br>Sensor: VIIRS_NOAA20_NRT<br>Fecha UTC: 2026-09-25T01:11:00Z<br>Confianza: nominal<br>FRP: 19.77 MW"
      }
    },
    {
      "type": "Feature",
      "geometry": {
        "type": "Point",
        "coordinates": [3.224, 32.9487]
      },
      "properties": {
        "bright_ti4": 321.1,
        "scan": 0.47,
        "track": 0.48,
        "acq_date": "2026-09-25",
        "acq_time": "0111",
        "satellite": "N20",
        "instrument": "VIIRS",
        "confidence": "n",
        "version": "2.0NRT",
        "bright_ti5": 290.89,
        "frp": 9.78,
        "daynight": "N",
        "source_dataset": "VIIRS_NOAA20_NRT",
        "acq_datetime_utc": "2026-09-25T01:11:00Z",
        "age_hours": 20.3,
        "confidence_label": "nominal",
        "popup_label": "<strong>NASA FIRMS<\/strong><br>Sensor: VIIRS_NOAA20_NRT<br>Fecha UTC: 2026-09-25T01:11:00Z<br>Confianza: nominal<br>FRP: 9.78 MW"
      }
    },
    {
      "type": "Feature",
      "geometry": {
        "type": "Point",
        "coordinates": [3.2189, 32.9492]
      },
      "properties": {
        "bright_ti4": 303.13,
        "scan": 0.47,
        "track": 0.48,
        "acq_date": "2026-09-25",
        "acq_time": "0111",
        "satellite": "N20",
        "instrument": "VIIRS",
        "confidence": "n",
        "version": "2.0NRT",
        "bright_ti5": 289.66,
        "frp": 9.78,
        "daynight": "N",
        "source_dataset": "VIIRS_NOAA20_NRT",
        "acq_datetime_utc": "2026-09-25T01:11:00Z",
        "age_hours": 20.3,
        "confidence_label": "nominal",
        "popup_label": "<strong>NASA FIRMS<\/strong><br>Sensor: VIIRS_NOAA20_NRT<br>Fecha UTC: 2026-09-25T01:11:00Z<br>Confianza: nominal<br>FRP: 9.78 MW"
      }
    },
    {
      "type": "Feature",
      "geometry": {
        "type": "Point",
        "coordinates": [3.2297, 32.9525]
      },
      "properties": {
        "bright_ti4": 318.94,
        "scan": 0.47,
        "track": 0.48,
        "acq_date": "2026-09-25",
        "acq_time": "0111",
        "satellite": "N20",
        "instrument": "VIIRS",
        "confidence": "n",
        "version": "2.0NRT",
        "bright_ti5": 290.58,
        "frp": 2.92,
        "daynight": "N",
        "source_dataset": "VIIRS_NOAA20_NRT",
        "acq_datetime_utc": "2026-09-25T01:11:00Z",
        "age_hours": 20.3,
        "confidence_label": "nominal",
        "popup_label": "<strong>NASA FIRMS<\/strong><br>Sensor: VIIRS_NOAA20_NRT<br>Fecha UTC: 2026-09-25T01:11:00Z<br>Confianza: nominal<br>FRP: 2.92 MW"
      }
    },
    {
      "type": "Feature",
      "geometry": {
        "type": "Point",
        "coordinates": [3.2247, 32.953]
      },
      "properties": {
        "bright_ti4": 304.03,
        "scan": 0.47,
        "track": 0.48,
        "acq_date": "2026-09-25",
        "acq_time": "0111",
        "satellite": "N20",
        "instrument": "VIIRS",
        "confidence": "n",
        "version": "2.0NRT",
        "bright_ti5": 289.89,
        "frp": 1.23,
        "daynight": "N",
        "source_dataset": "VIIRS_NOAA20_NRT",
        "acq_datetime_utc": "2026-09-25T01:11:00Z",
        "age_hours": 20.3,
        "confidence_label": "nominal",
        "popup_label": "<strong>NASA FIRMS<\/strong><br>Sensor: VIIRS_NOAA20_NRT<br>Fecha UTC: 2026-09-25T01:11:00Z<br>Confianza: nominal<br>FRP: 1.23 MW"
      }
    },
    {
      "type": "Feature",
      "geometry": {
        "type": "Point",
        "coordinates": [3.3298, 33.0671]
      },
      "properties": {
        "bright_ti4": 299.64,
        "scan": 0.46,
        "track": 0.47,
        "acq_date": "2026-09-25",
        "acq_time": "0111",
        "satellite": "N20",
        "instrument": "VIIRS",
        "confidence": "n",
        "version": "2.0NRT",
        "bright_ti5": 289.29,
        "frp": 0.54,
        "daynight": "N",
        "source_dataset": "VIIRS_NOAA20_NRT",
        "acq_datetime_utc": "2026-09-25T01:11:00Z",
        "age_hours": 20.3,
        "confidence_label": "nominal",
        "popup_label": "<strong>NASA FIRMS<\/strong><br>Sensor: VIIRS_NOAA20_NRT<br>Fecha UTC: 2026-09-25T01:11:00Z<br>Confianza: nominal<br>FRP: 0.54 MW"
      }
    },
    {
      "type": "Feature",
      "geometry": {
        "type": "Point",
        "coordinates": [3.3315, 33.0676]
      },
      "properties": {
        "bright_ti4": 299.64,
        "scan": 0.47,
        "track": 0.47,
        "acq_date": "2026-09-25",
        "acq_time": "0111",
        "satellite": "N20",
        "instrument": "VIIRS",
        "confidence": "n",
        "version": "2.0NRT",
        "bright_ti5": 289.25,
        "frp": 0.32,
        "daynight": "N",
        "source_dataset": "VIIRS_NOAA20_NRT",
        "acq_datetime_utc": "2026-09-25T01:11:00Z",
        "age_hours": 20.3,
        "confidence_label": "nominal",
        "popup_label": "<strong>NASA FIRMS<\/strong><br>Sensor: VIIRS_NOAA20_NRT<br>Fecha UTC: 2026-09-25T01:11:00Z<br>Confianza: nominal<br>FRP: 0.32 MW"
      }
    },
    {
      "type": "Feature",
      "geometry": {
        "type": "Point",
        "coordinates": [3.3194, 33.1263]
      },
      "properties": {
        "bright_ti4": 305.32,
        "scan": 0.47,
        "track": 0.47,
        "acq_date": "2026-09-25",
        "acq_time": "0111",
        "satellite": "N20",
        "instrument": "VIIRS",
        "confidence": "n",
        "version": "2.0NRT",
        "bright_ti5": 290.1,
        "frp": 1.35,
        "daynight": "N",
        "source_dataset": "VIIRS_NOAA20_NRT",
        "acq_datetime_utc": "2026-09-25T01:11:00Z",
        "age_hours": 20.3,
        "confidence_label": "nominal",
        "popup_label": "<strong>NASA FIRMS<\/strong><br>Sensor: VIIRS_NOAA20_NRT<br>Fecha UTC: 2026-09-25T01:11:00Z<br>Confianza: nominal<br>FRP: 1.35 MW"
      }
    },
    {
      "type": "Feature",
      "geometry": {
        "type": "Point",
        "coordinates": [3.3144, 33.1268]
      },
      "properties": {
        "bright_ti4": 304.71,
        "scan": 0.47,
        "track": 0.47,
        "acq_date": "2026-09-25",
        "acq_time": "0111",
        "satellite": "N20",
        "instrument": "VIIRS",
        "confidence": "n",
        "version": "2.0NRT",
        "bright_ti5": 289.86,
        "frp": 0.88,
        "daynight": "N",
        "source_dataset": "VIIRS_NOAA20_NRT",
        "acq_datetime_utc": "2026-09-25T01:11:00Z",
        "age_hours": 20.3,
        "confidence_label": "nominal",
        "popup_label": "<strong>NASA FIRMS<\/strong><br>Sensor: VIIRS_NOAA20_NRT<br>Fecha UTC: 2026-09-25T01:11:00Z<br>Confianza: nominal<br>FRP: 0.88 MW"
      }
    },
    {
      "type": "Feature",
      "geometry": {
        "type": "Point",
        "coordinates": [3.32, 33.1307]
      },
      "properties": {
        "bright_ti4": 304.44,
        "scan": 0.47,
        "track": 0.47,
        "acq_date": "2026-09-25",
        "acq_time": "0111",
        "satellite": "N20",
        "instrument": "VIIRS",
        "confidence": "n",
        "version": "2.0NRT",
        "bright_ti5": 289.62,
        "frp": 1.69,
        "daynight": "N",
        "source_dataset": "VIIRS_NOAA20_NRT",
        "acq_datetime_utc": "2026-09-25T01:11:00Z",
        "age_hours": 20.3,
        "confidence_label": "nominal",
        "popup_label": "<strong>NASA FIRMS<\/strong><br>Sensor: VIIRS_NOAA20_NRT<br>Fecha UTC: 2026-09-25T01:11:00Z<br>Confianza: nominal<br>FRP: 1.69 MW"
      }
    },
    {
      "type": "Feature",
      "geometry": {
        "type": "Point",
        "coordinates": [3.315, 33.1311]
      },
      "properties": {
        "bright_ti4": 303.5,
        "scan": 0.47,
        "track": 0.47,
        "acq_date": "2026-09-25",
        "acq_time": "0111",
        "satellite": "N20",
        "instrument": "VIIRS",
        "confidence": "n",
        "version": "2.0NRT",
        "bright_ti5": 289.42,
        "frp": 0.88,
        "daynight": "N",
        "source_dataset": "VIIRS_NOAA20_NRT",
        "acq_datetime_utc": "2026-09-25T01:11:00Z",
        "age_hours": 20.3,
        "confidence_label": "nominal",
        "popup_label": "<strong>NASA FIRMS<\/strong><br>Sensor: VIIRS_NOAA20_NRT<br>Fecha UTC: 2026-09-25T01:11:00Z<br>Confianza: nominal<br>FRP: 0.88 MW"
      }
    },
    {
      "type": "Feature",
      "geometry": {
        "type": "Point",
        "coordinates": [3.3668, 33.1393]
      },
      "properties": {
        "bright_ti4": 301.02,
        "scan": 0.46,
        "track": 0.47,
        "acq_date": "2026-09-25",
        "acq_time": "0111",
        "satellite": "N20",
        "instrument": "VIIRS",
        "confidence": "n",
        "version": "2.0NRT",
        "bright_ti5": 289.58,
        "frp": 0.74,
        "daynight": "N",
        "source_dataset": "VIIRS_NOAA20_NRT",
        "acq_datetime_utc": "2026-09-25T01:11:00Z",
        "age_hours": 20.3,
        "confidence_label": "nominal",
        "popup_label": "<strong>NASA FIRMS<\/strong><br>Sensor: VIIRS_NOAA20_NRT<br>Fecha UTC: 2026-09-25T01:11:00Z<br>Confianza: nominal<br>FRP: 0.74 MW"
      }
    },
    {
      "type": "Feature",
      "geometry": {
        "type": "Point",
        "coordinates": [-0.3487, 33.4748]
      },
      "properties": {
        "bright_ti4": 307.83,
        "scan": 0.38,
        "track": 0.59,
        "acq_date": "2026-09-25",
        "acq_time": "0111",
        "satellite": "N20",
        "instrument": "VIIRS",
        "confidence": "n",
        "version": "2.0NRT",
        "bright_ti5": 288.92,
        "frp": 1.28,
        "daynight": "N",
        "source_dataset": "VIIRS_NOAA20_NRT",
        "acq_datetime_utc": "2026-09-25T01:11:00Z",
        "age_hours": 20.3,
        "confidence_label": "nominal",
        "popup_label": "<strong>NASA FIRMS<\/strong><br>Sensor: VIIRS_NOAA20_NRT<br>Fecha UTC: 2026-09-25T01:11:00Z<br>Confianza: nominal<br>FRP: 1.28 MW"
      }
    },
    {
      "type": "Feature",
      "geometry": {
        "type": "Point",
        "coordinates": [-0.3474, 33.4761]
      },
      "properties": {
        "bright_ti4": 318.39,
        "scan": 0.38,
        "track": 0.59,
        "acq_date": "2026-09-25",
        "acq_time": "0111",
        "satellite": "N20",
        "instrument": "VIIRS",
        "confidence": "n",
        "version": "2.0NRT",
        "bright_ti5": 289.39,
        "frp": 1.7,
        "daynight": "N",
        "source_dataset": "VIIRS_NOAA20_NRT",
        "acq_datetime_utc": "2026-09-25T01:11:00Z",
        "age_hours": 20.3,
        "confidence_label": "nominal",
        "popup_label": "<strong>NASA FIRMS<\/strong><br>Sensor: VIIRS_NOAA20_NRT<br>Fecha UTC: 2026-09-25T01:11:00Z<br>Confianza: nominal<br>FRP: 1.7 MW"
      }
    },
    {
      "type": "Feature",
      "geometry": {
        "type": "Point",
        "coordinates": [2.0585, 34.4374]
      },
      "properties": {
        "bright_ti4": 306.32,
        "scan": 0.57,
        "track": 0.52,
        "acq_date": "2026-09-25",
        "acq_time": "0109",
        "satellite": "N20",
        "instrument": "VIIRS",
        "confidence": "n",
        "version": "2.0NRT",
        "bright_ti5": 289.41,
        "frp": 1.14,
        "daynight": "N",
        "source_dataset": "VIIRS_NOAA20_NRT",
        "acq_datetime_utc": "2026-09-25T01:09:00Z",
        "age_hours": 20.4,
        "confidence_label": "nominal",
        "popup_label": "<strong>NASA FIRMS<\/strong><br>Sensor: VIIRS_NOAA20_NRT<br>Fecha UTC: 2026-09-25T01:09:00Z<br>Confianza: nominal<br>FRP: 1.14 MW"
      }
    },
    {
      "type": "Feature",
      "geometry": {
        "type": "Point",
        "coordinates": [4.4751, 35.7103]
      },
      "properties": {
        "bright_ti4": 307.33,
        "scan": 0.43,
        "track": 0.46,
        "acq_date": "2026-09-25",
        "acq_time": "0109",
        "satellite": "N20",
        "instrument": "VIIRS",
        "confidence": "n",
        "version": "2.0NRT",
        "bright_ti5": 292.09,
        "frp": 1.03,
        "daynight": "N",
        "source_dataset": "VIIRS_NOAA20_NRT",
        "acq_datetime_utc": "2026-09-25T01:09:00Z",
        "age_hours": 20.4,
        "confidence_label": "nominal",
        "popup_label": "<strong>NASA FIRMS<\/strong><br>Sensor: VIIRS_NOAA20_NRT<br>Fecha UTC: 2026-09-25T01:09:00Z<br>Confianza: nominal<br>FRP: 1.03 MW"
      }
    },
    {
      "type": "Feature",
      "geometry": {
        "type": "Point",
        "coordinates": [4.4439, 35.88]
      },
      "properties": {
        "bright_ti4": 304.13,
        "scan": 0.44,
        "track": 0.46,
        "acq_date": "2026-09-25",
        "acq_time": "0109",
        "satellite": "N20",
        "instrument": "VIIRS",
        "confidence": "n",
        "version": "2.0NRT",
        "bright_ti5": 291.21,
        "frp": 0.95,
        "daynight": "N",
        "source_dataset": "VIIRS_NOAA20_NRT",
        "acq_datetime_utc": "2026-09-25T01:09:00Z",
        "age_hours": 20.4,
        "confidence_label": "nominal",
        "popup_label": "<strong>NASA FIRMS<\/strong><br>Sensor: VIIRS_NOAA20_NRT<br>Fecha UTC: 2026-09-25T01:09:00Z<br>Confianza: nominal<br>FRP: 0.95 MW"
      }
    },
    {
      "type": "Feature",
      "geometry": {
        "type": "Point",
        "coordinates": [1.2399, 36.1263]
      },
      "properties": {
        "bright_ti4": 318.3,
        "scan": 0.33,
        "track": 0.55,
        "acq_date": "2026-09-25",
        "acq_time": "0109",
        "satellite": "N20",
        "instrument": "VIIRS",
        "confidence": "n",
        "version": "2.0NRT",
        "bright_ti5": 293.15,
        "frp": 2.06,
        "daynight": "N",
        "source_dataset": "VIIRS_NOAA20_NRT",
        "acq_datetime_utc": "2026-09-25T01:09:00Z",
        "age_hours": 20.4,
        "confidence_label": "nominal",
        "popup_label": "<strong>NASA FIRMS<\/strong><br>Sensor: VIIRS_NOAA20_NRT<br>Fecha UTC: 2026-09-25T01:09:00Z<br>Confianza: nominal<br>FRP: 2.06 MW"
      }
    },
    {
      "type": "Feature",
      "geometry": {
        "type": "Point",
        "coordinates": [1.2367, 36.1317]
      },
      "properties": {
        "bright_ti4": 303.23,
        "scan": 0.33,
        "track": 0.55,
        "acq_date": "2026-09-25",
        "acq_time": "0109",
        "satellite": "N20",
        "instrument": "VIIRS",
        "confidence": "n",
        "version": "2.0NRT",
        "bright_ti5": 291.37,
        "frp": 1.25,
        "daynight": "N",
        "source_dataset": "VIIRS_NOAA20_NRT",
        "acq_datetime_utc": "2026-09-25T01:09:00Z",
        "age_hours": 20.4,
        "confidence_label": "nominal",
        "popup_label": "<strong>NASA FIRMS<\/strong><br>Sensor: VIIRS_NOAA20_NRT<br>Fecha UTC: 2026-09-25T01:09:00Z<br>Confianza: nominal<br>FRP: 1.25 MW"
      }
    },
    {
      "type": "Feature",
      "geometry": {
        "type": "Point",
        "coordinates": [3.7461, 36.1815]
      },
      "properties": {
        "bright_ti4": 305.57,
        "scan": 0.48,
        "track": 0.48,
        "acq_date": "2026-09-25",
        "acq_time": "0109",
        "satellite": "N20",
        "instrument": "VIIRS",
        "confidence": "n",
        "version": "2.0NRT",
        "bright_ti5": 288.46,
        "frp": 0.86,
        "daynight": "N",
        "source_dataset": "VIIRS_NOAA20_NRT",
        "acq_datetime_utc": "2026-09-25T01:09:00Z",
        "age_hours": 20.4,
        "confidence_label": "nominal",
        "popup_label": "<strong>NASA FIRMS<\/strong><br>Sensor: VIIRS_NOAA20_NRT<br>Fecha UTC: 2026-09-25T01:09:00Z<br>Confianza: nominal<br>FRP: 0.86 MW"
      }
    },
    {
      "type": "Feature",
      "geometry": {
        "type": "Point",
        "coordinates": [2.8777, 36.5956]
      },
      "properties": {
        "bright_ti4": 310.92,
        "scan": 0.54,
        "track": 0.51,
        "acq_date": "2026-09-25",
        "acq_time": "0109",
        "satellite": "N20",
        "instrument": "VIIRS",
        "confidence": "n",
        "version": "2.0NRT",
        "bright_ti5": 290.98,
        "frp": 1.28,
        "daynight": "N",
        "source_dataset": "VIIRS_NOAA20_NRT",
        "acq_datetime_utc": "2026-09-25T01:09:00Z",
        "age_hours": 20.4,
        "confidence_label": "nominal",
        "popup_label": "<strong>NASA FIRMS<\/strong><br>Sensor: VIIRS_NOAA20_NRT<br>Fecha UTC: 2026-09-25T01:09:00Z<br>Confianza: nominal<br>FRP: 1.28 MW"
      }
    },
    {
      "type": "Feature",
      "geometry": {
        "type": "Point",
        "coordinates": [3.134, 36.6011]
      },
      "properties": {
        "bright_ti4": 303.79,
        "scan": 0.52,
        "track": 0.5,
        "acq_date": "2026-09-25",
        "acq_time": "0109",
        "satellite": "N20",
        "instrument": "VIIRS",
        "confidence": "n",
        "version": "2.0NRT",
        "bright_ti5": 292.31,
        "frp": 0.95,
        "daynight": "N",
        "source_dataset": "VIIRS_NOAA20_NRT",
        "acq_datetime_utc": "2026-09-25T01:09:00Z",
        "age_hours": 20.4,
        "confidence_label": "nominal",
        "popup_label": "<strong>NASA FIRMS<\/strong><br>Sensor: VIIRS_NOAA20_NRT<br>Fecha UTC: 2026-09-25T01:09:00Z<br>Confianza: nominal<br>FRP: 0.95 MW"
      }
    },
    {
      "type": "Feature",
      "geometry": {
        "type": "Point",
        "coordinates": [3.2328, 36.63]
      },
      "properties": {
        "bright_ti4": 304.78,
        "scan": 0.52,
        "track": 0.5,
        "acq_date": "2026-09-25",
        "acq_time": "0109",
        "satellite": "N20",
        "instrument": "VIIRS",
        "confidence": "n",
        "version": "2.0NRT",
        "bright_ti5": 293.15,
        "frp": 0.92,
        "daynight": "N",
        "source_dataset": "VIIRS_NOAA20_NRT",
        "acq_datetime_utc": "2026-09-25T01:09:00Z",
        "age_hours": 20.4,
        "confidence_label": "nominal",
        "popup_label": "<strong>NASA FIRMS<\/strong><br>Sensor: VIIRS_NOAA20_NRT<br>Fecha UTC: 2026-09-25T01:09:00Z<br>Confianza: nominal<br>FRP: 0.92 MW"
      }
    },
    {
      "type": "Feature",
      "geometry": {
        "type": "Point",
        "coordinates": [3.1205, 36.6815]
      },
      "properties": {
        "bright_ti4": 303.03,
        "scan": 0.52,
        "track": 0.5,
        "acq_date": "2026-09-25",
        "acq_time": "0109",
        "satellite": "N20",
        "instrument": "VIIRS",
        "confidence": "n",
        "version": "2.0NRT",
        "bright_ti5": 292.77,
        "frp": 1.28,
        "daynight": "N",
        "source_dataset": "VIIRS_NOAA20_NRT",
        "acq_datetime_utc": "2026-09-25T01:09:00Z",
        "age_hours": 20.4,
        "confidence_label": "nominal",
        "popup_label": "<strong>NASA FIRMS<\/strong><br>Sensor: VIIRS_NOAA20_NRT<br>Fecha UTC: 2026-09-25T01:09:00Z<br>Confianza: nominal<br>FRP: 1.28 MW"
      }
    },
    {
      "type": "Feature",
      "geometry": {
        "type": "Point",
        "coordinates": [3.2731, 36.7098]
      },
      "properties": {
        "bright_ti4": 304.53,
        "scan": 0.51,
        "track": 0.5,
        "acq_date": "2026-09-25",
        "acq_time": "0109",
        "satellite": "N20",
        "instrument": "VIIRS",
        "confidence": "n",
        "version": "2.0NRT",
        "bright_ti5": 292.56,
        "frp": 0.89,
        "daynight": "N",
        "source_dataset": "VIIRS_NOAA20_NRT",
        "acq_datetime_utc": "2026-09-25T01:09:00Z",
        "age_hours": 20.4,
        "confidence_label": "nominal",
        "popup_label": "<strong>NASA FIRMS<\/strong><br>Sensor: VIIRS_NOAA20_NRT<br>Fecha UTC: 2026-09-25T01:09:00Z<br>Confianza: nominal<br>FRP: 0.89 MW"
      }
    },
    {
      "type": "Feature",
      "geometry": {
        "type": "Point",
        "coordinates": [3.3618, 36.7162]
      },
      "properties": {
        "bright_ti4": 302.66,
        "scan": 0.51,
        "track": 0.49,
        "acq_date": "2026-09-25",
        "acq_time": "0109",
        "satellite": "N20",
        "instrument": "VIIRS",
        "confidence": "n",
        "version": "2.0NRT",
        "bright_ti5": 291.61,
        "frp": 0.56,
        "daynight": "N",
        "source_dataset": "VIIRS_NOAA20_NRT",
        "acq_datetime_utc": "2026-09-25T01:09:00Z",
        "age_hours": 20.4,
        "confidence_label": "nominal",
        "popup_label": "<strong>NASA FIRMS<\/strong><br>Sensor: VIIRS_NOAA20_NRT<br>Fecha UTC: 2026-09-25T01:09:00Z<br>Confianza: nominal<br>FRP: 0.56 MW"
      }
    },
    {
      "type": "Feature",
      "geometry": {
        "type": "Point",
        "coordinates": [-0.5474, 38.379]
      },
      "properties": {
        "bright_ti4": 302.76,
        "scan": 0.43,
        "track": 0.62,
        "acq_date": "2026-09-25",
        "acq_time": "0109",
        "satellite": "N20",
        "instrument": "VIIRS",
        "confidence": "n",
        "version": "2.0NRT",
        "bright_ti5": 291.33,
        "frp": 0.48,
        "daynight": "N",
        "source_dataset": "VIIRS_NOAA20_NRT",
        "acq_datetime_utc": "2026-09-25T01:09:00Z",
        "age_hours": 20.4,
        "confidence_label": "nominal",
        "popup_label": "<strong>NASA FIRMS<\/strong><br>Sensor: VIIRS_NOAA20_NRT<br>Fecha UTC: 2026-09-25T01:09:00Z<br>Confianza: nominal<br>FRP: 0.48 MW"
      }
    },
    {
      "type": "Feature",
      "geometry": {
        "type": "Point",
        "coordinates": [-0.5941, 39.1554]
      },
      "properties": {
        "bright_ti4": 302.29,
        "scan": 0.44,
        "track": 0.63,
        "acq_date": "2026-09-25",
        "acq_time": "0109",
        "satellite": "N20",
        "instrument": "VIIRS",
        "confidence": "n",
        "version": "2.0NRT",
        "bright_ti5": 290.69,
        "frp": 0.53,
        "daynight": "N",
        "source_dataset": "VIIRS_NOAA20_NRT",
        "acq_datetime_utc": "2026-09-25T01:09:00Z",
        "age_hours": 20.4,
        "confidence_label": "nominal",
        "popup_label": "<strong>NASA FIRMS<\/strong><br>Sensor: VIIRS_NOAA20_NRT<br>Fecha UTC: 2026-09-25T01:09:00Z<br>Confianza: nominal<br>FRP: 0.53 MW"
      }
    },
    {
      "type": "Feature",
      "geometry": {
        "type": "Point",
        "coordinates": [-0.2506, 39.6647]
      },
      "properties": {
        "bright_ti4": 302.84,
        "scan": 0.43,
        "track": 0.62,
        "acq_date": "2026-09-25",
        "acq_time": "0109",
        "satellite": "N20",
        "instrument": "VIIRS",
        "confidence": "n",
        "version": "2.0NRT",
        "bright_ti5": 292.48,
        "frp": 0.72,
        "daynight": "N",
        "source_dataset": "VIIRS_NOAA20_NRT",
        "acq_datetime_utc": "2026-09-25T01:09:00Z",
        "age_hours": 20.4,
        "confidence_label": "nominal",
        "popup_label": "<strong>NASA FIRMS<\/strong><br>Sensor: VIIRS_NOAA20_NRT<br>Fecha UTC: 2026-09-25T01:09:00Z<br>Confianza: nominal<br>FRP: 0.72 MW"
      }
    },
    {
      "type": "Feature",
      "geometry": {
        "type": "Point",
        "coordinates": [-3.4789, 40.2489]
      },
      "properties": {
        "bright_ti4": 318.18,
        "scan": 0.64,
        "track": 0.72,
        "acq_date": "2026-09-25",
        "acq_time": "0109",
        "satellite": "N20",
        "instrument": "VIIRS",
        "confidence": "n",
        "version": "2.0NRT",
        "bright_ti5": 290.63,
        "frp": 3.08,
        "daynight": "N",
        "source_dataset": "VIIRS_NOAA20_NRT",
        "acq_datetime_utc": "2026-09-25T01:09:00Z",
        "age_hours": 20.4,
        "confidence_label": "nominal",
        "popup_label": "<strong>NASA FIRMS<\/strong><br>Sensor: VIIRS_NOAA20_NRT<br>Fecha UTC: 2026-09-25T01:09:00Z<br>Confianza: nominal<br>FRP: 3.08 MW"
      }
    },
    {
      "type": "Feature",
      "geometry": {
        "type": "Point",
        "coordinates": [0.5389, 40.5797]
      },
      "properties": {
        "bright_ti4": 307.94,
        "scan": 0.4,
        "track": 0.6,
        "acq_date": "2026-09-25",
        "acq_time": "0109",
        "satellite": "N20",
        "instrument": "VIIRS",
        "confidence": "n",
        "version": "2.0NRT",
        "bright_ti5": 291.71,
        "frp": 0.83,
        "daynight": "N",
        "source_dataset": "VIIRS_NOAA20_NRT",
        "acq_datetime_utc": "2026-09-25T01:09:00Z",
        "age_hours": 20.4,
        "confidence_label": "nominal",
        "popup_label": "<strong>NASA FIRMS<\/strong><br>Sensor: VIIRS_NOAA20_NRT<br>Fecha UTC: 2026-09-25T01:09:00Z<br>Confianza: nominal<br>FRP: 0.83 MW"
      }
    },
    {
      "type": "Feature",
      "geometry": {
        "type": "Point",
        "coordinates": [0.541, 40.58]
      },
      "properties": {
        "bright_ti4": 304.23,
        "scan": 0.39,
        "track": 0.6,
        "acq_date": "2026-09-25",
        "acq_time": "0109",
        "satellite": "N20",
        "instrument": "VIIRS",
        "confidence": "n",
        "version": "2.0NRT",
        "bright_ti5": 291.89,
        "frp": 0.74,
        "daynight": "N",
        "source_dataset": "VIIRS_NOAA20_NRT",
        "acq_datetime_utc": "2026-09-25T01:09:00Z",
        "age_hours": 20.4,
        "confidence_label": "nominal",
        "popup_label": "<strong>NASA FIRMS<\/strong><br>Sensor: VIIRS_NOAA20_NRT<br>Fecha UTC: 2026-09-25T01:09:00Z<br>Confianza: nominal<br>FRP: 0.74 MW"
      }
    },
    {
      "type": "Feature",
      "geometry": {
        "type": "Point",
        "coordinates": [0.6458, 41.6187]
      },
      "properties": {
        "bright_ti4": 339.95,
        "scan": 0.4,
        "track": 0.6,
        "acq_date": "2026-09-25",
        "acq_time": "0109",
        "satellite": "N20",
        "instrument": "VIIRS",
        "confidence": "n",
        "version": "2.0NRT",
        "bright_ti5": 291.45,
        "frp": 2.87,
        "daynight": "N",
        "source_dataset": "VIIRS_NOAA20_NRT",
        "acq_datetime_utc": "2026-09-25T01:09:00Z",
        "age_hours": 20.4,
        "confidence_label": "nominal",
        "popup_label": "<strong>NASA FIRMS<\/strong><br>Sensor: VIIRS_NOAA20_NRT<br>Fecha UTC: 2026-09-25T01:09:00Z<br>Confianza: nominal<br>FRP: 2.87 MW"
      }
    },
    {
      "type": "Feature",
      "geometry": {
        "type": "Point",
        "coordinates": [0.6409, 41.6189]
      },
      "properties": {
        "bright_ti4": 307.59,
        "scan": 0.4,
        "track": 0.6,
        "acq_date": "2026-09-25",
        "acq_time": "0109",
        "satellite": "N20",
        "instrument": "VIIRS",
        "confidence": "n",
        "version": "2.0NRT",
        "bright_ti5": 289.78,
        "frp": 2.87,
        "daynight": "N",
        "source_dataset": "VIIRS_NOAA20_NRT",
        "acq_datetime_utc": "2026-09-25T01:09:00Z",
        "age_hours": 20.4,
        "confidence_label": "nominal",
        "popup_label": "<strong>NASA FIRMS<\/strong><br>Sensor: VIIRS_NOAA20_NRT<br>Fecha UTC: 2026-09-25T01:09:00Z<br>Confianza: nominal<br>FRP: 2.87 MW"
      }
    },
    {
      "type": "Feature",
      "geometry": {
        "type": "Point",
        "coordinates": [0.6458, 41.6195]
      },
      "properties": {
        "bright_ti4": 343.39,
        "scan": 0.4,
        "track": 0.6,
        "acq_date": "2026-09-25",
        "acq_time": "0109",
        "satellite": "N20",
        "instrument": "VIIRS",
        "confidence": "n",
        "version": "2.0NRT",
        "bright_ti5": 290.74,
        "frp": 4.6,
        "daynight": "N",
        "source_dataset": "VIIRS_NOAA20_NRT",
        "acq_datetime_utc": "2026-09-25T01:09:00Z",
        "age_hours": 20.4,
        "confidence_label": "nominal",
        "popup_label": "<strong>NASA FIRMS<\/strong><br>Sensor: VIIRS_NOAA20_NRT<br>Fecha UTC: 2026-09-25T01:09:00Z<br>Confianza: nominal<br>FRP: 4.6 MW"
      }
    },
    {
      "type": "Feature",
      "geometry": {
        "type": "Point",
        "coordinates": [0.6409, 41.6197]
      },
      "properties": {
        "bright_ti4": 301.26,
        "scan": 0.4,
        "track": 0.6,
        "acq_date": "2026-09-25",
        "acq_time": "0109",
        "satellite": "N20",
        "instrument": "VIIRS",
        "confidence": "n",
        "version": "2.0NRT",
        "bright_ti5": 289.52,
        "frp": 3.09,
        "daynight": "N",
        "source_dataset": "VIIRS_NOAA20_NRT",
        "acq_datetime_utc": "2026-09-25T01:09:00Z",
        "age_hours": 20.4,
        "confidence_label": "nominal",
        "popup_label": "<strong>NASA FIRMS<\/strong><br>Sensor: VIIRS_NOAA20_NRT<br>Fecha UTC: 2026-09-25T01:09:00Z<br>Confianza: nominal<br>FRP: 3.09 MW"
      }
    },
    {
      "type": "Feature",
      "geometry": {
        "type": "Point",
        "coordinates": [2.0024, 42.7159]
      },
      "properties": {
        "bright_ti4": 304.56,
        "scan": 0.35,
        "track": 0.56,
        "acq_date": "2026-09-25",
        "acq_time": "0107",
        "satellite": "N20",
        "instrument": "VIIRS",
        "confidence": "n",
        "version": "2.0NRT",
        "bright_ti5": 265.21,
        "frp": 1.62,
        "daynight": "N",
        "source_dataset": "VIIRS_NOAA20_NRT",
        "acq_datetime_utc": "2026-09-25T01:07:00Z",
        "age_hours": 20.4,
        "confidence_label": "nominal",
        "popup_label": "<strong>NASA FIRMS<\/strong><br>Sensor: VIIRS_NOAA20_NRT<br>Fecha UTC: 2026-09-25T01:07:00Z<br>Confianza: nominal<br>FRP: 1.62 MW"
      }
    },
    {
      "type": "Feature",
      "geometry": {
        "type": "Point",
        "coordinates": [1.9988, 42.7161]
      },
      "properties": {
        "bright_ti4": 314.07,
        "scan": 0.35,
        "track": 0.56,
        "acq_date": "2026-09-25",
        "acq_time": "0107",
        "satellite": "N20",
        "instrument": "VIIRS",
        "confidence": "n",
        "version": "2.0NRT",
        "bright_ti5": 266.28,
        "frp": 2.21,
        "daynight": "N",
        "source_dataset": "VIIRS_NOAA20_NRT",
        "acq_datetime_utc": "2026-09-25T01:07:00Z",
        "age_hours": 20.4,
        "confidence_label": "nominal",
        "popup_label": "<strong>NASA FIRMS<\/strong><br>Sensor: VIIRS_NOAA20_NRT<br>Fecha UTC: 2026-09-25T01:07:00Z<br>Confianza: nominal<br>FRP: 2.21 MW"
      }
    },
    {
      "type": "Feature",
      "geometry": {
        "type": "Point",
        "coordinates": [1.9952, 42.7163]
      },
      "properties": {
        "bright_ti4": 320.39,
        "scan": 0.35,
        "track": 0.56,
        "acq_date": "2026-09-25",
        "acq_time": "0107",
        "satellite": "N20",
        "instrument": "VIIRS",
        "confidence": "n",
        "version": "2.0NRT",
        "bright_ti5": 261.31,
        "frp": 2.21,
        "daynight": "N",
        "source_dataset": "VIIRS_NOAA20_NRT",
        "acq_datetime_utc": "2026-09-25T01:07:00Z",
        "age_hours": 20.4,
        "confidence_label": "nominal",
        "popup_label": "<strong>NASA FIRMS<\/strong><br>Sensor: VIIRS_NOAA20_NRT<br>Fecha UTC: 2026-09-25T01:07:00Z<br>Confianza: nominal<br>FRP: 2.21 MW"
      }
    },
    {
      "type": "Feature",
      "geometry": {
        "type": "Point",
        "coordinates": [2.0002, 42.7164]
      },
      "properties": {
        "bright_ti4": 310.55,
        "scan": 0.35,
        "track": 0.56,
        "acq_date": "2026-09-25",
        "acq_time": "0107",
        "satellite": "N20",
        "instrument": "VIIRS",
        "confidence": "n",
        "version": "2.0NRT",
        "bright_ti5": 268.39,
        "frp": 2.74,
        "daynight": "N",
        "source_dataset": "VIIRS_NOAA20_NRT",
        "acq_datetime_utc": "2026-09-25T01:07:00Z",
        "age_hours": 20.4,
        "confidence_label": "nominal",
        "popup_label": "<strong>NASA FIRMS<\/strong><br>Sensor: VIIRS_NOAA20_NRT<br>Fecha UTC: 2026-09-25T01:07:00Z<br>Confianza: nominal<br>FRP: 2.74 MW"
      }
    },
    {
      "type": "Feature",
      "geometry": {
        "type": "Point",
        "coordinates": [1.9965, 42.7166]
      },
      "properties": {
        "bright_ti4": 333.45,
        "scan": 0.35,
        "track": 0.56,
        "acq_date": "2026-09-25",
        "acq_time": "0107",
        "satellite": "N20",
        "instrument": "VIIRS",
        "confidence": "n",
        "version": "2.0NRT",
        "bright_ti5": 268.27,
        "frp": 4.33,
        "daynight": "N",
        "source_dataset": "VIIRS_NOAA20_NRT",
        "acq_datetime_utc": "2026-09-25T01:07:00Z",
        "age_hours": 20.4,
        "confidence_label": "nominal",
        "popup_label": "<strong>NASA FIRMS<\/strong><br>Sensor: VIIRS_NOAA20_NRT<br>Fecha UTC: 2026-09-25T01:07:00Z<br>Confianza: nominal<br>FRP: 4.33 MW"
      }
    },
    {
      "type": "Feature",
      "geometry": {
        "type": "Point",
        "coordinates": [-2.2233, 43.0404]
      },
      "properties": {
        "bright_ti4": 303.49,
        "scan": 0.57,
        "track": 0.69,
        "acq_date": "2026-09-25",
        "acq_time": "0107",
        "satellite": "N20",
        "instrument": "VIIRS",
        "confidence": "n",
        "version": "2.0NRT",
        "bright_ti5": 287.23,
        "frp": 1.34,
        "daynight": "N",
        "source_dataset": "VIIRS_NOAA20_NRT",
        "acq_datetime_utc": "2026-09-25T01:07:00Z",
        "age_hours": 20.4,
        "confidence_label": "nominal",
        "popup_label": "<strong>NASA FIRMS<\/strong><br>Sensor: VIIRS_NOAA20_NRT<br>Fecha UTC: 2026-09-25T01:07:00Z<br>Confianza: nominal<br>FRP: 1.34 MW"
      }
    },
    {
      "type": "Feature",
      "geometry": {
        "type": "Point",
        "coordinates": [-2.8812, 43.2236]
      },
      "properties": {
        "bright_ti4": 302.84,
        "scan": 0.62,
        "track": 0.71,
        "acq_date": "2026-09-25",
        "acq_time": "0107",
        "satellite": "N20",
        "instrument": "VIIRS",
        "confidence": "n",
        "version": "2.0NRT",
        "bright_ti5": 287.52,
        "frp": 1.22,
        "daynight": "N",
        "source_dataset": "VIIRS_NOAA20_NRT",
        "acq_datetime_utc": "2026-09-25T01:07:00Z",
        "age_hours": 20.4,
        "confidence_label": "nominal",
        "popup_label": "<strong>NASA FIRMS<\/strong><br>Sensor: VIIRS_NOAA20_NRT<br>Fecha UTC: 2026-09-25T01:07:00Z<br>Confianza: nominal<br>FRP: 1.22 MW"
      }
    },
    {
      "type": "Feature",
      "geometry": {
        "type": "Point",
        "coordinates": [-2.8885, 43.2236]
      },
      "properties": {
        "bright_ti4": 297.85,
        "scan": 0.62,
        "track": 0.71,
        "acq_date": "2026-09-25",
        "acq_time": "0107",
        "satellite": "N20",
        "instrument": "VIIRS",
        "confidence": "n",
        "version": "2.0NRT",
        "bright_ti5": 286.95,
        "frp": 1.27,
        "daynight": "N",
        "source_dataset": "VIIRS_NOAA20_NRT",
        "acq_datetime_utc": "2026-09-25T01:07:00Z",
        "age_hours": 20.4,
        "confidence_label": "nominal",
        "popup_label": "<strong>NASA FIRMS<\/strong><br>Sensor: VIIRS_NOAA20_NRT<br>Fecha UTC: 2026-09-25T01:07:00Z<br>Confianza: nominal<br>FRP: 1.27 MW"
      }
    },
    {
      "type": "Feature",
      "geometry": {
        "type": "Point",
        "coordinates": [-4.6063, 43.3073]
      },
      "properties": {
        "bright_ti4": 304.12,
        "scan": 0.75,
        "track": 0.77,
        "acq_date": "2026-09-25",
        "acq_time": "0107",
        "satellite": "N20",
        "instrument": "VIIRS",
        "confidence": "n",
        "version": "2.0NRT",
        "bright_ti5": 286.56,
        "frp": 1.51,
        "daynight": "N",
        "source_dataset": "VIIRS_NOAA20_NRT",
        "acq_datetime_utc": "2026-09-25T01:07:00Z",
        "age_hours": 20.4,
        "confidence_label": "nominal",
        "popup_label": "<strong>NASA FIRMS<\/strong><br>Sensor: VIIRS_NOAA20_NRT<br>Fecha UTC: 2026-09-25T01:07:00Z<br>Confianza: nominal<br>FRP: 1.51 MW"
      }
    },
    {
      "type": "Feature",
      "geometry": {
        "type": "Point",
        "coordinates": [-4.6086, 43.3119]
      },
      "properties": {
        "bright_ti4": 298.67,
        "scan": 0.75,
        "track": 0.77,
        "acq_date": "2026-09-25",
        "acq_time": "0107",
        "satellite": "N20",
        "instrument": "VIIRS",
        "confidence": "n",
        "version": "2.0NRT",
        "bright_ti5": 286.27,
        "frp": 0.86,
        "daynight": "N",
        "source_dataset": "VIIRS_NOAA20_NRT",
        "acq_datetime_utc": "2026-09-25T01:07:00Z",
        "age_hours": 20.4,
        "confidence_label": "nominal",
        "popup_label": "<strong>NASA FIRMS<\/strong><br>Sensor: VIIRS_NOAA20_NRT<br>Fecha UTC: 2026-09-25T01:07:00Z<br>Confianza: nominal<br>FRP: 0.86 MW"
      }
    },
    {
      "type": "Feature",
      "geometry": {
        "type": "Point",
        "coordinates": [4.8926, 43.4352]
      },
      "properties": {
        "bright_ti4": 295.72,
        "scan": 0.5,
        "track": 0.49,
        "acq_date": "2026-09-25",
        "acq_time": "0107",
        "satellite": "N20",
        "instrument": "VIIRS",
        "confidence": "n",
        "version": "2.0NRT",
        "bright_ti5": 270,
        "frp": 0.51,
        "daynight": "N",
        "source_dataset": "VIIRS_NOAA20_NRT",
        "acq_datetime_utc": "2026-09-25T01:07:00Z",
        "age_hours": 20.4,
        "confidence_label": "nominal",
        "popup_label": "<strong>NASA FIRMS<\/strong><br>Sensor: VIIRS_NOAA20_NRT<br>Fecha UTC: 2026-09-25T01:07:00Z<br>Confianza: nominal<br>FRP: 0.51 MW"
      }
    },
    {
      "type": "Feature",
      "geometry": {
        "type": "Point",
        "coordinates": [4.8933, 43.4397]
      },
      "properties": {
        "bright_ti4": 295.14,
        "scan": 0.5,
        "track": 0.49,
        "acq_date": "2026-09-25",
        "acq_time": "0107",
        "satellite": "N20",
        "instrument": "VIIRS",
        "confidence": "n",
        "version": "2.0NRT",
        "bright_ti5": 268.09,
        "frp": 0.51,
        "daynight": "N",
        "source_dataset": "VIIRS_NOAA20_NRT",
        "acq_datetime_utc": "2026-09-25T01:07:00Z",
        "age_hours": 20.4,
        "confidence_label": "nominal",
        "popup_label": "<strong>NASA FIRMS<\/strong><br>Sensor: VIIRS_NOAA20_NRT<br>Fecha UTC: 2026-09-25T01:07:00Z<br>Confianza: nominal<br>FRP: 0.51 MW"
      }
    },
    {
      "type": "Feature",
      "geometry": {
        "type": "Point",
        "coordinates": [4.8808, 43.4406]
      },
      "properties": {
        "bright_ti4": 307.61,
        "scan": 0.5,
        "track": 0.49,
        "acq_date": "2026-09-25",
        "acq_time": "0107",
        "satellite": "N20",
        "instrument": "VIIRS",
        "confidence": "n",
        "version": "2.0NRT",
        "bright_ti5": 269.79,
        "frp": 1.4,
        "daynight": "N",
        "source_dataset": "VIIRS_NOAA20_NRT",
        "acq_datetime_utc": "2026-09-25T01:07:00Z",
        "age_hours": 20.4,
        "confidence_label": "nominal",
        "popup_label": "<strong>NASA FIRMS<\/strong><br>Sensor: VIIRS_NOAA20_NRT<br>Fecha UTC: 2026-09-25T01:07:00Z<br>Confianza: nominal<br>FRP: 1.4 MW"
      }
    },
    {
      "type": "Feature",
      "geometry": {
        "type": "Point",
        "coordinates": [4.9002, 43.4437]
      },
      "properties": {
        "bright_ti4": 303.89,
        "scan": 0.5,
        "track": 0.49,
        "acq_date": "2026-09-25",
        "acq_time": "0107",
        "satellite": "N20",
        "instrument": "VIIRS",
        "confidence": "n",
        "version": "2.0NRT",
        "bright_ti5": 268.83,
        "frp": 0.79,
        "daynight": "N",
        "source_dataset": "VIIRS_NOAA20_NRT",
        "acq_datetime_utc": "2026-09-25T01:07:00Z",
        "age_hours": 20.4,
        "confidence_label": "nominal",
        "popup_label": "<strong>NASA FIRMS<\/strong><br>Sensor: VIIRS_NOAA20_NRT<br>Fecha UTC: 2026-09-25T01:07:00Z<br>Confianza: nominal<br>FRP: 0.79 MW"
      }
    },
    {
      "type": "Feature",
      "geometry": {
        "type": "Point",
        "coordinates": [4.8939, 43.4442]
      },
      "properties": {
        "bright_ti4": 296.31,
        "scan": 0.5,
        "track": 0.49,
        "acq_date": "2026-09-25",
        "acq_time": "0107",
        "satellite": "N20",
        "instrument": "VIIRS",
        "confidence": "n",
        "version": "2.0NRT",
        "bright_ti5": 268.77,
        "frp": 0.79,
        "daynight": "N",
        "source_dataset": "VIIRS_NOAA20_NRT",
        "acq_datetime_utc": "2026-09-25T01:07:00Z",
        "age_hours": 20.4,
        "confidence_label": "nominal",
        "popup_label": "<strong>NASA FIRMS<\/strong><br>Sensor: VIIRS_NOAA20_NRT<br>Fecha UTC: 2026-09-25T01:07:00Z<br>Confianza: nominal<br>FRP: 0.79 MW"
      }
    },
    {
      "type": "Feature",
      "geometry": {
        "type": "Point",
        "coordinates": [4.8946, 43.4487]
      },
      "properties": {
        "bright_ti4": 301.8,
        "scan": 0.5,
        "track": 0.49,
        "acq_date": "2026-09-25",
        "acq_time": "0107",
        "satellite": "N20",
        "instrument": "VIIRS",
        "confidence": "n",
        "version": "2.0NRT",
        "bright_ti5": 270.4,
        "frp": 0.79,
        "daynight": "N",
        "source_dataset": "VIIRS_NOAA20_NRT",
        "acq_datetime_utc": "2026-09-25T01:07:00Z",
        "age_hours": 20.4,
        "confidence_label": "nominal",
        "popup_label": "<strong>NASA FIRMS<\/strong><br>Sensor: VIIRS_NOAA20_NRT<br>Fecha UTC: 2026-09-25T01:07:00Z<br>Confianza: nominal<br>FRP: 0.79 MW"
      }
    },
    {
      "type": "Feature",
      "geometry": {
        "type": "Point",
        "coordinates": [-5.9991, 36.9789]
      },
      "properties": {
        "bright_ti4": 331.67,
        "scan": 0.66,
        "track": 0.73,
        "acq_date": "2026-09-24",
        "acq_time": "1431",
        "satellite": "N20",
        "instrument": "VIIRS",
        "confidence": "l",
        "version": "2.0NRT",
        "bright_ti5": 305.61,
        "frp": 3.45,
        "daynight": "D",
        "source_dataset": "VIIRS_NOAA20_NRT",
        "acq_datetime_utc": "2026-09-24T14:31:00Z",
        "age_hours": 31,
        "confidence_label": "baja",
        "popup_label": "<strong>NASA FIRMS<\/strong><br>Sensor: VIIRS_NOAA20_NRT<br>Fecha UTC: 2026-09-24T14:31:00Z<br>Confianza: baja<br>FRP: 3.45 MW"
      }
    },
    {
      "type": "Feature",
      "geometry": {
        "type": "Point",
        "coordinates": [-6.3681, 37.2843]
      },
      "properties": {
        "bright_ti4": 338.07,
        "scan": 0.63,
        "track": 0.72,
        "acq_date": "2026-09-24",
        "acq_time": "1431",
        "satellite": "N20",
        "instrument": "VIIRS",
        "confidence": "n",
        "version": "2.0NRT",
        "bright_ti5": 305.5,
        "frp": 4.72,
        "daynight": "D",
        "source_dataset": "VIIRS_NOAA20_NRT",
        "acq_datetime_utc": "2026-09-24T14:31:00Z",
        "age_hours": 31,
        "confidence_label": "nominal",
        "popup_label": "<strong>NASA FIRMS<\/strong><br>Sensor: VIIRS_NOAA20_NRT<br>Fecha UTC: 2026-09-24T14:31:00Z<br>Confianza: nominal<br>FRP: 4.72 MW"
      }
    },
    {
      "type": "Feature",
      "geometry": {
        "type": "Point",
        "coordinates": [-6.3627, 37.2876]
      },
      "properties": {
        "bright_ti4": 332.81,
        "scan": 0.63,
        "track": 0.72,
        "acq_date": "2026-09-24",
        "acq_time": "1431",
        "satellite": "N20",
        "instrument": "VIIRS",
        "confidence": "l",
        "version": "2.0NRT",
        "bright_ti5": 304.19,
        "frp": 4.13,
        "daynight": "D",
        "source_dataset": "VIIRS_NOAA20_NRT",
        "acq_datetime_utc": "2026-09-24T14:31:00Z",
        "age_hours": 31,
        "confidence_label": "baja",
        "popup_label": "<strong>NASA FIRMS<\/strong><br>Sensor: VIIRS_NOAA20_NRT<br>Fecha UTC: 2026-09-24T14:31:00Z<br>Confianza: baja<br>FRP: 4.13 MW"
      }
    },
    {
      "type": "Feature",
      "geometry": {
        "type": "Point",
        "coordinates": [-7.0824, 37.2983]
      },
      "properties": {
        "bright_ti4": 337.46,
        "scan": 0.57,
        "track": 0.69,
        "acq_date": "2026-09-24",
        "acq_time": "1431",
        "satellite": "N20",
        "instrument": "VIIRS",
        "confidence": "n",
        "version": "2.0NRT",
        "bright_ti5": 299.73,
        "frp": 5,
        "daynight": "D",
        "source_dataset": "VIIRS_NOAA20_NRT",
        "acq_datetime_utc": "2026-09-24T14:31:00Z",
        "age_hours": 31,
        "confidence_label": "nominal",
        "popup_label": "<strong>NASA FIRMS<\/strong><br>Sensor: VIIRS_NOAA20_NRT<br>Fecha UTC: 2026-09-24T14:31:00Z<br>Confianza: nominal<br>FRP: 5 MW"
      }
    },
    {
      "type": "Feature",
      "geometry": {
        "type": "Point",
        "coordinates": [-7.0154, 38.7235]
      },
      "properties": {
        "bright_ti4": 339.33,
        "scan": 0.59,
        "track": 0.7,
        "acq_date": "2026-09-24",
        "acq_time": "1431",
        "satellite": "N20",
        "instrument": "VIIRS",
        "confidence": "n",
        "version": "2.0NRT",
        "bright_ti5": 306.38,
        "frp": 5.86,
        "daynight": "D",
        "source_dataset": "VIIRS_NOAA20_NRT",
        "acq_datetime_utc": "2026-09-24T14:31:00Z",
        "age_hours": 31,
        "confidence_label": "nominal",
        "popup_label": "<strong>NASA FIRMS<\/strong><br>Sensor: VIIRS_NOAA20_NRT<br>Fecha UTC: 2026-09-24T14:31:00Z<br>Confianza: nominal<br>FRP: 5.86 MW"
      }
    },
    {
      "type": "Feature",
      "geometry": {
        "type": "Point",
        "coordinates": [-8.0775, 41.6086]
      },
      "properties": {
        "bright_ti4": 334.94,
        "scan": 0.54,
        "track": 0.68,
        "acq_date": "2026-09-24",
        "acq_time": "1431",
        "satellite": "N20",
        "instrument": "VIIRS",
        "confidence": "n",
        "version": "2.0NRT",
        "bright_ti5": 303.91,
        "frp": 5.42,
        "daynight": "D",
        "source_dataset": "VIIRS_NOAA20_NRT",
        "acq_datetime_utc": "2026-09-24T14:31:00Z",
        "age_hours": 31,
        "confidence_label": "nominal",
        "popup_label": "<strong>NASA FIRMS<\/strong><br>Sensor: VIIRS_NOAA20_NRT<br>Fecha UTC: 2026-09-24T14:31:00Z<br>Confianza: nominal<br>FRP: 5.42 MW"
      }
    },
    {
      "type": "Feature",
      "geometry": {
        "type": "Point",
        "coordinates": [-8.0792, 41.6118]
      },
      "properties": {
        "bright_ti4": 333.4,
        "scan": 0.54,
        "track": 0.68,
        "acq_date": "2026-09-24",
        "acq_time": "1431",
        "satellite": "N20",
        "instrument": "VIIRS",
        "confidence": "n",
        "version": "2.0NRT",
        "bright_ti5": 302.62,
        "frp": 3.68,
        "daynight": "D",
        "source_dataset": "VIIRS_NOAA20_NRT",
        "acq_datetime_utc": "2026-09-24T14:31:00Z",
        "age_hours": 31,
        "confidence_label": "nominal",
        "popup_label": "<strong>NASA FIRMS<\/strong><br>Sensor: VIIRS_NOAA20_NRT<br>Fecha UTC: 2026-09-24T14:31:00Z<br>Confianza: nominal<br>FRP: 3.68 MW"
      }
    },
    {
      "type": "Feature",
      "geometry": {
        "type": "Point",
        "coordinates": [-7.8501, 41.9131]
      },
      "properties": {
        "bright_ti4": 355.28,
        "scan": 0.56,
        "track": 0.69,
        "acq_date": "2026-09-24",
        "acq_time": "1431",
        "satellite": "N20",
        "instrument": "VIIRS",
        "confidence": "n",
        "version": "2.0NRT",
        "bright_ti5": 320.9,
        "frp": 41.86,
        "daynight": "D",
        "source_dataset": "VIIRS_NOAA20_NRT",
        "acq_datetime_utc": "2026-09-24T14:31:00Z",
        "age_hours": 31,
        "confidence_label": "nominal",
        "popup_label": "<strong>NASA FIRMS<\/strong><br>Sensor: VIIRS_NOAA20_NRT<br>Fecha UTC: 2026-09-24T14:31:00Z<br>Confianza: nominal<br>FRP: 41.86 MW"
      }
    },
    {
      "type": "Feature",
      "geometry": {
        "type": "Point",
        "coordinates": [-7.8433, 41.9132]
      },
      "properties": {
        "bright_ti4": 348.13,
        "scan": 0.56,
        "track": 0.69,
        "acq_date": "2026-09-24",
        "acq_time": "1431",
        "satellite": "N20",
        "instrument": "VIIRS",
        "confidence": "n",
        "version": "2.0NRT",
        "bright_ti5": 301.78,
        "frp": 25.5,
        "daynight": "D",
        "source_dataset": "VIIRS_NOAA20_NRT",
        "acq_datetime_utc": "2026-09-24T14:31:00Z",
        "age_hours": 31,
        "confidence_label": "nominal",
        "popup_label": "<strong>NASA FIRMS<\/strong><br>Sensor: VIIRS_NOAA20_NRT<br>Fecha UTC: 2026-09-24T14:31:00Z<br>Confianza: nominal<br>FRP: 25.5 MW"
      }
    },
    {
      "type": "Feature",
      "geometry": {
        "type": "Point",
        "coordinates": [-7.85, 41.9152]
      },
      "properties": {
        "bright_ti4": 356.13,
        "scan": 0.56,
        "track": 0.69,
        "acq_date": "2026-09-24",
        "acq_time": "1431",
        "satellite": "N20",
        "instrument": "VIIRS",
        "confidence": "n",
        "version": "2.0NRT",
        "bright_ti5": 325.39,
        "frp": 37.81,
        "daynight": "D",
        "source_dataset": "VIIRS_NOAA20_NRT",
        "acq_datetime_utc": "2026-09-24T14:31:00Z",
        "age_hours": 31,
        "confidence_label": "nominal",
        "popup_label": "<strong>NASA FIRMS<\/strong><br>Sensor: VIIRS_NOAA20_NRT<br>Fecha UTC: 2026-09-24T14:31:00Z<br>Confianza: nominal<br>FRP: 37.81 MW"
      }
    },
    {
      "type": "Feature",
      "geometry": {
        "type": "Point",
        "coordinates": [-7.843, 41.9153]
      },
      "properties": {
        "bright_ti4": 350.81,
        "scan": 0.56,
        "track": 0.69,
        "acq_date": "2026-09-24",
        "acq_time": "1431",
        "satellite": "N20",
        "instrument": "VIIRS",
        "confidence": "n",
        "version": "2.0NRT",
        "bright_ti5": 305.2,
        "frp": 37.81,
        "daynight": "D",
        "source_dataset": "VIIRS_NOAA20_NRT",
        "acq_datetime_utc": "2026-09-24T14:31:00Z",
        "age_hours": 31,
        "confidence_label": "nominal",
        "popup_label": "<strong>NASA FIRMS<\/strong><br>Sensor: VIIRS_NOAA20_NRT<br>Fecha UTC: 2026-09-24T14:31:00Z<br>Confianza: nominal<br>FRP: 37.81 MW"
      }
    },
    {
      "type": "Feature",
      "geometry": {
        "type": "Point",
        "coordinates": [-7.8517, 41.9194]
      },
      "properties": {
        "bright_ti4": 353.38,
        "scan": 0.56,
        "track": 0.69,
        "acq_date": "2026-09-24",
        "acq_time": "1431",
        "satellite": "N20",
        "instrument": "VIIRS",
        "confidence": "n",
        "version": "2.0NRT",
        "bright_ti5": 318.16,
        "frp": 41.86,
        "daynight": "D",
        "source_dataset": "VIIRS_NOAA20_NRT",
        "acq_datetime_utc": "2026-09-24T14:31:00Z",
        "age_hours": 31,
        "confidence_label": "nominal",
        "popup_label": "<strong>NASA FIRMS<\/strong><br>Sensor: VIIRS_NOAA20_NRT<br>Fecha UTC: 2026-09-24T14:31:00Z<br>Confianza: nominal<br>FRP: 41.86 MW"
      }
    },
    {
      "type": "Feature",
      "geometry": {
        "type": "Point",
        "coordinates": [-7.8447, 41.9195]
      },
      "properties": {
        "bright_ti4": 367,
        "scan": 0.56,
        "track": 0.69,
        "acq_date": "2026-09-24",
        "acq_time": "1431",
        "satellite": "N20",
        "instrument": "VIIRS",
        "confidence": "h",
        "version": "2.0NRT",
        "bright_ti5": 320.66,
        "frp": 25.5,
        "daynight": "D",
        "source_dataset": "VIIRS_NOAA20_NRT",
        "acq_datetime_utc": "2026-09-24T14:31:00Z",
        "age_hours": 31,
        "confidence_label": "alta",
        "popup_label": "<strong>NASA FIRMS<\/strong><br>Sensor: VIIRS_NOAA20_NRT<br>Fecha UTC: 2026-09-24T14:31:00Z<br>Confianza: alta<br>FRP: 25.5 MW"
      }
    },
    {
      "type": "Feature",
      "geometry": {
        "type": "Point",
        "coordinates": [-7.8367, 41.9197]
      },
      "properties": {
        "bright_ti4": 367,
        "scan": 0.56,
        "track": 0.69,
        "acq_date": "2026-09-24",
        "acq_time": "1431",
        "satellite": "N20",
        "instrument": "VIIRS",
        "confidence": "h",
        "version": "2.0NRT",
        "bright_ti5": 301.99,
        "frp": 25.5,
        "daynight": "D",
        "source_dataset": "VIIRS_NOAA20_NRT",
        "acq_datetime_utc": "2026-09-24T14:31:00Z",
        "age_hours": 31,
        "confidence_label": "alta",
        "popup_label": "<strong>NASA FIRMS<\/strong><br>Sensor: VIIRS_NOAA20_NRT<br>Fecha UTC: 2026-09-24T14:31:00Z<br>Confianza: alta<br>FRP: 25.5 MW"
      }
    },
    {
      "type": "Feature",
      "geometry": {
        "type": "Point",
        "coordinates": [-7.8518, 41.9215]
      },
      "properties": {
        "bright_ti4": 351.87,
        "scan": 0.56,
        "track": 0.69,
        "acq_date": "2026-09-24",
        "acq_time": "1431",
        "satellite": "N20",
        "instrument": "VIIRS",
        "confidence": "n",
        "version": "2.0NRT",
        "bright_ti5": 315.64,
        "frp": 37.81,
        "daynight": "D",
        "source_dataset": "VIIRS_NOAA20_NRT",
        "acq_datetime_utc": "2026-09-24T14:31:00Z",
        "age_hours": 31,
        "confidence_label": "nominal",
        "popup_label": "<strong>NASA FIRMS<\/strong><br>Sensor: VIIRS_NOAA20_NRT<br>Fecha UTC: 2026-09-24T14:31:00Z<br>Confianza: nominal<br>FRP: 37.81 MW"
      }
    },
    {
      "type": "Feature",
      "geometry": {
        "type": "Point",
        "coordinates": [-7.845, 41.9216]
      },
      "properties": {
        "bright_ti4": 367,
        "scan": 0.56,
        "track": 0.69,
        "acq_date": "2026-09-24",
        "acq_time": "1431",
        "satellite": "N20",
        "instrument": "VIIRS",
        "confidence": "h",
        "version": "2.0NRT",
        "bright_ti5": 325.9,
        "frp": 37.81,
        "daynight": "D",
        "source_dataset": "VIIRS_NOAA20_NRT",
        "acq_datetime_utc": "2026-09-24T14:31:00Z",
        "age_hours": 31,
        "confidence_label": "alta",
        "popup_label": "<strong>NASA FIRMS<\/strong><br>Sensor: VIIRS_NOAA20_NRT<br>Fecha UTC: 2026-09-24T14:31:00Z<br>Confianza: alta<br>FRP: 37.81 MW"
      }
    },
    {
      "type": "Feature",
      "geometry": {
        "type": "Point",
        "coordinates": [-7.8367, 41.9218]
      },
      "properties": {
        "bright_ti4": 367,
        "scan": 0.56,
        "track": 0.69,
        "acq_date": "2026-09-24",
        "acq_time": "1431",
        "satellite": "N20",
        "instrument": "VIIRS",
        "confidence": "h",
        "version": "2.0NRT",
        "bright_ti5": 306.45,
        "frp": 19.03,
        "daynight": "D",
        "source_dataset": "VIIRS_NOAA20_NRT",
        "acq_datetime_utc": "2026-09-24T14:31:00Z",
        "age_hours": 31,
        "confidence_label": "alta",
        "popup_label": "<strong>NASA FIRMS<\/strong><br>Sensor: VIIRS_NOAA20_NRT<br>Fecha UTC: 2026-09-24T14:31:00Z<br>Confianza: alta<br>FRP: 19.03 MW"
      }
    },
    {
      "type": "Feature",
      "geometry": {
        "type": "Point",
        "coordinates": [-7.8292, 41.9219]
      },
      "properties": {
        "bright_ti4": 336.67,
        "scan": 0.56,
        "track": 0.69,
        "acq_date": "2026-09-24",
        "acq_time": "1431",
        "satellite": "N20",
        "instrument": "VIIRS",
        "confidence": "n",
        "version": "2.0NRT",
        "bright_ti5": 297.72,
        "frp": 19.03,
        "daynight": "D",
        "source_dataset": "VIIRS_NOAA20_NRT",
        "acq_datetime_utc": "2026-09-24T14:31:00Z",
        "age_hours": 31,
        "confidence_label": "nominal",
        "popup_label": "<strong>NASA FIRMS<\/strong><br>Sensor: VIIRS_NOAA20_NRT<br>Fecha UTC: 2026-09-24T14:31:00Z<br>Confianza: nominal<br>FRP: 19.03 MW"
      }
    },
    {
      "type": "Feature",
      "geometry": {
        "type": "Point",
        "coordinates": [-7.8534, 41.9257]
      },
      "properties": {
        "bright_ti4": 331.51,
        "scan": 0.56,
        "track": 0.69,
        "acq_date": "2026-09-24",
        "acq_time": "1431",
        "satellite": "N20",
        "instrument": "VIIRS",
        "confidence": "n",
        "version": "2.0NRT",
        "bright_ti5": 302.75,
        "frp": 43.11,
        "daynight": "D",
        "source_dataset": "VIIRS_NOAA20_NRT",
        "acq_datetime_utc": "2026-09-24T14:31:00Z",
        "age_hours": 31,
        "confidence_label": "nominal",
        "popup_label": "<strong>NASA FIRMS<\/strong><br>Sensor: VIIRS_NOAA20_NRT<br>Fecha UTC: 2026-09-24T14:31:00Z<br>Confianza: nominal<br>FRP: 43.11 MW"
      }
    },
    {
      "type": "Feature",
      "geometry": {
        "type": "Point",
        "coordinates": [-7.8473, 41.9258]
      },
      "properties": {
        "bright_ti4": 367,
        "scan": 0.56,
        "track": 0.69,
        "acq_date": "2026-09-24",
        "acq_time": "1431",
        "satellite": "N20",
        "instrument": "VIIRS",
        "confidence": "h",
        "version": "2.0NRT",
        "bright_ti5": 335.77,
        "frp": 92.22,
        "daynight": "D",
        "source_dataset": "VIIRS_NOAA20_NRT",
        "acq_datetime_utc": "2026-09-24T14:31:00Z",
        "age_hours": 31,
        "confidence_label": "alta",
        "popup_label": "<strong>NASA FIRMS<\/strong><br>Sensor: VIIRS_NOAA20_NRT<br>Fecha UTC: 2026-09-24T14:31:00Z<br>Confianza: alta<br>FRP: 92.22 MW"
      }
    },
    {
      "type": "Feature",
      "geometry": {
        "type": "Point",
        "coordinates": [-7.8395, 41.926]
      },
      "properties": {
        "bright_ti4": 367,
        "scan": 0.56,
        "track": 0.69,
        "acq_date": "2026-09-24",
        "acq_time": "1431",
        "satellite": "N20",
        "instrument": "VIIRS",
        "confidence": "l",
        "version": "2.0NRT",
        "bright_ti5": 326.03,
        "frp": 92.22,
        "daynight": "D",
        "source_dataset": "VIIRS_NOAA20_NRT",
        "acq_datetime_utc": "2026-09-24T14:31:00Z",
        "age_hours": 31,
        "confidence_label": "baja",
        "popup_label": "<strong>NASA FIRMS<\/strong><br>Sensor: VIIRS_NOAA20_NRT<br>Fecha UTC: 2026-09-24T14:31:00Z<br>Confianza: baja<br>FRP: 92.22 MW"
      }
    },
    {
      "type": "Feature",
      "geometry": {
        "type": "Point",
        "coordinates": [-7.8235, 41.9264]
      },
      "properties": {
        "bright_ti4": 367,
        "scan": 0.56,
        "track": 0.69,
        "acq_date": "2026-09-24",
        "acq_time": "1431",
        "satellite": "N20",
        "instrument": "VIIRS",
        "confidence": "h",
        "version": "2.0NRT",
        "bright_ti5": 297.32,
        "frp": 200.11,
        "daynight": "D",
        "source_dataset": "VIIRS_NOAA20_NRT",
        "acq_datetime_utc": "2026-09-24T14:31:00Z",
        "age_hours": 31,
        "confidence_label": "alta",
        "popup_label": "<strong>NASA FIRMS<\/strong><br>Sensor: VIIRS_NOAA20_NRT<br>Fecha UTC: 2026-09-24T14:31:00Z<br>Confianza: alta<br>FRP: 200.11 MW"
      }
    },
    {
      "type": "Feature",
      "geometry": {
        "type": "Point",
        "coordinates": [-7.8476, 41.928]
      },
      "properties": {
        "bright_ti4": 367,
        "scan": 0.56,
        "track": 0.69,
        "acq_date": "2026-09-24",
        "acq_time": "1431",
        "satellite": "N20",
        "instrument": "VIIRS",
        "confidence": "l",
        "version": "2.0NRT",
        "bright_ti5": 328.46,
        "frp": 161.01,
        "daynight": "D",
        "source_dataset": "VIIRS_NOAA20_NRT",
        "acq_datetime_utc": "2026-09-24T14:31:00Z",
        "age_hours": 31,
        "confidence_label": "baja",
        "popup_label": "<strong>NASA FIRMS<\/strong><br>Sensor: VIIRS_NOAA20_NRT<br>Fecha UTC: 2026-09-24T14:31:00Z<br>Confianza: baja<br>FRP: 161.01 MW"
      }
    },
    {
      "type": "Feature",
      "geometry": {
        "type": "Point",
        "coordinates": [-7.84, 41.9281]
      },
      "properties": {
        "bright_ti4": 367,
        "scan": 0.56,
        "track": 0.69,
        "acq_date": "2026-09-24",
        "acq_time": "1431",
        "satellite": "N20",
        "instrument": "VIIRS",
        "confidence": "h",
        "version": "2.0NRT",
        "bright_ti5": 331.29,
        "frp": 160.74,
        "daynight": "D",
        "source_dataset": "VIIRS_NOAA20_NRT",
        "acq_datetime_utc": "2026-09-24T14:31:00Z",
        "age_hours": 31,
        "confidence_label": "alta",
        "popup_label": "<strong>NASA FIRMS<\/strong><br>Sensor: VIIRS_NOAA20_NRT<br>Fecha UTC: 2026-09-24T14:31:00Z<br>Confianza: alta<br>FRP: 160.74 MW"
      }
    },
    {
      "type": "Feature",
      "geometry": {
        "type": "Point",
        "coordinates": [-7.8312, 41.9282]
      },
      "properties": {
        "bright_ti4": 367,
        "scan": 0.56,
        "track": 0.69,
        "acq_date": "2026-09-24",
        "acq_time": "1431",
        "satellite": "N20",
        "instrument": "VIIRS",
        "confidence": "h",
        "version": "2.0NRT",
        "bright_ti5": 330.06,
        "frp": 160.74,
        "daynight": "D",
        "source_dataset": "VIIRS_NOAA20_NRT",
        "acq_datetime_utc": "2026-09-24T14:31:00Z",
        "age_hours": 31,
        "confidence_label": "alta",
        "popup_label": "<strong>NASA FIRMS<\/strong><br>Sensor: VIIRS_NOAA20_NRT<br>Fecha UTC: 2026-09-24T14:31:00Z<br>Confianza: alta<br>FRP: 160.74 MW"
      }
    },
    {
      "type": "Feature",
      "geometry": {
        "type": "Point",
        "coordinates": [-7.8234, 41.9284]
      },
      "properties": {
        "bright_ti4": 367,
        "scan": 0.56,
        "track": 0.69,
        "acq_date": "2026-09-24",
        "acq_time": "1431",
        "satellite": "N20",
        "instrument": "VIIRS",
        "confidence": "h",
        "version": "2.0NRT",
        "bright_ti5": 298.22,
        "frp": 80.51,
        "daynight": "D",
        "source_dataset": "VIIRS_NOAA20_NRT",
        "acq_datetime_utc": "2026-09-24T14:31:00Z",
        "age_hours": 31,
        "confidence_label": "alta",
        "popup_label": "<strong>NASA FIRMS<\/strong><br>Sensor: VIIRS_NOAA20_NRT<br>Fecha UTC: 2026-09-24T14:31:00Z<br>Confianza: alta<br>FRP: 80.51 MW"
      }
    },
    {
      "type": "Feature",
      "geometry": {
        "type": "Point",
        "coordinates": [-7.8163, 41.9285]
      },
      "properties": {
        "bright_ti4": 338.71,
        "scan": 0.56,
        "track": 0.69,
        "acq_date": "2026-09-24",
        "acq_time": "1431",
        "satellite": "N20",
        "instrument": "VIIRS",
        "confidence": "n",
        "version": "2.0NRT",
        "bright_ti5": 295.27,
        "frp": 80.51,
        "daynight": "D",
        "source_dataset": "VIIRS_NOAA20_NRT",
        "acq_datetime_utc": "2026-09-24T14:31:00Z",
        "age_hours": 31,
        "confidence_label": "nominal",
        "popup_label": "<strong>NASA FIRMS<\/strong><br>Sensor: VIIRS_NOAA20_NRT<br>Fecha UTC: 2026-09-24T14:31:00Z<br>Confianza: nominal<br>FRP: 80.51 MW"
      }
    },
    {
      "type": "Feature",
      "geometry": {
        "type": "Point",
        "coordinates": [-7.8483, 41.9322]
      },
      "properties": {
        "bright_ti4": 339.42,
        "scan": 0.56,
        "track": 0.69,
        "acq_date": "2026-09-24",
        "acq_time": "1431",
        "satellite": "N20",
        "instrument": "VIIRS",
        "confidence": "n",
        "version": "2.0NRT",
        "bright_ti5": 300.6,
        "frp": 92.22,
        "daynight": "D",
        "source_dataset": "VIIRS_NOAA20_NRT",
        "acq_datetime_utc": "2026-09-24T14:31:00Z",
        "age_hours": 31,
        "confidence_label": "nominal",
        "popup_label": "<strong>NASA FIRMS<\/strong><br>Sensor: VIIRS_NOAA20_NRT<br>Fecha UTC: 2026-09-24T14:31:00Z<br>Confianza: nominal<br>FRP: 92.22 MW"
      }
    },
    {
      "type": "Feature",
      "geometry": {
        "type": "Point",
        "coordinates": [-7.8415, 41.9323]
      },
      "properties": {
        "bright_ti4": 351.59,
        "scan": 0.56,
        "track": 0.69,
        "acq_date": "2026-09-24",
        "acq_time": "1431",
        "satellite": "N20",
        "instrument": "VIIRS",
        "confidence": "n",
        "version": "2.0NRT",
        "bright_ti5": 310.14,
        "frp": 92.22,
        "daynight": "D",
        "source_dataset": "VIIRS_NOAA20_NRT",
        "acq_datetime_utc": "2026-09-24T14:31:00Z",
        "age_hours": 31,
        "confidence_label": "nominal",
        "popup_label": "<strong>NASA FIRMS<\/strong><br>Sensor: VIIRS_NOAA20_NRT<br>Fecha UTC: 2026-09-24T14:31:00Z<br>Confianza: nominal<br>FRP: 92.22 MW"
      }
    },
    {
      "type": "Feature",
      "geometry": {
        "type": "Point",
        "coordinates": [-7.8249, 41.9327]
      },
      "properties": {
        "bright_ti4": 367,
        "scan": 0.56,
        "track": 0.69,
        "acq_date": "2026-09-24",
        "acq_time": "1431",
        "satellite": "N20",
        "instrument": "VIIRS",
        "confidence": "h",
        "version": "2.0NRT",
        "bright_ti5": 296.32,
        "frp": 200.11,
        "daynight": "D",
        "source_dataset": "VIIRS_NOAA20_NRT",
        "acq_datetime_utc": "2026-09-24T14:31:00Z",
        "age_hours": 31,
        "confidence_label": "alta",
        "popup_label": "<strong>NASA FIRMS<\/strong><br>Sensor: VIIRS_NOAA20_NRT<br>Fecha UTC: 2026-09-24T14:31:00Z<br>Confianza: alta<br>FRP: 200.11 MW"
      }
    },
    {
      "type": "Feature",
      "geometry": {
        "type": "Point",
        "coordinates": [-7.8328, 41.9346]
      },
      "properties": {
        "bright_ti4": 345.8,
        "scan": 0.56,
        "track": 0.69,
        "acq_date": "2026-09-24",
        "acq_time": "1431",
        "satellite": "N20",
        "instrument": "VIIRS",
        "confidence": "n",
        "version": "2.0NRT",
        "bright_ti5": 296.77,
        "frp": 160.74,
        "daynight": "D",
        "source_dataset": "VIIRS_NOAA20_NRT",
        "acq_datetime_utc": "2026-09-24T14:31:00Z",
        "age_hours": 31,
        "confidence_label": "nominal",
        "popup_label": "<strong>NASA FIRMS<\/strong><br>Sensor: VIIRS_NOAA20_NRT<br>Fecha UTC: 2026-09-24T14:31:00Z<br>Confianza: nominal<br>FRP: 160.74 MW"
      }
    },
    {
      "type": "Feature",
      "geometry": {
        "type": "Point",
        "coordinates": [-5.329, 43.2176]
      },
      "properties": {
        "bright_ti4": 345.34,
        "scan": 0.76,
        "track": 0.77,
        "acq_date": "2026-09-24",
        "acq_time": "1431",
        "satellite": "N20",
        "instrument": "VIIRS",
        "confidence": "n",
        "version": "2.0NRT",
        "bright_ti5": 304.26,
        "frp": 23.49,
        "daynight": "D",
        "source_dataset": "VIIRS_NOAA20_NRT",
        "acq_datetime_utc": "2026-09-24T14:31:00Z",
        "age_hours": 31,
        "confidence_label": "nominal",
        "popup_label": "<strong>NASA FIRMS<\/strong><br>Sensor: VIIRS_NOAA20_NRT<br>Fecha UTC: 2026-09-24T14:31:00Z<br>Confianza: nominal<br>FRP: 23.49 MW"
      }
    },
    {
      "type": "Feature",
      "geometry": {
        "type": "Point",
        "coordinates": [-5.335, 43.2176]
      },
      "properties": {
        "bright_ti4": 338.9,
        "scan": 0.76,
        "track": 0.77,
        "acq_date": "2026-09-24",
        "acq_time": "1431",
        "satellite": "N20",
        "instrument": "VIIRS",
        "confidence": "n",
        "version": "2.0NRT",
        "bright_ti5": 301.86,
        "frp": 14.09,
        "daynight": "D",
        "source_dataset": "VIIRS_NOAA20_NRT",
        "acq_datetime_utc": "2026-09-24T14:31:00Z",
        "age_hours": 31,
        "confidence_label": "nominal",
        "popup_label": "<strong>NASA FIRMS<\/strong><br>Sensor: VIIRS_NOAA20_NRT<br>Fecha UTC: 2026-09-24T14:31:00Z<br>Confianza: nominal<br>FRP: 14.09 MW"
      }
    },
    {
      "type": "Feature",
      "geometry": {
        "type": "Point",
        "coordinates": [-5.3337, 43.2204]
      },
      "properties": {
        "bright_ti4": 367,
        "scan": 0.76,
        "track": 0.77,
        "acq_date": "2026-09-24",
        "acq_time": "1431",
        "satellite": "N20",
        "instrument": "VIIRS",
        "confidence": "h",
        "version": "2.0NRT",
        "bright_ti5": 306.77,
        "frp": 29.49,
        "daynight": "D",
        "source_dataset": "VIIRS_NOAA20_NRT",
        "acq_datetime_utc": "2026-09-24T14:31:00Z",
        "age_hours": 31,
        "confidence_label": "alta",
        "popup_label": "<strong>NASA FIRMS<\/strong><br>Sensor: VIIRS_NOAA20_NRT<br>Fecha UTC: 2026-09-24T14:31:00Z<br>Confianza: alta<br>FRP: 29.49 MW"
      }
    },
    {
      "type": "Feature",
      "geometry": {
        "type": "Point",
        "coordinates": [-5.7266, 43.5247]
      },
      "properties": {
        "bright_ti4": 331.54,
        "scan": 0.73,
        "track": 0.76,
        "acq_date": "2026-09-24",
        "acq_time": "1431",
        "satellite": "N20",
        "instrument": "VIIRS",
        "confidence": "n",
        "version": "2.0NRT",
        "bright_ti5": 300.15,
        "frp": 6.22,
        "daynight": "D",
        "source_dataset": "VIIRS_NOAA20_NRT",
        "acq_datetime_utc": "2026-09-24T14:31:00Z",
        "age_hours": 31,
        "confidence_label": "nominal",
        "popup_label": "<strong>NASA FIRMS<\/strong><br>Sensor: VIIRS_NOAA20_NRT<br>Fecha UTC: 2026-09-24T14:31:00Z<br>Confianza: nominal<br>FRP: 6.22 MW"
      }
    },
    {
      "type": "Feature",
      "geometry": {
        "type": "Point",
        "coordinates": [-3.4752, 40.2431]
      },
      "properties": {
        "bright_ti4": 335.6,
        "scan": 0.55,
        "track": 0.43,
        "acq_date": "2026-09-24",
        "acq_time": "1251",
        "satellite": "N20",
        "instrument": "VIIRS",
        "confidence": "l",
        "version": "2.0NRT",
        "bright_ti5": 309.55,
        "frp": 2.53,
        "daynight": "D",
        "source_dataset": "VIIRS_NOAA20_NRT",
        "acq_datetime_utc": "2026-09-24T12:51:00Z",
        "age_hours": 32.7,
        "confidence_label": "baja",
        "popup_label": "<strong>NASA FIRMS<\/strong><br>Sensor: VIIRS_NOAA20_NRT<br>Fecha UTC: 2026-09-24T12:51:00Z<br>Confianza: baja<br>FRP: 2.53 MW"
      }
    },
    {
      "type": "Feature",
      "geometry": {
        "type": "Point",
        "coordinates": [-3.8107, 40.3373]
      },
      "properties": {
        "bright_ti4": 338.27,
        "scan": 0.57,
        "track": 0.43,
        "acq_date": "2026-09-24",
        "acq_time": "1251",
        "satellite": "N20",
        "instrument": "VIIRS",
        "confidence": "n",
        "version": "2.0NRT",
        "bright_ti5": 309.77,
        "frp": 3.96,
        "daynight": "D",
        "source_dataset": "VIIRS_NOAA20_NRT",
        "acq_datetime_utc": "2026-09-24T12:51:00Z",
        "age_hours": 32.7,
        "confidence_label": "nominal",
        "popup_label": "<strong>NASA FIRMS<\/strong><br>Sensor: VIIRS_NOAA20_NRT<br>Fecha UTC: 2026-09-24T12:51:00Z<br>Confianza: nominal<br>FRP: 3.96 MW"
      }
    },
    {
      "type": "Feature",
      "geometry": {
        "type": "Point",
        "coordinates": [-0.1716, 41.0893]
      },
      "properties": {
        "bright_ti4": 338.86,
        "scan": 0.41,
        "track": 0.37,
        "acq_date": "2026-09-24",
        "acq_time": "1251",
        "satellite": "N20",
        "instrument": "VIIRS",
        "confidence": "n",
        "version": "2.0NRT",
        "bright_ti5": 307.46,
        "frp": 3.96,
        "daynight": "D",
        "source_dataset": "VIIRS_NOAA20_NRT",
        "acq_datetime_utc": "2026-09-24T12:51:00Z",
        "age_hours": 32.7,
        "confidence_label": "nominal",
        "popup_label": "<strong>NASA FIRMS<\/strong><br>Sensor: VIIRS_NOAA20_NRT<br>Fecha UTC: 2026-09-24T12:51:00Z<br>Confianza: nominal<br>FRP: 3.96 MW"
      }
    },
    {
      "type": "Feature",
      "geometry": {
        "type": "Point",
        "coordinates": [-0.1737, 41.096]
      },
      "properties": {
        "bright_ti4": 335.46,
        "scan": 0.41,
        "track": 0.37,
        "acq_date": "2026-09-24",
        "acq_time": "1251",
        "satellite": "N20",
        "instrument": "VIIRS",
        "confidence": "l",
        "version": "2.0NRT",
        "bright_ti5": 309.06,
        "frp": 1.83,
        "daynight": "D",
        "source_dataset": "VIIRS_NOAA20_NRT",
        "acq_datetime_utc": "2026-09-24T12:51:00Z",
        "age_hours": 32.7,
        "confidence_label": "baja",
        "popup_label": "<strong>NASA FIRMS<\/strong><br>Sensor: VIIRS_NOAA20_NRT<br>Fecha UTC: 2026-09-24T12:51:00Z<br>Confianza: baja<br>FRP: 1.83 MW"
      }
    },
    {
      "type": "Feature",
      "geometry": {
        "type": "Point",
        "coordinates": [-0.1747, 41.0994]
      },
      "properties": {
        "bright_ti4": 342.94,
        "scan": 0.41,
        "track": 0.37,
        "acq_date": "2026-09-24",
        "acq_time": "1251",
        "satellite": "N20",
        "instrument": "VIIRS",
        "confidence": "n",
        "version": "2.0NRT",
        "bright_ti5": 308.46,
        "frp": 1.83,
        "daynight": "D",
        "source_dataset": "VIIRS_NOAA20_NRT",
        "acq_datetime_utc": "2026-09-24T12:51:00Z",
        "age_hours": 32.7,
        "confidence_label": "nominal",
        "popup_label": "<strong>NASA FIRMS<\/strong><br>Sensor: VIIRS_NOAA20_NRT<br>Fecha UTC: 2026-09-24T12:51:00Z<br>Confianza: nominal<br>FRP: 1.83 MW"
      }
    },
    {
      "type": "Feature",
      "geometry": {
        "type": "Point",
        "coordinates": [-0.4584, 41.2585]
      },
      "properties": {
        "bright_ti4": 341.17,
        "scan": 0.41,
        "track": 0.37,
        "acq_date": "2026-09-24",
        "acq_time": "1251",
        "satellite": "N20",
        "instrument": "VIIRS",
        "confidence": "n",
        "version": "2.0NRT",
        "bright_ti5": 307.76,
        "frp": 4.83,
        "daynight": "D",
        "source_dataset": "VIIRS_NOAA20_NRT",
        "acq_datetime_utc": "2026-09-24T12:51:00Z",
        "age_hours": 32.7,
        "confidence_label": "nominal",
        "popup_label": "<strong>NASA FIRMS<\/strong><br>Sensor: VIIRS_NOAA20_NRT<br>Fecha UTC: 2026-09-24T12:51:00Z<br>Confianza: nominal<br>FRP: 4.83 MW"
      }
    },
    {
      "type": "Feature",
      "geometry": {
        "type": "Point",
        "coordinates": [-0.4438, 41.2611]
      },
      "properties": {
        "bright_ti4": 341.26,
        "scan": 0.41,
        "track": 0.37,
        "acq_date": "2026-09-24",
        "acq_time": "1251",
        "satellite": "N20",
        "instrument": "VIIRS",
        "confidence": "n",
        "version": "2.0NRT",
        "bright_ti5": 307.95,
        "frp": 7.49,
        "daynight": "D",
        "source_dataset": "VIIRS_NOAA20_NRT",
        "acq_datetime_utc": "2026-09-24T12:51:00Z",
        "age_hours": 32.7,
        "confidence_label": "nominal",
        "popup_label": "<strong>NASA FIRMS<\/strong><br>Sensor: VIIRS_NOAA20_NRT<br>Fecha UTC: 2026-09-24T12:51:00Z<br>Confianza: nominal<br>FRP: 7.49 MW"
      }
    },
    {
      "type": "Feature",
      "geometry": {
        "type": "Point",
        "coordinates": [-7.6423, 41.323]
      },
      "properties": {
        "bright_ti4": 339.58,
        "scan": 0.55,
        "track": 0.51,
        "acq_date": "2026-09-24",
        "acq_time": "1251",
        "satellite": "N20",
        "instrument": "VIIRS",
        "confidence": "n",
        "version": "2.0NRT",
        "bright_ti5": 300.24,
        "frp": 75.75,
        "daynight": "D",
        "source_dataset": "VIIRS_NOAA20_NRT",
        "acq_datetime_utc": "2026-09-24T12:51:00Z",
        "age_hours": 32.7,
        "confidence_label": "nominal",
        "popup_label": "<strong>NASA FIRMS<\/strong><br>Sensor: VIIRS_NOAA20_NRT<br>Fecha UTC: 2026-09-24T12:51:00Z<br>Confianza: nominal<br>FRP: 75.75 MW"
      }
    },
    {
      "type": "Feature",
      "geometry": {
        "type": "Point",
        "coordinates": [-8.1444, 41.5359]
      },
      "properties": {
        "bright_ti4": 342.03,
        "scan": 0.57,
        "track": 0.52,
        "acq_date": "2026-09-24",
        "acq_time": "1251",
        "satellite": "N20",
        "instrument": "VIIRS",
        "confidence": "n",
        "version": "2.0NRT",
        "bright_ti5": 304.48,
        "frp": 6.48,
        "daynight": "D",
        "source_dataset": "VIIRS_NOAA20_NRT",
        "acq_datetime_utc": "2026-09-24T12:51:00Z",
        "age_hours": 32.7,
        "confidence_label": "nominal",
        "popup_label": "<strong>NASA FIRMS<\/strong><br>Sensor: VIIRS_NOAA20_NRT<br>Fecha UTC: 2026-09-24T12:51:00Z<br>Confianza: nominal<br>FRP: 6.48 MW"
      }
    },
    {
      "type": "Feature",
      "geometry": {
        "type": "Point",
        "coordinates": [-0.9958, 41.6237]
      },
      "properties": {
        "bright_ti4": 341.53,
        "scan": 0.42,
        "track": 0.38,
        "acq_date": "2026-09-24",
        "acq_time": "1251",
        "satellite": "N20",
        "instrument": "VIIRS",
        "confidence": "n",
        "version": "2.0NRT",
        "bright_ti5": 306.33,
        "frp": 2.03,
        "daynight": "D",
        "source_dataset": "VIIRS_NOAA20_NRT",
        "acq_datetime_utc": "2026-09-24T12:51:00Z",
        "age_hours": 32.7,
        "confidence_label": "nominal",
        "popup_label": "<strong>NASA FIRMS<\/strong><br>Sensor: VIIRS_NOAA20_NRT<br>Fecha UTC: 2026-09-24T12:51:00Z<br>Confianza: nominal<br>FRP: 2.03 MW"
      }
    },
    {
      "type": "Feature",
      "geometry": {
        "type": "Point",
        "coordinates": [-1.2541, 41.7086]
      },
      "properties": {
        "bright_ti4": 345.46,
        "scan": 0.43,
        "track": 0.38,
        "acq_date": "2026-09-24",
        "acq_time": "1251",
        "satellite": "N20",
        "instrument": "VIIRS",
        "confidence": "n",
        "version": "2.0NRT",
        "bright_ti5": 304.55,
        "frp": 2.67,
        "daynight": "D",
        "source_dataset": "VIIRS_NOAA20_NRT",
        "acq_datetime_utc": "2026-09-24T12:51:00Z",
        "age_hours": 32.7,
        "confidence_label": "nominal",
        "popup_label": "<strong>NASA FIRMS<\/strong><br>Sensor: VIIRS_NOAA20_NRT<br>Fecha UTC: 2026-09-24T12:51:00Z<br>Confianza: nominal<br>FRP: 2.67 MW"
      }
    },
    {
      "type": "Feature",
      "geometry": {
        "type": "Point",
        "coordinates": [-7.844, 41.9134]
      },
      "properties": {
        "bright_ti4": 340.85,
        "scan": 0.54,
        "track": 0.51,
        "acq_date": "2026-09-24",
        "acq_time": "1251",
        "satellite": "N20",
        "instrument": "VIIRS",
        "confidence": "n",
        "version": "2.0NRT",
        "bright_ti5": 302.07,
        "frp": 167.48,
        "daynight": "D",
        "source_dataset": "VIIRS_NOAA20_NRT",
        "acq_datetime_utc": "2026-09-24T12:51:00Z",
        "age_hours": 32.7,
        "confidence_label": "nominal",
        "popup_label": "<strong>NASA FIRMS<\/strong><br>Sensor: VIIRS_NOAA20_NRT<br>Fecha UTC: 2026-09-24T12:51:00Z<br>Confianza: nominal<br>FRP: 167.48 MW"
      }
    },
    {
      "type": "Feature",
      "geometry": {
        "type": "Point",
        "coordinates": [-7.8519, 41.9163]
      },
      "properties": {
        "bright_ti4": 367,
        "scan": 0.54,
        "track": 0.51,
        "acq_date": "2026-09-24",
        "acq_time": "1251",
        "satellite": "N20",
        "instrument": "VIIRS",
        "confidence": "l",
        "version": "2.0NRT",
        "bright_ti5": 353.61,
        "frp": 268.69,
        "daynight": "D",
        "source_dataset": "VIIRS_NOAA20_NRT",
        "acq_datetime_utc": "2026-09-24T12:51:00Z",
        "age_hours": 32.7,
        "confidence_label": "baja",
        "popup_label": "<strong>NASA FIRMS<\/strong><br>Sensor: VIIRS_NOAA20_NRT<br>Fecha UTC: 2026-09-24T12:51:00Z<br>Confianza: baja<br>FRP: 268.69 MW"
      }
    },
    {
      "type": "Feature",
      "geometry": {
        "type": "Point",
        "coordinates": [-7.8603, 41.9192]
      },
      "properties": {
        "bright_ti4": 330.63,
        "scan": 0.54,
        "track": 0.51,
        "acq_date": "2026-09-24",
        "acq_time": "1251",
        "satellite": "N20",
        "instrument": "VIIRS",
        "confidence": "n",
        "version": "2.0NRT",
        "bright_ti5": 300.5,
        "frp": 101.39,
        "daynight": "D",
        "source_dataset": "VIIRS_NOAA20_NRT",
        "acq_datetime_utc": "2026-09-24T12:51:00Z",
        "age_hours": 32.7,
        "confidence_label": "nominal",
        "popup_label": "<strong>NASA FIRMS<\/strong><br>Sensor: VIIRS_NOAA20_NRT<br>Fecha UTC: 2026-09-24T12:51:00Z<br>Confianza: nominal<br>FRP: 101.39 MW"
      }
    },
    {
      "type": "Feature",
      "geometry": {
        "type": "Point",
        "coordinates": [-7.8533, 41.9209]
      },
      "properties": {
        "bright_ti4": 367,
        "scan": 0.54,
        "track": 0.51,
        "acq_date": "2026-09-24",
        "acq_time": "1251",
        "satellite": "N20",
        "instrument": "VIIRS",
        "confidence": "h",
        "version": "2.0NRT",
        "bright_ti5": 332.28,
        "frp": 101.39,
        "daynight": "D",
        "source_dataset": "VIIRS_NOAA20_NRT",
        "acq_datetime_utc": "2026-09-24T12:51:00Z",
        "age_hours": 32.7,
        "confidence_label": "alta",
        "popup_label": "<strong>NASA FIRMS<\/strong><br>Sensor: VIIRS_NOAA20_NRT<br>Fecha UTC: 2026-09-24T12:51:00Z<br>Confianza: alta<br>FRP: 101.39 MW"
      }
    },
    {
      "type": "Feature",
      "geometry": {
        "type": "Point",
        "coordinates": [-7.8467, 41.9226]
      },
      "properties": {
        "bright_ti4": 367,
        "scan": 0.54,
        "track": 0.51,
        "acq_date": "2026-09-24",
        "acq_time": "1251",
        "satellite": "N20",
        "instrument": "VIIRS",
        "confidence": "l",
        "version": "2.0NRT",
        "bright_ti5": 373.15,
        "frp": 358.78,
        "daynight": "D",
        "source_dataset": "VIIRS_NOAA20_NRT",
        "acq_datetime_utc": "2026-09-24T12:51:00Z",
        "age_hours": 32.7,
        "confidence_label": "baja",
        "popup_label": "<strong>NASA FIRMS<\/strong><br>Sensor: VIIRS_NOAA20_NRT<br>Fecha UTC: 2026-09-24T12:51:00Z<br>Confianza: baja<br>FRP: 358.78 MW"
      }
    },
    {
      "type": "Feature",
      "geometry": {
        "type": "Point",
        "coordinates": [-7.8406, 41.9241]
      },
      "properties": {
        "bright_ti4": 343.83,
        "scan": 0.54,
        "track": 0.51,
        "acq_date": "2026-09-24",
        "acq_time": "1251",
        "satellite": "N20",
        "instrument": "VIIRS",
        "confidence": "n",
        "version": "2.0NRT",
        "bright_ti5": 299.92,
        "frp": 358.78,
        "daynight": "D",
        "source_dataset": "VIIRS_NOAA20_NRT",
        "acq_datetime_utc": "2026-09-24T12:51:00Z",
        "age_hours": 32.7,
        "confidence_label": "nominal",
        "popup_label": "<strong>NASA FIRMS<\/strong><br>Sensor: VIIRS_NOAA20_NRT<br>Fecha UTC: 2026-09-24T12:51:00Z<br>Confianza: nominal<br>FRP: 358.78 MW"
      }
    },
    {
      "type": "Feature",
      "geometry": {
        "type": "Point",
        "coordinates": [-7.8548, 41.9255]
      },
      "properties": {
        "bright_ti4": 337.88,
        "scan": 0.54,
        "track": 0.51,
        "acq_date": "2026-09-24",
        "acq_time": "1251",
        "satellite": "N20",
        "instrument": "VIIRS",
        "confidence": "n",
        "version": "2.0NRT",
        "bright_ti5": 296.14,
        "frp": 101.39,
        "daynight": "D",
        "source_dataset": "VIIRS_NOAA20_NRT",
        "acq_datetime_utc": "2026-09-24T12:51:00Z",
        "age_hours": 32.7,
        "confidence_label": "nominal",
        "popup_label": "<strong>NASA FIRMS<\/strong><br>Sensor: VIIRS_NOAA20_NRT<br>Fecha UTC: 2026-09-24T12:51:00Z<br>Confianza: nominal<br>FRP: 101.39 MW"
      }
    },
    {
      "type": "Feature",
      "geometry": {
        "type": "Point",
        "coordinates": [-7.8478, 41.9272]
      },
      "properties": {
        "bright_ti4": 340.71,
        "scan": 0.54,
        "track": 0.51,
        "acq_date": "2026-09-24",
        "acq_time": "1251",
        "satellite": "N20",
        "instrument": "VIIRS",
        "confidence": "n",
        "version": "2.0NRT",
        "bright_ti5": 294.06,
        "frp": 358.78,
        "daynight": "D",
        "source_dataset": "VIIRS_NOAA20_NRT",
        "acq_datetime_utc": "2026-09-24T12:51:00Z",
        "age_hours": 32.7,
        "confidence_label": "nominal",
        "popup_label": "<strong>NASA FIRMS<\/strong><br>Sensor: VIIRS_NOAA20_NRT<br>Fecha UTC: 2026-09-24T12:51:00Z<br>Confianza: nominal<br>FRP: 358.78 MW"
      }
    },
    {
      "type": "Feature",
      "geometry": {
        "type": "Point",
        "coordinates": [-7.254, 42.0722]
      },
      "properties": {
        "bright_ti4": 299.05,
        "scan": 0.5,
        "track": 0.49,
        "acq_date": "2026-09-24",
        "acq_time": "1251",
        "satellite": "N20",
        "instrument": "VIIRS",
        "confidence": "l",
        "version": "2.0NRT",
        "bright_ti5": 319.54,
        "frp": 72.39,
        "daynight": "D",
        "source_dataset": "VIIRS_NOAA20_NRT",
        "acq_datetime_utc": "2026-09-24T12:51:00Z",
        "age_hours": 32.7,
        "confidence_label": "baja",
        "popup_label": "<strong>NASA FIRMS<\/strong><br>Sensor: VIIRS_NOAA20_NRT<br>Fecha UTC: 2026-09-24T12:51:00Z<br>Confianza: baja<br>FRP: 72.39 MW"
      }
    },
    {
      "type": "Feature",
      "geometry": {
        "type": "Point",
        "coordinates": [-7.2483, 42.0736]
      },
      "properties": {
        "bright_ti4": 341.47,
        "scan": 0.5,
        "track": 0.49,
        "acq_date": "2026-09-24",
        "acq_time": "1251",
        "satellite": "N20",
        "instrument": "VIIRS",
        "confidence": "n",
        "version": "2.0NRT",
        "bright_ti5": 304.9,
        "frp": 67.59,
        "daynight": "D",
        "source_dataset": "VIIRS_NOAA20_NRT",
        "acq_datetime_utc": "2026-09-24T12:51:00Z",
        "age_hours": 32.7,
        "confidence_label": "nominal",
        "popup_label": "<strong>NASA FIRMS<\/strong><br>Sensor: VIIRS_NOAA20_NRT<br>Fecha UTC: 2026-09-24T12:51:00Z<br>Confianza: nominal<br>FRP: 67.59 MW"
      }
    },
    {
      "type": "Feature",
      "geometry": {
        "type": "Point",
        "coordinates": [-2.6718, 42.8633]
      },
      "properties": {
        "bright_ti4": 338.38,
        "scan": 0.46,
        "track": 0.39,
        "acq_date": "2026-09-24",
        "acq_time": "1251",
        "satellite": "N20",
        "instrument": "VIIRS",
        "confidence": "l",
        "version": "2.0NRT",
        "bright_ti5": 309.67,
        "frp": 2.67,
        "daynight": "D",
        "source_dataset": "VIIRS_NOAA20_NRT",
        "acq_datetime_utc": "2026-09-24T12:51:00Z",
        "age_hours": 32.7,
        "confidence_label": "baja",
        "popup_label": "<strong>NASA FIRMS<\/strong><br>Sensor: VIIRS_NOAA20_NRT<br>Fecha UTC: 2026-09-24T12:51:00Z<br>Confianza: baja<br>FRP: 2.67 MW"
      }
    },
    {
      "type": "Feature",
      "geometry": {
        "type": "Point",
        "coordinates": [-5.3333, 43.2192]
      },
      "properties": {
        "bright_ti4": 341.62,
        "scan": 0.39,
        "track": 0.44,
        "acq_date": "2026-09-24",
        "acq_time": "1251",
        "satellite": "N20",
        "instrument": "VIIRS",
        "confidence": "n",
        "version": "2.0NRT",
        "bright_ti5": 309.87,
        "frp": 7.97,
        "daynight": "D",
        "source_dataset": "VIIRS_NOAA20_NRT",
        "acq_datetime_utc": "2026-09-24T12:51:00Z",
        "age_hours": 32.7,
        "confidence_label": "nominal",
        "popup_label": "<strong>NASA FIRMS<\/strong><br>Sensor: VIIRS_NOAA20_NRT<br>Fecha UTC: 2026-09-24T12:51:00Z<br>Confianza: nominal<br>FRP: 7.97 MW"
      }
    },
    {
      "type": "Feature",
      "geometry": {
        "type": "Point",
        "coordinates": [-5.3277, 43.2204]
      },
      "properties": {
        "bright_ti4": 336.71,
        "scan": 0.39,
        "track": 0.44,
        "acq_date": "2026-09-24",
        "acq_time": "1251",
        "satellite": "N20",
        "instrument": "VIIRS",
        "confidence": "n",
        "version": "2.0NRT",
        "bright_ti5": 308.06,
        "frp": 6.02,
        "daynight": "D",
        "source_dataset": "VIIRS_NOAA20_NRT",
        "acq_datetime_utc": "2026-09-24T12:51:00Z",
        "age_hours": 32.7,
        "confidence_label": "nominal",
        "popup_label": "<strong>NASA FIRMS<\/strong><br>Sensor: VIIRS_NOAA20_NRT<br>Fecha UTC: 2026-09-24T12:51:00Z<br>Confianza: nominal<br>FRP: 6.02 MW"
      }
    },
    {
      "type": "Feature",
      "geometry": {
        "type": "Point",
        "coordinates": [-5.3345, 43.2231]
      },
      "properties": {
        "bright_ti4": 367,
        "scan": 0.39,
        "track": 0.44,
        "acq_date": "2026-09-24",
        "acq_time": "1251",
        "satellite": "N20",
        "instrument": "VIIRS",
        "confidence": "h",
        "version": "2.0NRT",
        "bright_ti5": 334.98,
        "frp": 86.22,
        "daynight": "D",
        "source_dataset": "VIIRS_NOAA20_NRT",
        "acq_datetime_utc": "2026-09-24T12:51:00Z",
        "age_hours": 32.7,
        "confidence_label": "alta",
        "popup_label": "<strong>NASA FIRMS<\/strong><br>Sensor: VIIRS_NOAA20_NRT<br>Fecha UTC: 2026-09-24T12:51:00Z<br>Confianza: alta<br>FRP: 86.22 MW"
      }
    },
    {
      "type": "Feature",
      "geometry": {
        "type": "Point",
        "coordinates": [-5.3293, 43.2242]
      },
      "properties": {
        "bright_ti4": 332.91,
        "scan": 0.39,
        "track": 0.44,
        "acq_date": "2026-09-24",
        "acq_time": "1251",
        "satellite": "N20",
        "instrument": "VIIRS",
        "confidence": "n",
        "version": "2.0NRT",
        "bright_ti5": 304.18,
        "frp": 7.94,
        "daynight": "D",
        "source_dataset": "VIIRS_NOAA20_NRT",
        "acq_datetime_utc": "2026-09-24T12:51:00Z",
        "age_hours": 32.7,
        "confidence_label": "nominal",
        "popup_label": "<strong>NASA FIRMS<\/strong><br>Sensor: VIIRS_NOAA20_NRT<br>Fecha UTC: 2026-09-24T12:51:00Z<br>Confianza: nominal<br>FRP: 7.94 MW"
      }
    },
    {
      "type": "Feature",
      "geometry": {
        "type": "Point",
        "coordinates": [0.0603, 43.2687]
      },
      "properties": {
        "bright_ti4": 339.5,
        "scan": 0.39,
        "track": 0.36,
        "acq_date": "2026-09-24",
        "acq_time": "1251",
        "satellite": "N20",
        "instrument": "VIIRS",
        "confidence": "n",
        "version": "2.0NRT",
        "bright_ti5": 301.54,
        "frp": 2.55,
        "daynight": "D",
        "source_dataset": "VIIRS_NOAA20_NRT",
        "acq_datetime_utc": "2026-09-24T12:51:00Z",
        "age_hours": 32.7,
        "confidence_label": "nominal",
        "popup_label": "<strong>NASA FIRMS<\/strong><br>Sensor: VIIRS_NOAA20_NRT<br>Fecha UTC: 2026-09-24T12:51:00Z<br>Confianza: nominal<br>FRP: 2.55 MW"
      }
    },
    {
      "type": "Feature",
      "geometry": {
        "type": "Point",
        "coordinates": [-2.0196, 43.2713]
      },
      "properties": {
        "bright_ti4": 334.16,
        "scan": 0.43,
        "track": 0.38,
        "acq_date": "2026-09-24",
        "acq_time": "1251",
        "satellite": "N20",
        "instrument": "VIIRS",
        "confidence": "l",
        "version": "2.0NRT",
        "bright_ti5": 305.39,
        "frp": 3.65,
        "daynight": "D",
        "source_dataset": "VIIRS_NOAA20_NRT",
        "acq_datetime_utc": "2026-09-24T12:51:00Z",
        "age_hours": 32.7,
        "confidence_label": "baja",
        "popup_label": "<strong>NASA FIRMS<\/strong><br>Sensor: VIIRS_NOAA20_NRT<br>Fecha UTC: 2026-09-24T12:51:00Z<br>Confianza: baja<br>FRP: 3.65 MW"
      }
    },
    {
      "type": "Feature",
      "geometry": {
        "type": "Point",
        "coordinates": [-4.8166, 43.3094]
      },
      "properties": {
        "bright_ti4": 334.85,
        "scan": 0.55,
        "track": 0.42,
        "acq_date": "2026-09-24",
        "acq_time": "1251",
        "satellite": "N20",
        "instrument": "VIIRS",
        "confidence": "n",
        "version": "2.0NRT",
        "bright_ti5": 309.25,
        "frp": 9.84,
        "daynight": "D",
        "source_dataset": "VIIRS_NOAA20_NRT",
        "acq_datetime_utc": "2026-09-24T12:51:00Z",
        "age_hours": 32.7,
        "confidence_label": "nominal",
        "popup_label": "<strong>NASA FIRMS<\/strong><br>Sensor: VIIRS_NOAA20_NRT<br>Fecha UTC: 2026-09-24T12:51:00Z<br>Confianza: nominal<br>FRP: 9.84 MW"
      }
    },
    {
      "type": "Feature",
      "geometry": {
        "type": "Point",
        "coordinates": [4.8824, 43.4417]
      },
      "properties": {
        "bright_ti4": 332.77,
        "scan": 0.43,
        "track": 0.38,
        "acq_date": "2026-09-24",
        "acq_time": "1251",
        "satellite": "N20",
        "instrument": "VIIRS",
        "confidence": "n",
        "version": "2.0NRT",
        "bright_ti5": 293.51,
        "frp": 3.58,
        "daynight": "D",
        "source_dataset": "VIIRS_NOAA20_NRT",
        "acq_datetime_utc": "2026-09-24T12:51:00Z",
        "age_hours": 32.7,
        "confidence_label": "nominal",
        "popup_label": "<strong>NASA FIRMS<\/strong><br>Sensor: VIIRS_NOAA20_NRT<br>Fecha UTC: 2026-09-24T12:51:00Z<br>Confianza: nominal<br>FRP: 3.58 MW"
      }
    },
    {
      "type": "Feature",
      "geometry": {
        "type": "Point",
        "coordinates": [4.8795, 43.4419]
      },
      "properties": {
        "bright_ti4": 333.66,
        "scan": 0.43,
        "track": 0.38,
        "acq_date": "2026-09-24",
        "acq_time": "1251",
        "satellite": "N20",
        "instrument": "VIIRS",
        "confidence": "n",
        "version": "2.0NRT",
        "bright_ti5": 293.55,
        "frp": 3.56,
        "daynight": "D",
        "source_dataset": "VIIRS_NOAA20_NRT",
        "acq_datetime_utc": "2026-09-24T12:51:00Z",
        "age_hours": 32.7,
        "confidence_label": "nominal",
        "popup_label": "<strong>NASA FIRMS<\/strong><br>Sensor: VIIRS_NOAA20_NRT<br>Fecha UTC: 2026-09-24T12:51:00Z<br>Confianza: nominal<br>FRP: 3.56 MW"
      }
    },
    {
      "type": "Feature",
      "geometry": {
        "type": "Point",
        "coordinates": [4.8848, 43.4426]
      },
      "properties": {
        "bright_ti4": 325.46,
        "scan": 0.43,
        "track": 0.38,
        "acq_date": "2026-09-24",
        "acq_time": "1251",
        "satellite": "N20",
        "instrument": "VIIRS",
        "confidence": "n",
        "version": "2.0NRT",
        "bright_ti5": 293.68,
        "frp": 2.45,
        "daynight": "D",
        "source_dataset": "VIIRS_NOAA20_NRT",
        "acq_datetime_utc": "2026-09-24T12:51:00Z",
        "age_hours": 32.7,
        "confidence_label": "nominal",
        "popup_label": "<strong>NASA FIRMS<\/strong><br>Sensor: VIIRS_NOAA20_NRT<br>Fecha UTC: 2026-09-24T12:51:00Z<br>Confianza: nominal<br>FRP: 2.45 MW"
      }
    },
    {
      "type": "Feature",
      "geometry": {
        "type": "Point",
        "coordinates": [4.8985, 43.4436]
      },
      "properties": {
        "bright_ti4": 337.45,
        "scan": 0.43,
        "track": 0.38,
        "acq_date": "2026-09-24",
        "acq_time": "1251",
        "satellite": "N20",
        "instrument": "VIIRS",
        "confidence": "n",
        "version": "2.0NRT",
        "bright_ti5": 294.69,
        "frp": 2.84,
        "daynight": "D",
        "source_dataset": "VIIRS_NOAA20_NRT",
        "acq_datetime_utc": "2026-09-24T12:51:00Z",
        "age_hours": 32.7,
        "confidence_label": "nominal",
        "popup_label": "<strong>NASA FIRMS<\/strong><br>Sensor: VIIRS_NOAA20_NRT<br>Fecha UTC: 2026-09-24T12:51:00Z<br>Confianza: nominal<br>FRP: 2.84 MW"
      }
    },
    {
      "type": "Feature",
      "geometry": {
        "type": "Point",
        "coordinates": [4.8955, 43.4439]
      },
      "properties": {
        "bright_ti4": 325.17,
        "scan": 0.43,
        "track": 0.38,
        "acq_date": "2026-09-24",
        "acq_time": "1251",
        "satellite": "N20",
        "instrument": "VIIRS",
        "confidence": "n",
        "version": "2.0NRT",
        "bright_ti5": 293.68,
        "frp": 1.95,
        "daynight": "D",
        "source_dataset": "VIIRS_NOAA20_NRT",
        "acq_datetime_utc": "2026-09-24T12:51:00Z",
        "age_hours": 32.7,
        "confidence_label": "nominal",
        "popup_label": "<strong>NASA FIRMS<\/strong><br>Sensor: VIIRS_NOAA20_NRT<br>Fecha UTC: 2026-09-24T12:51:00Z<br>Confianza: nominal<br>FRP: 1.95 MW"
      }
    },
    {
      "type": "Feature",
      "geometry": {
        "type": "Point",
        "coordinates": [4.9009, 43.4445]
      },
      "properties": {
        "bright_ti4": 327.77,
        "scan": 0.44,
        "track": 0.38,
        "acq_date": "2026-09-24",
        "acq_time": "1251",
        "satellite": "N20",
        "instrument": "VIIRS",
        "confidence": "n",
        "version": "2.0NRT",
        "bright_ti5": 293.8,
        "frp": 1.95,
        "daynight": "D",
        "source_dataset": "VIIRS_NOAA20_NRT",
        "acq_datetime_utc": "2026-09-24T12:51:00Z",
        "age_hours": 32.7,
        "confidence_label": "nominal",
        "popup_label": "<strong>NASA FIRMS<\/strong><br>Sensor: VIIRS_NOAA20_NRT<br>Fecha UTC: 2026-09-24T12:51:00Z<br>Confianza: nominal<br>FRP: 1.95 MW"
      }
    },
    {
      "type": "Feature",
      "geometry": {
        "type": "Point",
        "coordinates": [4.8977, 43.4471]
      },
      "properties": {
        "bright_ti4": 326.87,
        "scan": 0.43,
        "track": 0.38,
        "acq_date": "2026-09-24",
        "acq_time": "1251",
        "satellite": "N20",
        "instrument": "VIIRS",
        "confidence": "n",
        "version": "2.0NRT",
        "bright_ti5": 293.27,
        "frp": 2.84,
        "daynight": "D",
        "source_dataset": "VIIRS_NOAA20_NRT",
        "acq_datetime_utc": "2026-09-24T12:51:00Z",
        "age_hours": 32.7,
        "confidence_label": "nominal",
        "popup_label": "<strong>NASA FIRMS<\/strong><br>Sensor: VIIRS_NOAA20_NRT<br>Fecha UTC: 2026-09-24T12:51:00Z<br>Confianza: nominal<br>FRP: 2.84 MW"
      }
    },
    {
      "type": "Feature",
      "geometry": {
        "type": "Point",
        "coordinates": [4.8947, 43.4474]
      },
      "properties": {
        "bright_ti4": 325.58,
        "scan": 0.43,
        "track": 0.38,
        "acq_date": "2026-09-24",
        "acq_time": "1251",
        "satellite": "N20",
        "instrument": "VIIRS",
        "confidence": "n",
        "version": "2.0NRT",
        "bright_ti5": 293.98,
        "frp": 1.95,
        "daynight": "D",
        "source_dataset": "VIIRS_NOAA20_NRT",
        "acq_datetime_utc": "2026-09-24T12:51:00Z",
        "age_hours": 32.7,
        "confidence_label": "nominal",
        "popup_label": "<strong>NASA FIRMS<\/strong><br>Sensor: VIIRS_NOAA20_NRT<br>Fecha UTC: 2026-09-24T12:51:00Z<br>Confianza: nominal<br>FRP: 1.95 MW"
      }
    },
    {
      "type": "Feature",
      "geometry": {
        "type": "Point",
        "coordinates": [-5.7332, 43.5236]
      },
      "properties": {
        "bright_ti4": 352.09,
        "scan": 0.39,
        "track": 0.44,
        "acq_date": "2026-09-24",
        "acq_time": "1251",
        "satellite": "N20",
        "instrument": "VIIRS",
        "confidence": "n",
        "version": "2.0NRT",
        "bright_ti5": 307.02,
        "frp": 12.44,
        "daynight": "D",
        "source_dataset": "VIIRS_NOAA20_NRT",
        "acq_datetime_utc": "2026-09-24T12:51:00Z",
        "age_hours": 32.7,
        "confidence_label": "nominal",
        "popup_label": "<strong>NASA FIRMS<\/strong><br>Sensor: VIIRS_NOAA20_NRT<br>Fecha UTC: 2026-09-24T12:51:00Z<br>Confianza: nominal<br>FRP: 12.44 MW"
      }
    },
    {
      "type": "Feature",
      "geometry": {
        "type": "Point",
        "coordinates": [-5.7285, 43.5246]
      },
      "properties": {
        "bright_ti4": 333.32,
        "scan": 0.39,
        "track": 0.44,
        "acq_date": "2026-09-24",
        "acq_time": "1251",
        "satellite": "N20",
        "instrument": "VIIRS",
        "confidence": "l",
        "version": "2.0NRT",
        "bright_ti5": 305.84,
        "frp": 4.76,
        "daynight": "D",
        "source_dataset": "VIIRS_NOAA20_NRT",
        "acq_datetime_utc": "2026-09-24T12:51:00Z",
        "age_hours": 32.7,
        "confidence_label": "baja",
        "popup_label": "<strong>NASA FIRMS<\/strong><br>Sensor: VIIRS_NOAA20_NRT<br>Fecha UTC: 2026-09-24T12:51:00Z<br>Confianza: baja<br>FRP: 4.76 MW"
      }
    },
    {
      "type": "Feature",
      "geometry": {
        "type": "Point",
        "coordinates": [-1.0252, 43.6437]
      },
      "properties": {
        "bright_ti4": 342.88,
        "scan": 0.41,
        "track": 0.37,
        "acq_date": "2026-09-24",
        "acq_time": "1251",
        "satellite": "N20",
        "instrument": "VIIRS",
        "confidence": "n",
        "version": "2.0NRT",
        "bright_ti5": 303.87,
        "frp": 1.76,
        "daynight": "D",
        "source_dataset": "VIIRS_NOAA20_NRT",
        "acq_datetime_utc": "2026-09-24T12:51:00Z",
        "age_hours": 32.7,
        "confidence_label": "nominal",
        "popup_label": "<strong>NASA FIRMS<\/strong><br>Sensor: VIIRS_NOAA20_NRT<br>Fecha UTC: 2026-09-24T12:51:00Z<br>Confianza: nominal<br>FRP: 1.76 MW"
      }
    },
    {
      "type": "Feature",
      "geometry": {
        "type": "Point",
        "coordinates": [-0.216, 43.73]
      },
      "properties": {
        "bright_ti4": 336.09,
        "scan": 0.39,
        "track": 0.36,
        "acq_date": "2026-09-24",
        "acq_time": "1251",
        "satellite": "N20",
        "instrument": "VIIRS",
        "confidence": "l",
        "version": "2.0NRT",
        "bright_ti5": 308.69,
        "frp": 2.86,
        "daynight": "D",
        "source_dataset": "VIIRS_NOAA20_NRT",
        "acq_datetime_utc": "2026-09-24T12:51:00Z",
        "age_hours": 32.7,
        "confidence_label": "baja",
        "popup_label": "<strong>NASA FIRMS<\/strong><br>Sensor: VIIRS_NOAA20_NRT<br>Fecha UTC: 2026-09-24T12:51:00Z<br>Confianza: baja<br>FRP: 2.86 MW"
      }
    },
    {
      "type": "Feature",
      "geometry": {
        "type": "Point",
        "coordinates": [4.6614, 43.7825]
      },
      "properties": {
        "bright_ti4": 336.33,
        "scan": 0.43,
        "track": 0.38,
        "acq_date": "2026-09-24",
        "acq_time": "1251",
        "satellite": "N20",
        "instrument": "VIIRS",
        "confidence": "n",
        "version": "2.0NRT",
        "bright_ti5": 285.26,
        "frp": 3.94,
        "daynight": "D",
        "source_dataset": "VIIRS_NOAA20_NRT",
        "acq_datetime_utc": "2026-09-24T12:51:00Z",
        "age_hours": 32.7,
        "confidence_label": "nominal",
        "popup_label": "<strong>NASA FIRMS<\/strong><br>Sensor: VIIRS_NOAA20_NRT<br>Fecha UTC: 2026-09-24T12:51:00Z<br>Confianza: nominal<br>FRP: 3.94 MW"
      }
    },
    {
      "type": "Feature",
      "geometry": {
        "type": "Point",
        "coordinates": [-1.2825, 43.7834]
      },
      "properties": {
        "bright_ti4": 348.38,
        "scan": 0.41,
        "track": 0.37,
        "acq_date": "2026-09-24",
        "acq_time": "1251",
        "satellite": "N20",
        "instrument": "VIIRS",
        "confidence": "n",
        "version": "2.0NRT",
        "bright_ti5": 302.16,
        "frp": 19.84,
        "daynight": "D",
        "source_dataset": "VIIRS_NOAA20_NRT",
        "acq_datetime_utc": "2026-09-24T12:51:00Z",
        "age_hours": 32.7,
        "confidence_label": "nominal",
        "popup_label": "<strong>NASA FIRMS<\/strong><br>Sensor: VIIRS_NOAA20_NRT<br>Fecha UTC: 2026-09-24T12:51:00Z<br>Confianza: nominal<br>FRP: 19.84 MW"
      }
    },
    {
      "type": "Feature",
      "geometry": {
        "type": "Point",
        "coordinates": [-1.2836, 43.7867]
      },
      "properties": {
        "bright_ti4": 331.71,
        "scan": 0.41,
        "track": 0.37,
        "acq_date": "2026-09-24",
        "acq_time": "1251",
        "satellite": "N20",
        "instrument": "VIIRS",
        "confidence": "l",
        "version": "2.0NRT",
        "bright_ti5": 305.45,
        "frp": 19.84,
        "daynight": "D",
        "source_dataset": "VIIRS_NOAA20_NRT",
        "acq_datetime_utc": "2026-09-24T12:51:00Z",
        "age_hours": 32.7,
        "confidence_label": "baja",
        "popup_label": "<strong>NASA FIRMS<\/strong><br>Sensor: VIIRS_NOAA20_NRT<br>Fecha UTC: 2026-09-24T12:51:00Z<br>Confianza: baja<br>FRP: 19.84 MW"
      }
    },
    {
      "type": "Feature",
      "geometry": {
        "type": "Point",
        "coordinates": [-1.2797, 43.791]
      },
      "properties": {
        "bright_ti4": 347.11,
        "scan": 0.41,
        "track": 0.37,
        "acq_date": "2026-09-24",
        "acq_time": "1251",
        "satellite": "N20",
        "instrument": "VIIRS",
        "confidence": "n",
        "version": "2.0NRT",
        "bright_ti5": 305.55,
        "frp": 6.55,
        "daynight": "D",
        "source_dataset": "VIIRS_NOAA20_NRT",
        "acq_datetime_utc": "2026-09-24T12:51:00Z",
        "age_hours": 32.7,
        "confidence_label": "nominal",
        "popup_label": "<strong>NASA FIRMS<\/strong><br>Sensor: VIIRS_NOAA20_NRT<br>Fecha UTC: 2026-09-24T12:51:00Z<br>Confianza: nominal<br>FRP: 6.55 MW"
      }
    },
    {
      "type": "Feature",
      "geometry": {
        "type": "Point",
        "coordinates": [-1.2808, 43.7943]
      },
      "properties": {
        "bright_ti4": 347.55,
        "scan": 0.41,
        "track": 0.37,
        "acq_date": "2026-09-24",
        "acq_time": "1251",
        "satellite": "N20",
        "instrument": "VIIRS",
        "confidence": "n",
        "version": "2.0NRT",
        "bright_ti5": 303.8,
        "frp": 6.55,
        "daynight": "D",
        "source_dataset": "VIIRS_NOAA20_NRT",
        "acq_datetime_utc": "2026-09-24T12:51:00Z",
        "age_hours": 32.7,
        "confidence_label": "nominal",
        "popup_label": "<strong>NASA FIRMS<\/strong><br>Sensor: VIIRS_NOAA20_NRT<br>Fecha UTC: 2026-09-24T12:51:00Z<br>Confianza: nominal<br>FRP: 6.55 MW"
      }
    },
    {
      "type": "Feature",
      "geometry": {
        "type": "Point",
        "coordinates": [-1.1731, 43.86]
      },
      "properties": {
        "bright_ti4": 354.19,
        "scan": 0.41,
        "track": 0.37,
        "acq_date": "2026-09-24",
        "acq_time": "1251",
        "satellite": "N20",
        "instrument": "VIIRS",
        "confidence": "n",
        "version": "2.0NRT",
        "bright_ti5": 308.15,
        "frp": 6.06,
        "daynight": "D",
        "source_dataset": "VIIRS_NOAA20_NRT",
        "acq_datetime_utc": "2026-09-24T12:51:00Z",
        "age_hours": 32.7,
        "confidence_label": "nominal",
        "popup_label": "<strong>NASA FIRMS<\/strong><br>Sensor: VIIRS_NOAA20_NRT<br>Fecha UTC: 2026-09-24T12:51:00Z<br>Confianza: nominal<br>FRP: 6.06 MW"
      }
    },
    {
      "type": "Feature",
      "geometry": {
        "type": "Point",
        "coordinates": [-1.1743, 43.8634]
      },
      "properties": {
        "bright_ti4": 345.17,
        "scan": 0.41,
        "track": 0.37,
        "acq_date": "2026-09-24",
        "acq_time": "1251",
        "satellite": "N20",
        "instrument": "VIIRS",
        "confidence": "n",
        "version": "2.0NRT",
        "bright_ti5": 308.82,
        "frp": 4.95,
        "daynight": "D",
        "source_dataset": "VIIRS_NOAA20_NRT",
        "acq_datetime_utc": "2026-09-24T12:51:00Z",
        "age_hours": 32.7,
        "confidence_label": "nominal",
        "popup_label": "<strong>NASA FIRMS<\/strong><br>Sensor: VIIRS_NOAA20_NRT<br>Fecha UTC: 2026-09-24T12:51:00Z<br>Confianza: nominal<br>FRP: 4.95 MW"
      }
    },
    {
      "type": "Feature",
      "geometry": {
        "type": "Point",
        "coordinates": [-1.1693, 43.8642]
      },
      "properties": {
        "bright_ti4": 344.3,
        "scan": 0.41,
        "track": 0.37,
        "acq_date": "2026-09-24",
        "acq_time": "1251",
        "satellite": "N20",
        "instrument": "VIIRS",
        "confidence": "n",
        "version": "2.0NRT",
        "bright_ti5": 305.44,
        "frp": 6.87,
        "daynight": "D",
        "source_dataset": "VIIRS_NOAA20_NRT",
        "acq_datetime_utc": "2026-09-24T12:51:00Z",
        "age_hours": 32.7,
        "confidence_label": "nominal",
        "popup_label": "<strong>NASA FIRMS<\/strong><br>Sensor: VIIRS_NOAA20_NRT<br>Fecha UTC: 2026-09-24T12:51:00Z<br>Confianza: nominal<br>FRP: 6.87 MW"
      }
    },
    {
      "type": "Feature",
      "geometry": {
        "type": "Point",
        "coordinates": [-1.0143, 43.9338]
      },
      "properties": {
        "bright_ti4": 351.51,
        "scan": 0.4,
        "track": 0.37,
        "acq_date": "2026-09-24",
        "acq_time": "1251",
        "satellite": "N20",
        "instrument": "VIIRS",
        "confidence": "n",
        "version": "2.0NRT",
        "bright_ti5": 309.3,
        "frp": 3.78,
        "daynight": "D",
        "source_dataset": "VIIRS_NOAA20_NRT",
        "acq_datetime_utc": "2026-09-24T12:51:00Z",
        "age_hours": 32.7,
        "confidence_label": "nominal",
        "popup_label": "<strong>NASA FIRMS<\/strong><br>Sensor: VIIRS_NOAA20_NRT<br>Fecha UTC: 2026-09-24T12:51:00Z<br>Confianza: nominal<br>FRP: 3.78 MW"
      }
    },
    {
      "type": "Feature",
      "geometry": {
        "type": "Point",
        "coordinates": [-1.0154, 43.9371]
      },
      "properties": {
        "bright_ti4": 350.48,
        "scan": 0.4,
        "track": 0.37,
        "acq_date": "2026-09-24",
        "acq_time": "1251",
        "satellite": "N20",
        "instrument": "VIIRS",
        "confidence": "n",
        "version": "2.0NRT",
        "bright_ti5": 308.82,
        "frp": 3.78,
        "daynight": "D",
        "source_dataset": "VIIRS_NOAA20_NRT",
        "acq_datetime_utc": "2026-09-24T12:51:00Z",
        "age_hours": 32.7,
        "confidence_label": "nominal",
        "popup_label": "<strong>NASA FIRMS<\/strong><br>Sensor: VIIRS_NOAA20_NRT<br>Fecha UTC: 2026-09-24T12:51:00Z<br>Confianza: nominal<br>FRP: 3.78 MW"
      }
    },
    {
      "type": "Feature",
      "geometry": {
        "type": "Point",
        "coordinates": [-0.8815, 44.0108]
      },
      "properties": {
        "bright_ti4": 350.32,
        "scan": 0.4,
        "track": 0.37,
        "acq_date": "2026-09-24",
        "acq_time": "1251",
        "satellite": "N20",
        "instrument": "VIIRS",
        "confidence": "n",
        "version": "2.0NRT",
        "bright_ti5": 308.6,
        "frp": 3.83,
        "daynight": "D",
        "source_dataset": "VIIRS_NOAA20_NRT",
        "acq_datetime_utc": "2026-09-24T12:51:00Z",
        "age_hours": 32.7,
        "confidence_label": "nominal",
        "popup_label": "<strong>NASA FIRMS<\/strong><br>Sensor: VIIRS_NOAA20_NRT<br>Fecha UTC: 2026-09-24T12:51:00Z<br>Confianza: nominal<br>FRP: 3.83 MW"
      }
    },
    {
      "type": "Feature",
      "geometry": {
        "type": "Point",
        "coordinates": [2.6428, 44.276]
      },
      "properties": {
        "bright_ti4": 332.98,
        "scan": 0.39,
        "track": 0.36,
        "acq_date": "2026-09-24",
        "acq_time": "1251",
        "satellite": "N20",
        "instrument": "VIIRS",
        "confidence": "n",
        "version": "2.0NRT",
        "bright_ti5": 293.59,
        "frp": 1.85,
        "daynight": "D",
        "source_dataset": "VIIRS_NOAA20_NRT",
        "acq_datetime_utc": "2026-09-24T12:51:00Z",
        "age_hours": 32.7,
        "confidence_label": "nominal",
        "popup_label": "<strong>NASA FIRMS<\/strong><br>Sensor: VIIRS_NOAA20_NRT<br>Fecha UTC: 2026-09-24T12:51:00Z<br>Confianza: nominal<br>FRP: 1.85 MW"
      }
    },
    {
      "type": "Feature",
      "geometry": {
        "type": "Point",
        "coordinates": [-0.1411, 44.5561]
      },
      "properties": {
        "bright_ti4": 338.8,
        "scan": 0.39,
        "track": 0.36,
        "acq_date": "2026-09-24",
        "acq_time": "1251",
        "satellite": "N20",
        "instrument": "VIIRS",
        "confidence": "n",
        "version": "2.0NRT",
        "bright_ti5": 305.98,
        "frp": 0.9,
        "daynight": "D",
        "source_dataset": "VIIRS_NOAA20_NRT",
        "acq_datetime_utc": "2026-09-24T12:51:00Z",
        "age_hours": 32.7,
        "confidence_label": "nominal",
        "popup_label": "<strong>NASA FIRMS<\/strong><br>Sensor: VIIRS_NOAA20_NRT<br>Fecha UTC: 2026-09-24T12:51:00Z<br>Confianza: nominal<br>FRP: 0.9 MW"
      }
    },
    {
      "type": "Feature",
      "geometry": {
        "type": "Point",
        "coordinates": [-0.5161, 28.1988]
      },
      "properties": {
        "bright_ti4": 342.34,
        "scan": 0.44,
        "track": 0.46,
        "acq_date": "2026-09-24",
        "acq_time": "1249",
        "satellite": "N20",
        "instrument": "VIIRS",
        "confidence": "n",
        "version": "2.0NRT",
        "bright_ti5": 306.65,
        "frp": 2.68,
        "daynight": "D",
        "source_dataset": "VIIRS_NOAA20_NRT",
        "acq_datetime_utc": "2026-09-24T12:49:00Z",
        "age_hours": 32.7,
        "confidence_label": "nominal",
        "popup_label": "<strong>NASA FIRMS<\/strong><br>Sensor: VIIRS_NOAA20_NRT<br>Fecha UTC: 2026-09-24T12:49:00Z<br>Confianza: nominal<br>FRP: 2.68 MW"
      }
    },
    {
      "type": "Feature",
      "geometry": {
        "type": "Point",
        "coordinates": [-0.3456, 33.474]
      },
      "properties": {
        "bright_ti4": 337.43,
        "scan": 0.52,
        "track": 0.42,
        "acq_date": "2026-09-24",
        "acq_time": "1249",
        "satellite": "N20",
        "instrument": "VIIRS",
        "confidence": "l",
        "version": "2.0NRT",
        "bright_ti5": 307.94,
        "frp": 3.68,
        "daynight": "D",
        "source_dataset": "VIIRS_NOAA20_NRT",
        "acq_datetime_utc": "2026-09-24T12:49:00Z",
        "age_hours": 32.7,
        "confidence_label": "baja",
        "popup_label": "<strong>NASA FIRMS<\/strong><br>Sensor: VIIRS_NOAA20_NRT<br>Fecha UTC: 2026-09-24T12:49:00Z<br>Confianza: baja<br>FRP: 3.68 MW"
      }
    },
    {
      "type": "Feature",
      "geometry": {
        "type": "Point",
        "coordinates": [-5.9592, 34.306]
      },
      "properties": {
        "bright_ti4": 349.53,
        "scan": 0.33,
        "track": 0.56,
        "acq_date": "2026-09-24",
        "acq_time": "1249",
        "satellite": "N20",
        "instrument": "VIIRS",
        "confidence": "n",
        "version": "2.0NRT",
        "bright_ti5": 309.61,
        "frp": 4.94,
        "daynight": "D",
        "source_dataset": "VIIRS_NOAA20_NRT",
        "acq_datetime_utc": "2026-09-24T12:49:00Z",
        "age_hours": 32.7,
        "confidence_label": "nominal",
        "popup_label": "<strong>NASA FIRMS<\/strong><br>Sensor: VIIRS_NOAA20_NRT<br>Fecha UTC: 2026-09-24T12:49:00Z<br>Confianza: nominal<br>FRP: 4.94 MW"
      }
    },
    {
      "type": "Feature",
      "geometry": {
        "type": "Point",
        "coordinates": [-5.961, 34.3109]
      },
      "properties": {
        "bright_ti4": 367,
        "scan": 0.33,
        "track": 0.56,
        "acq_date": "2026-09-24",
        "acq_time": "1249",
        "satellite": "N20",
        "instrument": "VIIRS",
        "confidence": "h",
        "version": "2.0NRT",
        "bright_ti5": 309.53,
        "frp": 7.03,
        "daynight": "D",
        "source_dataset": "VIIRS_NOAA20_NRT",
        "acq_datetime_utc": "2026-09-24T12:49:00Z",
        "age_hours": 32.7,
        "confidence_label": "alta",
        "popup_label": "<strong>NASA FIRMS<\/strong><br>Sensor: VIIRS_NOAA20_NRT<br>Fecha UTC: 2026-09-24T12:49:00Z<br>Confianza: alta<br>FRP: 7.03 MW"
      }
    },
    {
      "type": "Feature",
      "geometry": {
        "type": "Point",
        "coordinates": [-4.8348, 34.3304]
      },
      "properties": {
        "bright_ti4": 344.09,
        "scan": 0.58,
        "track": 0.52,
        "acq_date": "2026-09-24",
        "acq_time": "1249",
        "satellite": "N20",
        "instrument": "VIIRS",
        "confidence": "l",
        "version": "2.0NRT",
        "bright_ti5": 315.38,
        "frp": 20.47,
        "daynight": "D",
        "source_dataset": "VIIRS_NOAA20_NRT",
        "acq_datetime_utc": "2026-09-24T12:49:00Z",
        "age_hours": 32.7,
        "confidence_label": "baja",
        "popup_label": "<strong>NASA FIRMS<\/strong><br>Sensor: VIIRS_NOAA20_NRT<br>Fecha UTC: 2026-09-24T12:49:00Z<br>Confianza: baja<br>FRP: 20.47 MW"
      }
    },
    {
      "type": "Feature",
      "geometry": {
        "type": "Point",
        "coordinates": [-4.8364, 34.3307]
      },
      "properties": {
        "bright_ti4": 344.66,
        "scan": 0.58,
        "track": 0.52,
        "acq_date": "2026-09-24",
        "acq_time": "1249",
        "satellite": "N20",
        "instrument": "VIIRS",
        "confidence": "n",
        "version": "2.0NRT",
        "bright_ti5": 312.42,
        "frp": 14.69,
        "daynight": "D",
        "source_dataset": "VIIRS_NOAA20_NRT",
        "acq_datetime_utc": "2026-09-24T12:49:00Z",
        "age_hours": 32.7,
        "confidence_label": "nominal",
        "popup_label": "<strong>NASA FIRMS<\/strong><br>Sensor: VIIRS_NOAA20_NRT<br>Fecha UTC: 2026-09-24T12:49:00Z<br>Confianza: nominal<br>FRP: 14.69 MW"
      }
    },
    {
      "type": "Feature",
      "geometry": {
        "type": "Point",
        "coordinates": [-5.7137, 34.5462]
      },
      "properties": {
        "bright_ti4": 347.3,
        "scan": 0.32,
        "track": 0.54,
        "acq_date": "2026-09-24",
        "acq_time": "1249",
        "satellite": "N20",
        "instrument": "VIIRS",
        "confidence": "n",
        "version": "2.0NRT",
        "bright_ti5": 313.34,
        "frp": 3.44,
        "daynight": "D",
        "source_dataset": "VIIRS_NOAA20_NRT",
        "acq_datetime_utc": "2026-09-24T12:49:00Z",
        "age_hours": 32.7,
        "confidence_label": "nominal",
        "popup_label": "<strong>NASA FIRMS<\/strong><br>Sensor: VIIRS_NOAA20_NRT<br>Fecha UTC: 2026-09-24T12:49:00Z<br>Confianza: nominal<br>FRP: 3.44 MW"
      }
    },
    {
      "type": "Feature",
      "geometry": {
        "type": "Point",
        "coordinates": [-5.7103, 34.547]
      },
      "properties": {
        "bright_ti4": 352.01,
        "scan": 0.32,
        "track": 0.54,
        "acq_date": "2026-09-24",
        "acq_time": "1249",
        "satellite": "N20",
        "instrument": "VIIRS",
        "confidence": "n",
        "version": "2.0NRT",
        "bright_ti5": 312.54,
        "frp": 3.44,
        "daynight": "D",
        "source_dataset": "VIIRS_NOAA20_NRT",
        "acq_datetime_utc": "2026-09-24T12:49:00Z",
        "age_hours": 32.7,
        "confidence_label": "nominal",
        "popup_label": "<strong>NASA FIRMS<\/strong><br>Sensor: VIIRS_NOAA20_NRT<br>Fecha UTC: 2026-09-24T12:49:00Z<br>Confianza: nominal<br>FRP: 3.44 MW"
      }
    },
    {
      "type": "Feature",
      "geometry": {
        "type": "Point",
        "coordinates": [0.7444, 35.1138]
      },
      "properties": {
        "bright_ti4": 337.45,
        "scan": 0.45,
        "track": 0.39,
        "acq_date": "2026-09-24",
        "acq_time": "1249",
        "satellite": "N20",
        "instrument": "VIIRS",
        "confidence": "l",
        "version": "2.0NRT",
        "bright_ti5": 311.11,
        "frp": 1.13,
        "daynight": "D",
        "source_dataset": "VIIRS_NOAA20_NRT",
        "acq_datetime_utc": "2026-09-24T12:49:00Z",
        "age_hours": 32.7,
        "confidence_label": "baja",
        "popup_label": "<strong>NASA FIRMS<\/strong><br>Sensor: VIIRS_NOAA20_NRT<br>Fecha UTC: 2026-09-24T12:49:00Z<br>Confianza: baja<br>FRP: 1.13 MW"
      }
    },
    {
      "type": "Feature",
      "geometry": {
        "type": "Point",
        "coordinates": [3.8026, 35.5046]
      },
      "properties": {
        "bright_ti4": 339.08,
        "scan": 0.38,
        "track": 0.36,
        "acq_date": "2026-09-24",
        "acq_time": "1249",
        "satellite": "N20",
        "instrument": "VIIRS",
        "confidence": "l",
        "version": "2.0NRT",
        "bright_ti5": 313.32,
        "frp": 2.36,
        "daynight": "D",
        "source_dataset": "VIIRS_NOAA20_NRT",
        "acq_datetime_utc": "2026-09-24T12:49:00Z",
        "age_hours": 32.7,
        "confidence_label": "baja",
        "popup_label": "<strong>NASA FIRMS<\/strong><br>Sensor: VIIRS_NOAA20_NRT<br>Fecha UTC: 2026-09-24T12:49:00Z<br>Confianza: baja<br>FRP: 2.36 MW"
      }
    },
    {
      "type": "Feature",
      "geometry": {
        "type": "Point",
        "coordinates": [-0.2527, 35.8073]
      },
      "properties": {
        "bright_ti4": 336.43,
        "scan": 0.48,
        "track": 0.4,
        "acq_date": "2026-09-24",
        "acq_time": "1249",
        "satellite": "N20",
        "instrument": "VIIRS",
        "confidence": "n",
        "version": "2.0NRT",
        "bright_ti5": 306.77,
        "frp": 4.68,
        "daynight": "D",
        "source_dataset": "VIIRS_NOAA20_NRT",
        "acq_datetime_utc": "2026-09-24T12:49:00Z",
        "age_hours": 32.7,
        "confidence_label": "nominal",
        "popup_label": "<strong>NASA FIRMS<\/strong><br>Sensor: VIIRS_NOAA20_NRT<br>Fecha UTC: 2026-09-24T12:49:00Z<br>Confianza: nominal<br>FRP: 4.68 MW"
      }
    },
    {
      "type": "Feature",
      "geometry": {
        "type": "Point",
        "coordinates": [3.2488, 36.2255]
      },
      "properties": {
        "bright_ti4": 346.49,
        "scan": 0.39,
        "track": 0.36,
        "acq_date": "2026-09-24",
        "acq_time": "1249",
        "satellite": "N20",
        "instrument": "VIIRS",
        "confidence": "n",
        "version": "2.0NRT",
        "bright_ti5": 311.88,
        "frp": 4.31,
        "daynight": "D",
        "source_dataset": "VIIRS_NOAA20_NRT",
        "acq_datetime_utc": "2026-09-24T12:49:00Z",
        "age_hours": 32.7,
        "confidence_label": "nominal",
        "popup_label": "<strong>NASA FIRMS<\/strong><br>Sensor: VIIRS_NOAA20_NRT<br>Fecha UTC: 2026-09-24T12:49:00Z<br>Confianza: nominal<br>FRP: 4.31 MW"
      }
    },
    {
      "type": "Feature",
      "geometry": {
        "type": "Point",
        "coordinates": [3.2615, 36.2275]
      },
      "properties": {
        "bright_ti4": 339.27,
        "scan": 0.39,
        "track": 0.36,
        "acq_date": "2026-09-24",
        "acq_time": "1249",
        "satellite": "N20",
        "instrument": "VIIRS",
        "confidence": "l",
        "version": "2.0NRT",
        "bright_ti5": 312.09,
        "frp": 2.08,
        "daynight": "D",
        "source_dataset": "VIIRS_NOAA20_NRT",
        "acq_datetime_utc": "2026-09-24T12:49:00Z",
        "age_hours": 32.7,
        "confidence_label": "baja",
        "popup_label": "<strong>NASA FIRMS<\/strong><br>Sensor: VIIRS_NOAA20_NRT<br>Fecha UTC: 2026-09-24T12:49:00Z<br>Confianza: baja<br>FRP: 2.08 MW"
      }
    },
    {
      "type": "Feature",
      "geometry": {
        "type": "Point",
        "coordinates": [3.248, 36.2287]
      },
      "properties": {
        "bright_ti4": 340.8,
        "scan": 0.39,
        "track": 0.36,
        "acq_date": "2026-09-24",
        "acq_time": "1249",
        "satellite": "N20",
        "instrument": "VIIRS",
        "confidence": "n",
        "version": "2.0NRT",
        "bright_ti5": 313.23,
        "frp": 4.31,
        "daynight": "D",
        "source_dataset": "VIIRS_NOAA20_NRT",
        "acq_datetime_utc": "2026-09-24T12:49:00Z",
        "age_hours": 32.7,
        "confidence_label": "nominal",
        "popup_label": "<strong>NASA FIRMS<\/strong><br>Sensor: VIIRS_NOAA20_NRT<br>Fecha UTC: 2026-09-24T12:49:00Z<br>Confianza: nominal<br>FRP: 4.31 MW"
      }
    },
    {
      "type": "Feature",
      "geometry": {
        "type": "Point",
        "coordinates": [3.4838, 36.2895]
      },
      "properties": {
        "bright_ti4": 343.75,
        "scan": 0.38,
        "track": 0.36,
        "acq_date": "2026-09-24",
        "acq_time": "1249",
        "satellite": "N20",
        "instrument": "VIIRS",
        "confidence": "n",
        "version": "2.0NRT",
        "bright_ti5": 310.66,
        "frp": 2.83,
        "daynight": "D",
        "source_dataset": "VIIRS_NOAA20_NRT",
        "acq_datetime_utc": "2026-09-24T12:49:00Z",
        "age_hours": 32.7,
        "confidence_label": "nominal",
        "popup_label": "<strong>NASA FIRMS<\/strong><br>Sensor: VIIRS_NOAA20_NRT<br>Fecha UTC: 2026-09-24T12:49:00Z<br>Confianza: nominal<br>FRP: 2.83 MW"
      }
    },
    {
      "type": "Feature",
      "geometry": {
        "type": "Point",
        "coordinates": [3.7115, 36.3282]
      },
      "properties": {
        "bright_ti4": 337.47,
        "scan": 0.38,
        "track": 0.36,
        "acq_date": "2026-09-24",
        "acq_time": "1249",
        "satellite": "N20",
        "instrument": "VIIRS",
        "confidence": "l",
        "version": "2.0NRT",
        "bright_ti5": 311.83,
        "frp": 4.23,
        "daynight": "D",
        "source_dataset": "VIIRS_NOAA20_NRT",
        "acq_datetime_utc": "2026-09-24T12:49:00Z",
        "age_hours": 32.7,
        "confidence_label": "baja",
        "popup_label": "<strong>NASA FIRMS<\/strong><br>Sensor: VIIRS_NOAA20_NRT<br>Fecha UTC: 2026-09-24T12:49:00Z<br>Confianza: baja<br>FRP: 4.23 MW"
      }
    },
    {
      "type": "Feature",
      "geometry": {
        "type": "Point",
        "coordinates": [2.9328, 36.5949]
      },
      "properties": {
        "bright_ti4": 335.3,
        "scan": 0.39,
        "track": 0.36,
        "acq_date": "2026-09-24",
        "acq_time": "1249",
        "satellite": "N20",
        "instrument": "VIIRS",
        "confidence": "n",
        "version": "2.0NRT",
        "bright_ti5": 304.89,
        "frp": 2.69,
        "daynight": "D",
        "source_dataset": "VIIRS_NOAA20_NRT",
        "acq_datetime_utc": "2026-09-24T12:49:00Z",
        "age_hours": 32.7,
        "confidence_label": "nominal",
        "popup_label": "<strong>NASA FIRMS<\/strong><br>Sensor: VIIRS_NOAA20_NRT<br>Fecha UTC: 2026-09-24T12:49:00Z<br>Confianza: nominal<br>FRP: 2.69 MW"
      }
    },
    {
      "type": "Feature",
      "geometry": {
        "type": "Point",
        "coordinates": [2.8791, 36.5965]
      },
      "properties": {
        "bright_ti4": 335.89,
        "scan": 0.39,
        "track": 0.36,
        "acq_date": "2026-09-24",
        "acq_time": "1249",
        "satellite": "N20",
        "instrument": "VIIRS",
        "confidence": "n",
        "version": "2.0NRT",
        "bright_ti5": 304.72,
        "frp": 2.51,
        "daynight": "D",
        "source_dataset": "VIIRS_NOAA20_NRT",
        "acq_datetime_utc": "2026-09-24T12:49:00Z",
        "age_hours": 32.7,
        "confidence_label": "nominal",
        "popup_label": "<strong>NASA FIRMS<\/strong><br>Sensor: VIIRS_NOAA20_NRT<br>Fecha UTC: 2026-09-24T12:49:00Z<br>Confianza: nominal<br>FRP: 2.51 MW"
      }
    },
    {
      "type": "Feature",
      "geometry": {
        "type": "Point",
        "coordinates": [3.1364, 36.5966]
      },
      "properties": {
        "bright_ti4": 332.92,
        "scan": 0.39,
        "track": 0.36,
        "acq_date": "2026-09-24",
        "acq_time": "1249",
        "satellite": "N20",
        "instrument": "VIIRS",
        "confidence": "n",
        "version": "2.0NRT",
        "bright_ti5": 303.59,
        "frp": 1.65,
        "daynight": "D",
        "source_dataset": "VIIRS_NOAA20_NRT",
        "acq_datetime_utc": "2026-09-24T12:49:00Z",
        "age_hours": 32.7,
        "confidence_label": "nominal",
        "popup_label": "<strong>NASA FIRMS<\/strong><br>Sensor: VIIRS_NOAA20_NRT<br>Fecha UTC: 2026-09-24T12:49:00Z<br>Confianza: nominal<br>FRP: 1.65 MW"
      }
    },
    {
      "type": "Feature",
      "geometry": {
        "type": "Point",
        "coordinates": [-5.8108, 36.7882]
      },
      "properties": {
        "bright_ti4": 340,
        "scan": 0.57,
        "track": 0.52,
        "acq_date": "2026-09-24",
        "acq_time": "1249",
        "satellite": "N20",
        "instrument": "VIIRS",
        "confidence": "l",
        "version": "2.0NRT",
        "bright_ti5": 310.62,
        "frp": 4.11,
        "daynight": "D",
        "source_dataset": "VIIRS_NOAA20_NRT",
        "acq_datetime_utc": "2026-09-24T12:49:00Z",
        "age_hours": 32.7,
        "confidence_label": "baja",
        "popup_label": "<strong>NASA FIRMS<\/strong><br>Sensor: VIIRS_NOAA20_NRT<br>Fecha UTC: 2026-09-24T12:49:00Z<br>Confianza: baja<br>FRP: 4.11 MW"
      }
    },
    {
      "type": "Feature",
      "geometry": {
        "type": "Point",
        "coordinates": [-5.8125, 36.789]
      },
      "properties": {
        "bright_ti4": 342.51,
        "scan": 0.57,
        "track": 0.52,
        "acq_date": "2026-09-24",
        "acq_time": "1249",
        "satellite": "N20",
        "instrument": "VIIRS",
        "confidence": "n",
        "version": "2.0NRT",
        "bright_ti5": 312.36,
        "frp": 7.27,
        "daynight": "D",
        "source_dataset": "VIIRS_NOAA20_NRT",
        "acq_datetime_utc": "2026-09-24T12:49:00Z",
        "age_hours": 32.7,
        "confidence_label": "nominal",
        "popup_label": "<strong>NASA FIRMS<\/strong><br>Sensor: VIIRS_NOAA20_NRT<br>Fecha UTC: 2026-09-24T12:49:00Z<br>Confianza: nominal<br>FRP: 7.27 MW"
      }
    },
    {
      "type": "Feature",
      "geometry": {
        "type": "Point",
        "coordinates": [-6.9535, 37.2723]
      },
      "properties": {
        "bright_ti4": 346.82,
        "scan": 0.32,
        "track": 0.55,
        "acq_date": "2026-09-24",
        "acq_time": "1249",
        "satellite": "N20",
        "instrument": "VIIRS",
        "confidence": "n",
        "version": "2.0NRT",
        "bright_ti5": 304.77,
        "frp": 1.75,
        "daynight": "D",
        "source_dataset": "VIIRS_NOAA20_NRT",
        "acq_datetime_utc": "2026-09-24T12:49:00Z",
        "age_hours": 32.7,
        "confidence_label": "nominal",
        "popup_label": "<strong>NASA FIRMS<\/strong><br>Sensor: VIIRS_NOAA20_NRT<br>Fecha UTC: 2026-09-24T12:49:00Z<br>Confianza: nominal<br>FRP: 1.75 MW"
      }
    },
    {
      "type": "Feature",
      "geometry": {
        "type": "Point",
        "coordinates": [-6.3669, 37.2835]
      },
      "properties": {
        "bright_ti4": 345.45,
        "scan": 0.59,
        "track": 0.53,
        "acq_date": "2026-09-24",
        "acq_time": "1249",
        "satellite": "N20",
        "instrument": "VIIRS",
        "confidence": "n",
        "version": "2.0NRT",
        "bright_ti5": 309.84,
        "frp": 6.7,
        "daynight": "D",
        "source_dataset": "VIIRS_NOAA20_NRT",
        "acq_datetime_utc": "2026-09-24T12:49:00Z",
        "age_hours": 32.7,
        "confidence_label": "nominal",
        "popup_label": "<strong>NASA FIRMS<\/strong><br>Sensor: VIIRS_NOAA20_NRT<br>Fecha UTC: 2026-09-24T12:49:00Z<br>Confianza: nominal<br>FRP: 6.7 MW"
      }
    },
    {
      "type": "Feature",
      "geometry": {
        "type": "Point",
        "coordinates": [-4.8389, 37.7947]
      },
      "properties": {
        "bright_ti4": 342.55,
        "scan": 0.48,
        "track": 0.48,
        "acq_date": "2026-09-24",
        "acq_time": "1249",
        "satellite": "N20",
        "instrument": "VIIRS",
        "confidence": "n",
        "version": "2.0NRT",
        "bright_ti5": 309.82,
        "frp": 18.2,
        "daynight": "D",
        "source_dataset": "VIIRS_NOAA20_NRT",
        "acq_datetime_utc": "2026-09-24T12:49:00Z",
        "age_hours": 32.7,
        "confidence_label": "nominal",
        "popup_label": "<strong>NASA FIRMS<\/strong><br>Sensor: VIIRS_NOAA20_NRT<br>Fecha UTC: 2026-09-24T12:49:00Z<br>Confianza: nominal<br>FRP: 18.2 MW"
      }
    },
    {
      "type": "Feature",
      "geometry": {
        "type": "Point",
        "coordinates": [-4.8406, 37.7948]
      },
      "properties": {
        "bright_ti4": 342.55,
        "scan": 0.48,
        "track": 0.48,
        "acq_date": "2026-09-24",
        "acq_time": "1249",
        "satellite": "N20",
        "instrument": "VIIRS",
        "confidence": "l",
        "version": "2.0NRT",
        "bright_ti5": 313.08,
        "frp": 48.52,
        "daynight": "D",
        "source_dataset": "VIIRS_NOAA20_NRT",
        "acq_datetime_utc": "2026-09-24T12:49:00Z",
        "age_hours": 32.7,
        "confidence_label": "baja",
        "popup_label": "<strong>NASA FIRMS<\/strong><br>Sensor: VIIRS_NOAA20_NRT<br>Fecha UTC: 2026-09-24T12:49:00Z<br>Confianza: baja<br>FRP: 48.52 MW"
      }
    },
    {
      "type": "Feature",
      "geometry": {
        "type": "Point",
        "coordinates": [3.1696, 32.5531]
      },
      "properties": {
        "bright_ti4": 338.39,
        "scan": 0.4,
        "track": 0.37,
        "acq_date": "2026-09-24",
        "acq_time": "1246",
        "satellite": "N20",
        "instrument": "VIIRS",
        "confidence": "n",
        "version": "2.0NRT",
        "bright_ti5": 303.41,
        "frp": 2.83,
        "daynight": "D",
        "source_dataset": "VIIRS_NOAA20_NRT",
        "acq_datetime_utc": "2026-09-24T12:46:00Z",
        "age_hours": 32.8,
        "confidence_label": "nominal",
        "popup_label": "<strong>NASA FIRMS<\/strong><br>Sensor: VIIRS_NOAA20_NRT<br>Fecha UTC: 2026-09-24T12:46:00Z<br>Confianza: nominal<br>FRP: 2.83 MW"
      }
    },
    {
      "type": "Feature",
      "geometry": {
        "type": "Point",
        "coordinates": [3.2502, 32.8944]
      },
      "properties": {
        "bright_ti4": 338,
        "scan": 0.4,
        "track": 0.37,
        "acq_date": "2026-09-24",
        "acq_time": "1246",
        "satellite": "N20",
        "instrument": "VIIRS",
        "confidence": "n",
        "version": "2.0NRT",
        "bright_ti5": 303.6,
        "frp": 4.52,
        "daynight": "D",
        "source_dataset": "VIIRS_NOAA20_NRT",
        "acq_datetime_utc": "2026-09-24T12:46:00Z",
        "age_hours": 32.8,
        "confidence_label": "nominal",
        "popup_label": "<strong>NASA FIRMS<\/strong><br>Sensor: VIIRS_NOAA20_NRT<br>Fecha UTC: 2026-09-24T12:46:00Z<br>Confianza: nominal<br>FRP: 4.52 MW"
      }
    },
    {
      "type": "Feature",
      "geometry": {
        "type": "Point",
        "coordinates": [-9.5416, 30.3347]
      },
      "properties": {
        "bright_ti4": 308.92,
        "scan": 0.37,
        "track": 0.58,
        "acq_date": "2026-09-24",
        "acq_time": "0310",
        "satellite": "N20",
        "instrument": "VIIRS",
        "confidence": "n",
        "version": "2.0NRT",
        "bright_ti5": 289.51,
        "frp": 0.52,
        "daynight": "N",
        "source_dataset": "VIIRS_NOAA20_NRT",
        "acq_datetime_utc": "2026-09-24T03:10:00Z",
        "age_hours": 42.4,
        "confidence_label": "nominal",
        "popup_label": "<strong>NASA FIRMS<\/strong><br>Sensor: VIIRS_NOAA20_NRT<br>Fecha UTC: 2026-09-24T03:10:00Z<br>Confianza: nominal<br>FRP: 0.52 MW"
      }
    },
    {
      "type": "Feature",
      "geometry": {
        "type": "Point",
        "coordinates": [-5.3371, 33.8451]
      },
      "properties": {
        "bright_ti4": 299.7,
        "scan": 0.53,
        "track": 0.67,
        "acq_date": "2026-09-24",
        "acq_time": "0310",
        "satellite": "N20",
        "instrument": "VIIRS",
        "confidence": "n",
        "version": "2.0NRT",
        "bright_ti5": 286.23,
        "frp": 0.32,
        "daynight": "N",
        "source_dataset": "VIIRS_NOAA20_NRT",
        "acq_datetime_utc": "2026-09-24T03:10:00Z",
        "age_hours": 42.4,
        "confidence_label": "nominal",
        "popup_label": "<strong>NASA FIRMS<\/strong><br>Sensor: VIIRS_NOAA20_NRT<br>Fecha UTC: 2026-09-24T03:10:00Z<br>Confianza: nominal<br>FRP: 0.32 MW"
      }
    },
    {
      "type": "Feature",
      "geometry": {
        "type": "Point",
        "coordinates": [-1.346, 35.3123]
      },
      "properties": {
        "bright_ti4": 301.18,
        "scan": 0.79,
        "track": 0.78,
        "acq_date": "2026-09-24",
        "acq_time": "0310",
        "satellite": "N20",
        "instrument": "VIIRS",
        "confidence": "n",
        "version": "2.0NRT",
        "bright_ti5": 288.83,
        "frp": 1.42,
        "daynight": "N",
        "source_dataset": "VIIRS_NOAA20_NRT",
        "acq_datetime_utc": "2026-09-24T03:10:00Z",
        "age_hours": 42.4,
        "confidence_label": "nominal",
        "popup_label": "<strong>NASA FIRMS<\/strong><br>Sensor: VIIRS_NOAA20_NRT<br>Fecha UTC: 2026-09-24T03:10:00Z<br>Confianza: nominal<br>FRP: 1.42 MW"
      }
    },
    {
      "type": "Feature",
      "geometry": {
        "type": "Point",
        "coordinates": [-6.307, 36.8366]
      },
      "properties": {
        "bright_ti4": 312.26,
        "scan": 0.39,
        "track": 0.59,
        "acq_date": "2026-09-24",
        "acq_time": "0310",
        "satellite": "N20",
        "instrument": "VIIRS",
        "confidence": "n",
        "version": "2.0NRT",
        "bright_ti5": 288.31,
        "frp": 1.06,
        "daynight": "N",
        "source_dataset": "VIIRS_NOAA20_NRT",
        "acq_datetime_utc": "2026-09-24T03:10:00Z",
        "age_hours": 42.4,
        "confidence_label": "nominal",
        "popup_label": "<strong>NASA FIRMS<\/strong><br>Sensor: VIIRS_NOAA20_NRT<br>Fecha UTC: 2026-09-24T03:10:00Z<br>Confianza: nominal<br>FRP: 1.06 MW"
      }
    },
    {
      "type": "Feature",
      "geometry": {
        "type": "Point",
        "coordinates": [-6.3028, 36.8378]
      },
      "properties": {
        "bright_ti4": 300.62,
        "scan": 0.39,
        "track": 0.59,
        "acq_date": "2026-09-24",
        "acq_time": "0310",
        "satellite": "N20",
        "instrument": "VIIRS",
        "confidence": "n",
        "version": "2.0NRT",
        "bright_ti5": 288.48,
        "frp": 0.84,
        "daynight": "N",
        "source_dataset": "VIIRS_NOAA20_NRT",
        "acq_datetime_utc": "2026-09-24T03:10:00Z",
        "age_hours": 42.4,
        "confidence_label": "nominal",
        "popup_label": "<strong>NASA FIRMS<\/strong><br>Sensor: VIIRS_NOAA20_NRT<br>Fecha UTC: 2026-09-24T03:10:00Z<br>Confianza: nominal<br>FRP: 0.84 MW"
      }
    },
    {
      "type": "Feature",
      "geometry": {
        "type": "Point",
        "coordinates": [-6.307, 36.8389]
      },
      "properties": {
        "bright_ti4": 309.64,
        "scan": 0.39,
        "track": 0.59,
        "acq_date": "2026-09-24",
        "acq_time": "0310",
        "satellite": "N20",
        "instrument": "VIIRS",
        "confidence": "n",
        "version": "2.0NRT",
        "bright_ti5": 288.68,
        "frp": 0.95,
        "daynight": "N",
        "source_dataset": "VIIRS_NOAA20_NRT",
        "acq_datetime_utc": "2026-09-24T03:10:00Z",
        "age_hours": 42.4,
        "confidence_label": "nominal",
        "popup_label": "<strong>NASA FIRMS<\/strong><br>Sensor: VIIRS_NOAA20_NRT<br>Fecha UTC: 2026-09-24T03:10:00Z<br>Confianza: nominal<br>FRP: 0.95 MW"
      }
    },
    {
      "type": "Feature",
      "geometry": {
        "type": "Point",
        "coordinates": [-6.3721, 37.2847]
      },
      "properties": {
        "bright_ti4": 308.03,
        "scan": 0.38,
        "track": 0.59,
        "acq_date": "2026-09-24",
        "acq_time": "0310",
        "satellite": "N20",
        "instrument": "VIIRS",
        "confidence": "n",
        "version": "2.0NRT",
        "bright_ti5": 288.86,
        "frp": 1.57,
        "daynight": "N",
        "source_dataset": "VIIRS_NOAA20_NRT",
        "acq_datetime_utc": "2026-09-24T03:10:00Z",
        "age_hours": 42.4,
        "confidence_label": "nominal",
        "popup_label": "<strong>NASA FIRMS<\/strong><br>Sensor: VIIRS_NOAA20_NRT<br>Fecha UTC: 2026-09-24T03:10:00Z<br>Confianza: nominal<br>FRP: 1.57 MW"
      }
    },
    {
      "type": "Feature",
      "geometry": {
        "type": "Point",
        "coordinates": [-6.371, 37.2884]
      },
      "properties": {
        "bright_ti4": 312.96,
        "scan": 0.38,
        "track": 0.59,
        "acq_date": "2026-09-24",
        "acq_time": "0310",
        "satellite": "N20",
        "instrument": "VIIRS",
        "confidence": "n",
        "version": "2.0NRT",
        "bright_ti5": 289.48,
        "frp": 1.5,
        "daynight": "N",
        "source_dataset": "VIIRS_NOAA20_NRT",
        "acq_datetime_utc": "2026-09-24T03:10:00Z",
        "age_hours": 42.4,
        "confidence_label": "nominal",
        "popup_label": "<strong>NASA FIRMS<\/strong><br>Sensor: VIIRS_NOAA20_NRT<br>Fecha UTC: 2026-09-24T03:10:00Z<br>Confianza: nominal<br>FRP: 1.5 MW"
      }
    },
    {
      "type": "Feature",
      "geometry": {
        "type": "Point",
        "coordinates": [-6.2893, 38.4416]
      },
      "properties": {
        "bright_ti4": 299.14,
        "scan": 0.36,
        "track": 0.57,
        "acq_date": "2026-09-24",
        "acq_time": "0310",
        "satellite": "N20",
        "instrument": "VIIRS",
        "confidence": "n",
        "version": "2.0NRT",
        "bright_ti5": 288.89,
        "frp": 0.4,
        "daynight": "N",
        "source_dataset": "VIIRS_NOAA20_NRT",
        "acq_datetime_utc": "2026-09-24T03:10:00Z",
        "age_hours": 42.4,
        "confidence_label": "nominal",
        "popup_label": "<strong>NASA FIRMS<\/strong><br>Sensor: VIIRS_NOAA20_NRT<br>Fecha UTC: 2026-09-24T03:10:00Z<br>Confianza: nominal<br>FRP: 0.4 MW"
      }
    },
    {
      "type": "Feature",
      "geometry": {
        "type": "Point",
        "coordinates": [-4.0592, 38.6785]
      },
      "properties": {
        "bright_ti4": 307.55,
        "scan": 0.46,
        "track": 0.63,
        "acq_date": "2026-09-24",
        "acq_time": "0310",
        "satellite": "N20",
        "instrument": "VIIRS",
        "confidence": "n",
        "version": "2.0NRT",
        "bright_ti5": 289.94,
        "frp": 2.13,
        "daynight": "N",
        "source_dataset": "VIIRS_NOAA20_NRT",
        "acq_datetime_utc": "2026-09-24T03:10:00Z",
        "age_hours": 42.4,
        "confidence_label": "nominal",
        "popup_label": "<strong>NASA FIRMS<\/strong><br>Sensor: VIIRS_NOAA20_NRT<br>Fecha UTC: 2026-09-24T03:10:00Z<br>Confianza: nominal<br>FRP: 2.13 MW"
      }
    },
    {
      "type": "Feature",
      "geometry": {
        "type": "Point",
        "coordinates": [-4.061, 38.68]
      },
      "properties": {
        "bright_ti4": 315.33,
        "scan": 0.46,
        "track": 0.63,
        "acq_date": "2026-09-24",
        "acq_time": "0310",
        "satellite": "N20",
        "instrument": "VIIRS",
        "confidence": "n",
        "version": "2.0NRT",
        "bright_ti5": 289.34,
        "frp": 1.33,
        "daynight": "N",
        "source_dataset": "VIIRS_NOAA20_NRT",
        "acq_datetime_utc": "2026-09-24T03:10:00Z",
        "age_hours": 42.4,
        "confidence_label": "nominal",
        "popup_label": "<strong>NASA FIRMS<\/strong><br>Sensor: VIIRS_NOAA20_NRT<br>Fecha UTC: 2026-09-24T03:10:00Z<br>Confianza: nominal<br>FRP: 1.33 MW"
      }
    },
    {
      "type": "Feature",
      "geometry": {
        "type": "Point",
        "coordinates": [-5.8235, 38.9139]
      },
      "properties": {
        "bright_ti4": 299.24,
        "scan": 0.37,
        "track": 0.58,
        "acq_date": "2026-09-24",
        "acq_time": "0310",
        "satellite": "N20",
        "instrument": "VIIRS",
        "confidence": "n",
        "version": "2.0NRT",
        "bright_ti5": 287.76,
        "frp": 0.24,
        "daynight": "N",
        "source_dataset": "VIIRS_NOAA20_NRT",
        "acq_datetime_utc": "2026-09-24T03:10:00Z",
        "age_hours": 42.4,
        "confidence_label": "nominal",
        "popup_label": "<strong>NASA FIRMS<\/strong><br>Sensor: VIIRS_NOAA20_NRT<br>Fecha UTC: 2026-09-24T03:10:00Z<br>Confianza: nominal<br>FRP: 0.24 MW"
      }
    },
    {
      "type": "Feature",
      "geometry": {
        "type": "Point",
        "coordinates": [-5.8258, 38.9483]
      },
      "properties": {
        "bright_ti4": 315.65,
        "scan": 0.36,
        "track": 0.58,
        "acq_date": "2026-09-24",
        "acq_time": "0310",
        "satellite": "N20",
        "instrument": "VIIRS",
        "confidence": "n",
        "version": "2.0NRT",
        "bright_ti5": 286.69,
        "frp": 0.96,
        "daynight": "N",
        "source_dataset": "VIIRS_NOAA20_NRT",
        "acq_datetime_utc": "2026-09-24T03:10:00Z",
        "age_hours": 42.4,
        "confidence_label": "nominal",
        "popup_label": "<strong>NASA FIRMS<\/strong><br>Sensor: VIIRS_NOAA20_NRT<br>Fecha UTC: 2026-09-24T03:10:00Z<br>Confianza: nominal<br>FRP: 0.96 MW"
      }
    },
    {
      "type": "Feature",
      "geometry": {
        "type": "Point",
        "coordinates": [-5.8262, 38.9483]
      },
      "properties": {
        "bright_ti4": 314.03,
        "scan": 0.36,
        "track": 0.58,
        "acq_date": "2026-09-24",
        "acq_time": "0310",
        "satellite": "N20",
        "instrument": "VIIRS",
        "confidence": "n",
        "version": "2.0NRT",
        "bright_ti5": 286.84,
        "frp": 1.02,
        "daynight": "N",
        "source_dataset": "VIIRS_NOAA20_NRT",
        "acq_datetime_utc": "2026-09-24T03:10:00Z",
        "age_hours": 42.4,
        "confidence_label": "nominal",
        "popup_label": "<strong>NASA FIRMS<\/strong><br>Sensor: VIIRS_NOAA20_NRT<br>Fecha UTC: 2026-09-24T03:10:00Z<br>Confianza: nominal<br>FRP: 1.02 MW"
      }
    },
    {
      "type": "Feature",
      "geometry": {
        "type": "Point",
        "coordinates": [-5.7768, 38.9689]
      },
      "properties": {
        "bright_ti4": 305.99,
        "scan": 0.37,
        "track": 0.58,
        "acq_date": "2026-09-24",
        "acq_time": "0310",
        "satellite": "N20",
        "instrument": "VIIRS",
        "confidence": "n",
        "version": "2.0NRT",
        "bright_ti5": 287.95,
        "frp": 0.99,
        "daynight": "N",
        "source_dataset": "VIIRS_NOAA20_NRT",
        "acq_datetime_utc": "2026-09-24T03:10:00Z",
        "age_hours": 42.4,
        "confidence_label": "nominal",
        "popup_label": "<strong>NASA FIRMS<\/strong><br>Sensor: VIIRS_NOAA20_NRT<br>Fecha UTC: 2026-09-24T03:10:00Z<br>Confianza: nominal<br>FRP: 0.99 MW"
      }
    },
    {
      "type": "Feature",
      "geometry": {
        "type": "Point",
        "coordinates": [-8.9087, 39.6864]
      },
      "properties": {
        "bright_ti4": 301.74,
        "scan": 0.49,
        "track": 0.48,
        "acq_date": "2026-09-24",
        "acq_time": "0310",
        "satellite": "N20",
        "instrument": "VIIRS",
        "confidence": "n",
        "version": "2.0NRT",
        "bright_ti5": 289.39,
        "frp": 0.87,
        "daynight": "N",
        "source_dataset": "VIIRS_NOAA20_NRT",
        "acq_datetime_utc": "2026-09-24T03:10:00Z",
        "age_hours": 42.4,
        "confidence_label": "nominal",
        "popup_label": "<strong>NASA FIRMS<\/strong><br>Sensor: VIIRS_NOAA20_NRT<br>Fecha UTC: 2026-09-24T03:10:00Z<br>Confianza: nominal<br>FRP: 0.87 MW"
      }
    },
    {
      "type": "Feature",
      "geometry": {
        "type": "Point",
        "coordinates": [-8.4203, 40.2877]
      },
      "properties": {
        "bright_ti4": 300.69,
        "scan": 0.5,
        "track": 0.49,
        "acq_date": "2026-09-24",
        "acq_time": "0310",
        "satellite": "N20",
        "instrument": "VIIRS",
        "confidence": "n",
        "version": "2.0NRT",
        "bright_ti5": 288.78,
        "frp": 1.49,
        "daynight": "N",
        "source_dataset": "VIIRS_NOAA20_NRT",
        "acq_datetime_utc": "2026-09-24T03:10:00Z",
        "age_hours": 42.4,
        "confidence_label": "nominal",
        "popup_label": "<strong>NASA FIRMS<\/strong><br>Sensor: VIIRS_NOAA20_NRT<br>Fecha UTC: 2026-09-24T03:10:00Z<br>Confianza: nominal<br>FRP: 1.49 MW"
      }
    },
    {
      "type": "Feature",
      "geometry": {
        "type": "Point",
        "coordinates": [-3.4742, 40.2428]
      },
      "properties": {
        "bright_ti4": 302.9,
        "scan": 0.44,
        "track": 0.63,
        "acq_date": "2026-09-24",
        "acq_time": "0308",
        "satellite": "N20",
        "instrument": "VIIRS",
        "confidence": "n",
        "version": "2.0NRT",
        "bright_ti5": 289.45,
        "frp": 1.78,
        "daynight": "N",
        "source_dataset": "VIIRS_NOAA20_NRT",
        "acq_datetime_utc": "2026-09-24T03:08:00Z",
        "age_hours": 42.4,
        "confidence_label": "nominal",
        "popup_label": "<strong>NASA FIRMS<\/strong><br>Sensor: VIIRS_NOAA20_NRT<br>Fecha UTC: 2026-09-24T03:08:00Z<br>Confianza: nominal<br>FRP: 1.78 MW"
      }
    },
    {
      "type": "Feature",
      "geometry": {
        "type": "Point",
        "coordinates": [-3.4791, 40.2442]
      },
      "properties": {
        "bright_ti4": 308.72,
        "scan": 0.44,
        "track": 0.62,
        "acq_date": "2026-09-24",
        "acq_time": "0308",
        "satellite": "N20",
        "instrument": "VIIRS",
        "confidence": "n",
        "version": "2.0NRT",
        "bright_ti5": 288.8,
        "frp": 1.98,
        "daynight": "N",
        "source_dataset": "VIIRS_NOAA20_NRT",
        "acq_datetime_utc": "2026-09-24T03:08:00Z",
        "age_hours": 42.4,
        "confidence_label": "nominal",
        "popup_label": "<strong>NASA FIRMS<\/strong><br>Sensor: VIIRS_NOAA20_NRT<br>Fecha UTC: 2026-09-24T03:08:00Z<br>Confianza: nominal<br>FRP: 1.98 MW"
      }
    },
    {
      "type": "Feature",
      "geometry": {
        "type": "Point",
        "coordinates": [-5.3876, 41.5212]
      },
      "properties": {
        "bright_ti4": 309.16,
        "scan": 0.33,
        "track": 0.55,
        "acq_date": "2026-09-24",
        "acq_time": "0308",
        "satellite": "N20",
        "instrument": "VIIRS",
        "confidence": "n",
        "version": "2.0NRT",
        "bright_ti5": 287.63,
        "frp": 1.01,
        "daynight": "N",
        "source_dataset": "VIIRS_NOAA20_NRT",
        "acq_datetime_utc": "2026-09-24T03:08:00Z",
        "age_hours": 42.4,
        "confidence_label": "nominal",
        "popup_label": "<strong>NASA FIRMS<\/strong><br>Sensor: VIIRS_NOAA20_NRT<br>Fecha UTC: 2026-09-24T03:08:00Z<br>Confianza: nominal<br>FRP: 1.01 MW"
      }
    },
    {
      "type": "Feature",
      "geometry": {
        "type": "Point",
        "coordinates": [-8.4757, 41.7634]
      },
      "properties": {
        "bright_ti4": 301.91,
        "scan": 0.46,
        "track": 0.47,
        "acq_date": "2026-09-24",
        "acq_time": "0308",
        "satellite": "N20",
        "instrument": "VIIRS",
        "confidence": "n",
        "version": "2.0NRT",
        "bright_ti5": 290.86,
        "frp": 0.84,
        "daynight": "N",
        "source_dataset": "VIIRS_NOAA20_NRT",
        "acq_datetime_utc": "2026-09-24T03:08:00Z",
        "age_hours": 42.4,
        "confidence_label": "nominal",
        "popup_label": "<strong>NASA FIRMS<\/strong><br>Sensor: VIIRS_NOAA20_NRT<br>Fecha UTC: 2026-09-24T03:08:00Z<br>Confianza: nominal<br>FRP: 0.84 MW"
      }
    },
    {
      "type": "Feature",
      "geometry": {
        "type": "Point",
        "coordinates": [-5.261, 41.9023]
      },
      "properties": {
        "bright_ti4": 320.27,
        "scan": 0.32,
        "track": 0.55,
        "acq_date": "2026-09-24",
        "acq_time": "0308",
        "satellite": "N20",
        "instrument": "VIIRS",
        "confidence": "n",
        "version": "2.0NRT",
        "bright_ti5": 283.12,
        "frp": 1.52,
        "daynight": "N",
        "source_dataset": "VIIRS_NOAA20_NRT",
        "acq_datetime_utc": "2026-09-24T03:08:00Z",
        "age_hours": 42.4,
        "confidence_label": "nominal",
        "popup_label": "<strong>NASA FIRMS<\/strong><br>Sensor: VIIRS_NOAA20_NRT<br>Fecha UTC: 2026-09-24T03:08:00Z<br>Confianza: nominal<br>FRP: 1.52 MW"
      }
    },
    {
      "type": "Feature",
      "geometry": {
        "type": "Point",
        "coordinates": [-3.8376, 43.4143]
      },
      "properties": {
        "bright_ti4": 296.64,
        "scan": 0.34,
        "track": 0.56,
        "acq_date": "2026-09-24",
        "acq_time": "0308",
        "satellite": "N20",
        "instrument": "VIIRS",
        "confidence": "n",
        "version": "2.0NRT",
        "bright_ti5": 286.45,
        "frp": 0.6,
        "daynight": "N",
        "source_dataset": "VIIRS_NOAA20_NRT",
        "acq_datetime_utc": "2026-09-24T03:08:00Z",
        "age_hours": 42.4,
        "confidence_label": "nominal",
        "popup_label": "<strong>NASA FIRMS<\/strong><br>Sensor: VIIRS_NOAA20_NRT<br>Fecha UTC: 2026-09-24T03:08:00Z<br>Confianza: nominal<br>FRP: 0.6 MW"
      }
    },
    {
      "type": "Feature",
      "geometry": {
        "type": "Point",
        "coordinates": [-5.7349, 43.5227]
      },
      "properties": {
        "bright_ti4": 325.98,
        "scan": 0.56,
        "track": 0.51,
        "acq_date": "2026-09-24",
        "acq_time": "0308",
        "satellite": "N20",
        "instrument": "VIIRS",
        "confidence": "n",
        "version": "2.0NRT",
        "bright_ti5": 289.45,
        "frp": 4.09,
        "daynight": "N",
        "source_dataset": "VIIRS_NOAA20_NRT",
        "acq_datetime_utc": "2026-09-24T03:08:00Z",
        "age_hours": 42.4,
        "confidence_label": "nominal",
        "popup_label": "<strong>NASA FIRMS<\/strong><br>Sensor: VIIRS_NOAA20_NRT<br>Fecha UTC: 2026-09-24T03:08:00Z<br>Confianza: nominal<br>FRP: 4.09 MW"
      }
    },
    {
      "type": "Feature",
      "geometry": {
        "type": "Point",
        "coordinates": [-5.7261, 43.5255]
      },
      "properties": {
        "bright_ti4": 330.99,
        "scan": 0.56,
        "track": 0.51,
        "acq_date": "2026-09-24",
        "acq_time": "0308",
        "satellite": "N20",
        "instrument": "VIIRS",
        "confidence": "n",
        "version": "2.0NRT",
        "bright_ti5": 289.2,
        "frp": 3.25,
        "daynight": "N",
        "source_dataset": "VIIRS_NOAA20_NRT",
        "acq_datetime_utc": "2026-09-24T03:08:00Z",
        "age_hours": 42.4,
        "confidence_label": "nominal",
        "popup_label": "<strong>NASA FIRMS<\/strong><br>Sensor: VIIRS_NOAA20_NRT<br>Fecha UTC: 2026-09-24T03:08:00Z<br>Confianza: nominal<br>FRP: 3.25 MW"
      }
    },
    {
      "type": "Feature",
      "geometry": {
        "type": "Point",
        "coordinates": [-5.7328, 43.5272]
      },
      "properties": {
        "bright_ti4": 331.19,
        "scan": 0.56,
        "track": 0.51,
        "acq_date": "2026-09-24",
        "acq_time": "0308",
        "satellite": "N20",
        "instrument": "VIIRS",
        "confidence": "n",
        "version": "2.0NRT",
        "bright_ti5": 290.41,
        "frp": 5.55,
        "daynight": "N",
        "source_dataset": "VIIRS_NOAA20_NRT",
        "acq_datetime_utc": "2026-09-24T03:08:00Z",
        "age_hours": 42.4,
        "confidence_label": "nominal",
        "popup_label": "<strong>NASA FIRMS<\/strong><br>Sensor: VIIRS_NOAA20_NRT<br>Fecha UTC: 2026-09-24T03:08:00Z<br>Confianza: nominal<br>FRP: 5.55 MW"
      }
    },
    {
      "type": "Feature",
      "geometry": {
        "type": "Point",
        "coordinates": [-0.5182, 28.1996]
      },
      "properties": {
        "bright_ti4": 325.26,
        "scan": 0.54,
        "track": 0.42,
        "acq_date": "2026-09-24",
        "acq_time": "0132",
        "satellite": "N20",
        "instrument": "VIIRS",
        "confidence": "n",
        "version": "2.0NRT",
        "bright_ti5": 292.32,
        "frp": 2.81,
        "daynight": "N",
        "source_dataset": "VIIRS_NOAA20_NRT",
        "acq_datetime_utc": "2026-09-24T01:32:00Z",
        "age_hours": 44,
        "confidence_label": "nominal",
        "popup_label": "<strong>NASA FIRMS<\/strong><br>Sensor: VIIRS_NOAA20_NRT<br>Fecha UTC: 2026-09-24T01:32:00Z<br>Confianza: nominal<br>FRP: 2.81 MW"
      }
    },
    {
      "type": "Feature",
      "geometry": {
        "type": "Point",
        "coordinates": [-9.4925, 30.3047]
      },
      "properties": {
        "bright_ti4": 300.62,
        "scan": 0.65,
        "track": 0.73,
        "acq_date": "2026-09-24",
        "acq_time": "0132",
        "satellite": "N20",
        "instrument": "VIIRS",
        "confidence": "n",
        "version": "2.0NRT",
        "bright_ti5": 290.35,
        "frp": 1.11,
        "daynight": "N",
        "source_dataset": "VIIRS_NOAA20_NRT",
        "acq_datetime_utc": "2026-09-24T01:32:00Z",
        "age_hours": 44,
        "confidence_label": "nominal",
        "popup_label": "<strong>NASA FIRMS<\/strong><br>Sensor: VIIRS_NOAA20_NRT<br>Fecha UTC: 2026-09-24T01:32:00Z<br>Confianza: nominal<br>FRP: 1.11 MW"
      }
    },
    {
      "type": "Feature",
      "geometry": {
        "type": "Point",
        "coordinates": [3.9886, 32.2773]
      },
      "properties": {
        "bright_ti4": 329.47,
        "scan": 0.4,
        "track": 0.37,
        "acq_date": "2026-09-24",
        "acq_time": "0130",
        "satellite": "N20",
        "instrument": "VIIRS",
        "confidence": "n",
        "version": "2.0NRT",
        "bright_ti5": 292.74,
        "frp": 3.92,
        "daynight": "N",
        "source_dataset": "VIIRS_NOAA20_NRT",
        "acq_datetime_utc": "2026-09-24T01:30:00Z",
        "age_hours": 44,
        "confidence_label": "nominal",
        "popup_label": "<strong>NASA FIRMS<\/strong><br>Sensor: VIIRS_NOAA20_NRT<br>Fecha UTC: 2026-09-24T01:30:00Z<br>Confianza: nominal<br>FRP: 3.92 MW"
      }
    },
    {
      "type": "Feature",
      "geometry": {
        "type": "Point",
        "coordinates": [3.9844, 32.2779]
      },
      "properties": {
        "bright_ti4": 310.68,
        "scan": 0.4,
        "track": 0.37,
        "acq_date": "2026-09-24",
        "acq_time": "0130",
        "satellite": "N20",
        "instrument": "VIIRS",
        "confidence": "n",
        "version": "2.0NRT",
        "bright_ti5": 290.56,
        "frp": 2.17,
        "daynight": "N",
        "source_dataset": "VIIRS_NOAA20_NRT",
        "acq_datetime_utc": "2026-09-24T01:30:00Z",
        "age_hours": 44,
        "confidence_label": "nominal",
        "popup_label": "<strong>NASA FIRMS<\/strong><br>Sensor: VIIRS_NOAA20_NRT<br>Fecha UTC: 2026-09-24T01:30:00Z<br>Confianza: nominal<br>FRP: 2.17 MW"
      }
    },
    {
      "type": "Feature",
      "geometry": {
        "type": "Point",
        "coordinates": [4.0041, 32.4044]
      },
      "properties": {
        "bright_ti4": 307.89,
        "scan": 0.4,
        "track": 0.37,
        "acq_date": "2026-09-24",
        "acq_time": "0130",
        "satellite": "N20",
        "instrument": "VIIRS",
        "confidence": "n",
        "version": "2.0NRT",
        "bright_ti5": 291.63,
        "frp": 1.06,
        "daynight": "N",
        "source_dataset": "VIIRS_NOAA20_NRT",
        "acq_datetime_utc": "2026-09-24T01:30:00Z",
        "age_hours": 44,
        "confidence_label": "nominal",
        "popup_label": "<strong>NASA FIRMS<\/strong><br>Sensor: VIIRS_NOAA20_NRT<br>Fecha UTC: 2026-09-24T01:30:00Z<br>Confianza: nominal<br>FRP: 1.06 MW"
      }
    },
    {
      "type": "Feature",
      "geometry": {
        "type": "Point",
        "coordinates": [3.1678, 32.5537]
      },
      "properties": {
        "bright_ti4": 313.53,
        "scan": 0.42,
        "track": 0.38,
        "acq_date": "2026-09-24",
        "acq_time": "0130",
        "satellite": "N20",
        "instrument": "VIIRS",
        "confidence": "n",
        "version": "2.0NRT",
        "bright_ti5": 290.41,
        "frp": 1.78,
        "daynight": "N",
        "source_dataset": "VIIRS_NOAA20_NRT",
        "acq_datetime_utc": "2026-09-24T01:30:00Z",
        "age_hours": 44,
        "confidence_label": "nominal",
        "popup_label": "<strong>NASA FIRMS<\/strong><br>Sensor: VIIRS_NOAA20_NRT<br>Fecha UTC: 2026-09-24T01:30:00Z<br>Confianza: nominal<br>FRP: 1.78 MW"
      }
    },
    {
      "type": "Feature",
      "geometry": {
        "type": "Point",
        "coordinates": [3.1685, 32.5572]
      },
      "properties": {
        "bright_ti4": 319.36,
        "scan": 0.42,
        "track": 0.38,
        "acq_date": "2026-09-24",
        "acq_time": "0130",
        "satellite": "N20",
        "instrument": "VIIRS",
        "confidence": "n",
        "version": "2.0NRT",
        "bright_ti5": 290.76,
        "frp": 1.13,
        "daynight": "N",
        "source_dataset": "VIIRS_NOAA20_NRT",
        "acq_datetime_utc": "2026-09-24T01:30:00Z",
        "age_hours": 44,
        "confidence_label": "nominal",
        "popup_label": "<strong>NASA FIRMS<\/strong><br>Sensor: VIIRS_NOAA20_NRT<br>Fecha UTC: 2026-09-24T01:30:00Z<br>Confianza: nominal<br>FRP: 1.13 MW"
      }
    },
    {
      "type": "Feature",
      "geometry": {
        "type": "Point",
        "coordinates": [3.1846, 32.7446]
      },
      "properties": {
        "bright_ti4": 298.84,
        "scan": 0.42,
        "track": 0.38,
        "acq_date": "2026-09-24",
        "acq_time": "0130",
        "satellite": "N20",
        "instrument": "VIIRS",
        "confidence": "n",
        "version": "2.0NRT",
        "bright_ti5": 288.79,
        "frp": 0.41,
        "daynight": "N",
        "source_dataset": "VIIRS_NOAA20_NRT",
        "acq_datetime_utc": "2026-09-24T01:30:00Z",
        "age_hours": 44,
        "confidence_label": "nominal",
        "popup_label": "<strong>NASA FIRMS<\/strong><br>Sensor: VIIRS_NOAA20_NRT<br>Fecha UTC: 2026-09-24T01:30:00Z<br>Confianza: nominal<br>FRP: 0.41 MW"
      }
    },
    {
      "type": "Feature",
      "geometry": {
        "type": "Point",
        "coordinates": [3.1808, 32.7487]
      },
      "properties": {
        "bright_ti4": 320.19,
        "scan": 0.42,
        "track": 0.38,
        "acq_date": "2026-09-24",
        "acq_time": "0130",
        "satellite": "N20",
        "instrument": "VIIRS",
        "confidence": "n",
        "version": "2.0NRT",
        "bright_ti5": 289.62,
        "frp": 1.4,
        "daynight": "N",
        "source_dataset": "VIIRS_NOAA20_NRT",
        "acq_datetime_utc": "2026-09-24T01:30:00Z",
        "age_hours": 44,
        "confidence_label": "nominal",
        "popup_label": "<strong>NASA FIRMS<\/strong><br>Sensor: VIIRS_NOAA20_NRT<br>Fecha UTC: 2026-09-24T01:30:00Z<br>Confianza: nominal<br>FRP: 1.4 MW"
      }
    },
    {
      "type": "Feature",
      "geometry": {
        "type": "Point",
        "coordinates": [3.241, 32.838]
      },
      "properties": {
        "bright_ti4": 302.71,
        "scan": 0.42,
        "track": 0.38,
        "acq_date": "2026-09-24",
        "acq_time": "0130",
        "satellite": "N20",
        "instrument": "VIIRS",
        "confidence": "n",
        "version": "2.0NRT",
        "bright_ti5": 288.67,
        "frp": 0.71,
        "daynight": "N",
        "source_dataset": "VIIRS_NOAA20_NRT",
        "acq_datetime_utc": "2026-09-24T01:30:00Z",
        "age_hours": 44,
        "confidence_label": "nominal",
        "popup_label": "<strong>NASA FIRMS<\/strong><br>Sensor: VIIRS_NOAA20_NRT<br>Fecha UTC: 2026-09-24T01:30:00Z<br>Confianza: nominal<br>FRP: 0.71 MW"
      }
    },
    {
      "type": "Feature",
      "geometry": {
        "type": "Point",
        "coordinates": [3.2338, 32.9298]
      },
      "properties": {
        "bright_ti4": 298.56,
        "scan": 0.42,
        "track": 0.38,
        "acq_date": "2026-09-24",
        "acq_time": "0130",
        "satellite": "N20",
        "instrument": "VIIRS",
        "confidence": "n",
        "version": "2.0NRT",
        "bright_ti5": 288.55,
        "frp": 0.75,
        "daynight": "N",
        "source_dataset": "VIIRS_NOAA20_NRT",
        "acq_datetime_utc": "2026-09-24T01:30:00Z",
        "age_hours": 44,
        "confidence_label": "nominal",
        "popup_label": "<strong>NASA FIRMS<\/strong><br>Sensor: VIIRS_NOAA20_NRT<br>Fecha UTC: 2026-09-24T01:30:00Z<br>Confianza: nominal<br>FRP: 0.75 MW"
      }
    },
    {
      "type": "Feature",
      "geometry": {
        "type": "Point",
        "coordinates": [3.2249, 32.931]
      },
      "properties": {
        "bright_ti4": 329.69,
        "scan": 0.42,
        "track": 0.38,
        "acq_date": "2026-09-24",
        "acq_time": "0130",
        "satellite": "N20",
        "instrument": "VIIRS",
        "confidence": "n",
        "version": "2.0NRT",
        "bright_ti5": 290.26,
        "frp": 1.9,
        "daynight": "N",
        "source_dataset": "VIIRS_NOAA20_NRT",
        "acq_datetime_utc": "2026-09-24T01:30:00Z",
        "age_hours": 44,
        "confidence_label": "nominal",
        "popup_label": "<strong>NASA FIRMS<\/strong><br>Sensor: VIIRS_NOAA20_NRT<br>Fecha UTC: 2026-09-24T01:30:00Z<br>Confianza: nominal<br>FRP: 1.9 MW"
      }
    },
    {
      "type": "Feature",
      "geometry": {
        "type": "Point",
        "coordinates": [3.2255, 32.9344]
      },
      "properties": {
        "bright_ti4": 302.12,
        "scan": 0.42,
        "track": 0.38,
        "acq_date": "2026-09-24",
        "acq_time": "0130",
        "satellite": "N20",
        "instrument": "VIIRS",
        "confidence": "n",
        "version": "2.0NRT",
        "bright_ti5": 290.84,
        "frp": 1.9,
        "daynight": "N",
        "source_dataset": "VIIRS_NOAA20_NRT",
        "acq_datetime_utc": "2026-09-24T01:30:00Z",
        "age_hours": 44,
        "confidence_label": "nominal",
        "popup_label": "<strong>NASA FIRMS<\/strong><br>Sensor: VIIRS_NOAA20_NRT<br>Fecha UTC: 2026-09-24T01:30:00Z<br>Confianza: nominal<br>FRP: 1.9 MW"
      }
    },
    {
      "type": "Feature",
      "geometry": {
        "type": "Point",
        "coordinates": [3.221, 32.9351]
      },
      "properties": {
        "bright_ti4": 300.27,
        "scan": 0.42,
        "track": 0.38,
        "acq_date": "2026-09-24",
        "acq_time": "0130",
        "satellite": "N20",
        "instrument": "VIIRS",
        "confidence": "n",
        "version": "2.0NRT",
        "bright_ti5": 289.09,
        "frp": 0.7,
        "daynight": "N",
        "source_dataset": "VIIRS_NOAA20_NRT",
        "acq_datetime_utc": "2026-09-24T01:30:00Z",
        "age_hours": 44,
        "confidence_label": "nominal",
        "popup_label": "<strong>NASA FIRMS<\/strong><br>Sensor: VIIRS_NOAA20_NRT<br>Fecha UTC: 2026-09-24T01:30:00Z<br>Confianza: nominal<br>FRP: 0.7 MW"
      }
    },
    {
      "type": "Feature",
      "geometry": {
        "type": "Point",
        "coordinates": [3.2352, 32.9367]
      },
      "properties": {
        "bright_ti4": 311.15,
        "scan": 0.42,
        "track": 0.38,
        "acq_date": "2026-09-24",
        "acq_time": "0130",
        "satellite": "N20",
        "instrument": "VIIRS",
        "confidence": "n",
        "version": "2.0NRT",
        "bright_ti5": 289.39,
        "frp": 1.51,
        "daynight": "N",
        "source_dataset": "VIIRS_NOAA20_NRT",
        "acq_datetime_utc": "2026-09-24T01:30:00Z",
        "age_hours": 44,
        "confidence_label": "nominal",
        "popup_label": "<strong>NASA FIRMS<\/strong><br>Sensor: VIIRS_NOAA20_NRT<br>Fecha UTC: 2026-09-24T01:30:00Z<br>Confianza: nominal<br>FRP: 1.51 MW"
      }
    },
    {
      "type": "Feature",
      "geometry": {
        "type": "Point",
        "coordinates": [3.2275, 32.9448]
      },
      "properties": {
        "bright_ti4": 300.98,
        "scan": 0.42,
        "track": 0.38,
        "acq_date": "2026-09-24",
        "acq_time": "0130",
        "satellite": "N20",
        "instrument": "VIIRS",
        "confidence": "n",
        "version": "2.0NRT",
        "bright_ti5": 288.99,
        "frp": 0.68,
        "daynight": "N",
        "source_dataset": "VIIRS_NOAA20_NRT",
        "acq_datetime_utc": "2026-09-24T01:30:00Z",
        "age_hours": 44,
        "confidence_label": "nominal",
        "popup_label": "<strong>NASA FIRMS<\/strong><br>Sensor: VIIRS_NOAA20_NRT<br>Fecha UTC: 2026-09-24T01:30:00Z<br>Confianza: nominal<br>FRP: 0.68 MW"
      }
    },
    {
      "type": "Feature",
      "geometry": {
        "type": "Point",
        "coordinates": [3.2282, 32.9482]
      },
      "properties": {
        "bright_ti4": 302.28,
        "scan": 0.42,
        "track": 0.38,
        "acq_date": "2026-09-24",
        "acq_time": "0130",
        "satellite": "N20",
        "instrument": "VIIRS",
        "confidence": "n",
        "version": "2.0NRT",
        "bright_ti5": 289.16,
        "frp": 0.68,
        "daynight": "N",
        "source_dataset": "VIIRS_NOAA20_NRT",
        "acq_datetime_utc": "2026-09-24T01:30:00Z",
        "age_hours": 44,
        "confidence_label": "nominal",
        "popup_label": "<strong>NASA FIRMS<\/strong><br>Sensor: VIIRS_NOAA20_NRT<br>Fecha UTC: 2026-09-24T01:30:00Z<br>Confianza: nominal<br>FRP: 0.68 MW"
      }
    },
    {
      "type": "Feature",
      "geometry": {
        "type": "Point",
        "coordinates": [3.2237, 32.9488]
      },
      "properties": {
        "bright_ti4": 299.47,
        "scan": 0.42,
        "track": 0.38,
        "acq_date": "2026-09-24",
        "acq_time": "0130",
        "satellite": "N20",
        "instrument": "VIIRS",
        "confidence": "n",
        "version": "2.0NRT",
        "bright_ti5": 288.86,
        "frp": 0.81,
        "daynight": "N",
        "source_dataset": "VIIRS_NOAA20_NRT",
        "acq_datetime_utc": "2026-09-24T01:30:00Z",
        "age_hours": 44,
        "confidence_label": "nominal",
        "popup_label": "<strong>NASA FIRMS<\/strong><br>Sensor: VIIRS_NOAA20_NRT<br>Fecha UTC: 2026-09-24T01:30:00Z<br>Confianza: nominal<br>FRP: 0.81 MW"
      }
    },
    {
      "type": "Feature",
      "geometry": {
        "type": "Point",
        "coordinates": [3.3188, 33.1277]
      },
      "properties": {
        "bright_ti4": 309.91,
        "scan": 0.42,
        "track": 0.38,
        "acq_date": "2026-09-24",
        "acq_time": "0130",
        "satellite": "N20",
        "instrument": "VIIRS",
        "confidence": "n",
        "version": "2.0NRT",
        "bright_ti5": 289.43,
        "frp": 0.52,
        "daynight": "N",
        "source_dataset": "VIIRS_NOAA20_NRT",
        "acq_datetime_utc": "2026-09-24T01:30:00Z",
        "age_hours": 44,
        "confidence_label": "nominal",
        "popup_label": "<strong>NASA FIRMS<\/strong><br>Sensor: VIIRS_NOAA20_NRT<br>Fecha UTC: 2026-09-24T01:30:00Z<br>Confianza: nominal<br>FRP: 0.52 MW"
      }
    },
    {
      "type": "Feature",
      "geometry": {
        "type": "Point",
        "coordinates": [3.3143, 33.1283]
      },
      "properties": {
        "bright_ti4": 301.57,
        "scan": 0.42,
        "track": 0.38,
        "acq_date": "2026-09-24",
        "acq_time": "0130",
        "satellite": "N20",
        "instrument": "VIIRS",
        "confidence": "n",
        "version": "2.0NRT",
        "bright_ti5": 289.01,
        "frp": 0.52,
        "daynight": "N",
        "source_dataset": "VIIRS_NOAA20_NRT",
        "acq_datetime_utc": "2026-09-24T01:30:00Z",
        "age_hours": 44,
        "confidence_label": "nominal",
        "popup_label": "<strong>NASA FIRMS<\/strong><br>Sensor: VIIRS_NOAA20_NRT<br>Fecha UTC: 2026-09-24T01:30:00Z<br>Confianza: nominal<br>FRP: 0.52 MW"
      }
    },
    {
      "type": "Feature",
      "geometry": {
        "type": "Point",
        "coordinates": [3.3194, 33.1311]
      },
      "properties": {
        "bright_ti4": 302.23,
        "scan": 0.42,
        "track": 0.38,
        "acq_date": "2026-09-24",
        "acq_time": "0130",
        "satellite": "N20",
        "instrument": "VIIRS",
        "confidence": "n",
        "version": "2.0NRT",
        "bright_ti5": 289.05,
        "frp": 0.52,
        "daynight": "N",
        "source_dataset": "VIIRS_NOAA20_NRT",
        "acq_datetime_utc": "2026-09-24T01:30:00Z",
        "age_hours": 44,
        "confidence_label": "nominal",
        "popup_label": "<strong>NASA FIRMS<\/strong><br>Sensor: VIIRS_NOAA20_NRT<br>Fecha UTC: 2026-09-24T01:30:00Z<br>Confianza: nominal<br>FRP: 0.52 MW"
      }
    },
    {
      "type": "Feature",
      "geometry": {
        "type": "Point",
        "coordinates": [3.3149, 33.1318]
      },
      "properties": {
        "bright_ti4": 301.18,
        "scan": 0.42,
        "track": 0.38,
        "acq_date": "2026-09-24",
        "acq_time": "0130",
        "satellite": "N20",
        "instrument": "VIIRS",
        "confidence": "n",
        "version": "2.0NRT",
        "bright_ti5": 289.03,
        "frp": 0.52,
        "daynight": "N",
        "source_dataset": "VIIRS_NOAA20_NRT",
        "acq_datetime_utc": "2026-09-24T01:30:00Z",
        "age_hours": 44,
        "confidence_label": "nominal",
        "popup_label": "<strong>NASA FIRMS<\/strong><br>Sensor: VIIRS_NOAA20_NRT<br>Fecha UTC: 2026-09-24T01:30:00Z<br>Confianza: nominal<br>FRP: 0.52 MW"
      }
    },
    {
      "type": "Feature",
      "geometry": {
        "type": "Point",
        "coordinates": [3.3669, 33.1387]
      },
      "properties": {
        "bright_ti4": 310.92,
        "scan": 0.42,
        "track": 0.38,
        "acq_date": "2026-09-24",
        "acq_time": "0130",
        "satellite": "N20",
        "instrument": "VIIRS",
        "confidence": "n",
        "version": "2.0NRT",
        "bright_ti5": 288.94,
        "frp": 0.93,
        "daynight": "N",
        "source_dataset": "VIIRS_NOAA20_NRT",
        "acq_datetime_utc": "2026-09-24T01:30:00Z",
        "age_hours": 44,
        "confidence_label": "nominal",
        "popup_label": "<strong>NASA FIRMS<\/strong><br>Sensor: VIIRS_NOAA20_NRT<br>Fecha UTC: 2026-09-24T01:30:00Z<br>Confianza: nominal<br>FRP: 0.93 MW"
      }
    },
    {
      "type": "Feature",
      "geometry": {
        "type": "Point",
        "coordinates": [3.3631, 33.1428]
      },
      "properties": {
        "bright_ti4": 308.19,
        "scan": 0.42,
        "track": 0.38,
        "acq_date": "2026-09-24",
        "acq_time": "0130",
        "satellite": "N20",
        "instrument": "VIIRS",
        "confidence": "n",
        "version": "2.0NRT",
        "bright_ti5": 289.02,
        "frp": 1.2,
        "daynight": "N",
        "source_dataset": "VIIRS_NOAA20_NRT",
        "acq_datetime_utc": "2026-09-24T01:30:00Z",
        "age_hours": 44,
        "confidence_label": "nominal",
        "popup_label": "<strong>NASA FIRMS<\/strong><br>Sensor: VIIRS_NOAA20_NRT<br>Fecha UTC: 2026-09-24T01:30:00Z<br>Confianza: nominal<br>FRP: 1.2 MW"
      }
    },
    {
      "type": "Feature",
      "geometry": {
        "type": "Point",
        "coordinates": [-0.3451, 33.4755]
      },
      "properties": {
        "bright_ti4": 318.61,
        "scan": 0.41,
        "track": 0.45,
        "acq_date": "2026-09-24",
        "acq_time": "0130",
        "satellite": "N20",
        "instrument": "VIIRS",
        "confidence": "n",
        "version": "2.0NRT",
        "bright_ti5": 289.02,
        "frp": 2.16,
        "daynight": "N",
        "source_dataset": "VIIRS_NOAA20_NRT",
        "acq_datetime_utc": "2026-09-24T01:30:00Z",
        "age_hours": 44,
        "confidence_label": "nominal",
        "popup_label": "<strong>NASA FIRMS<\/strong><br>Sensor: VIIRS_NOAA20_NRT<br>Fecha UTC: 2026-09-24T01:30:00Z<br>Confianza: nominal<br>FRP: 2.16 MW"
      }
    },
    {
      "type": "Feature",
      "geometry": {
        "type": "Point",
        "coordinates": [-5.3367, 33.8462]
      },
      "properties": {
        "bright_ti4": 312.19,
        "scan": 0.4,
        "track": 0.6,
        "acq_date": "2026-09-24",
        "acq_time": "0130",
        "satellite": "N20",
        "instrument": "VIIRS",
        "confidence": "n",
        "version": "2.0NRT",
        "bright_ti5": 287.1,
        "frp": 1.39,
        "daynight": "N",
        "source_dataset": "VIIRS_NOAA20_NRT",
        "acq_datetime_utc": "2026-09-24T01:30:00Z",
        "age_hours": 44,
        "confidence_label": "nominal",
        "popup_label": "<strong>NASA FIRMS<\/strong><br>Sensor: VIIRS_NOAA20_NRT<br>Fecha UTC: 2026-09-24T01:30:00Z<br>Confianza: nominal<br>FRP: 1.39 MW"
      }
    },
    {
      "type": "Feature",
      "geometry": {
        "type": "Point",
        "coordinates": [2.0563, 34.4362]
      },
      "properties": {
        "bright_ti4": 302.8,
        "scan": 0.48,
        "track": 0.4,
        "acq_date": "2026-09-24",
        "acq_time": "0130",
        "satellite": "N20",
        "instrument": "VIIRS",
        "confidence": "n",
        "version": "2.0NRT",
        "bright_ti5": 287.12,
        "frp": 1.64,
        "daynight": "N",
        "source_dataset": "VIIRS_NOAA20_NRT",
        "acq_datetime_utc": "2026-09-24T01:30:00Z",
        "age_hours": 44,
        "confidence_label": "nominal",
        "popup_label": "<strong>NASA FIRMS<\/strong><br>Sensor: VIIRS_NOAA20_NRT<br>Fecha UTC: 2026-09-24T01:30:00Z<br>Confianza: nominal<br>FRP: 1.64 MW"
      }
    },
    {
      "type": "Feature",
      "geometry": {
        "type": "Point",
        "coordinates": [-2.35, 34.5987]
      },
      "properties": {
        "bright_ti4": 301.1,
        "scan": 0.55,
        "track": 0.51,
        "acq_date": "2026-09-24",
        "acq_time": "0130",
        "satellite": "N20",
        "instrument": "VIIRS",
        "confidence": "n",
        "version": "2.0NRT",
        "bright_ti5": 289.68,
        "frp": 1.33,
        "daynight": "N",
        "source_dataset": "VIIRS_NOAA20_NRT",
        "acq_datetime_utc": "2026-09-24T01:30:00Z",
        "age_hours": 44,
        "confidence_label": "nominal",
        "popup_label": "<strong>NASA FIRMS<\/strong><br>Sensor: VIIRS_NOAA20_NRT<br>Fecha UTC: 2026-09-24T01:30:00Z<br>Confianza: nominal<br>FRP: 1.33 MW"
      }
    },
    {
      "type": "Feature",
      "geometry": {
        "type": "Point",
        "coordinates": [0.3269, 34.8013]
      },
      "properties": {
        "bright_ti4": 298.65,
        "scan": 0.39,
        "track": 0.44,
        "acq_date": "2026-09-24",
        "acq_time": "0130",
        "satellite": "N20",
        "instrument": "VIIRS",
        "confidence": "n",
        "version": "2.0NRT",
        "bright_ti5": 286.41,
        "frp": 0.53,
        "daynight": "N",
        "source_dataset": "VIIRS_NOAA20_NRT",
        "acq_datetime_utc": "2026-09-24T01:30:00Z",
        "age_hours": 44,
        "confidence_label": "nominal",
        "popup_label": "<strong>NASA FIRMS<\/strong><br>Sensor: VIIRS_NOAA20_NRT<br>Fecha UTC: 2026-09-24T01:30:00Z<br>Confianza: nominal<br>FRP: 0.53 MW"
      }
    },
    {
      "type": "Feature",
      "geometry": {
        "type": "Point",
        "coordinates": [-1.343, 35.3119]
      },
      "properties": {
        "bright_ti4": 301.65,
        "scan": 0.49,
        "track": 0.48,
        "acq_date": "2026-09-24",
        "acq_time": "0130",
        "satellite": "N20",
        "instrument": "VIIRS",
        "confidence": "n",
        "version": "2.0NRT",
        "bright_ti5": 291.04,
        "frp": 0.65,
        "daynight": "N",
        "source_dataset": "VIIRS_NOAA20_NRT",
        "acq_datetime_utc": "2026-09-24T01:30:00Z",
        "age_hours": 44,
        "confidence_label": "nominal",
        "popup_label": "<strong>NASA FIRMS<\/strong><br>Sensor: VIIRS_NOAA20_NRT<br>Fecha UTC: 2026-09-24T01:30:00Z<br>Confianza: nominal<br>FRP: 0.65 MW"
      }
    },
    {
      "type": "Feature",
      "geometry": {
        "type": "Point",
        "coordinates": [-1.3447, 35.3139]
      },
      "properties": {
        "bright_ti4": 302.66,
        "scan": 0.49,
        "track": 0.48,
        "acq_date": "2026-09-24",
        "acq_time": "0130",
        "satellite": "N20",
        "instrument": "VIIRS",
        "confidence": "n",
        "version": "2.0NRT",
        "bright_ti5": 290.77,
        "frp": 0.87,
        "daynight": "N",
        "source_dataset": "VIIRS_NOAA20_NRT",
        "acq_datetime_utc": "2026-09-24T01:30:00Z",
        "age_hours": 44,
        "confidence_label": "nominal",
        "popup_label": "<strong>NASA FIRMS<\/strong><br>Sensor: VIIRS_NOAA20_NRT<br>Fecha UTC: 2026-09-24T01:30:00Z<br>Confianza: nominal<br>FRP: 0.87 MW"
      }
    },
    {
      "type": "Feature",
      "geometry": {
        "type": "Point",
        "coordinates": [-0.2776, 35.5335]
      },
      "properties": {
        "bright_ti4": 302.23,
        "scan": 0.43,
        "track": 0.46,
        "acq_date": "2026-09-24",
        "acq_time": "0130",
        "satellite": "N20",
        "instrument": "VIIRS",
        "confidence": "n",
        "version": "2.0NRT",
        "bright_ti5": 291.87,
        "frp": 0.78,
        "daynight": "N",
        "source_dataset": "VIIRS_NOAA20_NRT",
        "acq_datetime_utc": "2026-09-24T01:30:00Z",
        "age_hours": 44,
        "confidence_label": "nominal",
        "popup_label": "<strong>NASA FIRMS<\/strong><br>Sensor: VIIRS_NOAA20_NRT<br>Fecha UTC: 2026-09-24T01:30:00Z<br>Confianza: nominal<br>FRP: 0.78 MW"
      }
    },
    {
      "type": "Feature",
      "geometry": {
        "type": "Point",
        "coordinates": [-0.9407, 35.5689]
      },
      "properties": {
        "bright_ti4": 305.5,
        "scan": 0.47,
        "track": 0.47,
        "acq_date": "2026-09-24",
        "acq_time": "0130",
        "satellite": "N20",
        "instrument": "VIIRS",
        "confidence": "n",
        "version": "2.0NRT",
        "bright_ti5": 290.46,
        "frp": 1.15,
        "daynight": "N",
        "source_dataset": "VIIRS_NOAA20_NRT",
        "acq_datetime_utc": "2026-09-24T01:30:00Z",
        "age_hours": 44,
        "confidence_label": "nominal",
        "popup_label": "<strong>NASA FIRMS<\/strong><br>Sensor: VIIRS_NOAA20_NRT<br>Fecha UTC: 2026-09-24T01:30:00Z<br>Confianza: nominal<br>FRP: 1.15 MW"
      }
    },
    {
      "type": "Feature",
      "geometry": {
        "type": "Point",
        "coordinates": [4.4756, 35.7088]
      },
      "properties": {
        "bright_ti4": 317.58,
        "scan": 0.41,
        "track": 0.37,
        "acq_date": "2026-09-24",
        "acq_time": "0130",
        "satellite": "N20",
        "instrument": "VIIRS",
        "confidence": "n",
        "version": "2.0NRT",
        "bright_ti5": 293,
        "frp": 1.31,
        "daynight": "N",
        "source_dataset": "VIIRS_NOAA20_NRT",
        "acq_datetime_utc": "2026-09-24T01:30:00Z",
        "age_hours": 44,
        "confidence_label": "nominal",
        "popup_label": "<strong>NASA FIRMS<\/strong><br>Sensor: VIIRS_NOAA20_NRT<br>Fecha UTC: 2026-09-24T01:30:00Z<br>Confianza: nominal<br>FRP: 1.31 MW"
      }
    },
    {
      "type": "Feature",
      "geometry": {
        "type": "Point",
        "coordinates": [0.5403, 35.7853]
      },
      "properties": {
        "bright_ti4": 301.71,
        "scan": 0.39,
        "track": 0.44,
        "acq_date": "2026-09-24",
        "acq_time": "0130",
        "satellite": "N20",
        "instrument": "VIIRS",
        "confidence": "n",
        "version": "2.0NRT",
        "bright_ti5": 291.24,
        "frp": 0.56,
        "daynight": "N",
        "source_dataset": "VIIRS_NOAA20_NRT",
        "acq_datetime_utc": "2026-09-24T01:30:00Z",
        "age_hours": 44,
        "confidence_label": "nominal",
        "popup_label": "<strong>NASA FIRMS<\/strong><br>Sensor: VIIRS_NOAA20_NRT<br>Fecha UTC: 2026-09-24T01:30:00Z<br>Confianza: nominal<br>FRP: 0.56 MW"
      }
    },
    {
      "type": "Feature",
      "geometry": {
        "type": "Point",
        "coordinates": [-0.3158, 35.7896]
      },
      "properties": {
        "bright_ti4": 307.51,
        "scan": 0.43,
        "track": 0.46,
        "acq_date": "2026-09-24",
        "acq_time": "0130",
        "satellite": "N20",
        "instrument": "VIIRS",
        "confidence": "n",
        "version": "2.0NRT",
        "bright_ti5": 290.22,
        "frp": 0.48,
        "daynight": "N",
        "source_dataset": "VIIRS_NOAA20_NRT",
        "acq_datetime_utc": "2026-09-24T01:30:00Z",
        "age_hours": 44,
        "confidence_label": "nominal",
        "popup_label": "<strong>NASA FIRMS<\/strong><br>Sensor: VIIRS_NOAA20_NRT<br>Fecha UTC: 2026-09-24T01:30:00Z<br>Confianza: nominal<br>FRP: 0.48 MW"
      }
    },
    {
      "type": "Feature",
      "geometry": {
        "type": "Point",
        "coordinates": [-0.2459, 35.8041]
      },
      "properties": {
        "bright_ti4": 305.35,
        "scan": 0.43,
        "track": 0.46,
        "acq_date": "2026-09-24",
        "acq_time": "0130",
        "satellite": "N20",
        "instrument": "VIIRS",
        "confidence": "n",
        "version": "2.0NRT",
        "bright_ti5": 291.73,
        "frp": 1.78,
        "daynight": "N",
        "source_dataset": "VIIRS_NOAA20_NRT",
        "acq_datetime_utc": "2026-09-24T01:30:00Z",
        "age_hours": 44,
        "confidence_label": "nominal",
        "popup_label": "<strong>NASA FIRMS<\/strong><br>Sensor: VIIRS_NOAA20_NRT<br>Fecha UTC: 2026-09-24T01:30:00Z<br>Confianza: nominal<br>FRP: 1.78 MW"
      }
    },
    {
      "type": "Feature",
      "geometry": {
        "type": "Point",
        "coordinates": [-0.2549, 35.8093]
      },
      "properties": {
        "bright_ti4": 330,
        "scan": 0.43,
        "track": 0.46,
        "acq_date": "2026-09-24",
        "acq_time": "0130",
        "satellite": "N20",
        "instrument": "VIIRS",
        "confidence": "n",
        "version": "2.0NRT",
        "bright_ti5": 292.53,
        "frp": 2.29,
        "daynight": "N",
        "source_dataset": "VIIRS_NOAA20_NRT",
        "acq_datetime_utc": "2026-09-24T01:30:00Z",
        "age_hours": 44,
        "confidence_label": "nominal",
        "popup_label": "<strong>NASA FIRMS<\/strong><br>Sensor: VIIRS_NOAA20_NRT<br>Fecha UTC: 2026-09-24T01:30:00Z<br>Confianza: nominal<br>FRP: 2.29 MW"
      }
    },
    {
      "type": "Feature",
      "geometry": {
        "type": "Point",
        "coordinates": [-0.2597, 35.8098]
      },
      "properties": {
        "bright_ti4": 318.51,
        "scan": 0.43,
        "track": 0.46,
        "acq_date": "2026-09-24",
        "acq_time": "0130",
        "satellite": "N20",
        "instrument": "VIIRS",
        "confidence": "n",
        "version": "2.0NRT",
        "bright_ti5": 292.92,
        "frp": 2.29,
        "daynight": "N",
        "source_dataset": "VIIRS_NOAA20_NRT",
        "acq_datetime_utc": "2026-09-24T01:30:00Z",
        "age_hours": 44,
        "confidence_label": "nominal",
        "popup_label": "<strong>NASA FIRMS<\/strong><br>Sensor: VIIRS_NOAA20_NRT<br>Fecha UTC: 2026-09-24T01:30:00Z<br>Confianza: nominal<br>FRP: 2.29 MW"
      }
    },
    {
      "type": "Feature",
      "geometry": {
        "type": "Point",
        "coordinates": [-0.24, 35.8121]
      },
      "properties": {
        "bright_ti4": 325.35,
        "scan": 0.43,
        "track": 0.46,
        "acq_date": "2026-09-24",
        "acq_time": "0130",
        "satellite": "N20",
        "instrument": "VIIRS",
        "confidence": "n",
        "version": "2.0NRT",
        "bright_ti5": 292.77,
        "frp": 2.79,
        "daynight": "N",
        "source_dataset": "VIIRS_NOAA20_NRT",
        "acq_datetime_utc": "2026-09-24T01:30:00Z",
        "age_hours": 44,
        "confidence_label": "nominal",
        "popup_label": "<strong>NASA FIRMS<\/strong><br>Sensor: VIIRS_NOAA20_NRT<br>Fecha UTC: 2026-09-24T01:30:00Z<br>Confianza: nominal<br>FRP: 2.79 MW"
      }
    },
    {
      "type": "Feature",
      "geometry": {
        "type": "Point",
        "coordinates": [-0.2735, 35.8155]
      },
      "properties": {
        "bright_ti4": 308.62,
        "scan": 0.43,
        "track": 0.46,
        "acq_date": "2026-09-24",
        "acq_time": "0130",
        "satellite": "N20",
        "instrument": "VIIRS",
        "confidence": "n",
        "version": "2.0NRT",
        "bright_ti5": 291.3,
        "frp": 0.97,
        "daynight": "N",
        "source_dataset": "VIIRS_NOAA20_NRT",
        "acq_datetime_utc": "2026-09-24T01:30:00Z",
        "age_hours": 44,
        "confidence_label": "nominal",
        "popup_label": "<strong>NASA FIRMS<\/strong><br>Sensor: VIIRS_NOAA20_NRT<br>Fecha UTC: 2026-09-24T01:30:00Z<br>Confianza: nominal<br>FRP: 0.97 MW"
      }
    },
    {
      "type": "Feature",
      "geometry": {
        "type": "Point",
        "coordinates": [4.4472, 35.8808]
      },
      "properties": {
        "bright_ti4": 310.45,
        "scan": 0.41,
        "track": 0.37,
        "acq_date": "2026-09-24",
        "acq_time": "0130",
        "satellite": "N20",
        "instrument": "VIIRS",
        "confidence": "n",
        "version": "2.0NRT",
        "bright_ti5": 292.81,
        "frp": 1.27,
        "daynight": "N",
        "source_dataset": "VIIRS_NOAA20_NRT",
        "acq_datetime_utc": "2026-09-24T01:30:00Z",
        "age_hours": 44,
        "confidence_label": "nominal",
        "popup_label": "<strong>NASA FIRMS<\/strong><br>Sensor: VIIRS_NOAA20_NRT<br>Fecha UTC: 2026-09-24T01:30:00Z<br>Confianza: nominal<br>FRP: 1.27 MW"
      }
    },
    {
      "type": "Feature",
      "geometry": {
        "type": "Point",
        "coordinates": [0.1242, 36.0187]
      },
      "properties": {
        "bright_ti4": 311.92,
        "scan": 0.41,
        "track": 0.45,
        "acq_date": "2026-09-24",
        "acq_time": "0130",
        "satellite": "N20",
        "instrument": "VIIRS",
        "confidence": "n",
        "version": "2.0NRT",
        "bright_ti5": 291.34,
        "frp": 1.23,
        "daynight": "N",
        "source_dataset": "VIIRS_NOAA20_NRT",
        "acq_datetime_utc": "2026-09-24T01:30:00Z",
        "age_hours": 44,
        "confidence_label": "nominal",
        "popup_label": "<strong>NASA FIRMS<\/strong><br>Sensor: VIIRS_NOAA20_NRT<br>Fecha UTC: 2026-09-24T01:30:00Z<br>Confianza: nominal<br>FRP: 1.23 MW"
      }
    },
    {
      "type": "Feature",
      "geometry": {
        "type": "Point",
        "coordinates": [1.2412, 36.1278]
      },
      "properties": {
        "bright_ti4": 313.82,
        "scan": 0.55,
        "track": 0.42,
        "acq_date": "2026-09-24",
        "acq_time": "0130",
        "satellite": "N20",
        "instrument": "VIIRS",
        "confidence": "n",
        "version": "2.0NRT",
        "bright_ti5": 293.78,
        "frp": 2.26,
        "daynight": "N",
        "source_dataset": "VIIRS_NOAA20_NRT",
        "acq_datetime_utc": "2026-09-24T01:30:00Z",
        "age_hours": 44,
        "confidence_label": "nominal",
        "popup_label": "<strong>NASA FIRMS<\/strong><br>Sensor: VIIRS_NOAA20_NRT<br>Fecha UTC: 2026-09-24T01:30:00Z<br>Confianza: nominal<br>FRP: 2.26 MW"
      }
    },
    {
      "type": "Feature",
      "geometry": {
        "type": "Point",
        "coordinates": [1.2414, 36.1279]
      },
      "properties": {
        "bright_ti4": 313.03,
        "scan": 0.55,
        "track": 0.43,
        "acq_date": "2026-09-24",
        "acq_time": "0130",
        "satellite": "N20",
        "instrument": "VIIRS",
        "confidence": "n",
        "version": "2.0NRT",
        "bright_ti5": 293.77,
        "frp": 2.55,
        "daynight": "N",
        "source_dataset": "VIIRS_NOAA20_NRT",
        "acq_datetime_utc": "2026-09-24T01:30:00Z",
        "age_hours": 44,
        "confidence_label": "nominal",
        "popup_label": "<strong>NASA FIRMS<\/strong><br>Sensor: VIIRS_NOAA20_NRT<br>Fecha UTC: 2026-09-24T01:30:00Z<br>Confianza: nominal<br>FRP: 2.55 MW"
      }
    },
    {
      "type": "Feature",
      "geometry": {
        "type": "Point",
        "coordinates": [2.9262, 36.1401]
      },
      "properties": {
        "bright_ti4": 302.27,
        "scan": 0.46,
        "track": 0.39,
        "acq_date": "2026-09-24",
        "acq_time": "0130",
        "satellite": "N20",
        "instrument": "VIIRS",
        "confidence": "n",
        "version": "2.0NRT",
        "bright_ti5": 287.04,
        "frp": 0.59,
        "daynight": "N",
        "source_dataset": "VIIRS_NOAA20_NRT",
        "acq_datetime_utc": "2026-09-24T01:30:00Z",
        "age_hours": 44,
        "confidence_label": "nominal",
        "popup_label": "<strong>NASA FIRMS<\/strong><br>Sensor: VIIRS_NOAA20_NRT<br>Fecha UTC: 2026-09-24T01:30:00Z<br>Confianza: nominal<br>FRP: 0.59 MW"
      }
    },
    {
      "type": "Feature",
      "geometry": {
        "type": "Point",
        "coordinates": [2.9285, 36.141]
      },
      "properties": {
        "bright_ti4": 303.45,
        "scan": 0.46,
        "track": 0.39,
        "acq_date": "2026-09-24",
        "acq_time": "0130",
        "satellite": "N20",
        "instrument": "VIIRS",
        "confidence": "n",
        "version": "2.0NRT",
        "bright_ti5": 287.37,
        "frp": 0.77,
        "daynight": "N",
        "source_dataset": "VIIRS_NOAA20_NRT",
        "acq_datetime_utc": "2026-09-24T01:30:00Z",
        "age_hours": 44,
        "confidence_label": "nominal",
        "popup_label": "<strong>NASA FIRMS<\/strong><br>Sensor: VIIRS_NOAA20_NRT<br>Fecha UTC: 2026-09-24T01:30:00Z<br>Confianza: nominal<br>FRP: 0.77 MW"
      }
    },
    {
      "type": "Feature",
      "geometry": {
        "type": "Point",
        "coordinates": [2.5782, 36.5366]
      },
      "properties": {
        "bright_ti4": 307.14,
        "scan": 0.48,
        "track": 0.4,
        "acq_date": "2026-09-24",
        "acq_time": "0130",
        "satellite": "N20",
        "instrument": "VIIRS",
        "confidence": "n",
        "version": "2.0NRT",
        "bright_ti5": 289.98,
        "frp": 0.85,
        "daynight": "N",
        "source_dataset": "VIIRS_NOAA20_NRT",
        "acq_datetime_utc": "2026-09-24T01:30:00Z",
        "age_hours": 44,
        "confidence_label": "nominal",
        "popup_label": "<strong>NASA FIRMS<\/strong><br>Sensor: VIIRS_NOAA20_NRT<br>Fecha UTC: 2026-09-24T01:30:00Z<br>Confianza: nominal<br>FRP: 0.85 MW"
      }
    },
    {
      "type": "Feature",
      "geometry": {
        "type": "Point",
        "coordinates": [3.1655, 36.5435]
      },
      "properties": {
        "bright_ti4": 327.61,
        "scan": 0.46,
        "track": 0.39,
        "acq_date": "2026-09-24",
        "acq_time": "0130",
        "satellite": "N20",
        "instrument": "VIIRS",
        "confidence": "n",
        "version": "2.0NRT",
        "bright_ti5": 291.43,
        "frp": 3.04,
        "daynight": "N",
        "source_dataset": "VIIRS_NOAA20_NRT",
        "acq_datetime_utc": "2026-09-24T01:30:00Z",
        "age_hours": 44,
        "confidence_label": "nominal",
        "popup_label": "<strong>NASA FIRMS<\/strong><br>Sensor: VIIRS_NOAA20_NRT<br>Fecha UTC: 2026-09-24T01:30:00Z<br>Confianza: nominal<br>FRP: 3.04 MW"
      }
    },
    {
      "type": "Feature",
      "geometry": {
        "type": "Point",
        "coordinates": [2.879, 36.597]
      },
      "properties": {
        "bright_ti4": 305.8,
        "scan": 0.47,
        "track": 0.4,
        "acq_date": "2026-09-24",
        "acq_time": "0130",
        "satellite": "N20",
        "instrument": "VIIRS",
        "confidence": "n",
        "version": "2.0NRT",
        "bright_ti5": 291.14,
        "frp": 1.08,
        "daynight": "N",
        "source_dataset": "VIIRS_NOAA20_NRT",
        "acq_datetime_utc": "2026-09-24T01:30:00Z",
        "age_hours": 44,
        "confidence_label": "nominal",
        "popup_label": "<strong>NASA FIRMS<\/strong><br>Sensor: VIIRS_NOAA20_NRT<br>Fecha UTC: 2026-09-24T01:30:00Z<br>Confianza: nominal<br>FRP: 1.08 MW"
      }
    },
    {
      "type": "Feature",
      "geometry": {
        "type": "Point",
        "coordinates": [3.1339, 36.5988]
      },
      "properties": {
        "bright_ti4": 303.28,
        "scan": 0.46,
        "track": 0.39,
        "acq_date": "2026-09-24",
        "acq_time": "0130",
        "satellite": "N20",
        "instrument": "VIIRS",
        "confidence": "n",
        "version": "2.0NRT",
        "bright_ti5": 291.76,
        "frp": 0.45,
        "daynight": "N",
        "source_dataset": "VIIRS_NOAA20_NRT",
        "acq_datetime_utc": "2026-09-24T01:30:00Z",
        "age_hours": 44,
        "confidence_label": "nominal",
        "popup_label": "<strong>NASA FIRMS<\/strong><br>Sensor: VIIRS_NOAA20_NRT<br>Fecha UTC: 2026-09-24T01:30:00Z<br>Confianza: nominal<br>FRP: 0.45 MW"
      }
    },
    {
      "type": "Feature",
      "geometry": {
        "type": "Point",
        "coordinates": [3.0013, 36.6227]
      },
      "properties": {
        "bright_ti4": 300.24,
        "scan": 0.46,
        "track": 0.39,
        "acq_date": "2026-09-24",
        "acq_time": "0130",
        "satellite": "N20",
        "instrument": "VIIRS",
        "confidence": "n",
        "version": "2.0NRT",
        "bright_ti5": 290.01,
        "frp": 0.41,
        "daynight": "N",
        "source_dataset": "VIIRS_NOAA20_NRT",
        "acq_datetime_utc": "2026-09-24T01:30:00Z",
        "age_hours": 44,
        "confidence_label": "nominal",
        "popup_label": "<strong>NASA FIRMS<\/strong><br>Sensor: VIIRS_NOAA20_NRT<br>Fecha UTC: 2026-09-24T01:30:00Z<br>Confianza: nominal<br>FRP: 0.41 MW"
      }
    },
    {
      "type": "Feature",
      "geometry": {
        "type": "Point",
        "coordinates": [3.12, 36.6826]
      },
      "properties": {
        "bright_ti4": 310.77,
        "scan": 0.46,
        "track": 0.39,
        "acq_date": "2026-09-24",
        "acq_time": "0130",
        "satellite": "N20",
        "instrument": "VIIRS",
        "confidence": "n",
        "version": "2.0NRT",
        "bright_ti5": 291.63,
        "frp": 1.43,
        "daynight": "N",
        "source_dataset": "VIIRS_NOAA20_NRT",
        "acq_datetime_utc": "2026-09-24T01:30:00Z",
        "age_hours": 44,
        "confidence_label": "nominal",
        "popup_label": "<strong>NASA FIRMS<\/strong><br>Sensor: VIIRS_NOAA20_NRT<br>Fecha UTC: 2026-09-24T01:30:00Z<br>Confianza: nominal<br>FRP: 1.43 MW"
      }
    },
    {
      "type": "Feature",
      "geometry": {
        "type": "Point",
        "coordinates": [3.9768, 36.7314]
      },
      "properties": {
        "bright_ti4": 321.83,
        "scan": 0.43,
        "track": 0.38,
        "acq_date": "2026-09-24",
        "acq_time": "0130",
        "satellite": "N20",
        "instrument": "VIIRS",
        "confidence": "n",
        "version": "2.0NRT",
        "bright_ti5": 292.27,
        "frp": 2.48,
        "daynight": "N",
        "source_dataset": "VIIRS_NOAA20_NRT",
        "acq_datetime_utc": "2026-09-24T01:30:00Z",
        "age_hours": 44,
        "confidence_label": "nominal",
        "popup_label": "<strong>NASA FIRMS<\/strong><br>Sensor: VIIRS_NOAA20_NRT<br>Fecha UTC: 2026-09-24T01:30:00Z<br>Confianza: nominal<br>FRP: 2.48 MW"
      }
    },
    {
      "type": "Feature",
      "geometry": {
        "type": "Point",
        "coordinates": [3.0803, 36.7502]
      },
      "properties": {
        "bright_ti4": 305.12,
        "scan": 0.46,
        "track": 0.39,
        "acq_date": "2026-09-24",
        "acq_time": "0130",
        "satellite": "N20",
        "instrument": "VIIRS",
        "confidence": "n",
        "version": "2.0NRT",
        "bright_ti5": 292.69,
        "frp": 1.16,
        "daynight": "N",
        "source_dataset": "VIIRS_NOAA20_NRT",
        "acq_datetime_utc": "2026-09-24T01:30:00Z",
        "age_hours": 44,
        "confidence_label": "nominal",
        "popup_label": "<strong>NASA FIRMS<\/strong><br>Sensor: VIIRS_NOAA20_NRT<br>Fecha UTC: 2026-09-24T01:30:00Z<br>Confianza: nominal<br>FRP: 1.16 MW"
      }
    },
    {
      "type": "Feature",
      "geometry": {
        "type": "Point",
        "coordinates": [-8.807, 37.9516]
      },
      "properties": {
        "bright_ti4": 299.2,
        "scan": 0.67,
        "track": 0.74,
        "acq_date": "2026-09-24",
        "acq_time": "0130",
        "satellite": "N20",
        "instrument": "VIIRS",
        "confidence": "n",
        "version": "2.0NRT",
        "bright_ti5": 288.27,
        "frp": 2.31,
        "daynight": "N",
        "source_dataset": "VIIRS_NOAA20_NRT",
        "acq_datetime_utc": "2026-09-24T01:30:00Z",
        "age_hours": 44,
        "confidence_label": "nominal",
        "popup_label": "<strong>NASA FIRMS<\/strong><br>Sensor: VIIRS_NOAA20_NRT<br>Fecha UTC: 2026-09-24T01:30:00Z<br>Confianza: nominal<br>FRP: 2.31 MW"
      }
    },
    {
      "type": "Feature",
      "geometry": {
        "type": "Point",
        "coordinates": [-8.8094, 37.9523]
      },
      "properties": {
        "bright_ti4": 298.65,
        "scan": 0.67,
        "track": 0.74,
        "acq_date": "2026-09-24",
        "acq_time": "0130",
        "satellite": "N20",
        "instrument": "VIIRS",
        "confidence": "n",
        "version": "2.0NRT",
        "bright_ti5": 288.52,
        "frp": 1.31,
        "daynight": "N",
        "source_dataset": "VIIRS_NOAA20_NRT",
        "acq_datetime_utc": "2026-09-24T01:30:00Z",
        "age_hours": 44,
        "confidence_label": "nominal",
        "popup_label": "<strong>NASA FIRMS<\/strong><br>Sensor: VIIRS_NOAA20_NRT<br>Fecha UTC: 2026-09-24T01:30:00Z<br>Confianza: nominal<br>FRP: 1.31 MW"
      }
    },
    {
      "type": "Feature",
      "geometry": {
        "type": "Point",
        "coordinates": [-6.9416, 38.88]
      },
      "properties": {
        "bright_ti4": 305.48,
        "scan": 0.54,
        "track": 0.68,
        "acq_date": "2026-09-24",
        "acq_time": "0128",
        "satellite": "N20",
        "instrument": "VIIRS",
        "confidence": "n",
        "version": "2.0NRT",
        "bright_ti5": 291.77,
        "frp": 1.71,
        "daynight": "N",
        "source_dataset": "VIIRS_NOAA20_NRT",
        "acq_datetime_utc": "2026-09-24T01:28:00Z",
        "age_hours": 44.1,
        "confidence_label": "nominal",
        "popup_label": "<strong>NASA FIRMS<\/strong><br>Sensor: VIIRS_NOAA20_NRT<br>Fecha UTC: 2026-09-24T01:28:00Z<br>Confianza: nominal<br>FRP: 1.71 MW"
      }
    },
    {
      "type": "Feature",
      "geometry": {
        "type": "Point",
        "coordinates": [-6.948, 38.8802]
      },
      "properties": {
        "bright_ti4": 316.89,
        "scan": 0.54,
        "track": 0.68,
        "acq_date": "2026-09-24",
        "acq_time": "0128",
        "satellite": "N20",
        "instrument": "VIIRS",
        "confidence": "n",
        "version": "2.0NRT",
        "bright_ti5": 291.85,
        "frp": 1.71,
        "daynight": "N",
        "source_dataset": "VIIRS_NOAA20_NRT",
        "acq_datetime_utc": "2026-09-24T01:28:00Z",
        "age_hours": 44.1,
        "confidence_label": "nominal",
        "popup_label": "<strong>NASA FIRMS<\/strong><br>Sensor: VIIRS_NOAA20_NRT<br>Fecha UTC: 2026-09-24T01:28:00Z<br>Confianza: nominal<br>FRP: 1.71 MW"
      }
    },
    {
      "type": "Feature",
      "geometry": {
        "type": "Point",
        "coordinates": [-5.8263, 38.9136]
      },
      "properties": {
        "bright_ti4": 301.5,
        "scan": 0.47,
        "track": 0.64,
        "acq_date": "2026-09-24",
        "acq_time": "0128",
        "satellite": "N20",
        "instrument": "VIIRS",
        "confidence": "n",
        "version": "2.0NRT",
        "bright_ti5": 288.04,
        "frp": 0.56,
        "daynight": "N",
        "source_dataset": "VIIRS_NOAA20_NRT",
        "acq_datetime_utc": "2026-09-24T01:28:00Z",
        "age_hours": 44.1,
        "confidence_label": "nominal",
        "popup_label": "<strong>NASA FIRMS<\/strong><br>Sensor: VIIRS_NOAA20_NRT<br>Fecha UTC: 2026-09-24T01:28:00Z<br>Confianza: nominal<br>FRP: 0.56 MW"
      }
    },
    {
      "type": "Feature",
      "geometry": {
        "type": "Point",
        "coordinates": [-9.0176, 38.9209]
      },
      "properties": {
        "bright_ti4": 300.85,
        "scan": 0.7,
        "track": 0.75,
        "acq_date": "2026-09-24",
        "acq_time": "0128",
        "satellite": "N20",
        "instrument": "VIIRS",
        "confidence": "n",
        "version": "2.0NRT",
        "bright_ti5": 290.54,
        "frp": 1.07,
        "daynight": "N",
        "source_dataset": "VIIRS_NOAA20_NRT",
        "acq_datetime_utc": "2026-09-24T01:28:00Z",
        "age_hours": 44.1,
        "confidence_label": "nominal",
        "popup_label": "<strong>NASA FIRMS<\/strong><br>Sensor: VIIRS_NOAA20_NRT<br>Fecha UTC: 2026-09-24T01:28:00Z<br>Confianza: nominal<br>FRP: 1.07 MW"
      }
    },
    {
      "type": "Feature",
      "geometry": {
        "type": "Point",
        "coordinates": [-5.8465, 38.9383]
      },
      "properties": {
        "bright_ti4": 302.21,
        "scan": 0.47,
        "track": 0.64,
        "acq_date": "2026-09-24",
        "acq_time": "0128",
        "satellite": "N20",
        "instrument": "VIIRS",
        "confidence": "n",
        "version": "2.0NRT",
        "bright_ti5": 289.64,
        "frp": 0.84,
        "daynight": "N",
        "source_dataset": "VIIRS_NOAA20_NRT",
        "acq_datetime_utc": "2026-09-24T01:28:00Z",
        "age_hours": 44.1,
        "confidence_label": "nominal",
        "popup_label": "<strong>NASA FIRMS<\/strong><br>Sensor: VIIRS_NOAA20_NRT<br>Fecha UTC: 2026-09-24T01:28:00Z<br>Confianza: nominal<br>FRP: 0.84 MW"
      }
    },
    {
      "type": "Feature",
      "geometry": {
        "type": "Point",
        "coordinates": [-5.8242, 38.9493]
      },
      "properties": {
        "bright_ti4": 322.75,
        "scan": 0.47,
        "track": 0.64,
        "acq_date": "2026-09-24",
        "acq_time": "0128",
        "satellite": "N20",
        "instrument": "VIIRS",
        "confidence": "n",
        "version": "2.0NRT",
        "bright_ti5": 289.07,
        "frp": 2.04,
        "daynight": "N",
        "source_dataset": "VIIRS_NOAA20_NRT",
        "acq_datetime_utc": "2026-09-24T01:28:00Z",
        "age_hours": 44.1,
        "confidence_label": "nominal",
        "popup_label": "<strong>NASA FIRMS<\/strong><br>Sensor: VIIRS_NOAA20_NRT<br>Fecha UTC: 2026-09-24T01:28:00Z<br>Confianza: nominal<br>FRP: 2.04 MW"
      }
    },
    {
      "type": "Feature",
      "geometry": {
        "type": "Point",
        "coordinates": [-5.7789, 38.9652]
      },
      "properties": {
        "bright_ti4": 317.82,
        "scan": 0.47,
        "track": 0.64,
        "acq_date": "2026-09-24",
        "acq_time": "0128",
        "satellite": "N20",
        "instrument": "VIIRS",
        "confidence": "n",
        "version": "2.0NRT",
        "bright_ti5": 288.36,
        "frp": 1.68,
        "daynight": "N",
        "source_dataset": "VIIRS_NOAA20_NRT",
        "acq_datetime_utc": "2026-09-24T01:28:00Z",
        "age_hours": 44.1,
        "confidence_label": "nominal",
        "popup_label": "<strong>NASA FIRMS<\/strong><br>Sensor: VIIRS_NOAA20_NRT<br>Fecha UTC: 2026-09-24T01:28:00Z<br>Confianza: nominal<br>FRP: 1.68 MW"
      }
    },
    {
      "type": "Feature",
      "geometry": {
        "type": "Point",
        "coordinates": [-5.7769, 38.9688]
      },
      "properties": {
        "bright_ti4": 316.98,
        "scan": 0.47,
        "track": 0.64,
        "acq_date": "2026-09-24",
        "acq_time": "0128",
        "satellite": "N20",
        "instrument": "VIIRS",
        "confidence": "n",
        "version": "2.0NRT",
        "bright_ti5": 289.09,
        "frp": 2.18,
        "daynight": "N",
        "source_dataset": "VIIRS_NOAA20_NRT",
        "acq_datetime_utc": "2026-09-24T01:28:00Z",
        "age_hours": 44.1,
        "confidence_label": "nominal",
        "popup_label": "<strong>NASA FIRMS<\/strong><br>Sensor: VIIRS_NOAA20_NRT<br>Fecha UTC: 2026-09-24T01:28:00Z<br>Confianza: nominal<br>FRP: 2.18 MW"
      }
    },
    {
      "type": "Feature",
      "geometry": {
        "type": "Point",
        "coordinates": [-3.4756, 40.2447]
      },
      "properties": {
        "bright_ti4": 321.71,
        "scan": 0.36,
        "track": 0.57,
        "acq_date": "2026-09-24",
        "acq_time": "0128",
        "satellite": "N20",
        "instrument": "VIIRS",
        "confidence": "n",
        "version": "2.0NRT",
        "bright_ti5": 294.13,
        "frp": 1.71,
        "daynight": "N",
        "source_dataset": "VIIRS_NOAA20_NRT",
        "acq_datetime_utc": "2026-09-24T01:28:00Z",
        "age_hours": 44.1,
        "confidence_label": "nominal",
        "popup_label": "<strong>NASA FIRMS<\/strong><br>Sensor: VIIRS_NOAA20_NRT<br>Fecha UTC: 2026-09-24T01:28:00Z<br>Confianza: nominal<br>FRP: 1.71 MW"
      }
    },
    {
      "type": "Feature",
      "geometry": {
        "type": "Point",
        "coordinates": [-3.4799, 40.245]
      },
      "properties": {
        "bright_ti4": 308.12,
        "scan": 0.36,
        "track": 0.57,
        "acq_date": "2026-09-24",
        "acq_time": "0128",
        "satellite": "N20",
        "instrument": "VIIRS",
        "confidence": "n",
        "version": "2.0NRT",
        "bright_ti5": 291.01,
        "frp": 1.71,
        "daynight": "N",
        "source_dataset": "VIIRS_NOAA20_NRT",
        "acq_datetime_utc": "2026-09-24T01:28:00Z",
        "age_hours": 44.1,
        "confidence_label": "nominal",
        "popup_label": "<strong>NASA FIRMS<\/strong><br>Sensor: VIIRS_NOAA20_NRT<br>Fecha UTC: 2026-09-24T01:28:00Z<br>Confianza: nominal<br>FRP: 1.71 MW"
      }
    },
    {
      "type": "Feature",
      "geometry": {
        "type": "Point",
        "coordinates": [-3.475, 40.246]
      },
      "properties": {
        "bright_ti4": 323.72,
        "scan": 0.36,
        "track": 0.57,
        "acq_date": "2026-09-24",
        "acq_time": "0128",
        "satellite": "N20",
        "instrument": "VIIRS",
        "confidence": "n",
        "version": "2.0NRT",
        "bright_ti5": 294.25,
        "frp": 2.77,
        "daynight": "N",
        "source_dataset": "VIIRS_NOAA20_NRT",
        "acq_datetime_utc": "2026-09-24T01:28:00Z",
        "age_hours": 44.1,
        "confidence_label": "nominal",
        "popup_label": "<strong>NASA FIRMS<\/strong><br>Sensor: VIIRS_NOAA20_NRT<br>Fecha UTC: 2026-09-24T01:28:00Z<br>Confianza: nominal<br>FRP: 2.77 MW"
      }
    },
    {
      "type": "Feature",
      "geometry": {
        "type": "Point",
        "coordinates": [-3.4793, 40.2463]
      },
      "properties": {
        "bright_ti4": 304.91,
        "scan": 0.36,
        "track": 0.57,
        "acq_date": "2026-09-24",
        "acq_time": "0128",
        "satellite": "N20",
        "instrument": "VIIRS",
        "confidence": "n",
        "version": "2.0NRT",
        "bright_ti5": 290.84,
        "frp": 2.12,
        "daynight": "N",
        "source_dataset": "VIIRS_NOAA20_NRT",
        "acq_datetime_utc": "2026-09-24T01:28:00Z",
        "age_hours": 44.1,
        "confidence_label": "nominal",
        "popup_label": "<strong>NASA FIRMS<\/strong><br>Sensor: VIIRS_NOAA20_NRT<br>Fecha UTC: 2026-09-24T01:28:00Z<br>Confianza: nominal<br>FRP: 2.12 MW"
      }
    },
    {
      "type": "Feature",
      "geometry": {
        "type": "Point",
        "coordinates": [1.6629, 41.3116]
      },
      "properties": {
        "bright_ti4": 302.7,
        "scan": 0.4,
        "track": 0.44,
        "acq_date": "2026-09-24",
        "acq_time": "0128",
        "satellite": "N20",
        "instrument": "VIIRS",
        "confidence": "n",
        "version": "2.0NRT",
        "bright_ti5": 288.59,
        "frp": 0.61,
        "daynight": "N",
        "source_dataset": "VIIRS_NOAA20_NRT",
        "acq_datetime_utc": "2026-09-24T01:28:00Z",
        "age_hours": 44.1,
        "confidence_label": "nominal",
        "popup_label": "<strong>NASA FIRMS<\/strong><br>Sensor: VIIRS_NOAA20_NRT<br>Fecha UTC: 2026-09-24T01:28:00Z<br>Confianza: nominal<br>FRP: 0.61 MW"
      }
    },
    {
      "type": "Feature",
      "geometry": {
        "type": "Point",
        "coordinates": [-5.2642, 41.9023]
      },
      "properties": {
        "bright_ti4": 298.24,
        "scan": 0.46,
        "track": 0.63,
        "acq_date": "2026-09-24",
        "acq_time": "0128",
        "satellite": "N20",
        "instrument": "VIIRS",
        "confidence": "n",
        "version": "2.0NRT",
        "bright_ti5": 283.62,
        "frp": 0.81,
        "daynight": "N",
        "source_dataset": "VIIRS_NOAA20_NRT",
        "acq_datetime_utc": "2026-09-24T01:28:00Z",
        "age_hours": 44.1,
        "confidence_label": "nominal",
        "popup_label": "<strong>NASA FIRMS<\/strong><br>Sensor: VIIRS_NOAA20_NRT<br>Fecha UTC: 2026-09-24T01:28:00Z<br>Confianza: nominal<br>FRP: 0.81 MW"
      }
    },
    {
      "type": "Feature",
      "geometry": {
        "type": "Point",
        "coordinates": [-5.2593, 41.9064]
      },
      "properties": {
        "bright_ti4": 296.48,
        "scan": 0.46,
        "track": 0.63,
        "acq_date": "2026-09-24",
        "acq_time": "0128",
        "satellite": "N20",
        "instrument": "VIIRS",
        "confidence": "n",
        "version": "2.0NRT",
        "bright_ti5": 284.32,
        "frp": 1.07,
        "daynight": "N",
        "source_dataset": "VIIRS_NOAA20_NRT",
        "acq_datetime_utc": "2026-09-24T01:28:00Z",
        "age_hours": 44.1,
        "confidence_label": "nominal",
        "popup_label": "<strong>NASA FIRMS<\/strong><br>Sensor: VIIRS_NOAA20_NRT<br>Fecha UTC: 2026-09-24T01:28:00Z<br>Confianza: nominal<br>FRP: 1.07 MW"
      }
    },
    {
      "type": "Feature",
      "geometry": {
        "type": "Point",
        "coordinates": [-7.6311, 41.9993]
      },
      "properties": {
        "bright_ti4": 317.81,
        "scan": 0.61,
        "track": 0.71,
        "acq_date": "2026-09-24",
        "acq_time": "0128",
        "satellite": "N20",
        "instrument": "VIIRS",
        "confidence": "n",
        "version": "2.0NRT",
        "bright_ti5": 288.58,
        "frp": 3.3,
        "daynight": "N",
        "source_dataset": "VIIRS_NOAA20_NRT",
        "acq_datetime_utc": "2026-09-24T01:28:00Z",
        "age_hours": 44.1,
        "confidence_label": "nominal",
        "popup_label": "<strong>NASA FIRMS<\/strong><br>Sensor: VIIRS_NOAA20_NRT<br>Fecha UTC: 2026-09-24T01:28:00Z<br>Confianza: nominal<br>FRP: 3.3 MW"
      }
    },
    {
      "type": "Feature",
      "geometry": {
        "type": "Point",
        "coordinates": [-7.6255, 42.0125]
      },
      "properties": {
        "bright_ti4": 301.51,
        "scan": 0.61,
        "track": 0.71,
        "acq_date": "2026-09-24",
        "acq_time": "0128",
        "satellite": "N20",
        "instrument": "VIIRS",
        "confidence": "n",
        "version": "2.0NRT",
        "bright_ti5": 289.16,
        "frp": 2.39,
        "daynight": "N",
        "source_dataset": "VIIRS_NOAA20_NRT",
        "acq_datetime_utc": "2026-09-24T01:28:00Z",
        "age_hours": 44.1,
        "confidence_label": "nominal",
        "popup_label": "<strong>NASA FIRMS<\/strong><br>Sensor: VIIRS_NOAA20_NRT<br>Fecha UTC: 2026-09-24T01:28:00Z<br>Confianza: nominal<br>FRP: 2.39 MW"
      }
    },
    {
      "type": "Feature",
      "geometry": {
        "type": "Point",
        "coordinates": [-6.7742, 42.5504]
      },
      "properties": {
        "bright_ti4": 295.71,
        "scan": 0.55,
        "track": 0.68,
        "acq_date": "2026-09-24",
        "acq_time": "0128",
        "satellite": "N20",
        "instrument": "VIIRS",
        "confidence": "n",
        "version": "2.0NRT",
        "bright_ti5": 284.59,
        "frp": 1,
        "daynight": "N",
        "source_dataset": "VIIRS_NOAA20_NRT",
        "acq_datetime_utc": "2026-09-24T01:28:00Z",
        "age_hours": 44.1,
        "confidence_label": "nominal",
        "popup_label": "<strong>NASA FIRMS<\/strong><br>Sensor: VIIRS_NOAA20_NRT<br>Fecha UTC: 2026-09-24T01:28:00Z<br>Confianza: nominal<br>FRP: 1 MW"
      }
    },
    {
      "type": "Feature",
      "geometry": {
        "type": "Point",
        "coordinates": [-6.7743, 42.5546]
      },
      "properties": {
        "bright_ti4": 298.17,
        "scan": 0.55,
        "track": 0.68,
        "acq_date": "2026-09-24",
        "acq_time": "0128",
        "satellite": "N20",
        "instrument": "VIIRS",
        "confidence": "n",
        "version": "2.0NRT",
        "bright_ti5": 285.2,
        "frp": 1.19,
        "daynight": "N",
        "source_dataset": "VIIRS_NOAA20_NRT",
        "acq_datetime_utc": "2026-09-24T01:28:00Z",
        "age_hours": 44.1,
        "confidence_label": "nominal",
        "popup_label": "<strong>NASA FIRMS<\/strong><br>Sensor: VIIRS_NOAA20_NRT<br>Fecha UTC: 2026-09-24T01:28:00Z<br>Confianza: nominal<br>FRP: 1.19 MW"
      }
    },
    {
      "type": "Feature",
      "geometry": {
        "type": "Point",
        "coordinates": [-2.2203, 43.0364]
      },
      "properties": {
        "bright_ti4": 303,
        "scan": 0.33,
        "track": 0.55,
        "acq_date": "2026-09-24",
        "acq_time": "0128",
        "satellite": "N20",
        "instrument": "VIIRS",
        "confidence": "n",
        "version": "2.0NRT",
        "bright_ti5": 287.78,
        "frp": 0.55,
        "daynight": "N",
        "source_dataset": "VIIRS_NOAA20_NRT",
        "acq_datetime_utc": "2026-09-24T01:28:00Z",
        "age_hours": 44.1,
        "confidence_label": "nominal",
        "popup_label": "<strong>NASA FIRMS<\/strong><br>Sensor: VIIRS_NOAA20_NRT<br>Fecha UTC: 2026-09-24T01:28:00Z<br>Confianza: nominal<br>FRP: 0.55 MW"
      }
    },
    {
      "type": "Feature",
      "geometry": {
        "type": "Point",
        "coordinates": [-2.2195, 43.0415]
      },
      "properties": {
        "bright_ti4": 304.68,
        "scan": 0.33,
        "track": 0.55,
        "acq_date": "2026-09-24",
        "acq_time": "0128",
        "satellite": "N20",
        "instrument": "VIIRS",
        "confidence": "n",
        "version": "2.0NRT",
        "bright_ti5": 287.59,
        "frp": 0.55,
        "daynight": "N",
        "source_dataset": "VIIRS_NOAA20_NRT",
        "acq_datetime_utc": "2026-09-24T01:28:00Z",
        "age_hours": 44.1,
        "confidence_label": "nominal",
        "popup_label": "<strong>NASA FIRMS<\/strong><br>Sensor: VIIRS_NOAA20_NRT<br>Fecha UTC: 2026-09-24T01:28:00Z<br>Confianza: nominal<br>FRP: 0.55 MW"
      }
    },
    {
      "type": "Feature",
      "geometry": {
        "type": "Point",
        "coordinates": [-3.8422, 43.4131]
      },
      "properties": {
        "bright_ti4": 298.41,
        "scan": 0.4,
        "track": 0.6,
        "acq_date": "2026-09-24",
        "acq_time": "0128",
        "satellite": "N20",
        "instrument": "VIIRS",
        "confidence": "n",
        "version": "2.0NRT",
        "bright_ti5": 288.25,
        "frp": 0.65,
        "daynight": "N",
        "source_dataset": "VIIRS_NOAA20_NRT",
        "acq_datetime_utc": "2026-09-24T01:28:00Z",
        "age_hours": 44.1,
        "confidence_label": "nominal",
        "popup_label": "<strong>NASA FIRMS<\/strong><br>Sensor: VIIRS_NOAA20_NRT<br>Fecha UTC: 2026-09-24T01:28:00Z<br>Confianza: nominal<br>FRP: 0.65 MW"
      }
    },
    {
      "type": "Feature",
      "geometry": {
        "type": "Point",
        "coordinates": [4.8925, 43.4373]
      },
      "properties": {
        "bright_ti4": 310.35,
        "scan": 0.46,
        "track": 0.39,
        "acq_date": "2026-09-24",
        "acq_time": "0128",
        "satellite": "N20",
        "instrument": "VIIRS",
        "confidence": "n",
        "version": "2.0NRT",
        "bright_ti5": 291.22,
        "frp": 1.44,
        "daynight": "N",
        "source_dataset": "VIIRS_NOAA20_NRT",
        "acq_datetime_utc": "2026-09-24T01:28:00Z",
        "age_hours": 44.1,
        "confidence_label": "nominal",
        "popup_label": "<strong>NASA FIRMS<\/strong><br>Sensor: VIIRS_NOAA20_NRT<br>Fecha UTC: 2026-09-24T01:28:00Z<br>Confianza: nominal<br>FRP: 1.44 MW"
      }
    },
    {
      "type": "Feature",
      "geometry": {
        "type": "Point",
        "coordinates": [4.8811, 43.4387]
      },
      "properties": {
        "bright_ti4": 302.36,
        "scan": 0.46,
        "track": 0.39,
        "acq_date": "2026-09-24",
        "acq_time": "0128",
        "satellite": "N20",
        "instrument": "VIIRS",
        "confidence": "n",
        "version": "2.0NRT",
        "bright_ti5": 292.03,
        "frp": 1.89,
        "daynight": "N",
        "source_dataset": "VIIRS_NOAA20_NRT",
        "acq_datetime_utc": "2026-09-24T01:28:00Z",
        "age_hours": 44.1,
        "confidence_label": "nominal",
        "popup_label": "<strong>NASA FIRMS<\/strong><br>Sensor: VIIRS_NOAA20_NRT<br>Fecha UTC: 2026-09-24T01:28:00Z<br>Confianza: nominal<br>FRP: 1.89 MW"
      }
    },
    {
      "type": "Feature",
      "geometry": {
        "type": "Point",
        "coordinates": [4.8933, 43.4409]
      },
      "properties": {
        "bright_ti4": 320.18,
        "scan": 0.46,
        "track": 0.39,
        "acq_date": "2026-09-24",
        "acq_time": "0128",
        "satellite": "N20",
        "instrument": "VIIRS",
        "confidence": "n",
        "version": "2.0NRT",
        "bright_ti5": 291.59,
        "frp": 1.44,
        "daynight": "N",
        "source_dataset": "VIIRS_NOAA20_NRT",
        "acq_datetime_utc": "2026-09-24T01:28:00Z",
        "age_hours": 44.1,
        "confidence_label": "nominal",
        "popup_label": "<strong>NASA FIRMS<\/strong><br>Sensor: VIIRS_NOAA20_NRT<br>Fecha UTC: 2026-09-24T01:28:00Z<br>Confianza: nominal<br>FRP: 1.44 MW"
      }
    },
    {
      "type": "Feature",
      "geometry": {
        "type": "Point",
        "coordinates": [4.8941, 43.4445]
      },
      "properties": {
        "bright_ti4": 303.9,
        "scan": 0.46,
        "track": 0.39,
        "acq_date": "2026-09-24",
        "acq_time": "0128",
        "satellite": "N20",
        "instrument": "VIIRS",
        "confidence": "n",
        "version": "2.0NRT",
        "bright_ti5": 290.76,
        "frp": 2.01,
        "daynight": "N",
        "source_dataset": "VIIRS_NOAA20_NRT",
        "acq_datetime_utc": "2026-09-24T01:28:00Z",
        "age_hours": 44.1,
        "confidence_label": "nominal",
        "popup_label": "<strong>NASA FIRMS<\/strong><br>Sensor: VIIRS_NOAA20_NRT<br>Fecha UTC: 2026-09-24T01:28:00Z<br>Confianza: nominal<br>FRP: 2.01 MW"
      }
    },
    {
      "type": "Feature",
      "geometry": {
        "type": "Point",
        "coordinates": [4.8884, 43.4452]
      },
      "properties": {
        "bright_ti4": 303.09,
        "scan": 0.46,
        "track": 0.39,
        "acq_date": "2026-09-24",
        "acq_time": "0128",
        "satellite": "N20",
        "instrument": "VIIRS",
        "confidence": "n",
        "version": "2.0NRT",
        "bright_ti5": 290.02,
        "frp": 0.83,
        "daynight": "N",
        "source_dataset": "VIIRS_NOAA20_NRT",
        "acq_datetime_utc": "2026-09-24T01:28:00Z",
        "age_hours": 44.1,
        "confidence_label": "nominal",
        "popup_label": "<strong>NASA FIRMS<\/strong><br>Sensor: VIIRS_NOAA20_NRT<br>Fecha UTC: 2026-09-24T01:28:00Z<br>Confianza: nominal<br>FRP: 0.83 MW"
      }
    },
    {
      "type": "Feature",
      "geometry": {
        "type": "Point",
        "coordinates": [4.8418, 43.4471]
      },
      "properties": {
        "bright_ti4": 311.88,
        "scan": 0.47,
        "track": 0.39,
        "acq_date": "2026-09-24",
        "acq_time": "0128",
        "satellite": "N20",
        "instrument": "VIIRS",
        "confidence": "n",
        "version": "2.0NRT",
        "bright_ti5": 289.65,
        "frp": 1.63,
        "daynight": "N",
        "source_dataset": "VIIRS_NOAA20_NRT",
        "acq_datetime_utc": "2026-09-24T01:28:00Z",
        "age_hours": 44.1,
        "confidence_label": "nominal",
        "popup_label": "<strong>NASA FIRMS<\/strong><br>Sensor: VIIRS_NOAA20_NRT<br>Fecha UTC: 2026-09-24T01:28:00Z<br>Confianza: nominal<br>FRP: 1.63 MW"
      }
    },
    {
      "type": "Feature",
      "geometry": {
        "type": "Point",
        "coordinates": [4.8949, 43.4481]
      },
      "properties": {
        "bright_ti4": 318.18,
        "scan": 0.46,
        "track": 0.39,
        "acq_date": "2026-09-24",
        "acq_time": "0128",
        "satellite": "N20",
        "instrument": "VIIRS",
        "confidence": "n",
        "version": "2.0NRT",
        "bright_ti5": 291.69,
        "frp": 2.01,
        "daynight": "N",
        "source_dataset": "VIIRS_NOAA20_NRT",
        "acq_datetime_utc": "2026-09-24T01:28:00Z",
        "age_hours": 44.1,
        "confidence_label": "nominal",
        "popup_label": "<strong>NASA FIRMS<\/strong><br>Sensor: VIIRS_NOAA20_NRT<br>Fecha UTC: 2026-09-24T01:28:00Z<br>Confianza: nominal<br>FRP: 2.01 MW"
      }
    },
    {
      "type": "Feature",
      "geometry": {
        "type": "Point",
        "coordinates": [4.8965, 43.4487]
      },
      "properties": {
        "bright_ti4": 319.58,
        "scan": 0.46,
        "track": 0.39,
        "acq_date": "2026-09-24",
        "acq_time": "0128",
        "satellite": "N20",
        "instrument": "VIIRS",
        "confidence": "n",
        "version": "2.0NRT",
        "bright_ti5": 290.91,
        "frp": 2.19,
        "daynight": "N",
        "source_dataset": "VIIRS_NOAA20_NRT",
        "acq_datetime_utc": "2026-09-24T01:28:00Z",
        "age_hours": 44.1,
        "confidence_label": "nominal",
        "popup_label": "<strong>NASA FIRMS<\/strong><br>Sensor: VIIRS_NOAA20_NRT<br>Fecha UTC: 2026-09-24T01:28:00Z<br>Confianza: nominal<br>FRP: 2.19 MW"
      }
    },
    {
      "type": "Feature",
      "geometry": {
        "type": "Point",
        "coordinates": [-6.442, 43.4796]
      },
      "properties": {
        "bright_ti4": 301.7,
        "scan": 0.54,
        "track": 0.68,
        "acq_date": "2026-09-24",
        "acq_time": "0128",
        "satellite": "N20",
        "instrument": "VIIRS",
        "confidence": "n",
        "version": "2.0NRT",
        "bright_ti5": 286.24,
        "frp": 0.6,
        "daynight": "N",
        "source_dataset": "VIIRS_NOAA20_NRT",
        "acq_datetime_utc": "2026-09-24T01:28:00Z",
        "age_hours": 44.1,
        "confidence_label": "nominal",
        "popup_label": "<strong>NASA FIRMS<\/strong><br>Sensor: VIIRS_NOAA20_NRT<br>Fecha UTC: 2026-09-24T01:28:00Z<br>Confianza: nominal<br>FRP: 0.6 MW"
      }
    },
    {
      "type": "Feature",
      "geometry": {
        "type": "Point",
        "coordinates": [-6.4437, 43.4829]
      },
      "properties": {
        "bright_ti4": 298.09,
        "scan": 0.54,
        "track": 0.68,
        "acq_date": "2026-09-24",
        "acq_time": "0128",
        "satellite": "N20",
        "instrument": "VIIRS",
        "confidence": "n",
        "version": "2.0NRT",
        "bright_ti5": 286.18,
        "frp": 0.5,
        "daynight": "N",
        "source_dataset": "VIIRS_NOAA20_NRT",
        "acq_datetime_utc": "2026-09-24T01:28:00Z",
        "age_hours": 44.1,
        "confidence_label": "nominal",
        "popup_label": "<strong>NASA FIRMS<\/strong><br>Sensor: VIIRS_NOAA20_NRT<br>Fecha UTC: 2026-09-24T01:28:00Z<br>Confianza: nominal<br>FRP: 0.5 MW"
      }
    },
    {
      "type": "Feature",
      "geometry": {
        "type": "Point",
        "coordinates": [-5.7352, 43.5269]
      },
      "properties": {
        "bright_ti4": 337.06,
        "scan": 0.5,
        "track": 0.65,
        "acq_date": "2026-09-24",
        "acq_time": "0128",
        "satellite": "N20",
        "instrument": "VIIRS",
        "confidence": "n",
        "version": "2.0NRT",
        "bright_ti5": 291.02,
        "frp": 3.71,
        "daynight": "N",
        "source_dataset": "VIIRS_NOAA20_NRT",
        "acq_datetime_utc": "2026-09-24T01:28:00Z",
        "age_hours": 44.1,
        "confidence_label": "nominal",
        "popup_label": "<strong>NASA FIRMS<\/strong><br>Sensor: VIIRS_NOAA20_NRT<br>Fecha UTC: 2026-09-24T01:28:00Z<br>Confianza: nominal<br>FRP: 3.71 MW"
      }
    },
    {
      "type": "Feature",
      "geometry": {
        "type": "Point",
        "coordinates": [-5.7407, 43.5271]
      },
      "properties": {
        "bright_ti4": 312.33,
        "scan": 0.5,
        "track": 0.66,
        "acq_date": "2026-09-24",
        "acq_time": "0128",
        "satellite": "N20",
        "instrument": "VIIRS",
        "confidence": "n",
        "version": "2.0NRT",
        "bright_ti5": 287.19,
        "frp": 3.71,
        "daynight": "N",
        "source_dataset": "VIIRS_NOAA20_NRT",
        "acq_datetime_utc": "2026-09-24T01:28:00Z",
        "age_hours": 44.1,
        "confidence_label": "nominal",
        "popup_label": "<strong>NASA FIRMS<\/strong><br>Sensor: VIIRS_NOAA20_NRT<br>Fecha UTC: 2026-09-24T01:28:00Z<br>Confianza: nominal<br>FRP: 3.71 MW"
      }
    },
    {
      "type": "Feature",
      "geometry": {
        "type": "Point",
        "coordinates": [-5.835, 43.5416]
      },
      "properties": {
        "bright_ti4": 329.75,
        "scan": 0.5,
        "track": 0.66,
        "acq_date": "2026-09-24",
        "acq_time": "0128",
        "satellite": "N20",
        "instrument": "VIIRS",
        "confidence": "n",
        "version": "2.0NRT",
        "bright_ti5": 289.18,
        "frp": 3.11,
        "daynight": "N",
        "source_dataset": "VIIRS_NOAA20_NRT",
        "acq_datetime_utc": "2026-09-24T01:28:00Z",
        "age_hours": 44.1,
        "confidence_label": "nominal",
        "popup_label": "<strong>NASA FIRMS<\/strong><br>Sensor: VIIRS_NOAA20_NRT<br>Fecha UTC: 2026-09-24T01:28:00Z<br>Confianza: nominal<br>FRP: 3.11 MW"
      }
    },
    {
      "type": "Feature",
      "geometry": {
        "type": "Point",
        "coordinates": [1.2272, 43.9883]
      },
      "properties": {
        "bright_ti4": 295.83,
        "scan": 0.45,
        "track": 0.47,
        "acq_date": "2026-09-24",
        "acq_time": "0128",
        "satellite": "N20",
        "instrument": "VIIRS",
        "confidence": "n",
        "version": "2.0NRT",
        "bright_ti5": 284.62,
        "frp": 0.53,
        "daynight": "N",
        "source_dataset": "VIIRS_NOAA20_NRT",
        "acq_datetime_utc": "2026-09-24T01:28:00Z",
        "age_hours": 44.1,
        "confidence_label": "nominal",
        "popup_label": "<strong>NASA FIRMS<\/strong><br>Sensor: VIIRS_NOAA20_NRT<br>Fecha UTC: 2026-09-24T01:28:00Z<br>Confianza: nominal<br>FRP: 0.53 MW"
      }
    }
  ]
}
