{
  "type": "FeatureCollection",
  "features": [
    {
      "type": "Feature",
      "geometry": {
        "type": "Point",
        "coordinates": [-3.216, 42.5474]
      },
      "properties": {
        "cluster_id": "ALERT-20260922-001",
        "alerta_operativa": "alta",
        "score": 152,
        "n_focos": 18,
        "n_ultimas_6h": 18,
        "n_ultimas_24h": 18,
        "frp_total_mw": 53.1,
        "frp_max_mw": 4.8,
        "edad_min_h": 2,
        "ultima_deteccion_utc": "2026-09-22 13:10:00",
        "sensores": "VIIRS_SNPP_NRT",
        "satellites": "N",
        "instruments": "VIIRS",
        "popup_label": "<strong>ALERT-20260922-001<\/strong><br>Nivel: alta<br>Focos: 18<br>Últimas 6 h: 18<br>FRP total: 53.1 MW<br>Última detección UTC: 2026-09-22 13:10:00"
      }
    },
    {
      "type": "Feature",
      "geometry": {
        "type": "Point",
        "coordinates": [-0.2622, 35.8087]
      },
      "properties": {
        "cluster_id": "ALERT-20260922-002",
        "alerta_operativa": "alta",
        "score": 86.6,
        "n_focos": 33,
        "n_ultimas_6h": 3,
        "n_ultimas_24h": 15,
        "frp_total_mw": 71.9,
        "frp_max_mw": 10.1,
        "edad_min_h": 2,
        "ultima_deteccion_utc": "2026-09-22 13:08:00",
        "sensores": "VIIRS_NOAA20_NRT, VIIRS_SNPP_NRT",
        "satellites": "N, N20",
        "instruments": "VIIRS",
        "popup_label": "<strong>ALERT-20260922-002<\/strong><br>Nivel: alta<br>Focos: 33<br>Últimas 6 h: 3<br>FRP total: 71.9 MW<br>Última detección UTC: 2026-09-22 13:08:00"
      }
    },
    {
      "type": "Feature",
      "geometry": {
        "type": "Point",
        "coordinates": [1.7696, 42.6965]
      },
      "properties": {
        "cluster_id": "ALERT-20260922-003",
        "alerta_operativa": "alta",
        "score": 58.8,
        "n_focos": 9,
        "n_ultimas_6h": 5,
        "n_ultimas_24h": 8,
        "frp_total_mw": 80.7,
        "frp_max_mw": 20.7,
        "edad_min_h": 2,
        "ultima_deteccion_utc": "2026-09-22 13:10:00",
        "sensores": "VIIRS_NOAA20_NRT, VIIRS_SNPP_NRT",
        "satellites": "N, N20",
        "instruments": "VIIRS",
        "popup_label": "<strong>ALERT-20260922-003<\/strong><br>Nivel: alta<br>Focos: 9<br>Últimas 6 h: 5<br>FRP total: 80.7 MW<br>Última detección UTC: 2026-09-22 13:10:00"
      }
    },
    {
      "type": "Feature",
      "geometry": {
        "type": "Point",
        "coordinates": [-3.5815, 40.5249]
      },
      "properties": {
        "cluster_id": "ALERT-20260922-004",
        "alerta_operativa": "alta",
        "score": 37.9,
        "n_focos": 4,
        "n_ultimas_6h": 4,
        "n_ultimas_24h": 4,
        "frp_total_mw": 17.9,
        "frp_max_mw": 5.7,
        "edad_min_h": 2,
        "ultima_deteccion_utc": "2026-09-22 13:10:00",
        "sensores": "VIIRS_SNPP_NRT",
        "satellites": "N",
        "instruments": "VIIRS",
        "popup_label": "<strong>ALERT-20260922-004<\/strong><br>Nivel: alta<br>Focos: 4<br>Últimas 6 h: 4<br>FRP total: 17.9 MW<br>Última detección UTC: 2026-09-22 13:10:00"
      }
    },
    {
      "type": "Feature",
      "geometry": {
        "type": "Point",
        "coordinates": [-8.1592, 41.5244]
      },
      "properties": {
        "cluster_id": "ALERT-20260922-005",
        "alerta_operativa": "alta",
        "score": 25.1,
        "n_focos": 2,
        "n_ultimas_6h": 2,
        "n_ultimas_24h": 2,
        "frp_total_mw": 93.4,
        "frp_max_mw": 46.7,
        "edad_min_h": 2,
        "ultima_deteccion_utc": "2026-09-22 13:10:00",
        "sensores": "VIIRS_SNPP_NRT",
        "satellites": "N",
        "instruments": "VIIRS",
        "popup_label": "<strong>ALERT-20260922-005<\/strong><br>Nivel: alta<br>Focos: 2<br>Últimas 6 h: 2<br>FRP total: 93.4 MW<br>Última detección UTC: 2026-09-22 13:10:00"
      }
    },
    {
      "type": "Feature",
      "geometry": {
        "type": "Point",
        "coordinates": [-7.1466, 33.6045]
      },
      "properties": {
        "cluster_id": "ALERT-20260922-006",
        "alerta_operativa": "alta",
        "score": 22.2,
        "n_focos": 2,
        "n_ultimas_6h": 2,
        "n_ultimas_24h": 2,
        "frp_total_mw": 21.2,
        "frp_max_mw": 10.6,
        "edad_min_h": 2,
        "ultima_deteccion_utc": "2026-09-22 13:08:00",
        "sensores": "VIIRS_SNPP_NRT",
        "satellites": "N",
        "instruments": "VIIRS",
        "popup_label": "<strong>ALERT-20260922-006<\/strong><br>Nivel: alta<br>Focos: 2<br>Últimas 6 h: 2<br>FRP total: 21.2 MW<br>Última detección UTC: 2026-09-22 13:08:00"
      }
    },
    {
      "type": "Feature",
      "geometry": {
        "type": "Point",
        "coordinates": [-5.8917, 36.8025]
      },
      "properties": {
        "cluster_id": "ALERT-20260922-007",
        "alerta_operativa": "alta",
        "score": 21.1,
        "n_focos": 2,
        "n_ultimas_6h": 2,
        "n_ultimas_24h": 2,
        "frp_total_mw": 11.5,
        "frp_max_mw": 8.1,
        "edad_min_h": 2,
        "ultima_deteccion_utc": "2026-09-22 13:08:00",
        "sensores": "VIIRS_SNPP_NRT",
        "satellites": "N",
        "instruments": "VIIRS",
        "popup_label": "<strong>ALERT-20260922-007<\/strong><br>Nivel: alta<br>Focos: 2<br>Últimas 6 h: 2<br>FRP total: 11.5 MW<br>Última detección UTC: 2026-09-22 13:08:00"
      }
    },
    {
      "type": "Feature",
      "geometry": {
        "type": "Point",
        "coordinates": [1.4082, 43.9068]
      },
      "properties": {
        "cluster_id": "ALERT-20260922-008",
        "alerta_operativa": "alta",
        "score": 20.1,
        "n_focos": 2,
        "n_ultimas_6h": 2,
        "n_ultimas_24h": 2,
        "frp_total_mw": 6.7,
        "frp_max_mw": 3.7,
        "edad_min_h": 2,
        "ultima_deteccion_utc": "2026-09-22 13:10:00",
        "sensores": "VIIRS_SNPP_NRT",
        "satellites": "N",
        "instruments": "VIIRS",
        "popup_label": "<strong>ALERT-20260922-008<\/strong><br>Nivel: alta<br>Focos: 2<br>Últimas 6 h: 2<br>FRP total: 6.7 MW<br>Última detección UTC: 2026-09-22 13:10:00"
      }
    },
    {
      "type": "Feature",
      "geometry": {
        "type": "Point",
        "coordinates": [-8.9989, 42.6551]
      },
      "properties": {
        "cluster_id": "ALERT-20260922-009",
        "alerta_operativa": "alta",
        "score": 11.4,
        "n_focos": 1,
        "n_ultimas_6h": 0,
        "n_ultimas_24h": 0,
        "frp_total_mw": 180.1,
        "frp_max_mw": 180.1,
        "edad_min_h": 25.3,
        "ultima_deteccion_utc": "2026-09-21 13:48:00",
        "sensores": "VIIRS_NOAA20_NRT",
        "satellites": "N20",
        "instruments": "VIIRS",
        "popup_label": "<strong>ALERT-20260922-009<\/strong><br>Nivel: alta<br>Focos: 1<br>Últimas 6 h: 0<br>FRP total: 180.1 MW<br>Última detección UTC: 2026-09-21 13:48:00"
      }
    },
    {
      "type": "Feature",
      "geometry": {
        "type": "Point",
        "coordinates": [-5.7657, 43.5312]
      },
      "properties": {
        "cluster_id": "ALERT-20260922-010",
        "alerta_operativa": "media",
        "score": 85.7,
        "n_focos": 37,
        "n_ultimas_6h": 0,
        "n_ultimas_24h": 20,
        "frp_total_mw": 76.9,
        "frp_max_mw": 8.2,
        "edad_min_h": 11.3,
        "ultima_deteccion_utc": "2026-09-22 03:47:00",
        "sensores": "VIIRS_NOAA20_NRT, VIIRS_SNPP_NRT",
        "satellites": "N, N20",
        "instruments": "VIIRS",
        "popup_label": "<strong>ALERT-20260922-010<\/strong><br>Nivel: media<br>Focos: 37<br>Últimas 6 h: 0<br>FRP total: 76.9 MW<br>Última detección UTC: 2026-09-22 03:47:00"
      }
    },
    {
      "type": "Feature",
      "geometry": {
        "type": "Point",
        "coordinates": [3.2216, 32.8817]
      },
      "properties": {
        "cluster_id": "ALERT-20260922-011",
        "alerta_operativa": "media",
        "score": 62.1,
        "n_focos": 17,
        "n_ultimas_6h": 1,
        "n_ultimas_24h": 17,
        "frp_total_mw": 20.2,
        "frp_max_mw": 4.9,
        "edad_min_h": 2,
        "ultima_deteccion_utc": "2026-09-22 13:08:00",
        "sensores": "VIIRS_NOAA20_NRT, VIIRS_SNPP_NRT",
        "satellites": "N, N20",
        "instruments": "VIIRS",
        "popup_label": "<strong>ALERT-20260922-011<\/strong><br>Nivel: media<br>Focos: 17<br>Últimas 6 h: 1<br>FRP total: 20.2 MW<br>Última detección UTC: 2026-09-22 13:08:00"
      }
    },
    {
      "type": "Feature",
      "geometry": {
        "type": "Point",
        "coordinates": [3.018, 36.6695]
      },
      "properties": {
        "cluster_id": "ALERT-20260922-012",
        "alerta_operativa": "media",
        "score": 41.6,
        "n_focos": 16,
        "n_ultimas_6h": 0,
        "n_ultimas_24h": 10,
        "frp_total_mw": 15.2,
        "frp_max_mw": 1.9,
        "edad_min_h": 13,
        "ultima_deteccion_utc": "2026-09-22 02:09:00",
        "sensores": "VIIRS_NOAA20_NRT, VIIRS_SNPP_NRT",
        "satellites": "N, N20",
        "instruments": "VIIRS",
        "popup_label": "<strong>ALERT-20260922-012<\/strong><br>Nivel: media<br>Focos: 16<br>Últimas 6 h: 0<br>FRP total: 15.2 MW<br>Última detección UTC: 2026-09-22 02:09:00"
      }
    },
    {
      "type": "Feature",
      "geometry": {
        "type": "Point",
        "coordinates": [4.8908, 43.4423]
      },
      "properties": {
        "cluster_id": "ALERT-20260922-013",
        "alerta_operativa": "media",
        "score": 39.7,
        "n_focos": 14,
        "n_ultimas_6h": 0,
        "n_ultimas_24h": 9,
        "frp_total_mw": 44.9,
        "frp_max_mw": 5.7,
        "edad_min_h": 13.1,
        "ultima_deteccion_utc": "2026-09-22 02:04:00",
        "sensores": "VIIRS_NOAA20_NRT, VIIRS_SNPP_NRT",
        "satellites": "N, N20",
        "instruments": "VIIRS",
        "popup_label": "<strong>ALERT-20260922-013<\/strong><br>Nivel: media<br>Focos: 14<br>Últimas 6 h: 0<br>FRP total: 44.9 MW<br>Última detección UTC: 2026-09-22 02:04:00"
      }
    },
    {
      "type": "Feature",
      "geometry": {
        "type": "Point",
        "coordinates": [3.3325, 33.1316]
      },
      "properties": {
        "cluster_id": "ALERT-20260922-014",
        "alerta_operativa": "media",
        "score": 34.5,
        "n_focos": 10,
        "n_ultimas_6h": 0,
        "n_ultimas_24h": 10,
        "frp_total_mw": 8.4,
        "frp_max_mw": 1.3,
        "edad_min_h": 13,
        "ultima_deteccion_utc": "2026-09-22 02:09:00",
        "sensores": "VIIRS_NOAA20_NRT, VIIRS_SNPP_NRT",
        "satellites": "N, N20",
        "instruments": "VIIRS",
        "popup_label": "<strong>ALERT-20260922-014<\/strong><br>Nivel: media<br>Focos: 10<br>Últimas 6 h: 0<br>FRP total: 8.4 MW<br>Última detección UTC: 2026-09-22 02:09:00"
      }
    },
    {
      "type": "Feature",
      "geometry": {
        "type": "Point",
        "coordinates": [-3.4744, 40.2447]
      },
      "properties": {
        "cluster_id": "ALERT-20260922-015",
        "alerta_operativa": "media",
        "score": 33.8,
        "n_focos": 10,
        "n_ultimas_6h": 1,
        "n_ultimas_24h": 6,
        "frp_total_mw": 28.5,
        "frp_max_mw": 4.8,
        "edad_min_h": 2,
        "ultima_deteccion_utc": "2026-09-22 13:10:00",
        "sensores": "VIIRS_NOAA20_NRT, VIIRS_SNPP_NRT",
        "satellites": "N, N20",
        "instruments": "VIIRS",
        "popup_label": "<strong>ALERT-20260922-015<\/strong><br>Nivel: media<br>Focos: 10<br>Últimas 6 h: 1<br>FRP total: 28.5 MW<br>Última detección UTC: 2026-09-22 13:10:00"
      }
    },
    {
      "type": "Feature",
      "geometry": {
        "type": "Point",
        "coordinates": [-7.774, 39.8394]
      },
      "properties": {
        "cluster_id": "ALERT-20260922-016",
        "alerta_operativa": "media",
        "score": 29.9,
        "n_focos": 8,
        "n_ultimas_6h": 0,
        "n_ultimas_24h": 8,
        "frp_total_mw": 17.8,
        "frp_max_mw": 5.8,
        "edad_min_h": 11.7,
        "ultima_deteccion_utc": "2026-09-22 03:28:00",
        "sensores": "VIIRS_NOAA20_NRT, VIIRS_SNPP_NRT",
        "satellites": "N, N20",
        "instruments": "VIIRS",
        "popup_label": "<strong>ALERT-20260922-016<\/strong><br>Nivel: media<br>Focos: 8<br>Últimas 6 h: 0<br>FRP total: 17.8 MW<br>Última detección UTC: 2026-09-22 03:28:00"
      }
    },
    {
      "type": "Feature",
      "geometry": {
        "type": "Point",
        "coordinates": [-7.6721, 41.0225]
      },
      "properties": {
        "cluster_id": "ALERT-20260922-017",
        "alerta_operativa": "media",
        "score": 26,
        "n_focos": 17,
        "n_ultimas_6h": 0,
        "n_ultimas_24h": 0,
        "frp_total_mw": 87.3,
        "frp_max_mw": 7.6,
        "edad_min_h": 25.7,
        "ultima_deteccion_utc": "2026-09-21 13:27:00",
        "sensores": "VIIRS_SNPP_NRT",
        "satellites": "N",
        "instruments": "VIIRS",
        "popup_label": "<strong>ALERT-20260922-017<\/strong><br>Nivel: media<br>Focos: 17<br>Últimas 6 h: 0<br>FRP total: 87.3 MW<br>Última detección UTC: 2026-09-21 13:27:00"
      }
    },
    {
      "type": "Feature",
      "geometry": {
        "type": "Point",
        "coordinates": [-9.1595, 39.5003]
      },
      "properties": {
        "cluster_id": "ALERT-20260922-018",
        "alerta_operativa": "media",
        "score": 20.6,
        "n_focos": 5,
        "n_ultimas_6h": 0,
        "n_ultimas_24h": 5,
        "frp_total_mw": 15.1,
        "frp_max_mw": 4.5,
        "edad_min_h": 13,
        "ultima_deteccion_utc": "2026-09-22 02:06:00",
        "sensores": "VIIRS_NOAA20_NRT, VIIRS_SNPP_NRT",
        "satellites": "N, N20",
        "instruments": "VIIRS",
        "popup_label": "<strong>ALERT-20260922-018<\/strong><br>Nivel: media<br>Focos: 5<br>Últimas 6 h: 0<br>FRP total: 15.1 MW<br>Última detección UTC: 2026-09-22 02:06:00"
      }
    },
    {
      "type": "Feature",
      "geometry": {
        "type": "Point",
        "coordinates": [3.9869, 32.2786]
      },
      "properties": {
        "cluster_id": "ALERT-20260922-019",
        "alerta_operativa": "media",
        "score": 19.8,
        "n_focos": 8,
        "n_ultimas_6h": 0,
        "n_ultimas_24h": 3,
        "frp_total_mw": 16.9,
        "frp_max_mw": 3.3,
        "edad_min_h": 13,
        "ultima_deteccion_utc": "2026-09-22 02:09:00",
        "sensores": "VIIRS_NOAA20_NRT, VIIRS_SNPP_NRT",
        "satellites": "N, N20",
        "instruments": "VIIRS",
        "popup_label": "<strong>ALERT-20260922-019<\/strong><br>Nivel: media<br>Focos: 8<br>Últimas 6 h: 0<br>FRP total: 16.9 MW<br>Última detección UTC: 2026-09-22 02:09:00"
      }
    },
    {
      "type": "Feature",
      "geometry": {
        "type": "Point",
        "coordinates": [-0.5173, 28.2]
      },
      "properties": {
        "cluster_id": "ALERT-20260922-020",
        "alerta_operativa": "media",
        "score": 19.7,
        "n_focos": 9,
        "n_ultimas_6h": 0,
        "n_ultimas_24h": 2,
        "frp_total_mw": 28,
        "frp_max_mw": 10.1,
        "edad_min_h": 12.9,
        "ultima_deteccion_utc": "2026-09-22 02:11:00",
        "sensores": "VIIRS_NOAA20_NRT, VIIRS_SNPP_NRT",
        "satellites": "N, N20",
        "instruments": "VIIRS",
        "popup_label": "<strong>ALERT-20260922-020<\/strong><br>Nivel: media<br>Focos: 9<br>Últimas 6 h: 0<br>FRP total: 28 MW<br>Última detección UTC: 2026-09-22 02:11:00"
      }
    },
    {
      "type": "Feature",
      "geometry": {
        "type": "Point",
        "coordinates": [-8.0128, 41.6054]
      },
      "properties": {
        "cluster_id": "ALERT-20260922-021",
        "alerta_operativa": "media",
        "score": 18.1,
        "n_focos": 4,
        "n_ultimas_6h": 0,
        "n_ultimas_24h": 4,
        "frp_total_mw": 20.2,
        "frp_max_mw": 10.9,
        "edad_min_h": 13,
        "ultima_deteccion_utc": "2026-09-22 02:06:00",
        "sensores": "VIIRS_NOAA20_NRT, VIIRS_SNPP_NRT",
        "satellites": "N, N20",
        "instruments": "VIIRS",
        "popup_label": "<strong>ALERT-20260922-021<\/strong><br>Nivel: media<br>Focos: 4<br>Últimas 6 h: 0<br>FRP total: 20.2 MW<br>Última detección UTC: 2026-09-22 02:06:00"
      }
    },
    {
      "type": "Feature",
      "geometry": {
        "type": "Point",
        "coordinates": [0.1788, 41.9247]
      },
      "properties": {
        "cluster_id": "ALERT-20260922-022",
        "alerta_operativa": "media",
        "score": 17.4,
        "n_focos": 4,
        "n_ultimas_6h": 1,
        "n_ultimas_24h": 2,
        "frp_total_mw": 8,
        "frp_max_mw": 3.1,
        "edad_min_h": 2,
        "ultima_deteccion_utc": "2026-09-22 13:10:00",
        "sensores": "VIIRS_NOAA20_NRT, VIIRS_SNPP_NRT",
        "satellites": "N, N20",
        "instruments": "VIIRS",
        "popup_label": "<strong>ALERT-20260922-022<\/strong><br>Nivel: media<br>Focos: 4<br>Últimas 6 h: 1<br>FRP total: 8 MW<br>Última detección UTC: 2026-09-22 13:10:00"
      }
    },
    {
      "type": "Feature",
      "geometry": {
        "type": "Point",
        "coordinates": [-2.221, 43.0367]
      },
      "properties": {
        "cluster_id": "ALERT-20260922-023",
        "alerta_operativa": "media",
        "score": 17.4,
        "n_focos": 6,
        "n_ultimas_6h": 0,
        "n_ultimas_24h": 4,
        "frp_total_mw": 4.4,
        "frp_max_mw": 1.1,
        "edad_min_h": 13,
        "ultima_deteccion_utc": "2026-09-22 02:06:00",
        "sensores": "VIIRS_NOAA20_NRT, VIIRS_SNPP_NRT",
        "satellites": "N, N20",
        "instruments": "VIIRS",
        "popup_label": "<strong>ALERT-20260922-023<\/strong><br>Nivel: media<br>Focos: 6<br>Últimas 6 h: 0<br>FRP total: 4.4 MW<br>Última detección UTC: 2026-09-22 02:06:00"
      }
    },
    {
      "type": "Feature",
      "geometry": {
        "type": "Point",
        "coordinates": [-8.5661, 41.2785]
      },
      "properties": {
        "cluster_id": "ALERT-20260922-024",
        "alerta_operativa": "media",
        "score": 15.7,
        "n_focos": 4,
        "n_ultimas_6h": 0,
        "n_ultimas_24h": 4,
        "frp_total_mw": 5.3,
        "frp_max_mw": 2.3,
        "edad_min_h": 11.7,
        "ultima_deteccion_utc": "2026-09-22 03:28:00",
        "sensores": "VIIRS_NOAA20_NRT, VIIRS_SNPP_NRT",
        "satellites": "N, N20",
        "instruments": "VIIRS",
        "popup_label": "<strong>ALERT-20260922-024<\/strong><br>Nivel: media<br>Focos: 4<br>Últimas 6 h: 0<br>FRP total: 5.3 MW<br>Última detección UTC: 2026-09-22 03:28:00"
      }
    },
    {
      "type": "Feature",
      "geometry": {
        "type": "Point",
        "coordinates": [-5.3994, 37.4032]
      },
      "properties": {
        "cluster_id": "ALERT-20260922-025",
        "alerta_operativa": "media",
        "score": 15.4,
        "n_focos": 1,
        "n_ultimas_6h": 1,
        "n_ultimas_24h": 1,
        "frp_total_mw": 40.1,
        "frp_max_mw": 40.1,
        "edad_min_h": 2,
        "ultima_deteccion_utc": "2026-09-22 13:08:00",
        "sensores": "VIIRS_SNPP_NRT",
        "satellites": "N",
        "instruments": "VIIRS",
        "popup_label": "<strong>ALERT-20260922-025<\/strong><br>Nivel: media<br>Focos: 1<br>Últimas 6 h: 1<br>FRP total: 40.1 MW<br>Última detección UTC: 2026-09-22 13:08:00"
      }
    },
    {
      "type": "Feature",
      "geometry": {
        "type": "Point",
        "coordinates": [-9.0112, 38.9218]
      },
      "properties": {
        "cluster_id": "ALERT-20260922-026",
        "alerta_operativa": "media",
        "score": 15.2,
        "n_focos": 5,
        "n_ultimas_6h": 0,
        "n_ultimas_24h": 3,
        "frp_total_mw": 7.3,
        "frp_max_mw": 1.9,
        "edad_min_h": 11.7,
        "ultima_deteccion_utc": "2026-09-22 03:28:00",
        "sensores": "VIIRS_NOAA20_NRT, VIIRS_SNPP_NRT",
        "satellites": "N, N20",
        "instruments": "VIIRS",
        "popup_label": "<strong>ALERT-20260922-026<\/strong><br>Nivel: media<br>Focos: 5<br>Últimas 6 h: 0<br>FRP total: 7.3 MW<br>Última detección UTC: 2026-09-22 03:28:00"
      }
    },
    {
      "type": "Feature",
      "geometry": {
        "type": "Point",
        "coordinates": [2.9267, 42.6192]
      },
      "properties": {
        "cluster_id": "ALERT-20260922-027",
        "alerta_operativa": "media",
        "score": 14.9,
        "n_focos": 6,
        "n_ultimas_6h": 0,
        "n_ultimas_24h": 0,
        "frp_total_mw": 83.6,
        "frp_max_mw": 24.5,
        "edad_min_h": 25.7,
        "ultima_deteccion_utc": "2026-09-21 13:27:00",
        "sensores": "VIIRS_NOAA20_NRT, VIIRS_SNPP_NRT",
        "satellites": "N, N20",
        "instruments": "VIIRS",
        "popup_label": "<strong>ALERT-20260922-027<\/strong><br>Nivel: media<br>Focos: 6<br>Últimas 6 h: 0<br>FRP total: 83.6 MW<br>Última detección UTC: 2026-09-21 13:27:00"
      }
    },
    {
      "type": "Feature",
      "geometry": {
        "type": "Point",
        "coordinates": [-5.6817, 35.7238]
      },
      "properties": {
        "cluster_id": "ALERT-20260922-028",
        "alerta_operativa": "media",
        "score": 14.6,
        "n_focos": 4,
        "n_ultimas_6h": 1,
        "n_ultimas_24h": 1,
        "frp_total_mw": 5.2,
        "frp_max_mw": 3.1,
        "edad_min_h": 2,
        "ultima_deteccion_utc": "2026-09-22 13:08:00",
        "sensores": "VIIRS_NOAA20_NRT, VIIRS_SNPP_NRT",
        "satellites": "N, N20",
        "instruments": "VIIRS",
        "popup_label": "<strong>ALERT-20260922-028<\/strong><br>Nivel: media<br>Focos: 4<br>Últimas 6 h: 1<br>FRP total: 5.2 MW<br>Última detección UTC: 2026-09-22 13:08:00"
      }
    },
    {
      "type": "Feature",
      "geometry": {
        "type": "Point",
        "coordinates": [-8.385, 41.8757]
      },
      "properties": {
        "cluster_id": "ALERT-20260922-029",
        "alerta_operativa": "media",
        "score": 14.5,
        "n_focos": 2,
        "n_ultimas_6h": 1,
        "n_ultimas_24h": 2,
        "frp_total_mw": 4.8,
        "frp_max_mw": 3.9,
        "edad_min_h": 2,
        "ultima_deteccion_utc": "2026-09-22 13:10:00",
        "sensores": "VIIRS_NOAA20_NRT, VIIRS_SNPP_NRT",
        "satellites": "N, N20",
        "instruments": "VIIRS",
        "popup_label": "<strong>ALERT-20260922-029<\/strong><br>Nivel: media<br>Focos: 2<br>Últimas 6 h: 1<br>FRP total: 4.8 MW<br>Última detección UTC: 2026-09-22 13:10:00"
      }
    },
    {
      "type": "Feature",
      "geometry": {
        "type": "Point",
        "coordinates": [-1.9049, 36.9666]
      },
      "properties": {
        "cluster_id": "ALERT-20260922-030",
        "alerta_operativa": "media",
        "score": 14.3,
        "n_focos": 4,
        "n_ultimas_6h": 0,
        "n_ultimas_24h": 3,
        "frp_total_mw": 7.7,
        "frp_max_mw": 2.4,
        "edad_min_h": 13,
        "ultima_deteccion_utc": "2026-09-22 02:09:00",
        "sensores": "VIIRS_NOAA20_NRT, VIIRS_SNPP_NRT",
        "satellites": "N, N20",
        "instruments": "VIIRS",
        "popup_label": "<strong>ALERT-20260922-030<\/strong><br>Nivel: media<br>Focos: 4<br>Últimas 6 h: 0<br>FRP total: 7.7 MW<br>Última detección UTC: 2026-09-22 02:09:00"
      }
    },
    {
      "type": "Feature",
      "geometry": {
        "type": "Point",
        "coordinates": [-4.5383, 37.814]
      },
      "properties": {
        "cluster_id": "ALERT-20260922-031",
        "alerta_operativa": "media",
        "score": 14.2,
        "n_focos": 3,
        "n_ultimas_6h": 1,
        "n_ultimas_24h": 1,
        "frp_total_mw": 7,
        "frp_max_mw": 5.3,
        "edad_min_h": 2,
        "ultima_deteccion_utc": "2026-09-22 13:08:00",
        "sensores": "VIIRS_NOAA20_NRT, VIIRS_SNPP_NRT",
        "satellites": "N, N20",
        "instruments": "VIIRS",
        "popup_label": "<strong>ALERT-20260922-031<\/strong><br>Nivel: media<br>Focos: 3<br>Últimas 6 h: 1<br>FRP total: 7 MW<br>Última detección UTC: 2026-09-22 13:08:00"
      }
    },
    {
      "type": "Feature",
      "geometry": {
        "type": "Point",
        "coordinates": [2.7491, 36.4735]
      },
      "properties": {
        "cluster_id": "ALERT-20260922-032",
        "alerta_operativa": "media",
        "score": 14,
        "n_focos": 2,
        "n_ultimas_6h": 1,
        "n_ultimas_24h": 2,
        "frp_total_mw": 3.4,
        "frp_max_mw": 2.7,
        "edad_min_h": 2,
        "ultima_deteccion_utc": "2026-09-22 13:08:00",
        "sensores": "VIIRS_SNPP_NRT",
        "satellites": "N",
        "instruments": "VIIRS",
        "popup_label": "<strong>ALERT-20260922-032<\/strong><br>Nivel: media<br>Focos: 2<br>Últimas 6 h: 1<br>FRP total: 3.4 MW<br>Última detección UTC: 2026-09-22 13:08:00"
      }
    },
    {
      "type": "Feature",
      "geometry": {
        "type": "Point",
        "coordinates": [-7.621, 39.8436]
      },
      "properties": {
        "cluster_id": "ALERT-20260922-033",
        "alerta_operativa": "media",
        "score": 12.3,
        "n_focos": 3,
        "n_ultimas_6h": 0,
        "n_ultimas_24h": 3,
        "frp_total_mw": 4.3,
        "frp_max_mw": 1.8,
        "edad_min_h": 13,
        "ultima_deteccion_utc": "2026-09-22 02:06:00",
        "sensores": "VIIRS_NOAA20_NRT, VIIRS_SNPP_NRT",
        "satellites": "N, N20",
        "instruments": "VIIRS",
        "popup_label": "<strong>ALERT-20260922-033<\/strong><br>Nivel: media<br>Focos: 3<br>Últimas 6 h: 0<br>FRP total: 4.3 MW<br>Última detección UTC: 2026-09-22 02:06:00"
      }
    },
    {
      "type": "Feature",
      "geometry": {
        "type": "Point",
        "coordinates": [0.1261, 36.0181]
      },
      "properties": {
        "cluster_id": "ALERT-20260922-034",
        "alerta_operativa": "media",
        "score": 12.3,
        "n_focos": 5,
        "n_ultimas_6h": 0,
        "n_ultimas_24h": 2,
        "frp_total_mw": 4.1,
        "frp_max_mw": 1.1,
        "edad_min_h": 13,
        "ultima_deteccion_utc": "2026-09-22 02:09:00",
        "sensores": "VIIRS_NOAA20_NRT, VIIRS_SNPP_NRT",
        "satellites": "N, N20",
        "instruments": "VIIRS",
        "popup_label": "<strong>ALERT-20260922-034<\/strong><br>Nivel: media<br>Focos: 5<br>Últimas 6 h: 0<br>FRP total: 4.1 MW<br>Última detección UTC: 2026-09-22 02:09:00"
      }
    },
    {
      "type": "Feature",
      "geometry": {
        "type": "Point",
        "coordinates": [-1.5791, 37.6112]
      },
      "properties": {
        "cluster_id": "ALERT-20260922-035",
        "alerta_operativa": "media",
        "score": 12.1,
        "n_focos": 1,
        "n_ultimas_6h": 1,
        "n_ultimas_24h": 1,
        "frp_total_mw": 6.8,
        "frp_max_mw": 6.8,
        "edad_min_h": 2,
        "ultima_deteccion_utc": "2026-09-22 13:08:00",
        "sensores": "VIIRS_SNPP_NRT",
        "satellites": "N",
        "instruments": "VIIRS",
        "popup_label": "<strong>ALERT-20260922-035<\/strong><br>Nivel: media<br>Focos: 1<br>Últimas 6 h: 1<br>FRP total: 6.8 MW<br>Última detección UTC: 2026-09-22 13:08:00"
      }
    },
    {
      "type": "Feature",
      "geometry": {
        "type": "Point",
        "coordinates": [-5.6113, 37.2681]
      },
      "properties": {
        "cluster_id": "ALERT-20260922-036",
        "alerta_operativa": "media",
        "score": 12.1,
        "n_focos": 2,
        "n_ultimas_6h": 1,
        "n_ultimas_24h": 1,
        "frp_total_mw": 3.8,
        "frp_max_mw": 2.9,
        "edad_min_h": 2,
        "ultima_deteccion_utc": "2026-09-22 13:08:00",
        "sensores": "VIIRS_NOAA20_NRT, VIIRS_SNPP_NRT",
        "satellites": "N, N20",
        "instruments": "VIIRS",
        "popup_label": "<strong>ALERT-20260922-036<\/strong><br>Nivel: media<br>Focos: 2<br>Últimas 6 h: 1<br>FRP total: 3.8 MW<br>Última detección UTC: 2026-09-22 13:08:00"
      }
    },
    {
      "type": "Feature",
      "geometry": {
        "type": "Point",
        "coordinates": [2.6589, 33.8731]
      },
      "properties": {
        "cluster_id": "ALERT-20260922-037",
        "alerta_operativa": "media",
        "score": 12,
        "n_focos": 3,
        "n_ultimas_6h": 1,
        "n_ultimas_24h": 1,
        "frp_total_mw": 1.7,
        "frp_max_mw": 1,
        "edad_min_h": 2,
        "ultima_deteccion_utc": "2026-09-22 13:08:00",
        "sensores": "VIIRS_NOAA20_NRT, VIIRS_SNPP_NRT",
        "satellites": "N, N20",
        "instruments": "VIIRS",
        "popup_label": "<strong>ALERT-20260922-037<\/strong><br>Nivel: media<br>Focos: 3<br>Últimas 6 h: 1<br>FRP total: 1.7 MW<br>Última detección UTC: 2026-09-22 13:08:00"
      }
    },
    {
      "type": "Feature",
      "geometry": {
        "type": "Point",
        "coordinates": [3.8548, 36.2488]
      },
      "properties": {
        "cluster_id": "ALERT-20260922-038",
        "alerta_operativa": "media",
        "score": 11.9,
        "n_focos": 1,
        "n_ultimas_6h": 1,
        "n_ultimas_24h": 1,
        "frp_total_mw": 5.9,
        "frp_max_mw": 5.9,
        "edad_min_h": 3.3,
        "ultima_deteccion_utc": "2026-09-22 11:49:00",
        "sensores": "VIIRS_NOAA20_NRT",
        "satellites": "N20",
        "instruments": "VIIRS",
        "popup_label": "<strong>ALERT-20260922-038<\/strong><br>Nivel: media<br>Focos: 1<br>Últimas 6 h: 1<br>FRP total: 5.9 MW<br>Última detección UTC: 2026-09-22 11:49:00"
      }
    },
    {
      "type": "Feature",
      "geometry": {
        "type": "Point",
        "coordinates": [-3.2459, 40.7175]
      },
      "properties": {
        "cluster_id": "ALERT-20260922-039",
        "alerta_operativa": "media",
        "score": 11.8,
        "n_focos": 1,
        "n_ultimas_6h": 1,
        "n_ultimas_24h": 1,
        "frp_total_mw": 5.7,
        "frp_max_mw": 5.7,
        "edad_min_h": 2,
        "ultima_deteccion_utc": "2026-09-22 13:10:00",
        "sensores": "VIIRS_SNPP_NRT",
        "satellites": "N",
        "instruments": "VIIRS",
        "popup_label": "<strong>ALERT-20260922-039<\/strong><br>Nivel: media<br>Focos: 1<br>Últimas 6 h: 1<br>FRP total: 5.7 MW<br>Última detección UTC: 2026-09-22 13:10:00"
      }
    },
    {
      "type": "Feature",
      "geometry": {
        "type": "Point",
        "coordinates": [-3.7772, 40.7884]
      },
      "properties": {
        "cluster_id": "ALERT-20260922-040",
        "alerta_operativa": "media",
        "score": 11.7,
        "n_focos": 1,
        "n_ultimas_6h": 1,
        "n_ultimas_24h": 1,
        "frp_total_mw": 5.4,
        "frp_max_mw": 5.4,
        "edad_min_h": 2,
        "ultima_deteccion_utc": "2026-09-22 13:10:00",
        "sensores": "VIIRS_SNPP_NRT",
        "satellites": "N",
        "instruments": "VIIRS",
        "popup_label": "<strong>ALERT-20260922-040<\/strong><br>Nivel: media<br>Focos: 1<br>Últimas 6 h: 1<br>FRP total: 5.4 MW<br>Última detección UTC: 2026-09-22 13:10:00"
      }
    },
    {
      "type": "Feature",
      "geometry": {
        "type": "Point",
        "coordinates": [-6.4471, 38.4026]
      },
      "properties": {
        "cluster_id": "ALERT-20260922-041",
        "alerta_operativa": "media",
        "score": 11.7,
        "n_focos": 2,
        "n_ultimas_6h": 1,
        "n_ultimas_24h": 1,
        "frp_total_mw": 2.9,
        "frp_max_mw": 2.3,
        "edad_min_h": 2,
        "ultima_deteccion_utc": "2026-09-22 13:10:00",
        "sensores": "VIIRS_SNPP_NRT",
        "satellites": "N",
        "instruments": "VIIRS",
        "popup_label": "<strong>ALERT-20260922-041<\/strong><br>Nivel: media<br>Focos: 2<br>Últimas 6 h: 1<br>FRP total: 2.9 MW<br>Última detección UTC: 2026-09-22 13:10:00"
      }
    },
    {
      "type": "Feature",
      "geometry": {
        "type": "Point",
        "coordinates": [-4.0963, 38.6363]
      },
      "properties": {
        "cluster_id": "ALERT-20260922-042",
        "alerta_operativa": "media",
        "score": 11.3,
        "n_focos": 2,
        "n_ultimas_6h": 0,
        "n_ultimas_24h": 0,
        "frp_total_mw": 104.7,
        "frp_max_mw": 52.4,
        "edad_min_h": 25.3,
        "ultima_deteccion_utc": "2026-09-21 13:48:00",
        "sensores": "VIIRS_NOAA20_NRT",
        "satellites": "N20",
        "instruments": "VIIRS",
        "popup_label": "<strong>ALERT-20260922-042<\/strong><br>Nivel: media<br>Focos: 2<br>Últimas 6 h: 0<br>FRP total: 104.7 MW<br>Última detección UTC: 2026-09-21 13:48:00"
      }
    },
    {
      "type": "Feature",
      "geometry": {
        "type": "Point",
        "coordinates": [-2.3479, 34.5973]
      },
      "properties": {
        "cluster_id": "ALERT-20260922-043",
        "alerta_operativa": "media",
        "score": 11.2,
        "n_focos": 4,
        "n_ultimas_6h": 0,
        "n_ultimas_24h": 2,
        "frp_total_mw": 3.9,
        "frp_max_mw": 1.1,
        "edad_min_h": 13,
        "ultima_deteccion_utc": "2026-09-22 02:09:00",
        "sensores": "VIIRS_NOAA20_NRT, VIIRS_SNPP_NRT",
        "satellites": "N, N20",
        "instruments": "VIIRS",
        "popup_label": "<strong>ALERT-20260922-043<\/strong><br>Nivel: media<br>Focos: 4<br>Últimas 6 h: 0<br>FRP total: 3.9 MW<br>Última detección UTC: 2026-09-22 02:09:00"
      }
    },
    {
      "type": "Feature",
      "geometry": {
        "type": "Point",
        "coordinates": [-8.4206, 40.2891]
      },
      "properties": {
        "cluster_id": "ALERT-20260922-044",
        "alerta_operativa": "media",
        "score": 11,
        "n_focos": 4,
        "n_ultimas_6h": 0,
        "n_ultimas_24h": 2,
        "frp_total_mw": 3.5,
        "frp_max_mw": 1.1,
        "edad_min_h": 11.7,
        "ultima_deteccion_utc": "2026-09-22 03:28:00",
        "sensores": "VIIRS_NOAA20_NRT, VIIRS_SNPP_NRT",
        "satellites": "N, N20",
        "instruments": "VIIRS",
        "popup_label": "<strong>ALERT-20260922-044<\/strong><br>Nivel: media<br>Focos: 4<br>Últimas 6 h: 0<br>FRP total: 3.5 MW<br>Última detección UTC: 2026-09-22 03:28:00"
      }
    },
    {
      "type": "Feature",
      "geometry": {
        "type": "Point",
        "coordinates": [-6.5727, 38.8771]
      },
      "properties": {
        "cluster_id": "ALERT-20260922-045",
        "alerta_operativa": "media",
        "score": 10.9,
        "n_focos": 1,
        "n_ultimas_6h": 1,
        "n_ultimas_24h": 1,
        "frp_total_mw": 3.3,
        "frp_max_mw": 3.3,
        "edad_min_h": 2,
        "ultima_deteccion_utc": "2026-09-22 13:10:00",
        "sensores": "VIIRS_SNPP_NRT",
        "satellites": "N",
        "instruments": "VIIRS",
        "popup_label": "<strong>ALERT-20260922-045<\/strong><br>Nivel: media<br>Focos: 1<br>Últimas 6 h: 1<br>FRP total: 3.3 MW<br>Última detección UTC: 2026-09-22 13:10:00"
      }
    },
    {
      "type": "Feature",
      "geometry": {
        "type": "Point",
        "coordinates": [-0.9385, 35.5675]
      },
      "properties": {
        "cluster_id": "ALERT-20260922-046",
        "alerta_operativa": "media",
        "score": 10.9,
        "n_focos": 4,
        "n_ultimas_6h": 0,
        "n_ultimas_24h": 2,
        "frp_total_mw": 3.2,
        "frp_max_mw": 1.1,
        "edad_min_h": 13,
        "ultima_deteccion_utc": "2026-09-22 02:09:00",
        "sensores": "VIIRS_NOAA20_NRT, VIIRS_SNPP_NRT",
        "satellites": "N, N20",
        "instruments": "VIIRS",
        "popup_label": "<strong>ALERT-20260922-046<\/strong><br>Nivel: media<br>Focos: 4<br>Últimas 6 h: 0<br>FRP total: 3.2 MW<br>Última detección UTC: 2026-09-22 02:09:00"
      }
    },
    {
      "type": "Feature",
      "geometry": {
        "type": "Point",
        "coordinates": [4.4764, 35.7099]
      },
      "properties": {
        "cluster_id": "ALERT-20260922-047",
        "alerta_operativa": "media",
        "score": 10.9,
        "n_focos": 4,
        "n_ultimas_6h": 0,
        "n_ultimas_24h": 2,
        "frp_total_mw": 3.2,
        "frp_max_mw": 1.2,
        "edad_min_h": 13,
        "ultima_deteccion_utc": "2026-09-22 02:09:00",
        "sensores": "VIIRS_NOAA20_NRT, VIIRS_SNPP_NRT",
        "satellites": "N, N20",
        "instruments": "VIIRS",
        "popup_label": "<strong>ALERT-20260922-047<\/strong><br>Nivel: media<br>Focos: 4<br>Últimas 6 h: 0<br>FRP total: 3.2 MW<br>Última detección UTC: 2026-09-22 02:09:00"
      }
    },
    {
      "type": "Feature",
      "geometry": {
        "type": "Point",
        "coordinates": [-6.7691, 42.5528]
      },
      "properties": {
        "cluster_id": "ALERT-20260922-048",
        "alerta_operativa": "media",
        "score": 10.7,
        "n_focos": 4,
        "n_ultimas_6h": 0,
        "n_ultimas_24h": 2,
        "frp_total_mw": 2.9,
        "frp_max_mw": 0.9,
        "edad_min_h": 13,
        "ultima_deteccion_utc": "2026-09-22 02:06:00",
        "sensores": "VIIRS_NOAA20_NRT, VIIRS_SNPP_NRT",
        "satellites": "N, N20",
        "instruments": "VIIRS",
        "popup_label": "<strong>ALERT-20260922-048<\/strong><br>Nivel: media<br>Focos: 4<br>Últimas 6 h: 0<br>FRP total: 2.9 MW<br>Última detección UTC: 2026-09-22 02:06:00"
      }
    },
    {
      "type": "Feature",
      "geometry": {
        "type": "Point",
        "coordinates": [1.5349, 42.5517]
      },
      "properties": {
        "cluster_id": "ALERT-20260922-049",
        "alerta_operativa": "media",
        "score": 10.5,
        "n_focos": 2,
        "n_ultimas_6h": 0,
        "n_ultimas_24h": 2,
        "frp_total_mw": 8.5,
        "frp_max_mw": 5.1,
        "edad_min_h": 13,
        "ultima_deteccion_utc": "2026-09-22 02:06:00",
        "sensores": "VIIRS_NOAA20_NRT, VIIRS_SNPP_NRT",
        "satellites": "N, N20",
        "instruments": "VIIRS",
        "popup_label": "<strong>ALERT-20260922-049<\/strong><br>Nivel: media<br>Focos: 2<br>Últimas 6 h: 0<br>FRP total: 8.5 MW<br>Última detección UTC: 2026-09-22 02:06:00"
      }
    },
    {
      "type": "Feature",
      "geometry": {
        "type": "Point",
        "coordinates": [4.4473, 35.8805]
      },
      "properties": {
        "cluster_id": "ALERT-20260922-050",
        "alerta_operativa": "media",
        "score": 10.5,
        "n_focos": 3,
        "n_ultimas_6h": 0,
        "n_ultimas_24h": 2,
        "frp_total_mw": 4.7,
        "frp_max_mw": 1.9,
        "edad_min_h": 13,
        "ultima_deteccion_utc": "2026-09-22 02:09:00",
        "sensores": "VIIRS_NOAA20_NRT, VIIRS_SNPP_NRT",
        "satellites": "N, N20",
        "instruments": "VIIRS",
        "popup_label": "<strong>ALERT-20260922-050<\/strong><br>Nivel: media<br>Focos: 3<br>Últimas 6 h: 0<br>FRP total: 4.7 MW<br>Última detección UTC: 2026-09-22 02:09:00"
      }
    },
    {
      "type": "Feature",
      "geometry": {
        "type": "Point",
        "coordinates": [-7.12, 38.7711]
      },
      "properties": {
        "cluster_id": "ALERT-20260922-051",
        "alerta_operativa": "media",
        "score": 10.5,
        "n_focos": 1,
        "n_ultimas_6h": 1,
        "n_ultimas_24h": 1,
        "frp_total_mw": 2.5,
        "frp_max_mw": 2.5,
        "edad_min_h": 2,
        "ultima_deteccion_utc": "2026-09-22 13:10:00",
        "sensores": "VIIRS_SNPP_NRT",
        "satellites": "N",
        "instruments": "VIIRS",
        "popup_label": "<strong>ALERT-20260922-051<\/strong><br>Nivel: media<br>Focos: 1<br>Últimas 6 h: 1<br>FRP total: 2.5 MW<br>Última detección UTC: 2026-09-22 13:10:00"
      }
    },
    {
      "type": "Feature",
      "geometry": {
        "type": "Point",
        "coordinates": [-9.7538, 30.9439]
      },
      "properties": {
        "cluster_id": "ALERT-20260922-052",
        "alerta_operativa": "media",
        "score": 10.5,
        "n_focos": 1,
        "n_ultimas_6h": 1,
        "n_ultimas_24h": 1,
        "frp_total_mw": 2.5,
        "frp_max_mw": 2.5,
        "edad_min_h": 2,
        "ultima_deteccion_utc": "2026-09-22 13:08:00",
        "sensores": "VIIRS_SNPP_NRT",
        "satellites": "N",
        "instruments": "VIIRS",
        "popup_label": "<strong>ALERT-20260922-052<\/strong><br>Nivel: media<br>Focos: 1<br>Últimas 6 h: 1<br>FRP total: 2.5 MW<br>Última detección UTC: 2026-09-22 13:08:00"
      }
    },
    {
      "type": "Feature",
      "geometry": {
        "type": "Point",
        "coordinates": [3.1683, 32.5561]
      },
      "properties": {
        "cluster_id": "ALERT-20260922-053",
        "alerta_operativa": "media",
        "score": 10.3,
        "n_focos": 3,
        "n_ultimas_6h": 0,
        "n_ultimas_24h": 2,
        "frp_total_mw": 4.3,
        "frp_max_mw": 1.9,
        "edad_min_h": 13,
        "ultima_deteccion_utc": "2026-09-22 02:09:00",
        "sensores": "VIIRS_NOAA20_NRT, VIIRS_SNPP_NRT",
        "satellites": "N, N20",
        "instruments": "VIIRS",
        "popup_label": "<strong>ALERT-20260922-053<\/strong><br>Nivel: media<br>Focos: 3<br>Últimas 6 h: 0<br>FRP total: 4.3 MW<br>Última detección UTC: 2026-09-22 02:09:00"
      }
    },
    {
      "type": "Feature",
      "geometry": {
        "type": "Point",
        "coordinates": [-2.6661, 41.2955]
      },
      "properties": {
        "cluster_id": "ALERT-20260922-054",
        "alerta_operativa": "media",
        "score": 10.3,
        "n_focos": 1,
        "n_ultimas_6h": 1,
        "n_ultimas_24h": 1,
        "frp_total_mw": 2.1,
        "frp_max_mw": 2.1,
        "edad_min_h": 2,
        "ultima_deteccion_utc": "2026-09-22 13:10:00",
        "sensores": "VIIRS_SNPP_NRT",
        "satellites": "N",
        "instruments": "VIIRS",
        "popup_label": "<strong>ALERT-20260922-054<\/strong><br>Nivel: media<br>Focos: 1<br>Últimas 6 h: 1<br>FRP total: 2.1 MW<br>Última detección UTC: 2026-09-22 13:10:00"
      }
    },
    {
      "type": "Feature",
      "geometry": {
        "type": "Point",
        "coordinates": [-8.3611, 41.301]
      },
      "properties": {
        "cluster_id": "ALERT-20260922-055",
        "alerta_operativa": "media",
        "score": 9.9,
        "n_focos": 1,
        "n_ultimas_6h": 1,
        "n_ultimas_24h": 1,
        "frp_total_mw": 1.6,
        "frp_max_mw": 1.6,
        "edad_min_h": 2,
        "ultima_deteccion_utc": "2026-09-22 13:10:00",
        "sensores": "VIIRS_SNPP_NRT",
        "satellites": "N",
        "instruments": "VIIRS",
        "popup_label": "<strong>ALERT-20260922-055<\/strong><br>Nivel: media<br>Focos: 1<br>Últimas 6 h: 1<br>FRP total: 1.6 MW<br>Última detección UTC: 2026-09-22 13:10:00"
      }
    },
    {
      "type": "Feature",
      "geometry": {
        "type": "Point",
        "coordinates": [-3.9578, 42.1755]
      },
      "properties": {
        "cluster_id": "ALERT-20260922-056",
        "alerta_operativa": "media",
        "score": 9.8,
        "n_focos": 1,
        "n_ultimas_6h": 1,
        "n_ultimas_24h": 1,
        "frp_total_mw": 1.5,
        "frp_max_mw": 1.5,
        "edad_min_h": 2,
        "ultima_deteccion_utc": "2026-09-22 13:10:00",
        "sensores": "VIIRS_SNPP_NRT",
        "satellites": "N",
        "instruments": "VIIRS",
        "popup_label": "<strong>ALERT-20260922-056<\/strong><br>Nivel: media<br>Focos: 1<br>Últimas 6 h: 1<br>FRP total: 1.5 MW<br>Última detección UTC: 2026-09-22 13:10:00"
      }
    },
    {
      "type": "Feature",
      "geometry": {
        "type": "Point",
        "coordinates": [1.6619, 41.313]
      },
      "properties": {
        "cluster_id": "ALERT-20260922-057",
        "alerta_operativa": "media",
        "score": 9.6,
        "n_focos": 3,
        "n_ultimas_6h": 0,
        "n_ultimas_24h": 2,
        "frp_total_mw": 2.6,
        "frp_max_mw": 0.9,
        "edad_min_h": 13,
        "ultima_deteccion_utc": "2026-09-22 02:06:00",
        "sensores": "VIIRS_NOAA20_NRT, VIIRS_SNPP_NRT",
        "satellites": "N, N20",
        "instruments": "VIIRS",
        "popup_label": "<strong>ALERT-20260922-057<\/strong><br>Nivel: media<br>Focos: 3<br>Últimas 6 h: 0<br>FRP total: 2.6 MW<br>Última detección UTC: 2026-09-22 02:06:00"
      }
    },
    {
      "type": "Feature",
      "geometry": {
        "type": "Point",
        "coordinates": [-5.4231, 36.1772]
      },
      "properties": {
        "cluster_id": "ALERT-20260922-058",
        "alerta_operativa": "media",
        "score": 9.4,
        "n_focos": 3,
        "n_ultimas_6h": 0,
        "n_ultimas_24h": 2,
        "frp_total_mw": 2.3,
        "frp_max_mw": 1,
        "edad_min_h": 13,
        "ultima_deteccion_utc": "2026-09-22 02:09:00",
        "sensores": "VIIRS_NOAA20_NRT, VIIRS_SNPP_NRT",
        "satellites": "N, N20",
        "instruments": "VIIRS",
        "popup_label": "<strong>ALERT-20260922-058<\/strong><br>Nivel: media<br>Focos: 3<br>Últimas 6 h: 0<br>FRP total: 2.3 MW<br>Última detección UTC: 2026-09-22 02:09:00"
      }
    },
    {
      "type": "Feature",
      "geometry": {
        "type": "Point",
        "coordinates": [2.9295, 36.1407]
      },
      "properties": {
        "cluster_id": "ALERT-20260922-059",
        "alerta_operativa": "media",
        "score": 9.1,
        "n_focos": 3,
        "n_ultimas_6h": 0,
        "n_ultimas_24h": 2,
        "frp_total_mw": 1.8,
        "frp_max_mw": 0.8,
        "edad_min_h": 13,
        "ultima_deteccion_utc": "2026-09-22 02:09:00",
        "sensores": "VIIRS_NOAA20_NRT, VIIRS_SNPP_NRT",
        "satellites": "N, N20",
        "instruments": "VIIRS",
        "popup_label": "<strong>ALERT-20260922-059<\/strong><br>Nivel: media<br>Focos: 3<br>Últimas 6 h: 0<br>FRP total: 1.8 MW<br>Última detección UTC: 2026-09-22 02:09:00"
      }
    },
    {
      "type": "Feature",
      "geometry": {
        "type": "Point",
        "coordinates": [-1.4859, 41.4746]
      },
      "properties": {
        "cluster_id": "ALERT-20260922-060",
        "alerta_operativa": "media",
        "score": 9.1,
        "n_focos": 3,
        "n_ultimas_6h": 0,
        "n_ultimas_24h": 2,
        "frp_total_mw": 1.8,
        "frp_max_mw": 0.8,
        "edad_min_h": 13,
        "ultima_deteccion_utc": "2026-09-22 02:06:00",
        "sensores": "VIIRS_NOAA20_NRT, VIIRS_SNPP_NRT",
        "satellites": "N, N20",
        "instruments": "VIIRS",
        "popup_label": "<strong>ALERT-20260922-060<\/strong><br>Nivel: media<br>Focos: 3<br>Últimas 6 h: 0<br>FRP total: 1.8 MW<br>Última detección UTC: 2026-09-22 02:06:00"
      }
    },
    {
      "type": "Feature",
      "geometry": {
        "type": "Point",
        "coordinates": [-6.0128, 34.5896]
      },
      "properties": {
        "cluster_id": "ALERT-20260922-061",
        "alerta_operativa": "media",
        "score": 9,
        "n_focos": 2,
        "n_ultimas_6h": 0,
        "n_ultimas_24h": 2,
        "frp_total_mw": 3.5,
        "frp_max_mw": 2.5,
        "edad_min_h": 11.7,
        "ultima_deteccion_utc": "2026-09-22 03:28:00",
        "sensores": "VIIRS_NOAA20_NRT, VIIRS_SNPP_NRT",
        "satellites": "N, N20",
        "instruments": "VIIRS",
        "popup_label": "<strong>ALERT-20260922-061<\/strong><br>Nivel: media<br>Focos: 2<br>Últimas 6 h: 0<br>FRP total: 3.5 MW<br>Última detección UTC: 2026-09-22 03:28:00"
      }
    },
    {
      "type": "Feature",
      "geometry": {
        "type": "Point",
        "coordinates": [-8.3446, 41.7387]
      },
      "properties": {
        "cluster_id": "ALERT-20260922-062",
        "alerta_operativa": "media",
        "score": 8.6,
        "n_focos": 2,
        "n_ultimas_6h": 0,
        "n_ultimas_24h": 2,
        "frp_total_mw": 2.6,
        "frp_max_mw": 1.8,
        "edad_min_h": 13,
        "ultima_deteccion_utc": "2026-09-22 02:06:00",
        "sensores": "VIIRS_NOAA20_NRT, VIIRS_SNPP_NRT",
        "satellites": "N, N20",
        "instruments": "VIIRS",
        "popup_label": "<strong>ALERT-20260922-062<\/strong><br>Nivel: media<br>Focos: 2<br>Últimas 6 h: 0<br>FRP total: 2.6 MW<br>Última detección UTC: 2026-09-22 02:06:00"
      }
    },
    {
      "type": "Feature",
      "geometry": {
        "type": "Point",
        "coordinates": [-5.8713, 34.859]
      },
      "properties": {
        "cluster_id": "ALERT-20260922-063",
        "alerta_operativa": "media",
        "score": 7.8,
        "n_focos": 2,
        "n_ultimas_6h": 0,
        "n_ultimas_24h": 2,
        "frp_total_mw": 1.4,
        "frp_max_mw": 0.7,
        "edad_min_h": 13,
        "ultima_deteccion_utc": "2026-09-22 02:09:00",
        "sensores": "VIIRS_NOAA20_NRT",
        "satellites": "N20",
        "instruments": "VIIRS",
        "popup_label": "<strong>ALERT-20260922-063<\/strong><br>Nivel: media<br>Focos: 2<br>Últimas 6 h: 0<br>FRP total: 1.4 MW<br>Última detección UTC: 2026-09-22 02:09:00"
      }
    },
    {
      "type": "Feature",
      "geometry": {
        "type": "Point",
        "coordinates": [-9.527, 30.3407]
      },
      "properties": {
        "cluster_id": "ALERT-20260922-064",
        "alerta_operativa": "media",
        "score": 7.5,
        "n_focos": 2,
        "n_ultimas_6h": 0,
        "n_ultimas_24h": 2,
        "frp_total_mw": 1.1,
        "frp_max_mw": 0.6,
        "edad_min_h": 12.9,
        "ultima_deteccion_utc": "2026-09-22 02:11:00",
        "sensores": "VIIRS_NOAA20_NRT, VIIRS_SNPP_NRT",
        "satellites": "N, N20",
        "instruments": "VIIRS",
        "popup_label": "<strong>ALERT-20260922-064<\/strong><br>Nivel: media<br>Focos: 2<br>Últimas 6 h: 0<br>FRP total: 1.1 MW<br>Última detección UTC: 2026-09-22 02:11:00"
      }
    },
    {
      "type": "Feature",
      "geometry": {
        "type": "Point",
        "coordinates": [-8.141, 41.0776]
      },
      "properties": {
        "cluster_id": "ALERT-20260922-065",
        "alerta_operativa": "seguimiento",
        "score": 18.5,
        "n_focos": 9,
        "n_ultimas_6h": 0,
        "n_ultimas_24h": 1,
        "frp_total_mw": 41,
        "frp_max_mw": 13.4,
        "edad_min_h": 11.7,
        "ultima_deteccion_utc": "2026-09-22 03:28:00",
        "sensores": "VIIRS_NOAA20_NRT, VIIRS_SNPP_NRT",
        "satellites": "N, N20",
        "instruments": "VIIRS",
        "popup_label": "<strong>ALERT-20260922-065<\/strong><br>Nivel: seguimiento<br>Focos: 9<br>Últimas 6 h: 0<br>FRP total: 41 MW<br>Última detección UTC: 2026-09-22 03:28:00"
      }
    },
    {
      "type": "Feature",
      "geometry": {
        "type": "Point",
        "coordinates": [2.0571, 34.4383]
      },
      "properties": {
        "cluster_id": "ALERT-20260922-066",
        "alerta_operativa": "seguimiento",
        "score": 7.5,
        "n_focos": 3,
        "n_ultimas_6h": 0,
        "n_ultimas_24h": 1,
        "frp_total_mw": 2.5,
        "frp_max_mw": 1.4,
        "edad_min_h": 13.3,
        "ultima_deteccion_utc": "2026-09-22 01:47:00",
        "sensores": "VIIRS_NOAA20_NRT, VIIRS_SNPP_NRT",
        "satellites": "N, N20",
        "instruments": "VIIRS",
        "popup_label": "<strong>ALERT-20260922-066<\/strong><br>Nivel: seguimiento<br>Focos: 3<br>Últimas 6 h: 0<br>FRP total: 2.5 MW<br>Última detección UTC: 2026-09-22 01:47:00"
      }
    },
    {
      "type": "Feature",
      "geometry": {
        "type": "Point",
        "coordinates": [4.0037, 32.4027]
      },
      "properties": {
        "cluster_id": "ALERT-20260922-067",
        "alerta_operativa": "seguimiento",
        "score": 7.4,
        "n_focos": 3,
        "n_ultimas_6h": 0,
        "n_ultimas_24h": 1,
        "frp_total_mw": 2.4,
        "frp_max_mw": 1,
        "edad_min_h": 13.3,
        "ultima_deteccion_utc": "2026-09-22 01:47:00",
        "sensores": "VIIRS_NOAA20_NRT, VIIRS_SNPP_NRT",
        "satellites": "N, N20",
        "instruments": "VIIRS",
        "popup_label": "<strong>ALERT-20260922-067<\/strong><br>Nivel: seguimiento<br>Focos: 3<br>Últimas 6 h: 0<br>FRP total: 2.4 MW<br>Última detección UTC: 2026-09-22 01:47:00"
      }
    },
    {
      "type": "Feature",
      "geometry": {
        "type": "Point",
        "coordinates": [1.9781, 41.4551]
      },
      "properties": {
        "cluster_id": "ALERT-20260922-068",
        "alerta_operativa": "seguimiento",
        "score": 7.3,
        "n_focos": 3,
        "n_ultimas_6h": 0,
        "n_ultimas_24h": 1,
        "frp_total_mw": 2.2,
        "frp_max_mw": 1.1,
        "edad_min_h": 13,
        "ultima_deteccion_utc": "2026-09-22 02:06:00",
        "sensores": "VIIRS_NOAA20_NRT, VIIRS_SNPP_NRT",
        "satellites": "N, N20",
        "instruments": "VIIRS",
        "popup_label": "<strong>ALERT-20260922-068<\/strong><br>Nivel: seguimiento<br>Focos: 3<br>Últimas 6 h: 0<br>FRP total: 2.2 MW<br>Última detección UTC: 2026-09-22 02:06:00"
      }
    },
    {
      "type": "Feature",
      "geometry": {
        "type": "Point",
        "coordinates": [0.9913, 43.1861]
      },
      "properties": {
        "cluster_id": "ALERT-20260922-069",
        "alerta_operativa": "seguimiento",
        "score": 7.1,
        "n_focos": 3,
        "n_ultimas_6h": 0,
        "n_ultimas_24h": 1,
        "frp_total_mw": 1.8,
        "frp_max_mw": 0.7,
        "edad_min_h": 13,
        "ultima_deteccion_utc": "2026-09-22 02:06:00",
        "sensores": "VIIRS_NOAA20_NRT, VIIRS_SNPP_NRT",
        "satellites": "N, N20",
        "instruments": "VIIRS",
        "popup_label": "<strong>ALERT-20260922-069<\/strong><br>Nivel: seguimiento<br>Focos: 3<br>Últimas 6 h: 0<br>FRP total: 1.8 MW<br>Última detección UTC: 2026-09-22 02:06:00"
      }
    },
    {
      "type": "Feature",
      "geometry": {
        "type": "Point",
        "coordinates": [-0.544, 38.3778]
      },
      "properties": {
        "cluster_id": "ALERT-20260922-070",
        "alerta_operativa": "seguimiento",
        "score": 6.2,
        "n_focos": 2,
        "n_ultimas_6h": 0,
        "n_ultimas_24h": 1,
        "frp_total_mw": 2,
        "frp_max_mw": 1,
        "edad_min_h": 13,
        "ultima_deteccion_utc": "2026-09-22 02:06:00",
        "sensores": "VIIRS_NOAA20_NRT, VIIRS_SNPP_NRT",
        "satellites": "N, N20",
        "instruments": "VIIRS",
        "popup_label": "<strong>ALERT-20260922-070<\/strong><br>Nivel: seguimiento<br>Focos: 2<br>Últimas 6 h: 0<br>FRP total: 2 MW<br>Última detección UTC: 2026-09-22 02:06:00"
      }
    },
    {
      "type": "Feature",
      "geometry": {
        "type": "Point",
        "coordinates": [-8.6771, 32.4603]
      },
      "properties": {
        "cluster_id": "ALERT-20260922-071",
        "alerta_operativa": "seguimiento",
        "score": 4.5,
        "n_focos": 1,
        "n_ultimas_6h": 0,
        "n_ultimas_24h": 1,
        "frp_total_mw": 1.1,
        "frp_max_mw": 1.1,
        "edad_min_h": 13,
        "ultima_deteccion_utc": "2026-09-22 02:09:00",
        "sensores": "VIIRS_NOAA20_NRT",
        "satellites": "N20",
        "instruments": "VIIRS",
        "popup_label": "<strong>ALERT-20260922-071<\/strong><br>Nivel: seguimiento<br>Focos: 1<br>Últimas 6 h: 0<br>FRP total: 1.1 MW<br>Última detección UTC: 2026-09-22 02:09:00"
      }
    },
    {
      "type": "Feature",
      "geometry": {
        "type": "Point",
        "coordinates": [-8.9064, 39.6865]
      },
      "properties": {
        "cluster_id": "ALERT-20260922-072",
        "alerta_operativa": "seguimiento",
        "score": 4.3,
        "n_focos": 1,
        "n_ultimas_6h": 0,
        "n_ultimas_24h": 1,
        "frp_total_mw": 0.9,
        "frp_max_mw": 0.9,
        "edad_min_h": 11.7,
        "ultima_deteccion_utc": "2026-09-22 03:28:00",
        "sensores": "VIIRS_SNPP_NRT",
        "satellites": "N",
        "instruments": "VIIRS",
        "popup_label": "<strong>ALERT-20260922-072<\/strong><br>Nivel: seguimiento<br>Focos: 1<br>Últimas 6 h: 0<br>FRP total: 0.9 MW<br>Última detección UTC: 2026-09-22 03:28:00"
      }
    },
    {
      "type": "Feature",
      "geometry": {
        "type": "Point",
        "coordinates": [-1.7429, 42.8147]
      },
      "properties": {
        "cluster_id": "ALERT-20260922-073",
        "alerta_operativa": "seguimiento",
        "score": 4.2,
        "n_focos": 1,
        "n_ultimas_6h": 0,
        "n_ultimas_24h": 1,
        "frp_total_mw": 0.8,
        "frp_max_mw": 0.8,
        "edad_min_h": 13,
        "ultima_deteccion_utc": "2026-09-22 02:06:00",
        "sensores": "VIIRS_NOAA20_NRT",
        "satellites": "N20",
        "instruments": "VIIRS",
        "popup_label": "<strong>ALERT-20260922-073<\/strong><br>Nivel: seguimiento<br>Focos: 1<br>Últimas 6 h: 0<br>FRP total: 0.8 MW<br>Última detección UTC: 2026-09-22 02:06:00"
      }
    },
    {
      "type": "Feature",
      "geometry": {
        "type": "Point",
        "coordinates": [-7.1502, 32.9883]
      },
      "properties": {
        "cluster_id": "ALERT-20260922-074",
        "alerta_operativa": "seguimiento",
        "score": 4.1,
        "n_focos": 1,
        "n_ultimas_6h": 0,
        "n_ultimas_24h": 1,
        "frp_total_mw": 0.7,
        "frp_max_mw": 0.7,
        "edad_min_h": 13,
        "ultima_deteccion_utc": "2026-09-22 02:09:00",
        "sensores": "VIIRS_NOAA20_NRT",
        "satellites": "N20",
        "instruments": "VIIRS",
        "popup_label": "<strong>ALERT-20260922-074<\/strong><br>Nivel: seguimiento<br>Focos: 1<br>Últimas 6 h: 0<br>FRP total: 0.7 MW<br>Última detección UTC: 2026-09-22 02:09:00"
      }
    },
    {
      "type": "Feature",
      "geometry": {
        "type": "Point",
        "coordinates": [-9.0777, 38.628]
      },
      "properties": {
        "cluster_id": "ALERT-20260922-075",
        "alerta_operativa": "seguimiento",
        "score": 3.8,
        "n_focos": 1,
        "n_ultimas_6h": 0,
        "n_ultimas_24h": 1,
        "frp_total_mw": 0.5,
        "frp_max_mw": 0.5,
        "edad_min_h": 11.7,
        "ultima_deteccion_utc": "2026-09-22 03:28:00",
        "sensores": "VIIRS_SNPP_NRT",
        "satellites": "N",
        "instruments": "VIIRS",
        "popup_label": "<strong>ALERT-20260922-075<\/strong><br>Nivel: seguimiento<br>Focos: 1<br>Últimas 6 h: 0<br>FRP total: 0.5 MW<br>Última detección UTC: 2026-09-22 03:28:00"
      }
    },
    {
      "type": "Feature",
      "geometry": {
        "type": "Point",
        "coordinates": [-7.2431, 32.3382]
      },
      "properties": {
        "cluster_id": "ALERT-20260922-076",
        "alerta_operativa": "seguimiento",
        "score": 3.7,
        "n_focos": 1,
        "n_ultimas_6h": 0,
        "n_ultimas_24h": 1,
        "frp_total_mw": 0.4,
        "frp_max_mw": 0.4,
        "edad_min_h": 13.3,
        "ultima_deteccion_utc": "2026-09-22 01:49:00",
        "sensores": "VIIRS_SNPP_NRT",
        "satellites": "N",
        "instruments": "VIIRS",
        "popup_label": "<strong>ALERT-20260922-076<\/strong><br>Nivel: seguimiento<br>Focos: 1<br>Últimas 6 h: 0<br>FRP total: 0.4 MW<br>Última detección UTC: 2026-09-22 01:49:00"
      }
    },
    {
      "type": "Feature",
      "geometry": {
        "type": "Point",
        "coordinates": [4.3488, 43.7007]
      },
      "properties": {
        "cluster_id": "ALERT-20260922-077",
        "alerta_operativa": "informativa",
        "score": 14.8,
        "n_focos": 7,
        "n_ultimas_6h": 0,
        "n_ultimas_24h": 0,
        "frp_total_mw": 47.3,
        "frp_max_mw": 10.2,
        "edad_min_h": 25.3,
        "ultima_deteccion_utc": "2026-09-21 13:48:00",
        "sensores": "VIIRS_NOAA20_NRT, VIIRS_SNPP_NRT",
        "satellites": "N, N20",
        "instruments": "VIIRS",
        "popup_label": "<strong>ALERT-20260922-077<\/strong><br>Nivel: informativa<br>Focos: 7<br>Últimas 6 h: 0<br>FRP total: 47.3 MW<br>Última detección UTC: 2026-09-21 13:48:00"
      }
    },
    {
      "type": "Feature",
      "geometry": {
        "type": "Point",
        "coordinates": [-8.0288, 41.7478]
      },
      "properties": {
        "cluster_id": "ALERT-20260922-078",
        "alerta_operativa": "informativa",
        "score": 12.1,
        "n_focos": 6,
        "n_ultimas_6h": 0,
        "n_ultimas_24h": 0,
        "frp_total_mw": 19.9,
        "frp_max_mw": 4,
        "edad_min_h": 36.7,
        "ultima_deteccion_utc": "2026-09-21 02:26:00",
        "sensores": "VIIRS_NOAA20_NRT, VIIRS_SNPP_NRT",
        "satellites": "N, N20",
        "instruments": "VIIRS",
        "popup_label": "<strong>ALERT-20260922-078<\/strong><br>Nivel: informativa<br>Focos: 6<br>Últimas 6 h: 0<br>FRP total: 19.9 MW<br>Última detección UTC: 2026-09-21 02:26:00"
      }
    },
    {
      "type": "Feature",
      "geometry": {
        "type": "Point",
        "coordinates": [-7.9125, 40.9244]
      },
      "properties": {
        "cluster_id": "ALERT-20260922-079",
        "alerta_operativa": "informativa",
        "score": 11.8,
        "n_focos": 6,
        "n_ultimas_6h": 0,
        "n_ultimas_24h": 0,
        "frp_total_mw": 16.8,
        "frp_max_mw": 4.1,
        "edad_min_h": 36.7,
        "ultima_deteccion_utc": "2026-09-21 02:26:00",
        "sensores": "VIIRS_NOAA20_NRT, VIIRS_SNPP_NRT",
        "satellites": "N, N20",
        "instruments": "VIIRS",
        "popup_label": "<strong>ALERT-20260922-079<\/strong><br>Nivel: informativa<br>Focos: 6<br>Últimas 6 h: 0<br>FRP total: 16.8 MW<br>Última detección UTC: 2026-09-21 02:26:00"
      }
    },
    {
      "type": "Feature",
      "geometry": {
        "type": "Point",
        "coordinates": [-8.5953, 40.4841]
      },
      "properties": {
        "cluster_id": "ALERT-20260922-080",
        "alerta_operativa": "informativa",
        "score": 10.5,
        "n_focos": 3,
        "n_ultimas_6h": 0,
        "n_ultimas_24h": 0,
        "frp_total_mw": 41.6,
        "frp_max_mw": 14.1,
        "edad_min_h": 25.3,
        "ultima_deteccion_utc": "2026-09-21 13:48:00",
        "sensores": "VIIRS_NOAA20_NRT, VIIRS_SNPP_NRT",
        "satellites": "N, N20",
        "instruments": "VIIRS",
        "popup_label": "<strong>ALERT-20260922-080<\/strong><br>Nivel: informativa<br>Focos: 3<br>Últimas 6 h: 0<br>FRP total: 41.6 MW<br>Última detección UTC: 2026-09-21 13:48:00"
      }
    },
    {
      "type": "Feature",
      "geometry": {
        "type": "Point",
        "coordinates": [-8.4646, 43.3561]
      },
      "properties": {
        "cluster_id": "ALERT-20260922-081",
        "alerta_operativa": "informativa",
        "score": 10.2,
        "n_focos": 5,
        "n_ultimas_6h": 0,
        "n_ultimas_24h": 0,
        "frp_total_mw": 12.6,
        "frp_max_mw": 3.5,
        "edad_min_h": 35.3,
        "ultima_deteccion_utc": "2026-09-21 03:47:00",
        "sensores": "VIIRS_NOAA20_NRT, VIIRS_SNPP_NRT",
        "satellites": "N, N20",
        "instruments": "VIIRS",
        "popup_label": "<strong>ALERT-20260922-081<\/strong><br>Nivel: informativa<br>Focos: 5<br>Últimas 6 h: 0<br>FRP total: 12.6 MW<br>Última detección UTC: 2026-09-21 03:47:00"
      }
    },
    {
      "type": "Feature",
      "geometry": {
        "type": "Point",
        "coordinates": [-8.6165, 42.4681]
      },
      "properties": {
        "cluster_id": "ALERT-20260922-082",
        "alerta_operativa": "informativa",
        "score": 9.7,
        "n_focos": 3,
        "n_ultimas_6h": 0,
        "n_ultimas_24h": 0,
        "frp_total_mw": 27.5,
        "frp_max_mw": 24.2,
        "edad_min_h": 25.3,
        "ultima_deteccion_utc": "2026-09-21 13:48:00",
        "sensores": "VIIRS_NOAA20_NRT, VIIRS_SNPP_NRT",
        "satellites": "N, N20",
        "instruments": "VIIRS",
        "popup_label": "<strong>ALERT-20260922-082<\/strong><br>Nivel: informativa<br>Focos: 3<br>Últimas 6 h: 0<br>FRP total: 27.5 MW<br>Última detección UTC: 2026-09-21 13:48:00"
      }
    },
    {
      "type": "Feature",
      "geometry": {
        "type": "Point",
        "coordinates": [3.1116, 43.23]
      },
      "properties": {
        "cluster_id": "ALERT-20260922-083",
        "alerta_operativa": "informativa",
        "score": 9.6,
        "n_focos": 2,
        "n_ultimas_6h": 0,
        "n_ultimas_24h": 0,
        "frp_total_mw": 43.6,
        "frp_max_mw": 24.3,
        "edad_min_h": 25.7,
        "ultima_deteccion_utc": "2026-09-21 13:27:00",
        "sensores": "VIIRS_SNPP_NRT",
        "satellites": "N",
        "instruments": "VIIRS",
        "popup_label": "<strong>ALERT-20260922-083<\/strong><br>Nivel: informativa<br>Focos: 2<br>Últimas 6 h: 0<br>FRP total: 43.6 MW<br>Última detección UTC: 2026-09-21 13:27:00"
      }
    },
    {
      "type": "Feature",
      "geometry": {
        "type": "Point",
        "coordinates": [-7.3283, 41.634]
      },
      "properties": {
        "cluster_id": "ALERT-20260922-084",
        "alerta_operativa": "informativa",
        "score": 8.1,
        "n_focos": 3,
        "n_ultimas_6h": 0,
        "n_ultimas_24h": 0,
        "frp_total_mw": 11.8,
        "frp_max_mw": 5.9,
        "edad_min_h": 25.7,
        "ultima_deteccion_utc": "2026-09-21 13:27:00",
        "sensores": "VIIRS_SNPP_NRT",
        "satellites": "N",
        "instruments": "VIIRS",
        "popup_label": "<strong>ALERT-20260922-084<\/strong><br>Nivel: informativa<br>Focos: 3<br>Últimas 6 h: 0<br>FRP total: 11.8 MW<br>Última detección UTC: 2026-09-21 13:27:00"
      }
    },
    {
      "type": "Feature",
      "geometry": {
        "type": "Point",
        "coordinates": [-7.004, 39.6557]
      },
      "properties": {
        "cluster_id": "ALERT-20260922-085",
        "alerta_operativa": "informativa",
        "score": 7.3,
        "n_focos": 3,
        "n_ultimas_6h": 0,
        "n_ultimas_24h": 0,
        "frp_total_mw": 7.8,
        "frp_max_mw": 3.1,
        "edad_min_h": 25.7,
        "ultima_deteccion_utc": "2026-09-21 13:27:00",
        "sensores": "VIIRS_SNPP_NRT",
        "satellites": "N",
        "instruments": "VIIRS",
        "popup_label": "<strong>ALERT-20260922-085<\/strong><br>Nivel: informativa<br>Focos: 3<br>Últimas 6 h: 0<br>FRP total: 7.8 MW<br>Última detección UTC: 2026-09-21 13:27:00"
      }
    },
    {
      "type": "Feature",
      "geometry": {
        "type": "Point",
        "coordinates": [-5.33, 40.1751]
      },
      "properties": {
        "cluster_id": "ALERT-20260922-086",
        "alerta_operativa": "informativa",
        "score": 6.8,
        "n_focos": 1,
        "n_ultimas_6h": 0,
        "n_ultimas_24h": 0,
        "frp_total_mw": 16.8,
        "frp_max_mw": 16.8,
        "edad_min_h": 25.3,
        "ultima_deteccion_utc": "2026-09-21 13:48:00",
        "sensores": "VIIRS_NOAA20_NRT",
        "satellites": "N20",
        "instruments": "VIIRS",
        "popup_label": "<strong>ALERT-20260922-086<\/strong><br>Nivel: informativa<br>Focos: 1<br>Últimas 6 h: 0<br>FRP total: 16.8 MW<br>Última detección UTC: 2026-09-21 13:48:00"
      }
    },
    {
      "type": "Feature",
      "geometry": {
        "type": "Point",
        "coordinates": [-8.7424, 42.2078]
      },
      "properties": {
        "cluster_id": "ALERT-20260922-087",
        "alerta_operativa": "informativa",
        "score": 6.6,
        "n_focos": 2,
        "n_ultimas_6h": 0,
        "n_ultimas_24h": 0,
        "frp_total_mw": 8.8,
        "frp_max_mw": 5.1,
        "edad_min_h": 25.7,
        "ultima_deteccion_utc": "2026-09-21 13:27:00",
        "sensores": "VIIRS_SNPP_NRT",
        "satellites": "N",
        "instruments": "VIIRS",
        "popup_label": "<strong>ALERT-20260922-087<\/strong><br>Nivel: informativa<br>Focos: 2<br>Últimas 6 h: 0<br>FRP total: 8.8 MW<br>Última detección UTC: 2026-09-21 13:27:00"
      }
    },
    {
      "type": "Feature",
      "geometry": {
        "type": "Point",
        "coordinates": [0.656, 40.724]
      },
      "properties": {
        "cluster_id": "ALERT-20260922-088",
        "alerta_operativa": "informativa",
        "score": 6.5,
        "n_focos": 2,
        "n_ultimas_6h": 0,
        "n_ultimas_24h": 0,
        "frp_total_mw": 8.5,
        "frp_max_mw": 4.3,
        "edad_min_h": 25.7,
        "ultima_deteccion_utc": "2026-09-21 13:27:00",
        "sensores": "VIIRS_SNPP_NRT",
        "satellites": "N",
        "instruments": "VIIRS",
        "popup_label": "<strong>ALERT-20260922-088<\/strong><br>Nivel: informativa<br>Focos: 2<br>Últimas 6 h: 0<br>FRP total: 8.5 MW<br>Última detección UTC: 2026-09-21 13:27:00"
      }
    },
    {
      "type": "Feature",
      "geometry": {
        "type": "Point",
        "coordinates": [-3.8315, 39.9616]
      },
      "properties": {
        "cluster_id": "ALERT-20260922-089",
        "alerta_operativa": "informativa",
        "score": 6.4,
        "n_focos": 2,
        "n_ultimas_6h": 0,
        "n_ultimas_24h": 0,
        "frp_total_mw": 7.9,
        "frp_max_mw": 4.9,
        "edad_min_h": 25.3,
        "ultima_deteccion_utc": "2026-09-21 13:48:00",
        "sensores": "VIIRS_NOAA20_NRT, VIIRS_SNPP_NRT",
        "satellites": "N, N20",
        "instruments": "VIIRS",
        "popup_label": "<strong>ALERT-20260922-089<\/strong><br>Nivel: informativa<br>Focos: 2<br>Últimas 6 h: 0<br>FRP total: 7.9 MW<br>Última detección UTC: 2026-09-21 13:48:00"
      }
    },
    {
      "type": "Feature",
      "geometry": {
        "type": "Point",
        "coordinates": [-6.9408, 32.8475]
      },
      "properties": {
        "cluster_id": "ALERT-20260922-090",
        "alerta_operativa": "informativa",
        "score": 6.3,
        "n_focos": 1,
        "n_ultimas_6h": 0,
        "n_ultimas_24h": 0,
        "frp_total_mw": 13.2,
        "frp_max_mw": 13.2,
        "edad_min_h": 25.4,
        "ultima_deteccion_utc": "2026-09-21 13:46:00",
        "sensores": "VIIRS_NOAA20_NRT",
        "satellites": "N20",
        "instruments": "VIIRS",
        "popup_label": "<strong>ALERT-20260922-090<\/strong><br>Nivel: informativa<br>Focos: 1<br>Últimas 6 h: 0<br>FRP total: 13.2 MW<br>Última detección UTC: 2026-09-21 13:46:00"
      }
    },
    {
      "type": "Feature",
      "geometry": {
        "type": "Point",
        "coordinates": [-6.7825, 38.6398]
      },
      "properties": {
        "cluster_id": "ALERT-20260922-091",
        "alerta_operativa": "informativa",
        "score": 6.2,
        "n_focos": 1,
        "n_ultimas_6h": 0,
        "n_ultimas_24h": 0,
        "frp_total_mw": 12.8,
        "frp_max_mw": 12.8,
        "edad_min_h": 25.3,
        "ultima_deteccion_utc": "2026-09-21 13:48:00",
        "sensores": "VIIRS_NOAA20_NRT",
        "satellites": "N20",
        "instruments": "VIIRS",
        "popup_label": "<strong>ALERT-20260922-091<\/strong><br>Nivel: informativa<br>Focos: 1<br>Últimas 6 h: 0<br>FRP total: 12.8 MW<br>Última detección UTC: 2026-09-21 13:48:00"
      }
    },
    {
      "type": "Feature",
      "geometry": {
        "type": "Point",
        "coordinates": [-6.4893, 40.6216]
      },
      "properties": {
        "cluster_id": "ALERT-20260922-092",
        "alerta_operativa": "informativa",
        "score": 6.2,
        "n_focos": 2,
        "n_ultimas_6h": 0,
        "n_ultimas_24h": 0,
        "frp_total_mw": 7,
        "frp_max_mw": 4.2,
        "edad_min_h": 25.7,
        "ultima_deteccion_utc": "2026-09-21 13:27:00",
        "sensores": "VIIRS_SNPP_NRT",
        "satellites": "N",
        "instruments": "VIIRS",
        "popup_label": "<strong>ALERT-20260922-092<\/strong><br>Nivel: informativa<br>Focos: 2<br>Últimas 6 h: 0<br>FRP total: 7 MW<br>Última detección UTC: 2026-09-21 13:27:00"
      }
    },
    {
      "type": "Feature",
      "geometry": {
        "type": "Point",
        "coordinates": [-3.786, 41.46]
      },
      "properties": {
        "cluster_id": "ALERT-20260922-093",
        "alerta_operativa": "informativa",
        "score": 5.7,
        "n_focos": 1,
        "n_ultimas_6h": 0,
        "n_ultimas_24h": 0,
        "frp_total_mw": 9.3,
        "frp_max_mw": 9.3,
        "edad_min_h": 25.3,
        "ultima_deteccion_utc": "2026-09-21 13:48:00",
        "sensores": "VIIRS_NOAA20_NRT",
        "satellites": "N20",
        "instruments": "VIIRS",
        "popup_label": "<strong>ALERT-20260922-093<\/strong><br>Nivel: informativa<br>Focos: 1<br>Últimas 6 h: 0<br>FRP total: 9.3 MW<br>Última detección UTC: 2026-09-21 13:48:00"
      }
    },
    {
      "type": "Feature",
      "geometry": {
        "type": "Point",
        "coordinates": [-2.0637, 42.4193]
      },
      "properties": {
        "cluster_id": "ALERT-20260922-094",
        "alerta_operativa": "informativa",
        "score": 5.7,
        "n_focos": 2,
        "n_ultimas_6h": 0,
        "n_ultimas_24h": 0,
        "frp_total_mw": 5.5,
        "frp_max_mw": 2.8,
        "edad_min_h": 27,
        "ultima_deteccion_utc": "2026-09-21 12:08:00",
        "sensores": "VIIRS_NOAA20_NRT",
        "satellites": "N20",
        "instruments": "VIIRS",
        "popup_label": "<strong>ALERT-20260922-094<\/strong><br>Nivel: informativa<br>Focos: 2<br>Últimas 6 h: 0<br>FRP total: 5.5 MW<br>Última detección UTC: 2026-09-21 12:08:00"
      }
    },
    {
      "type": "Feature",
      "geometry": {
        "type": "Point",
        "coordinates": [-0.1579, 28.2128]
      },
      "properties": {
        "cluster_id": "ALERT-20260922-095",
        "alerta_operativa": "informativa",
        "score": 5.3,
        "n_focos": 1,
        "n_ultimas_6h": 0,
        "n_ultimas_24h": 0,
        "frp_total_mw": 7.5,
        "frp_max_mw": 7.5,
        "edad_min_h": 25.7,
        "ultima_deteccion_utc": "2026-09-21 13:23:00",
        "sensores": "VIIRS_SNPP_NRT",
        "satellites": "N",
        "instruments": "VIIRS",
        "popup_label": "<strong>ALERT-20260922-095<\/strong><br>Nivel: informativa<br>Focos: 1<br>Últimas 6 h: 0<br>FRP total: 7.5 MW<br>Última detección UTC: 2026-09-21 13:23:00"
      }
    },
    {
      "type": "Feature",
      "geometry": {
        "type": "Point",
        "coordinates": [-5.9619, 38.9637]
      },
      "properties": {
        "cluster_id": "ALERT-20260922-096",
        "alerta_operativa": "informativa",
        "score": 5,
        "n_focos": 2,
        "n_ultimas_6h": 0,
        "n_ultimas_24h": 0,
        "frp_total_mw": 3.4,
        "frp_max_mw": 1.7,
        "edad_min_h": 36.7,
        "ultima_deteccion_utc": "2026-09-21 02:26:00",
        "sensores": "VIIRS_NOAA20_NRT, VIIRS_SNPP_NRT",
        "satellites": "N, N20",
        "instruments": "VIIRS",
        "popup_label": "<strong>ALERT-20260922-096<\/strong><br>Nivel: informativa<br>Focos: 2<br>Últimas 6 h: 0<br>FRP total: 3.4 MW<br>Última detección UTC: 2026-09-21 02:26:00"
      }
    },
    {
      "type": "Feature",
      "geometry": {
        "type": "Point",
        "coordinates": [-6.3144, 34.496]
      },
      "properties": {
        "cluster_id": "ALERT-20260922-097",
        "alerta_operativa": "informativa",
        "score": 4.9,
        "n_focos": 1,
        "n_ultimas_6h": 0,
        "n_ultimas_24h": 0,
        "frp_total_mw": 6.1,
        "frp_max_mw": 6.1,
        "edad_min_h": 25.4,
        "ultima_deteccion_utc": "2026-09-21 13:46:00",
        "sensores": "VIIRS_NOAA20_NRT",
        "satellites": "N20",
        "instruments": "VIIRS",
        "popup_label": "<strong>ALERT-20260922-097<\/strong><br>Nivel: informativa<br>Focos: 1<br>Últimas 6 h: 0<br>FRP total: 6.1 MW<br>Última detección UTC: 2026-09-21 13:46:00"
      }
    },
    {
      "type": "Feature",
      "geometry": {
        "type": "Point",
        "coordinates": [1.0426, 35.5174]
      },
      "properties": {
        "cluster_id": "ALERT-20260922-098",
        "alerta_operativa": "informativa",
        "score": 4.8,
        "n_focos": 1,
        "n_ultimas_6h": 0,
        "n_ultimas_24h": 0,
        "frp_total_mw": 5.7,
        "frp_max_mw": 5.7,
        "edad_min_h": 25.4,
        "ultima_deteccion_utc": "2026-09-21 13:46:00",
        "sensores": "VIIRS_NOAA20_NRT",
        "satellites": "N20",
        "instruments": "VIIRS",
        "popup_label": "<strong>ALERT-20260922-098<\/strong><br>Nivel: informativa<br>Focos: 1<br>Últimas 6 h: 0<br>FRP total: 5.7 MW<br>Última detección UTC: 2026-09-21 13:46:00"
      }
    },
    {
      "type": "Feature",
      "geometry": {
        "type": "Point",
        "coordinates": [-4.0264, 34.297]
      },
      "properties": {
        "cluster_id": "ALERT-20260922-099",
        "alerta_operativa": "informativa",
        "score": 4.4,
        "n_focos": 1,
        "n_ultimas_6h": 0,
        "n_ultimas_24h": 0,
        "frp_total_mw": 4.5,
        "frp_max_mw": 4.5,
        "edad_min_h": 25.4,
        "ultima_deteccion_utc": "2026-09-21 13:46:00",
        "sensores": "VIIRS_NOAA20_NRT",
        "satellites": "N20",
        "instruments": "VIIRS",
        "popup_label": "<strong>ALERT-20260922-099<\/strong><br>Nivel: informativa<br>Focos: 1<br>Últimas 6 h: 0<br>FRP total: 4.5 MW<br>Última detección UTC: 2026-09-21 13:46:00"
      }
    },
    {
      "type": "Feature",
      "geometry": {
        "type": "Point",
        "coordinates": [-3.4964, 40.3856]
      },
      "properties": {
        "cluster_id": "ALERT-20260922-100",
        "alerta_operativa": "informativa",
        "score": 4.3,
        "n_focos": 1,
        "n_ultimas_6h": 0,
        "n_ultimas_24h": 0,
        "frp_total_mw": 4.2,
        "frp_max_mw": 4.2,
        "edad_min_h": 27,
        "ultima_deteccion_utc": "2026-09-21 12:08:00",
        "sensores": "VIIRS_NOAA20_NRT",
        "satellites": "N20",
        "instruments": "VIIRS",
        "popup_label": "<strong>ALERT-20260922-100<\/strong><br>Nivel: informativa<br>Focos: 1<br>Últimas 6 h: 0<br>FRP total: 4.2 MW<br>Última detección UTC: 2026-09-21 12:08:00"
      }
    },
    {
      "type": "Feature",
      "geometry": {
        "type": "Point",
        "coordinates": [-2.8084, 42.4603]
      },
      "properties": {
        "cluster_id": "ALERT-20260922-101",
        "alerta_operativa": "informativa",
        "score": 4.3,
        "n_focos": 2,
        "n_ultimas_6h": 0,
        "n_ultimas_24h": 0,
        "frp_total_mw": 2.1,
        "frp_max_mw": 1.1,
        "edad_min_h": 36.7,
        "ultima_deteccion_utc": "2026-09-21 02:24:00",
        "sensores": "VIIRS_NOAA20_NRT, VIIRS_SNPP_NRT",
        "satellites": "N, N20",
        "instruments": "VIIRS",
        "popup_label": "<strong>ALERT-20260922-101<\/strong><br>Nivel: informativa<br>Focos: 2<br>Últimas 6 h: 0<br>FRP total: 2.1 MW<br>Última detección UTC: 2026-09-21 02:24:00"
      }
    },
    {
      "type": "Feature",
      "geometry": {
        "type": "Point",
        "coordinates": [-7.6939, 37.3797]
      },
      "properties": {
        "cluster_id": "ALERT-20260922-102",
        "alerta_operativa": "informativa",
        "score": 4.1,
        "n_focos": 1,
        "n_ultimas_6h": 0,
        "n_ultimas_24h": 0,
        "frp_total_mw": 3.8,
        "frp_max_mw": 3.8,
        "edad_min_h": 25.7,
        "ultima_deteccion_utc": "2026-09-21 13:27:00",
        "sensores": "VIIRS_SNPP_NRT",
        "satellites": "N",
        "instruments": "VIIRS",
        "popup_label": "<strong>ALERT-20260922-102<\/strong><br>Nivel: informativa<br>Focos: 1<br>Últimas 6 h: 0<br>FRP total: 3.8 MW<br>Última detección UTC: 2026-09-21 13:27:00"
      }
    },
    {
      "type": "Feature",
      "geometry": {
        "type": "Point",
        "coordinates": [-4.7005, 37.836]
      },
      "properties": {
        "cluster_id": "ALERT-20260922-103",
        "alerta_operativa": "informativa",
        "score": 4.1,
        "n_focos": 1,
        "n_ultimas_6h": 0,
        "n_ultimas_24h": 0,
        "frp_total_mw": 3.8,
        "frp_max_mw": 3.8,
        "edad_min_h": 25.4,
        "ultima_deteccion_utc": "2026-09-21 13:46:00",
        "sensores": "VIIRS_NOAA20_NRT",
        "satellites": "N20",
        "instruments": "VIIRS",
        "popup_label": "<strong>ALERT-20260922-103<\/strong><br>Nivel: informativa<br>Focos: 1<br>Últimas 6 h: 0<br>FRP total: 3.8 MW<br>Última detección UTC: 2026-09-21 13:46:00"
      }
    },
    {
      "type": "Feature",
      "geometry": {
        "type": "Point",
        "coordinates": [-5.1296, 37.4246]
      },
      "properties": {
        "cluster_id": "ALERT-20260922-104",
        "alerta_operativa": "informativa",
        "score": 4.1,
        "n_focos": 1,
        "n_ultimas_6h": 0,
        "n_ultimas_24h": 0,
        "frp_total_mw": 3.7,
        "frp_max_mw": 3.7,
        "edad_min_h": 25.7,
        "ultima_deteccion_utc": "2026-09-21 13:27:00",
        "sensores": "VIIRS_SNPP_NRT",
        "satellites": "N",
        "instruments": "VIIRS",
        "popup_label": "<strong>ALERT-20260922-104<\/strong><br>Nivel: informativa<br>Focos: 1<br>Últimas 6 h: 0<br>FRP total: 3.7 MW<br>Última detección UTC: 2026-09-21 13:27:00"
      }
    },
    {
      "type": "Feature",
      "geometry": {
        "type": "Point",
        "coordinates": [-1.3909, 29.4221]
      },
      "properties": {
        "cluster_id": "ALERT-20260922-105",
        "alerta_operativa": "informativa",
        "score": 4.1,
        "n_focos": 1,
        "n_ultimas_6h": 0,
        "n_ultimas_24h": 0,
        "frp_total_mw": 3.6,
        "frp_max_mw": 3.6,
        "edad_min_h": 25.7,
        "ultima_deteccion_utc": "2026-09-21 13:25:00",
        "sensores": "VIIRS_SNPP_NRT",
        "satellites": "N",
        "instruments": "VIIRS",
        "popup_label": "<strong>ALERT-20260922-105<\/strong><br>Nivel: informativa<br>Focos: 1<br>Últimas 6 h: 0<br>FRP total: 3.6 MW<br>Última detección UTC: 2026-09-21 13:25:00"
      }
    },
    {
      "type": "Feature",
      "geometry": {
        "type": "Point",
        "coordinates": [-0.3435, 33.474]
      },
      "properties": {
        "cluster_id": "ALERT-20260922-106",
        "alerta_operativa": "informativa",
        "score": 4.1,
        "n_focos": 2,
        "n_ultimas_6h": 0,
        "n_ultimas_24h": 0,
        "frp_total_mw": 1.9,
        "frp_max_mw": 1.1,
        "edad_min_h": 36.7,
        "ultima_deteccion_utc": "2026-09-21 02:26:00",
        "sensores": "VIIRS_NOAA20_NRT, VIIRS_SNPP_NRT",
        "satellites": "N, N20",
        "instruments": "VIIRS",
        "popup_label": "<strong>ALERT-20260922-106<\/strong><br>Nivel: informativa<br>Focos: 2<br>Últimas 6 h: 0<br>FRP total: 1.9 MW<br>Última detección UTC: 2026-09-21 02:26:00"
      }
    },
    {
      "type": "Feature",
      "geometry": {
        "type": "Point",
        "coordinates": [-3.0053, 43.3171]
      },
      "properties": {
        "cluster_id": "ALERT-20260922-107",
        "alerta_operativa": "informativa",
        "score": 4.1,
        "n_focos": 2,
        "n_ultimas_6h": 0,
        "n_ultimas_24h": 0,
        "frp_total_mw": 1.9,
        "frp_max_mw": 1,
        "edad_min_h": 37.1,
        "ultima_deteccion_utc": "2026-09-21 02:04:00",
        "sensores": "VIIRS_SNPP_NRT",
        "satellites": "N",
        "instruments": "VIIRS",
        "popup_label": "<strong>ALERT-20260922-107<\/strong><br>Nivel: informativa<br>Focos: 2<br>Últimas 6 h: 0<br>FRP total: 1.9 MW<br>Última detección UTC: 2026-09-21 02:04:00"
      }
    },
    {
      "type": "Feature",
      "geometry": {
        "type": "Point",
        "coordinates": [-5.2709, 35.1838]
      },
      "properties": {
        "cluster_id": "ALERT-20260922-108",
        "alerta_operativa": "informativa",
        "score": 4.1,
        "n_focos": 2,
        "n_ultimas_6h": 0,
        "n_ultimas_24h": 0,
        "frp_total_mw": 1.8,
        "frp_max_mw": 1.1,
        "edad_min_h": 36.7,
        "ultima_deteccion_utc": "2026-09-21 02:26:00",
        "sensores": "VIIRS_NOAA20_NRT, VIIRS_SNPP_NRT",
        "satellites": "N, N20",
        "instruments": "VIIRS",
        "popup_label": "<strong>ALERT-20260922-108<\/strong><br>Nivel: informativa<br>Focos: 2<br>Últimas 6 h: 0<br>FRP total: 1.8 MW<br>Última detección UTC: 2026-09-21 02:26:00"
      }
    },
    {
      "type": "Feature",
      "geometry": {
        "type": "Point",
        "coordinates": [-1.2559, 38.4488]
      },
      "properties": {
        "cluster_id": "ALERT-20260922-109",
        "alerta_operativa": "informativa",
        "score": 4,
        "n_focos": 1,
        "n_ultimas_6h": 0,
        "n_ultimas_24h": 0,
        "frp_total_mw": 3.5,
        "frp_max_mw": 3.5,
        "edad_min_h": 25.7,
        "ultima_deteccion_utc": "2026-09-21 13:27:00",
        "sensores": "VIIRS_SNPP_NRT",
        "satellites": "N",
        "instruments": "VIIRS",
        "popup_label": "<strong>ALERT-20260922-109<\/strong><br>Nivel: informativa<br>Focos: 1<br>Últimas 6 h: 0<br>FRP total: 3.5 MW<br>Última detección UTC: 2026-09-21 13:27:00"
      }
    },
    {
      "type": "Feature",
      "geometry": {
        "type": "Point",
        "coordinates": [-7.4738, 41.0196]
      },
      "properties": {
        "cluster_id": "ALERT-20260922-110",
        "alerta_operativa": "informativa",
        "score": 3.9,
        "n_focos": 1,
        "n_ultimas_6h": 0,
        "n_ultimas_24h": 0,
        "frp_total_mw": 3.3,
        "frp_max_mw": 3.3,
        "edad_min_h": 25.7,
        "ultima_deteccion_utc": "2026-09-21 13:27:00",
        "sensores": "VIIRS_SNPP_NRT",
        "satellites": "N",
        "instruments": "VIIRS",
        "popup_label": "<strong>ALERT-20260922-110<\/strong><br>Nivel: informativa<br>Focos: 1<br>Últimas 6 h: 0<br>FRP total: 3.3 MW<br>Última detección UTC: 2026-09-21 13:27:00"
      }
    },
    {
      "type": "Feature",
      "geometry": {
        "type": "Point",
        "coordinates": [-3.0956, 39.1186]
      },
      "properties": {
        "cluster_id": "ALERT-20260922-111",
        "alerta_operativa": "informativa",
        "score": 3.8,
        "n_focos": 2,
        "n_ultimas_6h": 0,
        "n_ultimas_24h": 0,
        "frp_total_mw": 1.4,
        "frp_max_mw": 0.9,
        "edad_min_h": 36.7,
        "ultima_deteccion_utc": "2026-09-21 02:26:00",
        "sensores": "VIIRS_NOAA20_NRT, VIIRS_SNPP_NRT",
        "satellites": "N, N20",
        "instruments": "VIIRS",
        "popup_label": "<strong>ALERT-20260922-111<\/strong><br>Nivel: informativa<br>Focos: 2<br>Últimas 6 h: 0<br>FRP total: 1.4 MW<br>Última detección UTC: 2026-09-21 02:26:00"
      }
    },
    {
      "type": "Feature",
      "geometry": {
        "type": "Point",
        "coordinates": [-1.7042, 39.4439]
      },
      "properties": {
        "cluster_id": "ALERT-20260922-112",
        "alerta_operativa": "informativa",
        "score": 3.6,
        "n_focos": 1,
        "n_ultimas_6h": 0,
        "n_ultimas_24h": 0,
        "frp_total_mw": 2.7,
        "frp_max_mw": 2.7,
        "edad_min_h": 25.7,
        "ultima_deteccion_utc": "2026-09-21 13:27:00",
        "sensores": "VIIRS_SNPP_NRT",
        "satellites": "N",
        "instruments": "VIIRS",
        "popup_label": "<strong>ALERT-20260922-112<\/strong><br>Nivel: informativa<br>Focos: 1<br>Últimas 6 h: 0<br>FRP total: 2.7 MW<br>Última detección UTC: 2026-09-21 13:27:00"
      }
    },
    {
      "type": "Feature",
      "geometry": {
        "type": "Point",
        "coordinates": [0.9563, 36.161]
      },
      "properties": {
        "cluster_id": "ALERT-20260922-113",
        "alerta_operativa": "informativa",
        "score": 3.6,
        "n_focos": 2,
        "n_ultimas_6h": 0,
        "n_ultimas_24h": 0,
        "frp_total_mw": 1.2,
        "frp_max_mw": 0.7,
        "edad_min_h": 36.7,
        "ultima_deteccion_utc": "2026-09-21 02:26:00",
        "sensores": "VIIRS_NOAA20_NRT",
        "satellites": "N20",
        "instruments": "VIIRS",
        "popup_label": "<strong>ALERT-20260922-113<\/strong><br>Nivel: informativa<br>Focos: 2<br>Últimas 6 h: 0<br>FRP total: 1.2 MW<br>Última detección UTC: 2026-09-21 02:26:00"
      }
    },
    {
      "type": "Feature",
      "geometry": {
        "type": "Point",
        "coordinates": [-1.622, 41.9112]
      },
      "properties": {
        "cluster_id": "ALERT-20260922-114",
        "alerta_operativa": "informativa",
        "score": 3.3,
        "n_focos": 1,
        "n_ultimas_6h": 0,
        "n_ultimas_24h": 0,
        "frp_total_mw": 2.2,
        "frp_max_mw": 2.2,
        "edad_min_h": 25.7,
        "ultima_deteccion_utc": "2026-09-21 13:27:00",
        "sensores": "VIIRS_SNPP_NRT",
        "satellites": "N",
        "instruments": "VIIRS",
        "popup_label": "<strong>ALERT-20260922-114<\/strong><br>Nivel: informativa<br>Focos: 1<br>Últimas 6 h: 0<br>FRP total: 2.2 MW<br>Última detección UTC: 2026-09-21 13:27:00"
      }
    },
    {
      "type": "Feature",
      "geometry": {
        "type": "Point",
        "coordinates": [-6.7727, 34.0917]
      },
      "properties": {
        "cluster_id": "ALERT-20260922-115",
        "alerta_operativa": "informativa",
        "score": 3.3,
        "n_focos": 1,
        "n_ultimas_6h": 0,
        "n_ultimas_24h": 0,
        "frp_total_mw": 2.2,
        "frp_max_mw": 2.2,
        "edad_min_h": 25.4,
        "ultima_deteccion_utc": "2026-09-21 13:46:00",
        "sensores": "VIIRS_NOAA20_NRT",
        "satellites": "N20",
        "instruments": "VIIRS",
        "popup_label": "<strong>ALERT-20260922-115<\/strong><br>Nivel: informativa<br>Focos: 1<br>Últimas 6 h: 0<br>FRP total: 2.2 MW<br>Última detección UTC: 2026-09-21 13:46:00"
      }
    },
    {
      "type": "Feature",
      "geometry": {
        "type": "Point",
        "coordinates": [3.2526, 36.2276]
      },
      "properties": {
        "cluster_id": "ALERT-20260922-116",
        "alerta_operativa": "informativa",
        "score": 3.3,
        "n_focos": 1,
        "n_ultimas_6h": 0,
        "n_ultimas_24h": 0,
        "frp_total_mw": 2.2,
        "frp_max_mw": 2.2,
        "edad_min_h": 27,
        "ultima_deteccion_utc": "2026-09-21 12:06:00",
        "sensores": "VIIRS_NOAA20_NRT",
        "satellites": "N20",
        "instruments": "VIIRS",
        "popup_label": "<strong>ALERT-20260922-116<\/strong><br>Nivel: informativa<br>Focos: 1<br>Últimas 6 h: 0<br>FRP total: 2.2 MW<br>Última detección UTC: 2026-09-21 12:06:00"
      }
    },
    {
      "type": "Feature",
      "geometry": {
        "type": "Point",
        "coordinates": [-8.4506, 42.4318]
      },
      "properties": {
        "cluster_id": "ALERT-20260922-117",
        "alerta_operativa": "informativa",
        "score": 3.2,
        "n_focos": 1,
        "n_ultimas_6h": 0,
        "n_ultimas_24h": 0,
        "frp_total_mw": 2,
        "frp_max_mw": 2,
        "edad_min_h": 36.7,
        "ultima_deteccion_utc": "2026-09-21 02:24:00",
        "sensores": "VIIRS_NOAA20_NRT",
        "satellites": "N20",
        "instruments": "VIIRS",
        "popup_label": "<strong>ALERT-20260922-117<\/strong><br>Nivel: informativa<br>Focos: 1<br>Últimas 6 h: 0<br>FRP total: 2 MW<br>Última detección UTC: 2026-09-21 02:24:00"
      }
    },
    {
      "type": "Feature",
      "geometry": {
        "type": "Point",
        "coordinates": [-5.6037, 37.1224]
      },
      "properties": {
        "cluster_id": "ALERT-20260922-118",
        "alerta_operativa": "informativa",
        "score": 3.1,
        "n_focos": 1,
        "n_ultimas_6h": 0,
        "n_ultimas_24h": 0,
        "frp_total_mw": 1.8,
        "frp_max_mw": 1.8,
        "edad_min_h": 25.7,
        "ultima_deteccion_utc": "2026-09-21 13:27:00",
        "sensores": "VIIRS_SNPP_NRT",
        "satellites": "N",
        "instruments": "VIIRS",
        "popup_label": "<strong>ALERT-20260922-118<\/strong><br>Nivel: informativa<br>Focos: 1<br>Últimas 6 h: 0<br>FRP total: 1.8 MW<br>Última detección UTC: 2026-09-21 13:27:00"
      }
    },
    {
      "type": "Feature",
      "geometry": {
        "type": "Point",
        "coordinates": [-3.2382, 33.9794]
      },
      "properties": {
        "cluster_id": "ALERT-20260922-119",
        "alerta_operativa": "informativa",
        "score": 3.1,
        "n_focos": 1,
        "n_ultimas_6h": 0,
        "n_ultimas_24h": 0,
        "frp_total_mw": 1.8,
        "frp_max_mw": 1.8,
        "edad_min_h": 25.7,
        "ultima_deteccion_utc": "2026-09-21 13:25:00",
        "sensores": "VIIRS_SNPP_NRT",
        "satellites": "N",
        "instruments": "VIIRS",
        "popup_label": "<strong>ALERT-20260922-119<\/strong><br>Nivel: informativa<br>Focos: 1<br>Últimas 6 h: 0<br>FRP total: 1.8 MW<br>Última detección UTC: 2026-09-21 13:25:00"
      }
    },
    {
      "type": "Feature",
      "geometry": {
        "type": "Point",
        "coordinates": [-7.4585, 39.6238]
      },
      "properties": {
        "cluster_id": "ALERT-20260922-120",
        "alerta_operativa": "informativa",
        "score": 2.8,
        "n_focos": 1,
        "n_ultimas_6h": 0,
        "n_ultimas_24h": 0,
        "frp_total_mw": 1.4,
        "frp_max_mw": 1.4,
        "edad_min_h": 25.7,
        "ultima_deteccion_utc": "2026-09-21 13:27:00",
        "sensores": "VIIRS_SNPP_NRT",
        "satellites": "N",
        "instruments": "VIIRS",
        "popup_label": "<strong>ALERT-20260922-120<\/strong><br>Nivel: informativa<br>Focos: 1<br>Últimas 6 h: 0<br>FRP total: 1.4 MW<br>Última detección UTC: 2026-09-21 13:27:00"
      }
    },
    {
      "type": "Feature",
      "geometry": {
        "type": "Point",
        "coordinates": [-7.0086, 33.8622]
      },
      "properties": {
        "cluster_id": "ALERT-20260922-121",
        "alerta_operativa": "informativa",
        "score": 2.8,
        "n_focos": 1,
        "n_ultimas_6h": 0,
        "n_ultimas_24h": 0,
        "frp_total_mw": 1.4,
        "frp_max_mw": 1.4,
        "edad_min_h": 25.4,
        "ultima_deteccion_utc": "2026-09-21 13:46:00",
        "sensores": "VIIRS_NOAA20_NRT",
        "satellites": "N20",
        "instruments": "VIIRS",
        "popup_label": "<strong>ALERT-20260922-121<\/strong><br>Nivel: informativa<br>Focos: 1<br>Últimas 6 h: 0<br>FRP total: 1.4 MW<br>Última detección UTC: 2026-09-21 13:46:00"
      }
    },
    {
      "type": "Feature",
      "geometry": {
        "type": "Point",
        "coordinates": [-0.0035, 39.9514]
      },
      "properties": {
        "cluster_id": "ALERT-20260922-122",
        "alerta_operativa": "informativa",
        "score": 2.7,
        "n_focos": 1,
        "n_ultimas_6h": 0,
        "n_ultimas_24h": 0,
        "frp_total_mw": 1.3,
        "frp_max_mw": 1.3,
        "edad_min_h": 37,
        "ultima_deteccion_utc": "2026-09-21 02:06:00",
        "sensores": "VIIRS_SNPP_NRT",
        "satellites": "N",
        "instruments": "VIIRS",
        "popup_label": "<strong>ALERT-20260922-122<\/strong><br>Nivel: informativa<br>Focos: 1<br>Últimas 6 h: 0<br>FRP total: 1.3 MW<br>Última detección UTC: 2026-09-21 02:06:00"
      }
    },
    {
      "type": "Feature",
      "geometry": {
        "type": "Point",
        "coordinates": [-7.7489, 33.3671]
      },
      "properties": {
        "cluster_id": "ALERT-20260922-123",
        "alerta_operativa": "informativa",
        "score": 2.6,
        "n_focos": 1,
        "n_ultimas_6h": 0,
        "n_ultimas_24h": 0,
        "frp_total_mw": 1.2,
        "frp_max_mw": 1.2,
        "edad_min_h": 36.7,
        "ultima_deteccion_utc": "2026-09-21 02:28:00",
        "sensores": "VIIRS_NOAA20_NRT",
        "satellites": "N20",
        "instruments": "VIIRS",
        "popup_label": "<strong>ALERT-20260922-123<\/strong><br>Nivel: informativa<br>Focos: 1<br>Últimas 6 h: 0<br>FRP total: 1.2 MW<br>Última detección UTC: 2026-09-21 02:28:00"
      }
    },
    {
      "type": "Feature",
      "geometry": {
        "type": "Point",
        "coordinates": [4.4774, 44.1341]
      },
      "properties": {
        "cluster_id": "ALERT-20260922-124",
        "alerta_operativa": "informativa",
        "score": 2.6,
        "n_focos": 1,
        "n_ultimas_6h": 0,
        "n_ultimas_24h": 0,
        "frp_total_mw": 1.2,
        "frp_max_mw": 1.2,
        "edad_min_h": 36.7,
        "ultima_deteccion_utc": "2026-09-21 02:24:00",
        "sensores": "VIIRS_NOAA20_NRT",
        "satellites": "N20",
        "instruments": "VIIRS",
        "popup_label": "<strong>ALERT-20260922-124<\/strong><br>Nivel: informativa<br>Focos: 1<br>Últimas 6 h: 0<br>FRP total: 1.2 MW<br>Última detección UTC: 2026-09-21 02:24:00"
      }
    },
    {
      "type": "Feature",
      "geometry": {
        "type": "Point",
        "coordinates": [-8.5908, 33.1667]
      },
      "properties": {
        "cluster_id": "ALERT-20260922-125",
        "alerta_operativa": "informativa",
        "score": 2.1,
        "n_focos": 1,
        "n_ultimas_6h": 0,
        "n_ultimas_24h": 0,
        "frp_total_mw": 0.7,
        "frp_max_mw": 0.7,
        "edad_min_h": 37,
        "ultima_deteccion_utc": "2026-09-21 02:09:00",
        "sensores": "VIIRS_SNPP_NRT",
        "satellites": "N",
        "instruments": "VIIRS",
        "popup_label": "<strong>ALERT-20260922-125<\/strong><br>Nivel: informativa<br>Focos: 1<br>Últimas 6 h: 0<br>FRP total: 0.7 MW<br>Última detección UTC: 2026-09-21 02:09:00"
      }
    },
    {
      "type": "Feature",
      "geometry": {
        "type": "Point",
        "coordinates": [-6.1371, 32.569]
      },
      "properties": {
        "cluster_id": "ALERT-20260922-126",
        "alerta_operativa": "informativa",
        "score": 2.1,
        "n_focos": 1,
        "n_ultimas_6h": 0,
        "n_ultimas_24h": 0,
        "frp_total_mw": 0.7,
        "frp_max_mw": 0.7,
        "edad_min_h": 36.7,
        "ultima_deteccion_utc": "2026-09-21 02:28:00",
        "sensores": "VIIRS_NOAA20_NRT",
        "satellites": "N20",
        "instruments": "VIIRS",
        "popup_label": "<strong>ALERT-20260922-126<\/strong><br>Nivel: informativa<br>Focos: 1<br>Últimas 6 h: 0<br>FRP total: 0.7 MW<br>Última detección UTC: 2026-09-21 02:28:00"
      }
    },
    {
      "type": "Feature",
      "geometry": {
        "type": "Point",
        "coordinates": [0.5416, 35.7837]
      },
      "properties": {
        "cluster_id": "ALERT-20260922-127",
        "alerta_operativa": "informativa",
        "score": 1.9,
        "n_focos": 1,
        "n_ultimas_6h": 0,
        "n_ultimas_24h": 0,
        "frp_total_mw": 0.6,
        "frp_max_mw": 0.6,
        "edad_min_h": 37,
        "ultima_deteccion_utc": "2026-09-21 02:06:00",
        "sensores": "VIIRS_SNPP_NRT",
        "satellites": "N",
        "instruments": "VIIRS",
        "popup_label": "<strong>ALERT-20260922-127<\/strong><br>Nivel: informativa<br>Focos: 1<br>Últimas 6 h: 0<br>FRP total: 0.6 MW<br>Última detección UTC: 2026-09-21 02:06:00"
      }
    },
    {
      "type": "Feature",
      "geometry": {
        "type": "Point",
        "coordinates": [-0.2476, 39.6633]
      },
      "properties": {
        "cluster_id": "ALERT-20260922-128",
        "alerta_operativa": "informativa",
        "score": 1.9,
        "n_focos": 1,
        "n_ultimas_6h": 0,
        "n_ultimas_24h": 0,
        "frp_total_mw": 0.6,
        "frp_max_mw": 0.6,
        "edad_min_h": 37,
        "ultima_deteccion_utc": "2026-09-21 02:06:00",
        "sensores": "VIIRS_SNPP_NRT",
        "satellites": "N",
        "instruments": "VIIRS",
        "popup_label": "<strong>ALERT-20260922-128<\/strong><br>Nivel: informativa<br>Focos: 1<br>Últimas 6 h: 0<br>FRP total: 0.6 MW<br>Última detección UTC: 2026-09-21 02:06:00"
      }
    },
    {
      "type": "Feature",
      "geometry": {
        "type": "Point",
        "coordinates": [-8.9375, 38.5033]
      },
      "properties": {
        "cluster_id": "ALERT-20260922-129",
        "alerta_operativa": "informativa",
        "score": 1.9,
        "n_focos": 1,
        "n_ultimas_6h": 0,
        "n_ultimas_24h": 0,
        "frp_total_mw": 0.6,
        "frp_max_mw": 0.6,
        "edad_min_h": 36.7,
        "ultima_deteccion_utc": "2026-09-21 02:26:00",
        "sensores": "VIIRS_NOAA20_NRT",
        "satellites": "N20",
        "instruments": "VIIRS",
        "popup_label": "<strong>ALERT-20260922-129<\/strong><br>Nivel: informativa<br>Focos: 1<br>Últimas 6 h: 0<br>FRP total: 0.6 MW<br>Última detección UTC: 2026-09-21 02:26:00"
      }
    },
    {
      "type": "Feature",
      "geometry": {
        "type": "Point",
        "coordinates": [-9.1535, 30.222]
      },
      "properties": {
        "cluster_id": "ALERT-20260922-130",
        "alerta_operativa": "informativa",
        "score": 1.8,
        "n_focos": 1,
        "n_ultimas_6h": 0,
        "n_ultimas_24h": 0,
        "frp_total_mw": 0.5,
        "frp_max_mw": 0.5,
        "edad_min_h": 36.7,
        "ultima_deteccion_utc": "2026-09-21 02:28:00",
        "sensores": "VIIRS_NOAA20_NRT",
        "satellites": "N20",
        "instruments": "VIIRS",
        "popup_label": "<strong>ALERT-20260922-130<\/strong><br>Nivel: informativa<br>Focos: 1<br>Últimas 6 h: 0<br>FRP total: 0.5 MW<br>Última detección UTC: 2026-09-21 02:28:00"
      }
    },
    {
      "type": "Feature",
      "geometry": {
        "type": "Point",
        "coordinates": [-5.8644, 37.3594]
      },
      "properties": {
        "cluster_id": "ALERT-20260922-131",
        "alerta_operativa": "informativa",
        "score": 1.8,
        "n_focos": 1,
        "n_ultimas_6h": 0,
        "n_ultimas_24h": 0,
        "frp_total_mw": 0.5,
        "frp_max_mw": 0.5,
        "edad_min_h": 36.7,
        "ultima_deteccion_utc": "2026-09-21 02:26:00",
        "sensores": "VIIRS_NOAA20_NRT",
        "satellites": "N20",
        "instruments": "VIIRS",
        "popup_label": "<strong>ALERT-20260922-131<\/strong><br>Nivel: informativa<br>Focos: 1<br>Últimas 6 h: 0<br>FRP total: 0.5 MW<br>Última detección UTC: 2026-09-21 02:26:00"
      }
    },
    {
      "type": "Feature",
      "geometry": {
        "type": "Point",
        "coordinates": [-0.5918, 35.5105]
      },
      "properties": {
        "cluster_id": "ALERT-20260922-132",
        "alerta_operativa": "informativa",
        "score": 1.5,
        "n_focos": 1,
        "n_ultimas_6h": 0,
        "n_ultimas_24h": 0,
        "frp_total_mw": 0.3,
        "frp_max_mw": 0.3,
        "edad_min_h": 37,
        "ultima_deteccion_utc": "2026-09-21 02:06:00",
        "sensores": "VIIRS_SNPP_NRT",
        "satellites": "N",
        "instruments": "VIIRS",
        "popup_label": "<strong>ALERT-20260922-132<\/strong><br>Nivel: informativa<br>Focos: 1<br>Últimas 6 h: 0<br>FRP total: 0.3 MW<br>Última detección UTC: 2026-09-21 02:06:00"
      }
    },
    {
      "type": "Feature",
      "geometry": {
        "type": "Point",
        "coordinates": [0.3169, 41.0878]
      },
      "properties": {
        "cluster_id": "ALERT-20260922-133",
        "alerta_operativa": "informativa",
        "score": 1.5,
        "n_focos": 1,
        "n_ultimas_6h": 0,
        "n_ultimas_24h": 0,
        "frp_total_mw": 0.3,
        "frp_max_mw": 0.3,
        "edad_min_h": 37,
        "ultima_deteccion_utc": "2026-09-21 02:06:00",
        "sensores": "VIIRS_SNPP_NRT",
        "satellites": "N",
        "instruments": "VIIRS",
        "popup_label": "<strong>ALERT-20260922-133<\/strong><br>Nivel: informativa<br>Focos: 1<br>Últimas 6 h: 0<br>FRP total: 0.3 MW<br>Última detección UTC: 2026-09-21 02:06:00"
      }
    }
  ]
}
