{
  "type": "FeatureCollection",
  "features": [
    {
      "type": "Feature",
      "geometry": {
        "type": "Point",
        "coordinates": [-5.7792, 38.9188]
      },
      "properties": {
        "bright_ti4": 367,
        "scan": 0.55,
        "track": 0.68,
        "acq_date": "2026-09-23",
        "acq_time": "1431",
        "satellite": "N",
        "instrument": "VIIRS",
        "confidence": "h",
        "version": "2.0NRT",
        "bright_ti5": 316.56,
        "frp": 16.37,
        "daynight": "D",
        "source_dataset": "VIIRS_SNPP_NRT",
        "acq_datetime_utc": "2026-09-23T14:31:00Z",
        "age_hours": 3.4,
        "confidence_label": "alta",
        "popup_label": "<strong>NASA FIRMS<\/strong><br>Sensor: VIIRS_SNPP_NRT<br>Fecha UTC: 2026-09-23T14:31:00Z<br>Confianza: alta<br>FRP: 16.37 MW"
      }
    },
    {
      "type": "Feature",
      "geometry": {
        "type": "Point",
        "coordinates": [-5.7727, 38.919]
      },
      "properties": {
        "bright_ti4": 336.37,
        "scan": 0.55,
        "track": 0.68,
        "acq_date": "2026-09-23",
        "acq_time": "1431",
        "satellite": "N",
        "instrument": "VIIRS",
        "confidence": "n",
        "version": "2.0NRT",
        "bright_ti5": 309.56,
        "frp": 16.37,
        "daynight": "D",
        "source_dataset": "VIIRS_SNPP_NRT",
        "acq_datetime_utc": "2026-09-23T14:31:00Z",
        "age_hours": 3.4,
        "confidence_label": "nominal",
        "popup_label": "<strong>NASA FIRMS<\/strong><br>Sensor: VIIRS_SNPP_NRT<br>Fecha UTC: 2026-09-23T14:31:00Z<br>Confianza: nominal<br>FRP: 16.37 MW"
      }
    },
    {
      "type": "Feature",
      "geometry": {
        "type": "Point",
        "coordinates": [-5.7792, 38.9252]
      },
      "properties": {
        "bright_ti4": 340.84,
        "scan": 0.55,
        "track": 0.68,
        "acq_date": "2026-09-23",
        "acq_time": "1431",
        "satellite": "N",
        "instrument": "VIIRS",
        "confidence": "n",
        "version": "2.0NRT",
        "bright_ti5": 312.56,
        "frp": 6.81,
        "daynight": "D",
        "source_dataset": "VIIRS_SNPP_NRT",
        "acq_datetime_utc": "2026-09-23T14:31:00Z",
        "age_hours": 3.4,
        "confidence_label": "nominal",
        "popup_label": "<strong>NASA FIRMS<\/strong><br>Sensor: VIIRS_SNPP_NRT<br>Fecha UTC: 2026-09-23T14:31:00Z<br>Confianza: nominal<br>FRP: 6.81 MW"
      }
    },
    {
      "type": "Feature",
      "geometry": {
        "type": "Point",
        "coordinates": [-5.7921, 38.9376]
      },
      "properties": {
        "bright_ti4": 338.7,
        "scan": 0.55,
        "track": 0.68,
        "acq_date": "2026-09-23",
        "acq_time": "1431",
        "satellite": "N",
        "instrument": "VIIRS",
        "confidence": "l",
        "version": "2.0NRT",
        "bright_ti5": 311.32,
        "frp": 8.27,
        "daynight": "D",
        "source_dataset": "VIIRS_SNPP_NRT",
        "acq_datetime_utc": "2026-09-23T14:31:00Z",
        "age_hours": 3.4,
        "confidence_label": "baja",
        "popup_label": "<strong>NASA FIRMS<\/strong><br>Sensor: VIIRS_SNPP_NRT<br>Fecha UTC: 2026-09-23T14:31:00Z<br>Confianza: baja<br>FRP: 8.27 MW"
      }
    },
    {
      "type": "Feature",
      "geometry": {
        "type": "Point",
        "coordinates": [-5.7917, 38.9389]
      },
      "properties": {
        "bright_ti4": 367,
        "scan": 0.55,
        "track": 0.68,
        "acq_date": "2026-09-23",
        "acq_time": "1431",
        "satellite": "N",
        "instrument": "VIIRS",
        "confidence": "h",
        "version": "2.0NRT",
        "bright_ti5": 312.9,
        "frp": 6.16,
        "daynight": "D",
        "source_dataset": "VIIRS_SNPP_NRT",
        "acq_datetime_utc": "2026-09-23T14:31:00Z",
        "age_hours": 3.4,
        "confidence_label": "alta",
        "popup_label": "<strong>NASA FIRMS<\/strong><br>Sensor: VIIRS_SNPP_NRT<br>Fecha UTC: 2026-09-23T14:31:00Z<br>Confianza: alta<br>FRP: 6.16 MW"
      }
    },
    {
      "type": "Feature",
      "geometry": {
        "type": "Point",
        "coordinates": [-5.7923, 38.944]
      },
      "properties": {
        "bright_ti4": 355.01,
        "scan": 0.55,
        "track": 0.68,
        "acq_date": "2026-09-23",
        "acq_time": "1431",
        "satellite": "N",
        "instrument": "VIIRS",
        "confidence": "n",
        "version": "2.0NRT",
        "bright_ti5": 312.86,
        "frp": 8.27,
        "daynight": "D",
        "source_dataset": "VIIRS_SNPP_NRT",
        "acq_datetime_utc": "2026-09-23T14:31:00Z",
        "age_hours": 3.4,
        "confidence_label": "nominal",
        "popup_label": "<strong>NASA FIRMS<\/strong><br>Sensor: VIIRS_SNPP_NRT<br>Fecha UTC: 2026-09-23T14:31:00Z<br>Confianza: nominal<br>FRP: 8.27 MW"
      }
    },
    {
      "type": "Feature",
      "geometry": {
        "type": "Point",
        "coordinates": [-5.7919, 38.9453]
      },
      "properties": {
        "bright_ti4": 345.37,
        "scan": 0.55,
        "track": 0.68,
        "acq_date": "2026-09-23",
        "acq_time": "1431",
        "satellite": "N",
        "instrument": "VIIRS",
        "confidence": "n",
        "version": "2.0NRT",
        "bright_ti5": 313.05,
        "frp": 6.16,
        "daynight": "D",
        "source_dataset": "VIIRS_SNPP_NRT",
        "acq_datetime_utc": "2026-09-23T14:31:00Z",
        "age_hours": 3.4,
        "confidence_label": "nominal",
        "popup_label": "<strong>NASA FIRMS<\/strong><br>Sensor: VIIRS_SNPP_NRT<br>Fecha UTC: 2026-09-23T14:31:00Z<br>Confianza: nominal<br>FRP: 6.16 MW"
      }
    },
    {
      "type": "Feature",
      "geometry": {
        "type": "Point",
        "coordinates": [-5.7587, 38.9461]
      },
      "properties": {
        "bright_ti4": 341.6,
        "scan": 0.55,
        "track": 0.68,
        "acq_date": "2026-09-23",
        "acq_time": "1431",
        "satellite": "N",
        "instrument": "VIIRS",
        "confidence": "n",
        "version": "2.0NRT",
        "bright_ti5": 311.04,
        "frp": 6.43,
        "daynight": "D",
        "source_dataset": "VIIRS_SNPP_NRT",
        "acq_datetime_utc": "2026-09-23T14:31:00Z",
        "age_hours": 3.4,
        "confidence_label": "nominal",
        "popup_label": "<strong>NASA FIRMS<\/strong><br>Sensor: VIIRS_SNPP_NRT<br>Fecha UTC: 2026-09-23T14:31:00Z<br>Confianza: nominal<br>FRP: 6.43 MW"
      }
    },
    {
      "type": "Feature",
      "geometry": {
        "type": "Point",
        "coordinates": [-5.7592, 38.9514]
      },
      "properties": {
        "bright_ti4": 353.54,
        "scan": 0.55,
        "track": 0.68,
        "acq_date": "2026-09-23",
        "acq_time": "1431",
        "satellite": "N",
        "instrument": "VIIRS",
        "confidence": "n",
        "version": "2.0NRT",
        "bright_ti5": 312.17,
        "frp": 8.6,
        "daynight": "D",
        "source_dataset": "VIIRS_SNPP_NRT",
        "acq_datetime_utc": "2026-09-23T14:31:00Z",
        "age_hours": 3.4,
        "confidence_label": "nominal",
        "popup_label": "<strong>NASA FIRMS<\/strong><br>Sensor: VIIRS_SNPP_NRT<br>Fecha UTC: 2026-09-23T14:31:00Z<br>Confianza: nominal<br>FRP: 8.6 MW"
      }
    },
    {
      "type": "Feature",
      "geometry": {
        "type": "Point",
        "coordinates": [-5.7526, 38.9516]
      },
      "properties": {
        "bright_ti4": 343.86,
        "scan": 0.55,
        "track": 0.68,
        "acq_date": "2026-09-23",
        "acq_time": "1431",
        "satellite": "N",
        "instrument": "VIIRS",
        "confidence": "n",
        "version": "2.0NRT",
        "bright_ti5": 308.94,
        "frp": 9.51,
        "daynight": "D",
        "source_dataset": "VIIRS_SNPP_NRT",
        "acq_datetime_utc": "2026-09-23T14:31:00Z",
        "age_hours": 3.4,
        "confidence_label": "nominal",
        "popup_label": "<strong>NASA FIRMS<\/strong><br>Sensor: VIIRS_SNPP_NRT<br>Fecha UTC: 2026-09-23T14:31:00Z<br>Confianza: nominal<br>FRP: 9.51 MW"
      }
    },
    {
      "type": "Feature",
      "geometry": {
        "type": "Point",
        "coordinates": [-5.7588, 38.9525]
      },
      "properties": {
        "bright_ti4": 352.15,
        "scan": 0.55,
        "track": 0.68,
        "acq_date": "2026-09-23",
        "acq_time": "1431",
        "satellite": "N",
        "instrument": "VIIRS",
        "confidence": "n",
        "version": "2.0NRT",
        "bright_ti5": 310.9,
        "frp": 8.91,
        "daynight": "D",
        "source_dataset": "VIIRS_SNPP_NRT",
        "acq_datetime_utc": "2026-09-23T14:31:00Z",
        "age_hours": 3.4,
        "confidence_label": "nominal",
        "popup_label": "<strong>NASA FIRMS<\/strong><br>Sensor: VIIRS_SNPP_NRT<br>Fecha UTC: 2026-09-23T14:31:00Z<br>Confianza: nominal<br>FRP: 8.91 MW"
      }
    },
    {
      "type": "Feature",
      "geometry": {
        "type": "Point",
        "coordinates": [-8.497, 41.0628]
      },
      "properties": {
        "bright_ti4": 356.22,
        "scan": 0.41,
        "track": 0.6,
        "acq_date": "2026-09-23",
        "acq_time": "1431",
        "satellite": "N",
        "instrument": "VIIRS",
        "confidence": "n",
        "version": "2.0NRT",
        "bright_ti5": 303.06,
        "frp": 11.13,
        "daynight": "D",
        "source_dataset": "VIIRS_SNPP_NRT",
        "acq_datetime_utc": "2026-09-23T14:31:00Z",
        "age_hours": 3.4,
        "confidence_label": "nominal",
        "popup_label": "<strong>NASA FIRMS<\/strong><br>Sensor: VIIRS_SNPP_NRT<br>Fecha UTC: 2026-09-23T14:31:00Z<br>Confianza: nominal<br>FRP: 11.13 MW"
      }
    },
    {
      "type": "Feature",
      "geometry": {
        "type": "Point",
        "coordinates": [-8.4917, 41.0631]
      },
      "properties": {
        "bright_ti4": 351.78,
        "scan": 0.41,
        "track": 0.6,
        "acq_date": "2026-09-23",
        "acq_time": "1431",
        "satellite": "N",
        "instrument": "VIIRS",
        "confidence": "n",
        "version": "2.0NRT",
        "bright_ti5": 300.91,
        "frp": 12.62,
        "daynight": "D",
        "source_dataset": "VIIRS_SNPP_NRT",
        "acq_datetime_utc": "2026-09-23T14:31:00Z",
        "age_hours": 3.4,
        "confidence_label": "nominal",
        "popup_label": "<strong>NASA FIRMS<\/strong><br>Sensor: VIIRS_SNPP_NRT<br>Fecha UTC: 2026-09-23T14:31:00Z<br>Confianza: nominal<br>FRP: 12.62 MW"
      }
    },
    {
      "type": "Feature",
      "geometry": {
        "type": "Point",
        "coordinates": [-8.5034, 41.0795]
      },
      "properties": {
        "bright_ti4": 356.25,
        "scan": 0.41,
        "track": 0.6,
        "acq_date": "2026-09-23",
        "acq_time": "1431",
        "satellite": "N",
        "instrument": "VIIRS",
        "confidence": "n",
        "version": "2.0NRT",
        "bright_ti5": 304.71,
        "frp": 8.96,
        "daynight": "D",
        "source_dataset": "VIIRS_SNPP_NRT",
        "acq_datetime_utc": "2026-09-23T14:31:00Z",
        "age_hours": 3.4,
        "confidence_label": "nominal",
        "popup_label": "<strong>NASA FIRMS<\/strong><br>Sensor: VIIRS_SNPP_NRT<br>Fecha UTC: 2026-09-23T14:31:00Z<br>Confianza: nominal<br>FRP: 8.96 MW"
      }
    },
    {
      "type": "Feature",
      "geometry": {
        "type": "Point",
        "coordinates": [-8.4985, 41.0798]
      },
      "properties": {
        "bright_ti4": 336.89,
        "scan": 0.41,
        "track": 0.6,
        "acq_date": "2026-09-23",
        "acq_time": "1431",
        "satellite": "N",
        "instrument": "VIIRS",
        "confidence": "n",
        "version": "2.0NRT",
        "bright_ti5": 302.88,
        "frp": 8.96,
        "daynight": "D",
        "source_dataset": "VIIRS_SNPP_NRT",
        "acq_datetime_utc": "2026-09-23T14:31:00Z",
        "age_hours": 3.4,
        "confidence_label": "nominal",
        "popup_label": "<strong>NASA FIRMS<\/strong><br>Sensor: VIIRS_SNPP_NRT<br>Fecha UTC: 2026-09-23T14:31:00Z<br>Confianza: nominal<br>FRP: 8.96 MW"
      }
    },
    {
      "type": "Feature",
      "geometry": {
        "type": "Point",
        "coordinates": [-8.1415, 41.0947]
      },
      "properties": {
        "bright_ti4": 350.86,
        "scan": 0.43,
        "track": 0.62,
        "acq_date": "2026-09-23",
        "acq_time": "1431",
        "satellite": "N",
        "instrument": "VIIRS",
        "confidence": "n",
        "version": "2.0NRT",
        "bright_ti5": 307.49,
        "frp": 8.01,
        "daynight": "D",
        "source_dataset": "VIIRS_SNPP_NRT",
        "acq_datetime_utc": "2026-09-23T14:31:00Z",
        "age_hours": 3.4,
        "confidence_label": "nominal",
        "popup_label": "<strong>NASA FIRMS<\/strong><br>Sensor: VIIRS_SNPP_NRT<br>Fecha UTC: 2026-09-23T14:31:00Z<br>Confianza: nominal<br>FRP: 8.01 MW"
      }
    },
    {
      "type": "Feature",
      "geometry": {
        "type": "Point",
        "coordinates": [-5.3335, 43.2185]
      },
      "properties": {
        "bright_ti4": 335.69,
        "scan": 0.61,
        "track": 0.71,
        "acq_date": "2026-09-23",
        "acq_time": "1431",
        "satellite": "N",
        "instrument": "VIIRS",
        "confidence": "n",
        "version": "2.0NRT",
        "bright_ti5": 300.69,
        "frp": 10.19,
        "daynight": "D",
        "source_dataset": "VIIRS_SNPP_NRT",
        "acq_datetime_utc": "2026-09-23T14:31:00Z",
        "age_hours": 3.4,
        "confidence_label": "nominal",
        "popup_label": "<strong>NASA FIRMS<\/strong><br>Sensor: VIIRS_SNPP_NRT<br>Fecha UTC: 2026-09-23T14:31:00Z<br>Confianza: nominal<br>FRP: 10.19 MW"
      }
    },
    {
      "type": "Feature",
      "geometry": {
        "type": "Point",
        "coordinates": [-5.3336, 43.2214]
      },
      "properties": {
        "bright_ti4": 341.51,
        "scan": 0.61,
        "track": 0.71,
        "acq_date": "2026-09-23",
        "acq_time": "1431",
        "satellite": "N",
        "instrument": "VIIRS",
        "confidence": "n",
        "version": "2.0NRT",
        "bright_ti5": 300.12,
        "frp": 9.19,
        "daynight": "D",
        "source_dataset": "VIIRS_SNPP_NRT",
        "acq_datetime_utc": "2026-09-23T14:31:00Z",
        "age_hours": 3.4,
        "confidence_label": "nominal",
        "popup_label": "<strong>NASA FIRMS<\/strong><br>Sensor: VIIRS_SNPP_NRT<br>Fecha UTC: 2026-09-23T14:31:00Z<br>Confianza: nominal<br>FRP: 9.19 MW"
      }
    },
    {
      "type": "Feature",
      "geometry": {
        "type": "Point",
        "coordinates": [-5.3281, 43.2215]
      },
      "properties": {
        "bright_ti4": 334.26,
        "scan": 0.61,
        "track": 0.71,
        "acq_date": "2026-09-23",
        "acq_time": "1431",
        "satellite": "N",
        "instrument": "VIIRS",
        "confidence": "n",
        "version": "2.0NRT",
        "bright_ti5": 300.18,
        "frp": 12.51,
        "daynight": "D",
        "source_dataset": "VIIRS_SNPP_NRT",
        "acq_datetime_utc": "2026-09-23T14:31:00Z",
        "age_hours": 3.4,
        "confidence_label": "nominal",
        "popup_label": "<strong>NASA FIRMS<\/strong><br>Sensor: VIIRS_SNPP_NRT<br>Fecha UTC: 2026-09-23T14:31:00Z<br>Confianza: nominal<br>FRP: 12.51 MW"
      }
    },
    {
      "type": "Feature",
      "geometry": {
        "type": "Point",
        "coordinates": [-5.63, 34.7499]
      },
      "properties": {
        "bright_ti4": 353.82,
        "scan": 0.52,
        "track": 0.67,
        "acq_date": "2026-09-23",
        "acq_time": "1429",
        "satellite": "N",
        "instrument": "VIIRS",
        "confidence": "n",
        "version": "2.0NRT",
        "bright_ti5": 308.87,
        "frp": 9.56,
        "daynight": "D",
        "source_dataset": "VIIRS_SNPP_NRT",
        "acq_datetime_utc": "2026-09-23T14:29:00Z",
        "age_hours": 3.4,
        "confidence_label": "nominal",
        "popup_label": "<strong>NASA FIRMS<\/strong><br>Sensor: VIIRS_SNPP_NRT<br>Fecha UTC: 2026-09-23T14:29:00Z<br>Confianza: nominal<br>FRP: 9.56 MW"
      }
    },
    {
      "type": "Feature",
      "geometry": {
        "type": "Point",
        "coordinates": [-5.6241, 34.7501]
      },
      "properties": {
        "bright_ti4": 367,
        "scan": 0.52,
        "track": 0.67,
        "acq_date": "2026-09-23",
        "acq_time": "1429",
        "satellite": "N",
        "instrument": "VIIRS",
        "confidence": "h",
        "version": "2.0NRT",
        "bright_ti5": 310.13,
        "frp": 9.56,
        "daynight": "D",
        "source_dataset": "VIIRS_SNPP_NRT",
        "acq_datetime_utc": "2026-09-23T14:29:00Z",
        "age_hours": 3.4,
        "confidence_label": "alta",
        "popup_label": "<strong>NASA FIRMS<\/strong><br>Sensor: VIIRS_SNPP_NRT<br>Fecha UTC: 2026-09-23T14:29:00Z<br>Confianza: alta<br>FRP: 9.56 MW"
      }
    },
    {
      "type": "Feature",
      "geometry": {
        "type": "Point",
        "coordinates": [-5.6183, 34.7504]
      },
      "properties": {
        "bright_ti4": 347.94,
        "scan": 0.52,
        "track": 0.67,
        "acq_date": "2026-09-23",
        "acq_time": "1429",
        "satellite": "N",
        "instrument": "VIIRS",
        "confidence": "n",
        "version": "2.0NRT",
        "bright_ti5": 305.55,
        "frp": 14.37,
        "daynight": "D",
        "source_dataset": "VIIRS_SNPP_NRT",
        "acq_datetime_utc": "2026-09-23T14:29:00Z",
        "age_hours": 3.4,
        "confidence_label": "nominal",
        "popup_label": "<strong>NASA FIRMS<\/strong><br>Sensor: VIIRS_SNPP_NRT<br>Fecha UTC: 2026-09-23T14:29:00Z<br>Confianza: nominal<br>FRP: 14.37 MW"
      }
    },
    {
      "type": "Feature",
      "geometry": {
        "type": "Point",
        "coordinates": [-5.6246, 34.7564]
      },
      "properties": {
        "bright_ti4": 336.63,
        "scan": 0.52,
        "track": 0.67,
        "acq_date": "2026-09-23",
        "acq_time": "1429",
        "satellite": "N",
        "instrument": "VIIRS",
        "confidence": "n",
        "version": "2.0NRT",
        "bright_ti5": 305.72,
        "frp": 9.56,
        "daynight": "D",
        "source_dataset": "VIIRS_SNPP_NRT",
        "acq_datetime_utc": "2026-09-23T14:29:00Z",
        "age_hours": 3.4,
        "confidence_label": "nominal",
        "popup_label": "<strong>NASA FIRMS<\/strong><br>Sensor: VIIRS_SNPP_NRT<br>Fecha UTC: 2026-09-23T14:29:00Z<br>Confianza: nominal<br>FRP: 9.56 MW"
      }
    },
    {
      "type": "Feature",
      "geometry": {
        "type": "Point",
        "coordinates": [-8.298, 37.5486]
      },
      "properties": {
        "bright_ti4": 367,
        "scan": 0.39,
        "track": 0.59,
        "acq_date": "2026-09-23",
        "acq_time": "1429",
        "satellite": "N",
        "instrument": "VIIRS",
        "confidence": "h",
        "version": "2.0NRT",
        "bright_ti5": 311.8,
        "frp": 11.78,
        "daynight": "D",
        "source_dataset": "VIIRS_SNPP_NRT",
        "acq_datetime_utc": "2026-09-23T14:29:00Z",
        "age_hours": 3.4,
        "confidence_label": "alta",
        "popup_label": "<strong>NASA FIRMS<\/strong><br>Sensor: VIIRS_SNPP_NRT<br>Fecha UTC: 2026-09-23T14:29:00Z<br>Confianza: alta<br>FRP: 11.78 MW"
      }
    },
    {
      "type": "Feature",
      "geometry": {
        "type": "Point",
        "coordinates": [-8.2936, 37.5488]
      },
      "properties": {
        "bright_ti4": 337.33,
        "scan": 0.39,
        "track": 0.59,
        "acq_date": "2026-09-23",
        "acq_time": "1429",
        "satellite": "N",
        "instrument": "VIIRS",
        "confidence": "n",
        "version": "2.0NRT",
        "bright_ti5": 306.92,
        "frp": 9.62,
        "daynight": "D",
        "source_dataset": "VIIRS_SNPP_NRT",
        "acq_datetime_utc": "2026-09-23T14:29:00Z",
        "age_hours": 3.4,
        "confidence_label": "nominal",
        "popup_label": "<strong>NASA FIRMS<\/strong><br>Sensor: VIIRS_SNPP_NRT<br>Fecha UTC: 2026-09-23T14:29:00Z<br>Confianza: nominal<br>FRP: 9.62 MW"
      }
    },
    {
      "type": "Feature",
      "geometry": {
        "type": "Point",
        "coordinates": [-8.2984, 37.5541]
      },
      "properties": {
        "bright_ti4": 353.45,
        "scan": 0.39,
        "track": 0.59,
        "acq_date": "2026-09-23",
        "acq_time": "1429",
        "satellite": "N",
        "instrument": "VIIRS",
        "confidence": "n",
        "version": "2.0NRT",
        "bright_ti5": 307.99,
        "frp": 8.66,
        "daynight": "D",
        "source_dataset": "VIIRS_SNPP_NRT",
        "acq_datetime_utc": "2026-09-23T14:29:00Z",
        "age_hours": 3.4,
        "confidence_label": "nominal",
        "popup_label": "<strong>NASA FIRMS<\/strong><br>Sensor: VIIRS_SNPP_NRT<br>Fecha UTC: 2026-09-23T14:29:00Z<br>Confianza: nominal<br>FRP: 8.66 MW"
      }
    },
    {
      "type": "Feature",
      "geometry": {
        "type": "Point",
        "coordinates": [-8.2939, 37.5544]
      },
      "properties": {
        "bright_ti4": 367,
        "scan": 0.39,
        "track": 0.59,
        "acq_date": "2026-09-23",
        "acq_time": "1429",
        "satellite": "N",
        "instrument": "VIIRS",
        "confidence": "h",
        "version": "2.0NRT",
        "bright_ti5": 309.43,
        "frp": 12.51,
        "daynight": "D",
        "source_dataset": "VIIRS_SNPP_NRT",
        "acq_datetime_utc": "2026-09-23T14:29:00Z",
        "age_hours": 3.4,
        "confidence_label": "alta",
        "popup_label": "<strong>NASA FIRMS<\/strong><br>Sensor: VIIRS_SNPP_NRT<br>Fecha UTC: 2026-09-23T14:29:00Z<br>Confianza: alta<br>FRP: 12.51 MW"
      }
    },
    {
      "type": "Feature",
      "geometry": {
        "type": "Point",
        "coordinates": [-9.448, 30.0703]
      },
      "properties": {
        "bright_ti4": 345.98,
        "scan": 0.56,
        "track": 0.52,
        "acq_date": "2026-09-23",
        "acq_time": "1427",
        "satellite": "N",
        "instrument": "VIIRS",
        "confidence": "n",
        "version": "2.0NRT",
        "bright_ti5": 312.48,
        "frp": 4.38,
        "daynight": "D",
        "source_dataset": "VIIRS_SNPP_NRT",
        "acq_datetime_utc": "2026-09-23T14:27:00Z",
        "age_hours": 3.4,
        "confidence_label": "nominal",
        "popup_label": "<strong>NASA FIRMS<\/strong><br>Sensor: VIIRS_SNPP_NRT<br>Fecha UTC: 2026-09-23T14:27:00Z<br>Confianza: nominal<br>FRP: 4.38 MW"
      }
    },
    {
      "type": "Feature",
      "geometry": {
        "type": "Point",
        "coordinates": [-8.1449, 41.0943]
      },
      "properties": {
        "bright_ti4": 344.79,
        "scan": 0.36,
        "track": 0.57,
        "acq_date": "2026-09-23",
        "acq_time": "1253",
        "satellite": "N",
        "instrument": "VIIRS",
        "confidence": "n",
        "version": "2.0NRT",
        "bright_ti5": 303.26,
        "frp": 6.83,
        "daynight": "D",
        "source_dataset": "VIIRS_SNPP_NRT",
        "acq_datetime_utc": "2026-09-23T12:53:00Z",
        "age_hours": 5,
        "confidence_label": "nominal",
        "popup_label": "<strong>NASA FIRMS<\/strong><br>Sensor: VIIRS_SNPP_NRT<br>Fecha UTC: 2026-09-23T12:53:00Z<br>Confianza: nominal<br>FRP: 6.83 MW"
      }
    },
    {
      "type": "Feature",
      "geometry": {
        "type": "Point",
        "coordinates": [-8.1398, 41.0956]
      },
      "properties": {
        "bright_ti4": 367,
        "scan": 0.36,
        "track": 0.57,
        "acq_date": "2026-09-23",
        "acq_time": "1253",
        "satellite": "N",
        "instrument": "VIIRS",
        "confidence": "h",
        "version": "2.0NRT",
        "bright_ti5": 306.52,
        "frp": 6.83,
        "daynight": "D",
        "source_dataset": "VIIRS_SNPP_NRT",
        "acq_datetime_utc": "2026-09-23T12:53:00Z",
        "age_hours": 5,
        "confidence_label": "alta",
        "popup_label": "<strong>NASA FIRMS<\/strong><br>Sensor: VIIRS_SNPP_NRT<br>Fecha UTC: 2026-09-23T12:53:00Z<br>Confianza: alta<br>FRP: 6.83 MW"
      }
    },
    {
      "type": "Feature",
      "geometry": {
        "type": "Point",
        "coordinates": [-8.1355, 41.0968]
      },
      "properties": {
        "bright_ti4": 334.81,
        "scan": 0.35,
        "track": 0.57,
        "acq_date": "2026-09-23",
        "acq_time": "1253",
        "satellite": "N",
        "instrument": "VIIRS",
        "confidence": "n",
        "version": "2.0NRT",
        "bright_ti5": 304.16,
        "frp": 6.98,
        "daynight": "D",
        "source_dataset": "VIIRS_SNPP_NRT",
        "acq_datetime_utc": "2026-09-23T12:53:00Z",
        "age_hours": 5,
        "confidence_label": "nominal",
        "popup_label": "<strong>NASA FIRMS<\/strong><br>Sensor: VIIRS_SNPP_NRT<br>Fecha UTC: 2026-09-23T12:53:00Z<br>Confianza: nominal<br>FRP: 6.98 MW"
      }
    },
    {
      "type": "Feature",
      "geometry": {
        "type": "Point",
        "coordinates": [-5.2593, 41.9014]
      },
      "properties": {
        "bright_ti4": 343.2,
        "scan": 0.49,
        "track": 0.49,
        "acq_date": "2026-09-23",
        "acq_time": "1253",
        "satellite": "N",
        "instrument": "VIIRS",
        "confidence": "n",
        "version": "2.0NRT",
        "bright_ti5": 311.96,
        "frp": 3.53,
        "daynight": "D",
        "source_dataset": "VIIRS_SNPP_NRT",
        "acq_datetime_utc": "2026-09-23T12:53:00Z",
        "age_hours": 5,
        "confidence_label": "nominal",
        "popup_label": "<strong>NASA FIRMS<\/strong><br>Sensor: VIIRS_SNPP_NRT<br>Fecha UTC: 2026-09-23T12:53:00Z<br>Confianza: nominal<br>FRP: 3.53 MW"
      }
    },
    {
      "type": "Feature",
      "geometry": {
        "type": "Point",
        "coordinates": [-4.5728, 42.0403]
      },
      "properties": {
        "bright_ti4": 341.6,
        "scan": 0.45,
        "track": 0.47,
        "acq_date": "2026-09-23",
        "acq_time": "1253",
        "satellite": "N",
        "instrument": "VIIRS",
        "confidence": "n",
        "version": "2.0NRT",
        "bright_ti5": 308.88,
        "frp": 3.66,
        "daynight": "D",
        "source_dataset": "VIIRS_SNPP_NRT",
        "acq_datetime_utc": "2026-09-23T12:53:00Z",
        "age_hours": 5,
        "confidence_label": "nominal",
        "popup_label": "<strong>NASA FIRMS<\/strong><br>Sensor: VIIRS_SNPP_NRT<br>Fecha UTC: 2026-09-23T12:53:00Z<br>Confianza: nominal<br>FRP: 3.66 MW"
      }
    },
    {
      "type": "Feature",
      "geometry": {
        "type": "Point",
        "coordinates": [0.5077, 43.1677]
      },
      "properties": {
        "bright_ti4": 347.18,
        "scan": 0.42,
        "track": 0.37,
        "acq_date": "2026-09-23",
        "acq_time": "1253",
        "satellite": "N",
        "instrument": "VIIRS",
        "confidence": "n",
        "version": "2.0NRT",
        "bright_ti5": 303.78,
        "frp": 6.11,
        "daynight": "D",
        "source_dataset": "VIIRS_SNPP_NRT",
        "acq_datetime_utc": "2026-09-23T12:53:00Z",
        "age_hours": 5,
        "confidence_label": "nominal",
        "popup_label": "<strong>NASA FIRMS<\/strong><br>Sensor: VIIRS_SNPP_NRT<br>Fecha UTC: 2026-09-23T12:53:00Z<br>Confianza: nominal<br>FRP: 6.11 MW"
      }
    },
    {
      "type": "Feature",
      "geometry": {
        "type": "Point",
        "coordinates": [1.9482, 43.1832]
      },
      "properties": {
        "bright_ti4": 338.44,
        "scan": 0.39,
        "track": 0.36,
        "acq_date": "2026-09-23",
        "acq_time": "1253",
        "satellite": "N",
        "instrument": "VIIRS",
        "confidence": "n",
        "version": "2.0NRT",
        "bright_ti5": 306.65,
        "frp": 2,
        "daynight": "D",
        "source_dataset": "VIIRS_SNPP_NRT",
        "acq_datetime_utc": "2026-09-23T12:53:00Z",
        "age_hours": 5,
        "confidence_label": "nominal",
        "popup_label": "<strong>NASA FIRMS<\/strong><br>Sensor: VIIRS_SNPP_NRT<br>Fecha UTC: 2026-09-23T12:53:00Z<br>Confianza: nominal<br>FRP: 2 MW"
      }
    },
    {
      "type": "Feature",
      "geometry": {
        "type": "Point",
        "coordinates": [2.0288, 43.2507]
      },
      "properties": {
        "bright_ti4": 338.91,
        "scan": 0.39,
        "track": 0.36,
        "acq_date": "2026-09-23",
        "acq_time": "1253",
        "satellite": "N",
        "instrument": "VIIRS",
        "confidence": "l",
        "version": "2.0NRT",
        "bright_ti5": 309.32,
        "frp": 1.54,
        "daynight": "D",
        "source_dataset": "VIIRS_SNPP_NRT",
        "acq_datetime_utc": "2026-09-23T12:53:00Z",
        "age_hours": 5,
        "confidence_label": "baja",
        "popup_label": "<strong>NASA FIRMS<\/strong><br>Sensor: VIIRS_SNPP_NRT<br>Fecha UTC: 2026-09-23T12:53:00Z<br>Confianza: baja<br>FRP: 1.54 MW"
      }
    },
    {
      "type": "Feature",
      "geometry": {
        "type": "Point",
        "coordinates": [-2.0212, 43.2732]
      },
      "properties": {
        "bright_ti4": 336.43,
        "scan": 0.5,
        "track": 0.41,
        "acq_date": "2026-09-23",
        "acq_time": "1253",
        "satellite": "N",
        "instrument": "VIIRS",
        "confidence": "n",
        "version": "2.0NRT",
        "bright_ti5": 300.16,
        "frp": 3.02,
        "daynight": "D",
        "source_dataset": "VIIRS_SNPP_NRT",
        "acq_datetime_utc": "2026-09-23T12:53:00Z",
        "age_hours": 5,
        "confidence_label": "nominal",
        "popup_label": "<strong>NASA FIRMS<\/strong><br>Sensor: VIIRS_SNPP_NRT<br>Fecha UTC: 2026-09-23T12:53:00Z<br>Confianza: nominal<br>FRP: 3.02 MW"
      }
    },
    {
      "type": "Feature",
      "geometry": {
        "type": "Point",
        "coordinates": [4.8783, 43.4427]
      },
      "properties": {
        "bright_ti4": 344.93,
        "scan": 0.4,
        "track": 0.37,
        "acq_date": "2026-09-23",
        "acq_time": "1253",
        "satellite": "N",
        "instrument": "VIIRS",
        "confidence": "n",
        "version": "2.0NRT",
        "bright_ti5": 304.17,
        "frp": 9.25,
        "daynight": "D",
        "source_dataset": "VIIRS_SNPP_NRT",
        "acq_datetime_utc": "2026-09-23T12:53:00Z",
        "age_hours": 5,
        "confidence_label": "nominal",
        "popup_label": "<strong>NASA FIRMS<\/strong><br>Sensor: VIIRS_SNPP_NRT<br>Fecha UTC: 2026-09-23T12:53:00Z<br>Confianza: nominal<br>FRP: 9.25 MW"
      }
    },
    {
      "type": "Feature",
      "geometry": {
        "type": "Point",
        "coordinates": [4.8978, 43.4454]
      },
      "properties": {
        "bright_ti4": 332.32,
        "scan": 0.4,
        "track": 0.37,
        "acq_date": "2026-09-23",
        "acq_time": "1253",
        "satellite": "N",
        "instrument": "VIIRS",
        "confidence": "n",
        "version": "2.0NRT",
        "bright_ti5": 305.49,
        "frp": 3.16,
        "daynight": "D",
        "source_dataset": "VIIRS_SNPP_NRT",
        "acq_datetime_utc": "2026-09-23T12:53:00Z",
        "age_hours": 5,
        "confidence_label": "nominal",
        "popup_label": "<strong>NASA FIRMS<\/strong><br>Sensor: VIIRS_SNPP_NRT<br>Fecha UTC: 2026-09-23T12:53:00Z<br>Confianza: nominal<br>FRP: 3.16 MW"
      }
    },
    {
      "type": "Feature",
      "geometry": {
        "type": "Point",
        "coordinates": [0.3976, 43.4845]
      },
      "properties": {
        "bright_ti4": 335.26,
        "scan": 0.41,
        "track": 0.37,
        "acq_date": "2026-09-23",
        "acq_time": "1253",
        "satellite": "N",
        "instrument": "VIIRS",
        "confidence": "n",
        "version": "2.0NRT",
        "bright_ti5": 307.57,
        "frp": 1.71,
        "daynight": "D",
        "source_dataset": "VIIRS_SNPP_NRT",
        "acq_datetime_utc": "2026-09-23T12:53:00Z",
        "age_hours": 5,
        "confidence_label": "nominal",
        "popup_label": "<strong>NASA FIRMS<\/strong><br>Sensor: VIIRS_SNPP_NRT<br>Fecha UTC: 2026-09-23T12:53:00Z<br>Confianza: nominal<br>FRP: 1.71 MW"
      }
    },
    {
      "type": "Feature",
      "geometry": {
        "type": "Point",
        "coordinates": [0.4081, 43.5007]
      },
      "properties": {
        "bright_ti4": 351.83,
        "scan": 0.41,
        "track": 0.37,
        "acq_date": "2026-09-23",
        "acq_time": "1253",
        "satellite": "N",
        "instrument": "VIIRS",
        "confidence": "n",
        "version": "2.0NRT",
        "bright_ti5": 307.89,
        "frp": 8.59,
        "daynight": "D",
        "source_dataset": "VIIRS_SNPP_NRT",
        "acq_datetime_utc": "2026-09-23T12:53:00Z",
        "age_hours": 5,
        "confidence_label": "nominal",
        "popup_label": "<strong>NASA FIRMS<\/strong><br>Sensor: VIIRS_SNPP_NRT<br>Fecha UTC: 2026-09-23T12:53:00Z<br>Confianza: nominal<br>FRP: 8.59 MW"
      }
    },
    {
      "type": "Feature",
      "geometry": {
        "type": "Point",
        "coordinates": [-5.7324, 43.5237]
      },
      "properties": {
        "bright_ti4": 344.36,
        "scan": 0.47,
        "track": 0.48,
        "acq_date": "2026-09-23",
        "acq_time": "1253",
        "satellite": "N",
        "instrument": "VIIRS",
        "confidence": "n",
        "version": "2.0NRT",
        "bright_ti5": 302.68,
        "frp": 5.49,
        "daynight": "D",
        "source_dataset": "VIIRS_SNPP_NRT",
        "acq_datetime_utc": "2026-09-23T12:53:00Z",
        "age_hours": 5,
        "confidence_label": "nominal",
        "popup_label": "<strong>NASA FIRMS<\/strong><br>Sensor: VIIRS_SNPP_NRT<br>Fecha UTC: 2026-09-23T12:53:00Z<br>Confianza: nominal<br>FRP: 5.49 MW"
      }
    },
    {
      "type": "Feature",
      "geometry": {
        "type": "Point",
        "coordinates": [-5.7305, 43.5247]
      },
      "properties": {
        "bright_ti4": 354.97,
        "scan": 0.47,
        "track": 0.48,
        "acq_date": "2026-09-23",
        "acq_time": "1253",
        "satellite": "N",
        "instrument": "VIIRS",
        "confidence": "n",
        "version": "2.0NRT",
        "bright_ti5": 303.88,
        "frp": 7.36,
        "daynight": "D",
        "source_dataset": "VIIRS_SNPP_NRT",
        "acq_datetime_utc": "2026-09-23T12:53:00Z",
        "age_hours": 5,
        "confidence_label": "nominal",
        "popup_label": "<strong>NASA FIRMS<\/strong><br>Sensor: VIIRS_SNPP_NRT<br>Fecha UTC: 2026-09-23T12:53:00Z<br>Confianza: nominal<br>FRP: 7.36 MW"
      }
    },
    {
      "type": "Feature",
      "geometry": {
        "type": "Point",
        "coordinates": [-5.7268, 43.5251]
      },
      "properties": {
        "bright_ti4": 340.9,
        "scan": 0.47,
        "track": 0.48,
        "acq_date": "2026-09-23",
        "acq_time": "1253",
        "satellite": "N",
        "instrument": "VIIRS",
        "confidence": "n",
        "version": "2.0NRT",
        "bright_ti5": 302.33,
        "frp": 8.31,
        "daynight": "D",
        "source_dataset": "VIIRS_SNPP_NRT",
        "acq_datetime_utc": "2026-09-23T12:53:00Z",
        "age_hours": 5,
        "confidence_label": "nominal",
        "popup_label": "<strong>NASA FIRMS<\/strong><br>Sensor: VIIRS_SNPP_NRT<br>Fecha UTC: 2026-09-23T12:53:00Z<br>Confianza: nominal<br>FRP: 8.31 MW"
      }
    },
    {
      "type": "Feature",
      "geometry": {
        "type": "Point",
        "coordinates": [-5.7342, 43.528]
      },
      "properties": {
        "bright_ti4": 334.08,
        "scan": 0.47,
        "track": 0.48,
        "acq_date": "2026-09-23",
        "acq_time": "1253",
        "satellite": "N",
        "instrument": "VIIRS",
        "confidence": "n",
        "version": "2.0NRT",
        "bright_ti5": 301.23,
        "frp": 5.49,
        "daynight": "D",
        "source_dataset": "VIIRS_SNPP_NRT",
        "acq_datetime_utc": "2026-09-23T12:53:00Z",
        "age_hours": 5,
        "confidence_label": "nominal",
        "popup_label": "<strong>NASA FIRMS<\/strong><br>Sensor: VIIRS_SNPP_NRT<br>Fecha UTC: 2026-09-23T12:53:00Z<br>Confianza: nominal<br>FRP: 5.49 MW"
      }
    },
    {
      "type": "Feature",
      "geometry": {
        "type": "Point",
        "coordinates": [-5.7323, 43.5289]
      },
      "properties": {
        "bright_ti4": 330.15,
        "scan": 0.47,
        "track": 0.48,
        "acq_date": "2026-09-23",
        "acq_time": "1253",
        "satellite": "N",
        "instrument": "VIIRS",
        "confidence": "l",
        "version": "2.0NRT",
        "bright_ti5": 301.07,
        "frp": 7.36,
        "daynight": "D",
        "source_dataset": "VIIRS_SNPP_NRT",
        "acq_datetime_utc": "2026-09-23T12:53:00Z",
        "age_hours": 5,
        "confidence_label": "baja",
        "popup_label": "<strong>NASA FIRMS<\/strong><br>Sensor: VIIRS_SNPP_NRT<br>Fecha UTC: 2026-09-23T12:53:00Z<br>Confianza: baja<br>FRP: 7.36 MW"
      }
    },
    {
      "type": "Feature",
      "geometry": {
        "type": "Point",
        "coordinates": [0.622, 43.6065]
      },
      "properties": {
        "bright_ti4": 344.77,
        "scan": 0.41,
        "track": 0.37,
        "acq_date": "2026-09-23",
        "acq_time": "1253",
        "satellite": "N",
        "instrument": "VIIRS",
        "confidence": "n",
        "version": "2.0NRT",
        "bright_ti5": 307.14,
        "frp": 2.06,
        "daynight": "D",
        "source_dataset": "VIIRS_SNPP_NRT",
        "acq_datetime_utc": "2026-09-23T12:53:00Z",
        "age_hours": 5,
        "confidence_label": "nominal",
        "popup_label": "<strong>NASA FIRMS<\/strong><br>Sensor: VIIRS_SNPP_NRT<br>Fecha UTC: 2026-09-23T12:53:00Z<br>Confianza: nominal<br>FRP: 2.06 MW"
      }
    },
    {
      "type": "Feature",
      "geometry": {
        "type": "Point",
        "coordinates": [-0.0182, 43.6393]
      },
      "properties": {
        "bright_ti4": 348.96,
        "scan": 0.42,
        "track": 0.38,
        "acq_date": "2026-09-23",
        "acq_time": "1253",
        "satellite": "N",
        "instrument": "VIIRS",
        "confidence": "n",
        "version": "2.0NRT",
        "bright_ti5": 302.87,
        "frp": 12.04,
        "daynight": "D",
        "source_dataset": "VIIRS_SNPP_NRT",
        "acq_datetime_utc": "2026-09-23T12:53:00Z",
        "age_hours": 5,
        "confidence_label": "nominal",
        "popup_label": "<strong>NASA FIRMS<\/strong><br>Sensor: VIIRS_SNPP_NRT<br>Fecha UTC: 2026-09-23T12:53:00Z<br>Confianza: nominal<br>FRP: 12.04 MW"
      }
    },
    {
      "type": "Feature",
      "geometry": {
        "type": "Point",
        "coordinates": [-0.2009, 43.7776]
      },
      "properties": {
        "bright_ti4": 336.58,
        "scan": 0.43,
        "track": 0.38,
        "acq_date": "2026-09-23",
        "acq_time": "1253",
        "satellite": "N",
        "instrument": "VIIRS",
        "confidence": "n",
        "version": "2.0NRT",
        "bright_ti5": 305.19,
        "frp": 1.59,
        "daynight": "D",
        "source_dataset": "VIIRS_SNPP_NRT",
        "acq_datetime_utc": "2026-09-23T12:53:00Z",
        "age_hours": 5,
        "confidence_label": "nominal",
        "popup_label": "<strong>NASA FIRMS<\/strong><br>Sensor: VIIRS_SNPP_NRT<br>Fecha UTC: 2026-09-23T12:53:00Z<br>Confianza: nominal<br>FRP: 1.59 MW"
      }
    },
    {
      "type": "Feature",
      "geometry": {
        "type": "Point",
        "coordinates": [4.6637, 43.8497]
      },
      "properties": {
        "bright_ti4": 331.66,
        "scan": 0.39,
        "track": 0.37,
        "acq_date": "2026-09-23",
        "acq_time": "1253",
        "satellite": "N",
        "instrument": "VIIRS",
        "confidence": "n",
        "version": "2.0NRT",
        "bright_ti5": 301.47,
        "frp": 1.8,
        "daynight": "D",
        "source_dataset": "VIIRS_SNPP_NRT",
        "acq_datetime_utc": "2026-09-23T12:53:00Z",
        "age_hours": 5,
        "confidence_label": "nominal",
        "popup_label": "<strong>NASA FIRMS<\/strong><br>Sensor: VIIRS_SNPP_NRT<br>Fecha UTC: 2026-09-23T12:53:00Z<br>Confianza: nominal<br>FRP: 1.8 MW"
      }
    },
    {
      "type": "Feature",
      "geometry": {
        "type": "Point",
        "coordinates": [-0.5347, 43.9177]
      },
      "properties": {
        "bright_ti4": 335.35,
        "scan": 0.43,
        "track": 0.38,
        "acq_date": "2026-09-23",
        "acq_time": "1253",
        "satellite": "N",
        "instrument": "VIIRS",
        "confidence": "n",
        "version": "2.0NRT",
        "bright_ti5": 304.99,
        "frp": 2.99,
        "daynight": "D",
        "source_dataset": "VIIRS_SNPP_NRT",
        "acq_datetime_utc": "2026-09-23T12:53:00Z",
        "age_hours": 5,
        "confidence_label": "nominal",
        "popup_label": "<strong>NASA FIRMS<\/strong><br>Sensor: VIIRS_SNPP_NRT<br>Fecha UTC: 2026-09-23T12:53:00Z<br>Confianza: nominal<br>FRP: 2.99 MW"
      }
    },
    {
      "type": "Feature",
      "geometry": {
        "type": "Point",
        "coordinates": [-0.0807, 43.9402]
      },
      "properties": {
        "bright_ti4": 335.75,
        "scan": 0.42,
        "track": 0.38,
        "acq_date": "2026-09-23",
        "acq_time": "1253",
        "satellite": "N",
        "instrument": "VIIRS",
        "confidence": "n",
        "version": "2.0NRT",
        "bright_ti5": 303.46,
        "frp": 2.47,
        "daynight": "D",
        "source_dataset": "VIIRS_SNPP_NRT",
        "acq_datetime_utc": "2026-09-23T12:53:00Z",
        "age_hours": 5,
        "confidence_label": "nominal",
        "popup_label": "<strong>NASA FIRMS<\/strong><br>Sensor: VIIRS_SNPP_NRT<br>Fecha UTC: 2026-09-23T12:53:00Z<br>Confianza: nominal<br>FRP: 2.47 MW"
      }
    },
    {
      "type": "Feature",
      "geometry": {
        "type": "Point",
        "coordinates": [0.0103, 43.951]
      },
      "properties": {
        "bright_ti4": 337.54,
        "scan": 0.42,
        "track": 0.38,
        "acq_date": "2026-09-23",
        "acq_time": "1253",
        "satellite": "N",
        "instrument": "VIIRS",
        "confidence": "n",
        "version": "2.0NRT",
        "bright_ti5": 305.86,
        "frp": 1.85,
        "daynight": "D",
        "source_dataset": "VIIRS_SNPP_NRT",
        "acq_datetime_utc": "2026-09-23T12:53:00Z",
        "age_hours": 5,
        "confidence_label": "nominal",
        "popup_label": "<strong>NASA FIRMS<\/strong><br>Sensor: VIIRS_SNPP_NRT<br>Fecha UTC: 2026-09-23T12:53:00Z<br>Confianza: nominal<br>FRP: 1.85 MW"
      }
    },
    {
      "type": "Feature",
      "geometry": {
        "type": "Point",
        "coordinates": [0.008, 43.9529]
      },
      "properties": {
        "bright_ti4": 338.57,
        "scan": 0.42,
        "track": 0.38,
        "acq_date": "2026-09-23",
        "acq_time": "1253",
        "satellite": "N",
        "instrument": "VIIRS",
        "confidence": "n",
        "version": "2.0NRT",
        "bright_ti5": 304.1,
        "frp": 3.56,
        "daynight": "D",
        "source_dataset": "VIIRS_SNPP_NRT",
        "acq_datetime_utc": "2026-09-23T12:53:00Z",
        "age_hours": 5,
        "confidence_label": "nominal",
        "popup_label": "<strong>NASA FIRMS<\/strong><br>Sensor: VIIRS_SNPP_NRT<br>Fecha UTC: 2026-09-23T12:53:00Z<br>Confianza: nominal<br>FRP: 3.56 MW"
      }
    },
    {
      "type": "Feature",
      "geometry": {
        "type": "Point",
        "coordinates": [-0.5625, 44.0042]
      },
      "properties": {
        "bright_ti4": 349,
        "scan": 0.43,
        "track": 0.38,
        "acq_date": "2026-09-23",
        "acq_time": "1253",
        "satellite": "N",
        "instrument": "VIIRS",
        "confidence": "n",
        "version": "2.0NRT",
        "bright_ti5": 307.21,
        "frp": 4.25,
        "daynight": "D",
        "source_dataset": "VIIRS_SNPP_NRT",
        "acq_datetime_utc": "2026-09-23T12:53:00Z",
        "age_hours": 5,
        "confidence_label": "nominal",
        "popup_label": "<strong>NASA FIRMS<\/strong><br>Sensor: VIIRS_SNPP_NRT<br>Fecha UTC: 2026-09-23T12:53:00Z<br>Confianza: nominal<br>FRP: 4.25 MW"
      }
    },
    {
      "type": "Feature",
      "geometry": {
        "type": "Point",
        "coordinates": [-0.5572, 44.0052]
      },
      "properties": {
        "bright_ti4": 352.56,
        "scan": 0.43,
        "track": 0.38,
        "acq_date": "2026-09-23",
        "acq_time": "1253",
        "satellite": "N",
        "instrument": "VIIRS",
        "confidence": "n",
        "version": "2.0NRT",
        "bright_ti5": 307.79,
        "frp": 4.45,
        "daynight": "D",
        "source_dataset": "VIIRS_SNPP_NRT",
        "acq_datetime_utc": "2026-09-23T12:53:00Z",
        "age_hours": 5,
        "confidence_label": "nominal",
        "popup_label": "<strong>NASA FIRMS<\/strong><br>Sensor: VIIRS_SNPP_NRT<br>Fecha UTC: 2026-09-23T12:53:00Z<br>Confianza: nominal<br>FRP: 4.45 MW"
      }
    },
    {
      "type": "Feature",
      "geometry": {
        "type": "Point",
        "coordinates": [-0.5638, 44.0076]
      },
      "properties": {
        "bright_ti4": 352.56,
        "scan": 0.43,
        "track": 0.38,
        "acq_date": "2026-09-23",
        "acq_time": "1253",
        "satellite": "N",
        "instrument": "VIIRS",
        "confidence": "n",
        "version": "2.0NRT",
        "bright_ti5": 307.95,
        "frp": 4.25,
        "daynight": "D",
        "source_dataset": "VIIRS_SNPP_NRT",
        "acq_datetime_utc": "2026-09-23T12:53:00Z",
        "age_hours": 5,
        "confidence_label": "nominal",
        "popup_label": "<strong>NASA FIRMS<\/strong><br>Sensor: VIIRS_SNPP_NRT<br>Fecha UTC: 2026-09-23T12:53:00Z<br>Confianza: nominal<br>FRP: 4.25 MW"
      }
    },
    {
      "type": "Feature",
      "geometry": {
        "type": "Point",
        "coordinates": [-0.5585, 44.0086]
      },
      "properties": {
        "bright_ti4": 345.28,
        "scan": 0.43,
        "track": 0.38,
        "acq_date": "2026-09-23",
        "acq_time": "1253",
        "satellite": "N",
        "instrument": "VIIRS",
        "confidence": "n",
        "version": "2.0NRT",
        "bright_ti5": 305.06,
        "frp": 4.45,
        "daynight": "D",
        "source_dataset": "VIIRS_SNPP_NRT",
        "acq_datetime_utc": "2026-09-23T12:53:00Z",
        "age_hours": 5,
        "confidence_label": "nominal",
        "popup_label": "<strong>NASA FIRMS<\/strong><br>Sensor: VIIRS_SNPP_NRT<br>Fecha UTC: 2026-09-23T12:53:00Z<br>Confianza: nominal<br>FRP: 4.45 MW"
      }
    },
    {
      "type": "Feature",
      "geometry": {
        "type": "Point",
        "coordinates": [0.1203, 44.1369]
      },
      "properties": {
        "bright_ti4": 348.06,
        "scan": 0.41,
        "track": 0.37,
        "acq_date": "2026-09-23",
        "acq_time": "1253",
        "satellite": "N",
        "instrument": "VIIRS",
        "confidence": "n",
        "version": "2.0NRT",
        "bright_ti5": 308.72,
        "frp": 23.47,
        "daynight": "D",
        "source_dataset": "VIIRS_SNPP_NRT",
        "acq_datetime_utc": "2026-09-23T12:53:00Z",
        "age_hours": 5,
        "confidence_label": "nominal",
        "popup_label": "<strong>NASA FIRMS<\/strong><br>Sensor: VIIRS_SNPP_NRT<br>Fecha UTC: 2026-09-23T12:53:00Z<br>Confianza: nominal<br>FRP: 23.47 MW"
      }
    },
    {
      "type": "Feature",
      "geometry": {
        "type": "Point",
        "coordinates": [0.1141, 44.1394]
      },
      "properties": {
        "bright_ti4": 357.53,
        "scan": 0.41,
        "track": 0.37,
        "acq_date": "2026-09-23",
        "acq_time": "1253",
        "satellite": "N",
        "instrument": "VIIRS",
        "confidence": "n",
        "version": "2.0NRT",
        "bright_ti5": 309.45,
        "frp": 23.47,
        "daynight": "D",
        "source_dataset": "VIIRS_SNPP_NRT",
        "acq_datetime_utc": "2026-09-23T12:53:00Z",
        "age_hours": 5,
        "confidence_label": "nominal",
        "popup_label": "<strong>NASA FIRMS<\/strong><br>Sensor: VIIRS_SNPP_NRT<br>Fecha UTC: 2026-09-23T12:53:00Z<br>Confianza: nominal<br>FRP: 23.47 MW"
      }
    },
    {
      "type": "Feature",
      "geometry": {
        "type": "Point",
        "coordinates": [0.1242, 44.1412]
      },
      "properties": {
        "bright_ti4": 335.74,
        "scan": 0.41,
        "track": 0.37,
        "acq_date": "2026-09-23",
        "acq_time": "1253",
        "satellite": "N",
        "instrument": "VIIRS",
        "confidence": "n",
        "version": "2.0NRT",
        "bright_ti5": 307.46,
        "frp": 7.88,
        "daynight": "D",
        "source_dataset": "VIIRS_SNPP_NRT",
        "acq_datetime_utc": "2026-09-23T12:53:00Z",
        "age_hours": 5,
        "confidence_label": "nominal",
        "popup_label": "<strong>NASA FIRMS<\/strong><br>Sensor: VIIRS_SNPP_NRT<br>Fecha UTC: 2026-09-23T12:53:00Z<br>Confianza: nominal<br>FRP: 7.88 MW"
      }
    },
    {
      "type": "Feature",
      "geometry": {
        "type": "Point",
        "coordinates": [0.1129, 44.1427]
      },
      "properties": {
        "bright_ti4": 348.83,
        "scan": 0.41,
        "track": 0.37,
        "acq_date": "2026-09-23",
        "acq_time": "1253",
        "satellite": "N",
        "instrument": "VIIRS",
        "confidence": "n",
        "version": "2.0NRT",
        "bright_ti5": 308.74,
        "frp": 16.89,
        "daynight": "D",
        "source_dataset": "VIIRS_SNPP_NRT",
        "acq_datetime_utc": "2026-09-23T12:53:00Z",
        "age_hours": 5,
        "confidence_label": "nominal",
        "popup_label": "<strong>NASA FIRMS<\/strong><br>Sensor: VIIRS_SNPP_NRT<br>Fecha UTC: 2026-09-23T12:53:00Z<br>Confianza: nominal<br>FRP: 16.89 MW"
      }
    },
    {
      "type": "Feature",
      "geometry": {
        "type": "Point",
        "coordinates": [0.118, 44.1436]
      },
      "properties": {
        "bright_ti4": 354.55,
        "scan": 0.41,
        "track": 0.37,
        "acq_date": "2026-09-23",
        "acq_time": "1253",
        "satellite": "N",
        "instrument": "VIIRS",
        "confidence": "n",
        "version": "2.0NRT",
        "bright_ti5": 311.36,
        "frp": 16.89,
        "daynight": "D",
        "source_dataset": "VIIRS_SNPP_NRT",
        "acq_datetime_utc": "2026-09-23T12:53:00Z",
        "age_hours": 5,
        "confidence_label": "nominal",
        "popup_label": "<strong>NASA FIRMS<\/strong><br>Sensor: VIIRS_SNPP_NRT<br>Fecha UTC: 2026-09-23T12:53:00Z<br>Confianza: nominal<br>FRP: 16.89 MW"
      }
    },
    {
      "type": "Feature",
      "geometry": {
        "type": "Point",
        "coordinates": [0.1231, 44.1446]
      },
      "properties": {
        "bright_ti4": 346.43,
        "scan": 0.41,
        "track": 0.37,
        "acq_date": "2026-09-23",
        "acq_time": "1253",
        "satellite": "N",
        "instrument": "VIIRS",
        "confidence": "n",
        "version": "2.0NRT",
        "bright_ti5": 307.62,
        "frp": 6.83,
        "daynight": "D",
        "source_dataset": "VIIRS_SNPP_NRT",
        "acq_datetime_utc": "2026-09-23T12:53:00Z",
        "age_hours": 5,
        "confidence_label": "nominal",
        "popup_label": "<strong>NASA FIRMS<\/strong><br>Sensor: VIIRS_SNPP_NRT<br>Fecha UTC: 2026-09-23T12:53:00Z<br>Confianza: nominal<br>FRP: 6.83 MW"
      }
    },
    {
      "type": "Feature",
      "geometry": {
        "type": "Point",
        "coordinates": [-0.3659, 44.4221]
      },
      "properties": {
        "bright_ti4": 342.22,
        "scan": 0.42,
        "track": 0.38,
        "acq_date": "2026-09-23",
        "acq_time": "1253",
        "satellite": "N",
        "instrument": "VIIRS",
        "confidence": "n",
        "version": "2.0NRT",
        "bright_ti5": 306.48,
        "frp": 6.08,
        "daynight": "D",
        "source_dataset": "VIIRS_SNPP_NRT",
        "acq_datetime_utc": "2026-09-23T12:53:00Z",
        "age_hours": 5,
        "confidence_label": "nominal",
        "popup_label": "<strong>NASA FIRMS<\/strong><br>Sensor: VIIRS_SNPP_NRT<br>Fecha UTC: 2026-09-23T12:53:00Z<br>Confianza: nominal<br>FRP: 6.08 MW"
      }
    },
    {
      "type": "Feature",
      "geometry": {
        "type": "Point",
        "coordinates": [-0.3671, 44.4255]
      },
      "properties": {
        "bright_ti4": 353.2,
        "scan": 0.42,
        "track": 0.38,
        "acq_date": "2026-09-23",
        "acq_time": "1253",
        "satellite": "N",
        "instrument": "VIIRS",
        "confidence": "n",
        "version": "2.0NRT",
        "bright_ti5": 307.25,
        "frp": 6.08,
        "daynight": "D",
        "source_dataset": "VIIRS_SNPP_NRT",
        "acq_datetime_utc": "2026-09-23T12:53:00Z",
        "age_hours": 5,
        "confidence_label": "nominal",
        "popup_label": "<strong>NASA FIRMS<\/strong><br>Sensor: VIIRS_SNPP_NRT<br>Fecha UTC: 2026-09-23T12:53:00Z<br>Confianza: nominal<br>FRP: 6.08 MW"
      }
    },
    {
      "type": "Feature",
      "geometry": {
        "type": "Point",
        "coordinates": [0.2814, 44.4318]
      },
      "properties": {
        "bright_ti4": 347.44,
        "scan": 0.41,
        "track": 0.37,
        "acq_date": "2026-09-23",
        "acq_time": "1253",
        "satellite": "N",
        "instrument": "VIIRS",
        "confidence": "n",
        "version": "2.0NRT",
        "bright_ti5": 309.6,
        "frp": 3.08,
        "daynight": "D",
        "source_dataset": "VIIRS_SNPP_NRT",
        "acq_datetime_utc": "2026-09-23T12:53:00Z",
        "age_hours": 5,
        "confidence_label": "nominal",
        "popup_label": "<strong>NASA FIRMS<\/strong><br>Sensor: VIIRS_SNPP_NRT<br>Fecha UTC: 2026-09-23T12:53:00Z<br>Confianza: nominal<br>FRP: 3.08 MW"
      }
    },
    {
      "type": "Feature",
      "geometry": {
        "type": "Point",
        "coordinates": [0.4806, 44.4421]
      },
      "properties": {
        "bright_ti4": 338.73,
        "scan": 0.4,
        "track": 0.37,
        "acq_date": "2026-09-23",
        "acq_time": "1253",
        "satellite": "N",
        "instrument": "VIIRS",
        "confidence": "l",
        "version": "2.0NRT",
        "bright_ti5": 309.34,
        "frp": 3.28,
        "daynight": "D",
        "source_dataset": "VIIRS_SNPP_NRT",
        "acq_datetime_utc": "2026-09-23T12:53:00Z",
        "age_hours": 5,
        "confidence_label": "baja",
        "popup_label": "<strong>NASA FIRMS<\/strong><br>Sensor: VIIRS_SNPP_NRT<br>Fecha UTC: 2026-09-23T12:53:00Z<br>Confianza: baja<br>FRP: 3.28 MW"
      }
    },
    {
      "type": "Feature",
      "geometry": {
        "type": "Point",
        "coordinates": [3.0436, 35.198]
      },
      "properties": {
        "bright_ti4": 339.5,
        "scan": 0.43,
        "track": 0.38,
        "acq_date": "2026-09-23",
        "acq_time": "1251",
        "satellite": "N",
        "instrument": "VIIRS",
        "confidence": "n",
        "version": "2.0NRT",
        "bright_ti5": 308.65,
        "frp": 1.81,
        "daynight": "D",
        "source_dataset": "VIIRS_SNPP_NRT",
        "acq_datetime_utc": "2026-09-23T12:51:00Z",
        "age_hours": 5,
        "confidence_label": "nominal",
        "popup_label": "<strong>NASA FIRMS<\/strong><br>Sensor: VIIRS_SNPP_NRT<br>Fecha UTC: 2026-09-23T12:51:00Z<br>Confianza: nominal<br>FRP: 1.81 MW"
      }
    },
    {
      "type": "Feature",
      "geometry": {
        "type": "Point",
        "coordinates": [-0.2712, 35.815]
      },
      "properties": {
        "bright_ti4": 347.36,
        "scan": 0.57,
        "track": 0.43,
        "acq_date": "2026-09-23",
        "acq_time": "1251",
        "satellite": "N",
        "instrument": "VIIRS",
        "confidence": "n",
        "version": "2.0NRT",
        "bright_ti5": 305.26,
        "frp": 5.84,
        "daynight": "D",
        "source_dataset": "VIIRS_SNPP_NRT",
        "acq_datetime_utc": "2026-09-23T12:51:00Z",
        "age_hours": 5,
        "confidence_label": "nominal",
        "popup_label": "<strong>NASA FIRMS<\/strong><br>Sensor: VIIRS_SNPP_NRT<br>Fecha UTC: 2026-09-23T12:51:00Z<br>Confianza: nominal<br>FRP: 5.84 MW"
      }
    },
    {
      "type": "Feature",
      "geometry": {
        "type": "Point",
        "coordinates": [-0.3266, 35.8244]
      },
      "properties": {
        "bright_ti4": 339.82,
        "scan": 0.57,
        "track": 0.43,
        "acq_date": "2026-09-23",
        "acq_time": "1251",
        "satellite": "N",
        "instrument": "VIIRS",
        "confidence": "n",
        "version": "2.0NRT",
        "bright_ti5": 307.68,
        "frp": 4.79,
        "daynight": "D",
        "source_dataset": "VIIRS_SNPP_NRT",
        "acq_datetime_utc": "2026-09-23T12:51:00Z",
        "age_hours": 5,
        "confidence_label": "nominal",
        "popup_label": "<strong>NASA FIRMS<\/strong><br>Sensor: VIIRS_SNPP_NRT<br>Fecha UTC: 2026-09-23T12:51:00Z<br>Confianza: nominal<br>FRP: 4.79 MW"
      }
    },
    {
      "type": "Feature",
      "geometry": {
        "type": "Point",
        "coordinates": [4.6045, 36.0666]
      },
      "properties": {
        "bright_ti4": 336.74,
        "scan": 0.39,
        "track": 0.36,
        "acq_date": "2026-09-23",
        "acq_time": "1251",
        "satellite": "N",
        "instrument": "VIIRS",
        "confidence": "n",
        "version": "2.0NRT",
        "bright_ti5": 308.47,
        "frp": 0.98,
        "daynight": "D",
        "source_dataset": "VIIRS_SNPP_NRT",
        "acq_datetime_utc": "2026-09-23T12:51:00Z",
        "age_hours": 5,
        "confidence_label": "nominal",
        "popup_label": "<strong>NASA FIRMS<\/strong><br>Sensor: VIIRS_SNPP_NRT<br>Fecha UTC: 2026-09-23T12:51:00Z<br>Confianza: nominal<br>FRP: 0.98 MW"
      }
    },
    {
      "type": "Feature",
      "geometry": {
        "type": "Point",
        "coordinates": [4.0208, 36.3213]
      },
      "properties": {
        "bright_ti4": 336.3,
        "scan": 0.4,
        "track": 0.37,
        "acq_date": "2026-09-23",
        "acq_time": "1251",
        "satellite": "N",
        "instrument": "VIIRS",
        "confidence": "l",
        "version": "2.0NRT",
        "bright_ti5": 308.85,
        "frp": 1.33,
        "daynight": "D",
        "source_dataset": "VIIRS_SNPP_NRT",
        "acq_datetime_utc": "2026-09-23T12:51:00Z",
        "age_hours": 5,
        "confidence_label": "baja",
        "popup_label": "<strong>NASA FIRMS<\/strong><br>Sensor: VIIRS_SNPP_NRT<br>Fecha UTC: 2026-09-23T12:51:00Z<br>Confianza: baja<br>FRP: 1.33 MW"
      }
    },
    {
      "type": "Feature",
      "geometry": {
        "type": "Point",
        "coordinates": [3.8419, 36.5527]
      },
      "properties": {
        "bright_ti4": 335.98,
        "scan": 0.4,
        "track": 0.37,
        "acq_date": "2026-09-23",
        "acq_time": "1251",
        "satellite": "N",
        "instrument": "VIIRS",
        "confidence": "n",
        "version": "2.0NRT",
        "bright_ti5": 305.86,
        "frp": 2.29,
        "daynight": "D",
        "source_dataset": "VIIRS_SNPP_NRT",
        "acq_datetime_utc": "2026-09-23T12:51:00Z",
        "age_hours": 5,
        "confidence_label": "nominal",
        "popup_label": "<strong>NASA FIRMS<\/strong><br>Sensor: VIIRS_SNPP_NRT<br>Fecha UTC: 2026-09-23T12:51:00Z<br>Confianza: nominal<br>FRP: 2.29 MW"
      }
    },
    {
      "type": "Feature",
      "geometry": {
        "type": "Point",
        "coordinates": [2.878, 36.5971]
      },
      "properties": {
        "bright_ti4": 336.2,
        "scan": 0.42,
        "track": 0.38,
        "acq_date": "2026-09-23",
        "acq_time": "1251",
        "satellite": "N",
        "instrument": "VIIRS",
        "confidence": "n",
        "version": "2.0NRT",
        "bright_ti5": 308.15,
        "frp": 2.41,
        "daynight": "D",
        "source_dataset": "VIIRS_SNPP_NRT",
        "acq_datetime_utc": "2026-09-23T12:51:00Z",
        "age_hours": 5,
        "confidence_label": "nominal",
        "popup_label": "<strong>NASA FIRMS<\/strong><br>Sensor: VIIRS_SNPP_NRT<br>Fecha UTC: 2026-09-23T12:51:00Z<br>Confianza: nominal<br>FRP: 2.41 MW"
      }
    },
    {
      "type": "Feature",
      "geometry": {
        "type": "Point",
        "coordinates": [3.3134, 36.7333]
      },
      "properties": {
        "bright_ti4": 331.82,
        "scan": 0.41,
        "track": 0.37,
        "acq_date": "2026-09-23",
        "acq_time": "1251",
        "satellite": "N",
        "instrument": "VIIRS",
        "confidence": "l",
        "version": "2.0NRT",
        "bright_ti5": 306.25,
        "frp": 2.41,
        "daynight": "D",
        "source_dataset": "VIIRS_SNPP_NRT",
        "acq_datetime_utc": "2026-09-23T12:51:00Z",
        "age_hours": 5,
        "confidence_label": "baja",
        "popup_label": "<strong>NASA FIRMS<\/strong><br>Sensor: VIIRS_SNPP_NRT<br>Fecha UTC: 2026-09-23T12:51:00Z<br>Confianza: baja<br>FRP: 2.41 MW"
      }
    },
    {
      "type": "Feature",
      "geometry": {
        "type": "Point",
        "coordinates": [3.3125, 36.7367]
      },
      "properties": {
        "bright_ti4": 349.62,
        "scan": 0.41,
        "track": 0.37,
        "acq_date": "2026-09-23",
        "acq_time": "1251",
        "satellite": "N",
        "instrument": "VIIRS",
        "confidence": "n",
        "version": "2.0NRT",
        "bright_ti5": 306.65,
        "frp": 2.41,
        "daynight": "D",
        "source_dataset": "VIIRS_SNPP_NRT",
        "acq_datetime_utc": "2026-09-23T12:51:00Z",
        "age_hours": 5,
        "confidence_label": "nominal",
        "popup_label": "<strong>NASA FIRMS<\/strong><br>Sensor: VIIRS_SNPP_NRT<br>Fecha UTC: 2026-09-23T12:51:00Z<br>Confianza: nominal<br>FRP: 2.41 MW"
      }
    },
    {
      "type": "Feature",
      "geometry": {
        "type": "Point",
        "coordinates": [3.0838, 36.7496]
      },
      "properties": {
        "bright_ti4": 331.83,
        "scan": 0.41,
        "track": 0.37,
        "acq_date": "2026-09-23",
        "acq_time": "1251",
        "satellite": "N",
        "instrument": "VIIRS",
        "confidence": "l",
        "version": "2.0NRT",
        "bright_ti5": 303.08,
        "frp": 1.94,
        "daynight": "D",
        "source_dataset": "VIIRS_SNPP_NRT",
        "acq_datetime_utc": "2026-09-23T12:51:00Z",
        "age_hours": 5,
        "confidence_label": "baja",
        "popup_label": "<strong>NASA FIRMS<\/strong><br>Sensor: VIIRS_SNPP_NRT<br>Fecha UTC: 2026-09-23T12:51:00Z<br>Confianza: baja<br>FRP: 1.94 MW"
      }
    },
    {
      "type": "Feature",
      "geometry": {
        "type": "Point",
        "coordinates": [3.7582, 36.7949]
      },
      "properties": {
        "bright_ti4": 332.23,
        "scan": 0.4,
        "track": 0.37,
        "acq_date": "2026-09-23",
        "acq_time": "1251",
        "satellite": "N",
        "instrument": "VIIRS",
        "confidence": "n",
        "version": "2.0NRT",
        "bright_ti5": 301.61,
        "frp": 2.8,
        "daynight": "D",
        "source_dataset": "VIIRS_SNPP_NRT",
        "acq_datetime_utc": "2026-09-23T12:51:00Z",
        "age_hours": 5,
        "confidence_label": "nominal",
        "popup_label": "<strong>NASA FIRMS<\/strong><br>Sensor: VIIRS_SNPP_NRT<br>Fecha UTC: 2026-09-23T12:51:00Z<br>Confianza: nominal<br>FRP: 2.8 MW"
      }
    },
    {
      "type": "Feature",
      "geometry": {
        "type": "Point",
        "coordinates": [3.7627, 36.7957]
      },
      "properties": {
        "bright_ti4": 332.67,
        "scan": 0.4,
        "track": 0.37,
        "acq_date": "2026-09-23",
        "acq_time": "1251",
        "satellite": "N",
        "instrument": "VIIRS",
        "confidence": "n",
        "version": "2.0NRT",
        "bright_ti5": 298.9,
        "frp": 2.8,
        "daynight": "D",
        "source_dataset": "VIIRS_SNPP_NRT",
        "acq_datetime_utc": "2026-09-23T12:51:00Z",
        "age_hours": 5,
        "confidence_label": "nominal",
        "popup_label": "<strong>NASA FIRMS<\/strong><br>Sensor: VIIRS_SNPP_NRT<br>Fecha UTC: 2026-09-23T12:51:00Z<br>Confianza: nominal<br>FRP: 2.8 MW"
      }
    },
    {
      "type": "Feature",
      "geometry": {
        "type": "Point",
        "coordinates": [3.7574, 36.7983]
      },
      "properties": {
        "bright_ti4": 334.86,
        "scan": 0.4,
        "track": 0.37,
        "acq_date": "2026-09-23",
        "acq_time": "1251",
        "satellite": "N",
        "instrument": "VIIRS",
        "confidence": "n",
        "version": "2.0NRT",
        "bright_ti5": 303.44,
        "frp": 2.8,
        "daynight": "D",
        "source_dataset": "VIIRS_SNPP_NRT",
        "acq_datetime_utc": "2026-09-23T12:51:00Z",
        "age_hours": 5,
        "confidence_label": "nominal",
        "popup_label": "<strong>NASA FIRMS<\/strong><br>Sensor: VIIRS_SNPP_NRT<br>Fecha UTC: 2026-09-23T12:51:00Z<br>Confianza: nominal<br>FRP: 2.8 MW"
      }
    },
    {
      "type": "Feature",
      "geometry": {
        "type": "Point",
        "coordinates": [3.7618, 36.799]
      },
      "properties": {
        "bright_ti4": 349.35,
        "scan": 0.4,
        "track": 0.37,
        "acq_date": "2026-09-23",
        "acq_time": "1251",
        "satellite": "N",
        "instrument": "VIIRS",
        "confidence": "n",
        "version": "2.0NRT",
        "bright_ti5": 302.98,
        "frp": 2.8,
        "daynight": "D",
        "source_dataset": "VIIRS_SNPP_NRT",
        "acq_datetime_utc": "2026-09-23T12:51:00Z",
        "age_hours": 5,
        "confidence_label": "nominal",
        "popup_label": "<strong>NASA FIRMS<\/strong><br>Sensor: VIIRS_SNPP_NRT<br>Fecha UTC: 2026-09-23T12:51:00Z<br>Confianza: nominal<br>FRP: 2.8 MW"
      }
    },
    {
      "type": "Feature",
      "geometry": {
        "type": "Point",
        "coordinates": [3.7663, 36.7998]
      },
      "properties": {
        "bright_ti4": 338.25,
        "scan": 0.4,
        "track": 0.37,
        "acq_date": "2026-09-23",
        "acq_time": "1251",
        "satellite": "N",
        "instrument": "VIIRS",
        "confidence": "n",
        "version": "2.0NRT",
        "bright_ti5": 298,
        "frp": 3.93,
        "daynight": "D",
        "source_dataset": "VIIRS_SNPP_NRT",
        "acq_datetime_utc": "2026-09-23T12:51:00Z",
        "age_hours": 5,
        "confidence_label": "nominal",
        "popup_label": "<strong>NASA FIRMS<\/strong><br>Sensor: VIIRS_SNPP_NRT<br>Fecha UTC: 2026-09-23T12:51:00Z<br>Confianza: nominal<br>FRP: 3.93 MW"
      }
    },
    {
      "type": "Feature",
      "geometry": {
        "type": "Point",
        "coordinates": [-5.888, 36.8199]
      },
      "properties": {
        "bright_ti4": 339.99,
        "scan": 0.35,
        "track": 0.57,
        "acq_date": "2026-09-23",
        "acq_time": "1251",
        "satellite": "N",
        "instrument": "VIIRS",
        "confidence": "n",
        "version": "2.0NRT",
        "bright_ti5": 310.22,
        "frp": 2.34,
        "daynight": "D",
        "source_dataset": "VIIRS_SNPP_NRT",
        "acq_datetime_utc": "2026-09-23T12:51:00Z",
        "age_hours": 5,
        "confidence_label": "nominal",
        "popup_label": "<strong>NASA FIRMS<\/strong><br>Sensor: VIIRS_SNPP_NRT<br>Fecha UTC: 2026-09-23T12:51:00Z<br>Confianza: nominal<br>FRP: 2.34 MW"
      }
    },
    {
      "type": "Feature",
      "geometry": {
        "type": "Point",
        "coordinates": [-5.8843, 36.8209]
      },
      "properties": {
        "bright_ti4": 335.99,
        "scan": 0.35,
        "track": 0.57,
        "acq_date": "2026-09-23",
        "acq_time": "1251",
        "satellite": "N",
        "instrument": "VIIRS",
        "confidence": "l",
        "version": "2.0NRT",
        "bright_ti5": 310.42,
        "frp": 2.34,
        "daynight": "D",
        "source_dataset": "VIIRS_SNPP_NRT",
        "acq_datetime_utc": "2026-09-23T12:51:00Z",
        "age_hours": 5,
        "confidence_label": "baja",
        "popup_label": "<strong>NASA FIRMS<\/strong><br>Sensor: VIIRS_SNPP_NRT<br>Fecha UTC: 2026-09-23T12:51:00Z<br>Confianza: baja<br>FRP: 2.34 MW"
      }
    },
    {
      "type": "Feature",
      "geometry": {
        "type": "Point",
        "coordinates": [-6.1032, 36.8375]
      },
      "properties": {
        "bright_ti4": 342.69,
        "scan": 0.36,
        "track": 0.58,
        "acq_date": "2026-09-23",
        "acq_time": "1251",
        "satellite": "N",
        "instrument": "VIIRS",
        "confidence": "n",
        "version": "2.0NRT",
        "bright_ti5": 309.64,
        "frp": 2.88,
        "daynight": "D",
        "source_dataset": "VIIRS_SNPP_NRT",
        "acq_datetime_utc": "2026-09-23T12:51:00Z",
        "age_hours": 5,
        "confidence_label": "nominal",
        "popup_label": "<strong>NASA FIRMS<\/strong><br>Sensor: VIIRS_SNPP_NRT<br>Fecha UTC: 2026-09-23T12:51:00Z<br>Confianza: nominal<br>FRP: 2.88 MW"
      }
    },
    {
      "type": "Feature",
      "geometry": {
        "type": "Point",
        "coordinates": [-6.1048, 36.8418]
      },
      "properties": {
        "bright_ti4": 337.61,
        "scan": 0.36,
        "track": 0.57,
        "acq_date": "2026-09-23",
        "acq_time": "1251",
        "satellite": "N",
        "instrument": "VIIRS",
        "confidence": "l",
        "version": "2.0NRT",
        "bright_ti5": 309.25,
        "frp": 1.49,
        "daynight": "D",
        "source_dataset": "VIIRS_SNPP_NRT",
        "acq_datetime_utc": "2026-09-23T12:51:00Z",
        "age_hours": 5,
        "confidence_label": "baja",
        "popup_label": "<strong>NASA FIRMS<\/strong><br>Sensor: VIIRS_SNPP_NRT<br>Fecha UTC: 2026-09-23T12:51:00Z<br>Confianza: baja<br>FRP: 1.49 MW"
      }
    },
    {
      "type": "Feature",
      "geometry": {
        "type": "Point",
        "coordinates": [-6.101, 36.8428]
      },
      "properties": {
        "bright_ti4": 336.11,
        "scan": 0.36,
        "track": 0.57,
        "acq_date": "2026-09-23",
        "acq_time": "1251",
        "satellite": "N",
        "instrument": "VIIRS",
        "confidence": "l",
        "version": "2.0NRT",
        "bright_ti5": 308.82,
        "frp": 1.49,
        "daynight": "D",
        "source_dataset": "VIIRS_SNPP_NRT",
        "acq_datetime_utc": "2026-09-23T12:51:00Z",
        "age_hours": 5,
        "confidence_label": "baja",
        "popup_label": "<strong>NASA FIRMS<\/strong><br>Sensor: VIIRS_SNPP_NRT<br>Fecha UTC: 2026-09-23T12:51:00Z<br>Confianza: baja<br>FRP: 1.49 MW"
      }
    },
    {
      "type": "Feature",
      "geometry": {
        "type": "Point",
        "coordinates": [-5.8036, 38.9104]
      },
      "properties": {
        "bright_ti4": 342.5,
        "scan": 0.62,
        "track": 0.54,
        "acq_date": "2026-09-23",
        "acq_time": "1251",
        "satellite": "N",
        "instrument": "VIIRS",
        "confidence": "l",
        "version": "2.0NRT",
        "bright_ti5": 315.29,
        "frp": 7.47,
        "daynight": "D",
        "source_dataset": "VIIRS_SNPP_NRT",
        "acq_datetime_utc": "2026-09-23T12:51:00Z",
        "age_hours": 5,
        "confidence_label": "baja",
        "popup_label": "<strong>NASA FIRMS<\/strong><br>Sensor: VIIRS_SNPP_NRT<br>Fecha UTC: 2026-09-23T12:51:00Z<br>Confianza: baja<br>FRP: 7.47 MW"
      }
    },
    {
      "type": "Feature",
      "geometry": {
        "type": "Point",
        "coordinates": [-5.8043, 38.9141]
      },
      "properties": {
        "bright_ti4": 346.51,
        "scan": 0.62,
        "track": 0.54,
        "acq_date": "2026-09-23",
        "acq_time": "1251",
        "satellite": "N",
        "instrument": "VIIRS",
        "confidence": "n",
        "version": "2.0NRT",
        "bright_ti5": 315.06,
        "frp": 5.64,
        "daynight": "D",
        "source_dataset": "VIIRS_SNPP_NRT",
        "acq_datetime_utc": "2026-09-23T12:51:00Z",
        "age_hours": 5,
        "confidence_label": "nominal",
        "popup_label": "<strong>NASA FIRMS<\/strong><br>Sensor: VIIRS_SNPP_NRT<br>Fecha UTC: 2026-09-23T12:51:00Z<br>Confianza: nominal<br>FRP: 5.64 MW"
      }
    },
    {
      "type": "Feature",
      "geometry": {
        "type": "Point",
        "coordinates": [-4.4554, 40.0551]
      },
      "properties": {
        "bright_ti4": 343.94,
        "scan": 0.5,
        "track": 0.49,
        "acq_date": "2026-09-23",
        "acq_time": "1251",
        "satellite": "N",
        "instrument": "VIIRS",
        "confidence": "n",
        "version": "2.0NRT",
        "bright_ti5": 308.68,
        "frp": 3.45,
        "daynight": "D",
        "source_dataset": "VIIRS_SNPP_NRT",
        "acq_datetime_utc": "2026-09-23T12:51:00Z",
        "age_hours": 5,
        "confidence_label": "nominal",
        "popup_label": "<strong>NASA FIRMS<\/strong><br>Sensor: VIIRS_SNPP_NRT<br>Fecha UTC: 2026-09-23T12:51:00Z<br>Confianza: nominal<br>FRP: 3.45 MW"
      }
    },
    {
      "type": "Feature",
      "geometry": {
        "type": "Point",
        "coordinates": [-3.4719, 40.245]
      },
      "properties": {
        "bright_ti4": 339.69,
        "scan": 0.44,
        "track": 0.46,
        "acq_date": "2026-09-23",
        "acq_time": "1251",
        "satellite": "N",
        "instrument": "VIIRS",
        "confidence": "n",
        "version": "2.0NRT",
        "bright_ti5": 310.95,
        "frp": 4.09,
        "daynight": "D",
        "source_dataset": "VIIRS_SNPP_NRT",
        "acq_datetime_utc": "2026-09-23T12:51:00Z",
        "age_hours": 5,
        "confidence_label": "nominal",
        "popup_label": "<strong>NASA FIRMS<\/strong><br>Sensor: VIIRS_SNPP_NRT<br>Fecha UTC: 2026-09-23T12:51:00Z<br>Confianza: nominal<br>FRP: 4.09 MW"
      }
    },
    {
      "type": "Feature",
      "geometry": {
        "type": "Point",
        "coordinates": [-3.3154, 40.5329]
      },
      "properties": {
        "bright_ti4": 338.34,
        "scan": 0.43,
        "track": 0.46,
        "acq_date": "2026-09-23",
        "acq_time": "1251",
        "satellite": "N",
        "instrument": "VIIRS",
        "confidence": "n",
        "version": "2.0NRT",
        "bright_ti5": 304.79,
        "frp": 2.66,
        "daynight": "D",
        "source_dataset": "VIIRS_SNPP_NRT",
        "acq_datetime_utc": "2026-09-23T12:51:00Z",
        "age_hours": 5,
        "confidence_label": "nominal",
        "popup_label": "<strong>NASA FIRMS<\/strong><br>Sensor: VIIRS_SNPP_NRT<br>Fecha UTC: 2026-09-23T12:51:00Z<br>Confianza: nominal<br>FRP: 2.66 MW"
      }
    },
    {
      "type": "Feature",
      "geometry": {
        "type": "Point",
        "coordinates": [0.9817, 41.4188]
      },
      "properties": {
        "bright_ti4": 334.08,
        "scan": 0.42,
        "track": 0.38,
        "acq_date": "2026-09-23",
        "acq_time": "1251",
        "satellite": "N",
        "instrument": "VIIRS",
        "confidence": "n",
        "version": "2.0NRT",
        "bright_ti5": 305.63,
        "frp": 1.99,
        "daynight": "D",
        "source_dataset": "VIIRS_SNPP_NRT",
        "acq_datetime_utc": "2026-09-23T12:51:00Z",
        "age_hours": 5,
        "confidence_label": "nominal",
        "popup_label": "<strong>NASA FIRMS<\/strong><br>Sensor: VIIRS_SNPP_NRT<br>Fecha UTC: 2026-09-23T12:51:00Z<br>Confianza: nominal<br>FRP: 1.99 MW"
      }
    },
    {
      "type": "Feature",
      "geometry": {
        "type": "Point",
        "coordinates": [0.6194, 41.6338]
      },
      "properties": {
        "bright_ti4": 342.77,
        "scan": 0.43,
        "track": 0.38,
        "acq_date": "2026-09-23",
        "acq_time": "1251",
        "satellite": "N",
        "instrument": "VIIRS",
        "confidence": "n",
        "version": "2.0NRT",
        "bright_ti5": 307.69,
        "frp": 2.52,
        "daynight": "D",
        "source_dataset": "VIIRS_SNPP_NRT",
        "acq_datetime_utc": "2026-09-23T12:51:00Z",
        "age_hours": 5,
        "confidence_label": "nominal",
        "popup_label": "<strong>NASA FIRMS<\/strong><br>Sensor: VIIRS_SNPP_NRT<br>Fecha UTC: 2026-09-23T12:51:00Z<br>Confianza: nominal<br>FRP: 2.52 MW"
      }
    },
    {
      "type": "Feature",
      "geometry": {
        "type": "Point",
        "coordinates": [0.6183, 41.6373]
      },
      "properties": {
        "bright_ti4": 346.02,
        "scan": 0.43,
        "track": 0.38,
        "acq_date": "2026-09-23",
        "acq_time": "1251",
        "satellite": "N",
        "instrument": "VIIRS",
        "confidence": "n",
        "version": "2.0NRT",
        "bright_ti5": 305.7,
        "frp": 2.52,
        "daynight": "D",
        "source_dataset": "VIIRS_SNPP_NRT",
        "acq_datetime_utc": "2026-09-23T12:51:00Z",
        "age_hours": 5,
        "confidence_label": "nominal",
        "popup_label": "<strong>NASA FIRMS<\/strong><br>Sensor: VIIRS_SNPP_NRT<br>Fecha UTC: 2026-09-23T12:51:00Z<br>Confianza: nominal<br>FRP: 2.52 MW"
      }
    },
    {
      "type": "Feature",
      "geometry": {
        "type": "Point",
        "coordinates": [0.8406, 41.7659]
      },
      "properties": {
        "bright_ti4": 340.89,
        "scan": 0.42,
        "track": 0.38,
        "acq_date": "2026-09-23",
        "acq_time": "1251",
        "satellite": "N",
        "instrument": "VIIRS",
        "confidence": "n",
        "version": "2.0NRT",
        "bright_ti5": 305.27,
        "frp": 4.92,
        "daynight": "D",
        "source_dataset": "VIIRS_SNPP_NRT",
        "acq_datetime_utc": "2026-09-23T12:51:00Z",
        "age_hours": 5,
        "confidence_label": "nominal",
        "popup_label": "<strong>NASA FIRMS<\/strong><br>Sensor: VIIRS_SNPP_NRT<br>Fecha UTC: 2026-09-23T12:51:00Z<br>Confianza: nominal<br>FRP: 4.92 MW"
      }
    },
    {
      "type": "Feature",
      "geometry": {
        "type": "Point",
        "coordinates": [2.8753, 42.7058]
      },
      "properties": {
        "bright_ti4": 335.04,
        "scan": 0.39,
        "track": 0.36,
        "acq_date": "2026-09-23",
        "acq_time": "1251",
        "satellite": "N",
        "instrument": "VIIRS",
        "confidence": "n",
        "version": "2.0NRT",
        "bright_ti5": 303.58,
        "frp": 4.2,
        "daynight": "D",
        "source_dataset": "VIIRS_SNPP_NRT",
        "acq_datetime_utc": "2026-09-23T12:51:00Z",
        "age_hours": 5,
        "confidence_label": "nominal",
        "popup_label": "<strong>NASA FIRMS<\/strong><br>Sensor: VIIRS_SNPP_NRT<br>Fecha UTC: 2026-09-23T12:51:00Z<br>Confianza: nominal<br>FRP: 4.2 MW"
      }
    },
    {
      "type": "Feature",
      "geometry": {
        "type": "Point",
        "coordinates": [-0.515, 28.1998]
      },
      "properties": {
        "bright_ti4": 340.7,
        "scan": 0.56,
        "track": 0.51,
        "acq_date": "2026-09-23",
        "acq_time": "1249",
        "satellite": "N",
        "instrument": "VIIRS",
        "confidence": "n",
        "version": "2.0NRT",
        "bright_ti5": 306.29,
        "frp": 2.49,
        "daynight": "D",
        "source_dataset": "VIIRS_SNPP_NRT",
        "acq_datetime_utc": "2026-09-23T12:49:00Z",
        "age_hours": 5.1,
        "confidence_label": "nominal",
        "popup_label": "<strong>NASA FIRMS<\/strong><br>Sensor: VIIRS_SNPP_NRT<br>Fecha UTC: 2026-09-23T12:49:00Z<br>Confianza: nominal<br>FRP: 2.49 MW"
      }
    },
    {
      "type": "Feature",
      "geometry": {
        "type": "Point",
        "coordinates": [1.2574, 27.0637]
      },
      "properties": {
        "bright_ti4": 367,
        "scan": 0.46,
        "track": 0.47,
        "acq_date": "2026-09-23",
        "acq_time": "1246",
        "satellite": "N",
        "instrument": "VIIRS",
        "confidence": "h",
        "version": "2.0NRT",
        "bright_ti5": 313.86,
        "frp": 24.79,
        "daynight": "D",
        "source_dataset": "VIIRS_SNPP_NRT",
        "acq_datetime_utc": "2026-09-23T12:46:00Z",
        "age_hours": 5.1,
        "confidence_label": "alta",
        "popup_label": "<strong>NASA FIRMS<\/strong><br>Sensor: VIIRS_SNPP_NRT<br>Fecha UTC: 2026-09-23T12:46:00Z<br>Confianza: alta<br>FRP: 24.79 MW"
      }
    },
    {
      "type": "Feature",
      "geometry": {
        "type": "Point",
        "coordinates": [1.2621, 27.0646]
      },
      "properties": {
        "bright_ti4": 341.7,
        "scan": 0.46,
        "track": 0.47,
        "acq_date": "2026-09-23",
        "acq_time": "1246",
        "satellite": "N",
        "instrument": "VIIRS",
        "confidence": "n",
        "version": "2.0NRT",
        "bright_ti5": 309.94,
        "frp": 11.96,
        "daynight": "D",
        "source_dataset": "VIIRS_SNPP_NRT",
        "acq_datetime_utc": "2026-09-23T12:46:00Z",
        "age_hours": 5.1,
        "confidence_label": "nominal",
        "popup_label": "<strong>NASA FIRMS<\/strong><br>Sensor: VIIRS_SNPP_NRT<br>Fecha UTC: 2026-09-23T12:46:00Z<br>Confianza: nominal<br>FRP: 11.96 MW"
      }
    },
    {
      "type": "Feature",
      "geometry": {
        "type": "Point",
        "coordinates": [1.2585, 27.0652]
      },
      "properties": {
        "bright_ti4": 357.1,
        "scan": 0.46,
        "track": 0.47,
        "acq_date": "2026-09-23",
        "acq_time": "1246",
        "satellite": "N",
        "instrument": "VIIRS",
        "confidence": "n",
        "version": "2.0NRT",
        "bright_ti5": 318.71,
        "frp": 85.51,
        "daynight": "D",
        "source_dataset": "VIIRS_SNPP_NRT",
        "acq_datetime_utc": "2026-09-23T12:46:00Z",
        "age_hours": 5.1,
        "confidence_label": "nominal",
        "popup_label": "<strong>NASA FIRMS<\/strong><br>Sensor: VIIRS_SNPP_NRT<br>Fecha UTC: 2026-09-23T12:46:00Z<br>Confianza: nominal<br>FRP: 85.51 MW"
      }
    },
    {
      "type": "Feature",
      "geometry": {
        "type": "Point",
        "coordinates": [1.2517, 27.0671]
      },
      "properties": {
        "bright_ti4": 342.29,
        "scan": 0.46,
        "track": 0.47,
        "acq_date": "2026-09-23",
        "acq_time": "1246",
        "satellite": "N",
        "instrument": "VIIRS",
        "confidence": "n",
        "version": "2.0NRT",
        "bright_ti5": 310.98,
        "frp": 82.17,
        "daynight": "D",
        "source_dataset": "VIIRS_SNPP_NRT",
        "acq_datetime_utc": "2026-09-23T12:46:00Z",
        "age_hours": 5.1,
        "confidence_label": "nominal",
        "popup_label": "<strong>NASA FIRMS<\/strong><br>Sensor: VIIRS_SNPP_NRT<br>Fecha UTC: 2026-09-23T12:46:00Z<br>Confianza: nominal<br>FRP: 82.17 MW"
      }
    },
    {
      "type": "Feature",
      "geometry": {
        "type": "Point",
        "coordinates": [1.2563, 27.068]
      },
      "properties": {
        "bright_ti4": 367,
        "scan": 0.46,
        "track": 0.47,
        "acq_date": "2026-09-23",
        "acq_time": "1246",
        "satellite": "N",
        "instrument": "VIIRS",
        "confidence": "h",
        "version": "2.0NRT",
        "bright_ti5": 341.19,
        "frp": 82.17,
        "daynight": "D",
        "source_dataset": "VIIRS_SNPP_NRT",
        "acq_datetime_utc": "2026-09-23T12:46:00Z",
        "age_hours": 5.1,
        "confidence_label": "alta",
        "popup_label": "<strong>NASA FIRMS<\/strong><br>Sensor: VIIRS_SNPP_NRT<br>Fecha UTC: 2026-09-23T12:46:00Z<br>Confianza: alta<br>FRP: 82.17 MW"
      }
    },
    {
      "type": "Feature",
      "geometry": {
        "type": "Point",
        "coordinates": [1.261, 27.0689]
      },
      "properties": {
        "bright_ti4": 347.11,
        "scan": 0.46,
        "track": 0.47,
        "acq_date": "2026-09-23",
        "acq_time": "1246",
        "satellite": "N",
        "instrument": "VIIRS",
        "confidence": "n",
        "version": "2.0NRT",
        "bright_ti5": 313.05,
        "frp": 65.35,
        "daynight": "D",
        "source_dataset": "VIIRS_SNPP_NRT",
        "acq_datetime_utc": "2026-09-23T12:46:00Z",
        "age_hours": 5.1,
        "confidence_label": "nominal",
        "popup_label": "<strong>NASA FIRMS<\/strong><br>Sensor: VIIRS_SNPP_NRT<br>Fecha UTC: 2026-09-23T12:46:00Z<br>Confianza: nominal<br>FRP: 65.35 MW"
      }
    },
    {
      "type": "Feature",
      "geometry": {
        "type": "Point",
        "coordinates": [1.2574, 27.0695]
      },
      "properties": {
        "bright_ti4": 367,
        "scan": 0.46,
        "track": 0.47,
        "acq_date": "2026-09-23",
        "acq_time": "1246",
        "satellite": "N",
        "instrument": "VIIRS",
        "confidence": "l",
        "version": "2.0NRT",
        "bright_ti5": 329.51,
        "frp": 184.28,
        "daynight": "D",
        "source_dataset": "VIIRS_SNPP_NRT",
        "acq_datetime_utc": "2026-09-23T12:46:00Z",
        "age_hours": 5.1,
        "confidence_label": "baja",
        "popup_label": "<strong>NASA FIRMS<\/strong><br>Sensor: VIIRS_SNPP_NRT<br>Fecha UTC: 2026-09-23T12:46:00Z<br>Confianza: baja<br>FRP: 184.28 MW"
      }
    },
    {
      "type": "Feature",
      "geometry": {
        "type": "Point",
        "coordinates": [0.029, 27.1081]
      },
      "properties": {
        "bright_ti4": 341.21,
        "scan": 0.55,
        "track": 0.51,
        "acq_date": "2026-09-23",
        "acq_time": "1246",
        "satellite": "N",
        "instrument": "VIIRS",
        "confidence": "n",
        "version": "2.0NRT",
        "bright_ti5": 310.62,
        "frp": 5.67,
        "daynight": "D",
        "source_dataset": "VIIRS_SNPP_NRT",
        "acq_datetime_utc": "2026-09-23T12:46:00Z",
        "age_hours": 5.1,
        "confidence_label": "nominal",
        "popup_label": "<strong>NASA FIRMS<\/strong><br>Sensor: VIIRS_SNPP_NRT<br>Fecha UTC: 2026-09-23T12:46:00Z<br>Confianza: nominal<br>FRP: 5.67 MW"
      }
    },
    {
      "type": "Feature",
      "geometry": {
        "type": "Point",
        "coordinates": [-8.2396, 31.2451]
      },
      "properties": {
        "bright_ti4": 304.05,
        "scan": 0.33,
        "track": 0.55,
        "acq_date": "2026-09-23",
        "acq_time": "0310",
        "satellite": "N",
        "instrument": "VIIRS",
        "confidence": "n",
        "version": "2.0NRT",
        "bright_ti5": 288.76,
        "frp": 0.73,
        "daynight": "N",
        "source_dataset": "VIIRS_SNPP_NRT",
        "acq_datetime_utc": "2026-09-23T03:10:00Z",
        "age_hours": 14.7,
        "confidence_label": "nominal",
        "popup_label": "<strong>NASA FIRMS<\/strong><br>Sensor: VIIRS_SNPP_NRT<br>Fecha UTC: 2026-09-23T03:10:00Z<br>Confianza: nominal<br>FRP: 0.73 MW"
      }
    },
    {
      "type": "Feature",
      "geometry": {
        "type": "Point",
        "coordinates": [-5.3318, 33.8474]
      },
      "properties": {
        "bright_ti4": 297.87,
        "scan": 0.41,
        "track": 0.61,
        "acq_date": "2026-09-23",
        "acq_time": "0310",
        "satellite": "N",
        "instrument": "VIIRS",
        "confidence": "n",
        "version": "2.0NRT",
        "bright_ti5": 287.87,
        "frp": 0.48,
        "daynight": "N",
        "source_dataset": "VIIRS_SNPP_NRT",
        "acq_datetime_utc": "2026-09-23T03:10:00Z",
        "age_hours": 14.7,
        "confidence_label": "nominal",
        "popup_label": "<strong>NASA FIRMS<\/strong><br>Sensor: VIIRS_SNPP_NRT<br>Fecha UTC: 2026-09-23T03:10:00Z<br>Confianza: nominal<br>FRP: 0.48 MW"
      }
    },
    {
      "type": "Feature",
      "geometry": {
        "type": "Point",
        "coordinates": [-0.2762, 35.5316]
      },
      "properties": {
        "bright_ti4": 298.64,
        "scan": 0.69,
        "track": 0.74,
        "acq_date": "2026-09-23",
        "acq_time": "0310",
        "satellite": "N",
        "instrument": "VIIRS",
        "confidence": "n",
        "version": "2.0NRT",
        "bright_ti5": 287.79,
        "frp": 1.05,
        "daynight": "N",
        "source_dataset": "VIIRS_SNPP_NRT",
        "acq_datetime_utc": "2026-09-23T03:10:00Z",
        "age_hours": 14.7,
        "confidence_label": "nominal",
        "popup_label": "<strong>NASA FIRMS<\/strong><br>Sensor: VIIRS_SNPP_NRT<br>Fecha UTC: 2026-09-23T03:10:00Z<br>Confianza: nominal<br>FRP: 1.05 MW"
      }
    },
    {
      "type": "Feature",
      "geometry": {
        "type": "Point",
        "coordinates": [-0.2513, 35.8095]
      },
      "properties": {
        "bright_ti4": 312.88,
        "scan": 0.68,
        "track": 0.74,
        "acq_date": "2026-09-23",
        "acq_time": "0310",
        "satellite": "N",
        "instrument": "VIIRS",
        "confidence": "n",
        "version": "2.0NRT",
        "bright_ti5": 288.93,
        "frp": 3.61,
        "daynight": "N",
        "source_dataset": "VIIRS_SNPP_NRT",
        "acq_datetime_utc": "2026-09-23T03:10:00Z",
        "age_hours": 14.7,
        "confidence_label": "nominal",
        "popup_label": "<strong>NASA FIRMS<\/strong><br>Sensor: VIIRS_SNPP_NRT<br>Fecha UTC: 2026-09-23T03:10:00Z<br>Confianza: nominal<br>FRP: 3.61 MW"
      }
    },
    {
      "type": "Feature",
      "geometry": {
        "type": "Point",
        "coordinates": [-0.2659, 35.8141]
      },
      "properties": {
        "bright_ti4": 306.88,
        "scan": 0.68,
        "track": 0.74,
        "acq_date": "2026-09-23",
        "acq_time": "0310",
        "satellite": "N",
        "instrument": "VIIRS",
        "confidence": "n",
        "version": "2.0NRT",
        "bright_ti5": 289.8,
        "frp": 3.42,
        "daynight": "N",
        "source_dataset": "VIIRS_SNPP_NRT",
        "acq_datetime_utc": "2026-09-23T03:10:00Z",
        "age_hours": 14.7,
        "confidence_label": "nominal",
        "popup_label": "<strong>NASA FIRMS<\/strong><br>Sensor: VIIRS_SNPP_NRT<br>Fecha UTC: 2026-09-23T03:10:00Z<br>Confianza: nominal<br>FRP: 3.42 MW"
      }
    },
    {
      "type": "Feature",
      "geometry": {
        "type": "Point",
        "coordinates": [-5.9193, 36.7351]
      },
      "properties": {
        "bright_ti4": 324.08,
        "scan": 0.33,
        "track": 0.55,
        "acq_date": "2026-09-23",
        "acq_time": "0310",
        "satellite": "N",
        "instrument": "VIIRS",
        "confidence": "n",
        "version": "2.0NRT",
        "bright_ti5": 289.35,
        "frp": 1.63,
        "daynight": "N",
        "source_dataset": "VIIRS_SNPP_NRT",
        "acq_datetime_utc": "2026-09-23T03:10:00Z",
        "age_hours": 14.7,
        "confidence_label": "nominal",
        "popup_label": "<strong>NASA FIRMS<\/strong><br>Sensor: VIIRS_SNPP_NRT<br>Fecha UTC: 2026-09-23T03:10:00Z<br>Confianza: nominal<br>FRP: 1.63 MW"
      }
    },
    {
      "type": "Feature",
      "geometry": {
        "type": "Point",
        "coordinates": [-5.9174, 36.74]
      },
      "properties": {
        "bright_ti4": 309.07,
        "scan": 0.33,
        "track": 0.55,
        "acq_date": "2026-09-23",
        "acq_time": "0310",
        "satellite": "N",
        "instrument": "VIIRS",
        "confidence": "n",
        "version": "2.0NRT",
        "bright_ti5": 289.49,
        "frp": 0.74,
        "daynight": "N",
        "source_dataset": "VIIRS_SNPP_NRT",
        "acq_datetime_utc": "2026-09-23T03:10:00Z",
        "age_hours": 14.7,
        "confidence_label": "nominal",
        "popup_label": "<strong>NASA FIRMS<\/strong><br>Sensor: VIIRS_SNPP_NRT<br>Fecha UTC: 2026-09-23T03:10:00Z<br>Confianza: nominal<br>FRP: 0.74 MW"
      }
    },
    {
      "type": "Feature",
      "geometry": {
        "type": "Point",
        "coordinates": [-5.8917, 37.0046]
      },
      "properties": {
        "bright_ti4": 305.19,
        "scan": 0.32,
        "track": 0.55,
        "acq_date": "2026-09-23",
        "acq_time": "0310",
        "satellite": "N",
        "instrument": "VIIRS",
        "confidence": "n",
        "version": "2.0NRT",
        "bright_ti5": 289.78,
        "frp": 0.59,
        "daynight": "N",
        "source_dataset": "VIIRS_SNPP_NRT",
        "acq_datetime_utc": "2026-09-23T03:10:00Z",
        "age_hours": 14.7,
        "confidence_label": "nominal",
        "popup_label": "<strong>NASA FIRMS<\/strong><br>Sensor: VIIRS_SNPP_NRT<br>Fecha UTC: 2026-09-23T03:10:00Z<br>Confianza: nominal<br>FRP: 0.59 MW"
      }
    },
    {
      "type": "Feature",
      "geometry": {
        "type": "Point",
        "coordinates": [-8.8045, 37.96]
      },
      "properties": {
        "bright_ti4": 303.92,
        "scan": 0.43,
        "track": 0.46,
        "acq_date": "2026-09-23",
        "acq_time": "0310",
        "satellite": "N",
        "instrument": "VIIRS",
        "confidence": "n",
        "version": "2.0NRT",
        "bright_ti5": 293.67,
        "frp": 1.65,
        "daynight": "N",
        "source_dataset": "VIIRS_SNPP_NRT",
        "acq_datetime_utc": "2026-09-23T03:10:00Z",
        "age_hours": 14.7,
        "confidence_label": "nominal",
        "popup_label": "<strong>NASA FIRMS<\/strong><br>Sensor: VIIRS_SNPP_NRT<br>Fecha UTC: 2026-09-23T03:10:00Z<br>Confianza: nominal<br>FRP: 1.65 MW"
      }
    },
    {
      "type": "Feature",
      "geometry": {
        "type": "Point",
        "coordinates": [-0.5454, 38.3759]
      },
      "properties": {
        "bright_ti4": 300.18,
        "scan": 0.55,
        "track": 0.68,
        "acq_date": "2026-09-23",
        "acq_time": "0308",
        "satellite": "N",
        "instrument": "VIIRS",
        "confidence": "n",
        "version": "2.0NRT",
        "bright_ti5": 288.2,
        "frp": 0.9,
        "daynight": "N",
        "source_dataset": "VIIRS_SNPP_NRT",
        "acq_datetime_utc": "2026-09-23T03:08:00Z",
        "age_hours": 14.8,
        "confidence_label": "nominal",
        "popup_label": "<strong>NASA FIRMS<\/strong><br>Sensor: VIIRS_SNPP_NRT<br>Fecha UTC: 2026-09-23T03:08:00Z<br>Confianza: nominal<br>FRP: 0.9 MW"
      }
    },
    {
      "type": "Feature",
      "geometry": {
        "type": "Point",
        "coordinates": [-5.5971, 38.6514]
      },
      "properties": {
        "bright_ti4": 304.8,
        "scan": 0.61,
        "track": 0.53,
        "acq_date": "2026-09-23",
        "acq_time": "0308",
        "satellite": "N",
        "instrument": "VIIRS",
        "confidence": "n",
        "version": "2.0NRT",
        "bright_ti5": 289.04,
        "frp": 1.06,
        "daynight": "N",
        "source_dataset": "VIIRS_SNPP_NRT",
        "acq_datetime_utc": "2026-09-23T03:08:00Z",
        "age_hours": 14.8,
        "confidence_label": "nominal",
        "popup_label": "<strong>NASA FIRMS<\/strong><br>Sensor: VIIRS_SNPP_NRT<br>Fecha UTC: 2026-09-23T03:08:00Z<br>Confianza: nominal<br>FRP: 1.06 MW"
      }
    },
    {
      "type": "Feature",
      "geometry": {
        "type": "Point",
        "coordinates": [-5.5951, 38.6561]
      },
      "properties": {
        "bright_ti4": 309.61,
        "scan": 0.61,
        "track": 0.53,
        "acq_date": "2026-09-23",
        "acq_time": "0308",
        "satellite": "N",
        "instrument": "VIIRS",
        "confidence": "n",
        "version": "2.0NRT",
        "bright_ti5": 288.71,
        "frp": 1.19,
        "daynight": "N",
        "source_dataset": "VIIRS_SNPP_NRT",
        "acq_datetime_utc": "2026-09-23T03:08:00Z",
        "age_hours": 14.8,
        "confidence_label": "nominal",
        "popup_label": "<strong>NASA FIRMS<\/strong><br>Sensor: VIIRS_SNPP_NRT<br>Fecha UTC: 2026-09-23T03:08:00Z<br>Confianza: nominal<br>FRP: 1.19 MW"
      }
    },
    {
      "type": "Feature",
      "geometry": {
        "type": "Point",
        "coordinates": [-9.2858, 39.38]
      },
      "properties": {
        "bright_ti4": 301.66,
        "scan": 0.38,
        "track": 0.44,
        "acq_date": "2026-09-23",
        "acq_time": "0308",
        "satellite": "N",
        "instrument": "VIIRS",
        "confidence": "n",
        "version": "2.0NRT",
        "bright_ti5": 288.19,
        "frp": 0.48,
        "daynight": "N",
        "source_dataset": "VIIRS_SNPP_NRT",
        "acq_datetime_utc": "2026-09-23T03:08:00Z",
        "age_hours": 14.8,
        "confidence_label": "nominal",
        "popup_label": "<strong>NASA FIRMS<\/strong><br>Sensor: VIIRS_SNPP_NRT<br>Fecha UTC: 2026-09-23T03:08:00Z<br>Confianza: nominal<br>FRP: 0.48 MW"
      }
    },
    {
      "type": "Feature",
      "geometry": {
        "type": "Point",
        "coordinates": [-4.4497, 40.0616]
      },
      "properties": {
        "bright_ti4": 319.64,
        "scan": 0.32,
        "track": 0.55,
        "acq_date": "2026-09-23",
        "acq_time": "0308",
        "satellite": "N",
        "instrument": "VIIRS",
        "confidence": "n",
        "version": "2.0NRT",
        "bright_ti5": 286.4,
        "frp": 1.39,
        "daynight": "N",
        "source_dataset": "VIIRS_SNPP_NRT",
        "acq_datetime_utc": "2026-09-23T03:08:00Z",
        "age_hours": 14.8,
        "confidence_label": "nominal",
        "popup_label": "<strong>NASA FIRMS<\/strong><br>Sensor: VIIRS_SNPP_NRT<br>Fecha UTC: 2026-09-23T03:08:00Z<br>Confianza: nominal<br>FRP: 1.39 MW"
      }
    },
    {
      "type": "Feature",
      "geometry": {
        "type": "Point",
        "coordinates": [-3.473, 40.2462]
      },
      "properties": {
        "bright_ti4": 324.84,
        "scan": 0.35,
        "track": 0.57,
        "acq_date": "2026-09-23",
        "acq_time": "0308",
        "satellite": "N",
        "instrument": "VIIRS",
        "confidence": "n",
        "version": "2.0NRT",
        "bright_ti5": 290.68,
        "frp": 3.01,
        "daynight": "N",
        "source_dataset": "VIIRS_SNPP_NRT",
        "acq_datetime_utc": "2026-09-23T03:08:00Z",
        "age_hours": 14.8,
        "confidence_label": "nominal",
        "popup_label": "<strong>NASA FIRMS<\/strong><br>Sensor: VIIRS_SNPP_NRT<br>Fecha UTC: 2026-09-23T03:08:00Z<br>Confianza: nominal<br>FRP: 3.01 MW"
      }
    },
    {
      "type": "Feature",
      "geometry": {
        "type": "Point",
        "coordinates": [-8.4203, 40.289]
      },
      "properties": {
        "bright_ti4": 305.33,
        "scan": 0.4,
        "track": 0.44,
        "acq_date": "2026-09-23",
        "acq_time": "0308",
        "satellite": "N",
        "instrument": "VIIRS",
        "confidence": "n",
        "version": "2.0NRT",
        "bright_ti5": 290.54,
        "frp": 1.18,
        "daynight": "N",
        "source_dataset": "VIIRS_SNPP_NRT",
        "acq_datetime_utc": "2026-09-23T03:08:00Z",
        "age_hours": 14.8,
        "confidence_label": "nominal",
        "popup_label": "<strong>NASA FIRMS<\/strong><br>Sensor: VIIRS_SNPP_NRT<br>Fecha UTC: 2026-09-23T03:08:00Z<br>Confianza: nominal<br>FRP: 1.18 MW"
      }
    },
    {
      "type": "Feature",
      "geometry": {
        "type": "Point",
        "coordinates": [-7.0404, 40.7437]
      },
      "properties": {
        "bright_ti4": 339.98,
        "scan": 0.46,
        "track": 0.47,
        "acq_date": "2026-09-23",
        "acq_time": "0308",
        "satellite": "N",
        "instrument": "VIIRS",
        "confidence": "n",
        "version": "2.0NRT",
        "bright_ti5": 288.79,
        "frp": 10.86,
        "daynight": "N",
        "source_dataset": "VIIRS_SNPP_NRT",
        "acq_datetime_utc": "2026-09-23T03:08:00Z",
        "age_hours": 14.8,
        "confidence_label": "nominal",
        "popup_label": "<strong>NASA FIRMS<\/strong><br>Sensor: VIIRS_SNPP_NRT<br>Fecha UTC: 2026-09-23T03:08:00Z<br>Confianza: nominal<br>FRP: 10.86 MW"
      }
    },
    {
      "type": "Feature",
      "geometry": {
        "type": "Point",
        "coordinates": [-7.0457, 40.7449]
      },
      "properties": {
        "bright_ti4": 319.62,
        "scan": 0.46,
        "track": 0.47,
        "acq_date": "2026-09-23",
        "acq_time": "0308",
        "satellite": "N",
        "instrument": "VIIRS",
        "confidence": "n",
        "version": "2.0NRT",
        "bright_ti5": 286.29,
        "frp": 10.86,
        "daynight": "N",
        "source_dataset": "VIIRS_SNPP_NRT",
        "acq_datetime_utc": "2026-09-23T03:08:00Z",
        "age_hours": 14.8,
        "confidence_label": "nominal",
        "popup_label": "<strong>NASA FIRMS<\/strong><br>Sensor: VIIRS_SNPP_NRT<br>Fecha UTC: 2026-09-23T03:08:00Z<br>Confianza: nominal<br>FRP: 10.86 MW"
      }
    },
    {
      "type": "Feature",
      "geometry": {
        "type": "Point",
        "coordinates": [-7.0385, 40.7478]
      },
      "properties": {
        "bright_ti4": 338.4,
        "scan": 0.46,
        "track": 0.47,
        "acq_date": "2026-09-23",
        "acq_time": "0308",
        "satellite": "N",
        "instrument": "VIIRS",
        "confidence": "n",
        "version": "2.0NRT",
        "bright_ti5": 291.54,
        "frp": 6.58,
        "daynight": "N",
        "source_dataset": "VIIRS_SNPP_NRT",
        "acq_datetime_utc": "2026-09-23T03:08:00Z",
        "age_hours": 14.8,
        "confidence_label": "nominal",
        "popup_label": "<strong>NASA FIRMS<\/strong><br>Sensor: VIIRS_SNPP_NRT<br>Fecha UTC: 2026-09-23T03:08:00Z<br>Confianza: nominal<br>FRP: 6.58 MW"
      }
    },
    {
      "type": "Feature",
      "geometry": {
        "type": "Point",
        "coordinates": [-7.0369, 40.7489]
      },
      "properties": {
        "bright_ti4": 295.27,
        "scan": 0.46,
        "track": 0.47,
        "acq_date": "2026-09-23",
        "acq_time": "0308",
        "satellite": "N",
        "instrument": "VIIRS",
        "confidence": "n",
        "version": "2.0NRT",
        "bright_ti5": 285.1,
        "frp": 0.3,
        "daynight": "N",
        "source_dataset": "VIIRS_SNPP_NRT",
        "acq_datetime_utc": "2026-09-23T03:08:00Z",
        "age_hours": 14.8,
        "confidence_label": "nominal",
        "popup_label": "<strong>NASA FIRMS<\/strong><br>Sensor: VIIRS_SNPP_NRT<br>Fecha UTC: 2026-09-23T03:08:00Z<br>Confianza: nominal<br>FRP: 0.3 MW"
      }
    },
    {
      "type": "Feature",
      "geometry": {
        "type": "Point",
        "coordinates": [-7.0438, 40.749]
      },
      "properties": {
        "bright_ti4": 316.11,
        "scan": 0.46,
        "track": 0.47,
        "acq_date": "2026-09-23",
        "acq_time": "0308",
        "satellite": "N",
        "instrument": "VIIRS",
        "confidence": "n",
        "version": "2.0NRT",
        "bright_ti5": 285.46,
        "frp": 6.58,
        "daynight": "N",
        "source_dataset": "VIIRS_SNPP_NRT",
        "acq_datetime_utc": "2026-09-23T03:08:00Z",
        "age_hours": 14.8,
        "confidence_label": "nominal",
        "popup_label": "<strong>NASA FIRMS<\/strong><br>Sensor: VIIRS_SNPP_NRT<br>Fecha UTC: 2026-09-23T03:08:00Z<br>Confianza: nominal<br>FRP: 6.58 MW"
      }
    },
    {
      "type": "Feature",
      "geometry": {
        "type": "Point",
        "coordinates": [-7.0422, 40.7501]
      },
      "properties": {
        "bright_ti4": 298.46,
        "scan": 0.46,
        "track": 0.47,
        "acq_date": "2026-09-23",
        "acq_time": "0308",
        "satellite": "N",
        "instrument": "VIIRS",
        "confidence": "n",
        "version": "2.0NRT",
        "bright_ti5": 284.56,
        "frp": 0.33,
        "daynight": "N",
        "source_dataset": "VIIRS_SNPP_NRT",
        "acq_datetime_utc": "2026-09-23T03:08:00Z",
        "age_hours": 14.8,
        "confidence_label": "nominal",
        "popup_label": "<strong>NASA FIRMS<\/strong><br>Sensor: VIIRS_SNPP_NRT<br>Fecha UTC: 2026-09-23T03:08:00Z<br>Confianza: nominal<br>FRP: 0.33 MW"
      }
    },
    {
      "type": "Feature",
      "geometry": {
        "type": "Point",
        "coordinates": [-8.5, 41.276]
      },
      "properties": {
        "bright_ti4": 328.55,
        "scan": 0.57,
        "track": 0.43,
        "acq_date": "2026-09-23",
        "acq_time": "0308",
        "satellite": "N",
        "instrument": "VIIRS",
        "confidence": "n",
        "version": "2.0NRT",
        "bright_ti5": 290.06,
        "frp": 3.74,
        "daynight": "N",
        "source_dataset": "VIIRS_SNPP_NRT",
        "acq_datetime_utc": "2026-09-23T03:08:00Z",
        "age_hours": 14.8,
        "confidence_label": "nominal",
        "popup_label": "<strong>NASA FIRMS<\/strong><br>Sensor: VIIRS_SNPP_NRT<br>Fecha UTC: 2026-09-23T03:08:00Z<br>Confianza: nominal<br>FRP: 3.74 MW"
      }
    },
    {
      "type": "Feature",
      "geometry": {
        "type": "Point",
        "coordinates": [-8.5137, 41.279]
      },
      "properties": {
        "bright_ti4": 303.32,
        "scan": 0.57,
        "track": 0.43,
        "acq_date": "2026-09-23",
        "acq_time": "0308",
        "satellite": "N",
        "instrument": "VIIRS",
        "confidence": "n",
        "version": "2.0NRT",
        "bright_ti5": 290.8,
        "frp": 1.58,
        "daynight": "N",
        "source_dataset": "VIIRS_SNPP_NRT",
        "acq_datetime_utc": "2026-09-23T03:08:00Z",
        "age_hours": 14.8,
        "confidence_label": "nominal",
        "popup_label": "<strong>NASA FIRMS<\/strong><br>Sensor: VIIRS_SNPP_NRT<br>Fecha UTC: 2026-09-23T03:08:00Z<br>Confianza: nominal<br>FRP: 1.58 MW"
      }
    },
    {
      "type": "Feature",
      "geometry": {
        "type": "Point",
        "coordinates": [-8.5093, 41.2907]
      },
      "properties": {
        "bright_ti4": 315.3,
        "scan": 0.57,
        "track": 0.43,
        "acq_date": "2026-09-23",
        "acq_time": "0308",
        "satellite": "N",
        "instrument": "VIIRS",
        "confidence": "n",
        "version": "2.0NRT",
        "bright_ti5": 290.34,
        "frp": 2.95,
        "daynight": "N",
        "source_dataset": "VIIRS_SNPP_NRT",
        "acq_datetime_utc": "2026-09-23T03:08:00Z",
        "age_hours": 14.8,
        "confidence_label": "nominal",
        "popup_label": "<strong>NASA FIRMS<\/strong><br>Sensor: VIIRS_SNPP_NRT<br>Fecha UTC: 2026-09-23T03:08:00Z<br>Confianza: nominal<br>FRP: 2.95 MW"
      }
    },
    {
      "type": "Feature",
      "geometry": {
        "type": "Point",
        "coordinates": [1.6628, 41.3108]
      },
      "properties": {
        "bright_ti4": 305.27,
        "scan": 0.58,
        "track": 0.7,
        "acq_date": "2026-09-23",
        "acq_time": "0308",
        "satellite": "N",
        "instrument": "VIIRS",
        "confidence": "n",
        "version": "2.0NRT",
        "bright_ti5": 289.04,
        "frp": 1.25,
        "daynight": "N",
        "source_dataset": "VIIRS_SNPP_NRT",
        "acq_datetime_utc": "2026-09-23T03:08:00Z",
        "age_hours": 14.8,
        "confidence_label": "nominal",
        "popup_label": "<strong>NASA FIRMS<\/strong><br>Sensor: VIIRS_SNPP_NRT<br>Fecha UTC: 2026-09-23T03:08:00Z<br>Confianza: nominal<br>FRP: 1.25 MW"
      }
    },
    {
      "type": "Feature",
      "geometry": {
        "type": "Point",
        "coordinates": [1.6623, 41.3121]
      },
      "properties": {
        "bright_ti4": 307.31,
        "scan": 0.58,
        "track": 0.7,
        "acq_date": "2026-09-23",
        "acq_time": "0308",
        "satellite": "N",
        "instrument": "VIIRS",
        "confidence": "n",
        "version": "2.0NRT",
        "bright_ti5": 289.04,
        "frp": 1.78,
        "daynight": "N",
        "source_dataset": "VIIRS_SNPP_NRT",
        "acq_datetime_utc": "2026-09-23T03:08:00Z",
        "age_hours": 14.8,
        "confidence_label": "nominal",
        "popup_label": "<strong>NASA FIRMS<\/strong><br>Sensor: VIIRS_SNPP_NRT<br>Fecha UTC: 2026-09-23T03:08:00Z<br>Confianza: nominal<br>FRP: 1.78 MW"
      }
    },
    {
      "type": "Feature",
      "geometry": {
        "type": "Point",
        "coordinates": [-8.015, 41.4218]
      },
      "properties": {
        "bright_ti4": 314.29,
        "scan": 0.4,
        "track": 0.44,
        "acq_date": "2026-09-23",
        "acq_time": "0308",
        "satellite": "N",
        "instrument": "VIIRS",
        "confidence": "n",
        "version": "2.0NRT",
        "bright_ti5": 290.8,
        "frp": 10.35,
        "daynight": "N",
        "source_dataset": "VIIRS_SNPP_NRT",
        "acq_datetime_utc": "2026-09-23T03:08:00Z",
        "age_hours": 14.8,
        "confidence_label": "nominal",
        "popup_label": "<strong>NASA FIRMS<\/strong><br>Sensor: VIIRS_SNPP_NRT<br>Fecha UTC: 2026-09-23T03:08:00Z<br>Confianza: nominal<br>FRP: 10.35 MW"
      }
    },
    {
      "type": "Feature",
      "geometry": {
        "type": "Point",
        "coordinates": [-8.0184, 41.4221]
      },
      "properties": {
        "bright_ti4": 311.97,
        "scan": 0.4,
        "track": 0.44,
        "acq_date": "2026-09-23",
        "acq_time": "0308",
        "satellite": "N",
        "instrument": "VIIRS",
        "confidence": "n",
        "version": "2.0NRT",
        "bright_ti5": 291.84,
        "frp": 20.54,
        "daynight": "N",
        "source_dataset": "VIIRS_SNPP_NRT",
        "acq_datetime_utc": "2026-09-23T03:08:00Z",
        "age_hours": 14.8,
        "confidence_label": "nominal",
        "popup_label": "<strong>NASA FIRMS<\/strong><br>Sensor: VIIRS_SNPP_NRT<br>Fecha UTC: 2026-09-23T03:08:00Z<br>Confianza: nominal<br>FRP: 20.54 MW"
      }
    },
    {
      "type": "Feature",
      "geometry": {
        "type": "Point",
        "coordinates": [-8.0205, 41.423]
      },
      "properties": {
        "bright_ti4": 307.97,
        "scan": 0.4,
        "track": 0.44,
        "acq_date": "2026-09-23",
        "acq_time": "0308",
        "satellite": "N",
        "instrument": "VIIRS",
        "confidence": "n",
        "version": "2.0NRT",
        "bright_ti5": 291.52,
        "frp": 10.35,
        "daynight": "N",
        "source_dataset": "VIIRS_SNPP_NRT",
        "acq_datetime_utc": "2026-09-23T03:08:00Z",
        "age_hours": 14.8,
        "confidence_label": "nominal",
        "popup_label": "<strong>NASA FIRMS<\/strong><br>Sensor: VIIRS_SNPP_NRT<br>Fecha UTC: 2026-09-23T03:08:00Z<br>Confianza: nominal<br>FRP: 10.35 MW"
      }
    },
    {
      "type": "Feature",
      "geometry": {
        "type": "Point",
        "coordinates": [-8.013, 41.4256]
      },
      "properties": {
        "bright_ti4": 307.86,
        "scan": 0.4,
        "track": 0.44,
        "acq_date": "2026-09-23",
        "acq_time": "0308",
        "satellite": "N",
        "instrument": "VIIRS",
        "confidence": "n",
        "version": "2.0NRT",
        "bright_ti5": 295.11,
        "frp": 10.35,
        "daynight": "N",
        "source_dataset": "VIIRS_SNPP_NRT",
        "acq_datetime_utc": "2026-09-23T03:08:00Z",
        "age_hours": 14.8,
        "confidence_label": "nominal",
        "popup_label": "<strong>NASA FIRMS<\/strong><br>Sensor: VIIRS_SNPP_NRT<br>Fecha UTC: 2026-09-23T03:08:00Z<br>Confianza: nominal<br>FRP: 10.35 MW"
      }
    },
    {
      "type": "Feature",
      "geometry": {
        "type": "Point",
        "coordinates": [-8.0165, 41.426]
      },
      "properties": {
        "bright_ti4": 343.68,
        "scan": 0.4,
        "track": 0.44,
        "acq_date": "2026-09-23",
        "acq_time": "0308",
        "satellite": "N",
        "instrument": "VIIRS",
        "confidence": "n",
        "version": "2.0NRT",
        "bright_ti5": 302.2,
        "frp": 20.54,
        "daynight": "N",
        "source_dataset": "VIIRS_SNPP_NRT",
        "acq_datetime_utc": "2026-09-23T03:08:00Z",
        "age_hours": 14.8,
        "confidence_label": "nominal",
        "popup_label": "<strong>NASA FIRMS<\/strong><br>Sensor: VIIRS_SNPP_NRT<br>Fecha UTC: 2026-09-23T03:08:00Z<br>Confianza: nominal<br>FRP: 20.54 MW"
      }
    },
    {
      "type": "Feature",
      "geometry": {
        "type": "Point",
        "coordinates": [-8.0185, 41.4268]
      },
      "properties": {
        "bright_ti4": 340.82,
        "scan": 0.4,
        "track": 0.44,
        "acq_date": "2026-09-23",
        "acq_time": "0308",
        "satellite": "N",
        "instrument": "VIIRS",
        "confidence": "n",
        "version": "2.0NRT",
        "bright_ti5": 297.51,
        "frp": 10.35,
        "daynight": "N",
        "source_dataset": "VIIRS_SNPP_NRT",
        "acq_datetime_utc": "2026-09-23T03:08:00Z",
        "age_hours": 14.8,
        "confidence_label": "nominal",
        "popup_label": "<strong>NASA FIRMS<\/strong><br>Sensor: VIIRS_SNPP_NRT<br>Fecha UTC: 2026-09-23T03:08:00Z<br>Confianza: nominal<br>FRP: 10.35 MW"
      }
    },
    {
      "type": "Feature",
      "geometry": {
        "type": "Point",
        "coordinates": [-8.0144, 41.4298]
      },
      "properties": {
        "bright_ti4": 302.55,
        "scan": 0.4,
        "track": 0.44,
        "acq_date": "2026-09-23",
        "acq_time": "0308",
        "satellite": "N",
        "instrument": "VIIRS",
        "confidence": "n",
        "version": "2.0NRT",
        "bright_ti5": 291.43,
        "frp": 1.27,
        "daynight": "N",
        "source_dataset": "VIIRS_SNPP_NRT",
        "acq_datetime_utc": "2026-09-23T03:08:00Z",
        "age_hours": 14.8,
        "confidence_label": "nominal",
        "popup_label": "<strong>NASA FIRMS<\/strong><br>Sensor: VIIRS_SNPP_NRT<br>Fecha UTC: 2026-09-23T03:08:00Z<br>Confianza: nominal<br>FRP: 1.27 MW"
      }
    },
    {
      "type": "Feature",
      "geometry": {
        "type": "Point",
        "coordinates": [-8.7289, 41.642]
      },
      "properties": {
        "bright_ti4": 315.32,
        "scan": 0.55,
        "track": 0.43,
        "acq_date": "2026-09-23",
        "acq_time": "0308",
        "satellite": "N",
        "instrument": "VIIRS",
        "confidence": "n",
        "version": "2.0NRT",
        "bright_ti5": 287.65,
        "frp": 2.37,
        "daynight": "N",
        "source_dataset": "VIIRS_SNPP_NRT",
        "acq_datetime_utc": "2026-09-23T03:08:00Z",
        "age_hours": 14.8,
        "confidence_label": "nominal",
        "popup_label": "<strong>NASA FIRMS<\/strong><br>Sensor: VIIRS_SNPP_NRT<br>Fecha UTC: 2026-09-23T03:08:00Z<br>Confianza: nominal<br>FRP: 2.37 MW"
      }
    },
    {
      "type": "Feature",
      "geometry": {
        "type": "Point",
        "coordinates": [-8.6899, 41.6543]
      },
      "properties": {
        "bright_ti4": 304.33,
        "scan": 0.55,
        "track": 0.43,
        "acq_date": "2026-09-23",
        "acq_time": "0308",
        "satellite": "N",
        "instrument": "VIIRS",
        "confidence": "n",
        "version": "2.0NRT",
        "bright_ti5": 289.82,
        "frp": 3.74,
        "daynight": "N",
        "source_dataset": "VIIRS_SNPP_NRT",
        "acq_datetime_utc": "2026-09-23T03:08:00Z",
        "age_hours": 14.8,
        "confidence_label": "nominal",
        "popup_label": "<strong>NASA FIRMS<\/strong><br>Sensor: VIIRS_SNPP_NRT<br>Fecha UTC: 2026-09-23T03:08:00Z<br>Confianza: nominal<br>FRP: 3.74 MW"
      }
    },
    {
      "type": "Feature",
      "geometry": {
        "type": "Point",
        "coordinates": [-8.6891, 41.6583]
      },
      "properties": {
        "bright_ti4": 315.48,
        "scan": 0.55,
        "track": 0.43,
        "acq_date": "2026-09-23",
        "acq_time": "0308",
        "satellite": "N",
        "instrument": "VIIRS",
        "confidence": "n",
        "version": "2.0NRT",
        "bright_ti5": 294.14,
        "frp": 3.74,
        "daynight": "N",
        "source_dataset": "VIIRS_SNPP_NRT",
        "acq_datetime_utc": "2026-09-23T03:08:00Z",
        "age_hours": 14.8,
        "confidence_label": "nominal",
        "popup_label": "<strong>NASA FIRMS<\/strong><br>Sensor: VIIRS_SNPP_NRT<br>Fecha UTC: 2026-09-23T03:08:00Z<br>Confianza: nominal<br>FRP: 3.74 MW"
      }
    },
    {
      "type": "Feature",
      "geometry": {
        "type": "Point",
        "coordinates": [-8.6952, 41.6596]
      },
      "properties": {
        "bright_ti4": 348.28,
        "scan": 0.55,
        "track": 0.43,
        "acq_date": "2026-09-23",
        "acq_time": "0308",
        "satellite": "N",
        "instrument": "VIIRS",
        "confidence": "n",
        "version": "2.0NRT",
        "bright_ti5": 296.6,
        "frp": 3.74,
        "daynight": "N",
        "source_dataset": "VIIRS_SNPP_NRT",
        "acq_datetime_utc": "2026-09-23T03:08:00Z",
        "age_hours": 14.8,
        "confidence_label": "nominal",
        "popup_label": "<strong>NASA FIRMS<\/strong><br>Sensor: VIIRS_SNPP_NRT<br>Fecha UTC: 2026-09-23T03:08:00Z<br>Confianza: nominal<br>FRP: 3.74 MW"
      }
    },
    {
      "type": "Feature",
      "geometry": {
        "type": "Point",
        "coordinates": [-8.6882, 41.6622]
      },
      "properties": {
        "bright_ti4": 336.43,
        "scan": 0.55,
        "track": 0.43,
        "acq_date": "2026-09-23",
        "acq_time": "0308",
        "satellite": "N",
        "instrument": "VIIRS",
        "confidence": "n",
        "version": "2.0NRT",
        "bright_ti5": 294.41,
        "frp": 7.05,
        "daynight": "N",
        "source_dataset": "VIIRS_SNPP_NRT",
        "acq_datetime_utc": "2026-09-23T03:08:00Z",
        "age_hours": 14.8,
        "confidence_label": "nominal",
        "popup_label": "<strong>NASA FIRMS<\/strong><br>Sensor: VIIRS_SNPP_NRT<br>Fecha UTC: 2026-09-23T03:08:00Z<br>Confianza: nominal<br>FRP: 7.05 MW"
      }
    },
    {
      "type": "Feature",
      "geometry": {
        "type": "Point",
        "coordinates": [-8.6941, 41.6635]
      },
      "properties": {
        "bright_ti4": 340.51,
        "scan": 0.55,
        "track": 0.43,
        "acq_date": "2026-09-23",
        "acq_time": "0308",
        "satellite": "N",
        "instrument": "VIIRS",
        "confidence": "n",
        "version": "2.0NRT",
        "bright_ti5": 298.44,
        "frp": 7.05,
        "daynight": "N",
        "source_dataset": "VIIRS_SNPP_NRT",
        "acq_datetime_utc": "2026-09-23T03:08:00Z",
        "age_hours": 14.8,
        "confidence_label": "nominal",
        "popup_label": "<strong>NASA FIRMS<\/strong><br>Sensor: VIIRS_SNPP_NRT<br>Fecha UTC: 2026-09-23T03:08:00Z<br>Confianza: nominal<br>FRP: 7.05 MW"
      }
    },
    {
      "type": "Feature",
      "geometry": {
        "type": "Point",
        "coordinates": [-5.2558, 41.9004]
      },
      "properties": {
        "bright_ti4": 307.68,
        "scan": 0.52,
        "track": 0.5,
        "acq_date": "2026-09-23",
        "acq_time": "0308",
        "satellite": "N",
        "instrument": "VIIRS",
        "confidence": "n",
        "version": "2.0NRT",
        "bright_ti5": 283.69,
        "frp": 4.2,
        "daynight": "N",
        "source_dataset": "VIIRS_SNPP_NRT",
        "acq_datetime_utc": "2026-09-23T03:08:00Z",
        "age_hours": 14.8,
        "confidence_label": "nominal",
        "popup_label": "<strong>NASA FIRMS<\/strong><br>Sensor: VIIRS_SNPP_NRT<br>Fecha UTC: 2026-09-23T03:08:00Z<br>Confianza: nominal<br>FRP: 4.2 MW"
      }
    },
    {
      "type": "Feature",
      "geometry": {
        "type": "Point",
        "coordinates": [-5.2572, 41.9014]
      },
      "properties": {
        "bright_ti4": 337.25,
        "scan": 0.52,
        "track": 0.5,
        "acq_date": "2026-09-23",
        "acq_time": "0308",
        "satellite": "N",
        "instrument": "VIIRS",
        "confidence": "n",
        "version": "2.0NRT",
        "bright_ti5": 286.26,
        "frp": 11.79,
        "daynight": "N",
        "source_dataset": "VIIRS_SNPP_NRT",
        "acq_datetime_utc": "2026-09-23T03:08:00Z",
        "age_hours": 14.8,
        "confidence_label": "nominal",
        "popup_label": "<strong>NASA FIRMS<\/strong><br>Sensor: VIIRS_SNPP_NRT<br>Fecha UTC: 2026-09-23T03:08:00Z<br>Confianza: nominal<br>FRP: 11.79 MW"
      }
    },
    {
      "type": "Feature",
      "geometry": {
        "type": "Point",
        "coordinates": [-5.2619, 41.9019]
      },
      "properties": {
        "bright_ti4": 337.01,
        "scan": 0.52,
        "track": 0.5,
        "acq_date": "2026-09-23",
        "acq_time": "0308",
        "satellite": "N",
        "instrument": "VIIRS",
        "confidence": "n",
        "version": "2.0NRT",
        "bright_ti5": 284.23,
        "frp": 4.02,
        "daynight": "N",
        "source_dataset": "VIIRS_SNPP_NRT",
        "acq_datetime_utc": "2026-09-23T03:08:00Z",
        "age_hours": 14.8,
        "confidence_label": "nominal",
        "popup_label": "<strong>NASA FIRMS<\/strong><br>Sensor: VIIRS_SNPP_NRT<br>Fecha UTC: 2026-09-23T03:08:00Z<br>Confianza: nominal<br>FRP: 4.02 MW"
      }
    },
    {
      "type": "Feature",
      "geometry": {
        "type": "Point",
        "coordinates": [-5.26, 41.9064]
      },
      "properties": {
        "bright_ti4": 313.84,
        "scan": 0.52,
        "track": 0.5,
        "acq_date": "2026-09-23",
        "acq_time": "0308",
        "satellite": "N",
        "instrument": "VIIRS",
        "confidence": "n",
        "version": "2.0NRT",
        "bright_ti5": 284.17,
        "frp": 4.02,
        "daynight": "N",
        "source_dataset": "VIIRS_SNPP_NRT",
        "acq_datetime_utc": "2026-09-23T03:08:00Z",
        "age_hours": 14.8,
        "confidence_label": "nominal",
        "popup_label": "<strong>NASA FIRMS<\/strong><br>Sensor: VIIRS_SNPP_NRT<br>Fecha UTC: 2026-09-23T03:08:00Z<br>Confianza: nominal<br>FRP: 4.02 MW"
      }
    },
    {
      "type": "Feature",
      "geometry": {
        "type": "Point",
        "coordinates": [0.1791, 41.9245]
      },
      "properties": {
        "bright_ti4": 306.76,
        "scan": 0.48,
        "track": 0.64,
        "acq_date": "2026-09-23",
        "acq_time": "0308",
        "satellite": "N",
        "instrument": "VIIRS",
        "confidence": "n",
        "version": "2.0NRT",
        "bright_ti5": 287.94,
        "frp": 0.75,
        "daynight": "N",
        "source_dataset": "VIIRS_SNPP_NRT",
        "acq_datetime_utc": "2026-09-23T03:08:00Z",
        "age_hours": 14.8,
        "confidence_label": "nominal",
        "popup_label": "<strong>NASA FIRMS<\/strong><br>Sensor: VIIRS_SNPP_NRT<br>Fecha UTC: 2026-09-23T03:08:00Z<br>Confianza: nominal<br>FRP: 0.75 MW"
      }
    },
    {
      "type": "Feature",
      "geometry": {
        "type": "Point",
        "coordinates": [-6.7669, 42.5532]
      },
      "properties": {
        "bright_ti4": 297.46,
        "scan": 0.43,
        "track": 0.46,
        "acq_date": "2026-09-23",
        "acq_time": "0308",
        "satellite": "N",
        "instrument": "VIIRS",
        "confidence": "n",
        "version": "2.0NRT",
        "bright_ti5": 286.03,
        "frp": 0.61,
        "daynight": "N",
        "source_dataset": "VIIRS_SNPP_NRT",
        "acq_datetime_utc": "2026-09-23T03:08:00Z",
        "age_hours": 14.8,
        "confidence_label": "nominal",
        "popup_label": "<strong>NASA FIRMS<\/strong><br>Sensor: VIIRS_SNPP_NRT<br>Fecha UTC: 2026-09-23T03:08:00Z<br>Confianza: nominal<br>FRP: 0.61 MW"
      }
    },
    {
      "type": "Feature",
      "geometry": {
        "type": "Point",
        "coordinates": [-2.22, 43.0335]
      },
      "properties": {
        "bright_ti4": 297.86,
        "scan": 0.34,
        "track": 0.56,
        "acq_date": "2026-09-23",
        "acq_time": "0308",
        "satellite": "N",
        "instrument": "VIIRS",
        "confidence": "n",
        "version": "2.0NRT",
        "bright_ti5": 283.98,
        "frp": 0.46,
        "daynight": "N",
        "source_dataset": "VIIRS_SNPP_NRT",
        "acq_datetime_utc": "2026-09-23T03:08:00Z",
        "age_hours": 14.8,
        "confidence_label": "nominal",
        "popup_label": "<strong>NASA FIRMS<\/strong><br>Sensor: VIIRS_SNPP_NRT<br>Fecha UTC: 2026-09-23T03:08:00Z<br>Confianza: nominal<br>FRP: 0.46 MW"
      }
    },
    {
      "type": "Feature",
      "geometry": {
        "type": "Point",
        "coordinates": [-5.3254, 43.2191]
      },
      "properties": {
        "bright_ti4": 295.09,
        "scan": 0.48,
        "track": 0.48,
        "acq_date": "2026-09-23",
        "acq_time": "0308",
        "satellite": "N",
        "instrument": "VIIRS",
        "confidence": "n",
        "version": "2.0NRT",
        "bright_ti5": 284.33,
        "frp": 1.07,
        "daynight": "N",
        "source_dataset": "VIIRS_SNPP_NRT",
        "acq_datetime_utc": "2026-09-23T03:08:00Z",
        "age_hours": 14.8,
        "confidence_label": "nominal",
        "popup_label": "<strong>NASA FIRMS<\/strong><br>Sensor: VIIRS_SNPP_NRT<br>Fecha UTC: 2026-09-23T03:08:00Z<br>Confianza: nominal<br>FRP: 1.07 MW"
      }
    },
    {
      "type": "Feature",
      "geometry": {
        "type": "Point",
        "coordinates": [-5.3303, 43.2203]
      },
      "properties": {
        "bright_ti4": 318.27,
        "scan": 0.48,
        "track": 0.48,
        "acq_date": "2026-09-23",
        "acq_time": "0308",
        "satellite": "N",
        "instrument": "VIIRS",
        "confidence": "n",
        "version": "2.0NRT",
        "bright_ti5": 286.37,
        "frp": 2.01,
        "daynight": "N",
        "source_dataset": "VIIRS_SNPP_NRT",
        "acq_datetime_utc": "2026-09-23T03:08:00Z",
        "age_hours": 14.8,
        "confidence_label": "nominal",
        "popup_label": "<strong>NASA FIRMS<\/strong><br>Sensor: VIIRS_SNPP_NRT<br>Fecha UTC: 2026-09-23T03:08:00Z<br>Confianza: nominal<br>FRP: 2.01 MW"
      }
    },
    {
      "type": "Feature",
      "geometry": {
        "type": "Point",
        "coordinates": [-5.3353, 43.2215]
      },
      "properties": {
        "bright_ti4": 297.8,
        "scan": 0.48,
        "track": 0.48,
        "acq_date": "2026-09-23",
        "acq_time": "0308",
        "satellite": "N",
        "instrument": "VIIRS",
        "confidence": "n",
        "version": "2.0NRT",
        "bright_ti5": 284.59,
        "frp": 2.01,
        "daynight": "N",
        "source_dataset": "VIIRS_SNPP_NRT",
        "acq_datetime_utc": "2026-09-23T03:08:00Z",
        "age_hours": 14.8,
        "confidence_label": "nominal",
        "popup_label": "<strong>NASA FIRMS<\/strong><br>Sensor: VIIRS_SNPP_NRT<br>Fecha UTC: 2026-09-23T03:08:00Z<br>Confianza: nominal<br>FRP: 2.01 MW"
      }
    },
    {
      "type": "Feature",
      "geometry": {
        "type": "Point",
        "coordinates": [-5.3239, 43.2234]
      },
      "properties": {
        "bright_ti4": 312.23,
        "scan": 0.48,
        "track": 0.48,
        "acq_date": "2026-09-23",
        "acq_time": "0308",
        "satellite": "N",
        "instrument": "VIIRS",
        "confidence": "n",
        "version": "2.0NRT",
        "bright_ti5": 283.95,
        "frp": 1.07,
        "daynight": "N",
        "source_dataset": "VIIRS_SNPP_NRT",
        "acq_datetime_utc": "2026-09-23T03:08:00Z",
        "age_hours": 14.8,
        "confidence_label": "nominal",
        "popup_label": "<strong>NASA FIRMS<\/strong><br>Sensor: VIIRS_SNPP_NRT<br>Fecha UTC: 2026-09-23T03:08:00Z<br>Confianza: nominal<br>FRP: 1.07 MW"
      }
    },
    {
      "type": "Feature",
      "geometry": {
        "type": "Point",
        "coordinates": [-5.3289, 43.2246]
      },
      "properties": {
        "bright_ti4": 315.52,
        "scan": 0.48,
        "track": 0.48,
        "acq_date": "2026-09-23",
        "acq_time": "0308",
        "satellite": "N",
        "instrument": "VIIRS",
        "confidence": "n",
        "version": "2.0NRT",
        "bright_ti5": 284.62,
        "frp": 2.01,
        "daynight": "N",
        "source_dataset": "VIIRS_SNPP_NRT",
        "acq_datetime_utc": "2026-09-23T03:08:00Z",
        "age_hours": 14.8,
        "confidence_label": "nominal",
        "popup_label": "<strong>NASA FIRMS<\/strong><br>Sensor: VIIRS_SNPP_NRT<br>Fecha UTC: 2026-09-23T03:08:00Z<br>Confianza: nominal<br>FRP: 2.01 MW"
      }
    },
    {
      "type": "Feature",
      "geometry": {
        "type": "Point",
        "coordinates": [-8.4366, 43.3475]
      },
      "properties": {
        "bright_ti4": 319.98,
        "scan": 0.53,
        "track": 0.42,
        "acq_date": "2026-09-23",
        "acq_time": "0308",
        "satellite": "N",
        "instrument": "VIIRS",
        "confidence": "n",
        "version": "2.0NRT",
        "bright_ti5": 288.83,
        "frp": 3.09,
        "daynight": "N",
        "source_dataset": "VIIRS_SNPP_NRT",
        "acq_datetime_utc": "2026-09-23T03:08:00Z",
        "age_hours": 14.8,
        "confidence_label": "nominal",
        "popup_label": "<strong>NASA FIRMS<\/strong><br>Sensor: VIIRS_SNPP_NRT<br>Fecha UTC: 2026-09-23T03:08:00Z<br>Confianza: nominal<br>FRP: 3.09 MW"
      }
    },
    {
      "type": "Feature",
      "geometry": {
        "type": "Point",
        "coordinates": [-5.7366, 43.5188]
      },
      "properties": {
        "bright_ti4": 300.61,
        "scan": 0.45,
        "track": 0.47,
        "acq_date": "2026-09-23",
        "acq_time": "0308",
        "satellite": "N",
        "instrument": "VIIRS",
        "confidence": "n",
        "version": "2.0NRT",
        "bright_ti5": 286.87,
        "frp": 0.59,
        "daynight": "N",
        "source_dataset": "VIIRS_SNPP_NRT",
        "acq_datetime_utc": "2026-09-23T03:08:00Z",
        "age_hours": 14.8,
        "confidence_label": "nominal",
        "popup_label": "<strong>NASA FIRMS<\/strong><br>Sensor: VIIRS_SNPP_NRT<br>Fecha UTC: 2026-09-23T03:08:00Z<br>Confianza: nominal<br>FRP: 0.59 MW"
      }
    },
    {
      "type": "Feature",
      "geometry": {
        "type": "Point",
        "coordinates": [-5.7293, 43.5216]
      },
      "properties": {
        "bright_ti4": 301.64,
        "scan": 0.45,
        "track": 0.47,
        "acq_date": "2026-09-23",
        "acq_time": "0308",
        "satellite": "N",
        "instrument": "VIIRS",
        "confidence": "n",
        "version": "2.0NRT",
        "bright_ti5": 287.08,
        "frp": 3.32,
        "daynight": "N",
        "source_dataset": "VIIRS_SNPP_NRT",
        "acq_datetime_utc": "2026-09-23T03:08:00Z",
        "age_hours": 14.8,
        "confidence_label": "nominal",
        "popup_label": "<strong>NASA FIRMS<\/strong><br>Sensor: VIIRS_SNPP_NRT<br>Fecha UTC: 2026-09-23T03:08:00Z<br>Confianza: nominal<br>FRP: 3.32 MW"
      }
    },
    {
      "type": "Feature",
      "geometry": {
        "type": "Point",
        "coordinates": [-5.7347, 43.5229]
      },
      "properties": {
        "bright_ti4": 341.13,
        "scan": 0.45,
        "track": 0.47,
        "acq_date": "2026-09-23",
        "acq_time": "0308",
        "satellite": "N",
        "instrument": "VIIRS",
        "confidence": "n",
        "version": "2.0NRT",
        "bright_ti5": 288.77,
        "frp": 9.8,
        "daynight": "N",
        "source_dataset": "VIIRS_SNPP_NRT",
        "acq_datetime_utc": "2026-09-23T03:08:00Z",
        "age_hours": 14.8,
        "confidence_label": "nominal",
        "popup_label": "<strong>NASA FIRMS<\/strong><br>Sensor: VIIRS_SNPP_NRT<br>Fecha UTC: 2026-09-23T03:08:00Z<br>Confianza: nominal<br>FRP: 9.8 MW"
      }
    },
    {
      "type": "Feature",
      "geometry": {
        "type": "Point",
        "coordinates": [-5.7274, 43.5258]
      },
      "properties": {
        "bright_ti4": 336.41,
        "scan": 0.45,
        "track": 0.47,
        "acq_date": "2026-09-23",
        "acq_time": "0308",
        "satellite": "N",
        "instrument": "VIIRS",
        "confidence": "n",
        "version": "2.0NRT",
        "bright_ti5": 289.91,
        "frp": 3.32,
        "daynight": "N",
        "source_dataset": "VIIRS_SNPP_NRT",
        "acq_datetime_utc": "2026-09-23T03:08:00Z",
        "age_hours": 14.8,
        "confidence_label": "nominal",
        "popup_label": "<strong>NASA FIRMS<\/strong><br>Sensor: VIIRS_SNPP_NRT<br>Fecha UTC: 2026-09-23T03:08:00Z<br>Confianza: nominal<br>FRP: 3.32 MW"
      }
    },
    {
      "type": "Feature",
      "geometry": {
        "type": "Point",
        "coordinates": [-5.7329, 43.5271]
      },
      "properties": {
        "bright_ti4": 354.42,
        "scan": 0.45,
        "track": 0.47,
        "acq_date": "2026-09-23",
        "acq_time": "0308",
        "satellite": "N",
        "instrument": "VIIRS",
        "confidence": "n",
        "version": "2.0NRT",
        "bright_ti5": 291.28,
        "frp": 9.8,
        "daynight": "N",
        "source_dataset": "VIIRS_SNPP_NRT",
        "acq_datetime_utc": "2026-09-23T03:08:00Z",
        "age_hours": 14.8,
        "confidence_label": "nominal",
        "popup_label": "<strong>NASA FIRMS<\/strong><br>Sensor: VIIRS_SNPP_NRT<br>Fecha UTC: 2026-09-23T03:08:00Z<br>Confianza: nominal<br>FRP: 9.8 MW"
      }
    },
    {
      "type": "Feature",
      "geometry": {
        "type": "Point",
        "coordinates": [4.8908, 43.4361]
      },
      "properties": {
        "bright_ti4": 301.69,
        "scan": 0.7,
        "track": 0.75,
        "acq_date": "2026-09-23",
        "acq_time": "0306",
        "satellite": "N",
        "instrument": "VIIRS",
        "confidence": "n",
        "version": "2.0NRT",
        "bright_ti5": 289.83,
        "frp": 2.09,
        "daynight": "N",
        "source_dataset": "VIIRS_SNPP_NRT",
        "acq_datetime_utc": "2026-09-23T03:06:00Z",
        "age_hours": 14.8,
        "confidence_label": "nominal",
        "popup_label": "<strong>NASA FIRMS<\/strong><br>Sensor: VIIRS_SNPP_NRT<br>Fecha UTC: 2026-09-23T03:06:00Z<br>Confianza: nominal<br>FRP: 2.09 MW"
      }
    },
    {
      "type": "Feature",
      "geometry": {
        "type": "Point",
        "coordinates": [0.3053, 28.1094]
      },
      "properties": {
        "bright_ti4": 332.29,
        "scan": 0.41,
        "track": 0.45,
        "acq_date": "2026-09-23",
        "acq_time": "0132",
        "satellite": "N",
        "instrument": "VIIRS",
        "confidence": "n",
        "version": "2.0NRT",
        "bright_ti5": 278.67,
        "frp": 2.01,
        "daynight": "N",
        "source_dataset": "VIIRS_SNPP_NRT",
        "acq_datetime_utc": "2026-09-23T01:32:00Z",
        "age_hours": 16.4,
        "confidence_label": "nominal",
        "popup_label": "<strong>NASA FIRMS<\/strong><br>Sensor: VIIRS_SNPP_NRT<br>Fecha UTC: 2026-09-23T01:32:00Z<br>Confianza: nominal<br>FRP: 2.01 MW"
      }
    },
    {
      "type": "Feature",
      "geometry": {
        "type": "Point",
        "coordinates": [0.3059, 28.1135]
      },
      "properties": {
        "bright_ti4": 339.44,
        "scan": 0.41,
        "track": 0.45,
        "acq_date": "2026-09-23",
        "acq_time": "0132",
        "satellite": "N",
        "instrument": "VIIRS",
        "confidence": "n",
        "version": "2.0NRT",
        "bright_ti5": 293,
        "frp": 6.09,
        "daynight": "N",
        "source_dataset": "VIIRS_SNPP_NRT",
        "acq_datetime_utc": "2026-09-23T01:32:00Z",
        "age_hours": 16.4,
        "confidence_label": "nominal",
        "popup_label": "<strong>NASA FIRMS<\/strong><br>Sensor: VIIRS_SNPP_NRT<br>Fecha UTC: 2026-09-23T01:32:00Z<br>Confianza: nominal<br>FRP: 6.09 MW"
      }
    },
    {
      "type": "Feature",
      "geometry": {
        "type": "Point",
        "coordinates": [0.3017, 28.114]
      },
      "properties": {
        "bright_ti4": 305.71,
        "scan": 0.41,
        "track": 0.45,
        "acq_date": "2026-09-23",
        "acq_time": "0132",
        "satellite": "N",
        "instrument": "VIIRS",
        "confidence": "n",
        "version": "2.0NRT",
        "bright_ti5": 286.76,
        "frp": 4.9,
        "daynight": "N",
        "source_dataset": "VIIRS_SNPP_NRT",
        "acq_datetime_utc": "2026-09-23T01:32:00Z",
        "age_hours": 16.4,
        "confidence_label": "nominal",
        "popup_label": "<strong>NASA FIRMS<\/strong><br>Sensor: VIIRS_SNPP_NRT<br>Fecha UTC: 2026-09-23T01:32:00Z<br>Confianza: nominal<br>FRP: 4.9 MW"
      }
    },
    {
      "type": "Feature",
      "geometry": {
        "type": "Point",
        "coordinates": [-0.5153, 28.2004]
      },
      "properties": {
        "bright_ti4": 323.8,
        "scan": 0.46,
        "track": 0.47,
        "acq_date": "2026-09-23",
        "acq_time": "0132",
        "satellite": "N",
        "instrument": "VIIRS",
        "confidence": "n",
        "version": "2.0NRT",
        "bright_ti5": 290.06,
        "frp": 3.08,
        "daynight": "N",
        "source_dataset": "VIIRS_SNPP_NRT",
        "acq_datetime_utc": "2026-09-23T01:32:00Z",
        "age_hours": 16.4,
        "confidence_label": "nominal",
        "popup_label": "<strong>NASA FIRMS<\/strong><br>Sensor: VIIRS_SNPP_NRT<br>Fecha UTC: 2026-09-23T01:32:00Z<br>Confianza: nominal<br>FRP: 3.08 MW"
      }
    },
    {
      "type": "Feature",
      "geometry": {
        "type": "Point",
        "coordinates": [3.9867, 32.2769]
      },
      "properties": {
        "bright_ti4": 341.97,
        "scan": 0.45,
        "track": 0.39,
        "acq_date": "2026-09-23",
        "acq_time": "0130",
        "satellite": "N",
        "instrument": "VIIRS",
        "confidence": "n",
        "version": "2.0NRT",
        "bright_ti5": 292.32,
        "frp": 6.28,
        "daynight": "N",
        "source_dataset": "VIIRS_SNPP_NRT",
        "acq_datetime_utc": "2026-09-23T01:30:00Z",
        "age_hours": 16.4,
        "confidence_label": "nominal",
        "popup_label": "<strong>NASA FIRMS<\/strong><br>Sensor: VIIRS_SNPP_NRT<br>Fecha UTC: 2026-09-23T01:30:00Z<br>Confianza: nominal<br>FRP: 6.28 MW"
      }
    },
    {
      "type": "Feature",
      "geometry": {
        "type": "Point",
        "coordinates": [4.007, 32.4005]
      },
      "properties": {
        "bright_ti4": 306.2,
        "scan": 0.45,
        "track": 0.39,
        "acq_date": "2026-09-23",
        "acq_time": "0130",
        "satellite": "N",
        "instrument": "VIIRS",
        "confidence": "n",
        "version": "2.0NRT",
        "bright_ti5": 290.14,
        "frp": 0.67,
        "daynight": "N",
        "source_dataset": "VIIRS_SNPP_NRT",
        "acq_datetime_utc": "2026-09-23T01:30:00Z",
        "age_hours": 16.4,
        "confidence_label": "nominal",
        "popup_label": "<strong>NASA FIRMS<\/strong><br>Sensor: VIIRS_SNPP_NRT<br>Fecha UTC: 2026-09-23T01:30:00Z<br>Confianza: nominal<br>FRP: 0.67 MW"
      }
    },
    {
      "type": "Feature",
      "geometry": {
        "type": "Point",
        "coordinates": [3.1675, 32.5539]
      },
      "properties": {
        "bright_ti4": 322.49,
        "scan": 0.49,
        "track": 0.41,
        "acq_date": "2026-09-23",
        "acq_time": "0130",
        "satellite": "N",
        "instrument": "VIIRS",
        "confidence": "n",
        "version": "2.0NRT",
        "bright_ti5": 289.58,
        "frp": 2.63,
        "daynight": "N",
        "source_dataset": "VIIRS_SNPP_NRT",
        "acq_datetime_utc": "2026-09-23T01:30:00Z",
        "age_hours": 16.4,
        "confidence_label": "nominal",
        "popup_label": "<strong>NASA FIRMS<\/strong><br>Sensor: VIIRS_SNPP_NRT<br>Fecha UTC: 2026-09-23T01:30:00Z<br>Confianza: nominal<br>FRP: 2.63 MW"
      }
    },
    {
      "type": "Feature",
      "geometry": {
        "type": "Point",
        "coordinates": [-6.7088, 32.6143]
      },
      "properties": {
        "bright_ti4": 302.41,
        "scan": 0.59,
        "track": 0.7,
        "acq_date": "2026-09-23",
        "acq_time": "0130",
        "satellite": "N",
        "instrument": "VIIRS",
        "confidence": "n",
        "version": "2.0NRT",
        "bright_ti5": 290.25,
        "frp": 0.49,
        "daynight": "N",
        "source_dataset": "VIIRS_SNPP_NRT",
        "acq_datetime_utc": "2026-09-23T01:30:00Z",
        "age_hours": 16.4,
        "confidence_label": "nominal",
        "popup_label": "<strong>NASA FIRMS<\/strong><br>Sensor: VIIRS_SNPP_NRT<br>Fecha UTC: 2026-09-23T01:30:00Z<br>Confianza: nominal<br>FRP: 0.49 MW"
      }
    },
    {
      "type": "Feature",
      "geometry": {
        "type": "Point",
        "coordinates": [3.182, 32.7441]
      },
      "properties": {
        "bright_ti4": 299.1,
        "scan": 0.49,
        "track": 0.41,
        "acq_date": "2026-09-23",
        "acq_time": "0130",
        "satellite": "N",
        "instrument": "VIIRS",
        "confidence": "n",
        "version": "2.0NRT",
        "bright_ti5": 287.68,
        "frp": 0.96,
        "daynight": "N",
        "source_dataset": "VIIRS_SNPP_NRT",
        "acq_datetime_utc": "2026-09-23T01:30:00Z",
        "age_hours": 16.4,
        "confidence_label": "nominal",
        "popup_label": "<strong>NASA FIRMS<\/strong><br>Sensor: VIIRS_SNPP_NRT<br>Fecha UTC: 2026-09-23T01:30:00Z<br>Confianza: nominal<br>FRP: 0.96 MW"
      }
    },
    {
      "type": "Feature",
      "geometry": {
        "type": "Point",
        "coordinates": [3.1814, 32.7475]
      },
      "properties": {
        "bright_ti4": 314.45,
        "scan": 0.49,
        "track": 0.41,
        "acq_date": "2026-09-23",
        "acq_time": "0130",
        "satellite": "N",
        "instrument": "VIIRS",
        "confidence": "n",
        "version": "2.0NRT",
        "bright_ti5": 288.09,
        "frp": 1.57,
        "daynight": "N",
        "source_dataset": "VIIRS_SNPP_NRT",
        "acq_datetime_utc": "2026-09-23T01:30:00Z",
        "age_hours": 16.4,
        "confidence_label": "nominal",
        "popup_label": "<strong>NASA FIRMS<\/strong><br>Sensor: VIIRS_SNPP_NRT<br>Fecha UTC: 2026-09-23T01:30:00Z<br>Confianza: nominal<br>FRP: 1.57 MW"
      }
    },
    {
      "type": "Feature",
      "geometry": {
        "type": "Point",
        "coordinates": [3.1826, 32.7478]
      },
      "properties": {
        "bright_ti4": 312.84,
        "scan": 0.49,
        "track": 0.41,
        "acq_date": "2026-09-23",
        "acq_time": "0130",
        "satellite": "N",
        "instrument": "VIIRS",
        "confidence": "n",
        "version": "2.0NRT",
        "bright_ti5": 288.03,
        "frp": 1.19,
        "daynight": "N",
        "source_dataset": "VIIRS_SNPP_NRT",
        "acq_datetime_utc": "2026-09-23T01:30:00Z",
        "age_hours": 16.4,
        "confidence_label": "nominal",
        "popup_label": "<strong>NASA FIRMS<\/strong><br>Sensor: VIIRS_SNPP_NRT<br>Fecha UTC: 2026-09-23T01:30:00Z<br>Confianza: nominal<br>FRP: 1.19 MW"
      }
    },
    {
      "type": "Feature",
      "geometry": {
        "type": "Point",
        "coordinates": [3.2417, 32.8396]
      },
      "properties": {
        "bright_ti4": 299.84,
        "scan": 0.49,
        "track": 0.4,
        "acq_date": "2026-09-23",
        "acq_time": "0130",
        "satellite": "N",
        "instrument": "VIIRS",
        "confidence": "n",
        "version": "2.0NRT",
        "bright_ti5": 287.48,
        "frp": 0.36,
        "daynight": "N",
        "source_dataset": "VIIRS_SNPP_NRT",
        "acq_datetime_utc": "2026-09-23T01:30:00Z",
        "age_hours": 16.4,
        "confidence_label": "nominal",
        "popup_label": "<strong>NASA FIRMS<\/strong><br>Sensor: VIIRS_SNPP_NRT<br>Fecha UTC: 2026-09-23T01:30:00Z<br>Confianza: nominal<br>FRP: 0.36 MW"
      }
    },
    {
      "type": "Feature",
      "geometry": {
        "type": "Point",
        "coordinates": [3.2423, 32.9281]
      },
      "properties": {
        "bright_ti4": 298.45,
        "scan": 0.49,
        "track": 0.41,
        "acq_date": "2026-09-23",
        "acq_time": "0130",
        "satellite": "N",
        "instrument": "VIIRS",
        "confidence": "n",
        "version": "2.0NRT",
        "bright_ti5": 287.56,
        "frp": 0.45,
        "daynight": "N",
        "source_dataset": "VIIRS_SNPP_NRT",
        "acq_datetime_utc": "2026-09-23T01:30:00Z",
        "age_hours": 16.4,
        "confidence_label": "nominal",
        "popup_label": "<strong>NASA FIRMS<\/strong><br>Sensor: VIIRS_SNPP_NRT<br>Fecha UTC: 2026-09-23T01:30:00Z<br>Confianza: nominal<br>FRP: 0.45 MW"
      }
    },
    {
      "type": "Feature",
      "geometry": {
        "type": "Point",
        "coordinates": [3.2317, 32.9295]
      },
      "properties": {
        "bright_ti4": 300.66,
        "scan": 0.49,
        "track": 0.41,
        "acq_date": "2026-09-23",
        "acq_time": "0130",
        "satellite": "N",
        "instrument": "VIIRS",
        "confidence": "n",
        "version": "2.0NRT",
        "bright_ti5": 286.89,
        "frp": 0.69,
        "daynight": "N",
        "source_dataset": "VIIRS_SNPP_NRT",
        "acq_datetime_utc": "2026-09-23T01:30:00Z",
        "age_hours": 16.4,
        "confidence_label": "nominal",
        "popup_label": "<strong>NASA FIRMS<\/strong><br>Sensor: VIIRS_SNPP_NRT<br>Fecha UTC: 2026-09-23T01:30:00Z<br>Confianza: nominal<br>FRP: 0.69 MW"
      }
    },
    {
      "type": "Feature",
      "geometry": {
        "type": "Point",
        "coordinates": [3.2323, 32.9332]
      },
      "properties": {
        "bright_ti4": 300.4,
        "scan": 0.49,
        "track": 0.41,
        "acq_date": "2026-09-23",
        "acq_time": "0130",
        "satellite": "N",
        "instrument": "VIIRS",
        "confidence": "n",
        "version": "2.0NRT",
        "bright_ti5": 287.02,
        "frp": 1.54,
        "daynight": "N",
        "source_dataset": "VIIRS_SNPP_NRT",
        "acq_datetime_utc": "2026-09-23T01:30:00Z",
        "age_hours": 16.4,
        "confidence_label": "nominal",
        "popup_label": "<strong>NASA FIRMS<\/strong><br>Sensor: VIIRS_SNPP_NRT<br>Fecha UTC: 2026-09-23T01:30:00Z<br>Confianza: nominal<br>FRP: 1.54 MW"
      }
    },
    {
      "type": "Feature",
      "geometry": {
        "type": "Point",
        "coordinates": [3.2217, 32.9345]
      },
      "properties": {
        "bright_ti4": 301.19,
        "scan": 0.49,
        "track": 0.41,
        "acq_date": "2026-09-23",
        "acq_time": "0130",
        "satellite": "N",
        "instrument": "VIIRS",
        "confidence": "n",
        "version": "2.0NRT",
        "bright_ti5": 287.6,
        "frp": 1.13,
        "daynight": "N",
        "source_dataset": "VIIRS_SNPP_NRT",
        "acq_datetime_utc": "2026-09-23T01:30:00Z",
        "age_hours": 16.4,
        "confidence_label": "nominal",
        "popup_label": "<strong>NASA FIRMS<\/strong><br>Sensor: VIIRS_SNPP_NRT<br>Fecha UTC: 2026-09-23T01:30:00Z<br>Confianza: nominal<br>FRP: 1.13 MW"
      }
    },
    {
      "type": "Feature",
      "geometry": {
        "type": "Point",
        "coordinates": [3.233, 32.9369]
      },
      "properties": {
        "bright_ti4": 317.68,
        "scan": 0.49,
        "track": 0.41,
        "acq_date": "2026-09-23",
        "acq_time": "0130",
        "satellite": "N",
        "instrument": "VIIRS",
        "confidence": "n",
        "version": "2.0NRT",
        "bright_ti5": 287.61,
        "frp": 1.54,
        "daynight": "N",
        "source_dataset": "VIIRS_SNPP_NRT",
        "acq_datetime_utc": "2026-09-23T01:30:00Z",
        "age_hours": 16.4,
        "confidence_label": "nominal",
        "popup_label": "<strong>NASA FIRMS<\/strong><br>Sensor: VIIRS_SNPP_NRT<br>Fecha UTC: 2026-09-23T01:30:00Z<br>Confianza: nominal<br>FRP: 1.54 MW"
      }
    },
    {
      "type": "Feature",
      "geometry": {
        "type": "Point",
        "coordinates": [3.2289, 32.9451]
      },
      "properties": {
        "bright_ti4": 301.11,
        "scan": 0.49,
        "track": 0.41,
        "acq_date": "2026-09-23",
        "acq_time": "0130",
        "satellite": "N",
        "instrument": "VIIRS",
        "confidence": "n",
        "version": "2.0NRT",
        "bright_ti5": 287.34,
        "frp": 0.71,
        "daynight": "N",
        "source_dataset": "VIIRS_SNPP_NRT",
        "acq_datetime_utc": "2026-09-23T01:30:00Z",
        "age_hours": 16.4,
        "confidence_label": "nominal",
        "popup_label": "<strong>NASA FIRMS<\/strong><br>Sensor: VIIRS_SNPP_NRT<br>Fecha UTC: 2026-09-23T01:30:00Z<br>Confianza: nominal<br>FRP: 0.71 MW"
      }
    },
    {
      "type": "Feature",
      "geometry": {
        "type": "Point",
        "coordinates": [3.2296, 32.9488]
      },
      "properties": {
        "bright_ti4": 303.14,
        "scan": 0.49,
        "track": 0.41,
        "acq_date": "2026-09-23",
        "acq_time": "0130",
        "satellite": "N",
        "instrument": "VIIRS",
        "confidence": "n",
        "version": "2.0NRT",
        "bright_ti5": 287.03,
        "frp": 1,
        "daynight": "N",
        "source_dataset": "VIIRS_SNPP_NRT",
        "acq_datetime_utc": "2026-09-23T01:30:00Z",
        "age_hours": 16.4,
        "confidence_label": "nominal",
        "popup_label": "<strong>NASA FIRMS<\/strong><br>Sensor: VIIRS_SNPP_NRT<br>Fecha UTC: 2026-09-23T01:30:00Z<br>Confianza: nominal<br>FRP: 1 MW"
      }
    },
    {
      "type": "Feature",
      "geometry": {
        "type": "Point",
        "coordinates": [3.2316, 32.9489]
      },
      "properties": {
        "bright_ti4": 299.55,
        "scan": 0.49,
        "track": 0.41,
        "acq_date": "2026-09-23",
        "acq_time": "0130",
        "satellite": "N",
        "instrument": "VIIRS",
        "confidence": "n",
        "version": "2.0NRT",
        "bright_ti5": 287.04,
        "frp": 0.37,
        "daynight": "N",
        "source_dataset": "VIIRS_SNPP_NRT",
        "acq_datetime_utc": "2026-09-23T01:30:00Z",
        "age_hours": 16.4,
        "confidence_label": "nominal",
        "popup_label": "<strong>NASA FIRMS<\/strong><br>Sensor: VIIRS_SNPP_NRT<br>Fecha UTC: 2026-09-23T01:30:00Z<br>Confianza: nominal<br>FRP: 0.37 MW"
      }
    },
    {
      "type": "Feature",
      "geometry": {
        "type": "Point",
        "coordinates": [3.318, 33.1259]
      },
      "properties": {
        "bright_ti4": 312.46,
        "scan": 0.49,
        "track": 0.4,
        "acq_date": "2026-09-23",
        "acq_time": "0130",
        "satellite": "N",
        "instrument": "VIIRS",
        "confidence": "n",
        "version": "2.0NRT",
        "bright_ti5": 287.2,
        "frp": 1.28,
        "daynight": "N",
        "source_dataset": "VIIRS_SNPP_NRT",
        "acq_datetime_utc": "2026-09-23T01:30:00Z",
        "age_hours": 16.4,
        "confidence_label": "nominal",
        "popup_label": "<strong>NASA FIRMS<\/strong><br>Sensor: VIIRS_SNPP_NRT<br>Fecha UTC: 2026-09-23T01:30:00Z<br>Confianza: nominal<br>FRP: 1.28 MW"
      }
    },
    {
      "type": "Feature",
      "geometry": {
        "type": "Point",
        "coordinates": [3.324, 33.129]
      },
      "properties": {
        "bright_ti4": 298.08,
        "scan": 0.49,
        "track": 0.4,
        "acq_date": "2026-09-23",
        "acq_time": "0130",
        "satellite": "N",
        "instrument": "VIIRS",
        "confidence": "n",
        "version": "2.0NRT",
        "bright_ti5": 287.77,
        "frp": 0.95,
        "daynight": "N",
        "source_dataset": "VIIRS_SNPP_NRT",
        "acq_datetime_utc": "2026-09-23T01:30:00Z",
        "age_hours": 16.4,
        "confidence_label": "nominal",
        "popup_label": "<strong>NASA FIRMS<\/strong><br>Sensor: VIIRS_SNPP_NRT<br>Fecha UTC: 2026-09-23T01:30:00Z<br>Confianza: nominal<br>FRP: 0.95 MW"
      }
    },
    {
      "type": "Feature",
      "geometry": {
        "type": "Point",
        "coordinates": [-0.3428, 33.4748]
      },
      "properties": {
        "bright_ti4": 301.86,
        "scan": 0.51,
        "track": 0.5,
        "acq_date": "2026-09-23",
        "acq_time": "0130",
        "satellite": "N",
        "instrument": "VIIRS",
        "confidence": "n",
        "version": "2.0NRT",
        "bright_ti5": 287.56,
        "frp": 0.98,
        "daynight": "N",
        "source_dataset": "VIIRS_SNPP_NRT",
        "acq_datetime_utc": "2026-09-23T01:30:00Z",
        "age_hours": 16.4,
        "confidence_label": "nominal",
        "popup_label": "<strong>NASA FIRMS<\/strong><br>Sensor: VIIRS_SNPP_NRT<br>Fecha UTC: 2026-09-23T01:30:00Z<br>Confianza: nominal<br>FRP: 0.98 MW"
      }
    },
    {
      "type": "Feature",
      "geometry": {
        "type": "Point",
        "coordinates": [-5.3355, 33.8443]
      },
      "properties": {
        "bright_ti4": 308.92,
        "scan": 0.5,
        "track": 0.66,
        "acq_date": "2026-09-23",
        "acq_time": "0130",
        "satellite": "N",
        "instrument": "VIIRS",
        "confidence": "n",
        "version": "2.0NRT",
        "bright_ti5": 287.79,
        "frp": 1.15,
        "daynight": "N",
        "source_dataset": "VIIRS_SNPP_NRT",
        "acq_datetime_utc": "2026-09-23T01:30:00Z",
        "age_hours": 16.4,
        "confidence_label": "nominal",
        "popup_label": "<strong>NASA FIRMS<\/strong><br>Sensor: VIIRS_SNPP_NRT<br>Fecha UTC: 2026-09-23T01:30:00Z<br>Confianza: nominal<br>FRP: 1.15 MW"
      }
    },
    {
      "type": "Feature",
      "geometry": {
        "type": "Point",
        "coordinates": [-5.0223, 34.0733]
      },
      "properties": {
        "bright_ti4": 300.84,
        "scan": 0.48,
        "track": 0.65,
        "acq_date": "2026-09-23",
        "acq_time": "0130",
        "satellite": "N",
        "instrument": "VIIRS",
        "confidence": "n",
        "version": "2.0NRT",
        "bright_ti5": 289.97,
        "frp": 0.62,
        "daynight": "N",
        "source_dataset": "VIIRS_SNPP_NRT",
        "acq_datetime_utc": "2026-09-23T01:30:00Z",
        "age_hours": 16.4,
        "confidence_label": "nominal",
        "popup_label": "<strong>NASA FIRMS<\/strong><br>Sensor: VIIRS_SNPP_NRT<br>Fecha UTC: 2026-09-23T01:30:00Z<br>Confianza: nominal<br>FRP: 0.62 MW"
      }
    },
    {
      "type": "Feature",
      "geometry": {
        "type": "Point",
        "coordinates": [-5.0197, 34.0738]
      },
      "properties": {
        "bright_ti4": 300.31,
        "scan": 0.48,
        "track": 0.65,
        "acq_date": "2026-09-23",
        "acq_time": "0130",
        "satellite": "N",
        "instrument": "VIIRS",
        "confidence": "n",
        "version": "2.0NRT",
        "bright_ti5": 290.27,
        "frp": 0.41,
        "daynight": "N",
        "source_dataset": "VIIRS_SNPP_NRT",
        "acq_datetime_utc": "2026-09-23T01:30:00Z",
        "age_hours": 16.4,
        "confidence_label": "nominal",
        "popup_label": "<strong>NASA FIRMS<\/strong><br>Sensor: VIIRS_SNPP_NRT<br>Fecha UTC: 2026-09-23T01:30:00Z<br>Confianza: nominal<br>FRP: 0.41 MW"
      }
    },
    {
      "type": "Feature",
      "geometry": {
        "type": "Point",
        "coordinates": [2.0577, 34.4384]
      },
      "properties": {
        "bright_ti4": 309.28,
        "scan": 0.39,
        "track": 0.44,
        "acq_date": "2026-09-23",
        "acq_time": "0130",
        "satellite": "N",
        "instrument": "VIIRS",
        "confidence": "n",
        "version": "2.0NRT",
        "bright_ti5": 287.9,
        "frp": 1.15,
        "daynight": "N",
        "source_dataset": "VIIRS_SNPP_NRT",
        "acq_datetime_utc": "2026-09-23T01:30:00Z",
        "age_hours": 16.4,
        "confidence_label": "nominal",
        "popup_label": "<strong>NASA FIRMS<\/strong><br>Sensor: VIIRS_SNPP_NRT<br>Fecha UTC: 2026-09-23T01:30:00Z<br>Confianza: nominal<br>FRP: 1.15 MW"
      }
    },
    {
      "type": "Feature",
      "geometry": {
        "type": "Point",
        "coordinates": [-2.3463, 34.5963]
      },
      "properties": {
        "bright_ti4": 298.65,
        "scan": 0.34,
        "track": 0.56,
        "acq_date": "2026-09-23",
        "acq_time": "0130",
        "satellite": "N",
        "instrument": "VIIRS",
        "confidence": "n",
        "version": "2.0NRT",
        "bright_ti5": 288.56,
        "frp": 0.78,
        "daynight": "N",
        "source_dataset": "VIIRS_SNPP_NRT",
        "acq_datetime_utc": "2026-09-23T01:30:00Z",
        "age_hours": 16.4,
        "confidence_label": "nominal",
        "popup_label": "<strong>NASA FIRMS<\/strong><br>Sensor: VIIRS_SNPP_NRT<br>Fecha UTC: 2026-09-23T01:30:00Z<br>Confianza: nominal<br>FRP: 0.78 MW"
      }
    },
    {
      "type": "Feature",
      "geometry": {
        "type": "Point",
        "coordinates": [-0.9412, 35.5661]
      },
      "properties": {
        "bright_ti4": 301.29,
        "scan": 0.59,
        "track": 0.52,
        "acq_date": "2026-09-23",
        "acq_time": "0128",
        "satellite": "N",
        "instrument": "VIIRS",
        "confidence": "n",
        "version": "2.0NRT",
        "bright_ti5": 289.63,
        "frp": 1.16,
        "daynight": "N",
        "source_dataset": "VIIRS_SNPP_NRT",
        "acq_datetime_utc": "2026-09-23T01:28:00Z",
        "age_hours": 16.4,
        "confidence_label": "nominal",
        "popup_label": "<strong>NASA FIRMS<\/strong><br>Sensor: VIIRS_SNPP_NRT<br>Fecha UTC: 2026-09-23T01:28:00Z<br>Confianza: nominal<br>FRP: 1.16 MW"
      }
    },
    {
      "type": "Feature",
      "geometry": {
        "type": "Point",
        "coordinates": [4.478, 35.7086]
      },
      "properties": {
        "bright_ti4": 312.3,
        "scan": 0.47,
        "track": 0.4,
        "acq_date": "2026-09-23",
        "acq_time": "0128",
        "satellite": "N",
        "instrument": "VIIRS",
        "confidence": "n",
        "version": "2.0NRT",
        "bright_ti5": 290.6,
        "frp": 1.4,
        "daynight": "N",
        "source_dataset": "VIIRS_SNPP_NRT",
        "acq_datetime_utc": "2026-09-23T01:28:00Z",
        "age_hours": 16.4,
        "confidence_label": "nominal",
        "popup_label": "<strong>NASA FIRMS<\/strong><br>Sensor: VIIRS_SNPP_NRT<br>Fecha UTC: 2026-09-23T01:28:00Z<br>Confianza: nominal<br>FRP: 1.4 MW"
      }
    },
    {
      "type": "Feature",
      "geometry": {
        "type": "Point",
        "coordinates": [-0.2653, 35.7648]
      },
      "properties": {
        "bright_ti4": 302.25,
        "scan": 0.54,
        "track": 0.51,
        "acq_date": "2026-09-23",
        "acq_time": "0128",
        "satellite": "N",
        "instrument": "VIIRS",
        "confidence": "n",
        "version": "2.0NRT",
        "bright_ti5": 292.12,
        "frp": 2.31,
        "daynight": "N",
        "source_dataset": "VIIRS_SNPP_NRT",
        "acq_datetime_utc": "2026-09-23T01:28:00Z",
        "age_hours": 16.4,
        "confidence_label": "nominal",
        "popup_label": "<strong>NASA FIRMS<\/strong><br>Sensor: VIIRS_SNPP_NRT<br>Fecha UTC: 2026-09-23T01:28:00Z<br>Confianza: nominal<br>FRP: 2.31 MW"
      }
    },
    {
      "type": "Feature",
      "geometry": {
        "type": "Point",
        "coordinates": [-0.182, 35.7975]
      },
      "properties": {
        "bright_ti4": 302.63,
        "scan": 0.53,
        "track": 0.5,
        "acq_date": "2026-09-23",
        "acq_time": "0128",
        "satellite": "N",
        "instrument": "VIIRS",
        "confidence": "n",
        "version": "2.0NRT",
        "bright_ti5": 292.34,
        "frp": 1.78,
        "daynight": "N",
        "source_dataset": "VIIRS_SNPP_NRT",
        "acq_datetime_utc": "2026-09-23T01:28:00Z",
        "age_hours": 16.4,
        "confidence_label": "nominal",
        "popup_label": "<strong>NASA FIRMS<\/strong><br>Sensor: VIIRS_SNPP_NRT<br>Fecha UTC: 2026-09-23T01:28:00Z<br>Confianza: nominal<br>FRP: 1.78 MW"
      }
    },
    {
      "type": "Feature",
      "geometry": {
        "type": "Point",
        "coordinates": [-0.2537, 35.8082]
      },
      "properties": {
        "bright_ti4": 326.13,
        "scan": 0.54,
        "track": 0.51,
        "acq_date": "2026-09-23",
        "acq_time": "0128",
        "satellite": "N",
        "instrument": "VIIRS",
        "confidence": "n",
        "version": "2.0NRT",
        "bright_ti5": 291.58,
        "frp": 4.2,
        "daynight": "N",
        "source_dataset": "VIIRS_SNPP_NRT",
        "acq_datetime_utc": "2026-09-23T01:28:00Z",
        "age_hours": 16.4,
        "confidence_label": "nominal",
        "popup_label": "<strong>NASA FIRMS<\/strong><br>Sensor: VIIRS_SNPP_NRT<br>Fecha UTC: 2026-09-23T01:28:00Z<br>Confianza: nominal<br>FRP: 4.2 MW"
      }
    },
    {
      "type": "Feature",
      "geometry": {
        "type": "Point",
        "coordinates": [-0.2597, 35.8087]
      },
      "properties": {
        "bright_ti4": 314.26,
        "scan": 0.54,
        "track": 0.51,
        "acq_date": "2026-09-23",
        "acq_time": "0128",
        "satellite": "N",
        "instrument": "VIIRS",
        "confidence": "n",
        "version": "2.0NRT",
        "bright_ti5": 291.85,
        "frp": 2.58,
        "daynight": "N",
        "source_dataset": "VIIRS_SNPP_NRT",
        "acq_datetime_utc": "2026-09-23T01:28:00Z",
        "age_hours": 16.4,
        "confidence_label": "nominal",
        "popup_label": "<strong>NASA FIRMS<\/strong><br>Sensor: VIIRS_SNPP_NRT<br>Fecha UTC: 2026-09-23T01:28:00Z<br>Confianza: nominal<br>FRP: 2.58 MW"
      }
    },
    {
      "type": "Feature",
      "geometry": {
        "type": "Point",
        "coordinates": [-0.2713, 35.8144]
      },
      "properties": {
        "bright_ti4": 321.58,
        "scan": 0.54,
        "track": 0.51,
        "acq_date": "2026-09-23",
        "acq_time": "0128",
        "satellite": "N",
        "instrument": "VIIRS",
        "confidence": "n",
        "version": "2.0NRT",
        "bright_ti5": 291.78,
        "frp": 2.94,
        "daynight": "N",
        "source_dataset": "VIIRS_SNPP_NRT",
        "acq_datetime_utc": "2026-09-23T01:28:00Z",
        "age_hours": 16.4,
        "confidence_label": "nominal",
        "popup_label": "<strong>NASA FIRMS<\/strong><br>Sensor: VIIRS_SNPP_NRT<br>Fecha UTC: 2026-09-23T01:28:00Z<br>Confianza: nominal<br>FRP: 2.94 MW"
      }
    },
    {
      "type": "Feature",
      "geometry": {
        "type": "Point",
        "coordinates": [4.4486, 35.8791]
      },
      "properties": {
        "bright_ti4": 317.97,
        "scan": 0.47,
        "track": 0.4,
        "acq_date": "2026-09-23",
        "acq_time": "0128",
        "satellite": "N",
        "instrument": "VIIRS",
        "confidence": "n",
        "version": "2.0NRT",
        "bright_ti5": 291.45,
        "frp": 1.56,
        "daynight": "N",
        "source_dataset": "VIIRS_SNPP_NRT",
        "acq_datetime_utc": "2026-09-23T01:28:00Z",
        "age_hours": 16.4,
        "confidence_label": "nominal",
        "popup_label": "<strong>NASA FIRMS<\/strong><br>Sensor: VIIRS_SNPP_NRT<br>Fecha UTC: 2026-09-23T01:28:00Z<br>Confianza: nominal<br>FRP: 1.56 MW"
      }
    },
    {
      "type": "Feature",
      "geometry": {
        "type": "Point",
        "coordinates": [1.2405, 36.126]
      },
      "properties": {
        "bright_ti4": 304.5,
        "scan": 0.45,
        "track": 0.47,
        "acq_date": "2026-09-23",
        "acq_time": "0128",
        "satellite": "N",
        "instrument": "VIIRS",
        "confidence": "n",
        "version": "2.0NRT",
        "bright_ti5": 290.82,
        "frp": 0.99,
        "daynight": "N",
        "source_dataset": "VIIRS_SNPP_NRT",
        "acq_datetime_utc": "2026-09-23T01:28:00Z",
        "age_hours": 16.4,
        "confidence_label": "nominal",
        "popup_label": "<strong>NASA FIRMS<\/strong><br>Sensor: VIIRS_SNPP_NRT<br>Fecha UTC: 2026-09-23T01:28:00Z<br>Confianza: nominal<br>FRP: 0.99 MW"
      }
    },
    {
      "type": "Feature",
      "geometry": {
        "type": "Point",
        "coordinates": [2.9284, 36.1407]
      },
      "properties": {
        "bright_ti4": 298.27,
        "scan": 0.55,
        "track": 0.43,
        "acq_date": "2026-09-23",
        "acq_time": "0128",
        "satellite": "N",
        "instrument": "VIIRS",
        "confidence": "n",
        "version": "2.0NRT",
        "bright_ti5": 286.47,
        "frp": 0.49,
        "daynight": "N",
        "source_dataset": "VIIRS_SNPP_NRT",
        "acq_datetime_utc": "2026-09-23T01:28:00Z",
        "age_hours": 16.4,
        "confidence_label": "nominal",
        "popup_label": "<strong>NASA FIRMS<\/strong><br>Sensor: VIIRS_SNPP_NRT<br>Fecha UTC: 2026-09-23T01:28:00Z<br>Confianza: nominal<br>FRP: 0.49 MW"
      }
    },
    {
      "type": "Feature",
      "geometry": {
        "type": "Point",
        "coordinates": [2.8787, 36.5979]
      },
      "properties": {
        "bright_ti4": 304.13,
        "scan": 0.56,
        "track": 0.43,
        "acq_date": "2026-09-23",
        "acq_time": "0128",
        "satellite": "N",
        "instrument": "VIIRS",
        "confidence": "n",
        "version": "2.0NRT",
        "bright_ti5": 289.67,
        "frp": 1.02,
        "daynight": "N",
        "source_dataset": "VIIRS_SNPP_NRT",
        "acq_datetime_utc": "2026-09-23T01:28:00Z",
        "age_hours": 16.4,
        "confidence_label": "nominal",
        "popup_label": "<strong>NASA FIRMS<\/strong><br>Sensor: VIIRS_SNPP_NRT<br>Fecha UTC: 2026-09-23T01:28:00Z<br>Confianza: nominal<br>FRP: 1.02 MW"
      }
    },
    {
      "type": "Feature",
      "geometry": {
        "type": "Point",
        "coordinates": [3.1231, 36.6819]
      },
      "properties": {
        "bright_ti4": 303.88,
        "scan": 0.55,
        "track": 0.43,
        "acq_date": "2026-09-23",
        "acq_time": "0128",
        "satellite": "N",
        "instrument": "VIIRS",
        "confidence": "n",
        "version": "2.0NRT",
        "bright_ti5": 290.64,
        "frp": 0.47,
        "daynight": "N",
        "source_dataset": "VIIRS_SNPP_NRT",
        "acq_datetime_utc": "2026-09-23T01:28:00Z",
        "age_hours": 16.4,
        "confidence_label": "nominal",
        "popup_label": "<strong>NASA FIRMS<\/strong><br>Sensor: VIIRS_SNPP_NRT<br>Fecha UTC: 2026-09-23T01:28:00Z<br>Confianza: nominal<br>FRP: 0.47 MW"
      }
    },
    {
      "type": "Feature",
      "geometry": {
        "type": "Point",
        "coordinates": [3.0792, 36.7498]
      },
      "properties": {
        "bright_ti4": 308.59,
        "scan": 0.55,
        "track": 0.43,
        "acq_date": "2026-09-23",
        "acq_time": "0128",
        "satellite": "N",
        "instrument": "VIIRS",
        "confidence": "n",
        "version": "2.0NRT",
        "bright_ti5": 292.03,
        "frp": 1.38,
        "daynight": "N",
        "source_dataset": "VIIRS_SNPP_NRT",
        "acq_datetime_utc": "2026-09-23T01:28:00Z",
        "age_hours": 16.4,
        "confidence_label": "nominal",
        "popup_label": "<strong>NASA FIRMS<\/strong><br>Sensor: VIIRS_SNPP_NRT<br>Fecha UTC: 2026-09-23T01:28:00Z<br>Confianza: nominal<br>FRP: 1.38 MW"
      }
    },
    {
      "type": "Feature",
      "geometry": {
        "type": "Point",
        "coordinates": [-1.9055, 36.9654]
      },
      "properties": {
        "bright_ti4": 308.4,
        "scan": 0.34,
        "track": 0.56,
        "acq_date": "2026-09-23",
        "acq_time": "0128",
        "satellite": "N",
        "instrument": "VIIRS",
        "confidence": "n",
        "version": "2.0NRT",
        "bright_ti5": 291.8,
        "frp": 0.86,
        "daynight": "N",
        "source_dataset": "VIIRS_SNPP_NRT",
        "acq_datetime_utc": "2026-09-23T01:28:00Z",
        "age_hours": 16.4,
        "confidence_label": "nominal",
        "popup_label": "<strong>NASA FIRMS<\/strong><br>Sensor: VIIRS_SNPP_NRT<br>Fecha UTC: 2026-09-23T01:28:00Z<br>Confianza: nominal<br>FRP: 0.86 MW"
      }
    },
    {
      "type": "Feature",
      "geometry": {
        "type": "Point",
        "coordinates": [-1.5783, 37.6118]
      },
      "properties": {
        "bright_ti4": 311.88,
        "scan": 0.33,
        "track": 0.55,
        "acq_date": "2026-09-23",
        "acq_time": "0128",
        "satellite": "N",
        "instrument": "VIIRS",
        "confidence": "n",
        "version": "2.0NRT",
        "bright_ti5": 287.12,
        "frp": 0.66,
        "daynight": "N",
        "source_dataset": "VIIRS_SNPP_NRT",
        "acq_datetime_utc": "2026-09-23T01:28:00Z",
        "age_hours": 16.4,
        "confidence_label": "nominal",
        "popup_label": "<strong>NASA FIRMS<\/strong><br>Sensor: VIIRS_SNPP_NRT<br>Fecha UTC: 2026-09-23T01:28:00Z<br>Confianza: nominal<br>FRP: 0.66 MW"
      }
    },
    {
      "type": "Feature",
      "geometry": {
        "type": "Point",
        "coordinates": [-4.4504, 40.0563]
      },
      "properties": {
        "bright_ti4": 296.46,
        "scan": 0.5,
        "track": 0.66,
        "acq_date": "2026-09-23",
        "acq_time": "0128",
        "satellite": "N",
        "instrument": "VIIRS",
        "confidence": "n",
        "version": "2.0NRT",
        "bright_ti5": 286.44,
        "frp": 0.79,
        "daynight": "N",
        "source_dataset": "VIIRS_SNPP_NRT",
        "acq_datetime_utc": "2026-09-23T01:28:00Z",
        "age_hours": 16.4,
        "confidence_label": "nominal",
        "popup_label": "<strong>NASA FIRMS<\/strong><br>Sensor: VIIRS_SNPP_NRT<br>Fecha UTC: 2026-09-23T01:28:00Z<br>Confianza: nominal<br>FRP: 0.79 MW"
      }
    },
    {
      "type": "Feature",
      "geometry": {
        "type": "Point",
        "coordinates": [-4.4501, 40.0624]
      },
      "properties": {
        "bright_ti4": 312.15,
        "scan": 0.5,
        "track": 0.66,
        "acq_date": "2026-09-23",
        "acq_time": "0128",
        "satellite": "N",
        "instrument": "VIIRS",
        "confidence": "n",
        "version": "2.0NRT",
        "bright_ti5": 286.63,
        "frp": 0.79,
        "daynight": "N",
        "source_dataset": "VIIRS_SNPP_NRT",
        "acq_datetime_utc": "2026-09-23T01:28:00Z",
        "age_hours": 16.4,
        "confidence_label": "nominal",
        "popup_label": "<strong>NASA FIRMS<\/strong><br>Sensor: VIIRS_SNPP_NRT<br>Fecha UTC: 2026-09-23T01:28:00Z<br>Confianza: nominal<br>FRP: 0.79 MW"
      }
    },
    {
      "type": "Feature",
      "geometry": {
        "type": "Point",
        "coordinates": [-3.4757, 40.2456]
      },
      "properties": {
        "bright_ti4": 324.9,
        "scan": 0.44,
        "track": 0.63,
        "acq_date": "2026-09-23",
        "acq_time": "0128",
        "satellite": "N",
        "instrument": "VIIRS",
        "confidence": "n",
        "version": "2.0NRT",
        "bright_ti5": 291.72,
        "frp": 3.64,
        "daynight": "N",
        "source_dataset": "VIIRS_SNPP_NRT",
        "acq_datetime_utc": "2026-09-23T01:28:00Z",
        "age_hours": 16.4,
        "confidence_label": "nominal",
        "popup_label": "<strong>NASA FIRMS<\/strong><br>Sensor: VIIRS_SNPP_NRT<br>Fecha UTC: 2026-09-23T01:28:00Z<br>Confianza: nominal<br>FRP: 3.64 MW"
      }
    },
    {
      "type": "Feature",
      "geometry": {
        "type": "Point",
        "coordinates": [-8.0202, 41.43]
      },
      "properties": {
        "bright_ti4": 302.78,
        "scan": 0.77,
        "track": 0.77,
        "acq_date": "2026-09-23",
        "acq_time": "0128",
        "satellite": "N",
        "instrument": "VIIRS",
        "confidence": "n",
        "version": "2.0NRT",
        "bright_ti5": 290.41,
        "frp": 1.72,
        "daynight": "N",
        "source_dataset": "VIIRS_SNPP_NRT",
        "acq_datetime_utc": "2026-09-23T01:28:00Z",
        "age_hours": 16.4,
        "confidence_label": "nominal",
        "popup_label": "<strong>NASA FIRMS<\/strong><br>Sensor: VIIRS_SNPP_NRT<br>Fecha UTC: 2026-09-23T01:28:00Z<br>Confianza: nominal<br>FRP: 1.72 MW"
      }
    },
    {
      "type": "Feature",
      "geometry": {
        "type": "Point",
        "coordinates": [-1.486, 41.4762]
      },
      "properties": {
        "bright_ti4": 296.68,
        "scan": 0.36,
        "track": 0.57,
        "acq_date": "2026-09-23",
        "acq_time": "0128",
        "satellite": "N",
        "instrument": "VIIRS",
        "confidence": "n",
        "version": "2.0NRT",
        "bright_ti5": 286.27,
        "frp": 0.69,
        "daynight": "N",
        "source_dataset": "VIIRS_SNPP_NRT",
        "acq_datetime_utc": "2026-09-23T01:28:00Z",
        "age_hours": 16.4,
        "confidence_label": "nominal",
        "popup_label": "<strong>NASA FIRMS<\/strong><br>Sensor: VIIRS_SNPP_NRT<br>Fecha UTC: 2026-09-23T01:28:00Z<br>Confianza: nominal<br>FRP: 0.69 MW"
      }
    },
    {
      "type": "Feature",
      "geometry": {
        "type": "Point",
        "coordinates": [-5.2629, 41.8984]
      },
      "properties": {
        "bright_ti4": 295.49,
        "scan": 0.56,
        "track": 0.69,
        "acq_date": "2026-09-23",
        "acq_time": "0128",
        "satellite": "N",
        "instrument": "VIIRS",
        "confidence": "n",
        "version": "2.0NRT",
        "bright_ti5": 283.85,
        "frp": 1.41,
        "daynight": "N",
        "source_dataset": "VIIRS_SNPP_NRT",
        "acq_datetime_utc": "2026-09-23T01:28:00Z",
        "age_hours": 16.4,
        "confidence_label": "nominal",
        "popup_label": "<strong>NASA FIRMS<\/strong><br>Sensor: VIIRS_SNPP_NRT<br>Fecha UTC: 2026-09-23T01:28:00Z<br>Confianza: nominal<br>FRP: 1.41 MW"
      }
    },
    {
      "type": "Feature",
      "geometry": {
        "type": "Point",
        "coordinates": [-5.2581, 41.9043]
      },
      "properties": {
        "bright_ti4": 339.01,
        "scan": 0.56,
        "track": 0.69,
        "acq_date": "2026-09-23",
        "acq_time": "0128",
        "satellite": "N",
        "instrument": "VIIRS",
        "confidence": "n",
        "version": "2.0NRT",
        "bright_ti5": 285.02,
        "frp": 6.18,
        "daynight": "N",
        "source_dataset": "VIIRS_SNPP_NRT",
        "acq_datetime_utc": "2026-09-23T01:28:00Z",
        "age_hours": 16.4,
        "confidence_label": "nominal",
        "popup_label": "<strong>NASA FIRMS<\/strong><br>Sensor: VIIRS_SNPP_NRT<br>Fecha UTC: 2026-09-23T01:28:00Z<br>Confianza: nominal<br>FRP: 6.18 MW"
      }
    },
    {
      "type": "Feature",
      "geometry": {
        "type": "Point",
        "coordinates": [-5.2555, 41.9047]
      },
      "properties": {
        "bright_ti4": 303.87,
        "scan": 0.56,
        "track": 0.69,
        "acq_date": "2026-09-23",
        "acq_time": "0128",
        "satellite": "N",
        "instrument": "VIIRS",
        "confidence": "n",
        "version": "2.0NRT",
        "bright_ti5": 283.52,
        "frp": 2.65,
        "daynight": "N",
        "source_dataset": "VIIRS_SNPP_NRT",
        "acq_datetime_utc": "2026-09-23T01:28:00Z",
        "age_hours": 16.4,
        "confidence_label": "nominal",
        "popup_label": "<strong>NASA FIRMS<\/strong><br>Sensor: VIIRS_SNPP_NRT<br>Fecha UTC: 2026-09-23T01:28:00Z<br>Confianza: nominal<br>FRP: 2.65 MW"
      }
    },
    {
      "type": "Feature",
      "geometry": {
        "type": "Point",
        "coordinates": [-5.2626, 41.9048]
      },
      "properties": {
        "bright_ti4": 324.82,
        "scan": 0.56,
        "track": 0.69,
        "acq_date": "2026-09-23",
        "acq_time": "0128",
        "satellite": "N",
        "instrument": "VIIRS",
        "confidence": "n",
        "version": "2.0NRT",
        "bright_ti5": 283.91,
        "frp": 4.29,
        "daynight": "N",
        "source_dataset": "VIIRS_SNPP_NRT",
        "acq_datetime_utc": "2026-09-23T01:28:00Z",
        "age_hours": 16.4,
        "confidence_label": "nominal",
        "popup_label": "<strong>NASA FIRMS<\/strong><br>Sensor: VIIRS_SNPP_NRT<br>Fecha UTC: 2026-09-23T01:28:00Z<br>Confianza: nominal<br>FRP: 4.29 MW"
      }
    },
    {
      "type": "Feature",
      "geometry": {
        "type": "Point",
        "coordinates": [-6.7703, 42.5521]
      },
      "properties": {
        "bright_ti4": 299.8,
        "scan": 0.67,
        "track": 0.74,
        "acq_date": "2026-09-23",
        "acq_time": "0128",
        "satellite": "N",
        "instrument": "VIIRS",
        "confidence": "n",
        "version": "2.0NRT",
        "bright_ti5": 285.31,
        "frp": 0.94,
        "daynight": "N",
        "source_dataset": "VIIRS_SNPP_NRT",
        "acq_datetime_utc": "2026-09-23T01:28:00Z",
        "age_hours": 16.4,
        "confidence_label": "nominal",
        "popup_label": "<strong>NASA FIRMS<\/strong><br>Sensor: VIIRS_SNPP_NRT<br>Fecha UTC: 2026-09-23T01:28:00Z<br>Confianza: nominal<br>FRP: 0.94 MW"
      }
    },
    {
      "type": "Feature",
      "geometry": {
        "type": "Point",
        "coordinates": [-6.7681, 42.553]
      },
      "properties": {
        "bright_ti4": 299.26,
        "scan": 0.67,
        "track": 0.74,
        "acq_date": "2026-09-23",
        "acq_time": "0128",
        "satellite": "N",
        "instrument": "VIIRS",
        "confidence": "n",
        "version": "2.0NRT",
        "bright_ti5": 286.14,
        "frp": 0.76,
        "daynight": "N",
        "source_dataset": "VIIRS_SNPP_NRT",
        "acq_datetime_utc": "2026-09-23T01:28:00Z",
        "age_hours": 16.4,
        "confidence_label": "nominal",
        "popup_label": "<strong>NASA FIRMS<\/strong><br>Sensor: VIIRS_SNPP_NRT<br>Fecha UTC: 2026-09-23T01:28:00Z<br>Confianza: nominal<br>FRP: 0.76 MW"
      }
    },
    {
      "type": "Feature",
      "geometry": {
        "type": "Point",
        "coordinates": [-1.5095, 42.9223]
      },
      "properties": {
        "bright_ti4": 295.53,
        "scan": 0.37,
        "track": 0.58,
        "acq_date": "2026-09-23",
        "acq_time": "0128",
        "satellite": "N",
        "instrument": "VIIRS",
        "confidence": "n",
        "version": "2.0NRT",
        "bright_ti5": 285.48,
        "frp": 0.3,
        "daynight": "N",
        "source_dataset": "VIIRS_SNPP_NRT",
        "acq_datetime_utc": "2026-09-23T01:28:00Z",
        "age_hours": 16.4,
        "confidence_label": "nominal",
        "popup_label": "<strong>NASA FIRMS<\/strong><br>Sensor: VIIRS_SNPP_NRT<br>Fecha UTC: 2026-09-23T01:28:00Z<br>Confianza: nominal<br>FRP: 0.3 MW"
      }
    },
    {
      "type": "Feature",
      "geometry": {
        "type": "Point",
        "coordinates": [-2.8783, 43.221]
      },
      "properties": {
        "bright_ti4": 296.49,
        "scan": 0.43,
        "track": 0.62,
        "acq_date": "2026-09-23",
        "acq_time": "0126",
        "satellite": "N",
        "instrument": "VIIRS",
        "confidence": "n",
        "version": "2.0NRT",
        "bright_ti5": 284.25,
        "frp": 0.48,
        "daynight": "N",
        "source_dataset": "VIIRS_SNPP_NRT",
        "acq_datetime_utc": "2026-09-23T01:26:00Z",
        "age_hours": 16.5,
        "confidence_label": "nominal",
        "popup_label": "<strong>NASA FIRMS<\/strong><br>Sensor: VIIRS_SNPP_NRT<br>Fecha UTC: 2026-09-23T01:26:00Z<br>Confianza: nominal<br>FRP: 0.48 MW"
      }
    },
    {
      "type": "Feature",
      "geometry": {
        "type": "Point",
        "coordinates": [-3.8416, 43.4101]
      },
      "properties": {
        "bright_ti4": 321.06,
        "scan": 0.49,
        "track": 0.65,
        "acq_date": "2026-09-23",
        "acq_time": "0126",
        "satellite": "N",
        "instrument": "VIIRS",
        "confidence": "n",
        "version": "2.0NRT",
        "bright_ti5": 286.69,
        "frp": 1.64,
        "daynight": "N",
        "source_dataset": "VIIRS_SNPP_NRT",
        "acq_datetime_utc": "2026-09-23T01:26:00Z",
        "age_hours": 16.5,
        "confidence_label": "nominal",
        "popup_label": "<strong>NASA FIRMS<\/strong><br>Sensor: VIIRS_SNPP_NRT<br>Fecha UTC: 2026-09-23T01:26:00Z<br>Confianza: nominal<br>FRP: 1.64 MW"
      }
    },
    {
      "type": "Feature",
      "geometry": {
        "type": "Point",
        "coordinates": [-3.8427, 43.4102]
      },
      "properties": {
        "bright_ti4": 316.2,
        "scan": 0.49,
        "track": 0.65,
        "acq_date": "2026-09-23",
        "acq_time": "0126",
        "satellite": "N",
        "instrument": "VIIRS",
        "confidence": "n",
        "version": "2.0NRT",
        "bright_ti5": 286.32,
        "frp": 1.94,
        "daynight": "N",
        "source_dataset": "VIIRS_SNPP_NRT",
        "acq_datetime_utc": "2026-09-23T01:26:00Z",
        "age_hours": 16.5,
        "confidence_label": "nominal",
        "popup_label": "<strong>NASA FIRMS<\/strong><br>Sensor: VIIRS_SNPP_NRT<br>Fecha UTC: 2026-09-23T01:26:00Z<br>Confianza: nominal<br>FRP: 1.94 MW"
      }
    },
    {
      "type": "Feature",
      "geometry": {
        "type": "Point",
        "coordinates": [4.8872, 43.436]
      },
      "properties": {
        "bright_ti4": 311.11,
        "scan": 0.55,
        "track": 0.42,
        "acq_date": "2026-09-23",
        "acq_time": "0126",
        "satellite": "N",
        "instrument": "VIIRS",
        "confidence": "n",
        "version": "2.0NRT",
        "bright_ti5": 290.27,
        "frp": 2.56,
        "daynight": "N",
        "source_dataset": "VIIRS_SNPP_NRT",
        "acq_datetime_utc": "2026-09-23T01:26:00Z",
        "age_hours": 16.5,
        "confidence_label": "nominal",
        "popup_label": "<strong>NASA FIRMS<\/strong><br>Sensor: VIIRS_SNPP_NRT<br>Fecha UTC: 2026-09-23T01:26:00Z<br>Confianza: nominal<br>FRP: 2.56 MW"
      }
    },
    {
      "type": "Feature",
      "geometry": {
        "type": "Point",
        "coordinates": [-5.7299, 43.523]
      },
      "properties": {
        "bright_ti4": 312.05,
        "scan": 0.6,
        "track": 0.71,
        "acq_date": "2026-09-23",
        "acq_time": "0126",
        "satellite": "N",
        "instrument": "VIIRS",
        "confidence": "n",
        "version": "2.0NRT",
        "bright_ti5": 287.42,
        "frp": 2.28,
        "daynight": "N",
        "source_dataset": "VIIRS_SNPP_NRT",
        "acq_datetime_utc": "2026-09-23T01:26:00Z",
        "age_hours": 16.5,
        "confidence_label": "nominal",
        "popup_label": "<strong>NASA FIRMS<\/strong><br>Sensor: VIIRS_SNPP_NRT<br>Fecha UTC: 2026-09-23T01:26:00Z<br>Confianza: nominal<br>FRP: 2.28 MW"
      }
    },
    {
      "type": "Feature",
      "geometry": {
        "type": "Point",
        "coordinates": [-5.7375, 43.5231]
      },
      "properties": {
        "bright_ti4": 319.76,
        "scan": 0.6,
        "track": 0.71,
        "acq_date": "2026-09-23",
        "acq_time": "0126",
        "satellite": "N",
        "instrument": "VIIRS",
        "confidence": "n",
        "version": "2.0NRT",
        "bright_ti5": 288.46,
        "frp": 3.69,
        "daynight": "N",
        "source_dataset": "VIIRS_SNPP_NRT",
        "acq_datetime_utc": "2026-09-23T01:26:00Z",
        "age_hours": 16.5,
        "confidence_label": "nominal",
        "popup_label": "<strong>NASA FIRMS<\/strong><br>Sensor: VIIRS_SNPP_NRT<br>Fecha UTC: 2026-09-23T01:26:00Z<br>Confianza: nominal<br>FRP: 3.69 MW"
      }
    },
    {
      "type": "Feature",
      "geometry": {
        "type": "Point",
        "coordinates": [-5.7274, 43.526]
      },
      "properties": {
        "bright_ti4": 305.97,
        "scan": 0.6,
        "track": 0.71,
        "acq_date": "2026-09-23",
        "acq_time": "0126",
        "satellite": "N",
        "instrument": "VIIRS",
        "confidence": "n",
        "version": "2.0NRT",
        "bright_ti5": 287.91,
        "frp": 3.7,
        "daynight": "N",
        "source_dataset": "VIIRS_SNPP_NRT",
        "acq_datetime_utc": "2026-09-23T01:26:00Z",
        "age_hours": 16.5,
        "confidence_label": "nominal",
        "popup_label": "<strong>NASA FIRMS<\/strong><br>Sensor: VIIRS_SNPP_NRT<br>Fecha UTC: 2026-09-23T01:26:00Z<br>Confianza: nominal<br>FRP: 3.7 MW"
      }
    },
    {
      "type": "Feature",
      "geometry": {
        "type": "Point",
        "coordinates": [-5.735, 43.5261]
      },
      "properties": {
        "bright_ti4": 343.09,
        "scan": 0.6,
        "track": 0.71,
        "acq_date": "2026-09-23",
        "acq_time": "0126",
        "satellite": "N",
        "instrument": "VIIRS",
        "confidence": "n",
        "version": "2.0NRT",
        "bright_ti5": 289.35,
        "frp": 3.7,
        "daynight": "N",
        "source_dataset": "VIIRS_SNPP_NRT",
        "acq_datetime_utc": "2026-09-23T01:26:00Z",
        "age_hours": 16.5,
        "confidence_label": "nominal",
        "popup_label": "<strong>NASA FIRMS<\/strong><br>Sensor: VIIRS_SNPP_NRT<br>Fecha UTC: 2026-09-23T01:26:00Z<br>Confianza: nominal<br>FRP: 3.7 MW"
      }
    },
    {
      "type": "Feature",
      "geometry": {
        "type": "Point",
        "coordinates": [-5.7294, 43.5297]
      },
      "properties": {
        "bright_ti4": 311.11,
        "scan": 0.6,
        "track": 0.71,
        "acq_date": "2026-09-23",
        "acq_time": "0126",
        "satellite": "N",
        "instrument": "VIIRS",
        "confidence": "n",
        "version": "2.0NRT",
        "bright_ti5": 288.55,
        "frp": 2.28,
        "daynight": "N",
        "source_dataset": "VIIRS_SNPP_NRT",
        "acq_datetime_utc": "2026-09-23T01:26:00Z",
        "age_hours": 16.5,
        "confidence_label": "nominal",
        "popup_label": "<strong>NASA FIRMS<\/strong><br>Sensor: VIIRS_SNPP_NRT<br>Fecha UTC: 2026-09-23T01:26:00Z<br>Confianza: nominal<br>FRP: 2.28 MW"
      }
    },
    {
      "type": "Feature",
      "geometry": {
        "type": "Point",
        "coordinates": [-5.7366, 43.5297]
      },
      "properties": {
        "bright_ti4": 315.73,
        "scan": 0.6,
        "track": 0.71,
        "acq_date": "2026-09-23",
        "acq_time": "0126",
        "satellite": "N",
        "instrument": "VIIRS",
        "confidence": "n",
        "version": "2.0NRT",
        "bright_ti5": 287.35,
        "frp": 3.69,
        "daynight": "N",
        "source_dataset": "VIIRS_SNPP_NRT",
        "acq_datetime_utc": "2026-09-23T01:26:00Z",
        "age_hours": 16.5,
        "confidence_label": "nominal",
        "popup_label": "<strong>NASA FIRMS<\/strong><br>Sensor: VIIRS_SNPP_NRT<br>Fecha UTC: 2026-09-23T01:26:00Z<br>Confianza: nominal<br>FRP: 3.69 MW"
      }
    },
    {
      "type": "Feature",
      "geometry": {
        "type": "Point",
        "coordinates": [-5.8303, 43.5369]
      },
      "properties": {
        "bright_ti4": 318.84,
        "scan": 0.61,
        "track": 0.71,
        "acq_date": "2026-09-23",
        "acq_time": "0126",
        "satellite": "N",
        "instrument": "VIIRS",
        "confidence": "n",
        "version": "2.0NRT",
        "bright_ti5": 286.57,
        "frp": 2.24,
        "daynight": "N",
        "source_dataset": "VIIRS_SNPP_NRT",
        "acq_datetime_utc": "2026-09-23T01:26:00Z",
        "age_hours": 16.5,
        "confidence_label": "nominal",
        "popup_label": "<strong>NASA FIRMS<\/strong><br>Sensor: VIIRS_SNPP_NRT<br>Fecha UTC: 2026-09-23T01:26:00Z<br>Confianza: nominal<br>FRP: 2.24 MW"
      }
    },
    {
      "type": "Feature",
      "geometry": {
        "type": "Point",
        "coordinates": [-5.8275, 43.5404]
      },
      "properties": {
        "bright_ti4": 311.67,
        "scan": 0.61,
        "track": 0.71,
        "acq_date": "2026-09-23",
        "acq_time": "0126",
        "satellite": "N",
        "instrument": "VIIRS",
        "confidence": "n",
        "version": "2.0NRT",
        "bright_ti5": 286.96,
        "frp": 2.46,
        "daynight": "N",
        "source_dataset": "VIIRS_SNPP_NRT",
        "acq_datetime_utc": "2026-09-23T01:26:00Z",
        "age_hours": 16.5,
        "confidence_label": "nominal",
        "popup_label": "<strong>NASA FIRMS<\/strong><br>Sensor: VIIRS_SNPP_NRT<br>Fecha UTC: 2026-09-23T01:26:00Z<br>Confianza: nominal<br>FRP: 2.46 MW"
      }
    },
    {
      "type": "Feature",
      "geometry": {
        "type": "Point",
        "coordinates": [-5.8358, 43.5405]
      },
      "properties": {
        "bright_ti4": 309.94,
        "scan": 0.61,
        "track": 0.71,
        "acq_date": "2026-09-23",
        "acq_time": "0126",
        "satellite": "N",
        "instrument": "VIIRS",
        "confidence": "n",
        "version": "2.0NRT",
        "bright_ti5": 287.56,
        "frp": 3.46,
        "daynight": "N",
        "source_dataset": "VIIRS_SNPP_NRT",
        "acq_datetime_utc": "2026-09-23T01:26:00Z",
        "age_hours": 16.5,
        "confidence_label": "nominal",
        "popup_label": "<strong>NASA FIRMS<\/strong><br>Sensor: VIIRS_SNPP_NRT<br>Fecha UTC: 2026-09-23T01:26:00Z<br>Confianza: nominal<br>FRP: 3.46 MW"
      }
    },
    {
      "type": "Feature",
      "geometry": {
        "type": "Point",
        "coordinates": [-5.83, 43.5436]
      },
      "properties": {
        "bright_ti4": 298.32,
        "scan": 0.61,
        "track": 0.71,
        "acq_date": "2026-09-23",
        "acq_time": "0126",
        "satellite": "N",
        "instrument": "VIIRS",
        "confidence": "n",
        "version": "2.0NRT",
        "bright_ti5": 287.16,
        "frp": 2.24,
        "daynight": "N",
        "source_dataset": "VIIRS_SNPP_NRT",
        "acq_datetime_utc": "2026-09-23T01:26:00Z",
        "age_hours": 16.5,
        "confidence_label": "nominal",
        "popup_label": "<strong>NASA FIRMS<\/strong><br>Sensor: VIIRS_SNPP_NRT<br>Fecha UTC: 2026-09-23T01:26:00Z<br>Confianza: nominal<br>FRP: 2.24 MW"
      }
    },
    {
      "type": "Feature",
      "geometry": {
        "type": "Point",
        "coordinates": [-8.5122, 41.2818]
      },
      "properties": {
        "bright_ti4": 313.14,
        "scan": 0.72,
        "track": 0.76,
        "acq_date": "2026-09-22",
        "acq_time": "1450",
        "satellite": "N",
        "instrument": "VIIRS",
        "confidence": "l",
        "version": "2.0NRT",
        "bright_ti5": 313.17,
        "frp": 81.6,
        "daynight": "D",
        "source_dataset": "VIIRS_SNPP_NRT",
        "acq_datetime_utc": "2026-09-22T14:50:00Z",
        "age_hours": 27.1,
        "confidence_label": "baja",
        "popup_label": "<strong>NASA FIRMS<\/strong><br>Sensor: VIIRS_SNPP_NRT<br>Fecha UTC: 2026-09-22T14:50:00Z<br>Confianza: baja<br>FRP: 81.6 MW"
      }
    },
    {
      "type": "Feature",
      "geometry": {
        "type": "Point",
        "coordinates": [-8.5025, 41.2818]
      },
      "properties": {
        "bright_ti4": 367,
        "scan": 0.72,
        "track": 0.76,
        "acq_date": "2026-09-22",
        "acq_time": "1450",
        "satellite": "N",
        "instrument": "VIIRS",
        "confidence": "h",
        "version": "2.0NRT",
        "bright_ti5": 305.92,
        "frp": 81.6,
        "daynight": "D",
        "source_dataset": "VIIRS_SNPP_NRT",
        "acq_datetime_utc": "2026-09-22T14:50:00Z",
        "age_hours": 27.1,
        "confidence_label": "alta",
        "popup_label": "<strong>NASA FIRMS<\/strong><br>Sensor: VIIRS_SNPP_NRT<br>Fecha UTC: 2026-09-22T14:50:00Z<br>Confianza: alta<br>FRP: 81.6 MW"
      }
    },
    {
      "type": "Feature",
      "geometry": {
        "type": "Point",
        "coordinates": [-8.5125, 41.2889]
      },
      "properties": {
        "bright_ti4": 338.26,
        "scan": 0.72,
        "track": 0.76,
        "acq_date": "2026-09-22",
        "acq_time": "1450",
        "satellite": "N",
        "instrument": "VIIRS",
        "confidence": "n",
        "version": "2.0NRT",
        "bright_ti5": 306.93,
        "frp": 81.6,
        "daynight": "D",
        "source_dataset": "VIIRS_SNPP_NRT",
        "acq_datetime_utc": "2026-09-22T14:50:00Z",
        "age_hours": 27.1,
        "confidence_label": "nominal",
        "popup_label": "<strong>NASA FIRMS<\/strong><br>Sensor: VIIRS_SNPP_NRT<br>Fecha UTC: 2026-09-22T14:50:00Z<br>Confianza: nominal<br>FRP: 81.6 MW"
      }
    },
    {
      "type": "Feature",
      "geometry": {
        "type": "Point",
        "coordinates": [-8.5034, 41.2889]
      },
      "properties": {
        "bright_ti4": 367,
        "scan": 0.72,
        "track": 0.76,
        "acq_date": "2026-09-22",
        "acq_time": "1450",
        "satellite": "N",
        "instrument": "VIIRS",
        "confidence": "h",
        "version": "2.0NRT",
        "bright_ti5": 304.7,
        "frp": 81.6,
        "daynight": "D",
        "source_dataset": "VIIRS_SNPP_NRT",
        "acq_datetime_utc": "2026-09-22T14:50:00Z",
        "age_hours": 27.1,
        "confidence_label": "alta",
        "popup_label": "<strong>NASA FIRMS<\/strong><br>Sensor: VIIRS_SNPP_NRT<br>Fecha UTC: 2026-09-22T14:50:00Z<br>Confianza: alta<br>FRP: 81.6 MW"
      }
    },
    {
      "type": "Feature",
      "geometry": {
        "type": "Point",
        "coordinates": [-8.1451, 41.5177]
      },
      "properties": {
        "bright_ti4": 331.06,
        "scan": 0.75,
        "track": 0.77,
        "acq_date": "2026-09-22",
        "acq_time": "1450",
        "satellite": "N",
        "instrument": "VIIRS",
        "confidence": "n",
        "version": "2.0NRT",
        "bright_ti5": 296.62,
        "frp": 10.42,
        "daynight": "D",
        "source_dataset": "VIIRS_SNPP_NRT",
        "acq_datetime_utc": "2026-09-22T14:50:00Z",
        "age_hours": 27.1,
        "confidence_label": "nominal",
        "popup_label": "<strong>NASA FIRMS<\/strong><br>Sensor: VIIRS_SNPP_NRT<br>Fecha UTC: 2026-09-22T14:50:00Z<br>Confianza: nominal<br>FRP: 10.42 MW"
      }
    },
    {
      "type": "Feature",
      "geometry": {
        "type": "Point",
        "coordinates": [-8.1526, 41.5231]
      },
      "properties": {
        "bright_ti4": 339.3,
        "scan": 0.75,
        "track": 0.77,
        "acq_date": "2026-09-22",
        "acq_time": "1450",
        "satellite": "N",
        "instrument": "VIIRS",
        "confidence": "n",
        "version": "2.0NRT",
        "bright_ti5": 299.08,
        "frp": 10.41,
        "daynight": "D",
        "source_dataset": "VIIRS_SNPP_NRT",
        "acq_datetime_utc": "2026-09-22T14:50:00Z",
        "age_hours": 27.1,
        "confidence_label": "nominal",
        "popup_label": "<strong>NASA FIRMS<\/strong><br>Sensor: VIIRS_SNPP_NRT<br>Fecha UTC: 2026-09-22T14:50:00Z<br>Confianza: nominal<br>FRP: 10.41 MW"
      }
    },
    {
      "type": "Feature",
      "geometry": {
        "type": "Point",
        "coordinates": [-6.4101, 38.4271]
      },
      "properties": {
        "bright_ti4": 342.61,
        "scan": 0.39,
        "track": 0.44,
        "acq_date": "2026-09-22",
        "acq_time": "1310",
        "satellite": "N",
        "instrument": "VIIRS",
        "confidence": "n",
        "version": "2.0NRT",
        "bright_ti5": 307.02,
        "frp": 2.28,
        "daynight": "D",
        "source_dataset": "VIIRS_SNPP_NRT",
        "acq_datetime_utc": "2026-09-22T13:10:00Z",
        "age_hours": 28.7,
        "confidence_label": "nominal",
        "popup_label": "<strong>NASA FIRMS<\/strong><br>Sensor: VIIRS_SNPP_NRT<br>Fecha UTC: 2026-09-22T13:10:00Z<br>Confianza: nominal<br>FRP: 2.28 MW"
      }
    },
    {
      "type": "Feature",
      "geometry": {
        "type": "Point",
        "coordinates": [-7.12, 38.7711]
      },
      "properties": {
        "bright_ti4": 335.63,
        "scan": 0.42,
        "track": 0.45,
        "acq_date": "2026-09-22",
        "acq_time": "1310",
        "satellite": "N",
        "instrument": "VIIRS",
        "confidence": "l",
        "version": "2.0NRT",
        "bright_ti5": 309.77,
        "frp": 2.52,
        "daynight": "D",
        "source_dataset": "VIIRS_SNPP_NRT",
        "acq_datetime_utc": "2026-09-22T13:10:00Z",
        "age_hours": 28.7,
        "confidence_label": "baja",
        "popup_label": "<strong>NASA FIRMS<\/strong><br>Sensor: VIIRS_SNPP_NRT<br>Fecha UTC: 2026-09-22T13:10:00Z<br>Confianza: baja<br>FRP: 2.52 MW"
      }
    },
    {
      "type": "Feature",
      "geometry": {
        "type": "Point",
        "coordinates": [-6.5727, 38.8771]
      },
      "properties": {
        "bright_ti4": 343.21,
        "scan": 0.39,
        "track": 0.44,
        "acq_date": "2026-09-22",
        "acq_time": "1310",
        "satellite": "N",
        "instrument": "VIIRS",
        "confidence": "n",
        "version": "2.0NRT",
        "bright_ti5": 302.53,
        "frp": 3.34,
        "daynight": "D",
        "source_dataset": "VIIRS_SNPP_NRT",
        "acq_datetime_utc": "2026-09-22T13:10:00Z",
        "age_hours": 28.7,
        "confidence_label": "nominal",
        "popup_label": "<strong>NASA FIRMS<\/strong><br>Sensor: VIIRS_SNPP_NRT<br>Fecha UTC: 2026-09-22T13:10:00Z<br>Confianza: nominal<br>FRP: 3.34 MW"
      }
    },
    {
      "type": "Feature",
      "geometry": {
        "type": "Point",
        "coordinates": [-3.4753, 40.2446]
      },
      "properties": {
        "bright_ti4": 337.18,
        "scan": 0.42,
        "track": 0.38,
        "acq_date": "2026-09-22",
        "acq_time": "1310",
        "satellite": "N",
        "instrument": "VIIRS",
        "confidence": "l",
        "version": "2.0NRT",
        "bright_ti5": 311.76,
        "frp": 1.45,
        "daynight": "D",
        "source_dataset": "VIIRS_SNPP_NRT",
        "acq_datetime_utc": "2026-09-22T13:10:00Z",
        "age_hours": 28.7,
        "confidence_label": "baja",
        "popup_label": "<strong>NASA FIRMS<\/strong><br>Sensor: VIIRS_SNPP_NRT<br>Fecha UTC: 2026-09-22T13:10:00Z<br>Confianza: baja<br>FRP: 1.45 MW"
      }
    },
    {
      "type": "Feature",
      "geometry": {
        "type": "Point",
        "coordinates": [-3.5886, 40.5228]
      },
      "properties": {
        "bright_ti4": 338.68,
        "scan": 0.43,
        "track": 0.38,
        "acq_date": "2026-09-22",
        "acq_time": "1310",
        "satellite": "N",
        "instrument": "VIIRS",
        "confidence": "l",
        "version": "2.0NRT",
        "bright_ti5": 309.81,
        "frp": 3.34,
        "daynight": "D",
        "source_dataset": "VIIRS_SNPP_NRT",
        "acq_datetime_utc": "2026-09-22T13:10:00Z",
        "age_hours": 28.7,
        "confidence_label": "baja",
        "popup_label": "<strong>NASA FIRMS<\/strong><br>Sensor: VIIRS_SNPP_NRT<br>Fecha UTC: 2026-09-22T13:10:00Z<br>Confianza: baja<br>FRP: 3.34 MW"
      }
    },
    {
      "type": "Feature",
      "geometry": {
        "type": "Point",
        "coordinates": [-3.5836, 40.5236]
      },
      "properties": {
        "bright_ti4": 344.47,
        "scan": 0.42,
        "track": 0.38,
        "acq_date": "2026-09-22",
        "acq_time": "1310",
        "satellite": "N",
        "instrument": "VIIRS",
        "confidence": "n",
        "version": "2.0NRT",
        "bright_ti5": 309.1,
        "frp": 5.21,
        "daynight": "D",
        "source_dataset": "VIIRS_SNPP_NRT",
        "acq_datetime_utc": "2026-09-22T13:10:00Z",
        "age_hours": 28.7,
        "confidence_label": "nominal",
        "popup_label": "<strong>NASA FIRMS<\/strong><br>Sensor: VIIRS_SNPP_NRT<br>Fecha UTC: 2026-09-22T13:10:00Z<br>Confianza: nominal<br>FRP: 5.21 MW"
      }
    },
    {
      "type": "Feature",
      "geometry": {
        "type": "Point",
        "coordinates": [-3.569, 40.5263]
      },
      "properties": {
        "bright_ti4": 338.46,
        "scan": 0.42,
        "track": 0.38,
        "acq_date": "2026-09-22",
        "acq_time": "1310",
        "satellite": "N",
        "instrument": "VIIRS",
        "confidence": "l",
        "version": "2.0NRT",
        "bright_ti5": 310.61,
        "frp": 3.7,
        "daynight": "D",
        "source_dataset": "VIIRS_SNPP_NRT",
        "acq_datetime_utc": "2026-09-22T13:10:00Z",
        "age_hours": 28.7,
        "confidence_label": "baja",
        "popup_label": "<strong>NASA FIRMS<\/strong><br>Sensor: VIIRS_SNPP_NRT<br>Fecha UTC: 2026-09-22T13:10:00Z<br>Confianza: baja<br>FRP: 3.7 MW"
      }
    },
    {
      "type": "Feature",
      "geometry": {
        "type": "Point",
        "coordinates": [-3.5847, 40.5271]
      },
      "properties": {
        "bright_ti4": 343.27,
        "scan": 0.42,
        "track": 0.38,
        "acq_date": "2026-09-22",
        "acq_time": "1310",
        "satellite": "N",
        "instrument": "VIIRS",
        "confidence": "n",
        "version": "2.0NRT",
        "bright_ti5": 308.48,
        "frp": 5.65,
        "daynight": "D",
        "source_dataset": "VIIRS_SNPP_NRT",
        "acq_datetime_utc": "2026-09-22T13:10:00Z",
        "age_hours": 28.7,
        "confidence_label": "nominal",
        "popup_label": "<strong>NASA FIRMS<\/strong><br>Sensor: VIIRS_SNPP_NRT<br>Fecha UTC: 2026-09-22T13:10:00Z<br>Confianza: nominal<br>FRP: 5.65 MW"
      }
    },
    {
      "type": "Feature",
      "geometry": {
        "type": "Point",
        "coordinates": [-3.2459, 40.7175]
      },
      "properties": {
        "bright_ti4": 349.43,
        "scan": 0.41,
        "track": 0.37,
        "acq_date": "2026-09-22",
        "acq_time": "1310",
        "satellite": "N",
        "instrument": "VIIRS",
        "confidence": "n",
        "version": "2.0NRT",
        "bright_ti5": 313.57,
        "frp": 5.65,
        "daynight": "D",
        "source_dataset": "VIIRS_SNPP_NRT",
        "acq_datetime_utc": "2026-09-22T13:10:00Z",
        "age_hours": 28.7,
        "confidence_label": "nominal",
        "popup_label": "<strong>NASA FIRMS<\/strong><br>Sensor: VIIRS_SNPP_NRT<br>Fecha UTC: 2026-09-22T13:10:00Z<br>Confianza: nominal<br>FRP: 5.65 MW"
      }
    },
    {
      "type": "Feature",
      "geometry": {
        "type": "Point",
        "coordinates": [-3.7772, 40.7884]
      },
      "properties": {
        "bright_ti4": 342.03,
        "scan": 0.43,
        "track": 0.38,
        "acq_date": "2026-09-22",
        "acq_time": "1310",
        "satellite": "N",
        "instrument": "VIIRS",
        "confidence": "n",
        "version": "2.0NRT",
        "bright_ti5": 309.59,
        "frp": 5.36,
        "daynight": "D",
        "source_dataset": "VIIRS_SNPP_NRT",
        "acq_datetime_utc": "2026-09-22T13:10:00Z",
        "age_hours": 28.7,
        "confidence_label": "nominal",
        "popup_label": "<strong>NASA FIRMS<\/strong><br>Sensor: VIIRS_SNPP_NRT<br>Fecha UTC: 2026-09-22T13:10:00Z<br>Confianza: nominal<br>FRP: 5.36 MW"
      }
    },
    {
      "type": "Feature",
      "geometry": {
        "type": "Point",
        "coordinates": [-2.6661, 41.2955]
      },
      "properties": {
        "bright_ti4": 335.18,
        "scan": 0.4,
        "track": 0.37,
        "acq_date": "2026-09-22",
        "acq_time": "1310",
        "satellite": "N",
        "instrument": "VIIRS",
        "confidence": "l",
        "version": "2.0NRT",
        "bright_ti5": 308.7,
        "frp": 2.11,
        "daynight": "D",
        "source_dataset": "VIIRS_SNPP_NRT",
        "acq_datetime_utc": "2026-09-22T13:10:00Z",
        "age_hours": 28.7,
        "confidence_label": "baja",
        "popup_label": "<strong>NASA FIRMS<\/strong><br>Sensor: VIIRS_SNPP_NRT<br>Fecha UTC: 2026-09-22T13:10:00Z<br>Confianza: baja<br>FRP: 2.11 MW"
      }
    },
    {
      "type": "Feature",
      "geometry": {
        "type": "Point",
        "coordinates": [-8.3611, 41.301]
      },
      "properties": {
        "bright_ti4": 336.49,
        "scan": 0.42,
        "track": 0.45,
        "acq_date": "2026-09-22",
        "acq_time": "1310",
        "satellite": "N",
        "instrument": "VIIRS",
        "confidence": "n",
        "version": "2.0NRT",
        "bright_ti5": 305.42,
        "frp": 1.57,
        "daynight": "D",
        "source_dataset": "VIIRS_SNPP_NRT",
        "acq_datetime_utc": "2026-09-22T13:10:00Z",
        "age_hours": 28.7,
        "confidence_label": "nominal",
        "popup_label": "<strong>NASA FIRMS<\/strong><br>Sensor: VIIRS_SNPP_NRT<br>Fecha UTC: 2026-09-22T13:10:00Z<br>Confianza: nominal<br>FRP: 1.57 MW"
      }
    },
    {
      "type": "Feature",
      "geometry": {
        "type": "Point",
        "coordinates": [-8.1616, 41.5238]
      },
      "properties": {
        "bright_ti4": 333.44,
        "scan": 0.41,
        "track": 0.45,
        "acq_date": "2026-09-22",
        "acq_time": "1310",
        "satellite": "N",
        "instrument": "VIIRS",
        "confidence": "l",
        "version": "2.0NRT",
        "bright_ti5": 306.55,
        "frp": 46.69,
        "daynight": "D",
        "source_dataset": "VIIRS_SNPP_NRT",
        "acq_datetime_utc": "2026-09-22T13:10:00Z",
        "age_hours": 28.7,
        "confidence_label": "baja",
        "popup_label": "<strong>NASA FIRMS<\/strong><br>Sensor: VIIRS_SNPP_NRT<br>Fecha UTC: 2026-09-22T13:10:00Z<br>Confianza: baja<br>FRP: 46.69 MW"
      }
    },
    {
      "type": "Feature",
      "geometry": {
        "type": "Point",
        "coordinates": [-8.1568, 41.5249]
      },
      "properties": {
        "bright_ti4": 367,
        "scan": 0.41,
        "track": 0.45,
        "acq_date": "2026-09-22",
        "acq_time": "1310",
        "satellite": "N",
        "instrument": "VIIRS",
        "confidence": "l",
        "version": "2.0NRT",
        "bright_ti5": 328.23,
        "frp": 46.69,
        "daynight": "D",
        "source_dataset": "VIIRS_SNPP_NRT",
        "acq_datetime_utc": "2026-09-22T13:10:00Z",
        "age_hours": 28.7,
        "confidence_label": "baja",
        "popup_label": "<strong>NASA FIRMS<\/strong><br>Sensor: VIIRS_SNPP_NRT<br>Fecha UTC: 2026-09-22T13:10:00Z<br>Confianza: baja<br>FRP: 46.69 MW"
      }
    },
    {
      "type": "Feature",
      "geometry": {
        "type": "Point",
        "coordinates": [-8.3779, 41.8699]
      },
      "properties": {
        "bright_ti4": 341.92,
        "scan": 0.41,
        "track": 0.45,
        "acq_date": "2026-09-22",
        "acq_time": "1310",
        "satellite": "N",
        "instrument": "VIIRS",
        "confidence": "n",
        "version": "2.0NRT",
        "bright_ti5": 305.22,
        "frp": 3.87,
        "daynight": "D",
        "source_dataset": "VIIRS_SNPP_NRT",
        "acq_datetime_utc": "2026-09-22T13:10:00Z",
        "age_hours": 28.7,
        "confidence_label": "nominal",
        "popup_label": "<strong>NASA FIRMS<\/strong><br>Sensor: VIIRS_SNPP_NRT<br>Fecha UTC: 2026-09-22T13:10:00Z<br>Confianza: nominal<br>FRP: 3.87 MW"
      }
    },
    {
      "type": "Feature",
      "geometry": {
        "type": "Point",
        "coordinates": [0.1796, 41.9225]
      },
      "properties": {
        "bright_ti4": 344.51,
        "scan": 0.39,
        "track": 0.36,
        "acq_date": "2026-09-22",
        "acq_time": "1310",
        "satellite": "N",
        "instrument": "VIIRS",
        "confidence": "n",
        "version": "2.0NRT",
        "bright_ti5": 309.08,
        "frp": 3.06,
        "daynight": "D",
        "source_dataset": "VIIRS_SNPP_NRT",
        "acq_datetime_utc": "2026-09-22T13:10:00Z",
        "age_hours": 28.7,
        "confidence_label": "nominal",
        "popup_label": "<strong>NASA FIRMS<\/strong><br>Sensor: VIIRS_SNPP_NRT<br>Fecha UTC: 2026-09-22T13:10:00Z<br>Confianza: nominal<br>FRP: 3.06 MW"
      }
    },
    {
      "type": "Feature",
      "geometry": {
        "type": "Point",
        "coordinates": [-3.9578, 42.1755]
      },
      "properties": {
        "bright_ti4": 338.56,
        "scan": 0.42,
        "track": 0.38,
        "acq_date": "2026-09-22",
        "acq_time": "1310",
        "satellite": "N",
        "instrument": "VIIRS",
        "confidence": "n",
        "version": "2.0NRT",
        "bright_ti5": 307.98,
        "frp": 1.53,
        "daynight": "D",
        "source_dataset": "VIIRS_SNPP_NRT",
        "acq_datetime_utc": "2026-09-22T13:10:00Z",
        "age_hours": 28.7,
        "confidence_label": "nominal",
        "popup_label": "<strong>NASA FIRMS<\/strong><br>Sensor: VIIRS_SNPP_NRT<br>Fecha UTC: 2026-09-22T13:10:00Z<br>Confianza: nominal<br>FRP: 1.53 MW"
      }
    },
    {
      "type": "Feature",
      "geometry": {
        "type": "Point",
        "coordinates": [-3.2509, 42.526]
      },
      "properties": {
        "bright_ti4": 347.5,
        "scan": 0.4,
        "track": 0.37,
        "acq_date": "2026-09-22",
        "acq_time": "1310",
        "satellite": "N",
        "instrument": "VIIRS",
        "confidence": "n",
        "version": "2.0NRT",
        "bright_ti5": 305.1,
        "frp": 4.64,
        "daynight": "D",
        "source_dataset": "VIIRS_SNPP_NRT",
        "acq_datetime_utc": "2026-09-22T13:10:00Z",
        "age_hours": 28.7,
        "confidence_label": "nominal",
        "popup_label": "<strong>NASA FIRMS<\/strong><br>Sensor: VIIRS_SNPP_NRT<br>Fecha UTC: 2026-09-22T13:10:00Z<br>Confianza: nominal<br>FRP: 4.64 MW"
      }
    },
    {
      "type": "Feature",
      "geometry": {
        "type": "Point",
        "coordinates": [-3.2519, 42.5294]
      },
      "properties": {
        "bright_ti4": 339.39,
        "scan": 0.4,
        "track": 0.37,
        "acq_date": "2026-09-22",
        "acq_time": "1310",
        "satellite": "N",
        "instrument": "VIIRS",
        "confidence": "n",
        "version": "2.0NRT",
        "bright_ti5": 305.34,
        "frp": 4.82,
        "daynight": "D",
        "source_dataset": "VIIRS_SNPP_NRT",
        "acq_datetime_utc": "2026-09-22T13:10:00Z",
        "age_hours": 28.7,
        "confidence_label": "nominal",
        "popup_label": "<strong>NASA FIRMS<\/strong><br>Sensor: VIIRS_SNPP_NRT<br>Fecha UTC: 2026-09-22T13:10:00Z<br>Confianza: nominal<br>FRP: 4.82 MW"
      }
    },
    {
      "type": "Feature",
      "geometry": {
        "type": "Point",
        "coordinates": [-3.2471, 42.5302]
      },
      "properties": {
        "bright_ti4": 348.67,
        "scan": 0.4,
        "track": 0.37,
        "acq_date": "2026-09-22",
        "acq_time": "1310",
        "satellite": "N",
        "instrument": "VIIRS",
        "confidence": "n",
        "version": "2.0NRT",
        "bright_ti5": 306.53,
        "frp": 4.02,
        "daynight": "D",
        "source_dataset": "VIIRS_SNPP_NRT",
        "acq_datetime_utc": "2026-09-22T13:10:00Z",
        "age_hours": 28.7,
        "confidence_label": "nominal",
        "popup_label": "<strong>NASA FIRMS<\/strong><br>Sensor: VIIRS_SNPP_NRT<br>Fecha UTC: 2026-09-22T13:10:00Z<br>Confianza: nominal<br>FRP: 4.02 MW"
      }
    },
    {
      "type": "Feature",
      "geometry": {
        "type": "Point",
        "coordinates": [-3.202, 42.531]
      },
      "properties": {
        "bright_ti4": 338.1,
        "scan": 0.4,
        "track": 0.37,
        "acq_date": "2026-09-22",
        "acq_time": "1310",
        "satellite": "N",
        "instrument": "VIIRS",
        "confidence": "n",
        "version": "2.0NRT",
        "bright_ti5": 303.97,
        "frp": 0.97,
        "daynight": "D",
        "source_dataset": "VIIRS_SNPP_NRT",
        "acq_datetime_utc": "2026-09-22T13:10:00Z",
        "age_hours": 28.7,
        "confidence_label": "nominal",
        "popup_label": "<strong>NASA FIRMS<\/strong><br>Sensor: VIIRS_SNPP_NRT<br>Fecha UTC: 2026-09-22T13:10:00Z<br>Confianza: nominal<br>FRP: 0.97 MW"
      }
    },
    {
      "type": "Feature",
      "geometry": {
        "type": "Point",
        "coordinates": [-3.2626, 42.5311]
      },
      "properties": {
        "bright_ti4": 336.47,
        "scan": 0.4,
        "track": 0.37,
        "acq_date": "2026-09-22",
        "acq_time": "1310",
        "satellite": "N",
        "instrument": "VIIRS",
        "confidence": "n",
        "version": "2.0NRT",
        "bright_ti5": 305.07,
        "frp": 4.21,
        "daynight": "D",
        "source_dataset": "VIIRS_SNPP_NRT",
        "acq_datetime_utc": "2026-09-22T13:10:00Z",
        "age_hours": 28.7,
        "confidence_label": "nominal",
        "popup_label": "<strong>NASA FIRMS<\/strong><br>Sensor: VIIRS_SNPP_NRT<br>Fecha UTC: 2026-09-22T13:10:00Z<br>Confianza: nominal<br>FRP: 4.21 MW"
      }
    },
    {
      "type": "Feature",
      "geometry": {
        "type": "Point",
        "coordinates": [-3.1972, 42.5318]
      },
      "properties": {
        "bright_ti4": 339.32,
        "scan": 0.4,
        "track": 0.37,
        "acq_date": "2026-09-22",
        "acq_time": "1310",
        "satellite": "N",
        "instrument": "VIIRS",
        "confidence": "n",
        "version": "2.0NRT",
        "bright_ti5": 305.73,
        "frp": 2.32,
        "daynight": "D",
        "source_dataset": "VIIRS_SNPP_NRT",
        "acq_datetime_utc": "2026-09-22T13:10:00Z",
        "age_hours": 28.7,
        "confidence_label": "nominal",
        "popup_label": "<strong>NASA FIRMS<\/strong><br>Sensor: VIIRS_SNPP_NRT<br>Fecha UTC: 2026-09-22T13:10:00Z<br>Confianza: nominal<br>FRP: 2.32 MW"
      }
    },
    {
      "type": "Feature",
      "geometry": {
        "type": "Point",
        "coordinates": [-3.1828, 42.5343]
      },
      "properties": {
        "bright_ti4": 348.16,
        "scan": 0.4,
        "track": 0.37,
        "acq_date": "2026-09-22",
        "acq_time": "1310",
        "satellite": "N",
        "instrument": "VIIRS",
        "confidence": "n",
        "version": "2.0NRT",
        "bright_ti5": 304.91,
        "frp": 2.51,
        "daynight": "D",
        "source_dataset": "VIIRS_SNPP_NRT",
        "acq_datetime_utc": "2026-09-22T13:10:00Z",
        "age_hours": 28.7,
        "confidence_label": "nominal",
        "popup_label": "<strong>NASA FIRMS<\/strong><br>Sensor: VIIRS_SNPP_NRT<br>Fecha UTC: 2026-09-22T13:10:00Z<br>Confianza: nominal<br>FRP: 2.51 MW"
      }
    },
    {
      "type": "Feature",
      "geometry": {
        "type": "Point",
        "coordinates": [-3.2588, 42.5352]
      },
      "properties": {
        "bright_ti4": 336.58,
        "scan": 0.4,
        "track": 0.37,
        "acq_date": "2026-09-22",
        "acq_time": "1310",
        "satellite": "N",
        "instrument": "VIIRS",
        "confidence": "n",
        "version": "2.0NRT",
        "bright_ti5": 305.38,
        "frp": 2.35,
        "daynight": "D",
        "source_dataset": "VIIRS_SNPP_NRT",
        "acq_datetime_utc": "2026-09-22T13:10:00Z",
        "age_hours": 28.7,
        "confidence_label": "nominal",
        "popup_label": "<strong>NASA FIRMS<\/strong><br>Sensor: VIIRS_SNPP_NRT<br>Fecha UTC: 2026-09-22T13:10:00Z<br>Confianza: nominal<br>FRP: 2.35 MW"
      }
    },
    {
      "type": "Feature",
      "geometry": {
        "type": "Point",
        "coordinates": [-3.1886, 42.5368]
      },
      "properties": {
        "bright_ti4": 335.46,
        "scan": 0.4,
        "track": 0.37,
        "acq_date": "2026-09-22",
        "acq_time": "1310",
        "satellite": "N",
        "instrument": "VIIRS",
        "confidence": "n",
        "version": "2.0NRT",
        "bright_ti5": 304.87,
        "frp": 2.51,
        "daynight": "D",
        "source_dataset": "VIIRS_SNPP_NRT",
        "acq_datetime_utc": "2026-09-22T13:10:00Z",
        "age_hours": 28.7,
        "confidence_label": "nominal",
        "popup_label": "<strong>NASA FIRMS<\/strong><br>Sensor: VIIRS_SNPP_NRT<br>Fecha UTC: 2026-09-22T13:10:00Z<br>Confianza: nominal<br>FRP: 2.51 MW"
      }
    },
    {
      "type": "Feature",
      "geometry": {
        "type": "Point",
        "coordinates": [-3.1838, 42.5376]
      },
      "properties": {
        "bright_ti4": 337.39,
        "scan": 0.4,
        "track": 0.37,
        "acq_date": "2026-09-22",
        "acq_time": "1310",
        "satellite": "N",
        "instrument": "VIIRS",
        "confidence": "n",
        "version": "2.0NRT",
        "bright_ti5": 305.14,
        "frp": 2.51,
        "daynight": "D",
        "source_dataset": "VIIRS_SNPP_NRT",
        "acq_datetime_utc": "2026-09-22T13:10:00Z",
        "age_hours": 28.7,
        "confidence_label": "nominal",
        "popup_label": "<strong>NASA FIRMS<\/strong><br>Sensor: VIIRS_SNPP_NRT<br>Fecha UTC: 2026-09-22T13:10:00Z<br>Confianza: nominal<br>FRP: 2.51 MW"
      }
    },
    {
      "type": "Feature",
      "geometry": {
        "type": "Point",
        "coordinates": [-3.2598, 42.5385]
      },
      "properties": {
        "bright_ti4": 336.12,
        "scan": 0.4,
        "track": 0.37,
        "acq_date": "2026-09-22",
        "acq_time": "1310",
        "satellite": "N",
        "instrument": "VIIRS",
        "confidence": "n",
        "version": "2.0NRT",
        "bright_ti5": 305.77,
        "frp": 2.35,
        "daynight": "D",
        "source_dataset": "VIIRS_SNPP_NRT",
        "acq_datetime_utc": "2026-09-22T13:10:00Z",
        "age_hours": 28.7,
        "confidence_label": "nominal",
        "popup_label": "<strong>NASA FIRMS<\/strong><br>Sensor: VIIRS_SNPP_NRT<br>Fecha UTC: 2026-09-22T13:10:00Z<br>Confianza: nominal<br>FRP: 2.35 MW"
      }
    },
    {
      "type": "Feature",
      "geometry": {
        "type": "Point",
        "coordinates": [-3.255, 42.5393]
      },
      "properties": {
        "bright_ti4": 343.08,
        "scan": 0.4,
        "track": 0.37,
        "acq_date": "2026-09-22",
        "acq_time": "1310",
        "satellite": "N",
        "instrument": "VIIRS",
        "confidence": "n",
        "version": "2.0NRT",
        "bright_ti5": 304.62,
        "frp": 2.35,
        "daynight": "D",
        "source_dataset": "VIIRS_SNPP_NRT",
        "acq_datetime_utc": "2026-09-22T13:10:00Z",
        "age_hours": 28.7,
        "confidence_label": "nominal",
        "popup_label": "<strong>NASA FIRMS<\/strong><br>Sensor: VIIRS_SNPP_NRT<br>Fecha UTC: 2026-09-22T13:10:00Z<br>Confianza: nominal<br>FRP: 2.35 MW"
      }
    },
    {
      "type": "Feature",
      "geometry": {
        "type": "Point",
        "coordinates": [-3.2503, 42.5402]
      },
      "properties": {
        "bright_ti4": 336.53,
        "scan": 0.4,
        "track": 0.37,
        "acq_date": "2026-09-22",
        "acq_time": "1310",
        "satellite": "N",
        "instrument": "VIIRS",
        "confidence": "n",
        "version": "2.0NRT",
        "bright_ti5": 303.16,
        "frp": 1.36,
        "daynight": "D",
        "source_dataset": "VIIRS_SNPP_NRT",
        "acq_datetime_utc": "2026-09-22T13:10:00Z",
        "age_hours": 28.7,
        "confidence_label": "nominal",
        "popup_label": "<strong>NASA FIRMS<\/strong><br>Sensor: VIIRS_SNPP_NRT<br>Fecha UTC: 2026-09-22T13:10:00Z<br>Confianza: nominal<br>FRP: 1.36 MW"
      }
    },
    {
      "type": "Feature",
      "geometry": {
        "type": "Point",
        "coordinates": [-3.148, 42.5682]
      },
      "properties": {
        "bright_ti4": 348.66,
        "scan": 0.4,
        "track": 0.37,
        "acq_date": "2026-09-22",
        "acq_time": "1310",
        "satellite": "N",
        "instrument": "VIIRS",
        "confidence": "n",
        "version": "2.0NRT",
        "bright_ti5": 305.26,
        "frp": 3.76,
        "daynight": "D",
        "source_dataset": "VIIRS_SNPP_NRT",
        "acq_datetime_utc": "2026-09-22T13:10:00Z",
        "age_hours": 28.7,
        "confidence_label": "nominal",
        "popup_label": "<strong>NASA FIRMS<\/strong><br>Sensor: VIIRS_SNPP_NRT<br>Fecha UTC: 2026-09-22T13:10:00Z<br>Confianza: nominal<br>FRP: 3.76 MW"
      }
    },
    {
      "type": "Feature",
      "geometry": {
        "type": "Point",
        "coordinates": [-3.1491, 42.5715]
      },
      "properties": {
        "bright_ti4": 348.4,
        "scan": 0.4,
        "track": 0.37,
        "acq_date": "2026-09-22",
        "acq_time": "1310",
        "satellite": "N",
        "instrument": "VIIRS",
        "confidence": "n",
        "version": "2.0NRT",
        "bright_ti5": 303.19,
        "frp": 3.76,
        "daynight": "D",
        "source_dataset": "VIIRS_SNPP_NRT",
        "acq_datetime_utc": "2026-09-22T13:10:00Z",
        "age_hours": 28.7,
        "confidence_label": "nominal",
        "popup_label": "<strong>NASA FIRMS<\/strong><br>Sensor: VIIRS_SNPP_NRT<br>Fecha UTC: 2026-09-22T13:10:00Z<br>Confianza: nominal<br>FRP: 3.76 MW"
      }
    },
    {
      "type": "Feature",
      "geometry": {
        "type": "Point",
        "coordinates": [-3.1443, 42.5723]
      },
      "properties": {
        "bright_ti4": 350.07,
        "scan": 0.4,
        "track": 0.37,
        "acq_date": "2026-09-22",
        "acq_time": "1310",
        "satellite": "N",
        "instrument": "VIIRS",
        "confidence": "n",
        "version": "2.0NRT",
        "bright_ti5": 304.25,
        "frp": 3.76,
        "daynight": "D",
        "source_dataset": "VIIRS_SNPP_NRT",
        "acq_datetime_utc": "2026-09-22T13:10:00Z",
        "age_hours": 28.7,
        "confidence_label": "nominal",
        "popup_label": "<strong>NASA FIRMS<\/strong><br>Sensor: VIIRS_SNPP_NRT<br>Fecha UTC: 2026-09-22T13:10:00Z<br>Confianza: nominal<br>FRP: 3.76 MW"
      }
    },
    {
      "type": "Feature",
      "geometry": {
        "type": "Point",
        "coordinates": [-3.1453, 42.5756]
      },
      "properties": {
        "bright_ti4": 336.27,
        "scan": 0.4,
        "track": 0.37,
        "acq_date": "2026-09-22",
        "acq_time": "1310",
        "satellite": "N",
        "instrument": "VIIRS",
        "confidence": "n",
        "version": "2.0NRT",
        "bright_ti5": 303.19,
        "frp": 2.49,
        "daynight": "D",
        "source_dataset": "VIIRS_SNPP_NRT",
        "acq_datetime_utc": "2026-09-22T13:10:00Z",
        "age_hours": 28.7,
        "confidence_label": "nominal",
        "popup_label": "<strong>NASA FIRMS<\/strong><br>Sensor: VIIRS_SNPP_NRT<br>Fecha UTC: 2026-09-22T13:10:00Z<br>Confianza: nominal<br>FRP: 2.49 MW"
      }
    },
    {
      "type": "Feature",
      "geometry": {
        "type": "Point",
        "coordinates": [-3.3099, 42.6251]
      },
      "properties": {
        "bright_ti4": 337.38,
        "scan": 0.4,
        "track": 0.37,
        "acq_date": "2026-09-22",
        "acq_time": "1310",
        "satellite": "N",
        "instrument": "VIIRS",
        "confidence": "n",
        "version": "2.0NRT",
        "bright_ti5": 301.95,
        "frp": 2.42,
        "daynight": "D",
        "source_dataset": "VIIRS_SNPP_NRT",
        "acq_datetime_utc": "2026-09-22T13:10:00Z",
        "age_hours": 28.7,
        "confidence_label": "nominal",
        "popup_label": "<strong>NASA FIRMS<\/strong><br>Sensor: VIIRS_SNPP_NRT<br>Fecha UTC: 2026-09-22T13:10:00Z<br>Confianza: nominal<br>FRP: 2.42 MW"
      }
    },
    {
      "type": "Feature",
      "geometry": {
        "type": "Point",
        "coordinates": [1.769, 42.6945]
      },
      "properties": {
        "bright_ti4": 347.5,
        "scan": 0.42,
        "track": 0.38,
        "acq_date": "2026-09-22",
        "acq_time": "1310",
        "satellite": "N",
        "instrument": "VIIRS",
        "confidence": "n",
        "version": "2.0NRT",
        "bright_ti5": 314.44,
        "frp": 20.68,
        "daynight": "D",
        "source_dataset": "VIIRS_SNPP_NRT",
        "acq_datetime_utc": "2026-09-22T13:10:00Z",
        "age_hours": 28.7,
        "confidence_label": "nominal",
        "popup_label": "<strong>NASA FIRMS<\/strong><br>Sensor: VIIRS_SNPP_NRT<br>Fecha UTC: 2026-09-22T13:10:00Z<br>Confianza: nominal<br>FRP: 20.68 MW"
      }
    },
    {
      "type": "Feature",
      "geometry": {
        "type": "Point",
        "coordinates": [1.7681, 42.6979]
      },
      "properties": {
        "bright_ti4": 340.02,
        "scan": 0.42,
        "track": 0.38,
        "acq_date": "2026-09-22",
        "acq_time": "1310",
        "satellite": "N",
        "instrument": "VIIRS",
        "confidence": "n",
        "version": "2.0NRT",
        "bright_ti5": 299.72,
        "frp": 20.68,
        "daynight": "D",
        "source_dataset": "VIIRS_SNPP_NRT",
        "acq_datetime_utc": "2026-09-22T13:10:00Z",
        "age_hours": 28.7,
        "confidence_label": "nominal",
        "popup_label": "<strong>NASA FIRMS<\/strong><br>Sensor: VIIRS_SNPP_NRT<br>Fecha UTC: 2026-09-22T13:10:00Z<br>Confianza: nominal<br>FRP: 20.68 MW"
      }
    },
    {
      "type": "Feature",
      "geometry": {
        "type": "Point",
        "coordinates": [1.4095, 43.9067]
      },
      "properties": {
        "bright_ti4": 337.2,
        "scan": 0.42,
        "track": 0.38,
        "acq_date": "2026-09-22",
        "acq_time": "1310",
        "satellite": "N",
        "instrument": "VIIRS",
        "confidence": "n",
        "version": "2.0NRT",
        "bright_ti5": 308.25,
        "frp": 3.74,
        "daynight": "D",
        "source_dataset": "VIIRS_SNPP_NRT",
        "acq_datetime_utc": "2026-09-22T13:10:00Z",
        "age_hours": 28.7,
        "confidence_label": "nominal",
        "popup_label": "<strong>NASA FIRMS<\/strong><br>Sensor: VIIRS_SNPP_NRT<br>Fecha UTC: 2026-09-22T13:10:00Z<br>Confianza: nominal<br>FRP: 3.74 MW"
      }
    },
    {
      "type": "Feature",
      "geometry": {
        "type": "Point",
        "coordinates": [1.4068, 43.907]
      },
      "properties": {
        "bright_ti4": 334.43,
        "scan": 0.43,
        "track": 0.38,
        "acq_date": "2026-09-22",
        "acq_time": "1310",
        "satellite": "N",
        "instrument": "VIIRS",
        "confidence": "l",
        "version": "2.0NRT",
        "bright_ti5": 307.65,
        "frp": 3,
        "daynight": "D",
        "source_dataset": "VIIRS_SNPP_NRT",
        "acq_datetime_utc": "2026-09-22T13:10:00Z",
        "age_hours": 28.7,
        "confidence_label": "baja",
        "popup_label": "<strong>NASA FIRMS<\/strong><br>Sensor: VIIRS_SNPP_NRT<br>Fecha UTC: 2026-09-22T13:10:00Z<br>Confianza: baja<br>FRP: 3 MW"
      }
    },
    {
      "type": "Feature",
      "geometry": {
        "type": "Point",
        "coordinates": [-9.7538, 30.9439]
      },
      "properties": {
        "bright_ti4": 337.3,
        "scan": 0.44,
        "track": 0.62,
        "acq_date": "2026-09-22",
        "acq_time": "1308",
        "satellite": "N",
        "instrument": "VIIRS",
        "confidence": "n",
        "version": "2.0NRT",
        "bright_ti5": 302.31,
        "frp": 2.46,
        "daynight": "D",
        "source_dataset": "VIIRS_SNPP_NRT",
        "acq_datetime_utc": "2026-09-22T13:08:00Z",
        "age_hours": 28.8,
        "confidence_label": "nominal",
        "popup_label": "<strong>NASA FIRMS<\/strong><br>Sensor: VIIRS_SNPP_NRT<br>Fecha UTC: 2026-09-22T13:08:00Z<br>Confianza: nominal<br>FRP: 2.46 MW"
      }
    },
    {
      "type": "Feature",
      "geometry": {
        "type": "Point",
        "coordinates": [3.1456, 32.985]
      },
      "properties": {
        "bright_ti4": 337.32,
        "scan": 0.39,
        "track": 0.36,
        "acq_date": "2026-09-22",
        "acq_time": "1308",
        "satellite": "N",
        "instrument": "VIIRS",
        "confidence": "n",
        "version": "2.0NRT",
        "bright_ti5": 299.84,
        "frp": 4.92,
        "daynight": "D",
        "source_dataset": "VIIRS_SNPP_NRT",
        "acq_datetime_utc": "2026-09-22T13:08:00Z",
        "age_hours": 28.8,
        "confidence_label": "nominal",
        "popup_label": "<strong>NASA FIRMS<\/strong><br>Sensor: VIIRS_SNPP_NRT<br>Fecha UTC: 2026-09-22T13:08:00Z<br>Confianza: nominal<br>FRP: 4.92 MW"
      }
    },
    {
      "type": "Feature",
      "geometry": {
        "type": "Point",
        "coordinates": [-7.1458, 33.6022]
      },
      "properties": {
        "bright_ti4": 367,
        "scan": 0.54,
        "track": 0.51,
        "acq_date": "2026-09-22",
        "acq_time": "1308",
        "satellite": "N",
        "instrument": "VIIRS",
        "confidence": "h",
        "version": "2.0NRT",
        "bright_ti5": 312.44,
        "frp": 10.62,
        "daynight": "D",
        "source_dataset": "VIIRS_SNPP_NRT",
        "acq_datetime_utc": "2026-09-22T13:08:00Z",
        "age_hours": 28.8,
        "confidence_label": "alta",
        "popup_label": "<strong>NASA FIRMS<\/strong><br>Sensor: VIIRS_SNPP_NRT<br>Fecha UTC: 2026-09-22T13:08:00Z<br>Confianza: alta<br>FRP: 10.62 MW"
      }
    },
    {
      "type": "Feature",
      "geometry": {
        "type": "Point",
        "coordinates": [-7.1473, 33.6068]
      },
      "properties": {
        "bright_ti4": 354.21,
        "scan": 0.54,
        "track": 0.51,
        "acq_date": "2026-09-22",
        "acq_time": "1308",
        "satellite": "N",
        "instrument": "VIIRS",
        "confidence": "n",
        "version": "2.0NRT",
        "bright_ti5": 311.28,
        "frp": 10.62,
        "daynight": "D",
        "source_dataset": "VIIRS_SNPP_NRT",
        "acq_datetime_utc": "2026-09-22T13:08:00Z",
        "age_hours": 28.8,
        "confidence_label": "nominal",
        "popup_label": "<strong>NASA FIRMS<\/strong><br>Sensor: VIIRS_SNPP_NRT<br>Fecha UTC: 2026-09-22T13:08:00Z<br>Confianza: nominal<br>FRP: 10.62 MW"
      }
    },
    {
      "type": "Feature",
      "geometry": {
        "type": "Point",
        "coordinates": [2.661, 33.8723]
      },
      "properties": {
        "bright_ti4": 335.94,
        "scan": 0.39,
        "track": 0.36,
        "acq_date": "2026-09-22",
        "acq_time": "1308",
        "satellite": "N",
        "instrument": "VIIRS",
        "confidence": "n",
        "version": "2.0NRT",
        "bright_ti5": 302.19,
        "frp": 1.05,
        "daynight": "D",
        "source_dataset": "VIIRS_SNPP_NRT",
        "acq_datetime_utc": "2026-09-22T13:08:00Z",
        "age_hours": 28.8,
        "confidence_label": "nominal",
        "popup_label": "<strong>NASA FIRMS<\/strong><br>Sensor: VIIRS_SNPP_NRT<br>Fecha UTC: 2026-09-22T13:08:00Z<br>Confianza: nominal<br>FRP: 1.05 MW"
      }
    },
    {
      "type": "Feature",
      "geometry": {
        "type": "Point",
        "coordinates": [-5.7435, 35.7373]
      },
      "properties": {
        "bright_ti4": 341.16,
        "scan": 0.41,
        "track": 0.45,
        "acq_date": "2026-09-22",
        "acq_time": "1308",
        "satellite": "N",
        "instrument": "VIIRS",
        "confidence": "n",
        "version": "2.0NRT",
        "bright_ti5": 307.28,
        "frp": 3.07,
        "daynight": "D",
        "source_dataset": "VIIRS_SNPP_NRT",
        "acq_datetime_utc": "2026-09-22T13:08:00Z",
        "age_hours": 28.8,
        "confidence_label": "nominal",
        "popup_label": "<strong>NASA FIRMS<\/strong><br>Sensor: VIIRS_SNPP_NRT<br>Fecha UTC: 2026-09-22T13:08:00Z<br>Confianza: nominal<br>FRP: 3.07 MW"
      }
    },
    {
      "type": "Feature",
      "geometry": {
        "type": "Point",
        "coordinates": [-0.2538, 35.8074]
      },
      "properties": {
        "bright_ti4": 345.16,
        "scan": 0.39,
        "track": 0.36,
        "acq_date": "2026-09-22",
        "acq_time": "1308",
        "satellite": "N",
        "instrument": "VIIRS",
        "confidence": "n",
        "version": "2.0NRT",
        "bright_ti5": 306.61,
        "frp": 10.11,
        "daynight": "D",
        "source_dataset": "VIIRS_SNPP_NRT",
        "acq_datetime_utc": "2026-09-22T13:08:00Z",
        "age_hours": 28.8,
        "confidence_label": "nominal",
        "popup_label": "<strong>NASA FIRMS<\/strong><br>Sensor: VIIRS_SNPP_NRT<br>Fecha UTC: 2026-09-22T13:08:00Z<br>Confianza: nominal<br>FRP: 10.11 MW"
      }
    },
    {
      "type": "Feature",
      "geometry": {
        "type": "Point",
        "coordinates": [-0.2546, 35.8107]
      },
      "properties": {
        "bright_ti4": 343.98,
        "scan": 0.39,
        "track": 0.36,
        "acq_date": "2026-09-22",
        "acq_time": "1308",
        "satellite": "N",
        "instrument": "VIIRS",
        "confidence": "n",
        "version": "2.0NRT",
        "bright_ti5": 307.29,
        "frp": 10.11,
        "daynight": "D",
        "source_dataset": "VIIRS_SNPP_NRT",
        "acq_datetime_utc": "2026-09-22T13:08:00Z",
        "age_hours": 28.8,
        "confidence_label": "nominal",
        "popup_label": "<strong>NASA FIRMS<\/strong><br>Sensor: VIIRS_SNPP_NRT<br>Fecha UTC: 2026-09-22T13:08:00Z<br>Confianza: nominal<br>FRP: 10.11 MW"
      }
    },
    {
      "type": "Feature",
      "geometry": {
        "type": "Point",
        "coordinates": [-0.3247, 35.8233]
      },
      "properties": {
        "bright_ti4": 339.16,
        "scan": 0.39,
        "track": 0.36,
        "acq_date": "2026-09-22",
        "acq_time": "1308",
        "satellite": "N",
        "instrument": "VIIRS",
        "confidence": "n",
        "version": "2.0NRT",
        "bright_ti5": 308.93,
        "frp": 2.81,
        "daynight": "D",
        "source_dataset": "VIIRS_SNPP_NRT",
        "acq_datetime_utc": "2026-09-22T13:08:00Z",
        "age_hours": 28.8,
        "confidence_label": "nominal",
        "popup_label": "<strong>NASA FIRMS<\/strong><br>Sensor: VIIRS_SNPP_NRT<br>Fecha UTC: 2026-09-22T13:08:00Z<br>Confianza: nominal<br>FRP: 2.81 MW"
      }
    },
    {
      "type": "Feature",
      "geometry": {
        "type": "Point",
        "coordinates": [2.7513, 36.4733]
      },
      "properties": {
        "bright_ti4": 333.08,
        "scan": 0.4,
        "track": 0.37,
        "acq_date": "2026-09-22",
        "acq_time": "1308",
        "satellite": "N",
        "instrument": "VIIRS",
        "confidence": "n",
        "version": "2.0NRT",
        "bright_ti5": 303.64,
        "frp": 2.73,
        "daynight": "D",
        "source_dataset": "VIIRS_SNPP_NRT",
        "acq_datetime_utc": "2026-09-22T13:08:00Z",
        "age_hours": 28.8,
        "confidence_label": "nominal",
        "popup_label": "<strong>NASA FIRMS<\/strong><br>Sensor: VIIRS_SNPP_NRT<br>Fecha UTC: 2026-09-22T13:08:00Z<br>Confianza: nominal<br>FRP: 2.73 MW"
      }
    },
    {
      "type": "Feature",
      "geometry": {
        "type": "Point",
        "coordinates": [-5.891, 36.8006]
      },
      "properties": {
        "bright_ti4": 339.49,
        "scan": 0.4,
        "track": 0.44,
        "acq_date": "2026-09-22",
        "acq_time": "1308",
        "satellite": "N",
        "instrument": "VIIRS",
        "confidence": "l",
        "version": "2.0NRT",
        "bright_ti5": 311.43,
        "frp": 3.42,
        "daynight": "D",
        "source_dataset": "VIIRS_SNPP_NRT",
        "acq_datetime_utc": "2026-09-22T13:08:00Z",
        "age_hours": 28.8,
        "confidence_label": "baja",
        "popup_label": "<strong>NASA FIRMS<\/strong><br>Sensor: VIIRS_SNPP_NRT<br>Fecha UTC: 2026-09-22T13:08:00Z<br>Confianza: baja<br>FRP: 3.42 MW"
      }
    },
    {
      "type": "Feature",
      "geometry": {
        "type": "Point",
        "coordinates": [-5.8923, 36.8045]
      },
      "properties": {
        "bright_ti4": 354.33,
        "scan": 0.4,
        "track": 0.44,
        "acq_date": "2026-09-22",
        "acq_time": "1308",
        "satellite": "N",
        "instrument": "VIIRS",
        "confidence": "n",
        "version": "2.0NRT",
        "bright_ti5": 313.03,
        "frp": 8.1,
        "daynight": "D",
        "source_dataset": "VIIRS_SNPP_NRT",
        "acq_datetime_utc": "2026-09-22T13:08:00Z",
        "age_hours": 28.8,
        "confidence_label": "nominal",
        "popup_label": "<strong>NASA FIRMS<\/strong><br>Sensor: VIIRS_SNPP_NRT<br>Fecha UTC: 2026-09-22T13:08:00Z<br>Confianza: nominal<br>FRP: 8.1 MW"
      }
    },
    {
      "type": "Feature",
      "geometry": {
        "type": "Point",
        "coordinates": [-5.6173, 37.2752]
      },
      "properties": {
        "bright_ti4": 337.99,
        "scan": 0.57,
        "track": 0.43,
        "acq_date": "2026-09-22",
        "acq_time": "1308",
        "satellite": "N",
        "instrument": "VIIRS",
        "confidence": "l",
        "version": "2.0NRT",
        "bright_ti5": 311.83,
        "frp": 2.87,
        "daynight": "D",
        "source_dataset": "VIIRS_SNPP_NRT",
        "acq_datetime_utc": "2026-09-22T13:08:00Z",
        "age_hours": 28.8,
        "confidence_label": "baja",
        "popup_label": "<strong>NASA FIRMS<\/strong><br>Sensor: VIIRS_SNPP_NRT<br>Fecha UTC: 2026-09-22T13:08:00Z<br>Confianza: baja<br>FRP: 2.87 MW"
      }
    },
    {
      "type": "Feature",
      "geometry": {
        "type": "Point",
        "coordinates": [-5.3994, 37.4032]
      },
      "properties": {
        "bright_ti4": 346.32,
        "scan": 0.55,
        "track": 0.43,
        "acq_date": "2026-09-22",
        "acq_time": "1308",
        "satellite": "N",
        "instrument": "VIIRS",
        "confidence": "n",
        "version": "2.0NRT",
        "bright_ti5": 313.86,
        "frp": 40.13,
        "daynight": "D",
        "source_dataset": "VIIRS_SNPP_NRT",
        "acq_datetime_utc": "2026-09-22T13:08:00Z",
        "age_hours": 28.8,
        "confidence_label": "nominal",
        "popup_label": "<strong>NASA FIRMS<\/strong><br>Sensor: VIIRS_SNPP_NRT<br>Fecha UTC: 2026-09-22T13:08:00Z<br>Confianza: nominal<br>FRP: 40.13 MW"
      }
    },
    {
      "type": "Feature",
      "geometry": {
        "type": "Point",
        "coordinates": [-1.5791, 37.6112]
      },
      "properties": {
        "bright_ti4": 335.35,
        "scan": 0.4,
        "track": 0.37,
        "acq_date": "2026-09-22",
        "acq_time": "1308",
        "satellite": "N",
        "instrument": "VIIRS",
        "confidence": "n",
        "version": "2.0NRT",
        "bright_ti5": 307.83,
        "frp": 6.78,
        "daynight": "D",
        "source_dataset": "VIIRS_SNPP_NRT",
        "acq_datetime_utc": "2026-09-22T13:08:00Z",
        "age_hours": 28.8,
        "confidence_label": "nominal",
        "popup_label": "<strong>NASA FIRMS<\/strong><br>Sensor: VIIRS_SNPP_NRT<br>Fecha UTC: 2026-09-22T13:08:00Z<br>Confianza: nominal<br>FRP: 6.78 MW"
      }
    },
    {
      "type": "Feature",
      "geometry": {
        "type": "Point",
        "coordinates": [-4.5011, 37.7722]
      },
      "properties": {
        "bright_ti4": 344.15,
        "scan": 0.5,
        "track": 0.41,
        "acq_date": "2026-09-22",
        "acq_time": "1308",
        "satellite": "N",
        "instrument": "VIIRS",
        "confidence": "n",
        "version": "2.0NRT",
        "bright_ti5": 307.64,
        "frp": 5.32,
        "daynight": "D",
        "source_dataset": "VIIRS_SNPP_NRT",
        "acq_datetime_utc": "2026-09-22T13:08:00Z",
        "age_hours": 28.8,
        "confidence_label": "nominal",
        "popup_label": "<strong>NASA FIRMS<\/strong><br>Sensor: VIIRS_SNPP_NRT<br>Fecha UTC: 2026-09-22T13:08:00Z<br>Confianza: nominal<br>FRP: 5.32 MW"
      }
    },
    {
      "type": "Feature",
      "geometry": {
        "type": "Point",
        "coordinates": [-6.027, 34.587]
      },
      "properties": {
        "bright_ti4": 303.23,
        "scan": 0.65,
        "track": 0.73,
        "acq_date": "2026-09-22",
        "acq_time": "0328",
        "satellite": "N",
        "instrument": "VIIRS",
        "confidence": "n",
        "version": "2.0NRT",
        "bright_ti5": 290.75,
        "frp": 1.04,
        "daynight": "N",
        "source_dataset": "VIIRS_SNPP_NRT",
        "acq_datetime_utc": "2026-09-22T03:28:00Z",
        "age_hours": 38.4,
        "confidence_label": "nominal",
        "popup_label": "<strong>NASA FIRMS<\/strong><br>Sensor: VIIRS_SNPP_NRT<br>Fecha UTC: 2026-09-22T03:28:00Z<br>Confianza: nominal<br>FRP: 1.04 MW"
      }
    },
    {
      "type": "Feature",
      "geometry": {
        "type": "Point",
        "coordinates": [-9.0777, 38.628]
      },
      "properties": {
        "bright_ti4": 306.01,
        "scan": 0.35,
        "track": 0.57,
        "acq_date": "2026-09-22",
        "acq_time": "0328",
        "satellite": "N",
        "instrument": "VIIRS",
        "confidence": "n",
        "version": "2.0NRT",
        "bright_ti5": 292.98,
        "frp": 0.49,
        "daynight": "N",
        "source_dataset": "VIIRS_SNPP_NRT",
        "acq_datetime_utc": "2026-09-22T03:28:00Z",
        "age_hours": 38.4,
        "confidence_label": "nominal",
        "popup_label": "<strong>NASA FIRMS<\/strong><br>Sensor: VIIRS_SNPP_NRT<br>Fecha UTC: 2026-09-22T03:28:00Z<br>Confianza: nominal<br>FRP: 0.49 MW"
      }
    },
    {
      "type": "Feature",
      "geometry": {
        "type": "Point",
        "coordinates": [-9.0097, 38.9231]
      },
      "properties": {
        "bright_ti4": 305.29,
        "scan": 0.35,
        "track": 0.57,
        "acq_date": "2026-09-22",
        "acq_time": "0328",
        "satellite": "N",
        "instrument": "VIIRS",
        "confidence": "n",
        "version": "2.0NRT",
        "bright_ti5": 293.33,
        "frp": 1.05,
        "daynight": "N",
        "source_dataset": "VIIRS_SNPP_NRT",
        "acq_datetime_utc": "2026-09-22T03:28:00Z",
        "age_hours": 38.4,
        "confidence_label": "nominal",
        "popup_label": "<strong>NASA FIRMS<\/strong><br>Sensor: VIIRS_SNPP_NRT<br>Fecha UTC: 2026-09-22T03:28:00Z<br>Confianza: nominal<br>FRP: 1.05 MW"
      }
    },
    {
      "type": "Feature",
      "geometry": {
        "type": "Point",
        "coordinates": [-8.9064, 39.6865]
      },
      "properties": {
        "bright_ti4": 306.42,
        "scan": 0.34,
        "track": 0.56,
        "acq_date": "2026-09-22",
        "acq_time": "0328",
        "satellite": "N",
        "instrument": "VIIRS",
        "confidence": "n",
        "version": "2.0NRT",
        "bright_ti5": 292.11,
        "frp": 0.86,
        "daynight": "N",
        "source_dataset": "VIIRS_SNPP_NRT",
        "acq_datetime_utc": "2026-09-22T03:28:00Z",
        "age_hours": 38.4,
        "confidence_label": "nominal",
        "popup_label": "<strong>NASA FIRMS<\/strong><br>Sensor: VIIRS_SNPP_NRT<br>Fecha UTC: 2026-09-22T03:28:00Z<br>Confianza: nominal<br>FRP: 0.86 MW"
      }
    },
    {
      "type": "Feature",
      "geometry": {
        "type": "Point",
        "coordinates": [-7.7748, 39.8382]
      },
      "properties": {
        "bright_ti4": 307.73,
        "scan": 0.38,
        "track": 0.59,
        "acq_date": "2026-09-22",
        "acq_time": "0328",
        "satellite": "N",
        "instrument": "VIIRS",
        "confidence": "n",
        "version": "2.0NRT",
        "bright_ti5": 289.38,
        "frp": 0.6,
        "daynight": "N",
        "source_dataset": "VIIRS_SNPP_NRT",
        "acq_datetime_utc": "2026-09-22T03:28:00Z",
        "age_hours": 38.4,
        "confidence_label": "nominal",
        "popup_label": "<strong>NASA FIRMS<\/strong><br>Sensor: VIIRS_SNPP_NRT<br>Fecha UTC: 2026-09-22T03:28:00Z<br>Confianza: nominal<br>FRP: 0.6 MW"
      }
    },
    {
      "type": "Feature",
      "geometry": {
        "type": "Point",
        "coordinates": [-7.7729, 39.8389]
      },
      "properties": {
        "bright_ti4": 318.63,
        "scan": 0.38,
        "track": 0.59,
        "acq_date": "2026-09-22",
        "acq_time": "0328",
        "satellite": "N",
        "instrument": "VIIRS",
        "confidence": "n",
        "version": "2.0NRT",
        "bright_ti5": 290.27,
        "frp": 0.99,
        "daynight": "N",
        "source_dataset": "VIIRS_SNPP_NRT",
        "acq_datetime_utc": "2026-09-22T03:28:00Z",
        "age_hours": 38.4,
        "confidence_label": "nominal",
        "popup_label": "<strong>NASA FIRMS<\/strong><br>Sensor: VIIRS_SNPP_NRT<br>Fecha UTC: 2026-09-22T03:28:00Z<br>Confianza: nominal<br>FRP: 0.99 MW"
      }
    },
    {
      "type": "Feature",
      "geometry": {
        "type": "Point",
        "coordinates": [-8.4194, 40.2876]
      },
      "properties": {
        "bright_ti4": 304.96,
        "scan": 0.35,
        "track": 0.56,
        "acq_date": "2026-09-22",
        "acq_time": "0328",
        "satellite": "N",
        "instrument": "VIIRS",
        "confidence": "n",
        "version": "2.0NRT",
        "bright_ti5": 289.81,
        "frp": 1.1,
        "daynight": "N",
        "source_dataset": "VIIRS_SNPP_NRT",
        "acq_datetime_utc": "2026-09-22T03:28:00Z",
        "age_hours": 38.4,
        "confidence_label": "nominal",
        "popup_label": "<strong>NASA FIRMS<\/strong><br>Sensor: VIIRS_SNPP_NRT<br>Fecha UTC: 2026-09-22T03:28:00Z<br>Confianza: nominal<br>FRP: 1.1 MW"
      }
    },
    {
      "type": "Feature",
      "geometry": {
        "type": "Point",
        "coordinates": [-8.163, 41.0751]
      },
      "properties": {
        "bright_ti4": 300.56,
        "scan": 0.34,
        "track": 0.56,
        "acq_date": "2026-09-22",
        "acq_time": "0328",
        "satellite": "N",
        "instrument": "VIIRS",
        "confidence": "n",
        "version": "2.0NRT",
        "bright_ti5": 289.98,
        "frp": 0.31,
        "daynight": "N",
        "source_dataset": "VIIRS_SNPP_NRT",
        "acq_datetime_utc": "2026-09-22T03:28:00Z",
        "age_hours": 38.4,
        "confidence_label": "nominal",
        "popup_label": "<strong>NASA FIRMS<\/strong><br>Sensor: VIIRS_SNPP_NRT<br>Fecha UTC: 2026-09-22T03:28:00Z<br>Confianza: nominal<br>FRP: 0.31 MW"
      }
    },
    {
      "type": "Feature",
      "geometry": {
        "type": "Point",
        "coordinates": [-8.5842, 41.2753]
      },
      "properties": {
        "bright_ti4": 304.38,
        "scan": 0.32,
        "track": 0.55,
        "acq_date": "2026-09-22",
        "acq_time": "0328",
        "satellite": "N",
        "instrument": "VIIRS",
        "confidence": "n",
        "version": "2.0NRT",
        "bright_ti5": 293.35,
        "frp": 0.81,
        "daynight": "N",
        "source_dataset": "VIIRS_SNPP_NRT",
        "acq_datetime_utc": "2026-09-22T03:28:00Z",
        "age_hours": 38.4,
        "confidence_label": "nominal",
        "popup_label": "<strong>NASA FIRMS<\/strong><br>Sensor: VIIRS_SNPP_NRT<br>Fecha UTC: 2026-09-22T03:28:00Z<br>Confianza: nominal<br>FRP: 0.81 MW"
      }
    },
    {
      "type": "Feature",
      "geometry": {
        "type": "Point",
        "coordinates": [-3.4713, 40.2457]
      },
      "properties": {
        "bright_ti4": 308.42,
        "scan": 0.6,
        "track": 0.71,
        "acq_date": "2026-09-22",
        "acq_time": "0325",
        "satellite": "N",
        "instrument": "VIIRS",
        "confidence": "n",
        "version": "2.0NRT",
        "bright_ti5": 288.46,
        "frp": 1.86,
        "daynight": "N",
        "source_dataset": "VIIRS_SNPP_NRT",
        "acq_datetime_utc": "2026-09-22T03:25:00Z",
        "age_hours": 38.5,
        "confidence_label": "nominal",
        "popup_label": "<strong>NASA FIRMS<\/strong><br>Sensor: VIIRS_SNPP_NRT<br>Fecha UTC: 2026-09-22T03:25:00Z<br>Confianza: nominal<br>FRP: 1.86 MW"
      }
    },
    {
      "type": "Feature",
      "geometry": {
        "type": "Point",
        "coordinates": [-3.4761, 40.2469]
      },
      "properties": {
        "bright_ti4": 314.89,
        "scan": 0.6,
        "track": 0.71,
        "acq_date": "2026-09-22",
        "acq_time": "0325",
        "satellite": "N",
        "instrument": "VIIRS",
        "confidence": "n",
        "version": "2.0NRT",
        "bright_ti5": 289.32,
        "frp": 2.63,
        "daynight": "N",
        "source_dataset": "VIIRS_SNPP_NRT",
        "acq_datetime_utc": "2026-09-22T03:25:00Z",
        "age_hours": 38.5,
        "confidence_label": "nominal",
        "popup_label": "<strong>NASA FIRMS<\/strong><br>Sensor: VIIRS_SNPP_NRT<br>Fecha UTC: 2026-09-22T03:25:00Z<br>Confianza: nominal<br>FRP: 2.63 MW"
      }
    },
    {
      "type": "Feature",
      "geometry": {
        "type": "Point",
        "coordinates": [-5.7346, 43.5215]
      },
      "properties": {
        "bright_ti4": 309.19,
        "scan": 0.38,
        "track": 0.59,
        "acq_date": "2026-09-22",
        "acq_time": "0325",
        "satellite": "N",
        "instrument": "VIIRS",
        "confidence": "n",
        "version": "2.0NRT",
        "bright_ti5": 281.34,
        "frp": 1.13,
        "daynight": "N",
        "source_dataset": "VIIRS_SNPP_NRT",
        "acq_datetime_utc": "2026-09-22T03:25:00Z",
        "age_hours": 38.5,
        "confidence_label": "nominal",
        "popup_label": "<strong>NASA FIRMS<\/strong><br>Sensor: VIIRS_SNPP_NRT<br>Fecha UTC: 2026-09-22T03:25:00Z<br>Confianza: nominal<br>FRP: 1.13 MW"
      }
    },
    {
      "type": "Feature",
      "geometry": {
        "type": "Point",
        "coordinates": [-5.7274, 43.5254]
      },
      "properties": {
        "bright_ti4": 296.77,
        "scan": 0.38,
        "track": 0.59,
        "acq_date": "2026-09-22",
        "acq_time": "0325",
        "satellite": "N",
        "instrument": "VIIRS",
        "confidence": "n",
        "version": "2.0NRT",
        "bright_ti5": 283.23,
        "frp": 0.74,
        "daynight": "N",
        "source_dataset": "VIIRS_SNPP_NRT",
        "acq_datetime_utc": "2026-09-22T03:25:00Z",
        "age_hours": 38.5,
        "confidence_label": "nominal",
        "popup_label": "<strong>NASA FIRMS<\/strong><br>Sensor: VIIRS_SNPP_NRT<br>Fecha UTC: 2026-09-22T03:25:00Z<br>Confianza: nominal<br>FRP: 0.74 MW"
      }
    },
    {
      "type": "Feature",
      "geometry": {
        "type": "Point",
        "coordinates": [-5.732, 43.5267]
      },
      "properties": {
        "bright_ti4": 308.03,
        "scan": 0.38,
        "track": 0.59,
        "acq_date": "2026-09-22",
        "acq_time": "0325",
        "satellite": "N",
        "instrument": "VIIRS",
        "confidence": "n",
        "version": "2.0NRT",
        "bright_ti5": 283.52,
        "frp": 1.44,
        "daynight": "N",
        "source_dataset": "VIIRS_SNPP_NRT",
        "acq_datetime_utc": "2026-09-22T03:25:00Z",
        "age_hours": 38.5,
        "confidence_label": "nominal",
        "popup_label": "<strong>NASA FIRMS<\/strong><br>Sensor: VIIRS_SNPP_NRT<br>Fecha UTC: 2026-09-22T03:25:00Z<br>Confianza: nominal<br>FRP: 1.44 MW"
      }
    },
    {
      "type": "Feature",
      "geometry": {
        "type": "Point",
        "coordinates": [-0.5186, 28.2011]
      },
      "properties": {
        "bright_ti4": 329.43,
        "scan": 0.41,
        "track": 0.37,
        "acq_date": "2026-09-22",
        "acq_time": "0149",
        "satellite": "N",
        "instrument": "VIIRS",
        "confidence": "n",
        "version": "2.0NRT",
        "bright_ti5": 294.97,
        "frp": 2.4,
        "daynight": "N",
        "source_dataset": "VIIRS_SNPP_NRT",
        "acq_datetime_utc": "2026-09-22T01:49:00Z",
        "age_hours": 40.1,
        "confidence_label": "nominal",
        "popup_label": "<strong>NASA FIRMS<\/strong><br>Sensor: VIIRS_SNPP_NRT<br>Fecha UTC: 2026-09-22T01:49:00Z<br>Confianza: nominal<br>FRP: 2.4 MW"
      }
    },
    {
      "type": "Feature",
      "geometry": {
        "type": "Point",
        "coordinates": [-9.5268, 30.3409]
      },
      "properties": {
        "bright_ti4": 304.09,
        "scan": 0.43,
        "track": 0.62,
        "acq_date": "2026-09-22",
        "acq_time": "0149",
        "satellite": "N",
        "instrument": "VIIRS",
        "confidence": "n",
        "version": "2.0NRT",
        "bright_ti5": 291.89,
        "frp": 0.51,
        "daynight": "N",
        "source_dataset": "VIIRS_SNPP_NRT",
        "acq_datetime_utc": "2026-09-22T01:49:00Z",
        "age_hours": 40.1,
        "confidence_label": "nominal",
        "popup_label": "<strong>NASA FIRMS<\/strong><br>Sensor: VIIRS_SNPP_NRT<br>Fecha UTC: 2026-09-22T01:49:00Z<br>Confianza: nominal<br>FRP: 0.51 MW"
      }
    },
    {
      "type": "Feature",
      "geometry": {
        "type": "Point",
        "coordinates": [-7.2431, 32.3382]
      },
      "properties": {
        "bright_ti4": 302.46,
        "scan": 0.33,
        "track": 0.55,
        "acq_date": "2026-09-22",
        "acq_time": "0149",
        "satellite": "N",
        "instrument": "VIIRS",
        "confidence": "n",
        "version": "2.0NRT",
        "bright_ti5": 291.74,
        "frp": 0.44,
        "daynight": "N",
        "source_dataset": "VIIRS_SNPP_NRT",
        "acq_datetime_utc": "2026-09-22T01:49:00Z",
        "age_hours": 40.1,
        "confidence_label": "nominal",
        "popup_label": "<strong>NASA FIRMS<\/strong><br>Sensor: VIIRS_SNPP_NRT<br>Fecha UTC: 2026-09-22T01:49:00Z<br>Confianza: nominal<br>FRP: 0.44 MW"
      }
    },
    {
      "type": "Feature",
      "geometry": {
        "type": "Point",
        "coordinates": [3.9874, 32.2766]
      },
      "properties": {
        "bright_ti4": 332.17,
        "scan": 0.39,
        "track": 0.36,
        "acq_date": "2026-09-22",
        "acq_time": "0147",
        "satellite": "N",
        "instrument": "VIIRS",
        "confidence": "n",
        "version": "2.0NRT",
        "bright_ti5": 274.46,
        "frp": 2.02,
        "daynight": "N",
        "source_dataset": "VIIRS_SNPP_NRT",
        "acq_datetime_utc": "2026-09-22T01:47:00Z",
        "age_hours": 40.1,
        "confidence_label": "nominal",
        "popup_label": "<strong>NASA FIRMS<\/strong><br>Sensor: VIIRS_SNPP_NRT<br>Fecha UTC: 2026-09-22T01:47:00Z<br>Confianza: nominal<br>FRP: 2.02 MW"
      }
    },
    {
      "type": "Feature",
      "geometry": {
        "type": "Point",
        "coordinates": [3.9882, 32.2799]
      },
      "properties": {
        "bright_ti4": 301.17,
        "scan": 0.39,
        "track": 0.36,
        "acq_date": "2026-09-22",
        "acq_time": "0147",
        "satellite": "N",
        "instrument": "VIIRS",
        "confidence": "n",
        "version": "2.0NRT",
        "bright_ti5": 273.1,
        "frp": 2.02,
        "daynight": "N",
        "source_dataset": "VIIRS_SNPP_NRT",
        "acq_datetime_utc": "2026-09-22T01:47:00Z",
        "age_hours": 40.1,
        "confidence_label": "nominal",
        "popup_label": "<strong>NASA FIRMS<\/strong><br>Sensor: VIIRS_SNPP_NRT<br>Fecha UTC: 2026-09-22T01:47:00Z<br>Confianza: nominal<br>FRP: 2.02 MW"
      }
    },
    {
      "type": "Feature",
      "geometry": {
        "type": "Point",
        "coordinates": [4.0066, 32.4028]
      },
      "properties": {
        "bright_ti4": 308.07,
        "scan": 0.39,
        "track": 0.36,
        "acq_date": "2026-09-22",
        "acq_time": "0147",
        "satellite": "N",
        "instrument": "VIIRS",
        "confidence": "n",
        "version": "2.0NRT",
        "bright_ti5": 288.39,
        "frp": 1.02,
        "daynight": "N",
        "source_dataset": "VIIRS_SNPP_NRT",
        "acq_datetime_utc": "2026-09-22T01:47:00Z",
        "age_hours": 40.1,
        "confidence_label": "nominal",
        "popup_label": "<strong>NASA FIRMS<\/strong><br>Sensor: VIIRS_SNPP_NRT<br>Fecha UTC: 2026-09-22T01:47:00Z<br>Confianza: nominal<br>FRP: 1.02 MW"
      }
    },
    {
      "type": "Feature",
      "geometry": {
        "type": "Point",
        "coordinates": [3.1696, 32.5549]
      },
      "properties": {
        "bright_ti4": 322.42,
        "scan": 0.38,
        "track": 0.36,
        "acq_date": "2026-09-22",
        "acq_time": "0147",
        "satellite": "N",
        "instrument": "VIIRS",
        "confidence": "n",
        "version": "2.0NRT",
        "bright_ti5": 288.19,
        "frp": 1.16,
        "daynight": "N",
        "source_dataset": "VIIRS_SNPP_NRT",
        "acq_datetime_utc": "2026-09-22T01:47:00Z",
        "age_hours": 40.1,
        "confidence_label": "nominal",
        "popup_label": "<strong>NASA FIRMS<\/strong><br>Sensor: VIIRS_SNPP_NRT<br>Fecha UTC: 2026-09-22T01:47:00Z<br>Confianza: nominal<br>FRP: 1.16 MW"
      }
    },
    {
      "type": "Feature",
      "geometry": {
        "type": "Point",
        "coordinates": [3.1843, 32.746]
      },
      "properties": {
        "bright_ti4": 299.75,
        "scan": 0.38,
        "track": 0.36,
        "acq_date": "2026-09-22",
        "acq_time": "0147",
        "satellite": "N",
        "instrument": "VIIRS",
        "confidence": "n",
        "version": "2.0NRT",
        "bright_ti5": 285.33,
        "frp": 0.73,
        "daynight": "N",
        "source_dataset": "VIIRS_SNPP_NRT",
        "acq_datetime_utc": "2026-09-22T01:47:00Z",
        "age_hours": 40.1,
        "confidence_label": "nominal",
        "popup_label": "<strong>NASA FIRMS<\/strong><br>Sensor: VIIRS_SNPP_NRT<br>Fecha UTC: 2026-09-22T01:47:00Z<br>Confianza: nominal<br>FRP: 0.73 MW"
      }
    },
    {
      "type": "Feature",
      "geometry": {
        "type": "Point",
        "coordinates": [3.1803, 32.7466]
      },
      "properties": {
        "bright_ti4": 319.59,
        "scan": 0.38,
        "track": 0.36,
        "acq_date": "2026-09-22",
        "acq_time": "0147",
        "satellite": "N",
        "instrument": "VIIRS",
        "confidence": "n",
        "version": "2.0NRT",
        "bright_ti5": 286.8,
        "frp": 1.7,
        "daynight": "N",
        "source_dataset": "VIIRS_SNPP_NRT",
        "acq_datetime_utc": "2026-09-22T01:47:00Z",
        "age_hours": 40.1,
        "confidence_label": "nominal",
        "popup_label": "<strong>NASA FIRMS<\/strong><br>Sensor: VIIRS_SNPP_NRT<br>Fecha UTC: 2026-09-22T01:47:00Z<br>Confianza: nominal<br>FRP: 1.7 MW"
      }
    },
    {
      "type": "Feature",
      "geometry": {
        "type": "Point",
        "coordinates": [3.2419, 32.8387]
      },
      "properties": {
        "bright_ti4": 298.85,
        "scan": 0.38,
        "track": 0.36,
        "acq_date": "2026-09-22",
        "acq_time": "0147",
        "satellite": "N",
        "instrument": "VIIRS",
        "confidence": "n",
        "version": "2.0NRT",
        "bright_ti5": 285.68,
        "frp": 0.76,
        "daynight": "N",
        "source_dataset": "VIIRS_SNPP_NRT",
        "acq_datetime_utc": "2026-09-22T01:47:00Z",
        "age_hours": 40.1,
        "confidence_label": "nominal",
        "popup_label": "<strong>NASA FIRMS<\/strong><br>Sensor: VIIRS_SNPP_NRT<br>Fecha UTC: 2026-09-22T01:47:00Z<br>Confianza: nominal<br>FRP: 0.76 MW"
      }
    },
    {
      "type": "Feature",
      "geometry": {
        "type": "Point",
        "coordinates": [3.2458, 32.9303]
      },
      "properties": {
        "bright_ti4": 298.42,
        "scan": 0.38,
        "track": 0.36,
        "acq_date": "2026-09-22",
        "acq_time": "0147",
        "satellite": "N",
        "instrument": "VIIRS",
        "confidence": "n",
        "version": "2.0NRT",
        "bright_ti5": 284.49,
        "frp": 0.37,
        "daynight": "N",
        "source_dataset": "VIIRS_SNPP_NRT",
        "acq_datetime_utc": "2026-09-22T01:47:00Z",
        "age_hours": 40.1,
        "confidence_label": "nominal",
        "popup_label": "<strong>NASA FIRMS<\/strong><br>Sensor: VIIRS_SNPP_NRT<br>Fecha UTC: 2026-09-22T01:47:00Z<br>Confianza: nominal<br>FRP: 0.37 MW"
      }
    },
    {
      "type": "Feature",
      "geometry": {
        "type": "Point",
        "coordinates": [3.2376, 32.9316]
      },
      "properties": {
        "bright_ti4": 297.06,
        "scan": 0.38,
        "track": 0.36,
        "acq_date": "2026-09-22",
        "acq_time": "0147",
        "satellite": "N",
        "instrument": "VIIRS",
        "confidence": "n",
        "version": "2.0NRT",
        "bright_ti5": 284.67,
        "frp": 0.52,
        "daynight": "N",
        "source_dataset": "VIIRS_SNPP_NRT",
        "acq_datetime_utc": "2026-09-22T01:47:00Z",
        "age_hours": 40.1,
        "confidence_label": "nominal",
        "popup_label": "<strong>NASA FIRMS<\/strong><br>Sensor: VIIRS_SNPP_NRT<br>Fecha UTC: 2026-09-22T01:47:00Z<br>Confianza: nominal<br>FRP: 0.52 MW"
      }
    },
    {
      "type": "Feature",
      "geometry": {
        "type": "Point",
        "coordinates": [3.2335, 32.9323]
      },
      "properties": {
        "bright_ti4": 297.14,
        "scan": 0.38,
        "track": 0.36,
        "acq_date": "2026-09-22",
        "acq_time": "0147",
        "satellite": "N",
        "instrument": "VIIRS",
        "confidence": "n",
        "version": "2.0NRT",
        "bright_ti5": 285.16,
        "frp": 0.52,
        "daynight": "N",
        "source_dataset": "VIIRS_SNPP_NRT",
        "acq_datetime_utc": "2026-09-22T01:47:00Z",
        "age_hours": 40.1,
        "confidence_label": "nominal",
        "popup_label": "<strong>NASA FIRMS<\/strong><br>Sensor: VIIRS_SNPP_NRT<br>Fecha UTC: 2026-09-22T01:47:00Z<br>Confianza: nominal<br>FRP: 0.52 MW"
      }
    },
    {
      "type": "Feature",
      "geometry": {
        "type": "Point",
        "coordinates": [3.2343, 32.9356]
      },
      "properties": {
        "bright_ti4": 313.79,
        "scan": 0.38,
        "track": 0.36,
        "acq_date": "2026-09-22",
        "acq_time": "0147",
        "satellite": "N",
        "instrument": "VIIRS",
        "confidence": "n",
        "version": "2.0NRT",
        "bright_ti5": 285.82,
        "frp": 0.52,
        "daynight": "N",
        "source_dataset": "VIIRS_SNPP_NRT",
        "acq_datetime_utc": "2026-09-22T01:47:00Z",
        "age_hours": 40.1,
        "confidence_label": "nominal",
        "popup_label": "<strong>NASA FIRMS<\/strong><br>Sensor: VIIRS_SNPP_NRT<br>Fecha UTC: 2026-09-22T01:47:00Z<br>Confianza: nominal<br>FRP: 0.52 MW"
      }
    },
    {
      "type": "Feature",
      "geometry": {
        "type": "Point",
        "coordinates": [3.3216, 33.1252]
      },
      "properties": {
        "bright_ti4": 314.94,
        "scan": 0.38,
        "track": 0.36,
        "acq_date": "2026-09-22",
        "acq_time": "0147",
        "satellite": "N",
        "instrument": "VIIRS",
        "confidence": "n",
        "version": "2.0NRT",
        "bright_ti5": 286.51,
        "frp": 0.7,
        "daynight": "N",
        "source_dataset": "VIIRS_SNPP_NRT",
        "acq_datetime_utc": "2026-09-22T01:47:00Z",
        "age_hours": 40.1,
        "confidence_label": "nominal",
        "popup_label": "<strong>NASA FIRMS<\/strong><br>Sensor: VIIRS_SNPP_NRT<br>Fecha UTC: 2026-09-22T01:47:00Z<br>Confianza: nominal<br>FRP: 0.7 MW"
      }
    },
    {
      "type": "Feature",
      "geometry": {
        "type": "Point",
        "coordinates": [3.3175, 33.1259]
      },
      "properties": {
        "bright_ti4": 303.31,
        "scan": 0.38,
        "track": 0.36,
        "acq_date": "2026-09-22",
        "acq_time": "0147",
        "satellite": "N",
        "instrument": "VIIRS",
        "confidence": "n",
        "version": "2.0NRT",
        "bright_ti5": 285.06,
        "frp": 0.7,
        "daynight": "N",
        "source_dataset": "VIIRS_SNPP_NRT",
        "acq_datetime_utc": "2026-09-22T01:47:00Z",
        "age_hours": 40.1,
        "confidence_label": "nominal",
        "popup_label": "<strong>NASA FIRMS<\/strong><br>Sensor: VIIRS_SNPP_NRT<br>Fecha UTC: 2026-09-22T01:47:00Z<br>Confianza: nominal<br>FRP: 0.7 MW"
      }
    },
    {
      "type": "Feature",
      "geometry": {
        "type": "Point",
        "coordinates": [3.3224, 33.1285]
      },
      "properties": {
        "bright_ti4": 298.26,
        "scan": 0.38,
        "track": 0.36,
        "acq_date": "2026-09-22",
        "acq_time": "0147",
        "satellite": "N",
        "instrument": "VIIRS",
        "confidence": "n",
        "version": "2.0NRT",
        "bright_ti5": 285.62,
        "frp": 0.4,
        "daynight": "N",
        "source_dataset": "VIIRS_SNPP_NRT",
        "acq_datetime_utc": "2026-09-22T01:47:00Z",
        "age_hours": 40.1,
        "confidence_label": "nominal",
        "popup_label": "<strong>NASA FIRMS<\/strong><br>Sensor: VIIRS_SNPP_NRT<br>Fecha UTC: 2026-09-22T01:47:00Z<br>Confianza: nominal<br>FRP: 0.4 MW"
      }
    },
    {
      "type": "Feature",
      "geometry": {
        "type": "Point",
        "coordinates": [3.3183, 33.1292]
      },
      "properties": {
        "bright_ti4": 303.29,
        "scan": 0.38,
        "track": 0.36,
        "acq_date": "2026-09-22",
        "acq_time": "0147",
        "satellite": "N",
        "instrument": "VIIRS",
        "confidence": "n",
        "version": "2.0NRT",
        "bright_ti5": 285.32,
        "frp": 0.4,
        "daynight": "N",
        "source_dataset": "VIIRS_SNPP_NRT",
        "acq_datetime_utc": "2026-09-22T01:47:00Z",
        "age_hours": 40.1,
        "confidence_label": "nominal",
        "popup_label": "<strong>NASA FIRMS<\/strong><br>Sensor: VIIRS_SNPP_NRT<br>Fecha UTC: 2026-09-22T01:47:00Z<br>Confianza: nominal<br>FRP: 0.4 MW"
      }
    },
    {
      "type": "Feature",
      "geometry": {
        "type": "Point",
        "coordinates": [3.366, 33.1411]
      },
      "properties": {
        "bright_ti4": 312.98,
        "scan": 0.38,
        "track": 0.36,
        "acq_date": "2026-09-22",
        "acq_time": "0147",
        "satellite": "N",
        "instrument": "VIIRS",
        "confidence": "n",
        "version": "2.0NRT",
        "bright_ti5": 285.73,
        "frp": 1.11,
        "daynight": "N",
        "source_dataset": "VIIRS_SNPP_NRT",
        "acq_datetime_utc": "2026-09-22T01:47:00Z",
        "age_hours": 40.1,
        "confidence_label": "nominal",
        "popup_label": "<strong>NASA FIRMS<\/strong><br>Sensor: VIIRS_SNPP_NRT<br>Fecha UTC: 2026-09-22T01:47:00Z<br>Confianza: nominal<br>FRP: 1.11 MW"
      }
    },
    {
      "type": "Feature",
      "geometry": {
        "type": "Point",
        "coordinates": [2.0574, 34.4383]
      },
      "properties": {
        "bright_ti4": 309.43,
        "scan": 0.39,
        "track": 0.36,
        "acq_date": "2026-09-22",
        "acq_time": "0147",
        "satellite": "N",
        "instrument": "VIIRS",
        "confidence": "n",
        "version": "2.0NRT",
        "bright_ti5": 287.34,
        "frp": 1.38,
        "daynight": "N",
        "source_dataset": "VIIRS_SNPP_NRT",
        "acq_datetime_utc": "2026-09-22T01:47:00Z",
        "age_hours": 40.1,
        "confidence_label": "nominal",
        "popup_label": "<strong>NASA FIRMS<\/strong><br>Sensor: VIIRS_SNPP_NRT<br>Fecha UTC: 2026-09-22T01:47:00Z<br>Confianza: nominal<br>FRP: 1.38 MW"
      }
    },
    {
      "type": "Feature",
      "geometry": {
        "type": "Point",
        "coordinates": [-2.347, 34.5972]
      },
      "properties": {
        "bright_ti4": 302.74,
        "scan": 0.56,
        "track": 0.43,
        "acq_date": "2026-09-22",
        "acq_time": "0147",
        "satellite": "N",
        "instrument": "VIIRS",
        "confidence": "n",
        "version": "2.0NRT",
        "bright_ti5": 288.69,
        "frp": 0.91,
        "daynight": "N",
        "source_dataset": "VIIRS_SNPP_NRT",
        "acq_datetime_utc": "2026-09-22T01:47:00Z",
        "age_hours": 40.1,
        "confidence_label": "nominal",
        "popup_label": "<strong>NASA FIRMS<\/strong><br>Sensor: VIIRS_SNPP_NRT<br>Fecha UTC: 2026-09-22T01:47:00Z<br>Confianza: nominal<br>FRP: 0.91 MW"
      }
    },
    {
      "type": "Feature",
      "geometry": {
        "type": "Point",
        "coordinates": [-0.9385, 35.5686]
      },
      "properties": {
        "bright_ti4": 300.31,
        "scan": 0.5,
        "track": 0.41,
        "acq_date": "2026-09-22",
        "acq_time": "0147",
        "satellite": "N",
        "instrument": "VIIRS",
        "confidence": "n",
        "version": "2.0NRT",
        "bright_ti5": 290.25,
        "frp": 0.66,
        "daynight": "N",
        "source_dataset": "VIIRS_SNPP_NRT",
        "acq_datetime_utc": "2026-09-22T01:47:00Z",
        "age_hours": 40.1,
        "confidence_label": "nominal",
        "popup_label": "<strong>NASA FIRMS<\/strong><br>Sensor: VIIRS_SNPP_NRT<br>Fecha UTC: 2026-09-22T01:47:00Z<br>Confianza: nominal<br>FRP: 0.66 MW"
      }
    },
    {
      "type": "Feature",
      "geometry": {
        "type": "Point",
        "coordinates": [4.4756, 35.7103]
      },
      "properties": {
        "bright_ti4": 313.55,
        "scan": 0.39,
        "track": 0.36,
        "acq_date": "2026-09-22",
        "acq_time": "0147",
        "satellite": "N",
        "instrument": "VIIRS",
        "confidence": "n",
        "version": "2.0NRT",
        "bright_ti5": 291.17,
        "frp": 1.19,
        "daynight": "N",
        "source_dataset": "VIIRS_SNPP_NRT",
        "acq_datetime_utc": "2026-09-22T01:47:00Z",
        "age_hours": 40.1,
        "confidence_label": "nominal",
        "popup_label": "<strong>NASA FIRMS<\/strong><br>Sensor: VIIRS_SNPP_NRT<br>Fecha UTC: 2026-09-22T01:47:00Z<br>Confianza: nominal<br>FRP: 1.19 MW"
      }
    },
    {
      "type": "Feature",
      "geometry": {
        "type": "Point",
        "coordinates": [-0.2426, 35.8049]
      },
      "properties": {
        "bright_ti4": 304.31,
        "scan": 0.47,
        "track": 0.4,
        "acq_date": "2026-09-22",
        "acq_time": "0147",
        "satellite": "N",
        "instrument": "VIIRS",
        "confidence": "n",
        "version": "2.0NRT",
        "bright_ti5": 292.36,
        "frp": 0.54,
        "daynight": "N",
        "source_dataset": "VIIRS_SNPP_NRT",
        "acq_datetime_utc": "2026-09-22T01:47:00Z",
        "age_hours": 40.1,
        "confidence_label": "nominal",
        "popup_label": "<strong>NASA FIRMS<\/strong><br>Sensor: VIIRS_SNPP_NRT<br>Fecha UTC: 2026-09-22T01:47:00Z<br>Confianza: nominal<br>FRP: 0.54 MW"
      }
    },
    {
      "type": "Feature",
      "geometry": {
        "type": "Point",
        "coordinates": [-0.2555, 35.8096]
      },
      "properties": {
        "bright_ti4": 305.53,
        "scan": 0.47,
        "track": 0.4,
        "acq_date": "2026-09-22",
        "acq_time": "0147",
        "satellite": "N",
        "instrument": "VIIRS",
        "confidence": "n",
        "version": "2.0NRT",
        "bright_ti5": 291.36,
        "frp": 1.23,
        "daynight": "N",
        "source_dataset": "VIIRS_SNPP_NRT",
        "acq_datetime_utc": "2026-09-22T01:47:00Z",
        "age_hours": 40.1,
        "confidence_label": "nominal",
        "popup_label": "<strong>NASA FIRMS<\/strong><br>Sensor: VIIRS_SNPP_NRT<br>Fecha UTC: 2026-09-22T01:47:00Z<br>Confianza: nominal<br>FRP: 1.23 MW"
      }
    },
    {
      "type": "Feature",
      "geometry": {
        "type": "Point",
        "coordinates": [-0.2523, 35.8099]
      },
      "properties": {
        "bright_ti4": 303.16,
        "scan": 0.47,
        "track": 0.4,
        "acq_date": "2026-09-22",
        "acq_time": "0147",
        "satellite": "N",
        "instrument": "VIIRS",
        "confidence": "n",
        "version": "2.0NRT",
        "bright_ti5": 291.53,
        "frp": 1.07,
        "daynight": "N",
        "source_dataset": "VIIRS_SNPP_NRT",
        "acq_datetime_utc": "2026-09-22T01:47:00Z",
        "age_hours": 40.1,
        "confidence_label": "nominal",
        "popup_label": "<strong>NASA FIRMS<\/strong><br>Sensor: VIIRS_SNPP_NRT<br>Fecha UTC: 2026-09-22T01:47:00Z<br>Confianza: nominal<br>FRP: 1.07 MW"
      }
    },
    {
      "type": "Feature",
      "geometry": {
        "type": "Point",
        "coordinates": [-0.2705, 35.8151]
      },
      "properties": {
        "bright_ti4": 309.19,
        "scan": 0.47,
        "track": 0.4,
        "acq_date": "2026-09-22",
        "acq_time": "0147",
        "satellite": "N",
        "instrument": "VIIRS",
        "confidence": "n",
        "version": "2.0NRT",
        "bright_ti5": 290.97,
        "frp": 0.64,
        "daynight": "N",
        "source_dataset": "VIIRS_SNPP_NRT",
        "acq_datetime_utc": "2026-09-22T01:47:00Z",
        "age_hours": 40.1,
        "confidence_label": "nominal",
        "popup_label": "<strong>NASA FIRMS<\/strong><br>Sensor: VIIRS_SNPP_NRT<br>Fecha UTC: 2026-09-22T01:47:00Z<br>Confianza: nominal<br>FRP: 0.64 MW"
      }
    },
    {
      "type": "Feature",
      "geometry": {
        "type": "Point",
        "coordinates": [-0.2673, 35.8155]
      },
      "properties": {
        "bright_ti4": 310.17,
        "scan": 0.47,
        "track": 0.4,
        "acq_date": "2026-09-22",
        "acq_time": "0147",
        "satellite": "N",
        "instrument": "VIIRS",
        "confidence": "n",
        "version": "2.0NRT",
        "bright_ti5": 291.4,
        "frp": 0.72,
        "daynight": "N",
        "source_dataset": "VIIRS_SNPP_NRT",
        "acq_datetime_utc": "2026-09-22T01:47:00Z",
        "age_hours": 40.1,
        "confidence_label": "nominal",
        "popup_label": "<strong>NASA FIRMS<\/strong><br>Sensor: VIIRS_SNPP_NRT<br>Fecha UTC: 2026-09-22T01:47:00Z<br>Confianza: nominal<br>FRP: 0.72 MW"
      }
    },
    {
      "type": "Feature",
      "geometry": {
        "type": "Point",
        "coordinates": [-0.2756, 35.8157]
      },
      "properties": {
        "bright_ti4": 300.47,
        "scan": 0.47,
        "track": 0.4,
        "acq_date": "2026-09-22",
        "acq_time": "0147",
        "satellite": "N",
        "instrument": "VIIRS",
        "confidence": "n",
        "version": "2.0NRT",
        "bright_ti5": 290.29,
        "frp": 0.64,
        "daynight": "N",
        "source_dataset": "VIIRS_SNPP_NRT",
        "acq_datetime_utc": "2026-09-22T01:47:00Z",
        "age_hours": 40.1,
        "confidence_label": "nominal",
        "popup_label": "<strong>NASA FIRMS<\/strong><br>Sensor: VIIRS_SNPP_NRT<br>Fecha UTC: 2026-09-22T01:47:00Z<br>Confianza: nominal<br>FRP: 0.64 MW"
      }
    },
    {
      "type": "Feature",
      "geometry": {
        "type": "Point",
        "coordinates": [-0.2724, 35.8161]
      },
      "properties": {
        "bright_ti4": 304.14,
        "scan": 0.47,
        "track": 0.4,
        "acq_date": "2026-09-22",
        "acq_time": "0147",
        "satellite": "N",
        "instrument": "VIIRS",
        "confidence": "n",
        "version": "2.0NRT",
        "bright_ti5": 290.31,
        "frp": 0.72,
        "daynight": "N",
        "source_dataset": "VIIRS_SNPP_NRT",
        "acq_datetime_utc": "2026-09-22T01:47:00Z",
        "age_hours": 40.1,
        "confidence_label": "nominal",
        "popup_label": "<strong>NASA FIRMS<\/strong><br>Sensor: VIIRS_SNPP_NRT<br>Fecha UTC: 2026-09-22T01:47:00Z<br>Confianza: nominal<br>FRP: 0.72 MW"
      }
    },
    {
      "type": "Feature",
      "geometry": {
        "type": "Point",
        "coordinates": [4.4489, 35.8783]
      },
      "properties": {
        "bright_ti4": 316.69,
        "scan": 0.39,
        "track": 0.36,
        "acq_date": "2026-09-22",
        "acq_time": "0147",
        "satellite": "N",
        "instrument": "VIIRS",
        "confidence": "n",
        "version": "2.0NRT",
        "bright_ti5": 290.78,
        "frp": 1.15,
        "daynight": "N",
        "source_dataset": "VIIRS_SNPP_NRT",
        "acq_datetime_utc": "2026-09-22T01:47:00Z",
        "age_hours": 40.1,
        "confidence_label": "nominal",
        "popup_label": "<strong>NASA FIRMS<\/strong><br>Sensor: VIIRS_SNPP_NRT<br>Fecha UTC: 2026-09-22T01:47:00Z<br>Confianza: nominal<br>FRP: 1.15 MW"
      }
    },
    {
      "type": "Feature",
      "geometry": {
        "type": "Point",
        "coordinates": [0.1282, 36.0179]
      },
      "properties": {
        "bright_ti4": 301.86,
        "scan": 0.45,
        "track": 0.39,
        "acq_date": "2026-09-22",
        "acq_time": "0147",
        "satellite": "N",
        "instrument": "VIIRS",
        "confidence": "n",
        "version": "2.0NRT",
        "bright_ti5": 290.62,
        "frp": 0.76,
        "daynight": "N",
        "source_dataset": "VIIRS_SNPP_NRT",
        "acq_datetime_utc": "2026-09-22T01:47:00Z",
        "age_hours": 40.1,
        "confidence_label": "nominal",
        "popup_label": "<strong>NASA FIRMS<\/strong><br>Sensor: VIIRS_SNPP_NRT<br>Fecha UTC: 2026-09-22T01:47:00Z<br>Confianza: nominal<br>FRP: 0.76 MW"
      }
    },
    {
      "type": "Feature",
      "geometry": {
        "type": "Point",
        "coordinates": [2.9301, 36.1403]
      },
      "properties": {
        "bright_ti4": 304.46,
        "scan": 0.39,
        "track": 0.36,
        "acq_date": "2026-09-22",
        "acq_time": "0147",
        "satellite": "N",
        "instrument": "VIIRS",
        "confidence": "n",
        "version": "2.0NRT",
        "bright_ti5": 286.17,
        "frp": 0.76,
        "daynight": "N",
        "source_dataset": "VIIRS_SNPP_NRT",
        "acq_datetime_utc": "2026-09-22T01:47:00Z",
        "age_hours": 40.1,
        "confidence_label": "nominal",
        "popup_label": "<strong>NASA FIRMS<\/strong><br>Sensor: VIIRS_SNPP_NRT<br>Fecha UTC: 2026-09-22T01:47:00Z<br>Confianza: nominal<br>FRP: 0.76 MW"
      }
    },
    {
      "type": "Feature",
      "geometry": {
        "type": "Point",
        "coordinates": [-5.4242, 36.1768]
      },
      "properties": {
        "bright_ti4": 306.13,
        "scan": 0.57,
        "track": 0.52,
        "acq_date": "2026-09-22",
        "acq_time": "0147",
        "satellite": "N",
        "instrument": "VIIRS",
        "confidence": "n",
        "version": "2.0NRT",
        "bright_ti5": 292.06,
        "frp": 1.02,
        "daynight": "N",
        "source_dataset": "VIIRS_SNPP_NRT",
        "acq_datetime_utc": "2026-09-22T01:47:00Z",
        "age_hours": 40.1,
        "confidence_label": "nominal",
        "popup_label": "<strong>NASA FIRMS<\/strong><br>Sensor: VIIRS_SNPP_NRT<br>Fecha UTC: 2026-09-22T01:47:00Z<br>Confianza: nominal<br>FRP: 1.02 MW"
      }
    },
    {
      "type": "Feature",
      "geometry": {
        "type": "Point",
        "coordinates": [2.7468, 36.4737]
      },
      "properties": {
        "bright_ti4": 302.26,
        "scan": 0.39,
        "track": 0.36,
        "acq_date": "2026-09-22",
        "acq_time": "0147",
        "satellite": "N",
        "instrument": "VIIRS",
        "confidence": "n",
        "version": "2.0NRT",
        "bright_ti5": 288.15,
        "frp": 0.7,
        "daynight": "N",
        "source_dataset": "VIIRS_SNPP_NRT",
        "acq_datetime_utc": "2026-09-22T01:47:00Z",
        "age_hours": 40.1,
        "confidence_label": "nominal",
        "popup_label": "<strong>NASA FIRMS<\/strong><br>Sensor: VIIRS_SNPP_NRT<br>Fecha UTC: 2026-09-22T01:47:00Z<br>Confianza: nominal<br>FRP: 0.7 MW"
      }
    },
    {
      "type": "Feature",
      "geometry": {
        "type": "Point",
        "coordinates": [2.9324, 36.5975]
      },
      "properties": {
        "bright_ti4": 306.6,
        "scan": 0.39,
        "track": 0.36,
        "acq_date": "2026-09-22",
        "acq_time": "0147",
        "satellite": "N",
        "instrument": "VIIRS",
        "confidence": "n",
        "version": "2.0NRT",
        "bright_ti5": 289.26,
        "frp": 0.65,
        "daynight": "N",
        "source_dataset": "VIIRS_SNPP_NRT",
        "acq_datetime_utc": "2026-09-22T01:47:00Z",
        "age_hours": 40.1,
        "confidence_label": "nominal",
        "popup_label": "<strong>NASA FIRMS<\/strong><br>Sensor: VIIRS_SNPP_NRT<br>Fecha UTC: 2026-09-22T01:47:00Z<br>Confianza: nominal<br>FRP: 0.65 MW"
      }
    },
    {
      "type": "Feature",
      "geometry": {
        "type": "Point",
        "coordinates": [2.8788, 36.5986]
      },
      "properties": {
        "bright_ti4": 306.19,
        "scan": 0.39,
        "track": 0.36,
        "acq_date": "2026-09-22",
        "acq_time": "0147",
        "satellite": "N",
        "instrument": "VIIRS",
        "confidence": "n",
        "version": "2.0NRT",
        "bright_ti5": 290.71,
        "frp": 0.96,
        "daynight": "N",
        "source_dataset": "VIIRS_SNPP_NRT",
        "acq_datetime_utc": "2026-09-22T01:47:00Z",
        "age_hours": 40.1,
        "confidence_label": "nominal",
        "popup_label": "<strong>NASA FIRMS<\/strong><br>Sensor: VIIRS_SNPP_NRT<br>Fecha UTC: 2026-09-22T01:47:00Z<br>Confianza: nominal<br>FRP: 0.96 MW"
      }
    },
    {
      "type": "Feature",
      "geometry": {
        "type": "Point",
        "coordinates": [2.9934, 36.676]
      },
      "properties": {
        "bright_ti4": 302.77,
        "scan": 0.39,
        "track": 0.36,
        "acq_date": "2026-09-22",
        "acq_time": "0147",
        "satellite": "N",
        "instrument": "VIIRS",
        "confidence": "n",
        "version": "2.0NRT",
        "bright_ti5": 289.48,
        "frp": 0.31,
        "daynight": "N",
        "source_dataset": "VIIRS_SNPP_NRT",
        "acq_datetime_utc": "2026-09-22T01:47:00Z",
        "age_hours": 40.1,
        "confidence_label": "nominal",
        "popup_label": "<strong>NASA FIRMS<\/strong><br>Sensor: VIIRS_SNPP_NRT<br>Fecha UTC: 2026-09-22T01:47:00Z<br>Confianza: nominal<br>FRP: 0.31 MW"
      }
    },
    {
      "type": "Feature",
      "geometry": {
        "type": "Point",
        "coordinates": [3.124, 36.6804]
      },
      "properties": {
        "bright_ti4": 304.53,
        "scan": 0.39,
        "track": 0.36,
        "acq_date": "2026-09-22",
        "acq_time": "0147",
        "satellite": "N",
        "instrument": "VIIRS",
        "confidence": "n",
        "version": "2.0NRT",
        "bright_ti5": 292.92,
        "frp": 0.55,
        "daynight": "N",
        "source_dataset": "VIIRS_SNPP_NRT",
        "acq_datetime_utc": "2026-09-22T01:47:00Z",
        "age_hours": 40.1,
        "confidence_label": "nominal",
        "popup_label": "<strong>NASA FIRMS<\/strong><br>Sensor: VIIRS_SNPP_NRT<br>Fecha UTC: 2026-09-22T01:47:00Z<br>Confianza: nominal<br>FRP: 0.55 MW"
      }
    },
    {
      "type": "Feature",
      "geometry": {
        "type": "Point",
        "coordinates": [3.0816, 36.7485]
      },
      "properties": {
        "bright_ti4": 325.36,
        "scan": 0.39,
        "track": 0.36,
        "acq_date": "2026-09-22",
        "acq_time": "0147",
        "satellite": "N",
        "instrument": "VIIRS",
        "confidence": "n",
        "version": "2.0NRT",
        "bright_ti5": 292.53,
        "frp": 1.92,
        "daynight": "N",
        "source_dataset": "VIIRS_SNPP_NRT",
        "acq_datetime_utc": "2026-09-22T01:47:00Z",
        "age_hours": 40.1,
        "confidence_label": "nominal",
        "popup_label": "<strong>NASA FIRMS<\/strong><br>Sensor: VIIRS_SNPP_NRT<br>Fecha UTC: 2026-09-22T01:47:00Z<br>Confianza: nominal<br>FRP: 1.92 MW"
      }
    },
    {
      "type": "Feature",
      "geometry": {
        "type": "Point",
        "coordinates": [-1.9055, 36.9661]
      },
      "properties": {
        "bright_ti4": 308.14,
        "scan": 0.57,
        "track": 0.43,
        "acq_date": "2026-09-22",
        "acq_time": "0147",
        "satellite": "N",
        "instrument": "VIIRS",
        "confidence": "n",
        "version": "2.0NRT",
        "bright_ti5": 292.19,
        "frp": 1.65,
        "daynight": "N",
        "source_dataset": "VIIRS_SNPP_NRT",
        "acq_datetime_utc": "2026-09-22T01:47:00Z",
        "age_hours": 40.1,
        "confidence_label": "nominal",
        "popup_label": "<strong>NASA FIRMS<\/strong><br>Sensor: VIIRS_SNPP_NRT<br>Fecha UTC: 2026-09-22T01:47:00Z<br>Confianza: nominal<br>FRP: 1.65 MW"
      }
    },
    {
      "type": "Feature",
      "geometry": {
        "type": "Point",
        "coordinates": [-1.9042, 36.9672]
      },
      "properties": {
        "bright_ti4": 306.61,
        "scan": 0.57,
        "track": 0.43,
        "acq_date": "2026-09-22",
        "acq_time": "0147",
        "satellite": "N",
        "instrument": "VIIRS",
        "confidence": "n",
        "version": "2.0NRT",
        "bright_ti5": 292.32,
        "frp": 2.36,
        "daynight": "N",
        "source_dataset": "VIIRS_SNPP_NRT",
        "acq_datetime_utc": "2026-09-22T01:47:00Z",
        "age_hours": 40.1,
        "confidence_label": "nominal",
        "popup_label": "<strong>NASA FIRMS<\/strong><br>Sensor: VIIRS_SNPP_NRT<br>Fecha UTC: 2026-09-22T01:47:00Z<br>Confianza: nominal<br>FRP: 2.36 MW"
      }
    },
    {
      "type": "Feature",
      "geometry": {
        "type": "Point",
        "coordinates": [-9.0129, 38.9193]
      },
      "properties": {
        "bright_ti4": 303.72,
        "scan": 0.48,
        "track": 0.64,
        "acq_date": "2026-09-22",
        "acq_time": "0147",
        "satellite": "N",
        "instrument": "VIIRS",
        "confidence": "n",
        "version": "2.0NRT",
        "bright_ti5": 293.14,
        "frp": 1.01,
        "daynight": "N",
        "source_dataset": "VIIRS_SNPP_NRT",
        "acq_datetime_utc": "2026-09-22T01:47:00Z",
        "age_hours": 40.1,
        "confidence_label": "nominal",
        "popup_label": "<strong>NASA FIRMS<\/strong><br>Sensor: VIIRS_SNPP_NRT<br>Fecha UTC: 2026-09-22T01:47:00Z<br>Confianza: nominal<br>FRP: 1.01 MW"
      }
    },
    {
      "type": "Feature",
      "geometry": {
        "type": "Point",
        "coordinates": [-9.1559, 39.5001]
      },
      "properties": {
        "bright_ti4": 303.65,
        "scan": 0.49,
        "track": 0.65,
        "acq_date": "2026-09-22",
        "acq_time": "0145",
        "satellite": "N",
        "instrument": "VIIRS",
        "confidence": "n",
        "version": "2.0NRT",
        "bright_ti5": 288.72,
        "frp": 2.7,
        "daynight": "N",
        "source_dataset": "VIIRS_SNPP_NRT",
        "acq_datetime_utc": "2026-09-22T01:45:00Z",
        "age_hours": 40.1,
        "confidence_label": "nominal",
        "popup_label": "<strong>NASA FIRMS<\/strong><br>Sensor: VIIRS_SNPP_NRT<br>Fecha UTC: 2026-09-22T01:45:00Z<br>Confianza: nominal<br>FRP: 2.7 MW"
      }
    },
    {
      "type": "Feature",
      "geometry": {
        "type": "Point",
        "coordinates": [-9.1615, 39.5003]
      },
      "properties": {
        "bright_ti4": 327.54,
        "scan": 0.49,
        "track": 0.65,
        "acq_date": "2026-09-22",
        "acq_time": "0145",
        "satellite": "N",
        "instrument": "VIIRS",
        "confidence": "n",
        "version": "2.0NRT",
        "bright_ti5": 289.97,
        "frp": 2.7,
        "daynight": "N",
        "source_dataset": "VIIRS_SNPP_NRT",
        "acq_datetime_utc": "2026-09-22T01:45:00Z",
        "age_hours": 40.1,
        "confidence_label": "nominal",
        "popup_label": "<strong>NASA FIRMS<\/strong><br>Sensor: VIIRS_SNPP_NRT<br>Fecha UTC: 2026-09-22T01:45:00Z<br>Confianza: nominal<br>FRP: 2.7 MW"
      }
    },
    {
      "type": "Feature",
      "geometry": {
        "type": "Point",
        "coordinates": [-9.1606, 39.5005]
      },
      "properties": {
        "bright_ti4": 334.24,
        "scan": 0.49,
        "track": 0.65,
        "acq_date": "2026-09-22",
        "acq_time": "0145",
        "satellite": "N",
        "instrument": "VIIRS",
        "confidence": "n",
        "version": "2.0NRT",
        "bright_ti5": 289.97,
        "frp": 4.47,
        "daynight": "N",
        "source_dataset": "VIIRS_SNPP_NRT",
        "acq_datetime_utc": "2026-09-22T01:45:00Z",
        "age_hours": 40.1,
        "confidence_label": "nominal",
        "popup_label": "<strong>NASA FIRMS<\/strong><br>Sensor: VIIRS_SNPP_NRT<br>Fecha UTC: 2026-09-22T01:45:00Z<br>Confianza: nominal<br>FRP: 4.47 MW"
      }
    },
    {
      "type": "Feature",
      "geometry": {
        "type": "Point",
        "coordinates": [-7.771, 39.8387]
      },
      "properties": {
        "bright_ti4": 321.44,
        "scan": 0.42,
        "track": 0.61,
        "acq_date": "2026-09-22",
        "acq_time": "0145",
        "satellite": "N",
        "instrument": "VIIRS",
        "confidence": "n",
        "version": "2.0NRT",
        "bright_ti5": 291.28,
        "frp": 2.16,
        "daynight": "N",
        "source_dataset": "VIIRS_SNPP_NRT",
        "acq_datetime_utc": "2026-09-22T01:45:00Z",
        "age_hours": 40.1,
        "confidence_label": "nominal",
        "popup_label": "<strong>NASA FIRMS<\/strong><br>Sensor: VIIRS_SNPP_NRT<br>Fecha UTC: 2026-09-22T01:45:00Z<br>Confianza: nominal<br>FRP: 2.16 MW"
      }
    },
    {
      "type": "Feature",
      "geometry": {
        "type": "Point",
        "coordinates": [-7.776, 39.8389]
      },
      "properties": {
        "bright_ti4": 306.57,
        "scan": 0.42,
        "track": 0.61,
        "acq_date": "2026-09-22",
        "acq_time": "0145",
        "satellite": "N",
        "instrument": "VIIRS",
        "confidence": "n",
        "version": "2.0NRT",
        "bright_ti5": 290.17,
        "frp": 1.84,
        "daynight": "N",
        "source_dataset": "VIIRS_SNPP_NRT",
        "acq_datetime_utc": "2026-09-22T01:45:00Z",
        "age_hours": 40.1,
        "confidence_label": "nominal",
        "popup_label": "<strong>NASA FIRMS<\/strong><br>Sensor: VIIRS_SNPP_NRT<br>Fecha UTC: 2026-09-22T01:45:00Z<br>Confianza: nominal<br>FRP: 1.84 MW"
      }
    },
    {
      "type": "Feature",
      "geometry": {
        "type": "Point",
        "coordinates": [-7.7706, 39.8398]
      },
      "properties": {
        "bright_ti4": 318.54,
        "scan": 0.42,
        "track": 0.61,
        "acq_date": "2026-09-22",
        "acq_time": "0145",
        "satellite": "N",
        "instrument": "VIIRS",
        "confidence": "n",
        "version": "2.0NRT",
        "bright_ti5": 291.27,
        "frp": 1.25,
        "daynight": "N",
        "source_dataset": "VIIRS_SNPP_NRT",
        "acq_datetime_utc": "2026-09-22T01:45:00Z",
        "age_hours": 40.1,
        "confidence_label": "nominal",
        "popup_label": "<strong>NASA FIRMS<\/strong><br>Sensor: VIIRS_SNPP_NRT<br>Fecha UTC: 2026-09-22T01:45:00Z<br>Confianza: nominal<br>FRP: 1.25 MW"
      }
    },
    {
      "type": "Feature",
      "geometry": {
        "type": "Point",
        "coordinates": [-7.7756, 39.84]
      },
      "properties": {
        "bright_ti4": 310.33,
        "scan": 0.42,
        "track": 0.61,
        "acq_date": "2026-09-22",
        "acq_time": "0145",
        "satellite": "N",
        "instrument": "VIIRS",
        "confidence": "n",
        "version": "2.0NRT",
        "bright_ti5": 290.28,
        "frp": 1.25,
        "daynight": "N",
        "source_dataset": "VIIRS_SNPP_NRT",
        "acq_datetime_utc": "2026-09-22T01:45:00Z",
        "age_hours": 40.1,
        "confidence_label": "nominal",
        "popup_label": "<strong>NASA FIRMS<\/strong><br>Sensor: VIIRS_SNPP_NRT<br>Fecha UTC: 2026-09-22T01:45:00Z<br>Confianza: nominal<br>FRP: 1.25 MW"
      }
    },
    {
      "type": "Feature",
      "geometry": {
        "type": "Point",
        "coordinates": [-7.6218, 39.8427]
      },
      "properties": {
        "bright_ti4": 316.98,
        "scan": 0.41,
        "track": 0.6,
        "acq_date": "2026-09-22",
        "acq_time": "0145",
        "satellite": "N",
        "instrument": "VIIRS",
        "confidence": "n",
        "version": "2.0NRT",
        "bright_ti5": 288.86,
        "frp": 1.02,
        "daynight": "N",
        "source_dataset": "VIIRS_SNPP_NRT",
        "acq_datetime_utc": "2026-09-22T01:45:00Z",
        "age_hours": 40.1,
        "confidence_label": "nominal",
        "popup_label": "<strong>NASA FIRMS<\/strong><br>Sensor: VIIRS_SNPP_NRT<br>Fecha UTC: 2026-09-22T01:45:00Z<br>Confianza: nominal<br>FRP: 1.02 MW"
      }
    },
    {
      "type": "Feature",
      "geometry": {
        "type": "Point",
        "coordinates": [-7.6212, 39.8446]
      },
      "properties": {
        "bright_ti4": 319.41,
        "scan": 0.41,
        "track": 0.61,
        "acq_date": "2026-09-22",
        "acq_time": "0145",
        "satellite": "N",
        "instrument": "VIIRS",
        "confidence": "n",
        "version": "2.0NRT",
        "bright_ti5": 289.68,
        "frp": 1.78,
        "daynight": "N",
        "source_dataset": "VIIRS_SNPP_NRT",
        "acq_datetime_utc": "2026-09-22T01:45:00Z",
        "age_hours": 40.1,
        "confidence_label": "nominal",
        "popup_label": "<strong>NASA FIRMS<\/strong><br>Sensor: VIIRS_SNPP_NRT<br>Fecha UTC: 2026-09-22T01:45:00Z<br>Confianza: nominal<br>FRP: 1.78 MW"
      }
    },
    {
      "type": "Feature",
      "geometry": {
        "type": "Point",
        "coordinates": [-3.4721, 40.2441]
      },
      "properties": {
        "bright_ti4": 313.43,
        "scan": 0.5,
        "track": 0.49,
        "acq_date": "2026-09-22",
        "acq_time": "0145",
        "satellite": "N",
        "instrument": "VIIRS",
        "confidence": "n",
        "version": "2.0NRT",
        "bright_ti5": 289.7,
        "frp": 2.12,
        "daynight": "N",
        "source_dataset": "VIIRS_SNPP_NRT",
        "acq_datetime_utc": "2026-09-22T01:45:00Z",
        "age_hours": 40.1,
        "confidence_label": "nominal",
        "popup_label": "<strong>NASA FIRMS<\/strong><br>Sensor: VIIRS_SNPP_NRT<br>Fecha UTC: 2026-09-22T01:45:00Z<br>Confianza: nominal<br>FRP: 2.12 MW"
      }
    },
    {
      "type": "Feature",
      "geometry": {
        "type": "Point",
        "coordinates": [-3.4781, 40.2446]
      },
      "properties": {
        "bright_ti4": 305.34,
        "scan": 0.5,
        "track": 0.49,
        "acq_date": "2026-09-22",
        "acq_time": "0145",
        "satellite": "N",
        "instrument": "VIIRS",
        "confidence": "n",
        "version": "2.0NRT",
        "bright_ti5": 288.93,
        "frp": 2.37,
        "daynight": "N",
        "source_dataset": "VIIRS_SNPP_NRT",
        "acq_datetime_utc": "2026-09-22T01:45:00Z",
        "age_hours": 40.1,
        "confidence_label": "nominal",
        "popup_label": "<strong>NASA FIRMS<\/strong><br>Sensor: VIIRS_SNPP_NRT<br>Fecha UTC: 2026-09-22T01:45:00Z<br>Confianza: nominal<br>FRP: 2.37 MW"
      }
    },
    {
      "type": "Feature",
      "geometry": {
        "type": "Point",
        "coordinates": [-8.4216, 40.2884]
      },
      "properties": {
        "bright_ti4": 300.98,
        "scan": 0.45,
        "track": 0.63,
        "acq_date": "2026-09-22",
        "acq_time": "0145",
        "satellite": "N",
        "instrument": "VIIRS",
        "confidence": "n",
        "version": "2.0NRT",
        "bright_ti5": 290.28,
        "frp": 0.94,
        "daynight": "N",
        "source_dataset": "VIIRS_SNPP_NRT",
        "acq_datetime_utc": "2026-09-22T01:45:00Z",
        "age_hours": 40.1,
        "confidence_label": "nominal",
        "popup_label": "<strong>NASA FIRMS<\/strong><br>Sensor: VIIRS_SNPP_NRT<br>Fecha UTC: 2026-09-22T01:45:00Z<br>Confianza: nominal<br>FRP: 0.94 MW"
      }
    },
    {
      "type": "Feature",
      "geometry": {
        "type": "Point",
        "coordinates": [-8.582, 41.2728]
      },
      "properties": {
        "bright_ti4": 306.4,
        "scan": 0.47,
        "track": 0.64,
        "acq_date": "2026-09-22",
        "acq_time": "0145",
        "satellite": "N",
        "instrument": "VIIRS",
        "confidence": "n",
        "version": "2.0NRT",
        "bright_ti5": 292.08,
        "frp": 1.23,
        "daynight": "N",
        "source_dataset": "VIIRS_SNPP_NRT",
        "acq_datetime_utc": "2026-09-22T01:45:00Z",
        "age_hours": 40.1,
        "confidence_label": "nominal",
        "popup_label": "<strong>NASA FIRMS<\/strong><br>Sensor: VIIRS_SNPP_NRT<br>Fecha UTC: 2026-09-22T01:45:00Z<br>Confianza: nominal<br>FRP: 1.23 MW"
      }
    },
    {
      "type": "Feature",
      "geometry": {
        "type": "Point",
        "coordinates": [1.6612, 41.3137]
      },
      "properties": {
        "bright_ti4": 299.62,
        "scan": 0.45,
        "track": 0.39,
        "acq_date": "2026-09-22",
        "acq_time": "0145",
        "satellite": "N",
        "instrument": "VIIRS",
        "confidence": "n",
        "version": "2.0NRT",
        "bright_ti5": 278.44,
        "frp": 0.87,
        "daynight": "N",
        "source_dataset": "VIIRS_SNPP_NRT",
        "acq_datetime_utc": "2026-09-22T01:45:00Z",
        "age_hours": 40.1,
        "confidence_label": "nominal",
        "popup_label": "<strong>NASA FIRMS<\/strong><br>Sensor: VIIRS_SNPP_NRT<br>Fecha UTC: 2026-09-22T01:45:00Z<br>Confianza: nominal<br>FRP: 0.87 MW"
      }
    },
    {
      "type": "Feature",
      "geometry": {
        "type": "Point",
        "coordinates": [-1.4854, 41.4753]
      },
      "properties": {
        "bright_ti4": 295.37,
        "scan": 0.41,
        "track": 0.45,
        "acq_date": "2026-09-22",
        "acq_time": "0145",
        "satellite": "N",
        "instrument": "VIIRS",
        "confidence": "n",
        "version": "2.0NRT",
        "bright_ti5": 283.67,
        "frp": 0.34,
        "daynight": "N",
        "source_dataset": "VIIRS_SNPP_NRT",
        "acq_datetime_utc": "2026-09-22T01:45:00Z",
        "age_hours": 40.1,
        "confidence_label": "nominal",
        "popup_label": "<strong>NASA FIRMS<\/strong><br>Sensor: VIIRS_SNPP_NRT<br>Fecha UTC: 2026-09-22T01:45:00Z<br>Confianza: nominal<br>FRP: 0.34 MW"
      }
    },
    {
      "type": "Feature",
      "geometry": {
        "type": "Point",
        "coordinates": [-8.0107, 41.6055]
      },
      "properties": {
        "bright_ti4": 354.68,
        "scan": 0.44,
        "track": 0.62,
        "acq_date": "2026-09-22",
        "acq_time": "0145",
        "satellite": "N",
        "instrument": "VIIRS",
        "confidence": "n",
        "version": "2.0NRT",
        "bright_ti5": 292.37,
        "frp": 3.96,
        "daynight": "N",
        "source_dataset": "VIIRS_SNPP_NRT",
        "acq_datetime_utc": "2026-09-22T01:45:00Z",
        "age_hours": 40.1,
        "confidence_label": "nominal",
        "popup_label": "<strong>NASA FIRMS<\/strong><br>Sensor: VIIRS_SNPP_NRT<br>Fecha UTC: 2026-09-22T01:45:00Z<br>Confianza: nominal<br>FRP: 3.96 MW"
      }
    },
    {
      "type": "Feature",
      "geometry": {
        "type": "Point",
        "coordinates": [-8.017, 41.6058]
      },
      "properties": {
        "bright_ti4": 301.23,
        "scan": 0.44,
        "track": 0.62,
        "acq_date": "2026-09-22",
        "acq_time": "0145",
        "satellite": "N",
        "instrument": "VIIRS",
        "confidence": "n",
        "version": "2.0NRT",
        "bright_ti5": 290.09,
        "frp": 3.96,
        "daynight": "N",
        "source_dataset": "VIIRS_SNPP_NRT",
        "acq_datetime_utc": "2026-09-22T01:45:00Z",
        "age_hours": 40.1,
        "confidence_label": "nominal",
        "popup_label": "<strong>NASA FIRMS<\/strong><br>Sensor: VIIRS_SNPP_NRT<br>Fecha UTC: 2026-09-22T01:45:00Z<br>Confianza: nominal<br>FRP: 3.96 MW"
      }
    },
    {
      "type": "Feature",
      "geometry": {
        "type": "Point",
        "coordinates": [-8.3444, 41.7368]
      },
      "properties": {
        "bright_ti4": 304.78,
        "scan": 0.46,
        "track": 0.64,
        "acq_date": "2026-09-22",
        "acq_time": "0145",
        "satellite": "N",
        "instrument": "VIIRS",
        "confidence": "n",
        "version": "2.0NRT",
        "bright_ti5": 292.8,
        "frp": 0.9,
        "daynight": "N",
        "source_dataset": "VIIRS_SNPP_NRT",
        "acq_datetime_utc": "2026-09-22T01:45:00Z",
        "age_hours": 40.1,
        "confidence_label": "nominal",
        "popup_label": "<strong>NASA FIRMS<\/strong><br>Sensor: VIIRS_SNPP_NRT<br>Fecha UTC: 2026-09-22T01:45:00Z<br>Confianza: nominal<br>FRP: 0.9 MW"
      }
    },
    {
      "type": "Feature",
      "geometry": {
        "type": "Point",
        "coordinates": [-6.7694, 42.5517]
      },
      "properties": {
        "bright_ti4": 307.43,
        "scan": 0.39,
        "track": 0.59,
        "acq_date": "2026-09-22",
        "acq_time": "0145",
        "satellite": "N",
        "instrument": "VIIRS",
        "confidence": "n",
        "version": "2.0NRT",
        "bright_ti5": 288.43,
        "frp": 0.65,
        "daynight": "N",
        "source_dataset": "VIIRS_SNPP_NRT",
        "acq_datetime_utc": "2026-09-22T01:45:00Z",
        "age_hours": 40.1,
        "confidence_label": "nominal",
        "popup_label": "<strong>NASA FIRMS<\/strong><br>Sensor: VIIRS_SNPP_NRT<br>Fecha UTC: 2026-09-22T01:45:00Z<br>Confianza: nominal<br>FRP: 0.65 MW"
      }
    },
    {
      "type": "Feature",
      "geometry": {
        "type": "Point",
        "coordinates": [1.5359, 42.5523]
      },
      "properties": {
        "bright_ti4": 329.36,
        "scan": 0.47,
        "track": 0.4,
        "acq_date": "2026-09-22",
        "acq_time": "0145",
        "satellite": "N",
        "instrument": "VIIRS",
        "confidence": "n",
        "version": "2.0NRT",
        "bright_ti5": 286.14,
        "frp": 5.13,
        "daynight": "N",
        "source_dataset": "VIIRS_SNPP_NRT",
        "acq_datetime_utc": "2026-09-22T01:45:00Z",
        "age_hours": 40.1,
        "confidence_label": "nominal",
        "popup_label": "<strong>NASA FIRMS<\/strong><br>Sensor: VIIRS_SNPP_NRT<br>Fecha UTC: 2026-09-22T01:45:00Z<br>Confianza: nominal<br>FRP: 5.13 MW"
      }
    },
    {
      "type": "Feature",
      "geometry": {
        "type": "Point",
        "coordinates": [1.77, 42.6948]
      },
      "properties": {
        "bright_ti4": 319.39,
        "scan": 0.46,
        "track": 0.39,
        "acq_date": "2026-09-22",
        "acq_time": "0145",
        "satellite": "N",
        "instrument": "VIIRS",
        "confidence": "n",
        "version": "2.0NRT",
        "bright_ti5": 275.7,
        "frp": 2.04,
        "daynight": "N",
        "source_dataset": "VIIRS_SNPP_NRT",
        "acq_datetime_utc": "2026-09-22T01:45:00Z",
        "age_hours": 40.1,
        "confidence_label": "nominal",
        "popup_label": "<strong>NASA FIRMS<\/strong><br>Sensor: VIIRS_SNPP_NRT<br>Fecha UTC: 2026-09-22T01:45:00Z<br>Confianza: nominal<br>FRP: 2.04 MW"
      }
    },
    {
      "type": "Feature",
      "geometry": {
        "type": "Point",
        "coordinates": [1.7717, 42.702]
      },
      "properties": {
        "bright_ti4": 295.12,
        "scan": 0.46,
        "track": 0.39,
        "acq_date": "2026-09-22",
        "acq_time": "0145",
        "satellite": "N",
        "instrument": "VIIRS",
        "confidence": "n",
        "version": "2.0NRT",
        "bright_ti5": 276.68,
        "frp": 0.42,
        "daynight": "N",
        "source_dataset": "VIIRS_SNPP_NRT",
        "acq_datetime_utc": "2026-09-22T01:45:00Z",
        "age_hours": 40.1,
        "confidence_label": "nominal",
        "popup_label": "<strong>NASA FIRMS<\/strong><br>Sensor: VIIRS_SNPP_NRT<br>Fecha UTC: 2026-09-22T01:45:00Z<br>Confianza: nominal<br>FRP: 0.42 MW"
      }
    },
    {
      "type": "Feature",
      "geometry": {
        "type": "Point",
        "coordinates": [-2.2211, 43.035]
      },
      "properties": {
        "bright_ti4": 295.73,
        "scan": 0.46,
        "track": 0.47,
        "acq_date": "2026-09-22",
        "acq_time": "0145",
        "satellite": "N",
        "instrument": "VIIRS",
        "confidence": "n",
        "version": "2.0NRT",
        "bright_ti5": 278.53,
        "frp": 0.46,
        "daynight": "N",
        "source_dataset": "VIIRS_SNPP_NRT",
        "acq_datetime_utc": "2026-09-22T01:45:00Z",
        "age_hours": 40.1,
        "confidence_label": "nominal",
        "popup_label": "<strong>NASA FIRMS<\/strong><br>Sensor: VIIRS_SNPP_NRT<br>Fecha UTC: 2026-09-22T01:45:00Z<br>Confianza: nominal<br>FRP: 0.46 MW"
      }
    },
    {
      "type": "Feature",
      "geometry": {
        "type": "Point",
        "coordinates": [-2.2203, 43.0394]
      },
      "properties": {
        "bright_ti4": 296.64,
        "scan": 0.46,
        "track": 0.47,
        "acq_date": "2026-09-22",
        "acq_time": "0145",
        "satellite": "N",
        "instrument": "VIIRS",
        "confidence": "n",
        "version": "2.0NRT",
        "bright_ti5": 279.26,
        "frp": 0.46,
        "daynight": "N",
        "source_dataset": "VIIRS_SNPP_NRT",
        "acq_datetime_utc": "2026-09-22T01:45:00Z",
        "age_hours": 40.1,
        "confidence_label": "nominal",
        "popup_label": "<strong>NASA FIRMS<\/strong><br>Sensor: VIIRS_SNPP_NRT<br>Fecha UTC: 2026-09-22T01:45:00Z<br>Confianza: nominal<br>FRP: 0.46 MW"
      }
    },
    {
      "type": "Feature",
      "geometry": {
        "type": "Point",
        "coordinates": [4.8802, 43.4354]
      },
      "properties": {
        "bright_ti4": 315.1,
        "scan": 0.39,
        "track": 0.36,
        "acq_date": "2026-09-22",
        "acq_time": "0145",
        "satellite": "N",
        "instrument": "VIIRS",
        "confidence": "n",
        "version": "2.0NRT",
        "bright_ti5": 289.22,
        "frp": 1.79,
        "daynight": "N",
        "source_dataset": "VIIRS_SNPP_NRT",
        "acq_datetime_utc": "2026-09-22T01:45:00Z",
        "age_hours": 40.1,
        "confidence_label": "nominal",
        "popup_label": "<strong>NASA FIRMS<\/strong><br>Sensor: VIIRS_SNPP_NRT<br>Fecha UTC: 2026-09-22T01:45:00Z<br>Confianza: nominal<br>FRP: 1.79 MW"
      }
    },
    {
      "type": "Feature",
      "geometry": {
        "type": "Point",
        "coordinates": [4.8824, 43.4366]
      },
      "properties": {
        "bright_ti4": 326.01,
        "scan": 0.39,
        "track": 0.36,
        "acq_date": "2026-09-22",
        "acq_time": "0145",
        "satellite": "N",
        "instrument": "VIIRS",
        "confidence": "n",
        "version": "2.0NRT",
        "bright_ti5": 290.19,
        "frp": 4,
        "daynight": "N",
        "source_dataset": "VIIRS_SNPP_NRT",
        "acq_datetime_utc": "2026-09-22T01:45:00Z",
        "age_hours": 40.1,
        "confidence_label": "nominal",
        "popup_label": "<strong>NASA FIRMS<\/strong><br>Sensor: VIIRS_SNPP_NRT<br>Fecha UTC: 2026-09-22T01:45:00Z<br>Confianza: nominal<br>FRP: 4 MW"
      }
    },
    {
      "type": "Feature",
      "geometry": {
        "type": "Point",
        "coordinates": [4.8776, 43.4373]
      },
      "properties": {
        "bright_ti4": 329.1,
        "scan": 0.39,
        "track": 0.36,
        "acq_date": "2026-09-22",
        "acq_time": "0145",
        "satellite": "N",
        "instrument": "VIIRS",
        "confidence": "n",
        "version": "2.0NRT",
        "bright_ti5": 290.93,
        "frp": 5.19,
        "daynight": "N",
        "source_dataset": "VIIRS_SNPP_NRT",
        "acq_datetime_utc": "2026-09-22T01:45:00Z",
        "age_hours": 40.1,
        "confidence_label": "nominal",
        "popup_label": "<strong>NASA FIRMS<\/strong><br>Sensor: VIIRS_SNPP_NRT<br>Fecha UTC: 2026-09-22T01:45:00Z<br>Confianza: nominal<br>FRP: 5.19 MW"
      }
    },
    {
      "type": "Feature",
      "geometry": {
        "type": "Point",
        "coordinates": [4.8996, 43.4445]
      },
      "properties": {
        "bright_ti4": 310.94,
        "scan": 0.39,
        "track": 0.36,
        "acq_date": "2026-09-22",
        "acq_time": "0145",
        "satellite": "N",
        "instrument": "VIIRS",
        "confidence": "n",
        "version": "2.0NRT",
        "bright_ti5": 291.13,
        "frp": 2.02,
        "daynight": "N",
        "source_dataset": "VIIRS_SNPP_NRT",
        "acq_datetime_utc": "2026-09-22T01:45:00Z",
        "age_hours": 40.1,
        "confidence_label": "nominal",
        "popup_label": "<strong>NASA FIRMS<\/strong><br>Sensor: VIIRS_SNPP_NRT<br>Fecha UTC: 2026-09-22T01:45:00Z<br>Confianza: nominal<br>FRP: 2.02 MW"
      }
    },
    {
      "type": "Feature",
      "geometry": {
        "type": "Point",
        "coordinates": [4.8957, 43.4485]
      },
      "properties": {
        "bright_ti4": 309.4,
        "scan": 0.39,
        "track": 0.36,
        "acq_date": "2026-09-22",
        "acq_time": "0145",
        "satellite": "N",
        "instrument": "VIIRS",
        "confidence": "n",
        "version": "2.0NRT",
        "bright_ti5": 290.72,
        "frp": 1.03,
        "daynight": "N",
        "source_dataset": "VIIRS_SNPP_NRT",
        "acq_datetime_utc": "2026-09-22T01:45:00Z",
        "age_hours": 40.1,
        "confidence_label": "nominal",
        "popup_label": "<strong>NASA FIRMS<\/strong><br>Sensor: VIIRS_SNPP_NRT<br>Fecha UTC: 2026-09-22T01:45:00Z<br>Confianza: nominal<br>FRP: 1.03 MW"
      }
    },
    {
      "type": "Feature",
      "geometry": {
        "type": "Point",
        "coordinates": [-5.733, 43.5226]
      },
      "properties": {
        "bright_ti4": 303.32,
        "scan": 0.35,
        "track": 0.57,
        "acq_date": "2026-09-22",
        "acq_time": "0145",
        "satellite": "N",
        "instrument": "VIIRS",
        "confidence": "n",
        "version": "2.0NRT",
        "bright_ti5": 287.84,
        "frp": 0.96,
        "daynight": "N",
        "source_dataset": "VIIRS_SNPP_NRT",
        "acq_datetime_utc": "2026-09-22T01:45:00Z",
        "age_hours": 40.1,
        "confidence_label": "nominal",
        "popup_label": "<strong>NASA FIRMS<\/strong><br>Sensor: VIIRS_SNPP_NRT<br>Fecha UTC: 2026-09-22T01:45:00Z<br>Confianza: nominal<br>FRP: 0.96 MW"
      }
    },
    {
      "type": "Feature",
      "geometry": {
        "type": "Point",
        "coordinates": [-5.7292, 43.5242]
      },
      "properties": {
        "bright_ti4": 301.6,
        "scan": 0.35,
        "track": 0.57,
        "acq_date": "2026-09-22",
        "acq_time": "0145",
        "satellite": "N",
        "instrument": "VIIRS",
        "confidence": "n",
        "version": "2.0NRT",
        "bright_ti5": 288.17,
        "frp": 0.77,
        "daynight": "N",
        "source_dataset": "VIIRS_SNPP_NRT",
        "acq_datetime_utc": "2026-09-22T01:45:00Z",
        "age_hours": 40.1,
        "confidence_label": "nominal",
        "popup_label": "<strong>NASA FIRMS<\/strong><br>Sensor: VIIRS_SNPP_NRT<br>Fecha UTC: 2026-09-22T01:45:00Z<br>Confianza: nominal<br>FRP: 0.77 MW"
      }
    },
    {
      "type": "Feature",
      "geometry": {
        "type": "Point",
        "coordinates": [-5.7336, 43.5245]
      },
      "properties": {
        "bright_ti4": 303.94,
        "scan": 0.35,
        "track": 0.57,
        "acq_date": "2026-09-22",
        "acq_time": "0145",
        "satellite": "N",
        "instrument": "VIIRS",
        "confidence": "n",
        "version": "2.0NRT",
        "bright_ti5": 288.97,
        "frp": 0.77,
        "daynight": "N",
        "source_dataset": "VIIRS_SNPP_NRT",
        "acq_datetime_utc": "2026-09-22T01:45:00Z",
        "age_hours": 40.1,
        "confidence_label": "nominal",
        "popup_label": "<strong>NASA FIRMS<\/strong><br>Sensor: VIIRS_SNPP_NRT<br>Fecha UTC: 2026-09-22T01:45:00Z<br>Confianza: nominal<br>FRP: 0.77 MW"
      }
    },
    {
      "type": "Feature",
      "geometry": {
        "type": "Point",
        "coordinates": [-5.7281, 43.5277]
      },
      "properties": {
        "bright_ti4": 302.85,
        "scan": 0.35,
        "track": 0.57,
        "acq_date": "2026-09-22",
        "acq_time": "0145",
        "satellite": "N",
        "instrument": "VIIRS",
        "confidence": "n",
        "version": "2.0NRT",
        "bright_ti5": 288.6,
        "frp": 0.73,
        "daynight": "N",
        "source_dataset": "VIIRS_SNPP_NRT",
        "acq_datetime_utc": "2026-09-22T01:45:00Z",
        "age_hours": 40.1,
        "confidence_label": "nominal",
        "popup_label": "<strong>NASA FIRMS<\/strong><br>Sensor: VIIRS_SNPP_NRT<br>Fecha UTC: 2026-09-22T01:45:00Z<br>Confianza: nominal<br>FRP: 0.73 MW"
      }
    },
    {
      "type": "Feature",
      "geometry": {
        "type": "Point",
        "coordinates": [-5.7324, 43.5279]
      },
      "properties": {
        "bright_ti4": 304.95,
        "scan": 0.35,
        "track": 0.57,
        "acq_date": "2026-09-22",
        "acq_time": "0145",
        "satellite": "N",
        "instrument": "VIIRS",
        "confidence": "n",
        "version": "2.0NRT",
        "bright_ti5": 288.73,
        "frp": 1.25,
        "daynight": "N",
        "source_dataset": "VIIRS_SNPP_NRT",
        "acq_datetime_utc": "2026-09-22T01:45:00Z",
        "age_hours": 40.1,
        "confidence_label": "nominal",
        "popup_label": "<strong>NASA FIRMS<\/strong><br>Sensor: VIIRS_SNPP_NRT<br>Fecha UTC: 2026-09-22T01:45:00Z<br>Confianza: nominal<br>FRP: 1.25 MW"
      }
    },
    {
      "type": "Feature",
      "geometry": {
        "type": "Point",
        "coordinates": [-5.8293, 43.538]
      },
      "properties": {
        "bright_ti4": 302.78,
        "scan": 0.35,
        "track": 0.57,
        "acq_date": "2026-09-22",
        "acq_time": "0145",
        "satellite": "N",
        "instrument": "VIIRS",
        "confidence": "n",
        "version": "2.0NRT",
        "bright_ti5": 287.99,
        "frp": 1.8,
        "daynight": "N",
        "source_dataset": "VIIRS_SNPP_NRT",
        "acq_datetime_utc": "2026-09-22T01:45:00Z",
        "age_hours": 40.1,
        "confidence_label": "nominal",
        "popup_label": "<strong>NASA FIRMS<\/strong><br>Sensor: VIIRS_SNPP_NRT<br>Fecha UTC: 2026-09-22T01:45:00Z<br>Confianza: nominal<br>FRP: 1.8 MW"
      }
    },
    {
      "type": "Feature",
      "geometry": {
        "type": "Point",
        "coordinates": [-5.8339, 43.5382]
      },
      "properties": {
        "bright_ti4": 336.84,
        "scan": 0.35,
        "track": 0.57,
        "acq_date": "2026-09-22",
        "acq_time": "0145",
        "satellite": "N",
        "instrument": "VIIRS",
        "confidence": "n",
        "version": "2.0NRT",
        "bright_ti5": 289.52,
        "frp": 1.8,
        "daynight": "N",
        "source_dataset": "VIIRS_SNPP_NRT",
        "acq_datetime_utc": "2026-09-22T01:45:00Z",
        "age_hours": 40.1,
        "confidence_label": "nominal",
        "popup_label": "<strong>NASA FIRMS<\/strong><br>Sensor: VIIRS_SNPP_NRT<br>Fecha UTC: 2026-09-22T01:45:00Z<br>Confianza: nominal<br>FRP: 1.8 MW"
      }
    },
    {
      "type": "Feature",
      "geometry": {
        "type": "Point",
        "coordinates": [-9.4435, 30.0674]
      },
      "properties": {
        "bright_ti4": 354.12,
        "scan": 0.71,
        "track": 0.75,
        "acq_date": "2026-09-23",
        "acq_time": "1448",
        "satellite": "N20",
        "instrument": "VIIRS",
        "confidence": "n",
        "version": "2.0NRT",
        "bright_ti5": 308.33,
        "frp": 11.15,
        "daynight": "D",
        "source_dataset": "VIIRS_NOAA20_NRT",
        "acq_datetime_utc": "2026-09-23T14:48:00Z",
        "age_hours": 3.1,
        "confidence_label": "nominal",
        "popup_label": "<strong>NASA FIRMS<\/strong><br>Sensor: VIIRS_NOAA20_NRT<br>Fecha UTC: 2026-09-23T14:48:00Z<br>Confianza: nominal<br>FRP: 11.15 MW"
      }
    },
    {
      "type": "Feature",
      "geometry": {
        "type": "Point",
        "coordinates": [-9.4458, 30.0681]
      },
      "properties": {
        "bright_ti4": 352.48,
        "scan": 0.7,
        "track": 0.75,
        "acq_date": "2026-09-23",
        "acq_time": "1448",
        "satellite": "N20",
        "instrument": "VIIRS",
        "confidence": "n",
        "version": "2.0NRT",
        "bright_ti5": 308.6,
        "frp": 7.19,
        "daynight": "D",
        "source_dataset": "VIIRS_NOAA20_NRT",
        "acq_datetime_utc": "2026-09-23T14:48:00Z",
        "age_hours": 3.1,
        "confidence_label": "nominal",
        "popup_label": "<strong>NASA FIRMS<\/strong><br>Sensor: VIIRS_NOAA20_NRT<br>Fecha UTC: 2026-09-23T14:48:00Z<br>Confianza: nominal<br>FRP: 7.19 MW"
      }
    },
    {
      "type": "Feature",
      "geometry": {
        "type": "Point",
        "coordinates": [-6.105, 36.839]
      },
      "properties": {
        "bright_ti4": 341.32,
        "scan": 0.51,
        "track": 0.41,
        "acq_date": "2026-09-23",
        "acq_time": "1310",
        "satellite": "N20",
        "instrument": "VIIRS",
        "confidence": "l",
        "version": "2.0NRT",
        "bright_ti5": 313.92,
        "frp": 11.11,
        "daynight": "D",
        "source_dataset": "VIIRS_NOAA20_NRT",
        "acq_datetime_utc": "2026-09-23T13:10:00Z",
        "age_hours": 4.7,
        "confidence_label": "baja",
        "popup_label": "<strong>NASA FIRMS<\/strong><br>Sensor: VIIRS_NOAA20_NRT<br>Fecha UTC: 2026-09-23T13:10:00Z<br>Confianza: baja<br>FRP: 11.11 MW"
      }
    },
    {
      "type": "Feature",
      "geometry": {
        "type": "Point",
        "coordinates": [-7.7057, 37.4033]
      },
      "properties": {
        "bright_ti4": 340.19,
        "scan": 0.39,
        "track": 0.44,
        "acq_date": "2026-09-23",
        "acq_time": "1310",
        "satellite": "N20",
        "instrument": "VIIRS",
        "confidence": "l",
        "version": "2.0NRT",
        "bright_ti5": 313.07,
        "frp": 3.84,
        "daynight": "D",
        "source_dataset": "VIIRS_NOAA20_NRT",
        "acq_datetime_utc": "2026-09-23T13:10:00Z",
        "age_hours": 4.7,
        "confidence_label": "baja",
        "popup_label": "<strong>NASA FIRMS<\/strong><br>Sensor: VIIRS_NOAA20_NRT<br>Fecha UTC: 2026-09-23T13:10:00Z<br>Confianza: baja<br>FRP: 3.84 MW"
      }
    },
    {
      "type": "Feature",
      "geometry": {
        "type": "Point",
        "coordinates": [-5.6521, 37.4508]
      },
      "properties": {
        "bright_ti4": 342.54,
        "scan": 0.48,
        "track": 0.4,
        "acq_date": "2026-09-23",
        "acq_time": "1310",
        "satellite": "N20",
        "instrument": "VIIRS",
        "confidence": "n",
        "version": "2.0NRT",
        "bright_ti5": 316.53,
        "frp": 5.73,
        "daynight": "D",
        "source_dataset": "VIIRS_NOAA20_NRT",
        "acq_datetime_utc": "2026-09-23T13:10:00Z",
        "age_hours": 4.7,
        "confidence_label": "nominal",
        "popup_label": "<strong>NASA FIRMS<\/strong><br>Sensor: VIIRS_NOAA20_NRT<br>Fecha UTC: 2026-09-23T13:10:00Z<br>Confianza: nominal<br>FRP: 5.73 MW"
      }
    },
    {
      "type": "Feature",
      "geometry": {
        "type": "Point",
        "coordinates": [-6.2969, 38.4406]
      },
      "properties": {
        "bright_ti4": 350.13,
        "scan": 0.49,
        "track": 0.4,
        "acq_date": "2026-09-23",
        "acq_time": "1310",
        "satellite": "N20",
        "instrument": "VIIRS",
        "confidence": "n",
        "version": "2.0NRT",
        "bright_ti5": 315.32,
        "frp": 7.41,
        "daynight": "D",
        "source_dataset": "VIIRS_NOAA20_NRT",
        "acq_datetime_utc": "2026-09-23T13:10:00Z",
        "age_hours": 4.7,
        "confidence_label": "nominal",
        "popup_label": "<strong>NASA FIRMS<\/strong><br>Sensor: VIIRS_NOAA20_NRT<br>Fecha UTC: 2026-09-23T13:10:00Z<br>Confianza: nominal<br>FRP: 7.41 MW"
      }
    },
    {
      "type": "Feature",
      "geometry": {
        "type": "Point",
        "coordinates": [-5.795, 38.9481]
      },
      "properties": {
        "bright_ti4": 348.24,
        "scan": 0.46,
        "track": 0.39,
        "acq_date": "2026-09-23",
        "acq_time": "1310",
        "satellite": "N20",
        "instrument": "VIIRS",
        "confidence": "l",
        "version": "2.0NRT",
        "bright_ti5": 319.45,
        "frp": 10.17,
        "daynight": "D",
        "source_dataset": "VIIRS_NOAA20_NRT",
        "acq_datetime_utc": "2026-09-23T13:10:00Z",
        "age_hours": 4.7,
        "confidence_label": "baja",
        "popup_label": "<strong>NASA FIRMS<\/strong><br>Sensor: VIIRS_NOAA20_NRT<br>Fecha UTC: 2026-09-23T13:10:00Z<br>Confianza: baja<br>FRP: 10.17 MW"
      }
    },
    {
      "type": "Feature",
      "geometry": {
        "type": "Point",
        "coordinates": [-4.4523, 40.052]
      },
      "properties": {
        "bright_ti4": 351.55,
        "scan": 0.41,
        "track": 0.37,
        "acq_date": "2026-09-23",
        "acq_time": "1310",
        "satellite": "N20",
        "instrument": "VIIRS",
        "confidence": "n",
        "version": "2.0NRT",
        "bright_ti5": 318.7,
        "frp": 24.91,
        "daynight": "D",
        "source_dataset": "VIIRS_NOAA20_NRT",
        "acq_datetime_utc": "2026-09-23T13:10:00Z",
        "age_hours": 4.7,
        "confidence_label": "nominal",
        "popup_label": "<strong>NASA FIRMS<\/strong><br>Sensor: VIIRS_NOAA20_NRT<br>Fecha UTC: 2026-09-23T13:10:00Z<br>Confianza: nominal<br>FRP: 24.91 MW"
      }
    },
    {
      "type": "Feature",
      "geometry": {
        "type": "Point",
        "coordinates": [-4.4533, 40.0554]
      },
      "properties": {
        "bright_ti4": 340.58,
        "scan": 0.41,
        "track": 0.37,
        "acq_date": "2026-09-23",
        "acq_time": "1310",
        "satellite": "N20",
        "instrument": "VIIRS",
        "confidence": "l",
        "version": "2.0NRT",
        "bright_ti5": 313.34,
        "frp": 3.89,
        "daynight": "D",
        "source_dataset": "VIIRS_NOAA20_NRT",
        "acq_datetime_utc": "2026-09-23T13:10:00Z",
        "age_hours": 4.7,
        "confidence_label": "baja",
        "popup_label": "<strong>NASA FIRMS<\/strong><br>Sensor: VIIRS_NOAA20_NRT<br>Fecha UTC: 2026-09-23T13:10:00Z<br>Confianza: baja<br>FRP: 3.89 MW"
      }
    },
    {
      "type": "Feature",
      "geometry": {
        "type": "Point",
        "coordinates": [-3.6835, 40.4752]
      },
      "properties": {
        "bright_ti4": 336.41,
        "scan": 0.39,
        "track": 0.36,
        "acq_date": "2026-09-23",
        "acq_time": "1310",
        "satellite": "N20",
        "instrument": "VIIRS",
        "confidence": "l",
        "version": "2.0NRT",
        "bright_ti5": 308.84,
        "frp": 1.33,
        "daynight": "D",
        "source_dataset": "VIIRS_NOAA20_NRT",
        "acq_datetime_utc": "2026-09-23T13:10:00Z",
        "age_hours": 4.7,
        "confidence_label": "baja",
        "popup_label": "<strong>NASA FIRMS<\/strong><br>Sensor: VIIRS_NOAA20_NRT<br>Fecha UTC: 2026-09-23T13:10:00Z<br>Confianza: baja<br>FRP: 1.33 MW"
      }
    },
    {
      "type": "Feature",
      "geometry": {
        "type": "Point",
        "coordinates": [-3.5825, 40.5258]
      },
      "properties": {
        "bright_ti4": 339.32,
        "scan": 0.39,
        "track": 0.36,
        "acq_date": "2026-09-23",
        "acq_time": "1310",
        "satellite": "N20",
        "instrument": "VIIRS",
        "confidence": "l",
        "version": "2.0NRT",
        "bright_ti5": 311.49,
        "frp": 2.02,
        "daynight": "D",
        "source_dataset": "VIIRS_NOAA20_NRT",
        "acq_datetime_utc": "2026-09-23T13:10:00Z",
        "age_hours": 4.7,
        "confidence_label": "baja",
        "popup_label": "<strong>NASA FIRMS<\/strong><br>Sensor: VIIRS_NOAA20_NRT<br>Fecha UTC: 2026-09-23T13:10:00Z<br>Confianza: baja<br>FRP: 2.02 MW"
      }
    },
    {
      "type": "Feature",
      "geometry": {
        "type": "Point",
        "coordinates": [0.6541, 40.7244]
      },
      "properties": {
        "bright_ti4": 331.83,
        "scan": 0.43,
        "track": 0.38,
        "acq_date": "2026-09-23",
        "acq_time": "1310",
        "satellite": "N20",
        "instrument": "VIIRS",
        "confidence": "n",
        "version": "2.0NRT",
        "bright_ti5": 301.97,
        "frp": 3.81,
        "daynight": "D",
        "source_dataset": "VIIRS_NOAA20_NRT",
        "acq_datetime_utc": "2026-09-23T13:10:00Z",
        "age_hours": 4.7,
        "confidence_label": "nominal",
        "popup_label": "<strong>NASA FIRMS<\/strong><br>Sensor: VIIRS_NOAA20_NRT<br>Fecha UTC: 2026-09-23T13:10:00Z<br>Confianza: nominal<br>FRP: 3.81 MW"
      }
    },
    {
      "type": "Feature",
      "geometry": {
        "type": "Point",
        "coordinates": [0.6591, 40.7251]
      },
      "properties": {
        "bright_ti4": 343.91,
        "scan": 0.43,
        "track": 0.38,
        "acq_date": "2026-09-23",
        "acq_time": "1310",
        "satellite": "N20",
        "instrument": "VIIRS",
        "confidence": "n",
        "version": "2.0NRT",
        "bright_ti5": 302.96,
        "frp": 3.81,
        "daynight": "D",
        "source_dataset": "VIIRS_NOAA20_NRT",
        "acq_datetime_utc": "2026-09-23T13:10:00Z",
        "age_hours": 4.7,
        "confidence_label": "nominal",
        "popup_label": "<strong>NASA FIRMS<\/strong><br>Sensor: VIIRS_NOAA20_NRT<br>Fecha UTC: 2026-09-23T13:10:00Z<br>Confianza: nominal<br>FRP: 3.81 MW"
      }
    },
    {
      "type": "Feature",
      "geometry": {
        "type": "Point",
        "coordinates": [0.6534, 40.7279]
      },
      "properties": {
        "bright_ti4": 331.44,
        "scan": 0.43,
        "track": 0.38,
        "acq_date": "2026-09-23",
        "acq_time": "1310",
        "satellite": "N20",
        "instrument": "VIIRS",
        "confidence": "n",
        "version": "2.0NRT",
        "bright_ti5": 301.32,
        "frp": 10.08,
        "daynight": "D",
        "source_dataset": "VIIRS_NOAA20_NRT",
        "acq_datetime_utc": "2026-09-23T13:10:00Z",
        "age_hours": 4.7,
        "confidence_label": "nominal",
        "popup_label": "<strong>NASA FIRMS<\/strong><br>Sensor: VIIRS_NOAA20_NRT<br>Fecha UTC: 2026-09-23T13:10:00Z<br>Confianza: nominal<br>FRP: 10.08 MW"
      }
    },
    {
      "type": "Feature",
      "geometry": {
        "type": "Point",
        "coordinates": [0.6584, 40.7285]
      },
      "properties": {
        "bright_ti4": 347.75,
        "scan": 0.43,
        "track": 0.38,
        "acq_date": "2026-09-23",
        "acq_time": "1310",
        "satellite": "N20",
        "instrument": "VIIRS",
        "confidence": "n",
        "version": "2.0NRT",
        "bright_ti5": 305.85,
        "frp": 10.08,
        "daynight": "D",
        "source_dataset": "VIIRS_NOAA20_NRT",
        "acq_datetime_utc": "2026-09-23T13:10:00Z",
        "age_hours": 4.7,
        "confidence_label": "nominal",
        "popup_label": "<strong>NASA FIRMS<\/strong><br>Sensor: VIIRS_NOAA20_NRT<br>Fecha UTC: 2026-09-23T13:10:00Z<br>Confianza: nominal<br>FRP: 10.08 MW"
      }
    },
    {
      "type": "Feature",
      "geometry": {
        "type": "Point",
        "coordinates": [-8.1391, 41.0913]
      },
      "properties": {
        "bright_ti4": 342.32,
        "scan": 0.52,
        "track": 0.42,
        "acq_date": "2026-09-23",
        "acq_time": "1310",
        "satellite": "N20",
        "instrument": "VIIRS",
        "confidence": "l",
        "version": "2.0NRT",
        "bright_ti5": 313.6,
        "frp": 11.8,
        "daynight": "D",
        "source_dataset": "VIIRS_NOAA20_NRT",
        "acq_datetime_utc": "2026-09-23T13:10:00Z",
        "age_hours": 4.7,
        "confidence_label": "baja",
        "popup_label": "<strong>NASA FIRMS<\/strong><br>Sensor: VIIRS_NOAA20_NRT<br>Fecha UTC: 2026-09-23T13:10:00Z<br>Confianza: baja<br>FRP: 11.8 MW"
      }
    },
    {
      "type": "Feature",
      "geometry": {
        "type": "Point",
        "coordinates": [-8.1378, 41.0925]
      },
      "properties": {
        "bright_ti4": 341.28,
        "scan": 0.52,
        "track": 0.42,
        "acq_date": "2026-09-23",
        "acq_time": "1310",
        "satellite": "N20",
        "instrument": "VIIRS",
        "confidence": "l",
        "version": "2.0NRT",
        "bright_ti5": 313.96,
        "frp": 10.48,
        "daynight": "D",
        "source_dataset": "VIIRS_NOAA20_NRT",
        "acq_datetime_utc": "2026-09-23T13:10:00Z",
        "age_hours": 4.7,
        "confidence_label": "baja",
        "popup_label": "<strong>NASA FIRMS<\/strong><br>Sensor: VIIRS_NOAA20_NRT<br>Fecha UTC: 2026-09-23T13:10:00Z<br>Confianza: baja<br>FRP: 10.48 MW"
      }
    },
    {
      "type": "Feature",
      "geometry": {
        "type": "Point",
        "coordinates": [-8.1396, 41.0952]
      },
      "properties": {
        "bright_ti4": 344.81,
        "scan": 0.52,
        "track": 0.42,
        "acq_date": "2026-09-23",
        "acq_time": "1310",
        "satellite": "N20",
        "instrument": "VIIRS",
        "confidence": "n",
        "version": "2.0NRT",
        "bright_ti5": 313.13,
        "frp": 19.96,
        "daynight": "D",
        "source_dataset": "VIIRS_NOAA20_NRT",
        "acq_datetime_utc": "2026-09-23T13:10:00Z",
        "age_hours": 4.7,
        "confidence_label": "nominal",
        "popup_label": "<strong>NASA FIRMS<\/strong><br>Sensor: VIIRS_NOAA20_NRT<br>Fecha UTC: 2026-09-23T13:10:00Z<br>Confianza: nominal<br>FRP: 19.96 MW"
      }
    },
    {
      "type": "Feature",
      "geometry": {
        "type": "Point",
        "coordinates": [-8.1383, 41.0963]
      },
      "properties": {
        "bright_ti4": 342.42,
        "scan": 0.52,
        "track": 0.42,
        "acq_date": "2026-09-23",
        "acq_time": "1310",
        "satellite": "N20",
        "instrument": "VIIRS",
        "confidence": "l",
        "version": "2.0NRT",
        "bright_ti5": 312.47,
        "frp": 16.48,
        "daynight": "D",
        "source_dataset": "VIIRS_NOAA20_NRT",
        "acq_datetime_utc": "2026-09-23T13:10:00Z",
        "age_hours": 4.7,
        "confidence_label": "baja",
        "popup_label": "<strong>NASA FIRMS<\/strong><br>Sensor: VIIRS_NOAA20_NRT<br>Fecha UTC: 2026-09-23T13:10:00Z<br>Confianza: baja<br>FRP: 16.48 MW"
      }
    },
    {
      "type": "Feature",
      "geometry": {
        "type": "Point",
        "coordinates": [-4.5976, 41.4864]
      },
      "properties": {
        "bright_ti4": 337.72,
        "scan": 0.4,
        "track": 0.37,
        "acq_date": "2026-09-23",
        "acq_time": "1310",
        "satellite": "N20",
        "instrument": "VIIRS",
        "confidence": "l",
        "version": "2.0NRT",
        "bright_ti5": 311.07,
        "frp": 3.18,
        "daynight": "D",
        "source_dataset": "VIIRS_NOAA20_NRT",
        "acq_datetime_utc": "2026-09-23T13:10:00Z",
        "age_hours": 4.7,
        "confidence_label": "baja",
        "popup_label": "<strong>NASA FIRMS<\/strong><br>Sensor: VIIRS_NOAA20_NRT<br>Fecha UTC: 2026-09-23T13:10:00Z<br>Confianza: baja<br>FRP: 3.18 MW"
      }
    },
    {
      "type": "Feature",
      "geometry": {
        "type": "Point",
        "coordinates": [-4.5929, 41.4872]
      },
      "properties": {
        "bright_ti4": 356.39,
        "scan": 0.4,
        "track": 0.37,
        "acq_date": "2026-09-23",
        "acq_time": "1310",
        "satellite": "N20",
        "instrument": "VIIRS",
        "confidence": "l",
        "version": "2.0NRT",
        "bright_ti5": 309.63,
        "frp": 3.18,
        "daynight": "D",
        "source_dataset": "VIIRS_NOAA20_NRT",
        "acq_datetime_utc": "2026-09-23T13:10:00Z",
        "age_hours": 4.7,
        "confidence_label": "baja",
        "popup_label": "<strong>NASA FIRMS<\/strong><br>Sensor: VIIRS_NOAA20_NRT<br>Fecha UTC: 2026-09-23T13:10:00Z<br>Confianza: baja<br>FRP: 3.18 MW"
      }
    },
    {
      "type": "Feature",
      "geometry": {
        "type": "Point",
        "coordinates": [-5.0374, 41.5059]
      },
      "properties": {
        "bright_ti4": 338.33,
        "scan": 0.41,
        "track": 0.37,
        "acq_date": "2026-09-23",
        "acq_time": "1310",
        "satellite": "N20",
        "instrument": "VIIRS",
        "confidence": "l",
        "version": "2.0NRT",
        "bright_ti5": 312.54,
        "frp": 4.23,
        "daynight": "D",
        "source_dataset": "VIIRS_NOAA20_NRT",
        "acq_datetime_utc": "2026-09-23T13:10:00Z",
        "age_hours": 4.7,
        "confidence_label": "baja",
        "popup_label": "<strong>NASA FIRMS<\/strong><br>Sensor: VIIRS_NOAA20_NRT<br>Fecha UTC: 2026-09-23T13:10:00Z<br>Confianza: baja<br>FRP: 4.23 MW"
      }
    },
    {
      "type": "Feature",
      "geometry": {
        "type": "Point",
        "coordinates": [-5.023, 41.5085]
      },
      "properties": {
        "bright_ti4": 339.54,
        "scan": 0.41,
        "track": 0.37,
        "acq_date": "2026-09-23",
        "acq_time": "1310",
        "satellite": "N20",
        "instrument": "VIIRS",
        "confidence": "l",
        "version": "2.0NRT",
        "bright_ti5": 310.86,
        "frp": 4.71,
        "daynight": "D",
        "source_dataset": "VIIRS_NOAA20_NRT",
        "acq_datetime_utc": "2026-09-23T13:10:00Z",
        "age_hours": 4.7,
        "confidence_label": "baja",
        "popup_label": "<strong>NASA FIRMS<\/strong><br>Sensor: VIIRS_NOAA20_NRT<br>Fecha UTC: 2026-09-23T13:10:00Z<br>Confianza: baja<br>FRP: 4.71 MW"
      }
    },
    {
      "type": "Feature",
      "geometry": {
        "type": "Point",
        "coordinates": [-5.2598, 41.9033]
      },
      "properties": {
        "bright_ti4": 337.13,
        "scan": 0.41,
        "track": 0.37,
        "acq_date": "2026-09-23",
        "acq_time": "1310",
        "satellite": "N20",
        "instrument": "VIIRS",
        "confidence": "l",
        "version": "2.0NRT",
        "bright_ti5": 310.24,
        "frp": 5.89,
        "daynight": "D",
        "source_dataset": "VIIRS_NOAA20_NRT",
        "acq_datetime_utc": "2026-09-23T13:10:00Z",
        "age_hours": 4.7,
        "confidence_label": "baja",
        "popup_label": "<strong>NASA FIRMS<\/strong><br>Sensor: VIIRS_NOAA20_NRT<br>Fecha UTC: 2026-09-23T13:10:00Z<br>Confianza: baja<br>FRP: 5.89 MW"
      }
    },
    {
      "type": "Feature",
      "geometry": {
        "type": "Point",
        "coordinates": [-6.0352, 42.5678]
      },
      "properties": {
        "bright_ti4": 337.75,
        "scan": 0.42,
        "track": 0.38,
        "acq_date": "2026-09-23",
        "acq_time": "1310",
        "satellite": "N20",
        "instrument": "VIIRS",
        "confidence": "l",
        "version": "2.0NRT",
        "bright_ti5": 308.66,
        "frp": 2.38,
        "daynight": "D",
        "source_dataset": "VIIRS_NOAA20_NRT",
        "acq_datetime_utc": "2026-09-23T13:10:00Z",
        "age_hours": 4.7,
        "confidence_label": "baja",
        "popup_label": "<strong>NASA FIRMS<\/strong><br>Sensor: VIIRS_NOAA20_NRT<br>Fecha UTC: 2026-09-23T13:10:00Z<br>Confianza: baja<br>FRP: 2.38 MW"
      }
    },
    {
      "type": "Feature",
      "geometry": {
        "type": "Point",
        "coordinates": [-6.0413, 42.5703]
      },
      "properties": {
        "bright_ti4": 342.25,
        "scan": 0.42,
        "track": 0.38,
        "acq_date": "2026-09-23",
        "acq_time": "1310",
        "satellite": "N20",
        "instrument": "VIIRS",
        "confidence": "n",
        "version": "2.0NRT",
        "bright_ti5": 307.95,
        "frp": 2.38,
        "daynight": "D",
        "source_dataset": "VIIRS_NOAA20_NRT",
        "acq_datetime_utc": "2026-09-23T13:10:00Z",
        "age_hours": 4.7,
        "confidence_label": "nominal",
        "popup_label": "<strong>NASA FIRMS<\/strong><br>Sensor: VIIRS_NOAA20_NRT<br>Fecha UTC: 2026-09-23T13:10:00Z<br>Confianza: nominal<br>FRP: 2.38 MW"
      }
    },
    {
      "type": "Feature",
      "geometry": {
        "type": "Point",
        "coordinates": [-6.0364, 42.5712]
      },
      "properties": {
        "bright_ti4": 346.94,
        "scan": 0.42,
        "track": 0.38,
        "acq_date": "2026-09-23",
        "acq_time": "1310",
        "satellite": "N20",
        "instrument": "VIIRS",
        "confidence": "n",
        "version": "2.0NRT",
        "bright_ti5": 309.52,
        "frp": 2.38,
        "daynight": "D",
        "source_dataset": "VIIRS_NOAA20_NRT",
        "acq_datetime_utc": "2026-09-23T13:10:00Z",
        "age_hours": 4.7,
        "confidence_label": "nominal",
        "popup_label": "<strong>NASA FIRMS<\/strong><br>Sensor: VIIRS_NOAA20_NRT<br>Fecha UTC: 2026-09-23T13:10:00Z<br>Confianza: nominal<br>FRP: 2.38 MW"
      }
    },
    {
      "type": "Feature",
      "geometry": {
        "type": "Point",
        "coordinates": [-6.0474, 42.5728]
      },
      "properties": {
        "bright_ti4": 339.11,
        "scan": 0.42,
        "track": 0.38,
        "acq_date": "2026-09-23",
        "acq_time": "1310",
        "satellite": "N20",
        "instrument": "VIIRS",
        "confidence": "n",
        "version": "2.0NRT",
        "bright_ti5": 308.13,
        "frp": 3.56,
        "daynight": "D",
        "source_dataset": "VIIRS_NOAA20_NRT",
        "acq_datetime_utc": "2026-09-23T13:10:00Z",
        "age_hours": 4.7,
        "confidence_label": "nominal",
        "popup_label": "<strong>NASA FIRMS<\/strong><br>Sensor: VIIRS_NOAA20_NRT<br>Fecha UTC: 2026-09-23T13:10:00Z<br>Confianza: nominal<br>FRP: 3.56 MW"
      }
    },
    {
      "type": "Feature",
      "geometry": {
        "type": "Point",
        "coordinates": [-6.043, 42.5915]
      },
      "properties": {
        "bright_ti4": 336.6,
        "scan": 0.42,
        "track": 0.38,
        "acq_date": "2026-09-23",
        "acq_time": "1310",
        "satellite": "N20",
        "instrument": "VIIRS",
        "confidence": "l",
        "version": "2.0NRT",
        "bright_ti5": 308.93,
        "frp": 2.93,
        "daynight": "D",
        "source_dataset": "VIIRS_NOAA20_NRT",
        "acq_datetime_utc": "2026-09-23T13:10:00Z",
        "age_hours": 4.7,
        "confidence_label": "baja",
        "popup_label": "<strong>NASA FIRMS<\/strong><br>Sensor: VIIRS_NOAA20_NRT<br>Fecha UTC: 2026-09-23T13:10:00Z<br>Confianza: baja<br>FRP: 2.93 MW"
      }
    },
    {
      "type": "Feature",
      "geometry": {
        "type": "Point",
        "coordinates": [1.926, 42.6425]
      },
      "properties": {
        "bright_ti4": 343.45,
        "scan": 0.49,
        "track": 0.4,
        "acq_date": "2026-09-23",
        "acq_time": "1310",
        "satellite": "N20",
        "instrument": "VIIRS",
        "confidence": "n",
        "version": "2.0NRT",
        "bright_ti5": 318.09,
        "frp": 11.6,
        "daynight": "D",
        "source_dataset": "VIIRS_NOAA20_NRT",
        "acq_datetime_utc": "2026-09-23T13:10:00Z",
        "age_hours": 4.7,
        "confidence_label": "nominal",
        "popup_label": "<strong>NASA FIRMS<\/strong><br>Sensor: VIIRS_NOAA20_NRT<br>Fecha UTC: 2026-09-23T13:10:00Z<br>Confianza: nominal<br>FRP: 11.6 MW"
      }
    },
    {
      "type": "Feature",
      "geometry": {
        "type": "Point",
        "coordinates": [4.8812, 43.4439]
      },
      "properties": {
        "bright_ti4": 340.33,
        "scan": 0.45,
        "track": 0.47,
        "acq_date": "2026-09-23",
        "acq_time": "1310",
        "satellite": "N20",
        "instrument": "VIIRS",
        "confidence": "n",
        "version": "2.0NRT",
        "bright_ti5": 302.64,
        "frp": 5.55,
        "daynight": "D",
        "source_dataset": "VIIRS_NOAA20_NRT",
        "acq_datetime_utc": "2026-09-23T13:10:00Z",
        "age_hours": 4.7,
        "confidence_label": "nominal",
        "popup_label": "<strong>NASA FIRMS<\/strong><br>Sensor: VIIRS_NOAA20_NRT<br>Fecha UTC: 2026-09-23T13:10:00Z<br>Confianza: nominal<br>FRP: 5.55 MW"
      }
    },
    {
      "type": "Feature",
      "geometry": {
        "type": "Point",
        "coordinates": [-5.73, 43.5247]
      },
      "properties": {
        "bright_ti4": 336.95,
        "scan": 0.41,
        "track": 0.37,
        "acq_date": "2026-09-23",
        "acq_time": "1310",
        "satellite": "N20",
        "instrument": "VIIRS",
        "confidence": "n",
        "version": "2.0NRT",
        "bright_ti5": 306.64,
        "frp": 3.54,
        "daynight": "D",
        "source_dataset": "VIIRS_NOAA20_NRT",
        "acq_datetime_utc": "2026-09-23T13:10:00Z",
        "age_hours": 4.7,
        "confidence_label": "nominal",
        "popup_label": "<strong>NASA FIRMS<\/strong><br>Sensor: VIIRS_NOAA20_NRT<br>Fecha UTC: 2026-09-23T13:10:00Z<br>Confianza: nominal<br>FRP: 3.54 MW"
      }
    },
    {
      "type": "Feature",
      "geometry": {
        "type": "Point",
        "coordinates": [-5.8591, 43.5273]
      },
      "properties": {
        "bright_ti4": 347.19,
        "scan": 0.41,
        "track": 0.37,
        "acq_date": "2026-09-23",
        "acq_time": "1310",
        "satellite": "N20",
        "instrument": "VIIRS",
        "confidence": "n",
        "version": "2.0NRT",
        "bright_ti5": 299.26,
        "frp": 7.55,
        "daynight": "D",
        "source_dataset": "VIIRS_NOAA20_NRT",
        "acq_datetime_utc": "2026-09-23T13:10:00Z",
        "age_hours": 4.7,
        "confidence_label": "nominal",
        "popup_label": "<strong>NASA FIRMS<\/strong><br>Sensor: VIIRS_NOAA20_NRT<br>Fecha UTC: 2026-09-23T13:10:00Z<br>Confianza: nominal<br>FRP: 7.55 MW"
      }
    },
    {
      "type": "Feature",
      "geometry": {
        "type": "Point",
        "coordinates": [-5.7311, 43.528]
      },
      "properties": {
        "bright_ti4": 340.14,
        "scan": 0.41,
        "track": 0.37,
        "acq_date": "2026-09-23",
        "acq_time": "1310",
        "satellite": "N20",
        "instrument": "VIIRS",
        "confidence": "n",
        "version": "2.0NRT",
        "bright_ti5": 305.98,
        "frp": 3.54,
        "daynight": "D",
        "source_dataset": "VIIRS_NOAA20_NRT",
        "acq_datetime_utc": "2026-09-23T13:10:00Z",
        "age_hours": 4.7,
        "confidence_label": "nominal",
        "popup_label": "<strong>NASA FIRMS<\/strong><br>Sensor: VIIRS_NOAA20_NRT<br>Fecha UTC: 2026-09-23T13:10:00Z<br>Confianza: nominal<br>FRP: 3.54 MW"
      }
    },
    {
      "type": "Feature",
      "geometry": {
        "type": "Point",
        "coordinates": [-5.8602, 43.5306]
      },
      "properties": {
        "bright_ti4": 355.42,
        "scan": 0.41,
        "track": 0.37,
        "acq_date": "2026-09-23",
        "acq_time": "1310",
        "satellite": "N20",
        "instrument": "VIIRS",
        "confidence": "l",
        "version": "2.0NRT",
        "bright_ti5": 301.12,
        "frp": 7.55,
        "daynight": "D",
        "source_dataset": "VIIRS_NOAA20_NRT",
        "acq_datetime_utc": "2026-09-23T13:10:00Z",
        "age_hours": 4.7,
        "confidence_label": "baja",
        "popup_label": "<strong>NASA FIRMS<\/strong><br>Sensor: VIIRS_NOAA20_NRT<br>Fecha UTC: 2026-09-23T13:10:00Z<br>Confianza: baja<br>FRP: 7.55 MW"
      }
    },
    {
      "type": "Feature",
      "geometry": {
        "type": "Point",
        "coordinates": [-5.8552, 43.5315]
      },
      "properties": {
        "bright_ti4": 338.18,
        "scan": 0.41,
        "track": 0.37,
        "acq_date": "2026-09-23",
        "acq_time": "1310",
        "satellite": "N20",
        "instrument": "VIIRS",
        "confidence": "n",
        "version": "2.0NRT",
        "bright_ti5": 302.24,
        "frp": 4.77,
        "daynight": "D",
        "source_dataset": "VIIRS_NOAA20_NRT",
        "acq_datetime_utc": "2026-09-23T13:10:00Z",
        "age_hours": 4.7,
        "confidence_label": "nominal",
        "popup_label": "<strong>NASA FIRMS<\/strong><br>Sensor: VIIRS_NOAA20_NRT<br>Fecha UTC: 2026-09-23T13:10:00Z<br>Confianza: nominal<br>FRP: 4.77 MW"
      }
    },
    {
      "type": "Feature",
      "geometry": {
        "type": "Point",
        "coordinates": [-7.3248, 33.4028]
      },
      "properties": {
        "bright_ti4": 343.31,
        "scan": 0.45,
        "track": 0.47,
        "acq_date": "2026-09-23",
        "acq_time": "1308",
        "satellite": "N20",
        "instrument": "VIIRS",
        "confidence": "n",
        "version": "2.0NRT",
        "bright_ti5": 314.76,
        "frp": 2.6,
        "daynight": "D",
        "source_dataset": "VIIRS_NOAA20_NRT",
        "acq_datetime_utc": "2026-09-23T13:08:00Z",
        "age_hours": 4.8,
        "confidence_label": "nominal",
        "popup_label": "<strong>NASA FIRMS<\/strong><br>Sensor: VIIRS_NOAA20_NRT<br>Fecha UTC: 2026-09-23T13:08:00Z<br>Confianza: nominal<br>FRP: 2.6 MW"
      }
    },
    {
      "type": "Feature",
      "geometry": {
        "type": "Point",
        "coordinates": [-0.3424, 33.4764]
      },
      "properties": {
        "bright_ti4": 336.63,
        "scan": 0.38,
        "track": 0.36,
        "acq_date": "2026-09-23",
        "acq_time": "1308",
        "satellite": "N20",
        "instrument": "VIIRS",
        "confidence": "n",
        "version": "2.0NRT",
        "bright_ti5": 305.79,
        "frp": 2.19,
        "daynight": "D",
        "source_dataset": "VIIRS_NOAA20_NRT",
        "acq_datetime_utc": "2026-09-23T13:08:00Z",
        "age_hours": 4.8,
        "confidence_label": "nominal",
        "popup_label": "<strong>NASA FIRMS<\/strong><br>Sensor: VIIRS_NOAA20_NRT<br>Fecha UTC: 2026-09-23T13:08:00Z<br>Confianza: nominal<br>FRP: 2.19 MW"
      }
    },
    {
      "type": "Feature",
      "geometry": {
        "type": "Point",
        "coordinates": [-2.2217, 35.0024]
      },
      "properties": {
        "bright_ti4": 334.92,
        "scan": 0.4,
        "track": 0.37,
        "acq_date": "2026-09-23",
        "acq_time": "1308",
        "satellite": "N20",
        "instrument": "VIIRS",
        "confidence": "n",
        "version": "2.0NRT",
        "bright_ti5": 307.43,
        "frp": 1.99,
        "daynight": "D",
        "source_dataset": "VIIRS_NOAA20_NRT",
        "acq_datetime_utc": "2026-09-23T13:08:00Z",
        "age_hours": 4.8,
        "confidence_label": "nominal",
        "popup_label": "<strong>NASA FIRMS<\/strong><br>Sensor: VIIRS_NOAA20_NRT<br>Fecha UTC: 2026-09-23T13:08:00Z<br>Confianza: nominal<br>FRP: 1.99 MW"
      }
    },
    {
      "type": "Feature",
      "geometry": {
        "type": "Point",
        "coordinates": [-1.4768, 35.0256]
      },
      "properties": {
        "bright_ti4": 338.57,
        "scan": 0.39,
        "track": 0.36,
        "acq_date": "2026-09-23",
        "acq_time": "1308",
        "satellite": "N20",
        "instrument": "VIIRS",
        "confidence": "n",
        "version": "2.0NRT",
        "bright_ti5": 311.1,
        "frp": 1.59,
        "daynight": "D",
        "source_dataset": "VIIRS_NOAA20_NRT",
        "acq_datetime_utc": "2026-09-23T13:08:00Z",
        "age_hours": 4.8,
        "confidence_label": "nominal",
        "popup_label": "<strong>NASA FIRMS<\/strong><br>Sensor: VIIRS_NOAA20_NRT<br>Fecha UTC: 2026-09-23T13:08:00Z<br>Confianza: nominal<br>FRP: 1.59 MW"
      }
    },
    {
      "type": "Feature",
      "geometry": {
        "type": "Point",
        "coordinates": [2.0369, 35.1605]
      },
      "properties": {
        "bright_ti4": 335.25,
        "scan": 0.42,
        "track": 0.38,
        "acq_date": "2026-09-23",
        "acq_time": "1308",
        "satellite": "N20",
        "instrument": "VIIRS",
        "confidence": "l",
        "version": "2.0NRT",
        "bright_ti5": 308.35,
        "frp": 2.93,
        "daynight": "D",
        "source_dataset": "VIIRS_NOAA20_NRT",
        "acq_datetime_utc": "2026-09-23T13:08:00Z",
        "age_hours": 4.8,
        "confidence_label": "baja",
        "popup_label": "<strong>NASA FIRMS<\/strong><br>Sensor: VIIRS_NOAA20_NRT<br>Fecha UTC: 2026-09-23T13:08:00Z<br>Confianza: baja<br>FRP: 2.93 MW"
      }
    },
    {
      "type": "Feature",
      "geometry": {
        "type": "Point",
        "coordinates": [-0.2529, 35.8078]
      },
      "properties": {
        "bright_ti4": 343.83,
        "scan": 0.39,
        "track": 0.36,
        "acq_date": "2026-09-23",
        "acq_time": "1308",
        "satellite": "N20",
        "instrument": "VIIRS",
        "confidence": "n",
        "version": "2.0NRT",
        "bright_ti5": 307.06,
        "frp": 4.99,
        "daynight": "D",
        "source_dataset": "VIIRS_NOAA20_NRT",
        "acq_datetime_utc": "2026-09-23T13:08:00Z",
        "age_hours": 4.8,
        "confidence_label": "nominal",
        "popup_label": "<strong>NASA FIRMS<\/strong><br>Sensor: VIIRS_NOAA20_NRT<br>Fecha UTC: 2026-09-23T13:08:00Z<br>Confianza: nominal<br>FRP: 4.99 MW"
      }
    },
    {
      "type": "Feature",
      "geometry": {
        "type": "Point",
        "coordinates": [-0.2712, 35.8118]
      },
      "properties": {
        "bright_ti4": 338.42,
        "scan": 0.39,
        "track": 0.36,
        "acq_date": "2026-09-23",
        "acq_time": "1308",
        "satellite": "N20",
        "instrument": "VIIRS",
        "confidence": "n",
        "version": "2.0NRT",
        "bright_ti5": 306.54,
        "frp": 4.58,
        "daynight": "D",
        "source_dataset": "VIIRS_NOAA20_NRT",
        "acq_datetime_utc": "2026-09-23T13:08:00Z",
        "age_hours": 4.8,
        "confidence_label": "nominal",
        "popup_label": "<strong>NASA FIRMS<\/strong><br>Sensor: VIIRS_NOAA20_NRT<br>Fecha UTC: 2026-09-23T13:08:00Z<br>Confianza: nominal<br>FRP: 4.58 MW"
      }
    },
    {
      "type": "Feature",
      "geometry": {
        "type": "Point",
        "coordinates": [-0.272, 35.8151]
      },
      "properties": {
        "bright_ti4": 337,
        "scan": 0.39,
        "track": 0.36,
        "acq_date": "2026-09-23",
        "acq_time": "1308",
        "satellite": "N20",
        "instrument": "VIIRS",
        "confidence": "n",
        "version": "2.0NRT",
        "bright_ti5": 307.08,
        "frp": 4.58,
        "daynight": "D",
        "source_dataset": "VIIRS_NOAA20_NRT",
        "acq_datetime_utc": "2026-09-23T13:08:00Z",
        "age_hours": 4.8,
        "confidence_label": "nominal",
        "popup_label": "<strong>NASA FIRMS<\/strong><br>Sensor: VIIRS_NOAA20_NRT<br>Fecha UTC: 2026-09-23T13:08:00Z<br>Confianza: nominal<br>FRP: 4.58 MW"
      }
    },
    {
      "type": "Feature",
      "geometry": {
        "type": "Point",
        "coordinates": [-0.2678, 35.8158]
      },
      "properties": {
        "bright_ti4": 335.25,
        "scan": 0.39,
        "track": 0.36,
        "acq_date": "2026-09-23",
        "acq_time": "1308",
        "satellite": "N20",
        "instrument": "VIIRS",
        "confidence": "n",
        "version": "2.0NRT",
        "bright_ti5": 305.27,
        "frp": 4.13,
        "daynight": "D",
        "source_dataset": "VIIRS_NOAA20_NRT",
        "acq_datetime_utc": "2026-09-23T13:08:00Z",
        "age_hours": 4.8,
        "confidence_label": "nominal",
        "popup_label": "<strong>NASA FIRMS<\/strong><br>Sensor: VIIRS_NOAA20_NRT<br>Fecha UTC: 2026-09-23T13:08:00Z<br>Confianza: nominal<br>FRP: 4.13 MW"
      }
    },
    {
      "type": "Feature",
      "geometry": {
        "type": "Point",
        "coordinates": [0.1277, 36.0165]
      },
      "properties": {
        "bright_ti4": 335.46,
        "scan": 0.39,
        "track": 0.36,
        "acq_date": "2026-09-23",
        "acq_time": "1308",
        "satellite": "N20",
        "instrument": "VIIRS",
        "confidence": "n",
        "version": "2.0NRT",
        "bright_ti5": 302.46,
        "frp": 1.96,
        "daynight": "D",
        "source_dataset": "VIIRS_NOAA20_NRT",
        "acq_datetime_utc": "2026-09-23T13:08:00Z",
        "age_hours": 4.8,
        "confidence_label": "nominal",
        "popup_label": "<strong>NASA FIRMS<\/strong><br>Sensor: VIIRS_NOAA20_NRT<br>Fecha UTC: 2026-09-23T13:08:00Z<br>Confianza: nominal<br>FRP: 1.96 MW"
      }
    },
    {
      "type": "Feature",
      "geometry": {
        "type": "Point",
        "coordinates": [3.706, 36.3314]
      },
      "properties": {
        "bright_ti4": 336.37,
        "scan": 0.5,
        "track": 0.41,
        "acq_date": "2026-09-23",
        "acq_time": "1308",
        "satellite": "N20",
        "instrument": "VIIRS",
        "confidence": "n",
        "version": "2.0NRT",
        "bright_ti5": 310.47,
        "frp": 6.85,
        "daynight": "D",
        "source_dataset": "VIIRS_NOAA20_NRT",
        "acq_datetime_utc": "2026-09-23T13:08:00Z",
        "age_hours": 4.8,
        "confidence_label": "nominal",
        "popup_label": "<strong>NASA FIRMS<\/strong><br>Sensor: VIIRS_NOAA20_NRT<br>Fecha UTC: 2026-09-23T13:08:00Z<br>Confianza: nominal<br>FRP: 6.85 MW"
      }
    },
    {
      "type": "Feature",
      "geometry": {
        "type": "Point",
        "coordinates": [2.8806, 36.5955]
      },
      "properties": {
        "bright_ti4": 332.89,
        "scan": 0.46,
        "track": 0.39,
        "acq_date": "2026-09-23",
        "acq_time": "1308",
        "satellite": "N20",
        "instrument": "VIIRS",
        "confidence": "l",
        "version": "2.0NRT",
        "bright_ti5": 307.86,
        "frp": 2.48,
        "daynight": "D",
        "source_dataset": "VIIRS_NOAA20_NRT",
        "acq_datetime_utc": "2026-09-23T13:08:00Z",
        "age_hours": 4.8,
        "confidence_label": "baja",
        "popup_label": "<strong>NASA FIRMS<\/strong><br>Sensor: VIIRS_NOAA20_NRT<br>Fecha UTC: 2026-09-23T13:08:00Z<br>Confianza: baja<br>FRP: 2.48 MW"
      }
    },
    {
      "type": "Feature",
      "geometry": {
        "type": "Point",
        "coordinates": [3.7626, 36.7987]
      },
      "properties": {
        "bright_ti4": 332.47,
        "scan": 0.51,
        "track": 0.41,
        "acq_date": "2026-09-23",
        "acq_time": "1308",
        "satellite": "N20",
        "instrument": "VIIRS",
        "confidence": "l",
        "version": "2.0NRT",
        "bright_ti5": 302.98,
        "frp": 5.31,
        "daynight": "D",
        "source_dataset": "VIIRS_NOAA20_NRT",
        "acq_datetime_utc": "2026-09-23T13:08:00Z",
        "age_hours": 4.8,
        "confidence_label": "baja",
        "popup_label": "<strong>NASA FIRMS<\/strong><br>Sensor: VIIRS_NOAA20_NRT<br>Fecha UTC: 2026-09-23T13:08:00Z<br>Confianza: baja<br>FRP: 5.31 MW"
      }
    },
    {
      "type": "Feature",
      "geometry": {
        "type": "Point",
        "coordinates": [-1.9036, 36.967]
      },
      "properties": {
        "bright_ti4": 331.01,
        "scan": 0.39,
        "track": 0.36,
        "acq_date": "2026-09-23",
        "acq_time": "1308",
        "satellite": "N20",
        "instrument": "VIIRS",
        "confidence": "l",
        "version": "2.0NRT",
        "bright_ti5": 305.43,
        "frp": 2.71,
        "daynight": "D",
        "source_dataset": "VIIRS_NOAA20_NRT",
        "acq_datetime_utc": "2026-09-23T13:08:00Z",
        "age_hours": 4.8,
        "confidence_label": "baja",
        "popup_label": "<strong>NASA FIRMS<\/strong><br>Sensor: VIIRS_NOAA20_NRT<br>Fecha UTC: 2026-09-23T13:08:00Z<br>Confianza: baja<br>FRP: 2.71 MW"
      }
    },
    {
      "type": "Feature",
      "geometry": {
        "type": "Point",
        "coordinates": [1.2573, 27.0641]
      },
      "properties": {
        "bright_ti4": 349.52,
        "scan": 0.39,
        "track": 0.36,
        "acq_date": "2026-09-23",
        "acq_time": "1306",
        "satellite": "N20",
        "instrument": "VIIRS",
        "confidence": "l",
        "version": "2.0NRT",
        "bright_ti5": 319.94,
        "frp": 13.99,
        "daynight": "D",
        "source_dataset": "VIIRS_NOAA20_NRT",
        "acq_datetime_utc": "2026-09-23T13:06:00Z",
        "age_hours": 4.8,
        "confidence_label": "baja",
        "popup_label": "<strong>NASA FIRMS<\/strong><br>Sensor: VIIRS_NOAA20_NRT<br>Fecha UTC: 2026-09-23T13:06:00Z<br>Confianza: baja<br>FRP: 13.99 MW"
      }
    },
    {
      "type": "Feature",
      "geometry": {
        "type": "Point",
        "coordinates": [0.0279, 27.1096]
      },
      "properties": {
        "bright_ti4": 351.09,
        "scan": 0.4,
        "track": 0.37,
        "acq_date": "2026-09-23",
        "acq_time": "1306",
        "satellite": "N20",
        "instrument": "VIIRS",
        "confidence": "n",
        "version": "2.0NRT",
        "bright_ti5": 318.25,
        "frp": 10.58,
        "daynight": "D",
        "source_dataset": "VIIRS_NOAA20_NRT",
        "acq_datetime_utc": "2026-09-23T13:06:00Z",
        "age_hours": 4.8,
        "confidence_label": "nominal",
        "popup_label": "<strong>NASA FIRMS<\/strong><br>Sensor: VIIRS_NOAA20_NRT<br>Fecha UTC: 2026-09-23T13:06:00Z<br>Confianza: nominal<br>FRP: 10.58 MW"
      }
    },
    {
      "type": "Feature",
      "geometry": {
        "type": "Point",
        "coordinates": [-0.5169, 28.1992]
      },
      "properties": {
        "bright_ti4": 345.97,
        "scan": 0.41,
        "track": 0.37,
        "acq_date": "2026-09-23",
        "acq_time": "1306",
        "satellite": "N20",
        "instrument": "VIIRS",
        "confidence": "n",
        "version": "2.0NRT",
        "bright_ti5": 311.14,
        "frp": 5.64,
        "daynight": "D",
        "source_dataset": "VIIRS_NOAA20_NRT",
        "acq_datetime_utc": "2026-09-23T13:06:00Z",
        "age_hours": 4.8,
        "confidence_label": "nominal",
        "popup_label": "<strong>NASA FIRMS<\/strong><br>Sensor: VIIRS_NOAA20_NRT<br>Fecha UTC: 2026-09-23T13:06:00Z<br>Confianza: nominal<br>FRP: 5.64 MW"
      }
    },
    {
      "type": "Feature",
      "geometry": {
        "type": "Point",
        "coordinates": [-5.9253, 36.7379]
      },
      "properties": {
        "bright_ti4": 297.8,
        "scan": 0.73,
        "track": 0.76,
        "acq_date": "2026-09-23",
        "acq_time": "0328",
        "satellite": "N20",
        "instrument": "VIIRS",
        "confidence": "n",
        "version": "2.0NRT",
        "bright_ti5": 287.19,
        "frp": 1.07,
        "daynight": "N",
        "source_dataset": "VIIRS_NOAA20_NRT",
        "acq_datetime_utc": "2026-09-23T03:28:00Z",
        "age_hours": 14.4,
        "confidence_label": "nominal",
        "popup_label": "<strong>NASA FIRMS<\/strong><br>Sensor: VIIRS_NOAA20_NRT<br>Fecha UTC: 2026-09-23T03:28:00Z<br>Confianza: nominal<br>FRP: 1.07 MW"
      }
    },
    {
      "type": "Feature",
      "geometry": {
        "type": "Point",
        "coordinates": [-6.3075, 36.8346]
      },
      "properties": {
        "bright_ti4": 302.03,
        "scan": 0.69,
        "track": 0.74,
        "acq_date": "2026-09-23",
        "acq_time": "0328",
        "satellite": "N20",
        "instrument": "VIIRS",
        "confidence": "n",
        "version": "2.0NRT",
        "bright_ti5": 285.99,
        "frp": 1.42,
        "daynight": "N",
        "source_dataset": "VIIRS_NOAA20_NRT",
        "acq_datetime_utc": "2026-09-23T03:28:00Z",
        "age_hours": 14.4,
        "confidence_label": "nominal",
        "popup_label": "<strong>NASA FIRMS<\/strong><br>Sensor: VIIRS_NOAA20_NRT<br>Fecha UTC: 2026-09-23T03:28:00Z<br>Confianza: nominal<br>FRP: 1.42 MW"
      }
    },
    {
      "type": "Feature",
      "geometry": {
        "type": "Point",
        "coordinates": [-6.3057, 36.8365]
      },
      "properties": {
        "bright_ti4": 299.11,
        "scan": 0.69,
        "track": 0.74,
        "acq_date": "2026-09-23",
        "acq_time": "0328",
        "satellite": "N20",
        "instrument": "VIIRS",
        "confidence": "n",
        "version": "2.0NRT",
        "bright_ti5": 286.62,
        "frp": 1.01,
        "daynight": "N",
        "source_dataset": "VIIRS_NOAA20_NRT",
        "acq_datetime_utc": "2026-09-23T03:28:00Z",
        "age_hours": 14.4,
        "confidence_label": "nominal",
        "popup_label": "<strong>NASA FIRMS<\/strong><br>Sensor: VIIRS_NOAA20_NRT<br>Fecha UTC: 2026-09-23T03:28:00Z<br>Confianza: nominal<br>FRP: 1.01 MW"
      }
    },
    {
      "type": "Feature",
      "geometry": {
        "type": "Point",
        "coordinates": [-6.3817, 37.3914]
      },
      "properties": {
        "bright_ti4": 301.81,
        "scan": 0.66,
        "track": 0.73,
        "acq_date": "2026-09-23",
        "acq_time": "0328",
        "satellite": "N20",
        "instrument": "VIIRS",
        "confidence": "n",
        "version": "2.0NRT",
        "bright_ti5": 287.13,
        "frp": 0.99,
        "daynight": "N",
        "source_dataset": "VIIRS_NOAA20_NRT",
        "acq_datetime_utc": "2026-09-23T03:28:00Z",
        "age_hours": 14.4,
        "confidence_label": "nominal",
        "popup_label": "<strong>NASA FIRMS<\/strong><br>Sensor: VIIRS_NOAA20_NRT<br>Fecha UTC: 2026-09-23T03:28:00Z<br>Confianza: nominal<br>FRP: 0.99 MW"
      }
    },
    {
      "type": "Feature",
      "geometry": {
        "type": "Point",
        "coordinates": [-5.599, 38.6546]
      },
      "properties": {
        "bright_ti4": 315.5,
        "scan": 0.67,
        "track": 0.73,
        "acq_date": "2026-09-23",
        "acq_time": "0328",
        "satellite": "N20",
        "instrument": "VIIRS",
        "confidence": "n",
        "version": "2.0NRT",
        "bright_ti5": 288.69,
        "frp": 1.96,
        "daynight": "N",
        "source_dataset": "VIIRS_NOAA20_NRT",
        "acq_datetime_utc": "2026-09-23T03:28:00Z",
        "age_hours": 14.4,
        "confidence_label": "nominal",
        "popup_label": "<strong>NASA FIRMS<\/strong><br>Sensor: VIIRS_NOAA20_NRT<br>Fecha UTC: 2026-09-23T03:28:00Z<br>Confianza: nominal<br>FRP: 1.96 MW"
      }
    },
    {
      "type": "Feature",
      "geometry": {
        "type": "Point",
        "coordinates": [-5.596, 38.658]
      },
      "properties": {
        "bright_ti4": 305.17,
        "scan": 0.67,
        "track": 0.73,
        "acq_date": "2026-09-23",
        "acq_time": "0328",
        "satellite": "N20",
        "instrument": "VIIRS",
        "confidence": "n",
        "version": "2.0NRT",
        "bright_ti5": 287.76,
        "frp": 0.98,
        "daynight": "N",
        "source_dataset": "VIIRS_NOAA20_NRT",
        "acq_datetime_utc": "2026-09-23T03:28:00Z",
        "age_hours": 14.4,
        "confidence_label": "nominal",
        "popup_label": "<strong>NASA FIRMS<\/strong><br>Sensor: VIIRS_NOAA20_NRT<br>Fecha UTC: 2026-09-23T03:28:00Z<br>Confianza: nominal<br>FRP: 0.98 MW"
      }
    },
    {
      "type": "Feature",
      "geometry": {
        "type": "Point",
        "coordinates": [-9.0124, 38.9214]
      },
      "properties": {
        "bright_ti4": 304.79,
        "scan": 0.44,
        "track": 0.62,
        "acq_date": "2026-09-23",
        "acq_time": "0328",
        "satellite": "N20",
        "instrument": "VIIRS",
        "confidence": "n",
        "version": "2.0NRT",
        "bright_ti5": 292.27,
        "frp": 0.9,
        "daynight": "N",
        "source_dataset": "VIIRS_NOAA20_NRT",
        "acq_datetime_utc": "2026-09-23T03:28:00Z",
        "age_hours": 14.4,
        "confidence_label": "nominal",
        "popup_label": "<strong>NASA FIRMS<\/strong><br>Sensor: VIIRS_NOAA20_NRT<br>Fecha UTC: 2026-09-23T03:28:00Z<br>Confianza: nominal<br>FRP: 0.9 MW"
      }
    },
    {
      "type": "Feature",
      "geometry": {
        "type": "Point",
        "coordinates": [-4.4495, 40.0614]
      },
      "properties": {
        "bright_ti4": 300.99,
        "scan": 0.69,
        "track": 0.74,
        "acq_date": "2026-09-23",
        "acq_time": "0328",
        "satellite": "N20",
        "instrument": "VIIRS",
        "confidence": "n",
        "version": "2.0NRT",
        "bright_ti5": 283.55,
        "frp": 1.59,
        "daynight": "N",
        "source_dataset": "VIIRS_NOAA20_NRT",
        "acq_datetime_utc": "2026-09-23T03:28:00Z",
        "age_hours": 14.4,
        "confidence_label": "nominal",
        "popup_label": "<strong>NASA FIRMS<\/strong><br>Sensor: VIIRS_NOAA20_NRT<br>Fecha UTC: 2026-09-23T03:28:00Z<br>Confianza: nominal<br>FRP: 1.59 MW"
      }
    },
    {
      "type": "Feature",
      "geometry": {
        "type": "Point",
        "coordinates": [-3.4788, 40.2435]
      },
      "properties": {
        "bright_ti4": 308.81,
        "scan": 0.76,
        "track": 0.77,
        "acq_date": "2026-09-23",
        "acq_time": "0328",
        "satellite": "N20",
        "instrument": "VIIRS",
        "confidence": "n",
        "version": "2.0NRT",
        "bright_ti5": 286.9,
        "frp": 1.97,
        "daynight": "N",
        "source_dataset": "VIIRS_NOAA20_NRT",
        "acq_datetime_utc": "2026-09-23T03:28:00Z",
        "age_hours": 14.4,
        "confidence_label": "nominal",
        "popup_label": "<strong>NASA FIRMS<\/strong><br>Sensor: VIIRS_NOAA20_NRT<br>Fecha UTC: 2026-09-23T03:28:00Z<br>Confianza: nominal<br>FRP: 1.97 MW"
      }
    },
    {
      "type": "Feature",
      "geometry": {
        "type": "Point",
        "coordinates": [-3.4783, 40.2446]
      },
      "properties": {
        "bright_ti4": 311.11,
        "scan": 0.76,
        "track": 0.77,
        "acq_date": "2026-09-23",
        "acq_time": "0328",
        "satellite": "N20",
        "instrument": "VIIRS",
        "confidence": "n",
        "version": "2.0NRT",
        "bright_ti5": 287.73,
        "frp": 3.43,
        "daynight": "N",
        "source_dataset": "VIIRS_NOAA20_NRT",
        "acq_datetime_utc": "2026-09-23T03:28:00Z",
        "age_hours": 14.4,
        "confidence_label": "nominal",
        "popup_label": "<strong>NASA FIRMS<\/strong><br>Sensor: VIIRS_NOAA20_NRT<br>Fecha UTC: 2026-09-23T03:28:00Z<br>Confianza: nominal<br>FRP: 3.43 MW"
      }
    },
    {
      "type": "Feature",
      "geometry": {
        "type": "Point",
        "coordinates": [-7.0412, 40.7446]
      },
      "properties": {
        "bright_ti4": 354.75,
        "scan": 0.49,
        "track": 0.65,
        "acq_date": "2026-09-23",
        "acq_time": "0328",
        "satellite": "N20",
        "instrument": "VIIRS",
        "confidence": "n",
        "version": "2.0NRT",
        "bright_ti5": 290.69,
        "frp": 9.82,
        "daynight": "N",
        "source_dataset": "VIIRS_NOAA20_NRT",
        "acq_datetime_utc": "2026-09-23T03:28:00Z",
        "age_hours": 14.4,
        "confidence_label": "nominal",
        "popup_label": "<strong>NASA FIRMS<\/strong><br>Sensor: VIIRS_NOAA20_NRT<br>Fecha UTC: 2026-09-23T03:28:00Z<br>Confianza: nominal<br>FRP: 9.82 MW"
      }
    },
    {
      "type": "Feature",
      "geometry": {
        "type": "Point",
        "coordinates": [-7.0466, 40.7462]
      },
      "properties": {
        "bright_ti4": 347.18,
        "scan": 0.49,
        "track": 0.65,
        "acq_date": "2026-09-23",
        "acq_time": "0328",
        "satellite": "N20",
        "instrument": "VIIRS",
        "confidence": "n",
        "version": "2.0NRT",
        "bright_ti5": 286.15,
        "frp": 9.82,
        "daynight": "N",
        "source_dataset": "VIIRS_NOAA20_NRT",
        "acq_datetime_utc": "2026-09-23T03:28:00Z",
        "age_hours": 14.4,
        "confidence_label": "nominal",
        "popup_label": "<strong>NASA FIRMS<\/strong><br>Sensor: VIIRS_NOAA20_NRT<br>Fecha UTC: 2026-09-23T03:28:00Z<br>Confianza: nominal<br>FRP: 9.82 MW"
      }
    },
    {
      "type": "Feature",
      "geometry": {
        "type": "Point",
        "coordinates": [-8.5016, 41.2764]
      },
      "properties": {
        "bright_ti4": 317.38,
        "scan": 0.4,
        "track": 0.6,
        "acq_date": "2026-09-23",
        "acq_time": "0328",
        "satellite": "N20",
        "instrument": "VIIRS",
        "confidence": "n",
        "version": "2.0NRT",
        "bright_ti5": 288.62,
        "frp": 1.29,
        "daynight": "N",
        "source_dataset": "VIIRS_NOAA20_NRT",
        "acq_datetime_utc": "2026-09-23T03:28:00Z",
        "age_hours": 14.4,
        "confidence_label": "nominal",
        "popup_label": "<strong>NASA FIRMS<\/strong><br>Sensor: VIIRS_NOAA20_NRT<br>Fecha UTC: 2026-09-23T03:28:00Z<br>Confianza: nominal<br>FRP: 1.29 MW"
      }
    },
    {
      "type": "Feature",
      "geometry": {
        "type": "Point",
        "coordinates": [-8.5109, 41.2909]
      },
      "properties": {
        "bright_ti4": 313.46,
        "scan": 0.4,
        "track": 0.6,
        "acq_date": "2026-09-23",
        "acq_time": "0328",
        "satellite": "N20",
        "instrument": "VIIRS",
        "confidence": "n",
        "version": "2.0NRT",
        "bright_ti5": 290.66,
        "frp": 1.29,
        "daynight": "N",
        "source_dataset": "VIIRS_NOAA20_NRT",
        "acq_datetime_utc": "2026-09-23T03:28:00Z",
        "age_hours": 14.4,
        "confidence_label": "nominal",
        "popup_label": "<strong>NASA FIRMS<\/strong><br>Sensor: VIIRS_NOAA20_NRT<br>Fecha UTC: 2026-09-23T03:28:00Z<br>Confianza: nominal<br>FRP: 1.29 MW"
      }
    },
    {
      "type": "Feature",
      "geometry": {
        "type": "Point",
        "coordinates": [-8.0144, 41.4245]
      },
      "properties": {
        "bright_ti4": 323.61,
        "scan": 0.42,
        "track": 0.61,
        "acq_date": "2026-09-23",
        "acq_time": "0328",
        "satellite": "N20",
        "instrument": "VIIRS",
        "confidence": "n",
        "version": "2.0NRT",
        "bright_ti5": 291.88,
        "frp": 6.78,
        "daynight": "N",
        "source_dataset": "VIIRS_NOAA20_NRT",
        "acq_datetime_utc": "2026-09-23T03:28:00Z",
        "age_hours": 14.4,
        "confidence_label": "nominal",
        "popup_label": "<strong>NASA FIRMS<\/strong><br>Sensor: VIIRS_NOAA20_NRT<br>Fecha UTC: 2026-09-23T03:28:00Z<br>Confianza: nominal<br>FRP: 6.78 MW"
      }
    },
    {
      "type": "Feature",
      "geometry": {
        "type": "Point",
        "coordinates": [-8.0208, 41.4264]
      },
      "properties": {
        "bright_ti4": 367,
        "scan": 0.42,
        "track": 0.61,
        "acq_date": "2026-09-23",
        "acq_time": "0328",
        "satellite": "N20",
        "instrument": "VIIRS",
        "confidence": "h",
        "version": "2.0NRT",
        "bright_ti5": 291.66,
        "frp": 9.87,
        "daynight": "N",
        "source_dataset": "VIIRS_NOAA20_NRT",
        "acq_datetime_utc": "2026-09-23T03:28:00Z",
        "age_hours": 14.4,
        "confidence_label": "alta",
        "popup_label": "<strong>NASA FIRMS<\/strong><br>Sensor: VIIRS_NOAA20_NRT<br>Fecha UTC: 2026-09-23T03:28:00Z<br>Confianza: alta<br>FRP: 9.87 MW"
      }
    },
    {
      "type": "Feature",
      "geometry": {
        "type": "Point",
        "coordinates": [-8.0178, 41.4265]
      },
      "properties": {
        "bright_ti4": 367,
        "scan": 0.42,
        "track": 0.61,
        "acq_date": "2026-09-23",
        "acq_time": "0328",
        "satellite": "N20",
        "instrument": "VIIRS",
        "confidence": "h",
        "version": "2.0NRT",
        "bright_ti5": 295.4,
        "frp": 11.68,
        "daynight": "N",
        "source_dataset": "VIIRS_NOAA20_NRT",
        "acq_datetime_utc": "2026-09-23T03:28:00Z",
        "age_hours": 14.4,
        "confidence_label": "alta",
        "popup_label": "<strong>NASA FIRMS<\/strong><br>Sensor: VIIRS_NOAA20_NRT<br>Fecha UTC: 2026-09-23T03:28:00Z<br>Confianza: alta<br>FRP: 11.68 MW"
      }
    },
    {
      "type": "Feature",
      "geometry": {
        "type": "Point",
        "coordinates": [-8.7329, 41.6417]
      },
      "properties": {
        "bright_ti4": 301.57,
        "scan": 0.38,
        "track": 0.59,
        "acq_date": "2026-09-23",
        "acq_time": "0328",
        "satellite": "N20",
        "instrument": "VIIRS",
        "confidence": "n",
        "version": "2.0NRT",
        "bright_ti5": 286.64,
        "frp": 0.94,
        "daynight": "N",
        "source_dataset": "VIIRS_NOAA20_NRT",
        "acq_datetime_utc": "2026-09-23T03:28:00Z",
        "age_hours": 14.4,
        "confidence_label": "nominal",
        "popup_label": "<strong>NASA FIRMS<\/strong><br>Sensor: VIIRS_NOAA20_NRT<br>Fecha UTC: 2026-09-23T03:28:00Z<br>Confianza: nominal<br>FRP: 0.94 MW"
      }
    },
    {
      "type": "Feature",
      "geometry": {
        "type": "Point",
        "coordinates": [-8.6926, 41.6594]
      },
      "properties": {
        "bright_ti4": 321.9,
        "scan": 0.38,
        "track": 0.59,
        "acq_date": "2026-09-23",
        "acq_time": "0328",
        "satellite": "N20",
        "instrument": "VIIRS",
        "confidence": "n",
        "version": "2.0NRT",
        "bright_ti5": 294.54,
        "frp": 3.37,
        "daynight": "N",
        "source_dataset": "VIIRS_NOAA20_NRT",
        "acq_datetime_utc": "2026-09-23T03:28:00Z",
        "age_hours": 14.4,
        "confidence_label": "nominal",
        "popup_label": "<strong>NASA FIRMS<\/strong><br>Sensor: VIIRS_NOAA20_NRT<br>Fecha UTC: 2026-09-23T03:28:00Z<br>Confianza: nominal<br>FRP: 3.37 MW"
      }
    },
    {
      "type": "Feature",
      "geometry": {
        "type": "Point",
        "coordinates": [-8.6963, 41.6605]
      },
      "properties": {
        "bright_ti4": 340.56,
        "scan": 0.38,
        "track": 0.59,
        "acq_date": "2026-09-23",
        "acq_time": "0328",
        "satellite": "N20",
        "instrument": "VIIRS",
        "confidence": "n",
        "version": "2.0NRT",
        "bright_ti5": 294.73,
        "frp": 3.37,
        "daynight": "N",
        "source_dataset": "VIIRS_NOAA20_NRT",
        "acq_datetime_utc": "2026-09-23T03:28:00Z",
        "age_hours": 14.4,
        "confidence_label": "nominal",
        "popup_label": "<strong>NASA FIRMS<\/strong><br>Sensor: VIIRS_NOAA20_NRT<br>Fecha UTC: 2026-09-23T03:28:00Z<br>Confianza: nominal<br>FRP: 3.37 MW"
      }
    },
    {
      "type": "Feature",
      "geometry": {
        "type": "Point",
        "coordinates": [-8.7001, 41.6615]
      },
      "properties": {
        "bright_ti4": 304.14,
        "scan": 0.38,
        "track": 0.59,
        "acq_date": "2026-09-23",
        "acq_time": "0328",
        "satellite": "N20",
        "instrument": "VIIRS",
        "confidence": "n",
        "version": "2.0NRT",
        "bright_ti5": 289.91,
        "frp": 2.03,
        "daynight": "N",
        "source_dataset": "VIIRS_NOAA20_NRT",
        "acq_datetime_utc": "2026-09-23T03:28:00Z",
        "age_hours": 14.4,
        "confidence_label": "nominal",
        "popup_label": "<strong>NASA FIRMS<\/strong><br>Sensor: VIIRS_NOAA20_NRT<br>Fecha UTC: 2026-09-23T03:28:00Z<br>Confianza: nominal<br>FRP: 2.03 MW"
      }
    },
    {
      "type": "Feature",
      "geometry": {
        "type": "Point",
        "coordinates": [-8.6874, 41.6638]
      },
      "properties": {
        "bright_ti4": 353.89,
        "scan": 0.38,
        "track": 0.59,
        "acq_date": "2026-09-23",
        "acq_time": "0328",
        "satellite": "N20",
        "instrument": "VIIRS",
        "confidence": "n",
        "version": "2.0NRT",
        "bright_ti5": 296.67,
        "frp": 11.06,
        "daynight": "N",
        "source_dataset": "VIIRS_NOAA20_NRT",
        "acq_datetime_utc": "2026-09-23T03:28:00Z",
        "age_hours": 14.4,
        "confidence_label": "nominal",
        "popup_label": "<strong>NASA FIRMS<\/strong><br>Sensor: VIIRS_NOAA20_NRT<br>Fecha UTC: 2026-09-23T03:28:00Z<br>Confianza: nominal<br>FRP: 11.06 MW"
      }
    },
    {
      "type": "Feature",
      "geometry": {
        "type": "Point",
        "coordinates": [-8.6911, 41.6648]
      },
      "properties": {
        "bright_ti4": 346.57,
        "scan": 0.38,
        "track": 0.59,
        "acq_date": "2026-09-23",
        "acq_time": "0328",
        "satellite": "N20",
        "instrument": "VIIRS",
        "confidence": "n",
        "version": "2.0NRT",
        "bright_ti5": 295.04,
        "frp": 5.32,
        "daynight": "N",
        "source_dataset": "VIIRS_NOAA20_NRT",
        "acq_datetime_utc": "2026-09-23T03:28:00Z",
        "age_hours": 14.4,
        "confidence_label": "nominal",
        "popup_label": "<strong>NASA FIRMS<\/strong><br>Sensor: VIIRS_NOAA20_NRT<br>Fecha UTC: 2026-09-23T03:28:00Z<br>Confianza: nominal<br>FRP: 5.32 MW"
      }
    },
    {
      "type": "Feature",
      "geometry": {
        "type": "Point",
        "coordinates": [-8.6945, 41.6658]
      },
      "properties": {
        "bright_ti4": 313.41,
        "scan": 0.38,
        "track": 0.59,
        "acq_date": "2026-09-23",
        "acq_time": "0328",
        "satellite": "N20",
        "instrument": "VIIRS",
        "confidence": "n",
        "version": "2.0NRT",
        "bright_ti5": 293.08,
        "frp": 5.32,
        "daynight": "N",
        "source_dataset": "VIIRS_NOAA20_NRT",
        "acq_datetime_utc": "2026-09-23T03:28:00Z",
        "age_hours": 14.4,
        "confidence_label": "nominal",
        "popup_label": "<strong>NASA FIRMS<\/strong><br>Sensor: VIIRS_NOAA20_NRT<br>Fecha UTC: 2026-09-23T03:28:00Z<br>Confianza: nominal<br>FRP: 5.32 MW"
      }
    },
    {
      "type": "Feature",
      "geometry": {
        "type": "Point",
        "coordinates": [-5.2569, 41.9006]
      },
      "properties": {
        "bright_ti4": 299.69,
        "scan": 0.55,
        "track": 0.68,
        "acq_date": "2026-09-23",
        "acq_time": "0328",
        "satellite": "N20",
        "instrument": "VIIRS",
        "confidence": "n",
        "version": "2.0NRT",
        "bright_ti5": 283.01,
        "frp": 4.2,
        "daynight": "N",
        "source_dataset": "VIIRS_NOAA20_NRT",
        "acq_datetime_utc": "2026-09-23T03:28:00Z",
        "age_hours": 14.4,
        "confidence_label": "nominal",
        "popup_label": "<strong>NASA FIRMS<\/strong><br>Sensor: VIIRS_NOAA20_NRT<br>Fecha UTC: 2026-09-23T03:28:00Z<br>Confianza: nominal<br>FRP: 4.2 MW"
      }
    },
    {
      "type": "Feature",
      "geometry": {
        "type": "Point",
        "coordinates": [-5.2631, 41.9026]
      },
      "properties": {
        "bright_ti4": 337.12,
        "scan": 0.55,
        "track": 0.68,
        "acq_date": "2026-09-23",
        "acq_time": "0328",
        "satellite": "N20",
        "instrument": "VIIRS",
        "confidence": "n",
        "version": "2.0NRT",
        "bright_ti5": 283.07,
        "frp": 5.65,
        "daynight": "N",
        "source_dataset": "VIIRS_NOAA20_NRT",
        "acq_datetime_utc": "2026-09-23T03:28:00Z",
        "age_hours": 14.4,
        "confidence_label": "nominal",
        "popup_label": "<strong>NASA FIRMS<\/strong><br>Sensor: VIIRS_NOAA20_NRT<br>Fecha UTC: 2026-09-23T03:28:00Z<br>Confianza: nominal<br>FRP: 5.65 MW"
      }
    },
    {
      "type": "Feature",
      "geometry": {
        "type": "Point",
        "coordinates": [-8.4383, 43.3464]
      },
      "properties": {
        "bright_ti4": 306.46,
        "scan": 0.35,
        "track": 0.57,
        "acq_date": "2026-09-23",
        "acq_time": "0328",
        "satellite": "N20",
        "instrument": "VIIRS",
        "confidence": "n",
        "version": "2.0NRT",
        "bright_ti5": 288.07,
        "frp": 0.82,
        "daynight": "N",
        "source_dataset": "VIIRS_NOAA20_NRT",
        "acq_datetime_utc": "2026-09-23T03:28:00Z",
        "age_hours": 14.4,
        "confidence_label": "nominal",
        "popup_label": "<strong>NASA FIRMS<\/strong><br>Sensor: VIIRS_NOAA20_NRT<br>Fecha UTC: 2026-09-23T03:28:00Z<br>Confianza: nominal<br>FRP: 0.82 MW"
      }
    },
    {
      "type": "Feature",
      "geometry": {
        "type": "Point",
        "coordinates": [-8.4383, 43.3479]
      },
      "properties": {
        "bright_ti4": 305.37,
        "scan": 0.35,
        "track": 0.57,
        "acq_date": "2026-09-23",
        "acq_time": "0328",
        "satellite": "N20",
        "instrument": "VIIRS",
        "confidence": "n",
        "version": "2.0NRT",
        "bright_ti5": 287.96,
        "frp": 0.83,
        "daynight": "N",
        "source_dataset": "VIIRS_NOAA20_NRT",
        "acq_datetime_utc": "2026-09-23T03:28:00Z",
        "age_hours": 14.4,
        "confidence_label": "nominal",
        "popup_label": "<strong>NASA FIRMS<\/strong><br>Sensor: VIIRS_NOAA20_NRT<br>Fecha UTC: 2026-09-23T03:28:00Z<br>Confianza: nominal<br>FRP: 0.83 MW"
      }
    },
    {
      "type": "Feature",
      "geometry": {
        "type": "Point",
        "coordinates": [-5.3261, 43.2219]
      },
      "properties": {
        "bright_ti4": 300.86,
        "scan": 0.5,
        "track": 0.66,
        "acq_date": "2026-09-23",
        "acq_time": "0325",
        "satellite": "N20",
        "instrument": "VIIRS",
        "confidence": "n",
        "version": "2.0NRT",
        "bright_ti5": 280.02,
        "frp": 1.43,
        "daynight": "N",
        "source_dataset": "VIIRS_NOAA20_NRT",
        "acq_datetime_utc": "2026-09-23T03:25:00Z",
        "age_hours": 14.5,
        "confidence_label": "nominal",
        "popup_label": "<strong>NASA FIRMS<\/strong><br>Sensor: VIIRS_NOAA20_NRT<br>Fecha UTC: 2026-09-23T03:25:00Z<br>Confianza: nominal<br>FRP: 1.43 MW"
      }
    },
    {
      "type": "Feature",
      "geometry": {
        "type": "Point",
        "coordinates": [-5.3304, 43.2232]
      },
      "properties": {
        "bright_ti4": 311.61,
        "scan": 0.5,
        "track": 0.66,
        "acq_date": "2026-09-23",
        "acq_time": "0325",
        "satellite": "N20",
        "instrument": "VIIRS",
        "confidence": "n",
        "version": "2.0NRT",
        "bright_ti5": 281.8,
        "frp": 1.43,
        "daynight": "N",
        "source_dataset": "VIIRS_NOAA20_NRT",
        "acq_datetime_utc": "2026-09-23T03:25:00Z",
        "age_hours": 14.5,
        "confidence_label": "nominal",
        "popup_label": "<strong>NASA FIRMS<\/strong><br>Sensor: VIIRS_NOAA20_NRT<br>Fecha UTC: 2026-09-23T03:25:00Z<br>Confianza: nominal<br>FRP: 1.43 MW"
      }
    },
    {
      "type": "Feature",
      "geometry": {
        "type": "Point",
        "coordinates": [-5.3287, 43.2257]
      },
      "properties": {
        "bright_ti4": 299.8,
        "scan": 0.5,
        "track": 0.66,
        "acq_date": "2026-09-23",
        "acq_time": "0325",
        "satellite": "N20",
        "instrument": "VIIRS",
        "confidence": "n",
        "version": "2.0NRT",
        "bright_ti5": 279.07,
        "frp": 0.45,
        "daynight": "N",
        "source_dataset": "VIIRS_NOAA20_NRT",
        "acq_datetime_utc": "2026-09-23T03:25:00Z",
        "age_hours": 14.5,
        "confidence_label": "nominal",
        "popup_label": "<strong>NASA FIRMS<\/strong><br>Sensor: VIIRS_NOAA20_NRT<br>Fecha UTC: 2026-09-23T03:25:00Z<br>Confianza: nominal<br>FRP: 0.45 MW"
      }
    },
    {
      "type": "Feature",
      "geometry": {
        "type": "Point",
        "coordinates": [-5.7363, 43.52]
      },
      "properties": {
        "bright_ti4": 300.25,
        "scan": 0.47,
        "track": 0.64,
        "acq_date": "2026-09-23",
        "acq_time": "0325",
        "satellite": "N20",
        "instrument": "VIIRS",
        "confidence": "n",
        "version": "2.0NRT",
        "bright_ti5": 286.69,
        "frp": 3.27,
        "daynight": "N",
        "source_dataset": "VIIRS_NOAA20_NRT",
        "acq_datetime_utc": "2026-09-23T03:25:00Z",
        "age_hours": 14.5,
        "confidence_label": "nominal",
        "popup_label": "<strong>NASA FIRMS<\/strong><br>Sensor: VIIRS_NOAA20_NRT<br>Fecha UTC: 2026-09-23T03:25:00Z<br>Confianza: nominal<br>FRP: 3.27 MW"
      }
    },
    {
      "type": "Feature",
      "geometry": {
        "type": "Point",
        "coordinates": [-5.7331, 43.5255]
      },
      "properties": {
        "bright_ti4": 344.79,
        "scan": 0.47,
        "track": 0.64,
        "acq_date": "2026-09-23",
        "acq_time": "0325",
        "satellite": "N20",
        "instrument": "VIIRS",
        "confidence": "n",
        "version": "2.0NRT",
        "bright_ti5": 289.85,
        "frp": 3.27,
        "daynight": "N",
        "source_dataset": "VIIRS_NOAA20_NRT",
        "acq_datetime_utc": "2026-09-23T03:25:00Z",
        "age_hours": 14.5,
        "confidence_label": "nominal",
        "popup_label": "<strong>NASA FIRMS<\/strong><br>Sensor: VIIRS_NOAA20_NRT<br>Fecha UTC: 2026-09-23T03:25:00Z<br>Confianza: nominal<br>FRP: 3.27 MW"
      }
    },
    {
      "type": "Feature",
      "geometry": {
        "type": "Point",
        "coordinates": [-5.7391, 43.5273]
      },
      "properties": {
        "bright_ti4": 320.51,
        "scan": 0.47,
        "track": 0.64,
        "acq_date": "2026-09-23",
        "acq_time": "0325",
        "satellite": "N20",
        "instrument": "VIIRS",
        "confidence": "n",
        "version": "2.0NRT",
        "bright_ti5": 286.38,
        "frp": 3.27,
        "daynight": "N",
        "source_dataset": "VIIRS_NOAA20_NRT",
        "acq_datetime_utc": "2026-09-23T03:25:00Z",
        "age_hours": 14.5,
        "confidence_label": "nominal",
        "popup_label": "<strong>NASA FIRMS<\/strong><br>Sensor: VIIRS_NOAA20_NRT<br>Fecha UTC: 2026-09-23T03:25:00Z<br>Confianza: nominal<br>FRP: 3.27 MW"
      }
    },
    {
      "type": "Feature",
      "geometry": {
        "type": "Point",
        "coordinates": [-5.7302, 43.531]
      },
      "properties": {
        "bright_ti4": 307.52,
        "scan": 0.47,
        "track": 0.64,
        "acq_date": "2026-09-23",
        "acq_time": "0325",
        "satellite": "N20",
        "instrument": "VIIRS",
        "confidence": "n",
        "version": "2.0NRT",
        "bright_ti5": 287.6,
        "frp": 1.35,
        "daynight": "N",
        "source_dataset": "VIIRS_NOAA20_NRT",
        "acq_datetime_utc": "2026-09-23T03:25:00Z",
        "age_hours": 14.5,
        "confidence_label": "nominal",
        "popup_label": "<strong>NASA FIRMS<\/strong><br>Sensor: VIIRS_NOAA20_NRT<br>Fecha UTC: 2026-09-23T03:25:00Z<br>Confianza: nominal<br>FRP: 1.35 MW"
      }
    },
    {
      "type": "Feature",
      "geometry": {
        "type": "Point",
        "coordinates": [0.3027, 28.1103]
      },
      "properties": {
        "bright_ti4": 302.74,
        "scan": 0.39,
        "track": 0.36,
        "acq_date": "2026-09-23",
        "acq_time": "0149",
        "satellite": "N20",
        "instrument": "VIIRS",
        "confidence": "n",
        "version": "2.0NRT",
        "bright_ti5": 292.18,
        "frp": 0.44,
        "daynight": "N",
        "source_dataset": "VIIRS_NOAA20_NRT",
        "acq_datetime_utc": "2026-09-23T01:49:00Z",
        "age_hours": 16.1,
        "confidence_label": "nominal",
        "popup_label": "<strong>NASA FIRMS<\/strong><br>Sensor: VIIRS_NOAA20_NRT<br>Fecha UTC: 2026-09-23T01:49:00Z<br>Confianza: nominal<br>FRP: 0.44 MW"
      }
    },
    {
      "type": "Feature",
      "geometry": {
        "type": "Point",
        "coordinates": [0.3034, 28.1136]
      },
      "properties": {
        "bright_ti4": 335.64,
        "scan": 0.39,
        "track": 0.36,
        "acq_date": "2026-09-23",
        "acq_time": "0149",
        "satellite": "N20",
        "instrument": "VIIRS",
        "confidence": "n",
        "version": "2.0NRT",
        "bright_ti5": 297.39,
        "frp": 7.43,
        "daynight": "N",
        "source_dataset": "VIIRS_NOAA20_NRT",
        "acq_datetime_utc": "2026-09-23T01:49:00Z",
        "age_hours": 16.1,
        "confidence_label": "nominal",
        "popup_label": "<strong>NASA FIRMS<\/strong><br>Sensor: VIIRS_NOAA20_NRT<br>Fecha UTC: 2026-09-23T01:49:00Z<br>Confianza: nominal<br>FRP: 7.43 MW"
      }
    },
    {
      "type": "Feature",
      "geometry": {
        "type": "Point",
        "coordinates": [0.3041, 28.1169]
      },
      "properties": {
        "bright_ti4": 303.52,
        "scan": 0.39,
        "track": 0.36,
        "acq_date": "2026-09-23",
        "acq_time": "0149",
        "satellite": "N20",
        "instrument": "VIIRS",
        "confidence": "n",
        "version": "2.0NRT",
        "bright_ti5": 292.18,
        "frp": 7.43,
        "daynight": "N",
        "source_dataset": "VIIRS_NOAA20_NRT",
        "acq_datetime_utc": "2026-09-23T01:49:00Z",
        "age_hours": 16.1,
        "confidence_label": "nominal",
        "popup_label": "<strong>NASA FIRMS<\/strong><br>Sensor: VIIRS_NOAA20_NRT<br>Fecha UTC: 2026-09-23T01:49:00Z<br>Confianza: nominal<br>FRP: 7.43 MW"
      }
    },
    {
      "type": "Feature",
      "geometry": {
        "type": "Point",
        "coordinates": [-0.5159, 28.1998]
      },
      "properties": {
        "bright_ti4": 328.01,
        "scan": 0.38,
        "track": 0.36,
        "acq_date": "2026-09-23",
        "acq_time": "0149",
        "satellite": "N20",
        "instrument": "VIIRS",
        "confidence": "n",
        "version": "2.0NRT",
        "bright_ti5": 292.15,
        "frp": 3.32,
        "daynight": "N",
        "source_dataset": "VIIRS_NOAA20_NRT",
        "acq_datetime_utc": "2026-09-23T01:49:00Z",
        "age_hours": 16.1,
        "confidence_label": "nominal",
        "popup_label": "<strong>NASA FIRMS<\/strong><br>Sensor: VIIRS_NOAA20_NRT<br>Fecha UTC: 2026-09-23T01:49:00Z<br>Confianza: nominal<br>FRP: 3.32 MW"
      }
    },
    {
      "type": "Feature",
      "geometry": {
        "type": "Point",
        "coordinates": [-9.6076, 30.4326]
      },
      "properties": {
        "bright_ti4": 307.54,
        "scan": 0.34,
        "track": 0.56,
        "acq_date": "2026-09-23",
        "acq_time": "0149",
        "satellite": "N20",
        "instrument": "VIIRS",
        "confidence": "n",
        "version": "2.0NRT",
        "bright_ti5": 292.79,
        "frp": 0.39,
        "daynight": "N",
        "source_dataset": "VIIRS_NOAA20_NRT",
        "acq_datetime_utc": "2026-09-23T01:49:00Z",
        "age_hours": 16.1,
        "confidence_label": "nominal",
        "popup_label": "<strong>NASA FIRMS<\/strong><br>Sensor: VIIRS_NOAA20_NRT<br>Fecha UTC: 2026-09-23T01:49:00Z<br>Confianza: nominal<br>FRP: 0.39 MW"
      }
    },
    {
      "type": "Feature",
      "geometry": {
        "type": "Point",
        "coordinates": [1.9007, 30.9126]
      },
      "properties": {
        "bright_ti4": 301,
        "scan": 0.4,
        "track": 0.37,
        "acq_date": "2026-09-23",
        "acq_time": "0149",
        "satellite": "N20",
        "instrument": "VIIRS",
        "confidence": "n",
        "version": "2.0NRT",
        "bright_ti5": 289.52,
        "frp": 0.51,
        "daynight": "N",
        "source_dataset": "VIIRS_NOAA20_NRT",
        "acq_datetime_utc": "2026-09-23T01:49:00Z",
        "age_hours": 16.1,
        "confidence_label": "nominal",
        "popup_label": "<strong>NASA FIRMS<\/strong><br>Sensor: VIIRS_NOAA20_NRT<br>Fecha UTC: 2026-09-23T01:49:00Z<br>Confianza: nominal<br>FRP: 0.51 MW"
      }
    },
    {
      "type": "Feature",
      "geometry": {
        "type": "Point",
        "coordinates": [-8.2388, 31.2458]
      },
      "properties": {
        "bright_ti4": 301.83,
        "scan": 0.58,
        "track": 0.52,
        "acq_date": "2026-09-23",
        "acq_time": "0149",
        "satellite": "N20",
        "instrument": "VIIRS",
        "confidence": "n",
        "version": "2.0NRT",
        "bright_ti5": 289.6,
        "frp": 1.32,
        "daynight": "N",
        "source_dataset": "VIIRS_NOAA20_NRT",
        "acq_datetime_utc": "2026-09-23T01:49:00Z",
        "age_hours": 16.1,
        "confidence_label": "nominal",
        "popup_label": "<strong>NASA FIRMS<\/strong><br>Sensor: VIIRS_NOAA20_NRT<br>Fecha UTC: 2026-09-23T01:49:00Z<br>Confianza: nominal<br>FRP: 1.32 MW"
      }
    },
    {
      "type": "Feature",
      "geometry": {
        "type": "Point",
        "coordinates": [-8.2398, 31.2469]
      },
      "properties": {
        "bright_ti4": 301.12,
        "scan": 0.58,
        "track": 0.52,
        "acq_date": "2026-09-23",
        "acq_time": "0149",
        "satellite": "N20",
        "instrument": "VIIRS",
        "confidence": "n",
        "version": "2.0NRT",
        "bright_ti5": 290.19,
        "frp": 1.17,
        "daynight": "N",
        "source_dataset": "VIIRS_NOAA20_NRT",
        "acq_datetime_utc": "2026-09-23T01:49:00Z",
        "age_hours": 16.1,
        "confidence_label": "nominal",
        "popup_label": "<strong>NASA FIRMS<\/strong><br>Sensor: VIIRS_NOAA20_NRT<br>Fecha UTC: 2026-09-23T01:49:00Z<br>Confianza: nominal<br>FRP: 1.17 MW"
      }
    },
    {
      "type": "Feature",
      "geometry": {
        "type": "Point",
        "coordinates": [3.9874, 32.2773]
      },
      "properties": {
        "bright_ti4": 336.36,
        "scan": 0.44,
        "track": 0.38,
        "acq_date": "2026-09-23",
        "acq_time": "0149",
        "satellite": "N20",
        "instrument": "VIIRS",
        "confidence": "n",
        "version": "2.0NRT",
        "bright_ti5": 293.39,
        "frp": 7.07,
        "daynight": "N",
        "source_dataset": "VIIRS_NOAA20_NRT",
        "acq_datetime_utc": "2026-09-23T01:49:00Z",
        "age_hours": 16.1,
        "confidence_label": "nominal",
        "popup_label": "<strong>NASA FIRMS<\/strong><br>Sensor: VIIRS_NOAA20_NRT<br>Fecha UTC: 2026-09-23T01:49:00Z<br>Confianza: nominal<br>FRP: 7.07 MW"
      }
    },
    {
      "type": "Feature",
      "geometry": {
        "type": "Point",
        "coordinates": [4.0071, 32.4014]
      },
      "properties": {
        "bright_ti4": 313.42,
        "scan": 0.44,
        "track": 0.38,
        "acq_date": "2026-09-23",
        "acq_time": "0149",
        "satellite": "N20",
        "instrument": "VIIRS",
        "confidence": "n",
        "version": "2.0NRT",
        "bright_ti5": 290.78,
        "frp": 1.18,
        "daynight": "N",
        "source_dataset": "VIIRS_NOAA20_NRT",
        "acq_datetime_utc": "2026-09-23T01:49:00Z",
        "age_hours": 16.1,
        "confidence_label": "nominal",
        "popup_label": "<strong>NASA FIRMS<\/strong><br>Sensor: VIIRS_NOAA20_NRT<br>Fecha UTC: 2026-09-23T01:49:00Z<br>Confianza: nominal<br>FRP: 1.18 MW"
      }
    },
    {
      "type": "Feature",
      "geometry": {
        "type": "Point",
        "coordinates": [-6.7401, 32.5088]
      },
      "properties": {
        "bright_ti4": 306.73,
        "scan": 0.49,
        "track": 0.49,
        "acq_date": "2026-09-23",
        "acq_time": "0149",
        "satellite": "N20",
        "instrument": "VIIRS",
        "confidence": "n",
        "version": "2.0NRT",
        "bright_ti5": 292.12,
        "frp": 1.01,
        "daynight": "N",
        "source_dataset": "VIIRS_NOAA20_NRT",
        "acq_datetime_utc": "2026-09-23T01:49:00Z",
        "age_hours": 16.1,
        "confidence_label": "nominal",
        "popup_label": "<strong>NASA FIRMS<\/strong><br>Sensor: VIIRS_NOAA20_NRT<br>Fecha UTC: 2026-09-23T01:49:00Z<br>Confianza: nominal<br>FRP: 1.01 MW"
      }
    },
    {
      "type": "Feature",
      "geometry": {
        "type": "Point",
        "coordinates": [-6.7386, 32.5109]
      },
      "properties": {
        "bright_ti4": 309.99,
        "scan": 0.49,
        "track": 0.49,
        "acq_date": "2026-09-23",
        "acq_time": "0149",
        "satellite": "N20",
        "instrument": "VIIRS",
        "confidence": "n",
        "version": "2.0NRT",
        "bright_ti5": 292.01,
        "frp": 1.46,
        "daynight": "N",
        "source_dataset": "VIIRS_NOAA20_NRT",
        "acq_datetime_utc": "2026-09-23T01:49:00Z",
        "age_hours": 16.1,
        "confidence_label": "nominal",
        "popup_label": "<strong>NASA FIRMS<\/strong><br>Sensor: VIIRS_NOAA20_NRT<br>Fecha UTC: 2026-09-23T01:49:00Z<br>Confianza: nominal<br>FRP: 1.46 MW"
      }
    },
    {
      "type": "Feature",
      "geometry": {
        "type": "Point",
        "coordinates": [3.1689, 32.5542]
      },
      "properties": {
        "bright_ti4": 329.97,
        "scan": 0.41,
        "track": 0.37,
        "acq_date": "2026-09-23",
        "acq_time": "0149",
        "satellite": "N20",
        "instrument": "VIIRS",
        "confidence": "n",
        "version": "2.0NRT",
        "bright_ti5": 290.09,
        "frp": 2.3,
        "daynight": "N",
        "source_dataset": "VIIRS_NOAA20_NRT",
        "acq_datetime_utc": "2026-09-23T01:49:00Z",
        "age_hours": 16.1,
        "confidence_label": "nominal",
        "popup_label": "<strong>NASA FIRMS<\/strong><br>Sensor: VIIRS_NOAA20_NRT<br>Fecha UTC: 2026-09-23T01:49:00Z<br>Confianza: nominal<br>FRP: 2.3 MW"
      }
    },
    {
      "type": "Feature",
      "geometry": {
        "type": "Point",
        "coordinates": [-6.7077, 32.6122]
      },
      "properties": {
        "bright_ti4": 302.77,
        "scan": 0.49,
        "track": 0.49,
        "acq_date": "2026-09-23",
        "acq_time": "0149",
        "satellite": "N20",
        "instrument": "VIIRS",
        "confidence": "n",
        "version": "2.0NRT",
        "bright_ti5": 290.17,
        "frp": 0.41,
        "daynight": "N",
        "source_dataset": "VIIRS_NOAA20_NRT",
        "acq_datetime_utc": "2026-09-23T01:49:00Z",
        "age_hours": 16.1,
        "confidence_label": "nominal",
        "popup_label": "<strong>NASA FIRMS<\/strong><br>Sensor: VIIRS_NOAA20_NRT<br>Fecha UTC: 2026-09-23T01:49:00Z<br>Confianza: nominal<br>FRP: 0.41 MW"
      }
    },
    {
      "type": "Feature",
      "geometry": {
        "type": "Point",
        "coordinates": [3.1804, 32.7466]
      },
      "properties": {
        "bright_ti4": 316.46,
        "scan": 0.41,
        "track": 0.37,
        "acq_date": "2026-09-23",
        "acq_time": "0149",
        "satellite": "N20",
        "instrument": "VIIRS",
        "confidence": "n",
        "version": "2.0NRT",
        "bright_ti5": 288.74,
        "frp": 1.85,
        "daynight": "N",
        "source_dataset": "VIIRS_NOAA20_NRT",
        "acq_datetime_utc": "2026-09-23T01:49:00Z",
        "age_hours": 16.1,
        "confidence_label": "nominal",
        "popup_label": "<strong>NASA FIRMS<\/strong><br>Sensor: VIIRS_NOAA20_NRT<br>Fecha UTC: 2026-09-23T01:49:00Z<br>Confianza: nominal<br>FRP: 1.85 MW"
      }
    },
    {
      "type": "Feature",
      "geometry": {
        "type": "Point",
        "coordinates": [3.2421, 32.8384]
      },
      "properties": {
        "bright_ti4": 300.25,
        "scan": 0.41,
        "track": 0.37,
        "acq_date": "2026-09-23",
        "acq_time": "0149",
        "satellite": "N20",
        "instrument": "VIIRS",
        "confidence": "n",
        "version": "2.0NRT",
        "bright_ti5": 287.67,
        "frp": 0.41,
        "daynight": "N",
        "source_dataset": "VIIRS_NOAA20_NRT",
        "acq_datetime_utc": "2026-09-23T01:49:00Z",
        "age_hours": 16.1,
        "confidence_label": "nominal",
        "popup_label": "<strong>NASA FIRMS<\/strong><br>Sensor: VIIRS_NOAA20_NRT<br>Fecha UTC: 2026-09-23T01:49:00Z<br>Confianza: nominal<br>FRP: 0.41 MW"
      }
    },
    {
      "type": "Feature",
      "geometry": {
        "type": "Point",
        "coordinates": [3.2377, 32.8391]
      },
      "properties": {
        "bright_ti4": 300.4,
        "scan": 0.41,
        "track": 0.37,
        "acq_date": "2026-09-23",
        "acq_time": "0149",
        "satellite": "N20",
        "instrument": "VIIRS",
        "confidence": "n",
        "version": "2.0NRT",
        "bright_ti5": 287.42,
        "frp": 0.71,
        "daynight": "N",
        "source_dataset": "VIIRS_NOAA20_NRT",
        "acq_datetime_utc": "2026-09-23T01:49:00Z",
        "age_hours": 16.1,
        "confidence_label": "nominal",
        "popup_label": "<strong>NASA FIRMS<\/strong><br>Sensor: VIIRS_NOAA20_NRT<br>Fecha UTC: 2026-09-23T01:49:00Z<br>Confianza: nominal<br>FRP: 0.71 MW"
      }
    },
    {
      "type": "Feature",
      "geometry": {
        "type": "Point",
        "coordinates": [3.2361, 32.9313]
      },
      "properties": {
        "bright_ti4": 307.44,
        "scan": 0.41,
        "track": 0.37,
        "acq_date": "2026-09-23",
        "acq_time": "0149",
        "satellite": "N20",
        "instrument": "VIIRS",
        "confidence": "n",
        "version": "2.0NRT",
        "bright_ti5": 287.19,
        "frp": 1.22,
        "daynight": "N",
        "source_dataset": "VIIRS_NOAA20_NRT",
        "acq_datetime_utc": "2026-09-23T01:49:00Z",
        "age_hours": 16.1,
        "confidence_label": "nominal",
        "popup_label": "<strong>NASA FIRMS<\/strong><br>Sensor: VIIRS_NOAA20_NRT<br>Fecha UTC: 2026-09-23T01:49:00Z<br>Confianza: nominal<br>FRP: 1.22 MW"
      }
    },
    {
      "type": "Feature",
      "geometry": {
        "type": "Point",
        "coordinates": [3.2318, 32.932]
      },
      "properties": {
        "bright_ti4": 308.53,
        "scan": 0.41,
        "track": 0.37,
        "acq_date": "2026-09-23",
        "acq_time": "0149",
        "satellite": "N20",
        "instrument": "VIIRS",
        "confidence": "n",
        "version": "2.0NRT",
        "bright_ti5": 287.39,
        "frp": 0.99,
        "daynight": "N",
        "source_dataset": "VIIRS_NOAA20_NRT",
        "acq_datetime_utc": "2026-09-23T01:49:00Z",
        "age_hours": 16.1,
        "confidence_label": "nominal",
        "popup_label": "<strong>NASA FIRMS<\/strong><br>Sensor: VIIRS_NOAA20_NRT<br>Fecha UTC: 2026-09-23T01:49:00Z<br>Confianza: nominal<br>FRP: 0.99 MW"
      }
    },
    {
      "type": "Feature",
      "geometry": {
        "type": "Point",
        "coordinates": [3.2232, 32.9336]
      },
      "properties": {
        "bright_ti4": 306.12,
        "scan": 0.41,
        "track": 0.37,
        "acq_date": "2026-09-23",
        "acq_time": "0149",
        "satellite": "N20",
        "instrument": "VIIRS",
        "confidence": "n",
        "version": "2.0NRT",
        "bright_ti5": 288.15,
        "frp": 1.09,
        "daynight": "N",
        "source_dataset": "VIIRS_NOAA20_NRT",
        "acq_datetime_utc": "2026-09-23T01:49:00Z",
        "age_hours": 16.1,
        "confidence_label": "nominal",
        "popup_label": "<strong>NASA FIRMS<\/strong><br>Sensor: VIIRS_NOAA20_NRT<br>Fecha UTC: 2026-09-23T01:49:00Z<br>Confianza: nominal<br>FRP: 1.09 MW"
      }
    },
    {
      "type": "Feature",
      "geometry": {
        "type": "Point",
        "coordinates": [3.2326, 32.9354]
      },
      "properties": {
        "bright_ti4": 319.56,
        "scan": 0.41,
        "track": 0.37,
        "acq_date": "2026-09-23",
        "acq_time": "0149",
        "satellite": "N20",
        "instrument": "VIIRS",
        "confidence": "n",
        "version": "2.0NRT",
        "bright_ti5": 287.72,
        "frp": 0.99,
        "daynight": "N",
        "source_dataset": "VIIRS_NOAA20_NRT",
        "acq_datetime_utc": "2026-09-23T01:49:00Z",
        "age_hours": 16.1,
        "confidence_label": "nominal",
        "popup_label": "<strong>NASA FIRMS<\/strong><br>Sensor: VIIRS_NOAA20_NRT<br>Fecha UTC: 2026-09-23T01:49:00Z<br>Confianza: nominal<br>FRP: 0.99 MW"
      }
    },
    {
      "type": "Feature",
      "geometry": {
        "type": "Point",
        "coordinates": [3.2265, 32.947]
      },
      "properties": {
        "bright_ti4": 299.17,
        "scan": 0.41,
        "track": 0.37,
        "acq_date": "2026-09-23",
        "acq_time": "0149",
        "satellite": "N20",
        "instrument": "VIIRS",
        "confidence": "n",
        "version": "2.0NRT",
        "bright_ti5": 287.24,
        "frp": 0.4,
        "daynight": "N",
        "source_dataset": "VIIRS_NOAA20_NRT",
        "acq_datetime_utc": "2026-09-23T01:49:00Z",
        "age_hours": 16.1,
        "confidence_label": "nominal",
        "popup_label": "<strong>NASA FIRMS<\/strong><br>Sensor: VIIRS_NOAA20_NRT<br>Fecha UTC: 2026-09-23T01:49:00Z<br>Confianza: nominal<br>FRP: 0.4 MW"
      }
    },
    {
      "type": "Feature",
      "geometry": {
        "type": "Point",
        "coordinates": [3.2222, 32.9478]
      },
      "properties": {
        "bright_ti4": 297.18,
        "scan": 0.41,
        "track": 0.37,
        "acq_date": "2026-09-23",
        "acq_time": "0149",
        "satellite": "N20",
        "instrument": "VIIRS",
        "confidence": "n",
        "version": "2.0NRT",
        "bright_ti5": 286.98,
        "frp": 0.4,
        "daynight": "N",
        "source_dataset": "VIIRS_NOAA20_NRT",
        "acq_datetime_utc": "2026-09-23T01:49:00Z",
        "age_hours": 16.1,
        "confidence_label": "nominal",
        "popup_label": "<strong>NASA FIRMS<\/strong><br>Sensor: VIIRS_NOAA20_NRT<br>Fecha UTC: 2026-09-23T01:49:00Z<br>Confianza: nominal<br>FRP: 0.4 MW"
      }
    },
    {
      "type": "Feature",
      "geometry": {
        "type": "Point",
        "coordinates": [3.2316, 32.9496]
      },
      "properties": {
        "bright_ti4": 298.63,
        "scan": 0.41,
        "track": 0.37,
        "acq_date": "2026-09-23",
        "acq_time": "0149",
        "satellite": "N20",
        "instrument": "VIIRS",
        "confidence": "n",
        "version": "2.0NRT",
        "bright_ti5": 287.52,
        "frp": 0.59,
        "daynight": "N",
        "source_dataset": "VIIRS_NOAA20_NRT",
        "acq_datetime_utc": "2026-09-23T01:49:00Z",
        "age_hours": 16.1,
        "confidence_label": "nominal",
        "popup_label": "<strong>NASA FIRMS<\/strong><br>Sensor: VIIRS_NOAA20_NRT<br>Fecha UTC: 2026-09-23T01:49:00Z<br>Confianza: nominal<br>FRP: 0.59 MW"
      }
    },
    {
      "type": "Feature",
      "geometry": {
        "type": "Point",
        "coordinates": [3.2273, 32.9504]
      },
      "properties": {
        "bright_ti4": 297.95,
        "scan": 0.41,
        "track": 0.37,
        "acq_date": "2026-09-23",
        "acq_time": "0149",
        "satellite": "N20",
        "instrument": "VIIRS",
        "confidence": "n",
        "version": "2.0NRT",
        "bright_ti5": 287.42,
        "frp": 0.4,
        "daynight": "N",
        "source_dataset": "VIIRS_NOAA20_NRT",
        "acq_datetime_utc": "2026-09-23T01:49:00Z",
        "age_hours": 16.1,
        "confidence_label": "nominal",
        "popup_label": "<strong>NASA FIRMS<\/strong><br>Sensor: VIIRS_NOAA20_NRT<br>Fecha UTC: 2026-09-23T01:49:00Z<br>Confianza: nominal<br>FRP: 0.4 MW"
      }
    },
    {
      "type": "Feature",
      "geometry": {
        "type": "Point",
        "coordinates": [3.3213, 33.1248]
      },
      "properties": {
        "bright_ti4": 310.37,
        "scan": 0.41,
        "track": 0.37,
        "acq_date": "2026-09-23",
        "acq_time": "0149",
        "satellite": "N20",
        "instrument": "VIIRS",
        "confidence": "n",
        "version": "2.0NRT",
        "bright_ti5": 288.24,
        "frp": 0.73,
        "daynight": "N",
        "source_dataset": "VIIRS_NOAA20_NRT",
        "acq_datetime_utc": "2026-09-23T01:49:00Z",
        "age_hours": 16.1,
        "confidence_label": "nominal",
        "popup_label": "<strong>NASA FIRMS<\/strong><br>Sensor: VIIRS_NOAA20_NRT<br>Fecha UTC: 2026-09-23T01:49:00Z<br>Confianza: nominal<br>FRP: 0.73 MW"
      }
    },
    {
      "type": "Feature",
      "geometry": {
        "type": "Point",
        "coordinates": [3.3169, 33.1256]
      },
      "properties": {
        "bright_ti4": 301.46,
        "scan": 0.41,
        "track": 0.37,
        "acq_date": "2026-09-23",
        "acq_time": "0149",
        "satellite": "N20",
        "instrument": "VIIRS",
        "confidence": "n",
        "version": "2.0NRT",
        "bright_ti5": 287.14,
        "frp": 0.73,
        "daynight": "N",
        "source_dataset": "VIIRS_NOAA20_NRT",
        "acq_datetime_utc": "2026-09-23T01:49:00Z",
        "age_hours": 16.1,
        "confidence_label": "nominal",
        "popup_label": "<strong>NASA FIRMS<\/strong><br>Sensor: VIIRS_NOAA20_NRT<br>Fecha UTC: 2026-09-23T01:49:00Z<br>Confianza: nominal<br>FRP: 0.73 MW"
      }
    },
    {
      "type": "Feature",
      "geometry": {
        "type": "Point",
        "coordinates": [3.3221, 33.1282]
      },
      "properties": {
        "bright_ti4": 303.51,
        "scan": 0.41,
        "track": 0.37,
        "acq_date": "2026-09-23",
        "acq_time": "0149",
        "satellite": "N20",
        "instrument": "VIIRS",
        "confidence": "n",
        "version": "2.0NRT",
        "bright_ti5": 287.7,
        "frp": 0.5,
        "daynight": "N",
        "source_dataset": "VIIRS_NOAA20_NRT",
        "acq_datetime_utc": "2026-09-23T01:49:00Z",
        "age_hours": 16.1,
        "confidence_label": "nominal",
        "popup_label": "<strong>NASA FIRMS<\/strong><br>Sensor: VIIRS_NOAA20_NRT<br>Fecha UTC: 2026-09-23T01:49:00Z<br>Confianza: nominal<br>FRP: 0.5 MW"
      }
    },
    {
      "type": "Feature",
      "geometry": {
        "type": "Point",
        "coordinates": [3.3178, 33.129]
      },
      "properties": {
        "bright_ti4": 300.53,
        "scan": 0.41,
        "track": 0.37,
        "acq_date": "2026-09-23",
        "acq_time": "0149",
        "satellite": "N20",
        "instrument": "VIIRS",
        "confidence": "n",
        "version": "2.0NRT",
        "bright_ti5": 287.04,
        "frp": 0.5,
        "daynight": "N",
        "source_dataset": "VIIRS_NOAA20_NRT",
        "acq_datetime_utc": "2026-09-23T01:49:00Z",
        "age_hours": 16.1,
        "confidence_label": "nominal",
        "popup_label": "<strong>NASA FIRMS<\/strong><br>Sensor: VIIRS_NOAA20_NRT<br>Fecha UTC: 2026-09-23T01:49:00Z<br>Confianza: nominal<br>FRP: 0.5 MW"
      }
    },
    {
      "type": "Feature",
      "geometry": {
        "type": "Point",
        "coordinates": [3.3143, 33.1331]
      },
      "properties": {
        "bright_ti4": 297.31,
        "scan": 0.41,
        "track": 0.37,
        "acq_date": "2026-09-23",
        "acq_time": "0149",
        "satellite": "N20",
        "instrument": "VIIRS",
        "confidence": "n",
        "version": "2.0NRT",
        "bright_ti5": 287.24,
        "frp": 0.48,
        "daynight": "N",
        "source_dataset": "VIIRS_NOAA20_NRT",
        "acq_datetime_utc": "2026-09-23T01:49:00Z",
        "age_hours": 16.1,
        "confidence_label": "nominal",
        "popup_label": "<strong>NASA FIRMS<\/strong><br>Sensor: VIIRS_NOAA20_NRT<br>Fecha UTC: 2026-09-23T01:49:00Z<br>Confianza: nominal<br>FRP: 0.48 MW"
      }
    },
    {
      "type": "Feature",
      "geometry": {
        "type": "Point",
        "coordinates": [3.3662, 33.1415]
      },
      "properties": {
        "bright_ti4": 302.09,
        "scan": 0.41,
        "track": 0.37,
        "acq_date": "2026-09-23",
        "acq_time": "0149",
        "satellite": "N20",
        "instrument": "VIIRS",
        "confidence": "n",
        "version": "2.0NRT",
        "bright_ti5": 285.01,
        "frp": 0.71,
        "daynight": "N",
        "source_dataset": "VIIRS_NOAA20_NRT",
        "acq_datetime_utc": "2026-09-23T01:49:00Z",
        "age_hours": 16.1,
        "confidence_label": "nominal",
        "popup_label": "<strong>NASA FIRMS<\/strong><br>Sensor: VIIRS_NOAA20_NRT<br>Fecha UTC: 2026-09-23T01:49:00Z<br>Confianza: nominal<br>FRP: 0.71 MW"
      }
    },
    {
      "type": "Feature",
      "geometry": {
        "type": "Point",
        "coordinates": [-0.3436, 33.4743]
      },
      "properties": {
        "bright_ti4": 318.13,
        "scan": 0.4,
        "track": 0.37,
        "acq_date": "2026-09-23",
        "acq_time": "0149",
        "satellite": "N20",
        "instrument": "VIIRS",
        "confidence": "n",
        "version": "2.0NRT",
        "bright_ti5": 288.31,
        "frp": 1.34,
        "daynight": "N",
        "source_dataset": "VIIRS_NOAA20_NRT",
        "acq_datetime_utc": "2026-09-23T01:49:00Z",
        "age_hours": 16.1,
        "confidence_label": "nominal",
        "popup_label": "<strong>NASA FIRMS<\/strong><br>Sensor: VIIRS_NOAA20_NRT<br>Fecha UTC: 2026-09-23T01:49:00Z<br>Confianza: nominal<br>FRP: 1.34 MW"
      }
    },
    {
      "type": "Feature",
      "geometry": {
        "type": "Point",
        "coordinates": [-0.3429, 33.4776]
      },
      "properties": {
        "bright_ti4": 299.5,
        "scan": 0.4,
        "track": 0.37,
        "acq_date": "2026-09-23",
        "acq_time": "0149",
        "satellite": "N20",
        "instrument": "VIIRS",
        "confidence": "n",
        "version": "2.0NRT",
        "bright_ti5": 286.9,
        "frp": 0.4,
        "daynight": "N",
        "source_dataset": "VIIRS_NOAA20_NRT",
        "acq_datetime_utc": "2026-09-23T01:49:00Z",
        "age_hours": 16.1,
        "confidence_label": "nominal",
        "popup_label": "<strong>NASA FIRMS<\/strong><br>Sensor: VIIRS_NOAA20_NRT<br>Fecha UTC: 2026-09-23T01:49:00Z<br>Confianza: nominal<br>FRP: 0.4 MW"
      }
    },
    {
      "type": "Feature",
      "geometry": {
        "type": "Point",
        "coordinates": [-5.3328, 33.8446]
      },
      "properties": {
        "bright_ti4": 315.63,
        "scan": 0.43,
        "track": 0.46,
        "acq_date": "2026-09-23",
        "acq_time": "0149",
        "satellite": "N20",
        "instrument": "VIIRS",
        "confidence": "n",
        "version": "2.0NRT",
        "bright_ti5": 288.42,
        "frp": 1.69,
        "daynight": "N",
        "source_dataset": "VIIRS_NOAA20_NRT",
        "acq_datetime_utc": "2026-09-23T01:49:00Z",
        "age_hours": 16.1,
        "confidence_label": "nominal",
        "popup_label": "<strong>NASA FIRMS<\/strong><br>Sensor: VIIRS_NOAA20_NRT<br>Fecha UTC: 2026-09-23T01:49:00Z<br>Confianza: nominal<br>FRP: 1.69 MW"
      }
    },
    {
      "type": "Feature",
      "geometry": {
        "type": "Point",
        "coordinates": [-5.3374, 33.8451]
      },
      "properties": {
        "bright_ti4": 308.45,
        "scan": 0.43,
        "track": 0.46,
        "acq_date": "2026-09-23",
        "acq_time": "0149",
        "satellite": "N20",
        "instrument": "VIIRS",
        "confidence": "n",
        "version": "2.0NRT",
        "bright_ti5": 288.53,
        "frp": 1.47,
        "daynight": "N",
        "source_dataset": "VIIRS_NOAA20_NRT",
        "acq_datetime_utc": "2026-09-23T01:49:00Z",
        "age_hours": 16.1,
        "confidence_label": "nominal",
        "popup_label": "<strong>NASA FIRMS<\/strong><br>Sensor: VIIRS_NOAA20_NRT<br>Fecha UTC: 2026-09-23T01:49:00Z<br>Confianza: nominal<br>FRP: 1.47 MW"
      }
    },
    {
      "type": "Feature",
      "geometry": {
        "type": "Point",
        "coordinates": [-2.3467, 34.5963]
      },
      "properties": {
        "bright_ti4": 303.8,
        "scan": 0.47,
        "track": 0.4,
        "acq_date": "2026-09-23",
        "acq_time": "0149",
        "satellite": "N20",
        "instrument": "VIIRS",
        "confidence": "n",
        "version": "2.0NRT",
        "bright_ti5": 290.3,
        "frp": 1.48,
        "daynight": "N",
        "source_dataset": "VIIRS_NOAA20_NRT",
        "acq_datetime_utc": "2026-09-23T01:49:00Z",
        "age_hours": 16.1,
        "confidence_label": "nominal",
        "popup_label": "<strong>NASA FIRMS<\/strong><br>Sensor: VIIRS_NOAA20_NRT<br>Fecha UTC: 2026-09-23T01:49:00Z<br>Confianza: nominal<br>FRP: 1.48 MW"
      }
    },
    {
      "type": "Feature",
      "geometry": {
        "type": "Point",
        "coordinates": [-2.3459, 34.5967]
      },
      "properties": {
        "bright_ti4": 305.71,
        "scan": 0.47,
        "track": 0.4,
        "acq_date": "2026-09-23",
        "acq_time": "0149",
        "satellite": "N20",
        "instrument": "VIIRS",
        "confidence": "n",
        "version": "2.0NRT",
        "bright_ti5": 289.91,
        "frp": 0.74,
        "daynight": "N",
        "source_dataset": "VIIRS_NOAA20_NRT",
        "acq_datetime_utc": "2026-09-23T01:49:00Z",
        "age_hours": 16.1,
        "confidence_label": "nominal",
        "popup_label": "<strong>NASA FIRMS<\/strong><br>Sensor: VIIRS_NOAA20_NRT<br>Fecha UTC: 2026-09-23T01:49:00Z<br>Confianza: nominal<br>FRP: 0.74 MW"
      }
    },
    {
      "type": "Feature",
      "geometry": {
        "type": "Point",
        "coordinates": [2.0584, 34.4363]
      },
      "properties": {
        "bright_ti4": 306.62,
        "scan": 0.39,
        "track": 0.36,
        "acq_date": "2026-09-23",
        "acq_time": "0147",
        "satellite": "N20",
        "instrument": "VIIRS",
        "confidence": "n",
        "version": "2.0NRT",
        "bright_ti5": 288.41,
        "frp": 1.06,
        "daynight": "N",
        "source_dataset": "VIIRS_NOAA20_NRT",
        "acq_datetime_utc": "2026-09-23T01:47:00Z",
        "age_hours": 16.1,
        "confidence_label": "nominal",
        "popup_label": "<strong>NASA FIRMS<\/strong><br>Sensor: VIIRS_NOAA20_NRT<br>Fecha UTC: 2026-09-23T01:47:00Z<br>Confianza: nominal<br>FRP: 1.06 MW"
      }
    },
    {
      "type": "Feature",
      "geometry": {
        "type": "Point",
        "coordinates": [-0.9429, 34.9438]
      },
      "properties": {
        "bright_ti4": 302.88,
        "scan": 0.42,
        "track": 0.38,
        "acq_date": "2026-09-23",
        "acq_time": "0147",
        "satellite": "N20",
        "instrument": "VIIRS",
        "confidence": "n",
        "version": "2.0NRT",
        "bright_ti5": 287.95,
        "frp": 0.39,
        "daynight": "N",
        "source_dataset": "VIIRS_NOAA20_NRT",
        "acq_datetime_utc": "2026-09-23T01:47:00Z",
        "age_hours": 16.1,
        "confidence_label": "nominal",
        "popup_label": "<strong>NASA FIRMS<\/strong><br>Sensor: VIIRS_NOAA20_NRT<br>Fecha UTC: 2026-09-23T01:47:00Z<br>Confianza: nominal<br>FRP: 0.39 MW"
      }
    },
    {
      "type": "Feature",
      "geometry": {
        "type": "Point",
        "coordinates": [-0.2775, 35.5302]
      },
      "properties": {
        "bright_ti4": 304,
        "scan": 0.41,
        "track": 0.37,
        "acq_date": "2026-09-23",
        "acq_time": "0147",
        "satellite": "N20",
        "instrument": "VIIRS",
        "confidence": "n",
        "version": "2.0NRT",
        "bright_ti5": 290.43,
        "frp": 0.84,
        "daynight": "N",
        "source_dataset": "VIIRS_NOAA20_NRT",
        "acq_datetime_utc": "2026-09-23T01:47:00Z",
        "age_hours": 16.1,
        "confidence_label": "nominal",
        "popup_label": "<strong>NASA FIRMS<\/strong><br>Sensor: VIIRS_NOAA20_NRT<br>Fecha UTC: 2026-09-23T01:47:00Z<br>Confianza: nominal<br>FRP: 0.84 MW"
      }
    },
    {
      "type": "Feature",
      "geometry": {
        "type": "Point",
        "coordinates": [-0.2768, 35.5335]
      },
      "properties": {
        "bright_ti4": 305.11,
        "scan": 0.41,
        "track": 0.37,
        "acq_date": "2026-09-23",
        "acq_time": "0147",
        "satellite": "N20",
        "instrument": "VIIRS",
        "confidence": "n",
        "version": "2.0NRT",
        "bright_ti5": 292.04,
        "frp": 0.84,
        "daynight": "N",
        "source_dataset": "VIIRS_NOAA20_NRT",
        "acq_datetime_utc": "2026-09-23T01:47:00Z",
        "age_hours": 16.1,
        "confidence_label": "nominal",
        "popup_label": "<strong>NASA FIRMS<\/strong><br>Sensor: VIIRS_NOAA20_NRT<br>Fecha UTC: 2026-09-23T01:47:00Z<br>Confianza: nominal<br>FRP: 0.84 MW"
      }
    },
    {
      "type": "Feature",
      "geometry": {
        "type": "Point",
        "coordinates": [-0.9394, 35.5686]
      },
      "properties": {
        "bright_ti4": 306.99,
        "scan": 0.43,
        "track": 0.38,
        "acq_date": "2026-09-23",
        "acq_time": "0147",
        "satellite": "N20",
        "instrument": "VIIRS",
        "confidence": "n",
        "version": "2.0NRT",
        "bright_ti5": 290.08,
        "frp": 0.86,
        "daynight": "N",
        "source_dataset": "VIIRS_NOAA20_NRT",
        "acq_datetime_utc": "2026-09-23T01:47:00Z",
        "age_hours": 16.1,
        "confidence_label": "nominal",
        "popup_label": "<strong>NASA FIRMS<\/strong><br>Sensor: VIIRS_NOAA20_NRT<br>Fecha UTC: 2026-09-23T01:47:00Z<br>Confianza: nominal<br>FRP: 0.86 MW"
      }
    },
    {
      "type": "Feature",
      "geometry": {
        "type": "Point",
        "coordinates": [4.4783, 35.7097]
      },
      "properties": {
        "bright_ti4": 307.09,
        "scan": 0.42,
        "track": 0.38,
        "acq_date": "2026-09-23",
        "acq_time": "0147",
        "satellite": "N20",
        "instrument": "VIIRS",
        "confidence": "n",
        "version": "2.0NRT",
        "bright_ti5": 290.27,
        "frp": 1.35,
        "daynight": "N",
        "source_dataset": "VIIRS_NOAA20_NRT",
        "acq_datetime_utc": "2026-09-23T01:47:00Z",
        "age_hours": 16.1,
        "confidence_label": "nominal",
        "popup_label": "<strong>NASA FIRMS<\/strong><br>Sensor: VIIRS_NOAA20_NRT<br>Fecha UTC: 2026-09-23T01:47:00Z<br>Confianza: nominal<br>FRP: 1.35 MW"
      }
    },
    {
      "type": "Feature",
      "geometry": {
        "type": "Point",
        "coordinates": [-0.2601, 35.7656]
      },
      "properties": {
        "bright_ti4": 302.93,
        "scan": 0.41,
        "track": 0.37,
        "acq_date": "2026-09-23",
        "acq_time": "0147",
        "satellite": "N20",
        "instrument": "VIIRS",
        "confidence": "n",
        "version": "2.0NRT",
        "bright_ti5": 292.58,
        "frp": 1.07,
        "daynight": "N",
        "source_dataset": "VIIRS_NOAA20_NRT",
        "acq_datetime_utc": "2026-09-23T01:47:00Z",
        "age_hours": 16.1,
        "confidence_label": "nominal",
        "popup_label": "<strong>NASA FIRMS<\/strong><br>Sensor: VIIRS_NOAA20_NRT<br>Fecha UTC: 2026-09-23T01:47:00Z<br>Confianza: nominal<br>FRP: 1.07 MW"
      }
    },
    {
      "type": "Feature",
      "geometry": {
        "type": "Point",
        "coordinates": [-0.2684, 35.7702]
      },
      "properties": {
        "bright_ti4": 303.83,
        "scan": 0.41,
        "track": 0.37,
        "acq_date": "2026-09-23",
        "acq_time": "0147",
        "satellite": "N20",
        "instrument": "VIIRS",
        "confidence": "n",
        "version": "2.0NRT",
        "bright_ti5": 293.39,
        "frp": 1.94,
        "daynight": "N",
        "source_dataset": "VIIRS_NOAA20_NRT",
        "acq_datetime_utc": "2026-09-23T01:47:00Z",
        "age_hours": 16.1,
        "confidence_label": "nominal",
        "popup_label": "<strong>NASA FIRMS<\/strong><br>Sensor: VIIRS_NOAA20_NRT<br>Fecha UTC: 2026-09-23T01:47:00Z<br>Confianza: nominal<br>FRP: 1.94 MW"
      }
    },
    {
      "type": "Feature",
      "geometry": {
        "type": "Point",
        "coordinates": [0.5414, 35.7839]
      },
      "properties": {
        "bright_ti4": 305.74,
        "scan": 0.39,
        "track": 0.36,
        "acq_date": "2026-09-23",
        "acq_time": "0147",
        "satellite": "N20",
        "instrument": "VIIRS",
        "confidence": "n",
        "version": "2.0NRT",
        "bright_ti5": 292.01,
        "frp": 0.42,
        "daynight": "N",
        "source_dataset": "VIIRS_NOAA20_NRT",
        "acq_datetime_utc": "2026-09-23T01:47:00Z",
        "age_hours": 16.1,
        "confidence_label": "nominal",
        "popup_label": "<strong>NASA FIRMS<\/strong><br>Sensor: VIIRS_NOAA20_NRT<br>Fecha UTC: 2026-09-23T01:47:00Z<br>Confianza: nominal<br>FRP: 0.42 MW"
      }
    },
    {
      "type": "Feature",
      "geometry": {
        "type": "Point",
        "coordinates": [-0.2427, 35.805]
      },
      "properties": {
        "bright_ti4": 308.14,
        "scan": 0.41,
        "track": 0.37,
        "acq_date": "2026-09-23",
        "acq_time": "0147",
        "satellite": "N20",
        "instrument": "VIIRS",
        "confidence": "n",
        "version": "2.0NRT",
        "bright_ti5": 293.57,
        "frp": 1.28,
        "daynight": "N",
        "source_dataset": "VIIRS_NOAA20_NRT",
        "acq_datetime_utc": "2026-09-23T01:47:00Z",
        "age_hours": 16.1,
        "confidence_label": "nominal",
        "popup_label": "<strong>NASA FIRMS<\/strong><br>Sensor: VIIRS_NOAA20_NRT<br>Fecha UTC: 2026-09-23T01:47:00Z<br>Confianza: nominal<br>FRP: 1.28 MW"
      }
    },
    {
      "type": "Feature",
      "geometry": {
        "type": "Point",
        "coordinates": [-0.2555, 35.8103]
      },
      "properties": {
        "bright_ti4": 336.13,
        "scan": 0.41,
        "track": 0.37,
        "acq_date": "2026-09-23",
        "acq_time": "0147",
        "satellite": "N20",
        "instrument": "VIIRS",
        "confidence": "n",
        "version": "2.0NRT",
        "bright_ti5": 293.77,
        "frp": 2.62,
        "daynight": "N",
        "source_dataset": "VIIRS_NOAA20_NRT",
        "acq_datetime_utc": "2026-09-23T01:47:00Z",
        "age_hours": 16.1,
        "confidence_label": "nominal",
        "popup_label": "<strong>NASA FIRMS<\/strong><br>Sensor: VIIRS_NOAA20_NRT<br>Fecha UTC: 2026-09-23T01:47:00Z<br>Confianza: nominal<br>FRP: 2.62 MW"
      }
    },
    {
      "type": "Feature",
      "geometry": {
        "type": "Point",
        "coordinates": [-0.2735, 35.8128]
      },
      "properties": {
        "bright_ti4": 304.18,
        "scan": 0.41,
        "track": 0.37,
        "acq_date": "2026-09-23",
        "acq_time": "0147",
        "satellite": "N20",
        "instrument": "VIIRS",
        "confidence": "n",
        "version": "2.0NRT",
        "bright_ti5": 291.36,
        "frp": 0.54,
        "daynight": "N",
        "source_dataset": "VIIRS_NOAA20_NRT",
        "acq_datetime_utc": "2026-09-23T01:47:00Z",
        "age_hours": 16.1,
        "confidence_label": "nominal",
        "popup_label": "<strong>NASA FIRMS<\/strong><br>Sensor: VIIRS_NOAA20_NRT<br>Fecha UTC: 2026-09-23T01:47:00Z<br>Confianza: nominal<br>FRP: 0.54 MW"
      }
    },
    {
      "type": "Feature",
      "geometry": {
        "type": "Point",
        "coordinates": [-0.2728, 35.8162]
      },
      "properties": {
        "bright_ti4": 303.19,
        "scan": 0.41,
        "track": 0.37,
        "acq_date": "2026-09-23",
        "acq_time": "0147",
        "satellite": "N20",
        "instrument": "VIIRS",
        "confidence": "n",
        "version": "2.0NRT",
        "bright_ti5": 292.17,
        "frp": 0.77,
        "daynight": "N",
        "source_dataset": "VIIRS_NOAA20_NRT",
        "acq_datetime_utc": "2026-09-23T01:47:00Z",
        "age_hours": 16.1,
        "confidence_label": "nominal",
        "popup_label": "<strong>NASA FIRMS<\/strong><br>Sensor: VIIRS_NOAA20_NRT<br>Fecha UTC: 2026-09-23T01:47:00Z<br>Confianza: nominal<br>FRP: 0.77 MW"
      }
    },
    {
      "type": "Feature",
      "geometry": {
        "type": "Point",
        "coordinates": [4.4467, 35.8781]
      },
      "properties": {
        "bright_ti4": 307.39,
        "scan": 0.42,
        "track": 0.37,
        "acq_date": "2026-09-23",
        "acq_time": "0147",
        "satellite": "N20",
        "instrument": "VIIRS",
        "confidence": "n",
        "version": "2.0NRT",
        "bright_ti5": 290.49,
        "frp": 1.08,
        "daynight": "N",
        "source_dataset": "VIIRS_NOAA20_NRT",
        "acq_datetime_utc": "2026-09-23T01:47:00Z",
        "age_hours": 16.1,
        "confidence_label": "nominal",
        "popup_label": "<strong>NASA FIRMS<\/strong><br>Sensor: VIIRS_NOAA20_NRT<br>Fecha UTC: 2026-09-23T01:47:00Z<br>Confianza: nominal<br>FRP: 1.08 MW"
      }
    },
    {
      "type": "Feature",
      "geometry": {
        "type": "Point",
        "coordinates": [0.4323, 35.9586]
      },
      "properties": {
        "bright_ti4": 302.78,
        "scan": 0.4,
        "track": 0.37,
        "acq_date": "2026-09-23",
        "acq_time": "0147",
        "satellite": "N20",
        "instrument": "VIIRS",
        "confidence": "n",
        "version": "2.0NRT",
        "bright_ti5": 288.94,
        "frp": 0.67,
        "daynight": "N",
        "source_dataset": "VIIRS_NOAA20_NRT",
        "acq_datetime_utc": "2026-09-23T01:47:00Z",
        "age_hours": 16.1,
        "confidence_label": "nominal",
        "popup_label": "<strong>NASA FIRMS<\/strong><br>Sensor: VIIRS_NOAA20_NRT<br>Fecha UTC: 2026-09-23T01:47:00Z<br>Confianza: nominal<br>FRP: 0.67 MW"
      }
    },
    {
      "type": "Feature",
      "geometry": {
        "type": "Point",
        "coordinates": [0.1265, 36.0159]
      },
      "properties": {
        "bright_ti4": 310.91,
        "scan": 0.4,
        "track": 0.37,
        "acq_date": "2026-09-23",
        "acq_time": "0147",
        "satellite": "N20",
        "instrument": "VIIRS",
        "confidence": "n",
        "version": "2.0NRT",
        "bright_ti5": 290.05,
        "frp": 0.78,
        "daynight": "N",
        "source_dataset": "VIIRS_NOAA20_NRT",
        "acq_datetime_utc": "2026-09-23T01:47:00Z",
        "age_hours": 16.1,
        "confidence_label": "nominal",
        "popup_label": "<strong>NASA FIRMS<\/strong><br>Sensor: VIIRS_NOAA20_NRT<br>Fecha UTC: 2026-09-23T01:47:00Z<br>Confianza: nominal<br>FRP: 0.78 MW"
      }
    },
    {
      "type": "Feature",
      "geometry": {
        "type": "Point",
        "coordinates": [1.2418, 36.1284]
      },
      "properties": {
        "bright_ti4": 309.59,
        "scan": 0.39,
        "track": 0.36,
        "acq_date": "2026-09-23",
        "acq_time": "0147",
        "satellite": "N20",
        "instrument": "VIIRS",
        "confidence": "n",
        "version": "2.0NRT",
        "bright_ti5": 293.3,
        "frp": 1.22,
        "daynight": "N",
        "source_dataset": "VIIRS_NOAA20_NRT",
        "acq_datetime_utc": "2026-09-23T01:47:00Z",
        "age_hours": 16.1,
        "confidence_label": "nominal",
        "popup_label": "<strong>NASA FIRMS<\/strong><br>Sensor: VIIRS_NOAA20_NRT<br>Fecha UTC: 2026-09-23T01:47:00Z<br>Confianza: nominal<br>FRP: 1.22 MW"
      }
    },
    {
      "type": "Feature",
      "geometry": {
        "type": "Point",
        "coordinates": [2.9273, 36.141]
      },
      "properties": {
        "bright_ti4": 309.11,
        "scan": 0.39,
        "track": 0.36,
        "acq_date": "2026-09-23",
        "acq_time": "0147",
        "satellite": "N20",
        "instrument": "VIIRS",
        "confidence": "n",
        "version": "2.0NRT",
        "bright_ti5": 286.8,
        "frp": 0.64,
        "daynight": "N",
        "source_dataset": "VIIRS_NOAA20_NRT",
        "acq_datetime_utc": "2026-09-23T01:47:00Z",
        "age_hours": 16.1,
        "confidence_label": "nominal",
        "popup_label": "<strong>NASA FIRMS<\/strong><br>Sensor: VIIRS_NOAA20_NRT<br>Fecha UTC: 2026-09-23T01:47:00Z<br>Confianza: nominal<br>FRP: 0.64 MW"
      }
    },
    {
      "type": "Feature",
      "geometry": {
        "type": "Point",
        "coordinates": [2.8805, 36.5963]
      },
      "properties": {
        "bright_ti4": 300.21,
        "scan": 0.39,
        "track": 0.36,
        "acq_date": "2026-09-23",
        "acq_time": "0147",
        "satellite": "N20",
        "instrument": "VIIRS",
        "confidence": "n",
        "version": "2.0NRT",
        "bright_ti5": 288.94,
        "frp": 0.58,
        "daynight": "N",
        "source_dataset": "VIIRS_NOAA20_NRT",
        "acq_datetime_utc": "2026-09-23T01:47:00Z",
        "age_hours": 16.1,
        "confidence_label": "nominal",
        "popup_label": "<strong>NASA FIRMS<\/strong><br>Sensor: VIIRS_NOAA20_NRT<br>Fecha UTC: 2026-09-23T01:47:00Z<br>Confianza: nominal<br>FRP: 0.58 MW"
      }
    },
    {
      "type": "Feature",
      "geometry": {
        "type": "Point",
        "coordinates": [2.8763, 36.597]
      },
      "properties": {
        "bright_ti4": 305.07,
        "scan": 0.39,
        "track": 0.36,
        "acq_date": "2026-09-23",
        "acq_time": "0147",
        "satellite": "N20",
        "instrument": "VIIRS",
        "confidence": "n",
        "version": "2.0NRT",
        "bright_ti5": 289.32,
        "frp": 0.58,
        "daynight": "N",
        "source_dataset": "VIIRS_NOAA20_NRT",
        "acq_datetime_utc": "2026-09-23T01:47:00Z",
        "age_hours": 16.1,
        "confidence_label": "nominal",
        "popup_label": "<strong>NASA FIRMS<\/strong><br>Sensor: VIIRS_NOAA20_NRT<br>Fecha UTC: 2026-09-23T01:47:00Z<br>Confianza: nominal<br>FRP: 0.58 MW"
      }
    },
    {
      "type": "Feature",
      "geometry": {
        "type": "Point",
        "coordinates": [3.1235, 36.6825]
      },
      "properties": {
        "bright_ti4": 305.27,
        "scan": 0.39,
        "track": 0.36,
        "acq_date": "2026-09-23",
        "acq_time": "0147",
        "satellite": "N20",
        "instrument": "VIIRS",
        "confidence": "n",
        "version": "2.0NRT",
        "bright_ti5": 290.88,
        "frp": 1.07,
        "daynight": "N",
        "source_dataset": "VIIRS_NOAA20_NRT",
        "acq_datetime_utc": "2026-09-23T01:47:00Z",
        "age_hours": 16.1,
        "confidence_label": "nominal",
        "popup_label": "<strong>NASA FIRMS<\/strong><br>Sensor: VIIRS_NOAA20_NRT<br>Fecha UTC: 2026-09-23T01:47:00Z<br>Confianza: nominal<br>FRP: 1.07 MW"
      }
    },
    {
      "type": "Feature",
      "geometry": {
        "type": "Point",
        "coordinates": [3.0806, 36.7477]
      },
      "properties": {
        "bright_ti4": 313.99,
        "scan": 0.39,
        "track": 0.36,
        "acq_date": "2026-09-23",
        "acq_time": "0147",
        "satellite": "N20",
        "instrument": "VIIRS",
        "confidence": "n",
        "version": "2.0NRT",
        "bright_ti5": 291.29,
        "frp": 0.94,
        "daynight": "N",
        "source_dataset": "VIIRS_NOAA20_NRT",
        "acq_datetime_utc": "2026-09-23T01:47:00Z",
        "age_hours": 16.1,
        "confidence_label": "nominal",
        "popup_label": "<strong>NASA FIRMS<\/strong><br>Sensor: VIIRS_NOAA20_NRT<br>Fecha UTC: 2026-09-23T01:47:00Z<br>Confianza: nominal<br>FRP: 0.94 MW"
      }
    },
    {
      "type": "Feature",
      "geometry": {
        "type": "Point",
        "coordinates": [3.0815, 36.751]
      },
      "properties": {
        "bright_ti4": 309.69,
        "scan": 0.39,
        "track": 0.36,
        "acq_date": "2026-09-23",
        "acq_time": "0147",
        "satellite": "N20",
        "instrument": "VIIRS",
        "confidence": "n",
        "version": "2.0NRT",
        "bright_ti5": 292.57,
        "frp": 0.94,
        "daynight": "N",
        "source_dataset": "VIIRS_NOAA20_NRT",
        "acq_datetime_utc": "2026-09-23T01:47:00Z",
        "age_hours": 16.1,
        "confidence_label": "nominal",
        "popup_label": "<strong>NASA FIRMS<\/strong><br>Sensor: VIIRS_NOAA20_NRT<br>Fecha UTC: 2026-09-23T01:47:00Z<br>Confianza: nominal<br>FRP: 0.94 MW"
      }
    },
    {
      "type": "Feature",
      "geometry": {
        "type": "Point",
        "coordinates": [-1.9065, 36.968]
      },
      "properties": {
        "bright_ti4": 309.75,
        "scan": 0.47,
        "track": 0.4,
        "acq_date": "2026-09-23",
        "acq_time": "0147",
        "satellite": "N20",
        "instrument": "VIIRS",
        "confidence": "n",
        "version": "2.0NRT",
        "bright_ti5": 293,
        "frp": 1.35,
        "daynight": "N",
        "source_dataset": "VIIRS_NOAA20_NRT",
        "acq_datetime_utc": "2026-09-23T01:47:00Z",
        "age_hours": 16.1,
        "confidence_label": "nominal",
        "popup_label": "<strong>NASA FIRMS<\/strong><br>Sensor: VIIRS_NOAA20_NRT<br>Fecha UTC: 2026-09-23T01:47:00Z<br>Confianza: nominal<br>FRP: 1.35 MW"
      }
    },
    {
      "type": "Feature",
      "geometry": {
        "type": "Point",
        "coordinates": [-5.8943, 37.0069]
      },
      "properties": {
        "bright_ti4": 301.81,
        "scan": 0.5,
        "track": 0.49,
        "acq_date": "2026-09-23",
        "acq_time": "0147",
        "satellite": "N20",
        "instrument": "VIIRS",
        "confidence": "n",
        "version": "2.0NRT",
        "bright_ti5": 290.54,
        "frp": 0.7,
        "daynight": "N",
        "source_dataset": "VIIRS_NOAA20_NRT",
        "acq_datetime_utc": "2026-09-23T01:47:00Z",
        "age_hours": 16.1,
        "confidence_label": "nominal",
        "popup_label": "<strong>NASA FIRMS<\/strong><br>Sensor: VIIRS_NOAA20_NRT<br>Fecha UTC: 2026-09-23T01:47:00Z<br>Confianza: nominal<br>FRP: 0.7 MW"
      }
    },
    {
      "type": "Feature",
      "geometry": {
        "type": "Point",
        "coordinates": [-5.8925, 37.0085]
      },
      "properties": {
        "bright_ti4": 302.4,
        "scan": 0.5,
        "track": 0.49,
        "acq_date": "2026-09-23",
        "acq_time": "0147",
        "satellite": "N20",
        "instrument": "VIIRS",
        "confidence": "n",
        "version": "2.0NRT",
        "bright_ti5": 290.96,
        "frp": 0.63,
        "daynight": "N",
        "source_dataset": "VIIRS_NOAA20_NRT",
        "acq_datetime_utc": "2026-09-23T01:47:00Z",
        "age_hours": 16.1,
        "confidence_label": "nominal",
        "popup_label": "<strong>NASA FIRMS<\/strong><br>Sensor: VIIRS_NOAA20_NRT<br>Fecha UTC: 2026-09-23T01:47:00Z<br>Confianza: nominal<br>FRP: 0.63 MW"
      }
    },
    {
      "type": "Feature",
      "geometry": {
        "type": "Point",
        "coordinates": [-1.5808, 37.6125]
      },
      "properties": {
        "bright_ti4": 313.02,
        "scan": 0.47,
        "track": 0.4,
        "acq_date": "2026-09-23",
        "acq_time": "0147",
        "satellite": "N20",
        "instrument": "VIIRS",
        "confidence": "n",
        "version": "2.0NRT",
        "bright_ti5": 287.19,
        "frp": 1.59,
        "daynight": "N",
        "source_dataset": "VIIRS_NOAA20_NRT",
        "acq_datetime_utc": "2026-09-23T01:47:00Z",
        "age_hours": 16.1,
        "confidence_label": "nominal",
        "popup_label": "<strong>NASA FIRMS<\/strong><br>Sensor: VIIRS_NOAA20_NRT<br>Fecha UTC: 2026-09-23T01:47:00Z<br>Confianza: nominal<br>FRP: 1.59 MW"
      }
    },
    {
      "type": "Feature",
      "geometry": {
        "type": "Point",
        "coordinates": [-4.9255, 37.6612]
      },
      "properties": {
        "bright_ti4": 326.59,
        "scan": 0.45,
        "track": 0.47,
        "acq_date": "2026-09-23",
        "acq_time": "0147",
        "satellite": "N20",
        "instrument": "VIIRS",
        "confidence": "n",
        "version": "2.0NRT",
        "bright_ti5": 291.47,
        "frp": 1.98,
        "daynight": "N",
        "source_dataset": "VIIRS_NOAA20_NRT",
        "acq_datetime_utc": "2026-09-23T01:47:00Z",
        "age_hours": 16.1,
        "confidence_label": "nominal",
        "popup_label": "<strong>NASA FIRMS<\/strong><br>Sensor: VIIRS_NOAA20_NRT<br>Fecha UTC: 2026-09-23T01:47:00Z<br>Confianza: nominal<br>FRP: 1.98 MW"
      }
    },
    {
      "type": "Feature",
      "geometry": {
        "type": "Point",
        "coordinates": [-4.9265, 37.6635]
      },
      "properties": {
        "bright_ti4": 320.29,
        "scan": 0.45,
        "track": 0.47,
        "acq_date": "2026-09-23",
        "acq_time": "0147",
        "satellite": "N20",
        "instrument": "VIIRS",
        "confidence": "n",
        "version": "2.0NRT",
        "bright_ti5": 291.62,
        "frp": 1.8,
        "daynight": "N",
        "source_dataset": "VIIRS_NOAA20_NRT",
        "acq_datetime_utc": "2026-09-23T01:47:00Z",
        "age_hours": 16.1,
        "confidence_label": "nominal",
        "popup_label": "<strong>NASA FIRMS<\/strong><br>Sensor: VIIRS_NOAA20_NRT<br>Fecha UTC: 2026-09-23T01:47:00Z<br>Confianza: nominal<br>FRP: 1.8 MW"
      }
    },
    {
      "type": "Feature",
      "geometry": {
        "type": "Point",
        "coordinates": [-8.8088, 37.9596]
      },
      "properties": {
        "bright_ti4": 301.75,
        "scan": 0.37,
        "track": 0.58,
        "acq_date": "2026-09-23",
        "acq_time": "0147",
        "satellite": "N20",
        "instrument": "VIIRS",
        "confidence": "n",
        "version": "2.0NRT",
        "bright_ti5": 291.42,
        "frp": 1.85,
        "daynight": "N",
        "source_dataset": "VIIRS_NOAA20_NRT",
        "acq_datetime_utc": "2026-09-23T01:47:00Z",
        "age_hours": 16.1,
        "confidence_label": "nominal",
        "popup_label": "<strong>NASA FIRMS<\/strong><br>Sensor: VIIRS_NOAA20_NRT<br>Fecha UTC: 2026-09-23T01:47:00Z<br>Confianza: nominal<br>FRP: 1.85 MW"
      }
    },
    {
      "type": "Feature",
      "geometry": {
        "type": "Point",
        "coordinates": [-0.5448, 38.3778]
      },
      "properties": {
        "bright_ti4": 305.46,
        "scan": 0.44,
        "track": 0.38,
        "acq_date": "2026-09-23",
        "acq_time": "0147",
        "satellite": "N20",
        "instrument": "VIIRS",
        "confidence": "n",
        "version": "2.0NRT",
        "bright_ti5": 290.87,
        "frp": 1.2,
        "daynight": "N",
        "source_dataset": "VIIRS_NOAA20_NRT",
        "acq_datetime_utc": "2026-09-23T01:47:00Z",
        "age_hours": 16.1,
        "confidence_label": "nominal",
        "popup_label": "<strong>NASA FIRMS<\/strong><br>Sensor: VIIRS_NOAA20_NRT<br>Fecha UTC: 2026-09-23T01:47:00Z<br>Confianza: nominal<br>FRP: 1.2 MW"
      }
    },
    {
      "type": "Feature",
      "geometry": {
        "type": "Point",
        "coordinates": [-5.5966, 38.6532]
      },
      "properties": {
        "bright_ti4": 303.51,
        "scan": 0.5,
        "track": 0.49,
        "acq_date": "2026-09-23",
        "acq_time": "0147",
        "satellite": "N20",
        "instrument": "VIIRS",
        "confidence": "n",
        "version": "2.0NRT",
        "bright_ti5": 289.34,
        "frp": 0.99,
        "daynight": "N",
        "source_dataset": "VIIRS_NOAA20_NRT",
        "acq_datetime_utc": "2026-09-23T01:47:00Z",
        "age_hours": 16.1,
        "confidence_label": "nominal",
        "popup_label": "<strong>NASA FIRMS<\/strong><br>Sensor: VIIRS_NOAA20_NRT<br>Fecha UTC: 2026-09-23T01:47:00Z<br>Confianza: nominal<br>FRP: 0.99 MW"
      }
    },
    {
      "type": "Feature",
      "geometry": {
        "type": "Point",
        "coordinates": [-4.0526, 38.6739]
      },
      "properties": {
        "bright_ti4": 303.5,
        "scan": 0.42,
        "track": 0.45,
        "acq_date": "2026-09-23",
        "acq_time": "0147",
        "satellite": "N20",
        "instrument": "VIIRS",
        "confidence": "n",
        "version": "2.0NRT",
        "bright_ti5": 292.25,
        "frp": 1.38,
        "daynight": "N",
        "source_dataset": "VIIRS_NOAA20_NRT",
        "acq_datetime_utc": "2026-09-23T01:47:00Z",
        "age_hours": 16.1,
        "confidence_label": "nominal",
        "popup_label": "<strong>NASA FIRMS<\/strong><br>Sensor: VIIRS_NOAA20_NRT<br>Fecha UTC: 2026-09-23T01:47:00Z<br>Confianza: nominal<br>FRP: 1.38 MW"
      }
    },
    {
      "type": "Feature",
      "geometry": {
        "type": "Point",
        "coordinates": [-9.013, 38.9222]
      },
      "properties": {
        "bright_ti4": 311.27,
        "scan": 0.38,
        "track": 0.59,
        "acq_date": "2026-09-23",
        "acq_time": "0147",
        "satellite": "N20",
        "instrument": "VIIRS",
        "confidence": "n",
        "version": "2.0NRT",
        "bright_ti5": 294.85,
        "frp": 1.24,
        "daynight": "N",
        "source_dataset": "VIIRS_NOAA20_NRT",
        "acq_datetime_utc": "2026-09-23T01:47:00Z",
        "age_hours": 16.1,
        "confidence_label": "nominal",
        "popup_label": "<strong>NASA FIRMS<\/strong><br>Sensor: VIIRS_NOAA20_NRT<br>Fecha UTC: 2026-09-23T01:47:00Z<br>Confianza: nominal<br>FRP: 1.24 MW"
      }
    },
    {
      "type": "Feature",
      "geometry": {
        "type": "Point",
        "coordinates": [-9.0124, 38.9231]
      },
      "properties": {
        "bright_ti4": 306.36,
        "scan": 0.38,
        "track": 0.59,
        "acq_date": "2026-09-23",
        "acq_time": "0147",
        "satellite": "N20",
        "instrument": "VIIRS",
        "confidence": "n",
        "version": "2.0NRT",
        "bright_ti5": 294.7,
        "frp": 1.43,
        "daynight": "N",
        "source_dataset": "VIIRS_NOAA20_NRT",
        "acq_datetime_utc": "2026-09-23T01:47:00Z",
        "age_hours": 16.1,
        "confidence_label": "nominal",
        "popup_label": "<strong>NASA FIRMS<\/strong><br>Sensor: VIIRS_NOAA20_NRT<br>Fecha UTC: 2026-09-23T01:47:00Z<br>Confianza: nominal<br>FRP: 1.43 MW"
      }
    },
    {
      "type": "Feature",
      "geometry": {
        "type": "Point",
        "coordinates": [-8.9108, 39.6866]
      },
      "properties": {
        "bright_ti4": 299.38,
        "scan": 0.39,
        "track": 0.59,
        "acq_date": "2026-09-23",
        "acq_time": "0147",
        "satellite": "N20",
        "instrument": "VIIRS",
        "confidence": "n",
        "version": "2.0NRT",
        "bright_ti5": 288.8,
        "frp": 0.6,
        "daynight": "N",
        "source_dataset": "VIIRS_NOAA20_NRT",
        "acq_datetime_utc": "2026-09-23T01:47:00Z",
        "age_hours": 16.1,
        "confidence_label": "nominal",
        "popup_label": "<strong>NASA FIRMS<\/strong><br>Sensor: VIIRS_NOAA20_NRT<br>Fecha UTC: 2026-09-23T01:47:00Z<br>Confianza: nominal<br>FRP: 0.6 MW"
      }
    },
    {
      "type": "Feature",
      "geometry": {
        "type": "Point",
        "coordinates": [-4.4496, 40.0573]
      },
      "properties": {
        "bright_ti4": 321.58,
        "scan": 0.45,
        "track": 0.47,
        "acq_date": "2026-09-23",
        "acq_time": "0147",
        "satellite": "N20",
        "instrument": "VIIRS",
        "confidence": "n",
        "version": "2.0NRT",
        "bright_ti5": 286.65,
        "frp": 1.25,
        "daynight": "N",
        "source_dataset": "VIIRS_NOAA20_NRT",
        "acq_datetime_utc": "2026-09-23T01:47:00Z",
        "age_hours": 16.1,
        "confidence_label": "nominal",
        "popup_label": "<strong>NASA FIRMS<\/strong><br>Sensor: VIIRS_NOAA20_NRT<br>Fecha UTC: 2026-09-23T01:47:00Z<br>Confianza: nominal<br>FRP: 1.25 MW"
      }
    },
    {
      "type": "Feature",
      "geometry": {
        "type": "Point",
        "coordinates": [-4.4489, 40.0617]
      },
      "properties": {
        "bright_ti4": 332.33,
        "scan": 0.45,
        "track": 0.47,
        "acq_date": "2026-09-23",
        "acq_time": "0147",
        "satellite": "N20",
        "instrument": "VIIRS",
        "confidence": "n",
        "version": "2.0NRT",
        "bright_ti5": 287.45,
        "frp": 3.08,
        "daynight": "N",
        "source_dataset": "VIIRS_NOAA20_NRT",
        "acq_datetime_utc": "2026-09-23T01:47:00Z",
        "age_hours": 16.1,
        "confidence_label": "nominal",
        "popup_label": "<strong>NASA FIRMS<\/strong><br>Sensor: VIIRS_NOAA20_NRT<br>Fecha UTC: 2026-09-23T01:47:00Z<br>Confianza: nominal<br>FRP: 3.08 MW"
      }
    },
    {
      "type": "Feature",
      "geometry": {
        "type": "Point",
        "coordinates": [-4.4542, 40.0622]
      },
      "properties": {
        "bright_ti4": 309.29,
        "scan": 0.45,
        "track": 0.47,
        "acq_date": "2026-09-23",
        "acq_time": "0147",
        "satellite": "N20",
        "instrument": "VIIRS",
        "confidence": "n",
        "version": "2.0NRT",
        "bright_ti5": 285.89,
        "frp": 1.91,
        "daynight": "N",
        "source_dataset": "VIIRS_NOAA20_NRT",
        "acq_datetime_utc": "2026-09-23T01:47:00Z",
        "age_hours": 16.1,
        "confidence_label": "nominal",
        "popup_label": "<strong>NASA FIRMS<\/strong><br>Sensor: VIIRS_NOAA20_NRT<br>Fecha UTC: 2026-09-23T01:47:00Z<br>Confianza: nominal<br>FRP: 1.91 MW"
      }
    },
    {
      "type": "Feature",
      "geometry": {
        "type": "Point",
        "coordinates": [-3.4773, 40.2438]
      },
      "properties": {
        "bright_ti4": 324.87,
        "scan": 0.4,
        "track": 0.45,
        "acq_date": "2026-09-23",
        "acq_time": "0147",
        "satellite": "N20",
        "instrument": "VIIRS",
        "confidence": "n",
        "version": "2.0NRT",
        "bright_ti5": 290.39,
        "frp": 3.31,
        "daynight": "N",
        "source_dataset": "VIIRS_NOAA20_NRT",
        "acq_datetime_utc": "2026-09-23T01:47:00Z",
        "age_hours": 16.1,
        "confidence_label": "nominal",
        "popup_label": "<strong>NASA FIRMS<\/strong><br>Sensor: VIIRS_NOAA20_NRT<br>Fecha UTC: 2026-09-23T01:47:00Z<br>Confianza: nominal<br>FRP: 3.31 MW"
      }
    },
    {
      "type": "Feature",
      "geometry": {
        "type": "Point",
        "coordinates": [-3.4766, 40.2479]
      },
      "properties": {
        "bright_ti4": 307.56,
        "scan": 0.4,
        "track": 0.45,
        "acq_date": "2026-09-23",
        "acq_time": "0147",
        "satellite": "N20",
        "instrument": "VIIRS",
        "confidence": "n",
        "version": "2.0NRT",
        "bright_ti5": 289.79,
        "frp": 1.13,
        "daynight": "N",
        "source_dataset": "VIIRS_NOAA20_NRT",
        "acq_datetime_utc": "2026-09-23T01:47:00Z",
        "age_hours": 16.1,
        "confidence_label": "nominal",
        "popup_label": "<strong>NASA FIRMS<\/strong><br>Sensor: VIIRS_NOAA20_NRT<br>Fecha UTC: 2026-09-23T01:47:00Z<br>Confianza: nominal<br>FRP: 1.13 MW"
      }
    },
    {
      "type": "Feature",
      "geometry": {
        "type": "Point",
        "coordinates": [-7.0453, 40.7487]
      },
      "properties": {
        "bright_ti4": 309.7,
        "scan": 0.63,
        "track": 0.54,
        "acq_date": "2026-09-23",
        "acq_time": "0147",
        "satellite": "N20",
        "instrument": "VIIRS",
        "confidence": "n",
        "version": "2.0NRT",
        "bright_ti5": 283.09,
        "frp": 2.29,
        "daynight": "N",
        "source_dataset": "VIIRS_NOAA20_NRT",
        "acq_datetime_utc": "2026-09-23T01:47:00Z",
        "age_hours": 16.1,
        "confidence_label": "nominal",
        "popup_label": "<strong>NASA FIRMS<\/strong><br>Sensor: VIIRS_NOAA20_NRT<br>Fecha UTC: 2026-09-23T01:47:00Z<br>Confianza: nominal<br>FRP: 2.29 MW"
      }
    },
    {
      "type": "Feature",
      "geometry": {
        "type": "Point",
        "coordinates": [-8.4992, 41.2753]
      },
      "properties": {
        "bright_ti4": 330.57,
        "scan": 0.38,
        "track": 0.59,
        "acq_date": "2026-09-23",
        "acq_time": "0147",
        "satellite": "N20",
        "instrument": "VIIRS",
        "confidence": "n",
        "version": "2.0NRT",
        "bright_ti5": 291.2,
        "frp": 2.02,
        "daynight": "N",
        "source_dataset": "VIIRS_NOAA20_NRT",
        "acq_datetime_utc": "2026-09-23T01:47:00Z",
        "age_hours": 16.1,
        "confidence_label": "nominal",
        "popup_label": "<strong>NASA FIRMS<\/strong><br>Sensor: VIIRS_NOAA20_NRT<br>Fecha UTC: 2026-09-23T01:47:00Z<br>Confianza: nominal<br>FRP: 2.02 MW"
      }
    },
    {
      "type": "Feature",
      "geometry": {
        "type": "Point",
        "coordinates": [-8.5038, 41.2755]
      },
      "properties": {
        "bright_ti4": 299.83,
        "scan": 0.38,
        "track": 0.59,
        "acq_date": "2026-09-23",
        "acq_time": "0147",
        "satellite": "N20",
        "instrument": "VIIRS",
        "confidence": "n",
        "version": "2.0NRT",
        "bright_ti5": 288.69,
        "frp": 2.02,
        "daynight": "N",
        "source_dataset": "VIIRS_NOAA20_NRT",
        "acq_datetime_utc": "2026-09-23T01:47:00Z",
        "age_hours": 16.1,
        "confidence_label": "nominal",
        "popup_label": "<strong>NASA FIRMS<\/strong><br>Sensor: VIIRS_NOAA20_NRT<br>Fecha UTC: 2026-09-23T01:47:00Z<br>Confianza: nominal<br>FRP: 2.02 MW"
      }
    },
    {
      "type": "Feature",
      "geometry": {
        "type": "Point",
        "coordinates": [-8.5163, 41.2816]
      },
      "properties": {
        "bright_ti4": 318.07,
        "scan": 0.38,
        "track": 0.59,
        "acq_date": "2026-09-23",
        "acq_time": "0147",
        "satellite": "N20",
        "instrument": "VIIRS",
        "confidence": "n",
        "version": "2.0NRT",
        "bright_ti5": 293.84,
        "frp": 3.04,
        "daynight": "N",
        "source_dataset": "VIIRS_NOAA20_NRT",
        "acq_datetime_utc": "2026-09-23T01:47:00Z",
        "age_hours": 16.1,
        "confidence_label": "nominal",
        "popup_label": "<strong>NASA FIRMS<\/strong><br>Sensor: VIIRS_NOAA20_NRT<br>Fecha UTC: 2026-09-23T01:47:00Z<br>Confianza: nominal<br>FRP: 3.04 MW"
      }
    },
    {
      "type": "Feature",
      "geometry": {
        "type": "Point",
        "coordinates": [-8.5104, 41.2922]
      },
      "properties": {
        "bright_ti4": 313.29,
        "scan": 0.38,
        "track": 0.59,
        "acq_date": "2026-09-23",
        "acq_time": "0147",
        "satellite": "N20",
        "instrument": "VIIRS",
        "confidence": "n",
        "version": "2.0NRT",
        "bright_ti5": 292.02,
        "frp": 2.09,
        "daynight": "N",
        "source_dataset": "VIIRS_NOAA20_NRT",
        "acq_datetime_utc": "2026-09-23T01:47:00Z",
        "age_hours": 16.1,
        "confidence_label": "nominal",
        "popup_label": "<strong>NASA FIRMS<\/strong><br>Sensor: VIIRS_NOAA20_NRT<br>Fecha UTC: 2026-09-23T01:47:00Z<br>Confianza: nominal<br>FRP: 2.09 MW"
      }
    },
    {
      "type": "Feature",
      "geometry": {
        "type": "Point",
        "coordinates": [-8.5152, 41.2925]
      },
      "properties": {
        "bright_ti4": 310.7,
        "scan": 0.38,
        "track": 0.59,
        "acq_date": "2026-09-23",
        "acq_time": "0147",
        "satellite": "N20",
        "instrument": "VIIRS",
        "confidence": "n",
        "version": "2.0NRT",
        "bright_ti5": 291.74,
        "frp": 2.1,
        "daynight": "N",
        "source_dataset": "VIIRS_NOAA20_NRT",
        "acq_datetime_utc": "2026-09-23T01:47:00Z",
        "age_hours": 16.1,
        "confidence_label": "nominal",
        "popup_label": "<strong>NASA FIRMS<\/strong><br>Sensor: VIIRS_NOAA20_NRT<br>Fecha UTC: 2026-09-23T01:47:00Z<br>Confianza: nominal<br>FRP: 2.1 MW"
      }
    },
    {
      "type": "Feature",
      "geometry": {
        "type": "Point",
        "coordinates": [-8.1608, 41.3197]
      },
      "properties": {
        "bright_ti4": 307.15,
        "scan": 0.36,
        "track": 0.58,
        "acq_date": "2026-09-23",
        "acq_time": "0147",
        "satellite": "N20",
        "instrument": "VIIRS",
        "confidence": "n",
        "version": "2.0NRT",
        "bright_ti5": 291.59,
        "frp": 0.72,
        "daynight": "N",
        "source_dataset": "VIIRS_NOAA20_NRT",
        "acq_datetime_utc": "2026-09-23T01:47:00Z",
        "age_hours": 16.1,
        "confidence_label": "nominal",
        "popup_label": "<strong>NASA FIRMS<\/strong><br>Sensor: VIIRS_NOAA20_NRT<br>Fecha UTC: 2026-09-23T01:47:00Z<br>Confianza: nominal<br>FRP: 0.72 MW"
      }
    },
    {
      "type": "Feature",
      "geometry": {
        "type": "Point",
        "coordinates": [-8.0164, 41.4282]
      },
      "properties": {
        "bright_ti4": 323.08,
        "scan": 0.36,
        "track": 0.57,
        "acq_date": "2026-09-23",
        "acq_time": "0147",
        "satellite": "N20",
        "instrument": "VIIRS",
        "confidence": "n",
        "version": "2.0NRT",
        "bright_ti5": 292.86,
        "frp": 10.85,
        "daynight": "N",
        "source_dataset": "VIIRS_NOAA20_NRT",
        "acq_datetime_utc": "2026-09-23T01:47:00Z",
        "age_hours": 16.1,
        "confidence_label": "nominal",
        "popup_label": "<strong>NASA FIRMS<\/strong><br>Sensor: VIIRS_NOAA20_NRT<br>Fecha UTC: 2026-09-23T01:47:00Z<br>Confianza: nominal<br>FRP: 10.85 MW"
      }
    },
    {
      "type": "Feature",
      "geometry": {
        "type": "Point",
        "coordinates": [-8.0198, 41.4284]
      },
      "properties": {
        "bright_ti4": 367,
        "scan": 0.36,
        "track": 0.57,
        "acq_date": "2026-09-23",
        "acq_time": "0147",
        "satellite": "N20",
        "instrument": "VIIRS",
        "confidence": "h",
        "version": "2.0NRT",
        "bright_ti5": 296.87,
        "frp": 18.51,
        "daynight": "N",
        "source_dataset": "VIIRS_NOAA20_NRT",
        "acq_datetime_utc": "2026-09-23T01:47:00Z",
        "age_hours": 16.1,
        "confidence_label": "alta",
        "popup_label": "<strong>NASA FIRMS<\/strong><br>Sensor: VIIRS_NOAA20_NRT<br>Fecha UTC: 2026-09-23T01:47:00Z<br>Confianza: alta<br>FRP: 18.51 MW"
      }
    },
    {
      "type": "Feature",
      "geometry": {
        "type": "Point",
        "coordinates": [-8.7317, 41.6406]
      },
      "properties": {
        "bright_ti4": 324.39,
        "scan": 0.39,
        "track": 0.59,
        "acq_date": "2026-09-23",
        "acq_time": "0147",
        "satellite": "N20",
        "instrument": "VIIRS",
        "confidence": "n",
        "version": "2.0NRT",
        "bright_ti5": 288.42,
        "frp": 2.35,
        "daynight": "N",
        "source_dataset": "VIIRS_NOAA20_NRT",
        "acq_datetime_utc": "2026-09-23T01:47:00Z",
        "age_hours": 16.1,
        "confidence_label": "nominal",
        "popup_label": "<strong>NASA FIRMS<\/strong><br>Sensor: VIIRS_NOAA20_NRT<br>Fecha UTC: 2026-09-23T01:47:00Z<br>Confianza: nominal<br>FRP: 2.35 MW"
      }
    },
    {
      "type": "Feature",
      "geometry": {
        "type": "Point",
        "coordinates": [-8.7338, 41.6407]
      },
      "properties": {
        "bright_ti4": 327.18,
        "scan": 0.39,
        "track": 0.59,
        "acq_date": "2026-09-23",
        "acq_time": "0147",
        "satellite": "N20",
        "instrument": "VIIRS",
        "confidence": "n",
        "version": "2.0NRT",
        "bright_ti5": 287.13,
        "frp": 1.99,
        "daynight": "N",
        "source_dataset": "VIIRS_NOAA20_NRT",
        "acq_datetime_utc": "2026-09-23T01:47:00Z",
        "age_hours": 16.1,
        "confidence_label": "nominal",
        "popup_label": "<strong>NASA FIRMS<\/strong><br>Sensor: VIIRS_NOAA20_NRT<br>Fecha UTC: 2026-09-23T01:47:00Z<br>Confianza: nominal<br>FRP: 1.99 MW"
      }
    },
    {
      "type": "Feature",
      "geometry": {
        "type": "Point",
        "coordinates": [-8.6924, 41.6554]
      },
      "properties": {
        "bright_ti4": 308.8,
        "scan": 0.39,
        "track": 0.59,
        "acq_date": "2026-09-23",
        "acq_time": "0147",
        "satellite": "N20",
        "instrument": "VIIRS",
        "confidence": "n",
        "version": "2.0NRT",
        "bright_ti5": 290.8,
        "frp": 0.67,
        "daynight": "N",
        "source_dataset": "VIIRS_NOAA20_NRT",
        "acq_datetime_utc": "2026-09-23T01:47:00Z",
        "age_hours": 16.1,
        "confidence_label": "nominal",
        "popup_label": "<strong>NASA FIRMS<\/strong><br>Sensor: VIIRS_NOAA20_NRT<br>Fecha UTC: 2026-09-23T01:47:00Z<br>Confianza: nominal<br>FRP: 0.67 MW"
      }
    },
    {
      "type": "Feature",
      "geometry": {
        "type": "Point",
        "coordinates": [-8.6978, 41.6557]
      },
      "properties": {
        "bright_ti4": 301.1,
        "scan": 0.39,
        "track": 0.59,
        "acq_date": "2026-09-23",
        "acq_time": "0147",
        "satellite": "N20",
        "instrument": "VIIRS",
        "confidence": "n",
        "version": "2.0NRT",
        "bright_ti5": 289.35,
        "frp": 0.67,
        "daynight": "N",
        "source_dataset": "VIIRS_NOAA20_NRT",
        "acq_datetime_utc": "2026-09-23T01:47:00Z",
        "age_hours": 16.1,
        "confidence_label": "nominal",
        "popup_label": "<strong>NASA FIRMS<\/strong><br>Sensor: VIIRS_NOAA20_NRT<br>Fecha UTC: 2026-09-23T01:47:00Z<br>Confianza: nominal<br>FRP: 0.67 MW"
      }
    },
    {
      "type": "Feature",
      "geometry": {
        "type": "Point",
        "coordinates": [-8.696, 41.6611]
      },
      "properties": {
        "bright_ti4": 316.82,
        "scan": 0.39,
        "track": 0.59,
        "acq_date": "2026-09-23",
        "acq_time": "0147",
        "satellite": "N20",
        "instrument": "VIIRS",
        "confidence": "n",
        "version": "2.0NRT",
        "bright_ti5": 293.94,
        "frp": 3.04,
        "daynight": "N",
        "source_dataset": "VIIRS_NOAA20_NRT",
        "acq_datetime_utc": "2026-09-23T01:47:00Z",
        "age_hours": 16.1,
        "confidence_label": "nominal",
        "popup_label": "<strong>NASA FIRMS<\/strong><br>Sensor: VIIRS_NOAA20_NRT<br>Fecha UTC: 2026-09-23T01:47:00Z<br>Confianza: nominal<br>FRP: 3.04 MW"
      }
    },
    {
      "type": "Feature",
      "geometry": {
        "type": "Point",
        "coordinates": [-8.702, 41.6614]
      },
      "properties": {
        "bright_ti4": 304.18,
        "scan": 0.39,
        "track": 0.59,
        "acq_date": "2026-09-23",
        "acq_time": "0147",
        "satellite": "N20",
        "instrument": "VIIRS",
        "confidence": "n",
        "version": "2.0NRT",
        "bright_ti5": 289.65,
        "frp": 1.53,
        "daynight": "N",
        "source_dataset": "VIIRS_NOAA20_NRT",
        "acq_datetime_utc": "2026-09-23T01:47:00Z",
        "age_hours": 16.1,
        "confidence_label": "nominal",
        "popup_label": "<strong>NASA FIRMS<\/strong><br>Sensor: VIIRS_NOAA20_NRT<br>Fecha UTC: 2026-09-23T01:47:00Z<br>Confianza: nominal<br>FRP: 1.53 MW"
      }
    },
    {
      "type": "Feature",
      "geometry": {
        "type": "Point",
        "coordinates": [1.6624, 41.3126]
      },
      "properties": {
        "bright_ti4": 310.89,
        "scan": 0.4,
        "track": 0.37,
        "acq_date": "2026-09-23",
        "acq_time": "0145",
        "satellite": "N20",
        "instrument": "VIIRS",
        "confidence": "n",
        "version": "2.0NRT",
        "bright_ti5": 292.37,
        "frp": 1.6,
        "daynight": "N",
        "source_dataset": "VIIRS_NOAA20_NRT",
        "acq_datetime_utc": "2026-09-23T01:45:00Z",
        "age_hours": 16.1,
        "confidence_label": "nominal",
        "popup_label": "<strong>NASA FIRMS<\/strong><br>Sensor: VIIRS_NOAA20_NRT<br>Fecha UTC: 2026-09-23T01:45:00Z<br>Confianza: nominal<br>FRP: 1.6 MW"
      }
    },
    {
      "type": "Feature",
      "geometry": {
        "type": "Point",
        "coordinates": [1.9775, 41.4542]
      },
      "properties": {
        "bright_ti4": 316.74,
        "scan": 0.4,
        "track": 0.37,
        "acq_date": "2026-09-23",
        "acq_time": "0145",
        "satellite": "N20",
        "instrument": "VIIRS",
        "confidence": "n",
        "version": "2.0NRT",
        "bright_ti5": 292.68,
        "frp": 1.52,
        "daynight": "N",
        "source_dataset": "VIIRS_NOAA20_NRT",
        "acq_datetime_utc": "2026-09-23T01:45:00Z",
        "age_hours": 16.1,
        "confidence_label": "nominal",
        "popup_label": "<strong>NASA FIRMS<\/strong><br>Sensor: VIIRS_NOAA20_NRT<br>Fecha UTC: 2026-09-23T01:45:00Z<br>Confianza: nominal<br>FRP: 1.52 MW"
      }
    },
    {
      "type": "Feature",
      "geometry": {
        "type": "Point",
        "coordinates": [-1.4902, 41.4742]
      },
      "properties": {
        "bright_ti4": 302.69,
        "scan": 0.51,
        "track": 0.41,
        "acq_date": "2026-09-23",
        "acq_time": "0145",
        "satellite": "N20",
        "instrument": "VIIRS",
        "confidence": "n",
        "version": "2.0NRT",
        "bright_ti5": 288.6,
        "frp": 0.87,
        "daynight": "N",
        "source_dataset": "VIIRS_NOAA20_NRT",
        "acq_datetime_utc": "2026-09-23T01:45:00Z",
        "age_hours": 16.1,
        "confidence_label": "nominal",
        "popup_label": "<strong>NASA FIRMS<\/strong><br>Sensor: VIIRS_NOAA20_NRT<br>Fecha UTC: 2026-09-23T01:45:00Z<br>Confianza: nominal<br>FRP: 0.87 MW"
      }
    },
    {
      "type": "Feature",
      "geometry": {
        "type": "Point",
        "coordinates": [-5.2586, 41.9039]
      },
      "properties": {
        "bright_ti4": 337.51,
        "scan": 0.52,
        "track": 0.5,
        "acq_date": "2026-09-23",
        "acq_time": "0145",
        "satellite": "N20",
        "instrument": "VIIRS",
        "confidence": "n",
        "version": "2.0NRT",
        "bright_ti5": 285.16,
        "frp": 9.82,
        "daynight": "N",
        "source_dataset": "VIIRS_NOAA20_NRT",
        "acq_datetime_utc": "2026-09-23T01:45:00Z",
        "age_hours": 16.1,
        "confidence_label": "nominal",
        "popup_label": "<strong>NASA FIRMS<\/strong><br>Sensor: VIIRS_NOAA20_NRT<br>Fecha UTC: 2026-09-23T01:45:00Z<br>Confianza: nominal<br>FRP: 9.82 MW"
      }
    },
    {
      "type": "Feature",
      "geometry": {
        "type": "Point",
        "coordinates": [-1.7901, 42.1929]
      },
      "properties": {
        "bright_ti4": 299.53,
        "scan": 0.53,
        "track": 0.42,
        "acq_date": "2026-09-23",
        "acq_time": "0145",
        "satellite": "N20",
        "instrument": "VIIRS",
        "confidence": "n",
        "version": "2.0NRT",
        "bright_ti5": 286.26,
        "frp": 0.53,
        "daynight": "N",
        "source_dataset": "VIIRS_NOAA20_NRT",
        "acq_datetime_utc": "2026-09-23T01:45:00Z",
        "age_hours": 16.1,
        "confidence_label": "nominal",
        "popup_label": "<strong>NASA FIRMS<\/strong><br>Sensor: VIIRS_NOAA20_NRT<br>Fecha UTC: 2026-09-23T01:45:00Z<br>Confianza: nominal<br>FRP: 0.53 MW"
      }
    },
    {
      "type": "Feature",
      "geometry": {
        "type": "Point",
        "coordinates": [-2.222, 43.0356]
      },
      "properties": {
        "bright_ti4": 295.62,
        "scan": 0.57,
        "track": 0.43,
        "acq_date": "2026-09-23",
        "acq_time": "0145",
        "satellite": "N20",
        "instrument": "VIIRS",
        "confidence": "n",
        "version": "2.0NRT",
        "bright_ti5": 284.93,
        "frp": 0.55,
        "daynight": "N",
        "source_dataset": "VIIRS_NOAA20_NRT",
        "acq_datetime_utc": "2026-09-23T01:45:00Z",
        "age_hours": 16.1,
        "confidence_label": "nominal",
        "popup_label": "<strong>NASA FIRMS<\/strong><br>Sensor: VIIRS_NOAA20_NRT<br>Fecha UTC: 2026-09-23T01:45:00Z<br>Confianza: nominal<br>FRP: 0.55 MW"
      }
    },
    {
      "type": "Feature",
      "geometry": {
        "type": "Point",
        "coordinates": [-5.3319, 43.2207]
      },
      "properties": {
        "bright_ti4": 309.14,
        "scan": 0.54,
        "track": 0.51,
        "acq_date": "2026-09-23",
        "acq_time": "0145",
        "satellite": "N20",
        "instrument": "VIIRS",
        "confidence": "n",
        "version": "2.0NRT",
        "bright_ti5": 286.81,
        "frp": 2.39,
        "daynight": "N",
        "source_dataset": "VIIRS_NOAA20_NRT",
        "acq_datetime_utc": "2026-09-23T01:45:00Z",
        "age_hours": 16.1,
        "confidence_label": "nominal",
        "popup_label": "<strong>NASA FIRMS<\/strong><br>Sensor: VIIRS_NOAA20_NRT<br>Fecha UTC: 2026-09-23T01:45:00Z<br>Confianza: nominal<br>FRP: 2.39 MW"
      }
    },
    {
      "type": "Feature",
      "geometry": {
        "type": "Point",
        "coordinates": [-5.3319, 43.2227]
      },
      "properties": {
        "bright_ti4": 330.75,
        "scan": 0.54,
        "track": 0.51,
        "acq_date": "2026-09-23",
        "acq_time": "0145",
        "satellite": "N20",
        "instrument": "VIIRS",
        "confidence": "n",
        "version": "2.0NRT",
        "bright_ti5": 286.69,
        "frp": 3.54,
        "daynight": "N",
        "source_dataset": "VIIRS_NOAA20_NRT",
        "acq_datetime_utc": "2026-09-23T01:45:00Z",
        "age_hours": 16.1,
        "confidence_label": "nominal",
        "popup_label": "<strong>NASA FIRMS<\/strong><br>Sensor: VIIRS_NOAA20_NRT<br>Fecha UTC: 2026-09-23T01:45:00Z<br>Confianza: nominal<br>FRP: 3.54 MW"
      }
    },
    {
      "type": "Feature",
      "geometry": {
        "type": "Point",
        "coordinates": [-5.3305, 43.2253]
      },
      "properties": {
        "bright_ti4": 323.34,
        "scan": 0.54,
        "track": 0.51,
        "acq_date": "2026-09-23",
        "acq_time": "0145",
        "satellite": "N20",
        "instrument": "VIIRS",
        "confidence": "n",
        "version": "2.0NRT",
        "bright_ti5": 284.77,
        "frp": 2.39,
        "daynight": "N",
        "source_dataset": "VIIRS_NOAA20_NRT",
        "acq_datetime_utc": "2026-09-23T01:45:00Z",
        "age_hours": 16.1,
        "confidence_label": "nominal",
        "popup_label": "<strong>NASA FIRMS<\/strong><br>Sensor: VIIRS_NOAA20_NRT<br>Fecha UTC: 2026-09-23T01:45:00Z<br>Confianza: nominal<br>FRP: 2.39 MW"
      }
    },
    {
      "type": "Feature",
      "geometry": {
        "type": "Point",
        "coordinates": [-3.8389, 43.4119]
      },
      "properties": {
        "bright_ti4": 304.62,
        "scan": 0.46,
        "track": 0.47,
        "acq_date": "2026-09-23",
        "acq_time": "0145",
        "satellite": "N20",
        "instrument": "VIIRS",
        "confidence": "n",
        "version": "2.0NRT",
        "bright_ti5": 287.53,
        "frp": 0.95,
        "daynight": "N",
        "source_dataset": "VIIRS_NOAA20_NRT",
        "acq_datetime_utc": "2026-09-23T01:45:00Z",
        "age_hours": 16.1,
        "confidence_label": "nominal",
        "popup_label": "<strong>NASA FIRMS<\/strong><br>Sensor: VIIRS_NOAA20_NRT<br>Fecha UTC: 2026-09-23T01:45:00Z<br>Confianza: nominal<br>FRP: 0.95 MW"
      }
    },
    {
      "type": "Feature",
      "geometry": {
        "type": "Point",
        "coordinates": [-3.8446, 43.4124]
      },
      "properties": {
        "bright_ti4": 299.48,
        "scan": 0.46,
        "track": 0.47,
        "acq_date": "2026-09-23",
        "acq_time": "0145",
        "satellite": "N20",
        "instrument": "VIIRS",
        "confidence": "n",
        "version": "2.0NRT",
        "bright_ti5": 285.66,
        "frp": 0.95,
        "daynight": "N",
        "source_dataset": "VIIRS_NOAA20_NRT",
        "acq_datetime_utc": "2026-09-23T01:45:00Z",
        "age_hours": 16.1,
        "confidence_label": "nominal",
        "popup_label": "<strong>NASA FIRMS<\/strong><br>Sensor: VIIRS_NOAA20_NRT<br>Fecha UTC: 2026-09-23T01:45:00Z<br>Confianza: nominal<br>FRP: 0.95 MW"
      }
    },
    {
      "type": "Feature",
      "geometry": {
        "type": "Point",
        "coordinates": [-5.7342, 43.5236]
      },
      "properties": {
        "bright_ti4": 334.54,
        "scan": 0.57,
        "track": 0.52,
        "acq_date": "2026-09-23",
        "acq_time": "0145",
        "satellite": "N20",
        "instrument": "VIIRS",
        "confidence": "n",
        "version": "2.0NRT",
        "bright_ti5": 289.44,
        "frp": 3.87,
        "daynight": "N",
        "source_dataset": "VIIRS_NOAA20_NRT",
        "acq_datetime_utc": "2026-09-23T01:45:00Z",
        "age_hours": 16.1,
        "confidence_label": "nominal",
        "popup_label": "<strong>NASA FIRMS<\/strong><br>Sensor: VIIRS_NOAA20_NRT<br>Fecha UTC: 2026-09-23T01:45:00Z<br>Confianza: nominal<br>FRP: 3.87 MW"
      }
    },
    {
      "type": "Feature",
      "geometry": {
        "type": "Point",
        "coordinates": [-5.7409, 43.5241]
      },
      "properties": {
        "bright_ti4": 307.43,
        "scan": 0.57,
        "track": 0.52,
        "acq_date": "2026-09-23",
        "acq_time": "0145",
        "satellite": "N20",
        "instrument": "VIIRS",
        "confidence": "n",
        "version": "2.0NRT",
        "bright_ti5": 286.81,
        "frp": 3.87,
        "daynight": "N",
        "source_dataset": "VIIRS_NOAA20_NRT",
        "acq_datetime_utc": "2026-09-23T01:45:00Z",
        "age_hours": 16.1,
        "confidence_label": "nominal",
        "popup_label": "<strong>NASA FIRMS<\/strong><br>Sensor: VIIRS_NOAA20_NRT<br>Fecha UTC: 2026-09-23T01:45:00Z<br>Confianza: nominal<br>FRP: 3.87 MW"
      }
    },
    {
      "type": "Feature",
      "geometry": {
        "type": "Point",
        "coordinates": [-5.7335, 43.5284]
      },
      "properties": {
        "bright_ti4": 347.58,
        "scan": 0.57,
        "track": 0.52,
        "acq_date": "2026-09-23",
        "acq_time": "0145",
        "satellite": "N20",
        "instrument": "VIIRS",
        "confidence": "n",
        "version": "2.0NRT",
        "bright_ti5": 290.24,
        "frp": 13.47,
        "daynight": "N",
        "source_dataset": "VIIRS_NOAA20_NRT",
        "acq_datetime_utc": "2026-09-23T01:45:00Z",
        "age_hours": 16.1,
        "confidence_label": "nominal",
        "popup_label": "<strong>NASA FIRMS<\/strong><br>Sensor: VIIRS_NOAA20_NRT<br>Fecha UTC: 2026-09-23T01:45:00Z<br>Confianza: nominal<br>FRP: 13.47 MW"
      }
    },
    {
      "type": "Feature",
      "geometry": {
        "type": "Point",
        "coordinates": [-5.8327, 43.5399]
      },
      "properties": {
        "bright_ti4": 321.38,
        "scan": 0.58,
        "track": 0.52,
        "acq_date": "2026-09-23",
        "acq_time": "0145",
        "satellite": "N20",
        "instrument": "VIIRS",
        "confidence": "n",
        "version": "2.0NRT",
        "bright_ti5": 287.53,
        "frp": 3.65,
        "daynight": "N",
        "source_dataset": "VIIRS_NOAA20_NRT",
        "acq_datetime_utc": "2026-09-23T01:45:00Z",
        "age_hours": 16.1,
        "confidence_label": "nominal",
        "popup_label": "<strong>NASA FIRMS<\/strong><br>Sensor: VIIRS_NOAA20_NRT<br>Fecha UTC: 2026-09-23T01:45:00Z<br>Confianza: nominal<br>FRP: 3.65 MW"
      }
    },
    {
      "type": "Feature",
      "geometry": {
        "type": "Point",
        "coordinates": [-5.8608, 43.5515]
      },
      "properties": {
        "bright_ti4": 298.32,
        "scan": 0.58,
        "track": 0.52,
        "acq_date": "2026-09-23",
        "acq_time": "0145",
        "satellite": "N20",
        "instrument": "VIIRS",
        "confidence": "n",
        "version": "2.0NRT",
        "bright_ti5": 284.35,
        "frp": 0.68,
        "daynight": "N",
        "source_dataset": "VIIRS_NOAA20_NRT",
        "acq_datetime_utc": "2026-09-23T01:45:00Z",
        "age_hours": 16.1,
        "confidence_label": "nominal",
        "popup_label": "<strong>NASA FIRMS<\/strong><br>Sensor: VIIRS_NOAA20_NRT<br>Fecha UTC: 2026-09-23T01:45:00Z<br>Confianza: nominal<br>FRP: 0.68 MW"
      }
    },
    {
      "type": "Feature",
      "geometry": {
        "type": "Point",
        "coordinates": [3.9159, 43.6]
      },
      "properties": {
        "bright_ti4": 298.31,
        "scan": 0.39,
        "track": 0.36,
        "acq_date": "2026-09-23",
        "acq_time": "0145",
        "satellite": "N20",
        "instrument": "VIIRS",
        "confidence": "n",
        "version": "2.0NRT",
        "bright_ti5": 287.87,
        "frp": 0.26,
        "daynight": "N",
        "source_dataset": "VIIRS_NOAA20_NRT",
        "acq_datetime_utc": "2026-09-23T01:45:00Z",
        "age_hours": 16.1,
        "confidence_label": "nominal",
        "popup_label": "<strong>NASA FIRMS<\/strong><br>Sensor: VIIRS_NOAA20_NRT<br>Fecha UTC: 2026-09-23T01:45:00Z<br>Confianza: nominal<br>FRP: 0.26 MW"
      }
    },
    {
      "type": "Feature",
      "geometry": {
        "type": "Point",
        "coordinates": [-8.6037, 40.7945]
      },
      "properties": {
        "bright_ti4": 339.72,
        "scan": 0.39,
        "track": 0.36,
        "acq_date": "2026-09-22",
        "acq_time": "1329",
        "satellite": "N20",
        "instrument": "VIIRS",
        "confidence": "n",
        "version": "2.0NRT",
        "bright_ti5": 305.54,
        "frp": 2.4,
        "daynight": "D",
        "source_dataset": "VIIRS_NOAA20_NRT",
        "acq_datetime_utc": "2026-09-22T13:29:00Z",
        "age_hours": 28.4,
        "confidence_label": "nominal",
        "popup_label": "<strong>NASA FIRMS<\/strong><br>Sensor: VIIRS_NOAA20_NRT<br>Fecha UTC: 2026-09-22T13:29:00Z<br>Confianza: nominal<br>FRP: 2.4 MW"
      }
    },
    {
      "type": "Feature",
      "geometry": {
        "type": "Point",
        "coordinates": [-7.4747, 41.0144]
      },
      "properties": {
        "bright_ti4": 344.88,
        "scan": 0.38,
        "track": 0.36,
        "acq_date": "2026-09-22",
        "acq_time": "1329",
        "satellite": "N20",
        "instrument": "VIIRS",
        "confidence": "n",
        "version": "2.0NRT",
        "bright_ti5": 311.81,
        "frp": 2.2,
        "daynight": "D",
        "source_dataset": "VIIRS_NOAA20_NRT",
        "acq_datetime_utc": "2026-09-22T13:29:00Z",
        "age_hours": 28.4,
        "confidence_label": "nominal",
        "popup_label": "<strong>NASA FIRMS<\/strong><br>Sensor: VIIRS_NOAA20_NRT<br>Fecha UTC: 2026-09-22T13:29:00Z<br>Confianza: nominal<br>FRP: 2.2 MW"
      }
    },
    {
      "type": "Feature",
      "geometry": {
        "type": "Point",
        "coordinates": [-8.4704, 41.1834]
      },
      "properties": {
        "bright_ti4": 337.37,
        "scan": 0.39,
        "track": 0.36,
        "acq_date": "2026-09-22",
        "acq_time": "1329",
        "satellite": "N20",
        "instrument": "VIIRS",
        "confidence": "n",
        "version": "2.0NRT",
        "bright_ti5": 310.17,
        "frp": 1.65,
        "daynight": "D",
        "source_dataset": "VIIRS_NOAA20_NRT",
        "acq_datetime_utc": "2026-09-22T13:29:00Z",
        "age_hours": 28.4,
        "confidence_label": "nominal",
        "popup_label": "<strong>NASA FIRMS<\/strong><br>Sensor: VIIRS_NOAA20_NRT<br>Fecha UTC: 2026-09-22T13:29:00Z<br>Confianza: nominal<br>FRP: 1.65 MW"
      }
    },
    {
      "type": "Feature",
      "geometry": {
        "type": "Point",
        "coordinates": [-8.1603, 41.5211]
      },
      "properties": {
        "bright_ti4": 338.76,
        "scan": 0.39,
        "track": 0.36,
        "acq_date": "2026-09-22",
        "acq_time": "1329",
        "satellite": "N20",
        "instrument": "VIIRS",
        "confidence": "n",
        "version": "2.0NRT",
        "bright_ti5": 309.53,
        "frp": 20.99,
        "daynight": "D",
        "source_dataset": "VIIRS_NOAA20_NRT",
        "acq_datetime_utc": "2026-09-22T13:29:00Z",
        "age_hours": 28.4,
        "confidence_label": "nominal",
        "popup_label": "<strong>NASA FIRMS<\/strong><br>Sensor: VIIRS_NOAA20_NRT<br>Fecha UTC: 2026-09-22T13:29:00Z<br>Confianza: nominal<br>FRP: 20.99 MW"
      }
    },
    {
      "type": "Feature",
      "geometry": {
        "type": "Point",
        "coordinates": [-8.1557, 41.5218]
      },
      "properties": {
        "bright_ti4": 367,
        "scan": 0.39,
        "track": 0.36,
        "acq_date": "2026-09-22",
        "acq_time": "1329",
        "satellite": "N20",
        "instrument": "VIIRS",
        "confidence": "h",
        "version": "2.0NRT",
        "bright_ti5": 337.41,
        "frp": 103.67,
        "daynight": "D",
        "source_dataset": "VIIRS_NOAA20_NRT",
        "acq_datetime_utc": "2026-09-22T13:29:00Z",
        "age_hours": 28.4,
        "confidence_label": "alta",
        "popup_label": "<strong>NASA FIRMS<\/strong><br>Sensor: VIIRS_NOAA20_NRT<br>Fecha UTC: 2026-09-22T13:29:00Z<br>Confianza: alta<br>FRP: 103.67 MW"
      }
    },
    {
      "type": "Feature",
      "geometry": {
        "type": "Point",
        "coordinates": [0.1794, 41.9209]
      },
      "properties": {
        "bright_ti4": 341.62,
        "scan": 0.44,
        "track": 0.46,
        "acq_date": "2026-09-22",
        "acq_time": "1329",
        "satellite": "N20",
        "instrument": "VIIRS",
        "confidence": "n",
        "version": "2.0NRT",
        "bright_ti5": 307.5,
        "frp": 4.06,
        "daynight": "D",
        "source_dataset": "VIIRS_NOAA20_NRT",
        "acq_datetime_utc": "2026-09-22T13:29:00Z",
        "age_hours": 28.4,
        "confidence_label": "nominal",
        "popup_label": "<strong>NASA FIRMS<\/strong><br>Sensor: VIIRS_NOAA20_NRT<br>Fecha UTC: 2026-09-22T13:29:00Z<br>Confianza: nominal<br>FRP: 4.06 MW"
      }
    },
    {
      "type": "Feature",
      "geometry": {
        "type": "Point",
        "coordinates": [0.1787, 41.9252]
      },
      "properties": {
        "bright_ti4": 331.57,
        "scan": 0.44,
        "track": 0.46,
        "acq_date": "2026-09-22",
        "acq_time": "1329",
        "satellite": "N20",
        "instrument": "VIIRS",
        "confidence": "l",
        "version": "2.0NRT",
        "bright_ti5": 306.21,
        "frp": 2.84,
        "daynight": "D",
        "source_dataset": "VIIRS_NOAA20_NRT",
        "acq_datetime_utc": "2026-09-22T13:29:00Z",
        "age_hours": 28.4,
        "confidence_label": "baja",
        "popup_label": "<strong>NASA FIRMS<\/strong><br>Sensor: VIIRS_NOAA20_NRT<br>Fecha UTC: 2026-09-22T13:29:00Z<br>Confianza: baja<br>FRP: 2.84 MW"
      }
    },
    {
      "type": "Feature",
      "geometry": {
        "type": "Point",
        "coordinates": [1.7705, 42.6916]
      },
      "properties": {
        "bright_ti4": 339.65,
        "scan": 0.54,
        "track": 0.51,
        "acq_date": "2026-09-22",
        "acq_time": "1329",
        "satellite": "N20",
        "instrument": "VIIRS",
        "confidence": "n",
        "version": "2.0NRT",
        "bright_ti5": 296.78,
        "frp": 9.26,
        "daynight": "D",
        "source_dataset": "VIIRS_NOAA20_NRT",
        "acq_datetime_utc": "2026-09-22T13:29:00Z",
        "age_hours": 28.4,
        "confidence_label": "nominal",
        "popup_label": "<strong>NASA FIRMS<\/strong><br>Sensor: VIIRS_NOAA20_NRT<br>Fecha UTC: 2026-09-22T13:29:00Z<br>Confianza: nominal<br>FRP: 9.26 MW"
      }
    },
    {
      "type": "Feature",
      "geometry": {
        "type": "Point",
        "coordinates": [1.7696, 42.6963]
      },
      "properties": {
        "bright_ti4": 343.42,
        "scan": 0.54,
        "track": 0.51,
        "acq_date": "2026-09-22",
        "acq_time": "1329",
        "satellite": "N20",
        "instrument": "VIIRS",
        "confidence": "n",
        "version": "2.0NRT",
        "bright_ti5": 301.6,
        "frp": 13.98,
        "daynight": "D",
        "source_dataset": "VIIRS_NOAA20_NRT",
        "acq_datetime_utc": "2026-09-22T13:29:00Z",
        "age_hours": 28.4,
        "confidence_label": "nominal",
        "popup_label": "<strong>NASA FIRMS<\/strong><br>Sensor: VIIRS_NOAA20_NRT<br>Fecha UTC: 2026-09-22T13:29:00Z<br>Confianza: nominal<br>FRP: 13.98 MW"
      }
    },
    {
      "type": "Feature",
      "geometry": {
        "type": "Point",
        "coordinates": [-5.7264, 43.5249]
      },
      "properties": {
        "bright_ti4": 332.08,
        "scan": 0.41,
        "track": 0.37,
        "acq_date": "2026-09-22",
        "acq_time": "1329",
        "satellite": "N20",
        "instrument": "VIIRS",
        "confidence": "n",
        "version": "2.0NRT",
        "bright_ti5": 301.21,
        "frp": 1.95,
        "daynight": "D",
        "source_dataset": "VIIRS_NOAA20_NRT",
        "acq_datetime_utc": "2026-09-22T13:29:00Z",
        "age_hours": 28.4,
        "confidence_label": "nominal",
        "popup_label": "<strong>NASA FIRMS<\/strong><br>Sensor: VIIRS_NOAA20_NRT<br>Fecha UTC: 2026-09-22T13:29:00Z<br>Confianza: nominal<br>FRP: 1.95 MW"
      }
    },
    {
      "type": "Feature",
      "geometry": {
        "type": "Point",
        "coordinates": [-1.2734, 35.3535]
      },
      "properties": {
        "bright_ti4": 335.46,
        "scan": 0.48,
        "track": 0.4,
        "acq_date": "2026-09-22",
        "acq_time": "1327",
        "satellite": "N20",
        "instrument": "VIIRS",
        "confidence": "l",
        "version": "2.0NRT",
        "bright_ti5": 305.66,
        "frp": 4.99,
        "daynight": "D",
        "source_dataset": "VIIRS_NOAA20_NRT",
        "acq_datetime_utc": "2026-09-22T13:27:00Z",
        "age_hours": 28.4,
        "confidence_label": "baja",
        "popup_label": "<strong>NASA FIRMS<\/strong><br>Sensor: VIIRS_NOAA20_NRT<br>Fecha UTC: 2026-09-22T13:27:00Z<br>Confianza: baja<br>FRP: 4.99 MW"
      }
    },
    {
      "type": "Feature",
      "geometry": {
        "type": "Point",
        "coordinates": [1.0473, 35.5081]
      },
      "properties": {
        "bright_ti4": 350.31,
        "scan": 0.41,
        "track": 0.45,
        "acq_date": "2026-09-22",
        "acq_time": "1327",
        "satellite": "N20",
        "instrument": "VIIRS",
        "confidence": "n",
        "version": "2.0NRT",
        "bright_ti5": 306.74,
        "frp": 12.85,
        "daynight": "D",
        "source_dataset": "VIIRS_NOAA20_NRT",
        "acq_datetime_utc": "2026-09-22T13:27:00Z",
        "age_hours": 28.4,
        "confidence_label": "nominal",
        "popup_label": "<strong>NASA FIRMS<\/strong><br>Sensor: VIIRS_NOAA20_NRT<br>Fecha UTC: 2026-09-22T13:27:00Z<br>Confianza: nominal<br>FRP: 12.85 MW"
      }
    },
    {
      "type": "Feature",
      "geometry": {
        "type": "Point",
        "coordinates": [1.0467, 35.5123]
      },
      "properties": {
        "bright_ti4": 338.95,
        "scan": 0.41,
        "track": 0.45,
        "acq_date": "2026-09-22",
        "acq_time": "1327",
        "satellite": "N20",
        "instrument": "VIIRS",
        "confidence": "n",
        "version": "2.0NRT",
        "bright_ti5": 303.61,
        "frp": 3.34,
        "daynight": "D",
        "source_dataset": "VIIRS_NOAA20_NRT",
        "acq_datetime_utc": "2026-09-22T13:27:00Z",
        "age_hours": 28.4,
        "confidence_label": "nominal",
        "popup_label": "<strong>NASA FIRMS<\/strong><br>Sensor: VIIRS_NOAA20_NRT<br>Fecha UTC: 2026-09-22T13:27:00Z<br>Confianza: nominal<br>FRP: 3.34 MW"
      }
    },
    {
      "type": "Feature",
      "geometry": {
        "type": "Point",
        "coordinates": [-5.7428, 35.7349]
      },
      "properties": {
        "bright_ti4": 334.8,
        "scan": 0.38,
        "track": 0.36,
        "acq_date": "2026-09-22",
        "acq_time": "1327",
        "satellite": "N20",
        "instrument": "VIIRS",
        "confidence": "l",
        "version": "2.0NRT",
        "bright_ti5": 308.5,
        "frp": 2.78,
        "daynight": "D",
        "source_dataset": "VIIRS_NOAA20_NRT",
        "acq_datetime_utc": "2026-09-22T13:27:00Z",
        "age_hours": 28.4,
        "confidence_label": "baja",
        "popup_label": "<strong>NASA FIRMS<\/strong><br>Sensor: VIIRS_NOAA20_NRT<br>Fecha UTC: 2026-09-22T13:27:00Z<br>Confianza: baja<br>FRP: 2.78 MW"
      }
    },
    {
      "type": "Feature",
      "geometry": {
        "type": "Point",
        "coordinates": [-0.2535, 35.8086]
      },
      "properties": {
        "bright_ti4": 345.68,
        "scan": 0.53,
        "track": 0.42,
        "acq_date": "2026-09-22",
        "acq_time": "1327",
        "satellite": "N20",
        "instrument": "VIIRS",
        "confidence": "n",
        "version": "2.0NRT",
        "bright_ti5": 307.3,
        "frp": 19.61,
        "daynight": "D",
        "source_dataset": "VIIRS_NOAA20_NRT",
        "acq_datetime_utc": "2026-09-22T13:27:00Z",
        "age_hours": 28.4,
        "confidence_label": "nominal",
        "popup_label": "<strong>NASA FIRMS<\/strong><br>Sensor: VIIRS_NOAA20_NRT<br>Fecha UTC: 2026-09-22T13:27:00Z<br>Confianza: nominal<br>FRP: 19.61 MW"
      }
    },
    {
      "type": "Feature",
      "geometry": {
        "type": "Point",
        "coordinates": [2.4609, 36.2288]
      },
      "properties": {
        "bright_ti4": 335.32,
        "scan": 0.5,
        "track": 0.49,
        "acq_date": "2026-09-22",
        "acq_time": "1327",
        "satellite": "N20",
        "instrument": "VIIRS",
        "confidence": "n",
        "version": "2.0NRT",
        "bright_ti5": 302.73,
        "frp": 3.69,
        "daynight": "D",
        "source_dataset": "VIIRS_NOAA20_NRT",
        "acq_datetime_utc": "2026-09-22T13:27:00Z",
        "age_hours": 28.4,
        "confidence_label": "nominal",
        "popup_label": "<strong>NASA FIRMS<\/strong><br>Sensor: VIIRS_NOAA20_NRT<br>Fecha UTC: 2026-09-22T13:27:00Z<br>Confianza: nominal<br>FRP: 3.69 MW"
      }
    },
    {
      "type": "Feature",
      "geometry": {
        "type": "Point",
        "coordinates": [2.7512, 36.4718]
      },
      "properties": {
        "bright_ti4": 331.6,
        "scan": 0.52,
        "track": 0.5,
        "acq_date": "2026-09-22",
        "acq_time": "1327",
        "satellite": "N20",
        "instrument": "VIIRS",
        "confidence": "n",
        "version": "2.0NRT",
        "bright_ti5": 300.86,
        "frp": 2.89,
        "daynight": "D",
        "source_dataset": "VIIRS_NOAA20_NRT",
        "acq_datetime_utc": "2026-09-22T13:27:00Z",
        "age_hours": 28.4,
        "confidence_label": "nominal",
        "popup_label": "<strong>NASA FIRMS<\/strong><br>Sensor: VIIRS_NOAA20_NRT<br>Fecha UTC: 2026-09-22T13:27:00Z<br>Confianza: nominal<br>FRP: 2.89 MW"
      }
    },
    {
      "type": "Feature",
      "geometry": {
        "type": "Point",
        "coordinates": [3.3054, 36.7034]
      },
      "properties": {
        "bright_ti4": 335.79,
        "scan": 0.56,
        "track": 0.52,
        "acq_date": "2026-09-22",
        "acq_time": "1327",
        "satellite": "N20",
        "instrument": "VIIRS",
        "confidence": "n",
        "version": "2.0NRT",
        "bright_ti5": 301.56,
        "frp": 2.62,
        "daynight": "D",
        "source_dataset": "VIIRS_NOAA20_NRT",
        "acq_datetime_utc": "2026-09-22T13:27:00Z",
        "age_hours": 28.4,
        "confidence_label": "nominal",
        "popup_label": "<strong>NASA FIRMS<\/strong><br>Sensor: VIIRS_NOAA20_NRT<br>Fecha UTC: 2026-09-22T13:27:00Z<br>Confianza: nominal<br>FRP: 2.62 MW"
      }
    },
    {
      "type": "Feature",
      "geometry": {
        "type": "Point",
        "coordinates": [-6.1048, 36.7659]
      },
      "properties": {
        "bright_ti4": 338.1,
        "scan": 0.38,
        "track": 0.36,
        "acq_date": "2026-09-22",
        "acq_time": "1327",
        "satellite": "N20",
        "instrument": "VIIRS",
        "confidence": "n",
        "version": "2.0NRT",
        "bright_ti5": 305.04,
        "frp": 1.17,
        "daynight": "D",
        "source_dataset": "VIIRS_NOAA20_NRT",
        "acq_datetime_utc": "2026-09-22T13:27:00Z",
        "age_hours": 28.4,
        "confidence_label": "nominal",
        "popup_label": "<strong>NASA FIRMS<\/strong><br>Sensor: VIIRS_NOAA20_NRT<br>Fecha UTC: 2026-09-22T13:27:00Z<br>Confianza: nominal<br>FRP: 1.17 MW"
      }
    },
    {
      "type": "Feature",
      "geometry": {
        "type": "Point",
        "coordinates": [-5.8927, 36.802]
      },
      "properties": {
        "bright_ti4": 352.72,
        "scan": 0.38,
        "track": 0.36,
        "acq_date": "2026-09-22",
        "acq_time": "1327",
        "satellite": "N20",
        "instrument": "VIIRS",
        "confidence": "n",
        "version": "2.0NRT",
        "bright_ti5": 318.05,
        "frp": 6.63,
        "daynight": "D",
        "source_dataset": "VIIRS_NOAA20_NRT",
        "acq_datetime_utc": "2026-09-22T13:27:00Z",
        "age_hours": 28.4,
        "confidence_label": "nominal",
        "popup_label": "<strong>NASA FIRMS<\/strong><br>Sensor: VIIRS_NOAA20_NRT<br>Fecha UTC: 2026-09-22T13:27:00Z<br>Confianza: nominal<br>FRP: 6.63 MW"
      }
    },
    {
      "type": "Feature",
      "geometry": {
        "type": "Point",
        "coordinates": [-5.8934, 36.8053]
      },
      "properties": {
        "bright_ti4": 353.33,
        "scan": 0.38,
        "track": 0.36,
        "acq_date": "2026-09-22",
        "acq_time": "1327",
        "satellite": "N20",
        "instrument": "VIIRS",
        "confidence": "n",
        "version": "2.0NRT",
        "bright_ti5": 317.89,
        "frp": 6.63,
        "daynight": "D",
        "source_dataset": "VIIRS_NOAA20_NRT",
        "acq_datetime_utc": "2026-09-22T13:27:00Z",
        "age_hours": 28.4,
        "confidence_label": "nominal",
        "popup_label": "<strong>NASA FIRMS<\/strong><br>Sensor: VIIRS_NOAA20_NRT<br>Fecha UTC: 2026-09-22T13:27:00Z<br>Confianza: nominal<br>FRP: 6.63 MW"
      }
    },
    {
      "type": "Feature",
      "geometry": {
        "type": "Point",
        "coordinates": [-5.7415, 37.1078]
      },
      "properties": {
        "bright_ti4": 346.42,
        "scan": 0.38,
        "track": 0.36,
        "acq_date": "2026-09-22",
        "acq_time": "1327",
        "satellite": "N20",
        "instrument": "VIIRS",
        "confidence": "n",
        "version": "2.0NRT",
        "bright_ti5": 307.89,
        "frp": 7.31,
        "daynight": "D",
        "source_dataset": "VIIRS_NOAA20_NRT",
        "acq_datetime_utc": "2026-09-22T13:27:00Z",
        "age_hours": 28.4,
        "confidence_label": "nominal",
        "popup_label": "<strong>NASA FIRMS<\/strong><br>Sensor: VIIRS_NOAA20_NRT<br>Fecha UTC: 2026-09-22T13:27:00Z<br>Confianza: nominal<br>FRP: 7.31 MW"
      }
    },
    {
      "type": "Feature",
      "geometry": {
        "type": "Point",
        "coordinates": [-5.2691, 37.3008]
      },
      "properties": {
        "bright_ti4": 340.12,
        "scan": 0.39,
        "track": 0.36,
        "acq_date": "2026-09-22",
        "acq_time": "1327",
        "satellite": "N20",
        "instrument": "VIIRS",
        "confidence": "n",
        "version": "2.0NRT",
        "bright_ti5": 312.35,
        "frp": 20.27,
        "daynight": "D",
        "source_dataset": "VIIRS_NOAA20_NRT",
        "acq_datetime_utc": "2026-09-22T13:27:00Z",
        "age_hours": 28.4,
        "confidence_label": "nominal",
        "popup_label": "<strong>NASA FIRMS<\/strong><br>Sensor: VIIRS_NOAA20_NRT<br>Fecha UTC: 2026-09-22T13:27:00Z<br>Confianza: nominal<br>FRP: 20.27 MW"
      }
    },
    {
      "type": "Feature",
      "geometry": {
        "type": "Point",
        "coordinates": [-5.4035, 37.4033]
      },
      "properties": {
        "bright_ti4": 340.45,
        "scan": 0.39,
        "track": 0.36,
        "acq_date": "2026-09-22",
        "acq_time": "1327",
        "satellite": "N20",
        "instrument": "VIIRS",
        "confidence": "l",
        "version": "2.0NRT",
        "bright_ti5": 313.21,
        "frp": 1.33,
        "daynight": "D",
        "source_dataset": "VIIRS_NOAA20_NRT",
        "acq_datetime_utc": "2026-09-22T13:27:00Z",
        "age_hours": 28.4,
        "confidence_label": "baja",
        "popup_label": "<strong>NASA FIRMS<\/strong><br>Sensor: VIIRS_NOAA20_NRT<br>Fecha UTC: 2026-09-22T13:27:00Z<br>Confianza: baja<br>FRP: 1.33 MW"
      }
    },
    {
      "type": "Feature",
      "geometry": {
        "type": "Point",
        "coordinates": [-5.2243, 37.4807]
      },
      "properties": {
        "bright_ti4": 337.91,
        "scan": 0.39,
        "track": 0.36,
        "acq_date": "2026-09-22",
        "acq_time": "1327",
        "satellite": "N20",
        "instrument": "VIIRS",
        "confidence": "l",
        "version": "2.0NRT",
        "bright_ti5": 312.43,
        "frp": 1.29,
        "daynight": "D",
        "source_dataset": "VIIRS_NOAA20_NRT",
        "acq_datetime_utc": "2026-09-22T13:27:00Z",
        "age_hours": 28.4,
        "confidence_label": "baja",
        "popup_label": "<strong>NASA FIRMS<\/strong><br>Sensor: VIIRS_NOAA20_NRT<br>Fecha UTC: 2026-09-22T13:27:00Z<br>Confianza: baja<br>FRP: 1.29 MW"
      }
    },
    {
      "type": "Feature",
      "geometry": {
        "type": "Point",
        "coordinates": [-4.7245, 37.529]
      },
      "properties": {
        "bright_ti4": 338.33,
        "scan": 0.39,
        "track": 0.36,
        "acq_date": "2026-09-22",
        "acq_time": "1327",
        "satellite": "N20",
        "instrument": "VIIRS",
        "confidence": "n",
        "version": "2.0NRT",
        "bright_ti5": 311.75,
        "frp": 1.48,
        "daynight": "D",
        "source_dataset": "VIIRS_NOAA20_NRT",
        "acq_datetime_utc": "2026-09-22T13:27:00Z",
        "age_hours": 28.4,
        "confidence_label": "nominal",
        "popup_label": "<strong>NASA FIRMS<\/strong><br>Sensor: VIIRS_NOAA20_NRT<br>Fecha UTC: 2026-09-22T13:27:00Z<br>Confianza: nominal<br>FRP: 1.48 MW"
      }
    },
    {
      "type": "Feature",
      "geometry": {
        "type": "Point",
        "coordinates": [-1.5779, 37.6107]
      },
      "properties": {
        "bright_ti4": 341.08,
        "scan": 0.49,
        "track": 0.4,
        "acq_date": "2026-09-22",
        "acq_time": "1327",
        "satellite": "N20",
        "instrument": "VIIRS",
        "confidence": "n",
        "version": "2.0NRT",
        "bright_ti5": 307.02,
        "frp": 6.52,
        "daynight": "D",
        "source_dataset": "VIIRS_NOAA20_NRT",
        "acq_datetime_utc": "2026-09-22T13:27:00Z",
        "age_hours": 28.4,
        "confidence_label": "nominal",
        "popup_label": "<strong>NASA FIRMS<\/strong><br>Sensor: VIIRS_NOAA20_NRT<br>Fecha UTC: 2026-09-22T13:27:00Z<br>Confianza: nominal<br>FRP: 6.52 MW"
      }
    },
    {
      "type": "Feature",
      "geometry": {
        "type": "Point",
        "coordinates": [-5.0883, 37.626]
      },
      "properties": {
        "bright_ti4": 331.95,
        "scan": 0.39,
        "track": 0.36,
        "acq_date": "2026-09-22",
        "acq_time": "1327",
        "satellite": "N20",
        "instrument": "VIIRS",
        "confidence": "l",
        "version": "2.0NRT",
        "bright_ti5": 304.73,
        "frp": 2.5,
        "daynight": "D",
        "source_dataset": "VIIRS_NOAA20_NRT",
        "acq_datetime_utc": "2026-09-22T13:27:00Z",
        "age_hours": 28.4,
        "confidence_label": "baja",
        "popup_label": "<strong>NASA FIRMS<\/strong><br>Sensor: VIIRS_NOAA20_NRT<br>Fecha UTC: 2026-09-22T13:27:00Z<br>Confianza: baja<br>FRP: 2.5 MW"
      }
    },
    {
      "type": "Feature",
      "geometry": {
        "type": "Point",
        "coordinates": [-8.5169, 38.4279]
      },
      "properties": {
        "bright_ti4": 333.16,
        "scan": 0.41,
        "track": 0.37,
        "acq_date": "2026-09-22",
        "acq_time": "1327",
        "satellite": "N20",
        "instrument": "VIIRS",
        "confidence": "l",
        "version": "2.0NRT",
        "bright_ti5": 306.65,
        "frp": 5.7,
        "daynight": "D",
        "source_dataset": "VIIRS_NOAA20_NRT",
        "acq_datetime_utc": "2026-09-22T13:27:00Z",
        "age_hours": 28.4,
        "confidence_label": "baja",
        "popup_label": "<strong>NASA FIRMS<\/strong><br>Sensor: VIIRS_NOAA20_NRT<br>Fecha UTC: 2026-09-22T13:27:00Z<br>Confianza: baja<br>FRP: 5.7 MW"
      }
    },
    {
      "type": "Feature",
      "geometry": {
        "type": "Point",
        "coordinates": [-6.5712, 38.8788]
      },
      "properties": {
        "bright_ti4": 335.97,
        "scan": 0.38,
        "track": 0.36,
        "acq_date": "2026-09-22",
        "acq_time": "1327",
        "satellite": "N20",
        "instrument": "VIIRS",
        "confidence": "n",
        "version": "2.0NRT",
        "bright_ti5": 304.25,
        "frp": 5.42,
        "daynight": "D",
        "source_dataset": "VIIRS_NOAA20_NRT",
        "acq_datetime_utc": "2026-09-22T13:27:00Z",
        "age_hours": 28.4,
        "confidence_label": "nominal",
        "popup_label": "<strong>NASA FIRMS<\/strong><br>Sensor: VIIRS_NOAA20_NRT<br>Fecha UTC: 2026-09-22T13:27:00Z<br>Confianza: nominal<br>FRP: 5.42 MW"
      }
    },
    {
      "type": "Feature",
      "geometry": {
        "type": "Point",
        "coordinates": [-0.3406, 39.1587]
      },
      "properties": {
        "bright_ti4": 341.34,
        "scan": 0.39,
        "track": 0.44,
        "acq_date": "2026-09-22",
        "acq_time": "1327",
        "satellite": "N20",
        "instrument": "VIIRS",
        "confidence": "n",
        "version": "2.0NRT",
        "bright_ti5": 304.6,
        "frp": 8.04,
        "daynight": "D",
        "source_dataset": "VIIRS_NOAA20_NRT",
        "acq_datetime_utc": "2026-09-22T13:27:00Z",
        "age_hours": 28.4,
        "confidence_label": "nominal",
        "popup_label": "<strong>NASA FIRMS<\/strong><br>Sensor: VIIRS_NOAA20_NRT<br>Fecha UTC: 2026-09-22T13:27:00Z<br>Confianza: nominal<br>FRP: 8.04 MW"
      }
    },
    {
      "type": "Feature",
      "geometry": {
        "type": "Point",
        "coordinates": [-7.4585, 39.6339]
      },
      "properties": {
        "bright_ti4": 342.25,
        "scan": 0.39,
        "track": 0.36,
        "acq_date": "2026-09-22",
        "acq_time": "1327",
        "satellite": "N20",
        "instrument": "VIIRS",
        "confidence": "l",
        "version": "2.0NRT",
        "bright_ti5": 313.03,
        "frp": 2.3,
        "daynight": "D",
        "source_dataset": "VIIRS_NOAA20_NRT",
        "acq_datetime_utc": "2026-09-22T13:27:00Z",
        "age_hours": 28.4,
        "confidence_label": "baja",
        "popup_label": "<strong>NASA FIRMS<\/strong><br>Sensor: VIIRS_NOAA20_NRT<br>Fecha UTC: 2026-09-22T13:27:00Z<br>Confianza: baja<br>FRP: 2.3 MW"
      }
    },
    {
      "type": "Feature",
      "geometry": {
        "type": "Point",
        "coordinates": [-7.7632, 39.8343]
      },
      "properties": {
        "bright_ti4": 341.75,
        "scan": 0.39,
        "track": 0.36,
        "acq_date": "2026-09-22",
        "acq_time": "1327",
        "satellite": "N20",
        "instrument": "VIIRS",
        "confidence": "l",
        "version": "2.0NRT",
        "bright_ti5": 313.9,
        "frp": 6.23,
        "daynight": "D",
        "source_dataset": "VIIRS_NOAA20_NRT",
        "acq_datetime_utc": "2026-09-22T13:27:00Z",
        "age_hours": 28.4,
        "confidence_label": "baja",
        "popup_label": "<strong>NASA FIRMS<\/strong><br>Sensor: VIIRS_NOAA20_NRT<br>Fecha UTC: 2026-09-22T13:27:00Z<br>Confianza: baja<br>FRP: 6.23 MW"
      }
    },
    {
      "type": "Feature",
      "geometry": {
        "type": "Point",
        "coordinates": [-8.4398, 40.1307]
      },
      "properties": {
        "bright_ti4": 345.4,
        "scan": 0.39,
        "track": 0.36,
        "acq_date": "2026-09-22",
        "acq_time": "1327",
        "satellite": "N20",
        "instrument": "VIIRS",
        "confidence": "n",
        "version": "2.0NRT",
        "bright_ti5": 311.02,
        "frp": 3.01,
        "daynight": "D",
        "source_dataset": "VIIRS_NOAA20_NRT",
        "acq_datetime_utc": "2026-09-22T13:27:00Z",
        "age_hours": 28.4,
        "confidence_label": "nominal",
        "popup_label": "<strong>NASA FIRMS<\/strong><br>Sensor: VIIRS_NOAA20_NRT<br>Fecha UTC: 2026-09-22T13:27:00Z<br>Confianza: nominal<br>FRP: 3.01 MW"
      }
    },
    {
      "type": "Feature",
      "geometry": {
        "type": "Point",
        "coordinates": [-8.4453, 40.1332]
      },
      "properties": {
        "bright_ti4": 340.44,
        "scan": 0.39,
        "track": 0.36,
        "acq_date": "2026-09-22",
        "acq_time": "1327",
        "satellite": "N20",
        "instrument": "VIIRS",
        "confidence": "n",
        "version": "2.0NRT",
        "bright_ti5": 310.77,
        "frp": 2.41,
        "daynight": "D",
        "source_dataset": "VIIRS_NOAA20_NRT",
        "acq_datetime_utc": "2026-09-22T13:27:00Z",
        "age_hours": 28.4,
        "confidence_label": "nominal",
        "popup_label": "<strong>NASA FIRMS<\/strong><br>Sensor: VIIRS_NOAA20_NRT<br>Fecha UTC: 2026-09-22T13:27:00Z<br>Confianza: nominal<br>FRP: 2.41 MW"
      }
    },
    {
      "type": "Feature",
      "geometry": {
        "type": "Point",
        "coordinates": [-8.4408, 40.134]
      },
      "properties": {
        "bright_ti4": 339.93,
        "scan": 0.39,
        "track": 0.36,
        "acq_date": "2026-09-22",
        "acq_time": "1327",
        "satellite": "N20",
        "instrument": "VIIRS",
        "confidence": "l",
        "version": "2.0NRT",
        "bright_ti5": 311.54,
        "frp": 3.01,
        "daynight": "D",
        "source_dataset": "VIIRS_NOAA20_NRT",
        "acq_datetime_utc": "2026-09-22T13:27:00Z",
        "age_hours": 28.4,
        "confidence_label": "baja",
        "popup_label": "<strong>NASA FIRMS<\/strong><br>Sensor: VIIRS_NOAA20_NRT<br>Fecha UTC: 2026-09-22T13:27:00Z<br>Confianza: baja<br>FRP: 3.01 MW"
      }
    },
    {
      "type": "Feature",
      "geometry": {
        "type": "Point",
        "coordinates": [-7.4493, 40.1817]
      },
      "properties": {
        "bright_ti4": 348.54,
        "scan": 0.39,
        "track": 0.36,
        "acq_date": "2026-09-22",
        "acq_time": "1327",
        "satellite": "N20",
        "instrument": "VIIRS",
        "confidence": "n",
        "version": "2.0NRT",
        "bright_ti5": 314.65,
        "frp": 3.08,
        "daynight": "D",
        "source_dataset": "VIIRS_NOAA20_NRT",
        "acq_datetime_utc": "2026-09-22T13:27:00Z",
        "age_hours": 28.4,
        "confidence_label": "nominal",
        "popup_label": "<strong>NASA FIRMS<\/strong><br>Sensor: VIIRS_NOAA20_NRT<br>Fecha UTC: 2026-09-22T13:27:00Z<br>Confianza: nominal<br>FRP: 3.08 MW"
      }
    },
    {
      "type": "Feature",
      "geometry": {
        "type": "Point",
        "coordinates": [-7.4547, 40.1842]
      },
      "properties": {
        "bright_ti4": 340.43,
        "scan": 0.39,
        "track": 0.36,
        "acq_date": "2026-09-22",
        "acq_time": "1327",
        "satellite": "N20",
        "instrument": "VIIRS",
        "confidence": "l",
        "version": "2.0NRT",
        "bright_ti5": 312.23,
        "frp": 2.11,
        "daynight": "D",
        "source_dataset": "VIIRS_NOAA20_NRT",
        "acq_datetime_utc": "2026-09-22T13:27:00Z",
        "age_hours": 28.4,
        "confidence_label": "baja",
        "popup_label": "<strong>NASA FIRMS<\/strong><br>Sensor: VIIRS_NOAA20_NRT<br>Fecha UTC: 2026-09-22T13:27:00Z<br>Confianza: baja<br>FRP: 2.11 MW"
      }
    },
    {
      "type": "Feature",
      "geometry": {
        "type": "Point",
        "coordinates": [-7.4502, 40.1849]
      },
      "properties": {
        "bright_ti4": 346.62,
        "scan": 0.39,
        "track": 0.36,
        "acq_date": "2026-09-22",
        "acq_time": "1327",
        "satellite": "N20",
        "instrument": "VIIRS",
        "confidence": "n",
        "version": "2.0NRT",
        "bright_ti5": 313.52,
        "frp": 3.08,
        "daynight": "D",
        "source_dataset": "VIIRS_NOAA20_NRT",
        "acq_datetime_utc": "2026-09-22T13:27:00Z",
        "age_hours": 28.4,
        "confidence_label": "nominal",
        "popup_label": "<strong>NASA FIRMS<\/strong><br>Sensor: VIIRS_NOAA20_NRT<br>Fecha UTC: 2026-09-22T13:27:00Z<br>Confianza: nominal<br>FRP: 3.08 MW"
      }
    },
    {
      "type": "Feature",
      "geometry": {
        "type": "Point",
        "coordinates": [-7.46, 40.1868]
      },
      "properties": {
        "bright_ti4": 334.4,
        "scan": 0.39,
        "track": 0.36,
        "acq_date": "2026-09-22",
        "acq_time": "1327",
        "satellite": "N20",
        "instrument": "VIIRS",
        "confidence": "l",
        "version": "2.0NRT",
        "bright_ti5": 308.93,
        "frp": 2.22,
        "daynight": "D",
        "source_dataset": "VIIRS_NOAA20_NRT",
        "acq_datetime_utc": "2026-09-22T13:27:00Z",
        "age_hours": 28.4,
        "confidence_label": "baja",
        "popup_label": "<strong>NASA FIRMS<\/strong><br>Sensor: VIIRS_NOAA20_NRT<br>Fecha UTC: 2026-09-22T13:27:00Z<br>Confianza: baja<br>FRP: 2.22 MW"
      }
    },
    {
      "type": "Feature",
      "geometry": {
        "type": "Point",
        "coordinates": [-7.4797, 40.1976]
      },
      "properties": {
        "bright_ti4": 345.22,
        "scan": 0.39,
        "track": 0.36,
        "acq_date": "2026-09-22",
        "acq_time": "1327",
        "satellite": "N20",
        "instrument": "VIIRS",
        "confidence": "n",
        "version": "2.0NRT",
        "bright_ti5": 314.27,
        "frp": 2.28,
        "daynight": "D",
        "source_dataset": "VIIRS_NOAA20_NRT",
        "acq_datetime_utc": "2026-09-22T13:27:00Z",
        "age_hours": 28.4,
        "confidence_label": "nominal",
        "popup_label": "<strong>NASA FIRMS<\/strong><br>Sensor: VIIRS_NOAA20_NRT<br>Fecha UTC: 2026-09-22T13:27:00Z<br>Confianza: nominal<br>FRP: 2.28 MW"
      }
    },
    {
      "type": "Feature",
      "geometry": {
        "type": "Point",
        "coordinates": [-7.4806, 40.2009]
      },
      "properties": {
        "bright_ti4": 339.3,
        "scan": 0.39,
        "track": 0.36,
        "acq_date": "2026-09-22",
        "acq_time": "1327",
        "satellite": "N20",
        "instrument": "VIIRS",
        "confidence": "n",
        "version": "2.0NRT",
        "bright_ti5": 311.98,
        "frp": 2.28,
        "daynight": "D",
        "source_dataset": "VIIRS_NOAA20_NRT",
        "acq_datetime_utc": "2026-09-22T13:27:00Z",
        "age_hours": 28.4,
        "confidence_label": "nominal",
        "popup_label": "<strong>NASA FIRMS<\/strong><br>Sensor: VIIRS_NOAA20_NRT<br>Fecha UTC: 2026-09-22T13:27:00Z<br>Confianza: nominal<br>FRP: 2.28 MW"
      }
    },
    {
      "type": "Feature",
      "geometry": {
        "type": "Point",
        "coordinates": [-7.8052, 40.6071]
      },
      "properties": {
        "bright_ti4": 347.24,
        "scan": 0.39,
        "track": 0.36,
        "acq_date": "2026-09-22",
        "acq_time": "1327",
        "satellite": "N20",
        "instrument": "VIIRS",
        "confidence": "n",
        "version": "2.0NRT",
        "bright_ti5": 311.57,
        "frp": 3.7,
        "daynight": "D",
        "source_dataset": "VIIRS_NOAA20_NRT",
        "acq_datetime_utc": "2026-09-22T13:27:00Z",
        "age_hours": 28.4,
        "confidence_label": "nominal",
        "popup_label": "<strong>NASA FIRMS<\/strong><br>Sensor: VIIRS_NOAA20_NRT<br>Fecha UTC: 2026-09-22T13:27:00Z<br>Confianza: nominal<br>FRP: 3.7 MW"
      }
    },
    {
      "type": "Feature",
      "geometry": {
        "type": "Point",
        "coordinates": [-0.5164, 28.1996]
      },
      "properties": {
        "bright_ti4": 342.96,
        "scan": 0.44,
        "track": 0.38,
        "acq_date": "2026-09-22",
        "acq_time": "1325",
        "satellite": "N20",
        "instrument": "VIIRS",
        "confidence": "n",
        "version": "2.0NRT",
        "bright_ti5": 311.62,
        "frp": 3.8,
        "daynight": "D",
        "source_dataset": "VIIRS_NOAA20_NRT",
        "acq_datetime_utc": "2026-09-22T13:25:00Z",
        "age_hours": 28.5,
        "confidence_label": "nominal",
        "popup_label": "<strong>NASA FIRMS<\/strong><br>Sensor: VIIRS_NOAA20_NRT<br>Fecha UTC: 2026-09-22T13:25:00Z<br>Confianza: nominal<br>FRP: 3.8 MW"
      }
    },
    {
      "type": "Feature",
      "geometry": {
        "type": "Point",
        "coordinates": [-9.7519, 30.9442]
      },
      "properties": {
        "bright_ti4": 347.88,
        "scan": 0.57,
        "track": 0.43,
        "acq_date": "2026-09-22",
        "acq_time": "1325",
        "satellite": "N20",
        "instrument": "VIIRS",
        "confidence": "n",
        "version": "2.0NRT",
        "bright_ti5": 306.89,
        "frp": 10.14,
        "daynight": "D",
        "source_dataset": "VIIRS_NOAA20_NRT",
        "acq_datetime_utc": "2026-09-22T13:25:00Z",
        "age_hours": 28.5,
        "confidence_label": "nominal",
        "popup_label": "<strong>NASA FIRMS<\/strong><br>Sensor: VIIRS_NOAA20_NRT<br>Fecha UTC: 2026-09-22T13:25:00Z<br>Confianza: nominal<br>FRP: 10.14 MW"
      }
    },
    {
      "type": "Feature",
      "geometry": {
        "type": "Point",
        "coordinates": [3.8548, 36.2488]
      },
      "properties": {
        "bright_ti4": 342.42,
        "scan": 0.63,
        "track": 0.72,
        "acq_date": "2026-09-22",
        "acq_time": "1149",
        "satellite": "N20",
        "instrument": "VIIRS",
        "confidence": "n",
        "version": "2.0NRT",
        "bright_ti5": 301.49,
        "frp": 5.92,
        "daynight": "D",
        "source_dataset": "VIIRS_NOAA20_NRT",
        "acq_datetime_utc": "2026-09-22T11:49:00Z",
        "age_hours": 30.1,
        "confidence_label": "nominal",
        "popup_label": "<strong>NASA FIRMS<\/strong><br>Sensor: VIIRS_NOAA20_NRT<br>Fecha UTC: 2026-09-22T11:49:00Z<br>Confianza: nominal<br>FRP: 5.92 MW"
      }
    },
    {
      "type": "Feature",
      "geometry": {
        "type": "Point",
        "coordinates": [1.7719, 42.6919]
      },
      "properties": {
        "bright_ti4": 345.98,
        "scan": 0.52,
        "track": 0.67,
        "acq_date": "2026-09-22",
        "acq_time": "1149",
        "satellite": "N20",
        "instrument": "VIIRS",
        "confidence": "n",
        "version": "2.0NRT",
        "bright_ti5": 295.85,
        "frp": 7.57,
        "daynight": "D",
        "source_dataset": "VIIRS_NOAA20_NRT",
        "acq_datetime_utc": "2026-09-22T11:49:00Z",
        "age_hours": 30.1,
        "confidence_label": "nominal",
        "popup_label": "<strong>NASA FIRMS<\/strong><br>Sensor: VIIRS_NOAA20_NRT<br>Fecha UTC: 2026-09-22T11:49:00Z<br>Confianza: nominal<br>FRP: 7.57 MW"
      }
    },
    {
      "type": "Feature",
      "geometry": {
        "type": "Point",
        "coordinates": [1.7693, 42.696]
      },
      "properties": {
        "bright_ti4": 367,
        "scan": 0.52,
        "track": 0.67,
        "acq_date": "2026-09-22",
        "acq_time": "1149",
        "satellite": "N20",
        "instrument": "VIIRS",
        "confidence": "h",
        "version": "2.0NRT",
        "bright_ti5": 296.85,
        "frp": 11.27,
        "daynight": "D",
        "source_dataset": "VIIRS_NOAA20_NRT",
        "acq_datetime_utc": "2026-09-22T11:49:00Z",
        "age_hours": 30.1,
        "confidence_label": "alta",
        "popup_label": "<strong>NASA FIRMS<\/strong><br>Sensor: VIIRS_NOAA20_NRT<br>Fecha UTC: 2026-09-22T11:49:00Z<br>Confianza: alta<br>FRP: 11.27 MW"
      }
    },
    {
      "type": "Feature",
      "geometry": {
        "type": "Point",
        "coordinates": [1.7701, 42.698]
      },
      "properties": {
        "bright_ti4": 329.25,
        "scan": 0.52,
        "track": 0.67,
        "acq_date": "2026-09-22",
        "acq_time": "1149",
        "satellite": "N20",
        "instrument": "VIIRS",
        "confidence": "n",
        "version": "2.0NRT",
        "bright_ti5": 294.55,
        "frp": 7.57,
        "daynight": "D",
        "source_dataset": "VIIRS_NOAA20_NRT",
        "acq_datetime_utc": "2026-09-22T11:49:00Z",
        "age_hours": 30.1,
        "confidence_label": "nominal",
        "popup_label": "<strong>NASA FIRMS<\/strong><br>Sensor: VIIRS_NOAA20_NRT<br>Fecha UTC: 2026-09-22T11:49:00Z<br>Confianza: nominal<br>FRP: 7.57 MW"
      }
    },
    {
      "type": "Feature",
      "geometry": {
        "type": "Point",
        "coordinates": [-5.7367, 43.519]
      },
      "properties": {
        "bright_ti4": 298.58,
        "scan": 0.77,
        "track": 0.77,
        "acq_date": "2026-09-22",
        "acq_time": "0347",
        "satellite": "N20",
        "instrument": "VIIRS",
        "confidence": "n",
        "version": "2.0NRT",
        "bright_ti5": 285.93,
        "frp": 1.34,
        "daynight": "N",
        "source_dataset": "VIIRS_NOAA20_NRT",
        "acq_datetime_utc": "2026-09-22T03:47:00Z",
        "age_hours": 38.1,
        "confidence_label": "nominal",
        "popup_label": "<strong>NASA FIRMS<\/strong><br>Sensor: VIIRS_NOAA20_NRT<br>Fecha UTC: 2026-09-22T03:47:00Z<br>Confianza: nominal<br>FRP: 1.34 MW"
      }
    },
    {
      "type": "Feature",
      "geometry": {
        "type": "Point",
        "coordinates": [-5.7238, 43.5224]
      },
      "properties": {
        "bright_ti4": 298.69,
        "scan": 0.77,
        "track": 0.77,
        "acq_date": "2026-09-22",
        "acq_time": "0347",
        "satellite": "N20",
        "instrument": "VIIRS",
        "confidence": "n",
        "version": "2.0NRT",
        "bright_ti5": 285.66,
        "frp": 1.34,
        "daynight": "N",
        "source_dataset": "VIIRS_NOAA20_NRT",
        "acq_datetime_utc": "2026-09-22T03:47:00Z",
        "age_hours": 38.1,
        "confidence_label": "nominal",
        "popup_label": "<strong>NASA FIRMS<\/strong><br>Sensor: VIIRS_NOAA20_NRT<br>Fecha UTC: 2026-09-22T03:47:00Z<br>Confianza: nominal<br>FRP: 1.34 MW"
      }
    },
    {
      "type": "Feature",
      "geometry": {
        "type": "Point",
        "coordinates": [-5.7337, 43.5238]
      },
      "properties": {
        "bright_ti4": 315.14,
        "scan": 0.77,
        "track": 0.77,
        "acq_date": "2026-09-22",
        "acq_time": "0347",
        "satellite": "N20",
        "instrument": "VIIRS",
        "confidence": "n",
        "version": "2.0NRT",
        "bright_ti5": 287.23,
        "frp": 2.18,
        "daynight": "N",
        "source_dataset": "VIIRS_NOAA20_NRT",
        "acq_datetime_utc": "2026-09-22T03:47:00Z",
        "age_hours": 38.1,
        "confidence_label": "nominal",
        "popup_label": "<strong>NASA FIRMS<\/strong><br>Sensor: VIIRS_NOAA20_NRT<br>Fecha UTC: 2026-09-22T03:47:00Z<br>Confianza: nominal<br>FRP: 2.18 MW"
      }
    },
    {
      "type": "Feature",
      "geometry": {
        "type": "Point",
        "coordinates": [-5.7323, 43.5254]
      },
      "properties": {
        "bright_ti4": 313.27,
        "scan": 0.77,
        "track": 0.77,
        "acq_date": "2026-09-22",
        "acq_time": "0347",
        "satellite": "N20",
        "instrument": "VIIRS",
        "confidence": "n",
        "version": "2.0NRT",
        "bright_ti5": 287.86,
        "frp": 1.34,
        "daynight": "N",
        "source_dataset": "VIIRS_NOAA20_NRT",
        "acq_datetime_utc": "2026-09-22T03:47:00Z",
        "age_hours": 38.1,
        "confidence_label": "nominal",
        "popup_label": "<strong>NASA FIRMS<\/strong><br>Sensor: VIIRS_NOAA20_NRT<br>Fecha UTC: 2026-09-22T03:47:00Z<br>Confianza: nominal<br>FRP: 1.34 MW"
      }
    },
    {
      "type": "Feature",
      "geometry": {
        "type": "Point",
        "coordinates": [-5.7294, 43.5303]
      },
      "properties": {
        "bright_ti4": 297.43,
        "scan": 0.77,
        "track": 0.77,
        "acq_date": "2026-09-22",
        "acq_time": "0347",
        "satellite": "N20",
        "instrument": "VIIRS",
        "confidence": "n",
        "version": "2.0NRT",
        "bright_ti5": 286.1,
        "frp": 2.18,
        "daynight": "N",
        "source_dataset": "VIIRS_NOAA20_NRT",
        "acq_datetime_utc": "2026-09-22T03:47:00Z",
        "age_hours": 38.1,
        "confidence_label": "nominal",
        "popup_label": "<strong>NASA FIRMS<\/strong><br>Sensor: VIIRS_NOAA20_NRT<br>Fecha UTC: 2026-09-22T03:47:00Z<br>Confianza: nominal<br>FRP: 2.18 MW"
      }
    },
    {
      "type": "Feature",
      "geometry": {
        "type": "Point",
        "coordinates": [-0.5163, 28.1984]
      },
      "properties": {
        "bright_ti4": 327.88,
        "scan": 0.51,
        "track": 0.41,
        "acq_date": "2026-09-22",
        "acq_time": "0211",
        "satellite": "N20",
        "instrument": "VIIRS",
        "confidence": "n",
        "version": "2.0NRT",
        "bright_ti5": 294.26,
        "frp": 2.82,
        "daynight": "N",
        "source_dataset": "VIIRS_NOAA20_NRT",
        "acq_datetime_utc": "2026-09-22T02:11:00Z",
        "age_hours": 39.7,
        "confidence_label": "nominal",
        "popup_label": "<strong>NASA FIRMS<\/strong><br>Sensor: VIIRS_NOAA20_NRT<br>Fecha UTC: 2026-09-22T02:11:00Z<br>Confianza: nominal<br>FRP: 2.82 MW"
      }
    },
    {
      "type": "Feature",
      "geometry": {
        "type": "Point",
        "coordinates": [-9.5271, 30.3404]
      },
      "properties": {
        "bright_ti4": 297.31,
        "scan": 0.54,
        "track": 0.42,
        "acq_date": "2026-09-22",
        "acq_time": "0211",
        "satellite": "N20",
        "instrument": "VIIRS",
        "confidence": "n",
        "version": "2.0NRT",
        "bright_ti5": 286.23,
        "frp": 0.61,
        "daynight": "N",
        "source_dataset": "VIIRS_NOAA20_NRT",
        "acq_datetime_utc": "2026-09-22T02:11:00Z",
        "age_hours": 39.7,
        "confidence_label": "nominal",
        "popup_label": "<strong>NASA FIRMS<\/strong><br>Sensor: VIIRS_NOAA20_NRT<br>Fecha UTC: 2026-09-22T02:11:00Z<br>Confianza: nominal<br>FRP: 0.61 MW"
      }
    },
    {
      "type": "Feature",
      "geometry": {
        "type": "Point",
        "coordinates": [3.991, 32.2788]
      },
      "properties": {
        "bright_ti4": 296.16,
        "scan": 0.5,
        "track": 0.49,
        "acq_date": "2026-09-22",
        "acq_time": "0209",
        "satellite": "N20",
        "instrument": "VIIRS",
        "confidence": "n",
        "version": "2.0NRT",
        "bright_ti5": 284.85,
        "frp": 0.83,
        "daynight": "N",
        "source_dataset": "VIIRS_NOAA20_NRT",
        "acq_datetime_utc": "2026-09-22T02:09:00Z",
        "age_hours": 39.7,
        "confidence_label": "nominal",
        "popup_label": "<strong>NASA FIRMS<\/strong><br>Sensor: VIIRS_NOAA20_NRT<br>Fecha UTC: 2026-09-22T02:09:00Z<br>Confianza: nominal<br>FRP: 0.83 MW"
      }
    },
    {
      "type": "Feature",
      "geometry": {
        "type": "Point",
        "coordinates": [-8.6771, 32.4603]
      },
      "properties": {
        "bright_ti4": 311.83,
        "scan": 0.52,
        "track": 0.42,
        "acq_date": "2026-09-22",
        "acq_time": "0209",
        "satellite": "N20",
        "instrument": "VIIRS",
        "confidence": "n",
        "version": "2.0NRT",
        "bright_ti5": 291.67,
        "frp": 1.11,
        "daynight": "N",
        "source_dataset": "VIIRS_NOAA20_NRT",
        "acq_datetime_utc": "2026-09-22T02:09:00Z",
        "age_hours": 39.7,
        "confidence_label": "nominal",
        "popup_label": "<strong>NASA FIRMS<\/strong><br>Sensor: VIIRS_NOAA20_NRT<br>Fecha UTC: 2026-09-22T02:09:00Z<br>Confianza: nominal<br>FRP: 1.11 MW"
      }
    },
    {
      "type": "Feature",
      "geometry": {
        "type": "Point",
        "coordinates": [3.1685, 32.557]
      },
      "properties": {
        "bright_ti4": 312.55,
        "scan": 0.44,
        "track": 0.46,
        "acq_date": "2026-09-22",
        "acq_time": "0209",
        "satellite": "N20",
        "instrument": "VIIRS",
        "confidence": "n",
        "version": "2.0NRT",
        "bright_ti5": 285.93,
        "frp": 1.28,
        "daynight": "N",
        "source_dataset": "VIIRS_NOAA20_NRT",
        "acq_datetime_utc": "2026-09-22T02:09:00Z",
        "age_hours": 39.7,
        "confidence_label": "nominal",
        "popup_label": "<strong>NASA FIRMS<\/strong><br>Sensor: VIIRS_NOAA20_NRT<br>Fecha UTC: 2026-09-22T02:09:00Z<br>Confianza: nominal<br>FRP: 1.28 MW"
      }
    },
    {
      "type": "Feature",
      "geometry": {
        "type": "Point",
        "coordinates": [3.1825, 32.7486]
      },
      "properties": {
        "bright_ti4": 320.65,
        "scan": 0.44,
        "track": 0.46,
        "acq_date": "2026-09-22",
        "acq_time": "0209",
        "satellite": "N20",
        "instrument": "VIIRS",
        "confidence": "n",
        "version": "2.0NRT",
        "bright_ti5": 285.01,
        "frp": 1.77,
        "daynight": "N",
        "source_dataset": "VIIRS_NOAA20_NRT",
        "acq_datetime_utc": "2026-09-22T02:09:00Z",
        "age_hours": 39.7,
        "confidence_label": "nominal",
        "popup_label": "<strong>NASA FIRMS<\/strong><br>Sensor: VIIRS_NOAA20_NRT<br>Fecha UTC: 2026-09-22T02:09:00Z<br>Confianza: nominal<br>FRP: 1.77 MW"
      }
    },
    {
      "type": "Feature",
      "geometry": {
        "type": "Point",
        "coordinates": [3.2409, 32.8374]
      },
      "properties": {
        "bright_ti4": 296.44,
        "scan": 0.44,
        "track": 0.46,
        "acq_date": "2026-09-22",
        "acq_time": "0209",
        "satellite": "N20",
        "instrument": "VIIRS",
        "confidence": "n",
        "version": "2.0NRT",
        "bright_ti5": 284.55,
        "frp": 0.77,
        "daynight": "N",
        "source_dataset": "VIIRS_NOAA20_NRT",
        "acq_datetime_utc": "2026-09-22T02:09:00Z",
        "age_hours": 39.7,
        "confidence_label": "nominal",
        "popup_label": "<strong>NASA FIRMS<\/strong><br>Sensor: VIIRS_NOAA20_NRT<br>Fecha UTC: 2026-09-22T02:09:00Z<br>Confianza: nominal<br>FRP: 0.77 MW"
      }
    },
    {
      "type": "Feature",
      "geometry": {
        "type": "Point",
        "coordinates": [3.2386, 32.8378]
      },
      "properties": {
        "bright_ti4": 303.91,
        "scan": 0.44,
        "track": 0.46,
        "acq_date": "2026-09-22",
        "acq_time": "0209",
        "satellite": "N20",
        "instrument": "VIIRS",
        "confidence": "n",
        "version": "2.0NRT",
        "bright_ti5": 284.78,
        "frp": 1.17,
        "daynight": "N",
        "source_dataset": "VIIRS_NOAA20_NRT",
        "acq_datetime_utc": "2026-09-22T02:09:00Z",
        "age_hours": 39.7,
        "confidence_label": "nominal",
        "popup_label": "<strong>NASA FIRMS<\/strong><br>Sensor: VIIRS_NOAA20_NRT<br>Fecha UTC: 2026-09-22T02:09:00Z<br>Confianza: nominal<br>FRP: 1.17 MW"
      }
    },
    {
      "type": "Feature",
      "geometry": {
        "type": "Point",
        "coordinates": [3.2363, 32.8384]
      },
      "properties": {
        "bright_ti4": 297.27,
        "scan": 0.44,
        "track": 0.46,
        "acq_date": "2026-09-22",
        "acq_time": "0209",
        "satellite": "N20",
        "instrument": "VIIRS",
        "confidence": "n",
        "version": "2.0NRT",
        "bright_ti5": 283.33,
        "frp": 0.77,
        "daynight": "N",
        "source_dataset": "VIIRS_NOAA20_NRT",
        "acq_datetime_utc": "2026-09-22T02:09:00Z",
        "age_hours": 39.7,
        "confidence_label": "nominal",
        "popup_label": "<strong>NASA FIRMS<\/strong><br>Sensor: VIIRS_NOAA20_NRT<br>Fecha UTC: 2026-09-22T02:09:00Z<br>Confianza: nominal<br>FRP: 0.77 MW"
      }
    },
    {
      "type": "Feature",
      "geometry": {
        "type": "Point",
        "coordinates": [3.2354, 32.9312]
      },
      "properties": {
        "bright_ti4": 298.74,
        "scan": 0.44,
        "track": 0.46,
        "acq_date": "2026-09-22",
        "acq_time": "0209",
        "satellite": "N20",
        "instrument": "VIIRS",
        "confidence": "n",
        "version": "2.0NRT",
        "bright_ti5": 284.32,
        "frp": 0.91,
        "daynight": "N",
        "source_dataset": "VIIRS_NOAA20_NRT",
        "acq_datetime_utc": "2026-09-22T02:09:00Z",
        "age_hours": 39.7,
        "confidence_label": "nominal",
        "popup_label": "<strong>NASA FIRMS<\/strong><br>Sensor: VIIRS_NOAA20_NRT<br>Fecha UTC: 2026-09-22T02:09:00Z<br>Confianza: nominal<br>FRP: 0.91 MW"
      }
    },
    {
      "type": "Feature",
      "geometry": {
        "type": "Point",
        "coordinates": [3.2308, 32.9321]
      },
      "properties": {
        "bright_ti4": 300.39,
        "scan": 0.44,
        "track": 0.46,
        "acq_date": "2026-09-22",
        "acq_time": "0209",
        "satellite": "N20",
        "instrument": "VIIRS",
        "confidence": "n",
        "version": "2.0NRT",
        "bright_ti5": 284.97,
        "frp": 1.09,
        "daynight": "N",
        "source_dataset": "VIIRS_NOAA20_NRT",
        "acq_datetime_utc": "2026-09-22T02:09:00Z",
        "age_hours": 39.7,
        "confidence_label": "nominal",
        "popup_label": "<strong>NASA FIRMS<\/strong><br>Sensor: VIIRS_NOAA20_NRT<br>Fecha UTC: 2026-09-22T02:09:00Z<br>Confianza: nominal<br>FRP: 1.09 MW"
      }
    },
    {
      "type": "Feature",
      "geometry": {
        "type": "Point",
        "coordinates": [3.2366, 32.9353]
      },
      "properties": {
        "bright_ti4": 298.52,
        "scan": 0.44,
        "track": 0.46,
        "acq_date": "2026-09-22",
        "acq_time": "0209",
        "satellite": "N20",
        "instrument": "VIIRS",
        "confidence": "n",
        "version": "2.0NRT",
        "bright_ti5": 283.64,
        "frp": 0.91,
        "daynight": "N",
        "source_dataset": "VIIRS_NOAA20_NRT",
        "acq_datetime_utc": "2026-09-22T02:09:00Z",
        "age_hours": 39.7,
        "confidence_label": "nominal",
        "popup_label": "<strong>NASA FIRMS<\/strong><br>Sensor: VIIRS_NOAA20_NRT<br>Fecha UTC: 2026-09-22T02:09:00Z<br>Confianza: nominal<br>FRP: 0.91 MW"
      }
    },
    {
      "type": "Feature",
      "geometry": {
        "type": "Point",
        "coordinates": [3.2321, 32.9363]
      },
      "properties": {
        "bright_ti4": 300.68,
        "scan": 0.44,
        "track": 0.46,
        "acq_date": "2026-09-22",
        "acq_time": "0209",
        "satellite": "N20",
        "instrument": "VIIRS",
        "confidence": "n",
        "version": "2.0NRT",
        "bright_ti5": 284.59,
        "frp": 1.09,
        "daynight": "N",
        "source_dataset": "VIIRS_NOAA20_NRT",
        "acq_datetime_utc": "2026-09-22T02:09:00Z",
        "age_hours": 39.7,
        "confidence_label": "nominal",
        "popup_label": "<strong>NASA FIRMS<\/strong><br>Sensor: VIIRS_NOAA20_NRT<br>Fecha UTC: 2026-09-22T02:09:00Z<br>Confianza: nominal<br>FRP: 1.09 MW"
      }
    },
    {
      "type": "Feature",
      "geometry": {
        "type": "Point",
        "coordinates": [3.2301, 32.9455]
      },
      "properties": {
        "bright_ti4": 295.8,
        "scan": 0.44,
        "track": 0.46,
        "acq_date": "2026-09-22",
        "acq_time": "0209",
        "satellite": "N20",
        "instrument": "VIIRS",
        "confidence": "n",
        "version": "2.0NRT",
        "bright_ti5": 281.49,
        "frp": 1.69,
        "daynight": "N",
        "source_dataset": "VIIRS_NOAA20_NRT",
        "acq_datetime_utc": "2026-09-22T02:09:00Z",
        "age_hours": 39.7,
        "confidence_label": "nominal",
        "popup_label": "<strong>NASA FIRMS<\/strong><br>Sensor: VIIRS_NOAA20_NRT<br>Fecha UTC: 2026-09-22T02:09:00Z<br>Confianza: nominal<br>FRP: 1.69 MW"
      }
    },
    {
      "type": "Feature",
      "geometry": {
        "type": "Point",
        "coordinates": [-7.1502, 32.9883]
      },
      "properties": {
        "bright_ti4": 302.47,
        "scan": 0.45,
        "track": 0.39,
        "acq_date": "2026-09-22",
        "acq_time": "0209",
        "satellite": "N20",
        "instrument": "VIIRS",
        "confidence": "n",
        "version": "2.0NRT",
        "bright_ti5": 291.86,
        "frp": 0.68,
        "daynight": "N",
        "source_dataset": "VIIRS_NOAA20_NRT",
        "acq_datetime_utc": "2026-09-22T02:09:00Z",
        "age_hours": 39.7,
        "confidence_label": "nominal",
        "popup_label": "<strong>NASA FIRMS<\/strong><br>Sensor: VIIRS_NOAA20_NRT<br>Fecha UTC: 2026-09-22T02:09:00Z<br>Confianza: nominal<br>FRP: 0.68 MW"
      }
    },
    {
      "type": "Feature",
      "geometry": {
        "type": "Point",
        "coordinates": [3.3182, 33.1255]
      },
      "properties": {
        "bright_ti4": 311.16,
        "scan": 0.44,
        "track": 0.46,
        "acq_date": "2026-09-22",
        "acq_time": "0209",
        "satellite": "N20",
        "instrument": "VIIRS",
        "confidence": "n",
        "version": "2.0NRT",
        "bright_ti5": 284.65,
        "frp": 1.31,
        "daynight": "N",
        "source_dataset": "VIIRS_NOAA20_NRT",
        "acq_datetime_utc": "2026-09-22T02:09:00Z",
        "age_hours": 39.7,
        "confidence_label": "nominal",
        "popup_label": "<strong>NASA FIRMS<\/strong><br>Sensor: VIIRS_NOAA20_NRT<br>Fecha UTC: 2026-09-22T02:09:00Z<br>Confianza: nominal<br>FRP: 1.31 MW"
      }
    },
    {
      "type": "Feature",
      "geometry": {
        "type": "Point",
        "coordinates": [3.3137, 33.1264]
      },
      "properties": {
        "bright_ti4": 296.33,
        "scan": 0.44,
        "track": 0.46,
        "acq_date": "2026-09-22",
        "acq_time": "0209",
        "satellite": "N20",
        "instrument": "VIIRS",
        "confidence": "n",
        "version": "2.0NRT",
        "bright_ti5": 283.91,
        "frp": 0.66,
        "daynight": "N",
        "source_dataset": "VIIRS_NOAA20_NRT",
        "acq_datetime_utc": "2026-09-22T02:09:00Z",
        "age_hours": 39.7,
        "confidence_label": "nominal",
        "popup_label": "<strong>NASA FIRMS<\/strong><br>Sensor: VIIRS_NOAA20_NRT<br>Fecha UTC: 2026-09-22T02:09:00Z<br>Confianza: nominal<br>FRP: 0.66 MW"
      }
    },
    {
      "type": "Feature",
      "geometry": {
        "type": "Point",
        "coordinates": [3.3195, 33.1296]
      },
      "properties": {
        "bright_ti4": 301.66,
        "scan": 0.44,
        "track": 0.46,
        "acq_date": "2026-09-22",
        "acq_time": "0209",
        "satellite": "N20",
        "instrument": "VIIRS",
        "confidence": "n",
        "version": "2.0NRT",
        "bright_ti5": 283.98,
        "frp": 1.31,
        "daynight": "N",
        "source_dataset": "VIIRS_NOAA20_NRT",
        "acq_datetime_utc": "2026-09-22T02:09:00Z",
        "age_hours": 39.7,
        "confidence_label": "nominal",
        "popup_label": "<strong>NASA FIRMS<\/strong><br>Sensor: VIIRS_NOAA20_NRT<br>Fecha UTC: 2026-09-22T02:09:00Z<br>Confianza: nominal<br>FRP: 1.31 MW"
      }
    },
    {
      "type": "Feature",
      "geometry": {
        "type": "Point",
        "coordinates": [3.3655, 33.1421]
      },
      "properties": {
        "bright_ti4": 301.13,
        "scan": 0.44,
        "track": 0.46,
        "acq_date": "2026-09-22",
        "acq_time": "0209",
        "satellite": "N20",
        "instrument": "VIIRS",
        "confidence": "n",
        "version": "2.0NRT",
        "bright_ti5": 282.79,
        "frp": 1.04,
        "daynight": "N",
        "source_dataset": "VIIRS_NOAA20_NRT",
        "acq_datetime_utc": "2026-09-22T02:09:00Z",
        "age_hours": 39.7,
        "confidence_label": "nominal",
        "popup_label": "<strong>NASA FIRMS<\/strong><br>Sensor: VIIRS_NOAA20_NRT<br>Fecha UTC: 2026-09-22T02:09:00Z<br>Confianza: nominal<br>FRP: 1.04 MW"
      }
    },
    {
      "type": "Feature",
      "geometry": {
        "type": "Point",
        "coordinates": [3.3626, 33.1424]
      },
      "properties": {
        "bright_ti4": 301.86,
        "scan": 0.44,
        "track": 0.46,
        "acq_date": "2026-09-22",
        "acq_time": "0209",
        "satellite": "N20",
        "instrument": "VIIRS",
        "confidence": "n",
        "version": "2.0NRT",
        "bright_ti5": 282.43,
        "frp": 0.79,
        "daynight": "N",
        "source_dataset": "VIIRS_NOAA20_NRT",
        "acq_datetime_utc": "2026-09-22T02:09:00Z",
        "age_hours": 39.7,
        "confidence_label": "nominal",
        "popup_label": "<strong>NASA FIRMS<\/strong><br>Sensor: VIIRS_NOAA20_NRT<br>Fecha UTC: 2026-09-22T02:09:00Z<br>Confianza: nominal<br>FRP: 0.79 MW"
      }
    },
    {
      "type": "Feature",
      "geometry": {
        "type": "Point",
        "coordinates": [-5.9987, 34.5921]
      },
      "properties": {
        "bright_ti4": 329.09,
        "scan": 0.43,
        "track": 0.38,
        "acq_date": "2026-09-22",
        "acq_time": "0209",
        "satellite": "N20",
        "instrument": "VIIRS",
        "confidence": "n",
        "version": "2.0NRT",
        "bright_ti5": 294.52,
        "frp": 2.45,
        "daynight": "N",
        "source_dataset": "VIIRS_NOAA20_NRT",
        "acq_datetime_utc": "2026-09-22T02:09:00Z",
        "age_hours": 39.7,
        "confidence_label": "nominal",
        "popup_label": "<strong>NASA FIRMS<\/strong><br>Sensor: VIIRS_NOAA20_NRT<br>Fecha UTC: 2026-09-22T02:09:00Z<br>Confianza: nominal<br>FRP: 2.45 MW"
      }
    },
    {
      "type": "Feature",
      "geometry": {
        "type": "Point",
        "coordinates": [-2.349, 34.5976]
      },
      "properties": {
        "bright_ti4": 306.52,
        "scan": 0.39,
        "track": 0.36,
        "acq_date": "2026-09-22",
        "acq_time": "0209",
        "satellite": "N20",
        "instrument": "VIIRS",
        "confidence": "n",
        "version": "2.0NRT",
        "bright_ti5": 288.75,
        "frp": 0.75,
        "daynight": "N",
        "source_dataset": "VIIRS_NOAA20_NRT",
        "acq_datetime_utc": "2026-09-22T02:09:00Z",
        "age_hours": 39.7,
        "confidence_label": "nominal",
        "popup_label": "<strong>NASA FIRMS<\/strong><br>Sensor: VIIRS_NOAA20_NRT<br>Fecha UTC: 2026-09-22T02:09:00Z<br>Confianza: nominal<br>FRP: 0.75 MW"
      }
    },
    {
      "type": "Feature",
      "geometry": {
        "type": "Point",
        "coordinates": [-5.869, 34.8586]
      },
      "properties": {
        "bright_ti4": 305.51,
        "scan": 0.42,
        "track": 0.38,
        "acq_date": "2026-09-22",
        "acq_time": "0209",
        "satellite": "N20",
        "instrument": "VIIRS",
        "confidence": "n",
        "version": "2.0NRT",
        "bright_ti5": 293.89,
        "frp": 0.71,
        "daynight": "N",
        "source_dataset": "VIIRS_NOAA20_NRT",
        "acq_datetime_utc": "2026-09-22T02:09:00Z",
        "age_hours": 39.7,
        "confidence_label": "nominal",
        "popup_label": "<strong>NASA FIRMS<\/strong><br>Sensor: VIIRS_NOAA20_NRT<br>Fecha UTC: 2026-09-22T02:09:00Z<br>Confianza: nominal<br>FRP: 0.71 MW"
      }
    },
    {
      "type": "Feature",
      "geometry": {
        "type": "Point",
        "coordinates": [-5.8736, 34.8593]
      },
      "properties": {
        "bright_ti4": 303.79,
        "scan": 0.42,
        "track": 0.38,
        "acq_date": "2026-09-22",
        "acq_time": "0209",
        "satellite": "N20",
        "instrument": "VIIRS",
        "confidence": "n",
        "version": "2.0NRT",
        "bright_ti5": 293.61,
        "frp": 0.71,
        "daynight": "N",
        "source_dataset": "VIIRS_NOAA20_NRT",
        "acq_datetime_utc": "2026-09-22T02:09:00Z",
        "age_hours": 39.7,
        "confidence_label": "nominal",
        "popup_label": "<strong>NASA FIRMS<\/strong><br>Sensor: VIIRS_NOAA20_NRT<br>Fecha UTC: 2026-09-22T02:09:00Z<br>Confianza: nominal<br>FRP: 0.71 MW"
      }
    },
    {
      "type": "Feature",
      "geometry": {
        "type": "Point",
        "coordinates": [-0.9389, 35.5685]
      },
      "properties": {
        "bright_ti4": 309.41,
        "scan": 0.4,
        "track": 0.37,
        "acq_date": "2026-09-22",
        "acq_time": "0209",
        "satellite": "N20",
        "instrument": "VIIRS",
        "confidence": "n",
        "version": "2.0NRT",
        "bright_ti5": 290.62,
        "frp": 0.79,
        "daynight": "N",
        "source_dataset": "VIIRS_NOAA20_NRT",
        "acq_datetime_utc": "2026-09-22T02:09:00Z",
        "age_hours": 39.7,
        "confidence_label": "nominal",
        "popup_label": "<strong>NASA FIRMS<\/strong><br>Sensor: VIIRS_NOAA20_NRT<br>Fecha UTC: 2026-09-22T02:09:00Z<br>Confianza: nominal<br>FRP: 0.79 MW"
      }
    },
    {
      "type": "Feature",
      "geometry": {
        "type": "Point",
        "coordinates": [4.4771, 35.7101]
      },
      "properties": {
        "bright_ti4": 308.99,
        "scan": 0.45,
        "track": 0.47,
        "acq_date": "2026-09-22",
        "acq_time": "0209",
        "satellite": "N20",
        "instrument": "VIIRS",
        "confidence": "n",
        "version": "2.0NRT",
        "bright_ti5": 290.19,
        "frp": 0.84,
        "daynight": "N",
        "source_dataset": "VIIRS_NOAA20_NRT",
        "acq_datetime_utc": "2026-09-22T02:09:00Z",
        "age_hours": 39.7,
        "confidence_label": "nominal",
        "popup_label": "<strong>NASA FIRMS<\/strong><br>Sensor: VIIRS_NOAA20_NRT<br>Fecha UTC: 2026-09-22T02:09:00Z<br>Confianza: nominal<br>FRP: 0.84 MW"
      }
    },
    {
      "type": "Feature",
      "geometry": {
        "type": "Point",
        "coordinates": [-0.2124, 35.8039]
      },
      "properties": {
        "bright_ti4": 304.07,
        "scan": 0.42,
        "track": 0.38,
        "acq_date": "2026-09-22",
        "acq_time": "0209",
        "satellite": "N20",
        "instrument": "VIIRS",
        "confidence": "n",
        "version": "2.0NRT",
        "bright_ti5": 293.29,
        "frp": 1.33,
        "daynight": "N",
        "source_dataset": "VIIRS_NOAA20_NRT",
        "acq_datetime_utc": "2026-09-22T02:09:00Z",
        "age_hours": 39.7,
        "confidence_label": "nominal",
        "popup_label": "<strong>NASA FIRMS<\/strong><br>Sensor: VIIRS_NOAA20_NRT<br>Fecha UTC: 2026-09-22T02:09:00Z<br>Confianza: nominal<br>FRP: 1.33 MW"
      }
    },
    {
      "type": "Feature",
      "geometry": {
        "type": "Point",
        "coordinates": [-0.2453, 35.8062]
      },
      "properties": {
        "bright_ti4": 309.41,
        "scan": 0.42,
        "track": 0.38,
        "acq_date": "2026-09-22",
        "acq_time": "0209",
        "satellite": "N20",
        "instrument": "VIIRS",
        "confidence": "n",
        "version": "2.0NRT",
        "bright_ti5": 293.26,
        "frp": 1.81,
        "daynight": "N",
        "source_dataset": "VIIRS_NOAA20_NRT",
        "acq_datetime_utc": "2026-09-22T02:09:00Z",
        "age_hours": 39.7,
        "confidence_label": "nominal",
        "popup_label": "<strong>NASA FIRMS<\/strong><br>Sensor: VIIRS_NOAA20_NRT<br>Fecha UTC: 2026-09-22T02:09:00Z<br>Confianza: nominal<br>FRP: 1.81 MW"
      }
    },
    {
      "type": "Feature",
      "geometry": {
        "type": "Point",
        "coordinates": [-0.2544, 35.8079]
      },
      "properties": {
        "bright_ti4": 303.52,
        "scan": 0.42,
        "track": 0.38,
        "acq_date": "2026-09-22",
        "acq_time": "0209",
        "satellite": "N20",
        "instrument": "VIIRS",
        "confidence": "n",
        "version": "2.0NRT",
        "bright_ti5": 291.58,
        "frp": 0.86,
        "daynight": "N",
        "source_dataset": "VIIRS_NOAA20_NRT",
        "acq_datetime_utc": "2026-09-22T02:09:00Z",
        "age_hours": 39.7,
        "confidence_label": "nominal",
        "popup_label": "<strong>NASA FIRMS<\/strong><br>Sensor: VIIRS_NOAA20_NRT<br>Fecha UTC: 2026-09-22T02:09:00Z<br>Confianza: nominal<br>FRP: 0.86 MW"
      }
    },
    {
      "type": "Feature",
      "geometry": {
        "type": "Point",
        "coordinates": [-0.2671, 35.8137]
      },
      "properties": {
        "bright_ti4": 301.23,
        "scan": 0.42,
        "track": 0.37,
        "acq_date": "2026-09-22",
        "acq_time": "0209",
        "satellite": "N20",
        "instrument": "VIIRS",
        "confidence": "n",
        "version": "2.0NRT",
        "bright_ti5": 290.15,
        "frp": 0.9,
        "daynight": "N",
        "source_dataset": "VIIRS_NOAA20_NRT",
        "acq_datetime_utc": "2026-09-22T02:09:00Z",
        "age_hours": 39.7,
        "confidence_label": "nominal",
        "popup_label": "<strong>NASA FIRMS<\/strong><br>Sensor: VIIRS_NOAA20_NRT<br>Fecha UTC: 2026-09-22T02:09:00Z<br>Confianza: nominal<br>FRP: 0.9 MW"
      }
    },
    {
      "type": "Feature",
      "geometry": {
        "type": "Point",
        "coordinates": [-0.2717, 35.8145]
      },
      "properties": {
        "bright_ti4": 301.73,
        "scan": 0.42,
        "track": 0.37,
        "acq_date": "2026-09-22",
        "acq_time": "0209",
        "satellite": "N20",
        "instrument": "VIIRS",
        "confidence": "n",
        "version": "2.0NRT",
        "bright_ti5": 289.91,
        "frp": 0.86,
        "daynight": "N",
        "source_dataset": "VIIRS_NOAA20_NRT",
        "acq_datetime_utc": "2026-09-22T02:09:00Z",
        "age_hours": 39.7,
        "confidence_label": "nominal",
        "popup_label": "<strong>NASA FIRMS<\/strong><br>Sensor: VIIRS_NOAA20_NRT<br>Fecha UTC: 2026-09-22T02:09:00Z<br>Confianza: nominal<br>FRP: 0.86 MW"
      }
    },
    {
      "type": "Feature",
      "geometry": {
        "type": "Point",
        "coordinates": [4.4475, 35.881]
      },
      "properties": {
        "bright_ti4": 315.12,
        "scan": 0.44,
        "track": 0.46,
        "acq_date": "2026-09-22",
        "acq_time": "0209",
        "satellite": "N20",
        "instrument": "VIIRS",
        "confidence": "n",
        "version": "2.0NRT",
        "bright_ti5": 290.7,
        "frp": 1.87,
        "daynight": "N",
        "source_dataset": "VIIRS_NOAA20_NRT",
        "acq_datetime_utc": "2026-09-22T02:09:00Z",
        "age_hours": 39.7,
        "confidence_label": "nominal",
        "popup_label": "<strong>NASA FIRMS<\/strong><br>Sensor: VIIRS_NOAA20_NRT<br>Fecha UTC: 2026-09-22T02:09:00Z<br>Confianza: nominal<br>FRP: 1.87 MW"
      }
    },
    {
      "type": "Feature",
      "geometry": {
        "type": "Point",
        "coordinates": [0.1242, 36.0186]
      },
      "properties": {
        "bright_ti4": 309.56,
        "scan": 0.43,
        "track": 0.38,
        "acq_date": "2026-09-22",
        "acq_time": "0209",
        "satellite": "N20",
        "instrument": "VIIRS",
        "confidence": "n",
        "version": "2.0NRT",
        "bright_ti5": 290.99,
        "frp": 0.73,
        "daynight": "N",
        "source_dataset": "VIIRS_NOAA20_NRT",
        "acq_datetime_utc": "2026-09-22T02:09:00Z",
        "age_hours": 39.7,
        "confidence_label": "nominal",
        "popup_label": "<strong>NASA FIRMS<\/strong><br>Sensor: VIIRS_NOAA20_NRT<br>Fecha UTC: 2026-09-22T02:09:00Z<br>Confianza: nominal<br>FRP: 0.73 MW"
      }
    },
    {
      "type": "Feature",
      "geometry": {
        "type": "Point",
        "coordinates": [2.9293, 36.1416]
      },
      "properties": {
        "bright_ti4": 297.33,
        "scan": 0.55,
        "track": 0.43,
        "acq_date": "2026-09-22",
        "acq_time": "0209",
        "satellite": "N20",
        "instrument": "VIIRS",
        "confidence": "n",
        "version": "2.0NRT",
        "bright_ti5": 286.14,
        "frp": 0.49,
        "daynight": "N",
        "source_dataset": "VIIRS_NOAA20_NRT",
        "acq_datetime_utc": "2026-09-22T02:09:00Z",
        "age_hours": 39.7,
        "confidence_label": "nominal",
        "popup_label": "<strong>NASA FIRMS<\/strong><br>Sensor: VIIRS_NOAA20_NRT<br>Fecha UTC: 2026-09-22T02:09:00Z<br>Confianza: nominal<br>FRP: 0.49 MW"
      }
    },
    {
      "type": "Feature",
      "geometry": {
        "type": "Point",
        "coordinates": [-5.4216, 36.1777]
      },
      "properties": {
        "bright_ti4": 309.25,
        "scan": 0.42,
        "track": 0.38,
        "acq_date": "2026-09-22",
        "acq_time": "0209",
        "satellite": "N20",
        "instrument": "VIIRS",
        "confidence": "n",
        "version": "2.0NRT",
        "bright_ti5": 293.7,
        "frp": 0.61,
        "daynight": "N",
        "source_dataset": "VIIRS_NOAA20_NRT",
        "acq_datetime_utc": "2026-09-22T02:09:00Z",
        "age_hours": 39.7,
        "confidence_label": "nominal",
        "popup_label": "<strong>NASA FIRMS<\/strong><br>Sensor: VIIRS_NOAA20_NRT<br>Fecha UTC: 2026-09-22T02:09:00Z<br>Confianza: nominal<br>FRP: 0.61 MW"
      }
    },
    {
      "type": "Feature",
      "geometry": {
        "type": "Point",
        "coordinates": [2.8774, 36.5988]
      },
      "properties": {
        "bright_ti4": 306.55,
        "scan": 0.54,
        "track": 0.42,
        "acq_date": "2026-09-22",
        "acq_time": "0209",
        "satellite": "N20",
        "instrument": "VIIRS",
        "confidence": "n",
        "version": "2.0NRT",
        "bright_ti5": 289.84,
        "frp": 1.01,
        "daynight": "N",
        "source_dataset": "VIIRS_NOAA20_NRT",
        "acq_datetime_utc": "2026-09-22T02:09:00Z",
        "age_hours": 39.7,
        "confidence_label": "nominal",
        "popup_label": "<strong>NASA FIRMS<\/strong><br>Sensor: VIIRS_NOAA20_NRT<br>Fecha UTC: 2026-09-22T02:09:00Z<br>Confianza: nominal<br>FRP: 1.01 MW"
      }
    },
    {
      "type": "Feature",
      "geometry": {
        "type": "Point",
        "coordinates": [2.9336, 36.5993]
      },
      "properties": {
        "bright_ti4": 299.86,
        "scan": 0.54,
        "track": 0.42,
        "acq_date": "2026-09-22",
        "acq_time": "0209",
        "satellite": "N20",
        "instrument": "VIIRS",
        "confidence": "n",
        "version": "2.0NRT",
        "bright_ti5": 289.01,
        "frp": 0.6,
        "daynight": "N",
        "source_dataset": "VIIRS_NOAA20_NRT",
        "acq_datetime_utc": "2026-09-22T02:09:00Z",
        "age_hours": 39.7,
        "confidence_label": "nominal",
        "popup_label": "<strong>NASA FIRMS<\/strong><br>Sensor: VIIRS_NOAA20_NRT<br>Fecha UTC: 2026-09-22T02:09:00Z<br>Confianza: nominal<br>FRP: 0.6 MW"
      }
    },
    {
      "type": "Feature",
      "geometry": {
        "type": "Point",
        "coordinates": [3.1382, 36.6633]
      },
      "properties": {
        "bright_ti4": 301.31,
        "scan": 0.55,
        "track": 0.43,
        "acq_date": "2026-09-22",
        "acq_time": "0209",
        "satellite": "N20",
        "instrument": "VIIRS",
        "confidence": "n",
        "version": "2.0NRT",
        "bright_ti5": 290.69,
        "frp": 0.59,
        "daynight": "N",
        "source_dataset": "VIIRS_NOAA20_NRT",
        "acq_datetime_utc": "2026-09-22T02:09:00Z",
        "age_hours": 39.7,
        "confidence_label": "nominal",
        "popup_label": "<strong>NASA FIRMS<\/strong><br>Sensor: VIIRS_NOAA20_NRT<br>Fecha UTC: 2026-09-22T02:09:00Z<br>Confianza: nominal<br>FRP: 0.59 MW"
      }
    },
    {
      "type": "Feature",
      "geometry": {
        "type": "Point",
        "coordinates": [3.0826, 36.7478]
      },
      "properties": {
        "bright_ti4": 312.03,
        "scan": 0.54,
        "track": 0.42,
        "acq_date": "2026-09-22",
        "acq_time": "0209",
        "satellite": "N20",
        "instrument": "VIIRS",
        "confidence": "n",
        "version": "2.0NRT",
        "bright_ti5": 291.8,
        "frp": 1.57,
        "daynight": "N",
        "source_dataset": "VIIRS_NOAA20_NRT",
        "acq_datetime_utc": "2026-09-22T02:09:00Z",
        "age_hours": 39.7,
        "confidence_label": "nominal",
        "popup_label": "<strong>NASA FIRMS<\/strong><br>Sensor: VIIRS_NOAA20_NRT<br>Fecha UTC: 2026-09-22T02:09:00Z<br>Confianza: nominal<br>FRP: 1.57 MW"
      }
    },
    {
      "type": "Feature",
      "geometry": {
        "type": "Point",
        "coordinates": [3.0785, 36.75]
      },
      "properties": {
        "bright_ti4": 307.48,
        "scan": 0.54,
        "track": 0.42,
        "acq_date": "2026-09-22",
        "acq_time": "0209",
        "satellite": "N20",
        "instrument": "VIIRS",
        "confidence": "n",
        "version": "2.0NRT",
        "bright_ti5": 291.87,
        "frp": 1.06,
        "daynight": "N",
        "source_dataset": "VIIRS_NOAA20_NRT",
        "acq_datetime_utc": "2026-09-22T02:09:00Z",
        "age_hours": 39.7,
        "confidence_label": "nominal",
        "popup_label": "<strong>NASA FIRMS<\/strong><br>Sensor: VIIRS_NOAA20_NRT<br>Fecha UTC: 2026-09-22T02:09:00Z<br>Confianza: nominal<br>FRP: 1.06 MW"
      }
    },
    {
      "type": "Feature",
      "geometry": {
        "type": "Point",
        "coordinates": [-1.9051, 36.9666]
      },
      "properties": {
        "bright_ti4": 318.5,
        "scan": 0.39,
        "track": 0.36,
        "acq_date": "2026-09-22",
        "acq_time": "0209",
        "satellite": "N20",
        "instrument": "VIIRS",
        "confidence": "n",
        "version": "2.0NRT",
        "bright_ti5": 294.32,
        "frp": 1.75,
        "daynight": "N",
        "source_dataset": "VIIRS_NOAA20_NRT",
        "acq_datetime_utc": "2026-09-22T02:09:00Z",
        "age_hours": 39.7,
        "confidence_label": "nominal",
        "popup_label": "<strong>NASA FIRMS<\/strong><br>Sensor: VIIRS_NOAA20_NRT<br>Fecha UTC: 2026-09-22T02:09:00Z<br>Confianza: nominal<br>FRP: 1.75 MW"
      }
    },
    {
      "type": "Feature",
      "geometry": {
        "type": "Point",
        "coordinates": [-0.5431, 38.3778]
      },
      "properties": {
        "bright_ti4": 310.19,
        "scan": 0.39,
        "track": 0.37,
        "acq_date": "2026-09-22",
        "acq_time": "0206",
        "satellite": "N20",
        "instrument": "VIIRS",
        "confidence": "n",
        "version": "2.0NRT",
        "bright_ti5": 292.31,
        "frp": 1.05,
        "daynight": "N",
        "source_dataset": "VIIRS_NOAA20_NRT",
        "acq_datetime_utc": "2026-09-22T02:06:00Z",
        "age_hours": 39.8,
        "confidence_label": "nominal",
        "popup_label": "<strong>NASA FIRMS<\/strong><br>Sensor: VIIRS_NOAA20_NRT<br>Fecha UTC: 2026-09-22T02:06:00Z<br>Confianza: nominal<br>FRP: 1.05 MW"
      }
    },
    {
      "type": "Feature",
      "geometry": {
        "type": "Point",
        "coordinates": [-9.011, 38.9222]
      },
      "properties": {
        "bright_ti4": 313.4,
        "scan": 0.43,
        "track": 0.46,
        "acq_date": "2026-09-22",
        "acq_time": "0206",
        "satellite": "N20",
        "instrument": "VIIRS",
        "confidence": "n",
        "version": "2.0NRT",
        "bright_ti5": 295.24,
        "frp": 1.6,
        "daynight": "N",
        "source_dataset": "VIIRS_NOAA20_NRT",
        "acq_datetime_utc": "2026-09-22T02:06:00Z",
        "age_hours": 39.8,
        "confidence_label": "nominal",
        "popup_label": "<strong>NASA FIRMS<\/strong><br>Sensor: VIIRS_NOAA20_NRT<br>Fecha UTC: 2026-09-22T02:06:00Z<br>Confianza: nominal<br>FRP: 1.6 MW"
      }
    },
    {
      "type": "Feature",
      "geometry": {
        "type": "Point",
        "coordinates": [-9.1572, 39.5]
      },
      "properties": {
        "bright_ti4": 321.64,
        "scan": 0.44,
        "track": 0.46,
        "acq_date": "2026-09-22",
        "acq_time": "0206",
        "satellite": "N20",
        "instrument": "VIIRS",
        "confidence": "n",
        "version": "2.0NRT",
        "bright_ti5": 291.63,
        "frp": 2.62,
        "daynight": "N",
        "source_dataset": "VIIRS_NOAA20_NRT",
        "acq_datetime_utc": "2026-09-22T02:06:00Z",
        "age_hours": 39.8,
        "confidence_label": "nominal",
        "popup_label": "<strong>NASA FIRMS<\/strong><br>Sensor: VIIRS_NOAA20_NRT<br>Fecha UTC: 2026-09-22T02:06:00Z<br>Confianza: nominal<br>FRP: 2.62 MW"
      }
    },
    {
      "type": "Feature",
      "geometry": {
        "type": "Point",
        "coordinates": [-9.1622, 39.5004]
      },
      "properties": {
        "bright_ti4": 314.24,
        "scan": 0.44,
        "track": 0.46,
        "acq_date": "2026-09-22",
        "acq_time": "0206",
        "satellite": "N20",
        "instrument": "VIIRS",
        "confidence": "n",
        "version": "2.0NRT",
        "bright_ti5": 287.67,
        "frp": 2.62,
        "daynight": "N",
        "source_dataset": "VIIRS_NOAA20_NRT",
        "acq_datetime_utc": "2026-09-22T02:06:00Z",
        "age_hours": 39.8,
        "confidence_label": "nominal",
        "popup_label": "<strong>NASA FIRMS<\/strong><br>Sensor: VIIRS_NOAA20_NRT<br>Fecha UTC: 2026-09-22T02:06:00Z<br>Confianza: nominal<br>FRP: 2.62 MW"
      }
    },
    {
      "type": "Feature",
      "geometry": {
        "type": "Point",
        "coordinates": [-7.776, 39.8391]
      },
      "properties": {
        "bright_ti4": 328.28,
        "scan": 0.57,
        "track": 0.43,
        "acq_date": "2026-09-22",
        "acq_time": "0206",
        "satellite": "N20",
        "instrument": "VIIRS",
        "confidence": "n",
        "version": "2.0NRT",
        "bright_ti5": 291.11,
        "frp": 3.86,
        "daynight": "N",
        "source_dataset": "VIIRS_NOAA20_NRT",
        "acq_datetime_utc": "2026-09-22T02:06:00Z",
        "age_hours": 39.8,
        "confidence_label": "nominal",
        "popup_label": "<strong>NASA FIRMS<\/strong><br>Sensor: VIIRS_NOAA20_NRT<br>Fecha UTC: 2026-09-22T02:06:00Z<br>Confianza: nominal<br>FRP: 3.86 MW"
      }
    },
    {
      "type": "Feature",
      "geometry": {
        "type": "Point",
        "coordinates": [-7.7752, 39.8413]
      },
      "properties": {
        "bright_ti4": 328.02,
        "scan": 0.57,
        "track": 0.43,
        "acq_date": "2026-09-22",
        "acq_time": "0206",
        "satellite": "N20",
        "instrument": "VIIRS",
        "confidence": "n",
        "version": "2.0NRT",
        "bright_ti5": 291.34,
        "frp": 5.8,
        "daynight": "N",
        "source_dataset": "VIIRS_NOAA20_NRT",
        "acq_datetime_utc": "2026-09-22T02:06:00Z",
        "age_hours": 39.8,
        "confidence_label": "nominal",
        "popup_label": "<strong>NASA FIRMS<\/strong><br>Sensor: VIIRS_NOAA20_NRT<br>Fecha UTC: 2026-09-22T02:06:00Z<br>Confianza: nominal<br>FRP: 5.8 MW"
      }
    },
    {
      "type": "Feature",
      "geometry": {
        "type": "Point",
        "coordinates": [-7.6199, 39.8435]
      },
      "properties": {
        "bright_ti4": 315.94,
        "scan": 0.56,
        "track": 0.43,
        "acq_date": "2026-09-22",
        "acq_time": "0206",
        "satellite": "N20",
        "instrument": "VIIRS",
        "confidence": "n",
        "version": "2.0NRT",
        "bright_ti5": 289.5,
        "frp": 1.48,
        "daynight": "N",
        "source_dataset": "VIIRS_NOAA20_NRT",
        "acq_datetime_utc": "2026-09-22T02:06:00Z",
        "age_hours": 39.8,
        "confidence_label": "nominal",
        "popup_label": "<strong>NASA FIRMS<\/strong><br>Sensor: VIIRS_NOAA20_NRT<br>Fecha UTC: 2026-09-22T02:06:00Z<br>Confianza: nominal<br>FRP: 1.48 MW"
      }
    },
    {
      "type": "Feature",
      "geometry": {
        "type": "Point",
        "coordinates": [-3.4769, 40.2452]
      },
      "properties": {
        "bright_ti4": 326.09,
        "scan": 0.4,
        "track": 0.37,
        "acq_date": "2026-09-22",
        "acq_time": "0206",
        "satellite": "N20",
        "instrument": "VIIRS",
        "confidence": "n",
        "version": "2.0NRT",
        "bright_ti5": 288.08,
        "frp": 3.33,
        "daynight": "N",
        "source_dataset": "VIIRS_NOAA20_NRT",
        "acq_datetime_utc": "2026-09-22T02:06:00Z",
        "age_hours": 39.8,
        "confidence_label": "nominal",
        "popup_label": "<strong>NASA FIRMS<\/strong><br>Sensor: VIIRS_NOAA20_NRT<br>Fecha UTC: 2026-09-22T02:06:00Z<br>Confianza: nominal<br>FRP: 3.33 MW"
      }
    },
    {
      "type": "Feature",
      "geometry": {
        "type": "Point",
        "coordinates": [-8.5848, 41.2754]
      },
      "properties": {
        "bright_ti4": 309,
        "scan": 0.43,
        "track": 0.46,
        "acq_date": "2026-09-22",
        "acq_time": "0206",
        "satellite": "N20",
        "instrument": "VIIRS",
        "confidence": "n",
        "version": "2.0NRT",
        "bright_ti5": 295.2,
        "frp": 2.29,
        "daynight": "N",
        "source_dataset": "VIIRS_NOAA20_NRT",
        "acq_datetime_utc": "2026-09-22T02:06:00Z",
        "age_hours": 39.8,
        "confidence_label": "nominal",
        "popup_label": "<strong>NASA FIRMS<\/strong><br>Sensor: VIIRS_NOAA20_NRT<br>Fecha UTC: 2026-09-22T02:06:00Z<br>Confianza: nominal<br>FRP: 2.29 MW"
      }
    },
    {
      "type": "Feature",
      "geometry": {
        "type": "Point",
        "coordinates": [-8.5134, 41.2902]
      },
      "properties": {
        "bright_ti4": 307.72,
        "scan": 0.43,
        "track": 0.46,
        "acq_date": "2026-09-22",
        "acq_time": "0206",
        "satellite": "N20",
        "instrument": "VIIRS",
        "confidence": "n",
        "version": "2.0NRT",
        "bright_ti5": 292.76,
        "frp": 0.96,
        "daynight": "N",
        "source_dataset": "VIIRS_NOAA20_NRT",
        "acq_datetime_utc": "2026-09-22T02:06:00Z",
        "age_hours": 39.8,
        "confidence_label": "nominal",
        "popup_label": "<strong>NASA FIRMS<\/strong><br>Sensor: VIIRS_NOAA20_NRT<br>Fecha UTC: 2026-09-22T02:06:00Z<br>Confianza: nominal<br>FRP: 0.96 MW"
      }
    },
    {
      "type": "Feature",
      "geometry": {
        "type": "Point",
        "coordinates": [1.6636, 41.3134]
      },
      "properties": {
        "bright_ti4": 310.81,
        "scan": 0.42,
        "track": 0.37,
        "acq_date": "2026-09-22",
        "acq_time": "0206",
        "satellite": "N20",
        "instrument": "VIIRS",
        "confidence": "n",
        "version": "2.0NRT",
        "bright_ti5": 289.27,
        "frp": 0.93,
        "daynight": "N",
        "source_dataset": "VIIRS_NOAA20_NRT",
        "acq_datetime_utc": "2026-09-22T02:06:00Z",
        "age_hours": 39.8,
        "confidence_label": "nominal",
        "popup_label": "<strong>NASA FIRMS<\/strong><br>Sensor: VIIRS_NOAA20_NRT<br>Fecha UTC: 2026-09-22T02:06:00Z<br>Confianza: nominal<br>FRP: 0.93 MW"
      }
    },
    {
      "type": "Feature",
      "geometry": {
        "type": "Point",
        "coordinates": [1.9785, 41.4548]
      },
      "properties": {
        "bright_ti4": 301.75,
        "scan": 0.42,
        "track": 0.38,
        "acq_date": "2026-09-22",
        "acq_time": "0206",
        "satellite": "N20",
        "instrument": "VIIRS",
        "confidence": "n",
        "version": "2.0NRT",
        "bright_ti5": 291.11,
        "frp": 0.51,
        "daynight": "N",
        "source_dataset": "VIIRS_NOAA20_NRT",
        "acq_datetime_utc": "2026-09-22T02:06:00Z",
        "age_hours": 39.8,
        "confidence_label": "nominal",
        "popup_label": "<strong>NASA FIRMS<\/strong><br>Sensor: VIIRS_NOAA20_NRT<br>Fecha UTC: 2026-09-22T02:06:00Z<br>Confianza: nominal<br>FRP: 0.51 MW"
      }
    },
    {
      "type": "Feature",
      "geometry": {
        "type": "Point",
        "coordinates": [-1.4866, 41.4742]
      },
      "properties": {
        "bright_ti4": 306.76,
        "scan": 0.39,
        "track": 0.36,
        "acq_date": "2026-09-22",
        "acq_time": "0206",
        "satellite": "N20",
        "instrument": "VIIRS",
        "confidence": "n",
        "version": "2.0NRT",
        "bright_ti5": 287.81,
        "frp": 0.79,
        "daynight": "N",
        "source_dataset": "VIIRS_NOAA20_NRT",
        "acq_datetime_utc": "2026-09-22T02:06:00Z",
        "age_hours": 39.8,
        "confidence_label": "nominal",
        "popup_label": "<strong>NASA FIRMS<\/strong><br>Sensor: VIIRS_NOAA20_NRT<br>Fecha UTC: 2026-09-22T02:06:00Z<br>Confianza: nominal<br>FRP: 0.79 MW"
      }
    },
    {
      "type": "Feature",
      "geometry": {
        "type": "Point",
        "coordinates": [-8.0121, 41.6031]
      },
      "properties": {
        "bright_ti4": 309.79,
        "scan": 0.41,
        "track": 0.45,
        "acq_date": "2026-09-22",
        "acq_time": "0206",
        "satellite": "N20",
        "instrument": "VIIRS",
        "confidence": "n",
        "version": "2.0NRT",
        "bright_ti5": 291.21,
        "frp": 1.39,
        "daynight": "N",
        "source_dataset": "VIIRS_NOAA20_NRT",
        "acq_datetime_utc": "2026-09-22T02:06:00Z",
        "age_hours": 39.8,
        "confidence_label": "nominal",
        "popup_label": "<strong>NASA FIRMS<\/strong><br>Sensor: VIIRS_NOAA20_NRT<br>Fecha UTC: 2026-09-22T02:06:00Z<br>Confianza: nominal<br>FRP: 1.39 MW"
      }
    },
    {
      "type": "Feature",
      "geometry": {
        "type": "Point",
        "coordinates": [-8.0112, 41.6073]
      },
      "properties": {
        "bright_ti4": 355.22,
        "scan": 0.41,
        "track": 0.45,
        "acq_date": "2026-09-22",
        "acq_time": "0206",
        "satellite": "N20",
        "instrument": "VIIRS",
        "confidence": "n",
        "version": "2.0NRT",
        "bright_ti5": 293.68,
        "frp": 10.9,
        "daynight": "N",
        "source_dataset": "VIIRS_NOAA20_NRT",
        "acq_datetime_utc": "2026-09-22T02:06:00Z",
        "age_hours": 39.8,
        "confidence_label": "nominal",
        "popup_label": "<strong>NASA FIRMS<\/strong><br>Sensor: VIIRS_NOAA20_NRT<br>Fecha UTC: 2026-09-22T02:06:00Z<br>Confianza: nominal<br>FRP: 10.9 MW"
      }
    },
    {
      "type": "Feature",
      "geometry": {
        "type": "Point",
        "coordinates": [-8.3449, 41.7406]
      },
      "properties": {
        "bright_ti4": 318.32,
        "scan": 0.43,
        "track": 0.46,
        "acq_date": "2026-09-22",
        "acq_time": "0206",
        "satellite": "N20",
        "instrument": "VIIRS",
        "confidence": "n",
        "version": "2.0NRT",
        "bright_ti5": 293.76,
        "frp": 1.75,
        "daynight": "N",
        "source_dataset": "VIIRS_NOAA20_NRT",
        "acq_datetime_utc": "2026-09-22T02:06:00Z",
        "age_hours": 39.8,
        "confidence_label": "nominal",
        "popup_label": "<strong>NASA FIRMS<\/strong><br>Sensor: VIIRS_NOAA20_NRT<br>Fecha UTC: 2026-09-22T02:06:00Z<br>Confianza: nominal<br>FRP: 1.75 MW"
      }
    },
    {
      "type": "Feature",
      "geometry": {
        "type": "Point",
        "coordinates": [-8.3921, 41.8815]
      },
      "properties": {
        "bright_ti4": 303.49,
        "scan": 0.43,
        "track": 0.46,
        "acq_date": "2026-09-22",
        "acq_time": "0206",
        "satellite": "N20",
        "instrument": "VIIRS",
        "confidence": "n",
        "version": "2.0NRT",
        "bright_ti5": 292.54,
        "frp": 0.96,
        "daynight": "N",
        "source_dataset": "VIIRS_NOAA20_NRT",
        "acq_datetime_utc": "2026-09-22T02:06:00Z",
        "age_hours": 39.8,
        "confidence_label": "nominal",
        "popup_label": "<strong>NASA FIRMS<\/strong><br>Sensor: VIIRS_NOAA20_NRT<br>Fecha UTC: 2026-09-22T02:06:00Z<br>Confianza: nominal<br>FRP: 0.96 MW"
      }
    },
    {
      "type": "Feature",
      "geometry": {
        "type": "Point",
        "coordinates": [0.1773, 41.9254]
      },
      "properties": {
        "bright_ti4": 305.31,
        "scan": 0.39,
        "track": 0.36,
        "acq_date": "2026-09-22",
        "acq_time": "0206",
        "satellite": "N20",
        "instrument": "VIIRS",
        "confidence": "n",
        "version": "2.0NRT",
        "bright_ti5": 286.32,
        "frp": 0.69,
        "daynight": "N",
        "source_dataset": "VIIRS_NOAA20_NRT",
        "acq_datetime_utc": "2026-09-22T02:06:00Z",
        "age_hours": 39.8,
        "confidence_label": "nominal",
        "popup_label": "<strong>NASA FIRMS<\/strong><br>Sensor: VIIRS_NOAA20_NRT<br>Fecha UTC: 2026-09-22T02:06:00Z<br>Confianza: nominal<br>FRP: 0.69 MW"
      }
    },
    {
      "type": "Feature",
      "geometry": {
        "type": "Point",
        "coordinates": [1.534, 42.5511]
      },
      "properties": {
        "bright_ti4": 329.81,
        "scan": 0.4,
        "track": 0.37,
        "acq_date": "2026-09-22",
        "acq_time": "0206",
        "satellite": "N20",
        "instrument": "VIIRS",
        "confidence": "n",
        "version": "2.0NRT",
        "bright_ti5": 282.94,
        "frp": 3.38,
        "daynight": "N",
        "source_dataset": "VIIRS_NOAA20_NRT",
        "acq_datetime_utc": "2026-09-22T02:06:00Z",
        "age_hours": 39.8,
        "confidence_label": "nominal",
        "popup_label": "<strong>NASA FIRMS<\/strong><br>Sensor: VIIRS_NOAA20_NRT<br>Fecha UTC: 2026-09-22T02:06:00Z<br>Confianza: nominal<br>FRP: 3.38 MW"
      }
    },
    {
      "type": "Feature",
      "geometry": {
        "type": "Point",
        "coordinates": [-6.7672, 42.5523]
      },
      "properties": {
        "bright_ti4": 301.38,
        "scan": 0.55,
        "track": 0.43,
        "acq_date": "2026-09-22",
        "acq_time": "0206",
        "satellite": "N20",
        "instrument": "VIIRS",
        "confidence": "n",
        "version": "2.0NRT",
        "bright_ti5": 287.33,
        "frp": 0.6,
        "daynight": "N",
        "source_dataset": "VIIRS_NOAA20_NRT",
        "acq_datetime_utc": "2026-09-22T02:06:00Z",
        "age_hours": 39.8,
        "confidence_label": "nominal",
        "popup_label": "<strong>NASA FIRMS<\/strong><br>Sensor: VIIRS_NOAA20_NRT<br>Fecha UTC: 2026-09-22T02:06:00Z<br>Confianza: nominal<br>FRP: 0.6 MW"
      }
    },
    {
      "type": "Feature",
      "geometry": {
        "type": "Point",
        "coordinates": [1.7673, 42.6947]
      },
      "properties": {
        "bright_ti4": 302.88,
        "scan": 0.41,
        "track": 0.37,
        "acq_date": "2026-09-22",
        "acq_time": "0206",
        "satellite": "N20",
        "instrument": "VIIRS",
        "confidence": "n",
        "version": "2.0NRT",
        "bright_ti5": 280.17,
        "frp": 0.94,
        "daynight": "N",
        "source_dataset": "VIIRS_NOAA20_NRT",
        "acq_datetime_utc": "2026-09-22T02:06:00Z",
        "age_hours": 39.8,
        "confidence_label": "nominal",
        "popup_label": "<strong>NASA FIRMS<\/strong><br>Sensor: VIIRS_NOAA20_NRT<br>Fecha UTC: 2026-09-22T02:06:00Z<br>Confianza: nominal<br>FRP: 0.94 MW"
      }
    },
    {
      "type": "Feature",
      "geometry": {
        "type": "Point",
        "coordinates": [-1.7429, 42.8147]
      },
      "properties": {
        "bright_ti4": 304.99,
        "scan": 0.39,
        "track": 0.36,
        "acq_date": "2026-09-22",
        "acq_time": "0206",
        "satellite": "N20",
        "instrument": "VIIRS",
        "confidence": "n",
        "version": "2.0NRT",
        "bright_ti5": 283.4,
        "frp": 0.85,
        "daynight": "N",
        "source_dataset": "VIIRS_NOAA20_NRT",
        "acq_datetime_utc": "2026-09-22T02:06:00Z",
        "age_hours": 39.8,
        "confidence_label": "nominal",
        "popup_label": "<strong>NASA FIRMS<\/strong><br>Sensor: VIIRS_NOAA20_NRT<br>Fecha UTC: 2026-09-22T02:06:00Z<br>Confianza: nominal<br>FRP: 0.85 MW"
      }
    },
    {
      "type": "Feature",
      "geometry": {
        "type": "Point",
        "coordinates": [-2.2186, 43.0339]
      },
      "properties": {
        "bright_ti4": 302.63,
        "scan": 0.4,
        "track": 0.37,
        "acq_date": "2026-09-22",
        "acq_time": "0206",
        "satellite": "N20",
        "instrument": "VIIRS",
        "confidence": "n",
        "version": "2.0NRT",
        "bright_ti5": 278.24,
        "frp": 0.77,
        "daynight": "N",
        "source_dataset": "VIIRS_NOAA20_NRT",
        "acq_datetime_utc": "2026-09-22T02:06:00Z",
        "age_hours": 39.8,
        "confidence_label": "nominal",
        "popup_label": "<strong>NASA FIRMS<\/strong><br>Sensor: VIIRS_NOAA20_NRT<br>Fecha UTC: 2026-09-22T02:06:00Z<br>Confianza: nominal<br>FRP: 0.77 MW"
      }
    },
    {
      "type": "Feature",
      "geometry": {
        "type": "Point",
        "coordinates": [-2.2216, 43.0413]
      },
      "properties": {
        "bright_ti4": 297.94,
        "scan": 0.4,
        "track": 0.37,
        "acq_date": "2026-09-22",
        "acq_time": "0206",
        "satellite": "N20",
        "instrument": "VIIRS",
        "confidence": "n",
        "version": "2.0NRT",
        "bright_ti5": 277.73,
        "frp": 0.84,
        "daynight": "N",
        "source_dataset": "VIIRS_NOAA20_NRT",
        "acq_datetime_utc": "2026-09-22T02:06:00Z",
        "age_hours": 39.8,
        "confidence_label": "nominal",
        "popup_label": "<strong>NASA FIRMS<\/strong><br>Sensor: VIIRS_NOAA20_NRT<br>Fecha UTC: 2026-09-22T02:06:00Z<br>Confianza: nominal<br>FRP: 0.84 MW"
      }
    },
    {
      "type": "Feature",
      "geometry": {
        "type": "Point",
        "coordinates": [0.991, 43.1847]
      },
      "properties": {
        "bright_ti4": 302.32,
        "scan": 0.39,
        "track": 0.36,
        "acq_date": "2026-09-22",
        "acq_time": "0206",
        "satellite": "N20",
        "instrument": "VIIRS",
        "confidence": "n",
        "version": "2.0NRT",
        "bright_ti5": 287.58,
        "frp": 0.57,
        "daynight": "N",
        "source_dataset": "VIIRS_NOAA20_NRT",
        "acq_datetime_utc": "2026-09-22T02:06:00Z",
        "age_hours": 39.8,
        "confidence_label": "nominal",
        "popup_label": "<strong>NASA FIRMS<\/strong><br>Sensor: VIIRS_NOAA20_NRT<br>Fecha UTC: 2026-09-22T02:06:00Z<br>Confianza: nominal<br>FRP: 0.57 MW"
      }
    },
    {
      "type": "Feature",
      "geometry": {
        "type": "Point",
        "coordinates": [-5.7299, 43.5251]
      },
      "properties": {
        "bright_ti4": 306.71,
        "scan": 0.51,
        "track": 0.41,
        "acq_date": "2026-09-22",
        "acq_time": "0206",
        "satellite": "N20",
        "instrument": "VIIRS",
        "confidence": "n",
        "version": "2.0NRT",
        "bright_ti5": 288.66,
        "frp": 1.93,
        "daynight": "N",
        "source_dataset": "VIIRS_NOAA20_NRT",
        "acq_datetime_utc": "2026-09-22T02:06:00Z",
        "age_hours": 39.8,
        "confidence_label": "nominal",
        "popup_label": "<strong>NASA FIRMS<\/strong><br>Sensor: VIIRS_NOAA20_NRT<br>Fecha UTC: 2026-09-22T02:06:00Z<br>Confianza: nominal<br>FRP: 1.93 MW"
      }
    },
    {
      "type": "Feature",
      "geometry": {
        "type": "Point",
        "coordinates": [-5.7292, 43.5289]
      },
      "properties": {
        "bright_ti4": 306.86,
        "scan": 0.51,
        "track": 0.41,
        "acq_date": "2026-09-22",
        "acq_time": "0206",
        "satellite": "N20",
        "instrument": "VIIRS",
        "confidence": "n",
        "version": "2.0NRT",
        "bright_ti5": 289.09,
        "frp": 1.88,
        "daynight": "N",
        "source_dataset": "VIIRS_NOAA20_NRT",
        "acq_datetime_utc": "2026-09-22T02:06:00Z",
        "age_hours": 39.8,
        "confidence_label": "nominal",
        "popup_label": "<strong>NASA FIRMS<\/strong><br>Sensor: VIIRS_NOAA20_NRT<br>Fecha UTC: 2026-09-22T02:06:00Z<br>Confianza: nominal<br>FRP: 1.88 MW"
      }
    },
    {
      "type": "Feature",
      "geometry": {
        "type": "Point",
        "coordinates": [-5.8307, 43.5398]
      },
      "properties": {
        "bright_ti4": 329.64,
        "scan": 0.52,
        "track": 0.41,
        "acq_date": "2026-09-22",
        "acq_time": "0206",
        "satellite": "N20",
        "instrument": "VIIRS",
        "confidence": "n",
        "version": "2.0NRT",
        "bright_ti5": 290.16,
        "frp": 7.35,
        "daynight": "N",
        "source_dataset": "VIIRS_NOAA20_NRT",
        "acq_datetime_utc": "2026-09-22T02:06:00Z",
        "age_hours": 39.8,
        "confidence_label": "nominal",
        "popup_label": "<strong>NASA FIRMS<\/strong><br>Sensor: VIIRS_NOAA20_NRT<br>Fecha UTC: 2026-09-22T02:06:00Z<br>Confianza: nominal<br>FRP: 7.35 MW"
      }
    },
    {
      "type": "Feature",
      "geometry": {
        "type": "Point",
        "coordinates": [-5.8549, 43.5502]
      },
      "properties": {
        "bright_ti4": 311.82,
        "scan": 0.52,
        "track": 0.41,
        "acq_date": "2026-09-22",
        "acq_time": "0206",
        "satellite": "N20",
        "instrument": "VIIRS",
        "confidence": "n",
        "version": "2.0NRT",
        "bright_ti5": 288.22,
        "frp": 1.16,
        "daynight": "N",
        "source_dataset": "VIIRS_NOAA20_NRT",
        "acq_datetime_utc": "2026-09-22T02:06:00Z",
        "age_hours": 39.8,
        "confidence_label": "nominal",
        "popup_label": "<strong>NASA FIRMS<\/strong><br>Sensor: VIIRS_NOAA20_NRT<br>Fecha UTC: 2026-09-22T02:06:00Z<br>Confianza: nominal<br>FRP: 1.16 MW"
      }
    },
    {
      "type": "Feature",
      "geometry": {
        "type": "Point",
        "coordinates": [-5.8606, 43.5547]
      },
      "properties": {
        "bright_ti4": 300.66,
        "scan": 0.52,
        "track": 0.41,
        "acq_date": "2026-09-22",
        "acq_time": "0206",
        "satellite": "N20",
        "instrument": "VIIRS",
        "confidence": "n",
        "version": "2.0NRT",
        "bright_ti5": 288.5,
        "frp": 1.16,
        "daynight": "N",
        "source_dataset": "VIIRS_NOAA20_NRT",
        "acq_datetime_utc": "2026-09-22T02:06:00Z",
        "age_hours": 39.8,
        "confidence_label": "nominal",
        "popup_label": "<strong>NASA FIRMS<\/strong><br>Sensor: VIIRS_NOAA20_NRT<br>Fecha UTC: 2026-09-22T02:06:00Z<br>Confianza: nominal<br>FRP: 1.16 MW"
      }
    },
    {
      "type": "Feature",
      "geometry": {
        "type": "Point",
        "coordinates": [4.9004, 43.4409]
      },
      "properties": {
        "bright_ti4": 301.75,
        "scan": 0.49,
        "track": 0.41,
        "acq_date": "2026-09-22",
        "acq_time": "0204",
        "satellite": "N20",
        "instrument": "VIIRS",
        "confidence": "n",
        "version": "2.0NRT",
        "bright_ti5": 289.3,
        "frp": 5.67,
        "daynight": "N",
        "source_dataset": "VIIRS_NOAA20_NRT",
        "acq_datetime_utc": "2026-09-22T02:04:00Z",
        "age_hours": 39.8,
        "confidence_label": "nominal",
        "popup_label": "<strong>NASA FIRMS<\/strong><br>Sensor: VIIRS_NOAA20_NRT<br>Fecha UTC: 2026-09-22T02:04:00Z<br>Confianza: nominal<br>FRP: 5.67 MW"
      }
    },
    {
      "type": "Feature",
      "geometry": {
        "type": "Point",
        "coordinates": [4.8812, 43.4409]
      },
      "properties": {
        "bright_ti4": 328.86,
        "scan": 0.49,
        "track": 0.4,
        "acq_date": "2026-09-22",
        "acq_time": "0204",
        "satellite": "N20",
        "instrument": "VIIRS",
        "confidence": "n",
        "version": "2.0NRT",
        "bright_ti5": 289.76,
        "frp": 4.54,
        "daynight": "N",
        "source_dataset": "VIIRS_NOAA20_NRT",
        "acq_datetime_utc": "2026-09-22T02:04:00Z",
        "age_hours": 39.8,
        "confidence_label": "nominal",
        "popup_label": "<strong>NASA FIRMS<\/strong><br>Sensor: VIIRS_NOAA20_NRT<br>Fecha UTC: 2026-09-22T02:04:00Z<br>Confianza: nominal<br>FRP: 4.54 MW"
      }
    },
    {
      "type": "Feature",
      "geometry": {
        "type": "Point",
        "coordinates": [4.8958, 43.4457]
      },
      "properties": {
        "bright_ti4": 347.91,
        "scan": 0.49,
        "track": 0.4,
        "acq_date": "2026-09-22",
        "acq_time": "0204",
        "satellite": "N20",
        "instrument": "VIIRS",
        "confidence": "n",
        "version": "2.0NRT",
        "bright_ti5": 291.56,
        "frp": 5.67,
        "daynight": "N",
        "source_dataset": "VIIRS_NOAA20_NRT",
        "acq_datetime_utc": "2026-09-22T02:04:00Z",
        "age_hours": 39.8,
        "confidence_label": "nominal",
        "popup_label": "<strong>NASA FIRMS<\/strong><br>Sensor: VIIRS_NOAA20_NRT<br>Fecha UTC: 2026-09-22T02:04:00Z<br>Confianza: nominal<br>FRP: 5.67 MW"
      }
    },
    {
      "type": "Feature",
      "geometry": {
        "type": "Point",
        "coordinates": [4.8972, 43.4493]
      },
      "properties": {
        "bright_ti4": 337.91,
        "scan": 0.49,
        "track": 0.4,
        "acq_date": "2026-09-22",
        "acq_time": "0204",
        "satellite": "N20",
        "instrument": "VIIRS",
        "confidence": "n",
        "version": "2.0NRT",
        "bright_ti5": 289.81,
        "frp": 5.07,
        "daynight": "N",
        "source_dataset": "VIIRS_NOAA20_NRT",
        "acq_datetime_utc": "2026-09-22T02:04:00Z",
        "age_hours": 39.8,
        "confidence_label": "nominal",
        "popup_label": "<strong>NASA FIRMS<\/strong><br>Sensor: VIIRS_NOAA20_NRT<br>Fecha UTC: 2026-09-22T02:04:00Z<br>Confianza: nominal<br>FRP: 5.07 MW"
      }
    }
  ]
}
