{
  "type": "FeatureCollection",
  "features": [
    {
      "type": "Feature",
      "geometry": {
        "type": "Point",
        "coordinates": [-3.9721, 42.1925]
      },
      "properties": {
        "bright_ti4": 322.51,
        "scan": 0.71,
        "track": 0.75,
        "acq_date": "2026-08-31",
        "acq_time": "0338",
        "satellite": "N",
        "instrument": "VIIRS",
        "confidence": "n",
        "version": "2.0NRT",
        "bright_ti5": 283.61,
        "frp": 3.78,
        "daynight": "N",
        "source_dataset": "VIIRS_SNPP_NRT",
        "acq_datetime_utc": "2026-08-31T03:38:00Z",
        "age_hours": 5.2,
        "confidence_label": "nominal",
        "popup_label": "<strong>NASA FIRMS<\/strong><br>Sensor: VIIRS_SNPP_NRT<br>Fecha UTC: 2026-08-31T03:38:00Z<br>Confianza: nominal<br>FRP: 3.78 MW"
      }
    },
    {
      "type": "Feature",
      "geometry": {
        "type": "Point",
        "coordinates": [-0.5177, 28.2012]
      },
      "properties": {
        "bright_ti4": 331.74,
        "scan": 0.39,
        "track": 0.36,
        "acq_date": "2026-08-31",
        "acq_time": "0202",
        "satellite": "N",
        "instrument": "VIIRS",
        "confidence": "n",
        "version": "2.0NRT",
        "bright_ti5": 299.34,
        "frp": 2.59,
        "daynight": "N",
        "source_dataset": "VIIRS_SNPP_NRT",
        "acq_datetime_utc": "2026-08-31T02:02:00Z",
        "age_hours": 6.8,
        "confidence_label": "nominal",
        "popup_label": "<strong>NASA FIRMS<\/strong><br>Sensor: VIIRS_SNPP_NRT<br>Fecha UTC: 2026-08-31T02:02:00Z<br>Confianza: nominal<br>FRP: 2.59 MW"
      }
    },
    {
      "type": "Feature",
      "geometry": {
        "type": "Point",
        "coordinates": [3.9891, 32.2762]
      },
      "properties": {
        "bright_ti4": 331.71,
        "scan": 0.5,
        "track": 0.41,
        "acq_date": "2026-08-31",
        "acq_time": "0202",
        "satellite": "N",
        "instrument": "VIIRS",
        "confidence": "n",
        "version": "2.0NRT",
        "bright_ti5": 301.05,
        "frp": 4.53,
        "daynight": "N",
        "source_dataset": "VIIRS_SNPP_NRT",
        "acq_datetime_utc": "2026-08-31T02:02:00Z",
        "age_hours": 6.8,
        "confidence_label": "nominal",
        "popup_label": "<strong>NASA FIRMS<\/strong><br>Sensor: VIIRS_SNPP_NRT<br>Fecha UTC: 2026-08-31T02:02:00Z<br>Confianza: nominal<br>FRP: 4.53 MW"
      }
    },
    {
      "type": "Feature",
      "geometry": {
        "type": "Point",
        "coordinates": [-7.1486, 32.989]
      },
      "properties": {
        "bright_ti4": 303.09,
        "scan": 0.43,
        "track": 0.46,
        "acq_date": "2026-08-31",
        "acq_time": "0202",
        "satellite": "N",
        "instrument": "VIIRS",
        "confidence": "n",
        "version": "2.0NRT",
        "bright_ti5": 290.18,
        "frp": 0.75,
        "daynight": "N",
        "source_dataset": "VIIRS_SNPP_NRT",
        "acq_datetime_utc": "2026-08-31T02:02:00Z",
        "age_hours": 6.8,
        "confidence_label": "nominal",
        "popup_label": "<strong>NASA FIRMS<\/strong><br>Sensor: VIIRS_SNPP_NRT<br>Fecha UTC: 2026-08-31T02:02:00Z<br>Confianza: nominal<br>FRP: 0.75 MW"
      }
    },
    {
      "type": "Feature",
      "geometry": {
        "type": "Point",
        "coordinates": [4.0081, 32.4012]
      },
      "properties": {
        "bright_ti4": 309.63,
        "scan": 0.5,
        "track": 0.41,
        "acq_date": "2026-08-31",
        "acq_time": "0200",
        "satellite": "N",
        "instrument": "VIIRS",
        "confidence": "n",
        "version": "2.0NRT",
        "bright_ti5": 298.05,
        "frp": 1.25,
        "daynight": "N",
        "source_dataset": "VIIRS_SNPP_NRT",
        "acq_datetime_utc": "2026-08-31T02:00:00Z",
        "age_hours": 6.8,
        "confidence_label": "nominal",
        "popup_label": "<strong>NASA FIRMS<\/strong><br>Sensor: VIIRS_SNPP_NRT<br>Fecha UTC: 2026-08-31T02:00:00Z<br>Confianza: nominal<br>FRP: 1.25 MW"
      }
    },
    {
      "type": "Feature",
      "geometry": {
        "type": "Point",
        "coordinates": [3.1675, 32.5548]
      },
      "properties": {
        "bright_ti4": 338.57,
        "scan": 0.46,
        "track": 0.39,
        "acq_date": "2026-08-31",
        "acq_time": "0200",
        "satellite": "N",
        "instrument": "VIIRS",
        "confidence": "n",
        "version": "2.0NRT",
        "bright_ti5": 297.7,
        "frp": 4.42,
        "daynight": "N",
        "source_dataset": "VIIRS_SNPP_NRT",
        "acq_datetime_utc": "2026-08-31T02:00:00Z",
        "age_hours": 6.8,
        "confidence_label": "nominal",
        "popup_label": "<strong>NASA FIRMS<\/strong><br>Sensor: VIIRS_SNPP_NRT<br>Fecha UTC: 2026-08-31T02:00:00Z<br>Confianza: nominal<br>FRP: 4.42 MW"
      }
    },
    {
      "type": "Feature",
      "geometry": {
        "type": "Point",
        "coordinates": [3.1815, 32.745]
      },
      "properties": {
        "bright_ti4": 313.84,
        "scan": 0.46,
        "track": 0.39,
        "acq_date": "2026-08-31",
        "acq_time": "0200",
        "satellite": "N",
        "instrument": "VIIRS",
        "confidence": "n",
        "version": "2.0NRT",
        "bright_ti5": 296.47,
        "frp": 1.3,
        "daynight": "N",
        "source_dataset": "VIIRS_SNPP_NRT",
        "acq_datetime_utc": "2026-08-31T02:00:00Z",
        "age_hours": 6.8,
        "confidence_label": "nominal",
        "popup_label": "<strong>NASA FIRMS<\/strong><br>Sensor: VIIRS_SNPP_NRT<br>Fecha UTC: 2026-08-31T02:00:00Z<br>Confianza: nominal<br>FRP: 1.3 MW"
      }
    },
    {
      "type": "Feature",
      "geometry": {
        "type": "Point",
        "coordinates": [3.1824, 32.7485]
      },
      "properties": {
        "bright_ti4": 307.12,
        "scan": 0.46,
        "track": 0.39,
        "acq_date": "2026-08-31",
        "acq_time": "0200",
        "satellite": "N",
        "instrument": "VIIRS",
        "confidence": "n",
        "version": "2.0NRT",
        "bright_ti5": 296.36,
        "frp": 1.3,
        "daynight": "N",
        "source_dataset": "VIIRS_SNPP_NRT",
        "acq_datetime_utc": "2026-08-31T02:00:00Z",
        "age_hours": 6.8,
        "confidence_label": "nominal",
        "popup_label": "<strong>NASA FIRMS<\/strong><br>Sensor: VIIRS_SNPP_NRT<br>Fecha UTC: 2026-08-31T02:00:00Z<br>Confianza: nominal<br>FRP: 1.3 MW"
      }
    },
    {
      "type": "Feature",
      "geometry": {
        "type": "Point",
        "coordinates": [4.5707, 32.7712]
      },
      "properties": {
        "bright_ti4": 335.59,
        "scan": 0.52,
        "track": 0.42,
        "acq_date": "2026-08-31",
        "acq_time": "0200",
        "satellite": "N",
        "instrument": "VIIRS",
        "confidence": "n",
        "version": "2.0NRT",
        "bright_ti5": 301.7,
        "frp": 6.12,
        "daynight": "N",
        "source_dataset": "VIIRS_SNPP_NRT",
        "acq_datetime_utc": "2026-08-31T02:00:00Z",
        "age_hours": 6.8,
        "confidence_label": "nominal",
        "popup_label": "<strong>NASA FIRMS<\/strong><br>Sensor: VIIRS_SNPP_NRT<br>Fecha UTC: 2026-08-31T02:00:00Z<br>Confianza: nominal<br>FRP: 6.12 MW"
      }
    },
    {
      "type": "Feature",
      "geometry": {
        "type": "Point",
        "coordinates": [4.5698, 32.7727]
      },
      "properties": {
        "bright_ti4": 330.22,
        "scan": 0.52,
        "track": 0.42,
        "acq_date": "2026-08-31",
        "acq_time": "0200",
        "satellite": "N",
        "instrument": "VIIRS",
        "confidence": "n",
        "version": "2.0NRT",
        "bright_ti5": 301.95,
        "frp": 6.29,
        "daynight": "N",
        "source_dataset": "VIIRS_SNPP_NRT",
        "acq_datetime_utc": "2026-08-31T02:00:00Z",
        "age_hours": 6.8,
        "confidence_label": "nominal",
        "popup_label": "<strong>NASA FIRMS<\/strong><br>Sensor: VIIRS_SNPP_NRT<br>Fecha UTC: 2026-08-31T02:00:00Z<br>Confianza: nominal<br>FRP: 6.29 MW"
      }
    },
    {
      "type": "Feature",
      "geometry": {
        "type": "Point",
        "coordinates": [3.229, 32.9289]
      },
      "properties": {
        "bright_ti4": 314.43,
        "scan": 0.46,
        "track": 0.39,
        "acq_date": "2026-08-31",
        "acq_time": "0200",
        "satellite": "N",
        "instrument": "VIIRS",
        "confidence": "n",
        "version": "2.0NRT",
        "bright_ti5": 295.76,
        "frp": 1.25,
        "daynight": "N",
        "source_dataset": "VIIRS_SNPP_NRT",
        "acq_datetime_utc": "2026-08-31T02:00:00Z",
        "age_hours": 6.8,
        "confidence_label": "nominal",
        "popup_label": "<strong>NASA FIRMS<\/strong><br>Sensor: VIIRS_SNPP_NRT<br>Fecha UTC: 2026-08-31T02:00:00Z<br>Confianza: nominal<br>FRP: 1.25 MW"
      }
    },
    {
      "type": "Feature",
      "geometry": {
        "type": "Point",
        "coordinates": [3.2444, 32.9297]
      },
      "properties": {
        "bright_ti4": 309.32,
        "scan": 0.46,
        "track": 0.39,
        "acq_date": "2026-08-31",
        "acq_time": "0200",
        "satellite": "N",
        "instrument": "VIIRS",
        "confidence": "n",
        "version": "2.0NRT",
        "bright_ti5": 296.51,
        "frp": 1.34,
        "daynight": "N",
        "source_dataset": "VIIRS_SNPP_NRT",
        "acq_datetime_utc": "2026-08-31T02:00:00Z",
        "age_hours": 6.8,
        "confidence_label": "nominal",
        "popup_label": "<strong>NASA FIRMS<\/strong><br>Sensor: VIIRS_SNPP_NRT<br>Fecha UTC: 2026-08-31T02:00:00Z<br>Confianza: nominal<br>FRP: 1.34 MW"
      }
    },
    {
      "type": "Feature",
      "geometry": {
        "type": "Point",
        "coordinates": [3.2243, 32.9298]
      },
      "properties": {
        "bright_ti4": 312.49,
        "scan": 0.46,
        "track": 0.39,
        "acq_date": "2026-08-31",
        "acq_time": "0200",
        "satellite": "N",
        "instrument": "VIIRS",
        "confidence": "n",
        "version": "2.0NRT",
        "bright_ti5": 295.82,
        "frp": 1.49,
        "daynight": "N",
        "source_dataset": "VIIRS_SNPP_NRT",
        "acq_datetime_utc": "2026-08-31T02:00:00Z",
        "age_hours": 6.8,
        "confidence_label": "nominal",
        "popup_label": "<strong>NASA FIRMS<\/strong><br>Sensor: VIIRS_SNPP_NRT<br>Fecha UTC: 2026-08-31T02:00:00Z<br>Confianza: nominal<br>FRP: 1.49 MW"
      }
    },
    {
      "type": "Feature",
      "geometry": {
        "type": "Point",
        "coordinates": [3.2327, 32.9305]
      },
      "properties": {
        "bright_ti4": 307.41,
        "scan": 0.46,
        "track": 0.39,
        "acq_date": "2026-08-31",
        "acq_time": "0200",
        "satellite": "N",
        "instrument": "VIIRS",
        "confidence": "n",
        "version": "2.0NRT",
        "bright_ti5": 296.4,
        "frp": 1.02,
        "daynight": "N",
        "source_dataset": "VIIRS_SNPP_NRT",
        "acq_datetime_utc": "2026-08-31T02:00:00Z",
        "age_hours": 6.8,
        "confidence_label": "nominal",
        "popup_label": "<strong>NASA FIRMS<\/strong><br>Sensor: VIIRS_SNPP_NRT<br>Fecha UTC: 2026-08-31T02:00:00Z<br>Confianza: nominal<br>FRP: 1.02 MW"
      }
    },
    {
      "type": "Feature",
      "geometry": {
        "type": "Point",
        "coordinates": [3.2279, 32.9314]
      },
      "properties": {
        "bright_ti4": 325.44,
        "scan": 0.46,
        "track": 0.39,
        "acq_date": "2026-08-31",
        "acq_time": "0200",
        "satellite": "N",
        "instrument": "VIIRS",
        "confidence": "n",
        "version": "2.0NRT",
        "bright_ti5": 296.39,
        "frp": 1.69,
        "daynight": "N",
        "source_dataset": "VIIRS_SNPP_NRT",
        "acq_datetime_utc": "2026-08-31T02:00:00Z",
        "age_hours": 6.8,
        "confidence_label": "nominal",
        "popup_label": "<strong>NASA FIRMS<\/strong><br>Sensor: VIIRS_SNPP_NRT<br>Fecha UTC: 2026-08-31T02:00:00Z<br>Confianza: nominal<br>FRP: 1.69 MW"
      }
    },
    {
      "type": "Feature",
      "geometry": {
        "type": "Point",
        "coordinates": [3.2231, 32.9323]
      },
      "properties": {
        "bright_ti4": 308.39,
        "scan": 0.46,
        "track": 0.39,
        "acq_date": "2026-08-31",
        "acq_time": "0200",
        "satellite": "N",
        "instrument": "VIIRS",
        "confidence": "n",
        "version": "2.0NRT",
        "bright_ti5": 296.45,
        "frp": 1.69,
        "daynight": "N",
        "source_dataset": "VIIRS_SNPP_NRT",
        "acq_datetime_utc": "2026-08-31T02:00:00Z",
        "age_hours": 6.8,
        "confidence_label": "nominal",
        "popup_label": "<strong>NASA FIRMS<\/strong><br>Sensor: VIIRS_SNPP_NRT<br>Fecha UTC: 2026-08-31T02:00:00Z<br>Confianza: nominal<br>FRP: 1.69 MW"
      }
    },
    {
      "type": "Feature",
      "geometry": {
        "type": "Point",
        "coordinates": [3.2252, 32.9333]
      },
      "properties": {
        "bright_ti4": 313.53,
        "scan": 0.46,
        "track": 0.39,
        "acq_date": "2026-08-31",
        "acq_time": "0200",
        "satellite": "N",
        "instrument": "VIIRS",
        "confidence": "n",
        "version": "2.0NRT",
        "bright_ti5": 297.67,
        "frp": 1.76,
        "daynight": "N",
        "source_dataset": "VIIRS_SNPP_NRT",
        "acq_datetime_utc": "2026-08-31T02:00:00Z",
        "age_hours": 6.8,
        "confidence_label": "nominal",
        "popup_label": "<strong>NASA FIRMS<\/strong><br>Sensor: VIIRS_SNPP_NRT<br>Fecha UTC: 2026-08-31T02:00:00Z<br>Confianza: nominal<br>FRP: 1.76 MW"
      }
    },
    {
      "type": "Feature",
      "geometry": {
        "type": "Point",
        "coordinates": [3.2357, 32.935]
      },
      "properties": {
        "bright_ti4": 315.95,
        "scan": 0.46,
        "track": 0.39,
        "acq_date": "2026-08-31",
        "acq_time": "0200",
        "satellite": "N",
        "instrument": "VIIRS",
        "confidence": "n",
        "version": "2.0NRT",
        "bright_ti5": 297.2,
        "frp": 2.33,
        "daynight": "N",
        "source_dataset": "VIIRS_SNPP_NRT",
        "acq_datetime_utc": "2026-08-31T02:00:00Z",
        "age_hours": 6.8,
        "confidence_label": "nominal",
        "popup_label": "<strong>NASA FIRMS<\/strong><br>Sensor: VIIRS_SNPP_NRT<br>Fecha UTC: 2026-08-31T02:00:00Z<br>Confianza: nominal<br>FRP: 2.33 MW"
      }
    },
    {
      "type": "Feature",
      "geometry": {
        "type": "Point",
        "coordinates": [3.228, 32.9439]
      },
      "properties": {
        "bright_ti4": 315.96,
        "scan": 0.46,
        "track": 0.39,
        "acq_date": "2026-08-31",
        "acq_time": "0200",
        "satellite": "N",
        "instrument": "VIIRS",
        "confidence": "n",
        "version": "2.0NRT",
        "bright_ti5": 297.68,
        "frp": 1.76,
        "daynight": "N",
        "source_dataset": "VIIRS_SNPP_NRT",
        "acq_datetime_utc": "2026-08-31T02:00:00Z",
        "age_hours": 6.8,
        "confidence_label": "nominal",
        "popup_label": "<strong>NASA FIRMS<\/strong><br>Sensor: VIIRS_SNPP_NRT<br>Fecha UTC: 2026-08-31T02:00:00Z<br>Confianza: nominal<br>FRP: 1.76 MW"
      }
    },
    {
      "type": "Feature",
      "geometry": {
        "type": "Point",
        "coordinates": [3.2289, 32.9475]
      },
      "properties": {
        "bright_ti4": 311.16,
        "scan": 0.46,
        "track": 0.39,
        "acq_date": "2026-08-31",
        "acq_time": "0200",
        "satellite": "N",
        "instrument": "VIIRS",
        "confidence": "n",
        "version": "2.0NRT",
        "bright_ti5": 298.35,
        "frp": 1.22,
        "daynight": "N",
        "source_dataset": "VIIRS_SNPP_NRT",
        "acq_datetime_utc": "2026-08-31T02:00:00Z",
        "age_hours": 6.8,
        "confidence_label": "nominal",
        "popup_label": "<strong>NASA FIRMS<\/strong><br>Sensor: VIIRS_SNPP_NRT<br>Fecha UTC: 2026-08-31T02:00:00Z<br>Confianza: nominal<br>FRP: 1.22 MW"
      }
    },
    {
      "type": "Feature",
      "geometry": {
        "type": "Point",
        "coordinates": [3.2241, 32.9484]
      },
      "properties": {
        "bright_ti4": 307.51,
        "scan": 0.46,
        "track": 0.39,
        "acq_date": "2026-08-31",
        "acq_time": "0200",
        "satellite": "N",
        "instrument": "VIIRS",
        "confidence": "n",
        "version": "2.0NRT",
        "bright_ti5": 297.42,
        "frp": 1.22,
        "daynight": "N",
        "source_dataset": "VIIRS_SNPP_NRT",
        "acq_datetime_utc": "2026-08-31T02:00:00Z",
        "age_hours": 6.8,
        "confidence_label": "nominal",
        "popup_label": "<strong>NASA FIRMS<\/strong><br>Sensor: VIIRS_SNPP_NRT<br>Fecha UTC: 2026-08-31T02:00:00Z<br>Confianza: nominal<br>FRP: 1.22 MW"
      }
    },
    {
      "type": "Feature",
      "geometry": {
        "type": "Point",
        "coordinates": [3.3187, 33.1258]
      },
      "properties": {
        "bright_ti4": 326.08,
        "scan": 0.46,
        "track": 0.39,
        "acq_date": "2026-08-31",
        "acq_time": "0200",
        "satellite": "N",
        "instrument": "VIIRS",
        "confidence": "n",
        "version": "2.0NRT",
        "bright_ti5": 296.93,
        "frp": 2.84,
        "daynight": "N",
        "source_dataset": "VIIRS_SNPP_NRT",
        "acq_datetime_utc": "2026-08-31T02:00:00Z",
        "age_hours": 6.8,
        "confidence_label": "nominal",
        "popup_label": "<strong>NASA FIRMS<\/strong><br>Sensor: VIIRS_SNPP_NRT<br>Fecha UTC: 2026-08-31T02:00:00Z<br>Confianza: nominal<br>FRP: 2.84 MW"
      }
    },
    {
      "type": "Feature",
      "geometry": {
        "type": "Point",
        "coordinates": [3.3215, 33.1266]
      },
      "properties": {
        "bright_ti4": 322.25,
        "scan": 0.46,
        "track": 0.39,
        "acq_date": "2026-08-31",
        "acq_time": "0200",
        "satellite": "N",
        "instrument": "VIIRS",
        "confidence": "n",
        "version": "2.0NRT",
        "bright_ti5": 298.13,
        "frp": 3.03,
        "daynight": "N",
        "source_dataset": "VIIRS_SNPP_NRT",
        "acq_datetime_utc": "2026-08-31T02:00:00Z",
        "age_hours": 6.8,
        "confidence_label": "nominal",
        "popup_label": "<strong>NASA FIRMS<\/strong><br>Sensor: VIIRS_SNPP_NRT<br>Fecha UTC: 2026-08-31T02:00:00Z<br>Confianza: nominal<br>FRP: 3.03 MW"
      }
    },
    {
      "type": "Feature",
      "geometry": {
        "type": "Point",
        "coordinates": [3.3698, 33.136]
      },
      "properties": {
        "bright_ti4": 321.22,
        "scan": 0.46,
        "track": 0.39,
        "acq_date": "2026-08-31",
        "acq_time": "0200",
        "satellite": "N",
        "instrument": "VIIRS",
        "confidence": "n",
        "version": "2.0NRT",
        "bright_ti5": 296.86,
        "frp": 1.74,
        "daynight": "N",
        "source_dataset": "VIIRS_SNPP_NRT",
        "acq_datetime_utc": "2026-08-31T02:00:00Z",
        "age_hours": 6.8,
        "confidence_label": "nominal",
        "popup_label": "<strong>NASA FIRMS<\/strong><br>Sensor: VIIRS_SNPP_NRT<br>Fecha UTC: 2026-08-31T02:00:00Z<br>Confianza: nominal<br>FRP: 1.74 MW"
      }
    },
    {
      "type": "Feature",
      "geometry": {
        "type": "Point",
        "coordinates": [3.3659, 33.1405]
      },
      "properties": {
        "bright_ti4": 319.26,
        "scan": 0.46,
        "track": 0.39,
        "acq_date": "2026-08-31",
        "acq_time": "0200",
        "satellite": "N",
        "instrument": "VIIRS",
        "confidence": "n",
        "version": "2.0NRT",
        "bright_ti5": 297.01,
        "frp": 2.27,
        "daynight": "N",
        "source_dataset": "VIIRS_SNPP_NRT",
        "acq_datetime_utc": "2026-08-31T02:00:00Z",
        "age_hours": 6.8,
        "confidence_label": "nominal",
        "popup_label": "<strong>NASA FIRMS<\/strong><br>Sensor: VIIRS_SNPP_NRT<br>Fecha UTC: 2026-08-31T02:00:00Z<br>Confianza: nominal<br>FRP: 2.27 MW"
      }
    },
    {
      "type": "Feature",
      "geometry": {
        "type": "Point",
        "coordinates": [-4.8624, 34.4847]
      },
      "properties": {
        "bright_ti4": 303.31,
        "scan": 0.52,
        "track": 0.41,
        "acq_date": "2026-08-31",
        "acq_time": "0200",
        "satellite": "N",
        "instrument": "VIIRS",
        "confidence": "n",
        "version": "2.0NRT",
        "bright_ti5": 292.97,
        "frp": 0.42,
        "daynight": "N",
        "source_dataset": "VIIRS_SNPP_NRT",
        "acq_datetime_utc": "2026-08-31T02:00:00Z",
        "age_hours": 6.8,
        "confidence_label": "nominal",
        "popup_label": "<strong>NASA FIRMS<\/strong><br>Sensor: VIIRS_SNPP_NRT<br>Fecha UTC: 2026-08-31T02:00:00Z<br>Confianza: nominal<br>FRP: 0.42 MW"
      }
    },
    {
      "type": "Feature",
      "geometry": {
        "type": "Point",
        "coordinates": [-2.3451, 34.5947]
      },
      "properties": {
        "bright_ti4": 307.49,
        "scan": 0.42,
        "track": 0.37,
        "acq_date": "2026-08-31",
        "acq_time": "0200",
        "satellite": "N",
        "instrument": "VIIRS",
        "confidence": "n",
        "version": "2.0NRT",
        "bright_ti5": 293.83,
        "frp": 0.83,
        "daynight": "N",
        "source_dataset": "VIIRS_SNPP_NRT",
        "acq_datetime_utc": "2026-08-31T02:00:00Z",
        "age_hours": 6.8,
        "confidence_label": "nominal",
        "popup_label": "<strong>NASA FIRMS<\/strong><br>Sensor: VIIRS_SNPP_NRT<br>Fecha UTC: 2026-08-31T02:00:00Z<br>Confianza: nominal<br>FRP: 0.83 MW"
      }
    },
    {
      "type": "Feature",
      "geometry": {
        "type": "Point",
        "coordinates": [-2.3461, 34.5973]
      },
      "properties": {
        "bright_ti4": 306.59,
        "scan": 0.42,
        "track": 0.37,
        "acq_date": "2026-08-31",
        "acq_time": "0200",
        "satellite": "N",
        "instrument": "VIIRS",
        "confidence": "n",
        "version": "2.0NRT",
        "bright_ti5": 294.11,
        "frp": 0.66,
        "daynight": "N",
        "source_dataset": "VIIRS_SNPP_NRT",
        "acq_datetime_utc": "2026-08-31T02:00:00Z",
        "age_hours": 6.8,
        "confidence_label": "nominal",
        "popup_label": "<strong>NASA FIRMS<\/strong><br>Sensor: VIIRS_SNPP_NRT<br>Fecha UTC: 2026-08-31T02:00:00Z<br>Confianza: nominal<br>FRP: 0.66 MW"
      }
    },
    {
      "type": "Feature",
      "geometry": {
        "type": "Point",
        "coordinates": [1.3572, 35.3407]
      },
      "properties": {
        "bright_ti4": 312.71,
        "scan": 0.39,
        "track": 0.36,
        "acq_date": "2026-08-31",
        "acq_time": "0200",
        "satellite": "N",
        "instrument": "VIIRS",
        "confidence": "n",
        "version": "2.0NRT",
        "bright_ti5": 292.11,
        "frp": 1.94,
        "daynight": "N",
        "source_dataset": "VIIRS_SNPP_NRT",
        "acq_datetime_utc": "2026-08-31T02:00:00Z",
        "age_hours": 6.8,
        "confidence_label": "nominal",
        "popup_label": "<strong>NASA FIRMS<\/strong><br>Sensor: VIIRS_SNPP_NRT<br>Fecha UTC: 2026-08-31T02:00:00Z<br>Confianza: nominal<br>FRP: 1.94 MW"
      }
    },
    {
      "type": "Feature",
      "geometry": {
        "type": "Point",
        "coordinates": [-0.3957, 35.4609]
      },
      "properties": {
        "bright_ti4": 303.6,
        "scan": 0.39,
        "track": 0.36,
        "acq_date": "2026-08-31",
        "acq_time": "0200",
        "satellite": "N",
        "instrument": "VIIRS",
        "confidence": "n",
        "version": "2.0NRT",
        "bright_ti5": 293.43,
        "frp": 0.66,
        "daynight": "N",
        "source_dataset": "VIIRS_SNPP_NRT",
        "acq_datetime_utc": "2026-08-31T02:00:00Z",
        "age_hours": 6.8,
        "confidence_label": "nominal",
        "popup_label": "<strong>NASA FIRMS<\/strong><br>Sensor: VIIRS_SNPP_NRT<br>Fecha UTC: 2026-08-31T02:00:00Z<br>Confianza: nominal<br>FRP: 0.66 MW"
      }
    },
    {
      "type": "Feature",
      "geometry": {
        "type": "Point",
        "coordinates": [-0.9377, 35.5659]
      },
      "properties": {
        "bright_ti4": 319.98,
        "scan": 0.39,
        "track": 0.36,
        "acq_date": "2026-08-31",
        "acq_time": "0200",
        "satellite": "N",
        "instrument": "VIIRS",
        "confidence": "n",
        "version": "2.0NRT",
        "bright_ti5": 294.31,
        "frp": 1.61,
        "daynight": "N",
        "source_dataset": "VIIRS_SNPP_NRT",
        "acq_datetime_utc": "2026-08-31T02:00:00Z",
        "age_hours": 6.8,
        "confidence_label": "nominal",
        "popup_label": "<strong>NASA FIRMS<\/strong><br>Sensor: VIIRS_SNPP_NRT<br>Fecha UTC: 2026-08-31T02:00:00Z<br>Confianza: nominal<br>FRP: 1.61 MW"
      }
    },
    {
      "type": "Feature",
      "geometry": {
        "type": "Point",
        "coordinates": [4.4748, 35.7067]
      },
      "properties": {
        "bright_ti4": 310.93,
        "scan": 0.47,
        "track": 0.4,
        "acq_date": "2026-08-31",
        "acq_time": "0200",
        "satellite": "N",
        "instrument": "VIIRS",
        "confidence": "n",
        "version": "2.0NRT",
        "bright_ti5": 296.88,
        "frp": 5.2,
        "daynight": "N",
        "source_dataset": "VIIRS_SNPP_NRT",
        "acq_datetime_utc": "2026-08-31T02:00:00Z",
        "age_hours": 6.8,
        "confidence_label": "nominal",
        "popup_label": "<strong>NASA FIRMS<\/strong><br>Sensor: VIIRS_SNPP_NRT<br>Fecha UTC: 2026-08-31T02:00:00Z<br>Confianza: nominal<br>FRP: 5.2 MW"
      }
    },
    {
      "type": "Feature",
      "geometry": {
        "type": "Point",
        "coordinates": [-0.2647, 35.7696]
      },
      "properties": {
        "bright_ti4": 321.67,
        "scan": 0.39,
        "track": 0.36,
        "acq_date": "2026-08-31",
        "acq_time": "0200",
        "satellite": "N",
        "instrument": "VIIRS",
        "confidence": "n",
        "version": "2.0NRT",
        "bright_ti5": 296.51,
        "frp": 2.44,
        "daynight": "N",
        "source_dataset": "VIIRS_SNPP_NRT",
        "acq_datetime_utc": "2026-08-31T02:00:00Z",
        "age_hours": 6.8,
        "confidence_label": "nominal",
        "popup_label": "<strong>NASA FIRMS<\/strong><br>Sensor: VIIRS_SNPP_NRT<br>Fecha UTC: 2026-08-31T02:00:00Z<br>Confianza: nominal<br>FRP: 2.44 MW"
      }
    },
    {
      "type": "Feature",
      "geometry": {
        "type": "Point",
        "coordinates": [-0.2436, 35.804]
      },
      "properties": {
        "bright_ti4": 311.57,
        "scan": 0.39,
        "track": 0.36,
        "acq_date": "2026-08-31",
        "acq_time": "0200",
        "satellite": "N",
        "instrument": "VIIRS",
        "confidence": "n",
        "version": "2.0NRT",
        "bright_ti5": 294.56,
        "frp": 1.84,
        "daynight": "N",
        "source_dataset": "VIIRS_SNPP_NRT",
        "acq_datetime_utc": "2026-08-31T02:00:00Z",
        "age_hours": 6.8,
        "confidence_label": "nominal",
        "popup_label": "<strong>NASA FIRMS<\/strong><br>Sensor: VIIRS_SNPP_NRT<br>Fecha UTC: 2026-08-31T02:00:00Z<br>Confianza: nominal<br>FRP: 1.84 MW"
      }
    },
    {
      "type": "Feature",
      "geometry": {
        "type": "Point",
        "coordinates": [-0.3437, 35.809]
      },
      "properties": {
        "bright_ti4": 307.79,
        "scan": 0.39,
        "track": 0.36,
        "acq_date": "2026-08-31",
        "acq_time": "0200",
        "satellite": "N",
        "instrument": "VIIRS",
        "confidence": "n",
        "version": "2.0NRT",
        "bright_ti5": 294.41,
        "frp": 1.18,
        "daynight": "N",
        "source_dataset": "VIIRS_SNPP_NRT",
        "acq_datetime_utc": "2026-08-31T02:00:00Z",
        "age_hours": 6.8,
        "confidence_label": "nominal",
        "popup_label": "<strong>NASA FIRMS<\/strong><br>Sensor: VIIRS_SNPP_NRT<br>Fecha UTC: 2026-08-31T02:00:00Z<br>Confianza: nominal<br>FRP: 1.18 MW"
      }
    },
    {
      "type": "Feature",
      "geometry": {
        "type": "Point",
        "coordinates": [-0.2556, 35.8093]
      },
      "properties": {
        "bright_ti4": 333.76,
        "scan": 0.39,
        "track": 0.36,
        "acq_date": "2026-08-31",
        "acq_time": "0200",
        "satellite": "N",
        "instrument": "VIIRS",
        "confidence": "n",
        "version": "2.0NRT",
        "bright_ti5": 295.49,
        "frp": 3.75,
        "daynight": "N",
        "source_dataset": "VIIRS_SNPP_NRT",
        "acq_datetime_utc": "2026-08-31T02:00:00Z",
        "age_hours": 6.8,
        "confidence_label": "nominal",
        "popup_label": "<strong>NASA FIRMS<\/strong><br>Sensor: VIIRS_SNPP_NRT<br>Fecha UTC: 2026-08-31T02:00:00Z<br>Confianza: nominal<br>FRP: 3.75 MW"
      }
    },
    {
      "type": "Feature",
      "geometry": {
        "type": "Point",
        "coordinates": [-0.2696, 35.8141]
      },
      "properties": {
        "bright_ti4": 307.57,
        "scan": 0.39,
        "track": 0.36,
        "acq_date": "2026-08-31",
        "acq_time": "0200",
        "satellite": "N",
        "instrument": "VIIRS",
        "confidence": "n",
        "version": "2.0NRT",
        "bright_ti5": 293.99,
        "frp": 1.23,
        "daynight": "N",
        "source_dataset": "VIIRS_SNPP_NRT",
        "acq_datetime_utc": "2026-08-31T02:00:00Z",
        "age_hours": 6.8,
        "confidence_label": "nominal",
        "popup_label": "<strong>NASA FIRMS<\/strong><br>Sensor: VIIRS_SNPP_NRT<br>Fecha UTC: 2026-08-31T02:00:00Z<br>Confianza: nominal<br>FRP: 1.23 MW"
      }
    },
    {
      "type": "Feature",
      "geometry": {
        "type": "Point",
        "coordinates": [4.4497, 35.8774]
      },
      "properties": {
        "bright_ti4": 307.37,
        "scan": 0.46,
        "track": 0.39,
        "acq_date": "2026-08-31",
        "acq_time": "0200",
        "satellite": "N",
        "instrument": "VIIRS",
        "confidence": "n",
        "version": "2.0NRT",
        "bright_ti5": 294.64,
        "frp": 1.89,
        "daynight": "N",
        "source_dataset": "VIIRS_SNPP_NRT",
        "acq_datetime_utc": "2026-08-31T02:00:00Z",
        "age_hours": 6.8,
        "confidence_label": "nominal",
        "popup_label": "<strong>NASA FIRMS<\/strong><br>Sensor: VIIRS_SNPP_NRT<br>Fecha UTC: 2026-08-31T02:00:00Z<br>Confianza: nominal<br>FRP: 1.89 MW"
      }
    },
    {
      "type": "Feature",
      "geometry": {
        "type": "Point",
        "coordinates": [4.4474, 35.8788]
      },
      "properties": {
        "bright_ti4": 316.21,
        "scan": 0.46,
        "track": 0.39,
        "acq_date": "2026-08-31",
        "acq_time": "0200",
        "satellite": "N",
        "instrument": "VIIRS",
        "confidence": "n",
        "version": "2.0NRT",
        "bright_ti5": 297.91,
        "frp": 2.36,
        "daynight": "N",
        "source_dataset": "VIIRS_SNPP_NRT",
        "acq_datetime_utc": "2026-08-31T02:00:00Z",
        "age_hours": 6.8,
        "confidence_label": "nominal",
        "popup_label": "<strong>NASA FIRMS<\/strong><br>Sensor: VIIRS_SNPP_NRT<br>Fecha UTC: 2026-08-31T02:00:00Z<br>Confianza: nominal<br>FRP: 2.36 MW"
      }
    },
    {
      "type": "Feature",
      "geometry": {
        "type": "Point",
        "coordinates": [1.2422, 36.129]
      },
      "properties": {
        "bright_ti4": 307.13,
        "scan": 0.39,
        "track": 0.36,
        "acq_date": "2026-08-31",
        "acq_time": "0200",
        "satellite": "N",
        "instrument": "VIIRS",
        "confidence": "n",
        "version": "2.0NRT",
        "bright_ti5": 296.13,
        "frp": 2.66,
        "daynight": "N",
        "source_dataset": "VIIRS_SNPP_NRT",
        "acq_datetime_utc": "2026-08-31T02:00:00Z",
        "age_hours": 6.8,
        "confidence_label": "nominal",
        "popup_label": "<strong>NASA FIRMS<\/strong><br>Sensor: VIIRS_SNPP_NRT<br>Fecha UTC: 2026-08-31T02:00:00Z<br>Confianza: nominal<br>FRP: 2.66 MW"
      }
    },
    {
      "type": "Feature",
      "geometry": {
        "type": "Point",
        "coordinates": [2.931, 36.138]
      },
      "properties": {
        "bright_ti4": 306.43,
        "scan": 0.41,
        "track": 0.37,
        "acq_date": "2026-08-31",
        "acq_time": "0200",
        "satellite": "N",
        "instrument": "VIIRS",
        "confidence": "n",
        "version": "2.0NRT",
        "bright_ti5": 292.65,
        "frp": 0.65,
        "daynight": "N",
        "source_dataset": "VIIRS_SNPP_NRT",
        "acq_datetime_utc": "2026-08-31T02:00:00Z",
        "age_hours": 6.8,
        "confidence_label": "nominal",
        "popup_label": "<strong>NASA FIRMS<\/strong><br>Sensor: VIIRS_SNPP_NRT<br>Fecha UTC: 2026-08-31T02:00:00Z<br>Confianza: nominal<br>FRP: 0.65 MW"
      }
    },
    {
      "type": "Feature",
      "geometry": {
        "type": "Point",
        "coordinates": [2.9264, 36.1388]
      },
      "properties": {
        "bright_ti4": 303.39,
        "scan": 0.41,
        "track": 0.37,
        "acq_date": "2026-08-31",
        "acq_time": "0200",
        "satellite": "N",
        "instrument": "VIIRS",
        "confidence": "n",
        "version": "2.0NRT",
        "bright_ti5": 293.01,
        "frp": 0.65,
        "daynight": "N",
        "source_dataset": "VIIRS_SNPP_NRT",
        "acq_datetime_utc": "2026-08-31T02:00:00Z",
        "age_hours": 6.8,
        "confidence_label": "nominal",
        "popup_label": "<strong>NASA FIRMS<\/strong><br>Sensor: VIIRS_SNPP_NRT<br>Fecha UTC: 2026-08-31T02:00:00Z<br>Confianza: nominal<br>FRP: 0.65 MW"
      }
    },
    {
      "type": "Feature",
      "geometry": {
        "type": "Point",
        "coordinates": [3.7499, 36.1797]
      },
      "properties": {
        "bright_ti4": 318.58,
        "scan": 0.43,
        "track": 0.38,
        "acq_date": "2026-08-31",
        "acq_time": "0200",
        "satellite": "N",
        "instrument": "VIIRS",
        "confidence": "n",
        "version": "2.0NRT",
        "bright_ti5": 294.27,
        "frp": 1.34,
        "daynight": "N",
        "source_dataset": "VIIRS_SNPP_NRT",
        "acq_datetime_utc": "2026-08-31T02:00:00Z",
        "age_hours": 6.8,
        "confidence_label": "nominal",
        "popup_label": "<strong>NASA FIRMS<\/strong><br>Sensor: VIIRS_SNPP_NRT<br>Fecha UTC: 2026-08-31T02:00:00Z<br>Confianza: nominal<br>FRP: 1.34 MW"
      }
    },
    {
      "type": "Feature",
      "geometry": {
        "type": "Point",
        "coordinates": [2.8788, 36.595]
      },
      "properties": {
        "bright_ti4": 312.64,
        "scan": 0.41,
        "track": 0.37,
        "acq_date": "2026-08-31",
        "acq_time": "0200",
        "satellite": "N",
        "instrument": "VIIRS",
        "confidence": "n",
        "version": "2.0NRT",
        "bright_ti5": 294.56,
        "frp": 1.17,
        "daynight": "N",
        "source_dataset": "VIIRS_SNPP_NRT",
        "acq_datetime_utc": "2026-08-31T02:00:00Z",
        "age_hours": 6.8,
        "confidence_label": "nominal",
        "popup_label": "<strong>NASA FIRMS<\/strong><br>Sensor: VIIRS_SNPP_NRT<br>Fecha UTC: 2026-08-31T02:00:00Z<br>Confianza: nominal<br>FRP: 1.17 MW"
      }
    },
    {
      "type": "Feature",
      "geometry": {
        "type": "Point",
        "coordinates": [3.1389, 36.5982]
      },
      "properties": {
        "bright_ti4": 315.25,
        "scan": 0.41,
        "track": 0.37,
        "acq_date": "2026-08-31",
        "acq_time": "0200",
        "satellite": "N",
        "instrument": "VIIRS",
        "confidence": "n",
        "version": "2.0NRT",
        "bright_ti5": 295.31,
        "frp": 1.11,
        "daynight": "N",
        "source_dataset": "VIIRS_SNPP_NRT",
        "acq_datetime_utc": "2026-08-31T02:00:00Z",
        "age_hours": 6.8,
        "confidence_label": "nominal",
        "popup_label": "<strong>NASA FIRMS<\/strong><br>Sensor: VIIRS_SNPP_NRT<br>Fecha UTC: 2026-08-31T02:00:00Z<br>Confianza: nominal<br>FRP: 1.11 MW"
      }
    },
    {
      "type": "Feature",
      "geometry": {
        "type": "Point",
        "coordinates": [2.8797, 36.5984]
      },
      "properties": {
        "bright_ti4": 308.52,
        "scan": 0.41,
        "track": 0.37,
        "acq_date": "2026-08-31",
        "acq_time": "0200",
        "satellite": "N",
        "instrument": "VIIRS",
        "confidence": "n",
        "version": "2.0NRT",
        "bright_ti5": 294.83,
        "frp": 0.86,
        "daynight": "N",
        "source_dataset": "VIIRS_SNPP_NRT",
        "acq_datetime_utc": "2026-08-31T02:00:00Z",
        "age_hours": 6.8,
        "confidence_label": "nominal",
        "popup_label": "<strong>NASA FIRMS<\/strong><br>Sensor: VIIRS_SNPP_NRT<br>Fecha UTC: 2026-08-31T02:00:00Z<br>Confianza: nominal<br>FRP: 0.86 MW"
      }
    },
    {
      "type": "Feature",
      "geometry": {
        "type": "Point",
        "coordinates": [3.2343, 36.6309]
      },
      "properties": {
        "bright_ti4": 308.86,
        "scan": 0.42,
        "track": 0.37,
        "acq_date": "2026-08-31",
        "acq_time": "0200",
        "satellite": "N",
        "instrument": "VIIRS",
        "confidence": "n",
        "version": "2.0NRT",
        "bright_ti5": 296.16,
        "frp": 1.16,
        "daynight": "N",
        "source_dataset": "VIIRS_SNPP_NRT",
        "acq_datetime_utc": "2026-08-31T02:00:00Z",
        "age_hours": 6.8,
        "confidence_label": "nominal",
        "popup_label": "<strong>NASA FIRMS<\/strong><br>Sensor: VIIRS_SNPP_NRT<br>Fecha UTC: 2026-08-31T02:00:00Z<br>Confianza: nominal<br>FRP: 1.16 MW"
      }
    },
    {
      "type": "Feature",
      "geometry": {
        "type": "Point",
        "coordinates": [3.0826, 36.7493]
      },
      "properties": {
        "bright_ti4": 315.42,
        "scan": 0.41,
        "track": 0.37,
        "acq_date": "2026-08-31",
        "acq_time": "0200",
        "satellite": "N",
        "instrument": "VIIRS",
        "confidence": "n",
        "version": "2.0NRT",
        "bright_ti5": 296.26,
        "frp": 2.2,
        "daynight": "N",
        "source_dataset": "VIIRS_SNPP_NRT",
        "acq_datetime_utc": "2026-08-31T02:00:00Z",
        "age_hours": 6.8,
        "confidence_label": "nominal",
        "popup_label": "<strong>NASA FIRMS<\/strong><br>Sensor: VIIRS_SNPP_NRT<br>Fecha UTC: 2026-08-31T02:00:00Z<br>Confianza: nominal<br>FRP: 2.2 MW"
      }
    },
    {
      "type": "Feature",
      "geometry": {
        "type": "Point",
        "coordinates": [-1.907, 36.9654]
      },
      "properties": {
        "bright_ti4": 313.91,
        "scan": 0.42,
        "track": 0.38,
        "acq_date": "2026-08-31",
        "acq_time": "0200",
        "satellite": "N",
        "instrument": "VIIRS",
        "confidence": "n",
        "version": "2.0NRT",
        "bright_ti5": 293.73,
        "frp": 1.67,
        "daynight": "N",
        "source_dataset": "VIIRS_SNPP_NRT",
        "acq_datetime_utc": "2026-08-31T02:00:00Z",
        "age_hours": 6.8,
        "confidence_label": "nominal",
        "popup_label": "<strong>NASA FIRMS<\/strong><br>Sensor: VIIRS_SNPP_NRT<br>Fecha UTC: 2026-08-31T02:00:00Z<br>Confianza: nominal<br>FRP: 1.67 MW"
      }
    },
    {
      "type": "Feature",
      "geometry": {
        "type": "Point",
        "coordinates": [-6.6723, 37.3578]
      },
      "properties": {
        "bright_ti4": 302.92,
        "scan": 0.46,
        "track": 0.47,
        "acq_date": "2026-08-31",
        "acq_time": "0200",
        "satellite": "N",
        "instrument": "VIIRS",
        "confidence": "n",
        "version": "2.0NRT",
        "bright_ti5": 292.15,
        "frp": 0.46,
        "daynight": "N",
        "source_dataset": "VIIRS_SNPP_NRT",
        "acq_datetime_utc": "2026-08-31T02:00:00Z",
        "age_hours": 6.8,
        "confidence_label": "nominal",
        "popup_label": "<strong>NASA FIRMS<\/strong><br>Sensor: VIIRS_SNPP_NRT<br>Fecha UTC: 2026-08-31T02:00:00Z<br>Confianza: nominal<br>FRP: 0.46 MW"
      }
    },
    {
      "type": "Feature",
      "geometry": {
        "type": "Point",
        "coordinates": [-6.7219, 38.3184]
      },
      "properties": {
        "bright_ti4": 300.54,
        "scan": 0.47,
        "track": 0.48,
        "acq_date": "2026-08-31",
        "acq_time": "0200",
        "satellite": "N",
        "instrument": "VIIRS",
        "confidence": "n",
        "version": "2.0NRT",
        "bright_ti5": 289.39,
        "frp": 0.95,
        "daynight": "N",
        "source_dataset": "VIIRS_SNPP_NRT",
        "acq_datetime_utc": "2026-08-31T02:00:00Z",
        "age_hours": 6.8,
        "confidence_label": "nominal",
        "popup_label": "<strong>NASA FIRMS<\/strong><br>Sensor: VIIRS_SNPP_NRT<br>Fecha UTC: 2026-08-31T02:00:00Z<br>Confianza: nominal<br>FRP: 0.95 MW"
      }
    },
    {
      "type": "Feature",
      "geometry": {
        "type": "Point",
        "coordinates": [-9.0133, 38.9188]
      },
      "properties": {
        "bright_ti4": 299.97,
        "scan": 0.32,
        "track": 0.54,
        "acq_date": "2026-08-31",
        "acq_time": "0200",
        "satellite": "N",
        "instrument": "VIIRS",
        "confidence": "n",
        "version": "2.0NRT",
        "bright_ti5": 289.36,
        "frp": 1.12,
        "daynight": "N",
        "source_dataset": "VIIRS_SNPP_NRT",
        "acq_datetime_utc": "2026-08-31T02:00:00Z",
        "age_hours": 6.8,
        "confidence_label": "nominal",
        "popup_label": "<strong>NASA FIRMS<\/strong><br>Sensor: VIIRS_SNPP_NRT<br>Fecha UTC: 2026-08-31T02:00:00Z<br>Confianza: nominal<br>FRP: 1.12 MW"
      }
    },
    {
      "type": "Feature",
      "geometry": {
        "type": "Point",
        "coordinates": [1.6635, 41.3128]
      },
      "properties": {
        "bright_ti4": 311.96,
        "scan": 0.39,
        "track": 0.36,
        "acq_date": "2026-08-31",
        "acq_time": "0158",
        "satellite": "N",
        "instrument": "VIIRS",
        "confidence": "n",
        "version": "2.0NRT",
        "bright_ti5": 293.22,
        "frp": 1.56,
        "daynight": "N",
        "source_dataset": "VIIRS_SNPP_NRT",
        "acq_datetime_utc": "2026-08-31T01:58:00Z",
        "age_hours": 6.8,
        "confidence_label": "nominal",
        "popup_label": "<strong>NASA FIRMS<\/strong><br>Sensor: VIIRS_SNPP_NRT<br>Fecha UTC: 2026-08-31T01:58:00Z<br>Confianza: nominal<br>FRP: 1.56 MW"
      }
    },
    {
      "type": "Feature",
      "geometry": {
        "type": "Point",
        "coordinates": [2.0002, 41.4075]
      },
      "properties": {
        "bright_ti4": 310.26,
        "scan": 0.38,
        "track": 0.36,
        "acq_date": "2026-08-31",
        "acq_time": "0158",
        "satellite": "N",
        "instrument": "VIIRS",
        "confidence": "n",
        "version": "2.0NRT",
        "bright_ti5": 292.86,
        "frp": 0.9,
        "daynight": "N",
        "source_dataset": "VIIRS_SNPP_NRT",
        "acq_datetime_utc": "2026-08-31T01:58:00Z",
        "age_hours": 6.8,
        "confidence_label": "nominal",
        "popup_label": "<strong>NASA FIRMS<\/strong><br>Sensor: VIIRS_SNPP_NRT<br>Fecha UTC: 2026-08-31T01:58:00Z<br>Confianza: nominal<br>FRP: 0.9 MW"
      }
    },
    {
      "type": "Feature",
      "geometry": {
        "type": "Point",
        "coordinates": [-4.4279, 41.9858]
      },
      "properties": {
        "bright_ti4": 314.98,
        "scan": 0.4,
        "track": 0.44,
        "acq_date": "2026-08-31",
        "acq_time": "0158",
        "satellite": "N",
        "instrument": "VIIRS",
        "confidence": "n",
        "version": "2.0NRT",
        "bright_ti5": 285.85,
        "frp": 1.1,
        "daynight": "N",
        "source_dataset": "VIIRS_SNPP_NRT",
        "acq_datetime_utc": "2026-08-31T01:58:00Z",
        "age_hours": 6.8,
        "confidence_label": "nominal",
        "popup_label": "<strong>NASA FIRMS<\/strong><br>Sensor: VIIRS_SNPP_NRT<br>Fecha UTC: 2026-08-31T01:58:00Z<br>Confianza: nominal<br>FRP: 1.1 MW"
      }
    },
    {
      "type": "Feature",
      "geometry": {
        "type": "Point",
        "coordinates": [-3.9751, 42.1913]
      },
      "properties": {
        "bright_ti4": 342.81,
        "scan": 0.38,
        "track": 0.43,
        "acq_date": "2026-08-31",
        "acq_time": "0158",
        "satellite": "N",
        "instrument": "VIIRS",
        "confidence": "n",
        "version": "2.0NRT",
        "bright_ti5": 288.74,
        "frp": 16.9,
        "daynight": "N",
        "source_dataset": "VIIRS_SNPP_NRT",
        "acq_datetime_utc": "2026-08-31T01:58:00Z",
        "age_hours": 6.8,
        "confidence_label": "nominal",
        "popup_label": "<strong>NASA FIRMS<\/strong><br>Sensor: VIIRS_SNPP_NRT<br>Fecha UTC: 2026-08-31T01:58:00Z<br>Confianza: nominal<br>FRP: 16.9 MW"
      }
    },
    {
      "type": "Feature",
      "geometry": {
        "type": "Point",
        "coordinates": [-6.7681, 42.5518]
      },
      "properties": {
        "bright_ti4": 297.55,
        "scan": 0.53,
        "track": 0.5,
        "acq_date": "2026-08-31",
        "acq_time": "0158",
        "satellite": "N",
        "instrument": "VIIRS",
        "confidence": "n",
        "version": "2.0NRT",
        "bright_ti5": 285.17,
        "frp": 0.7,
        "daynight": "N",
        "source_dataset": "VIIRS_SNPP_NRT",
        "acq_datetime_utc": "2026-08-31T01:58:00Z",
        "age_hours": 6.8,
        "confidence_label": "nominal",
        "popup_label": "<strong>NASA FIRMS<\/strong><br>Sensor: VIIRS_SNPP_NRT<br>Fecha UTC: 2026-08-31T01:58:00Z<br>Confianza: nominal<br>FRP: 0.7 MW"
      }
    },
    {
      "type": "Feature",
      "geometry": {
        "type": "Point",
        "coordinates": [-0.8688, 42.826]
      },
      "properties": {
        "bright_ti4": 301.29,
        "scan": 0.44,
        "track": 0.38,
        "acq_date": "2026-08-31",
        "acq_time": "0158",
        "satellite": "N",
        "instrument": "VIIRS",
        "confidence": "n",
        "version": "2.0NRT",
        "bright_ti5": 283.99,
        "frp": 0.88,
        "daynight": "N",
        "source_dataset": "VIIRS_SNPP_NRT",
        "acq_datetime_utc": "2026-08-31T01:58:00Z",
        "age_hours": 6.8,
        "confidence_label": "nominal",
        "popup_label": "<strong>NASA FIRMS<\/strong><br>Sensor: VIIRS_SNPP_NRT<br>Fecha UTC: 2026-08-31T01:58:00Z<br>Confianza: nominal<br>FRP: 0.88 MW"
      }
    },
    {
      "type": "Feature",
      "geometry": {
        "type": "Point",
        "coordinates": [-0.8676, 42.8295]
      },
      "properties": {
        "bright_ti4": 295.91,
        "scan": 0.44,
        "track": 0.38,
        "acq_date": "2026-08-31",
        "acq_time": "0158",
        "satellite": "N",
        "instrument": "VIIRS",
        "confidence": "n",
        "version": "2.0NRT",
        "bright_ti5": 284.27,
        "frp": 0.54,
        "daynight": "N",
        "source_dataset": "VIIRS_SNPP_NRT",
        "acq_datetime_utc": "2026-08-31T01:58:00Z",
        "age_hours": 6.8,
        "confidence_label": "nominal",
        "popup_label": "<strong>NASA FIRMS<\/strong><br>Sensor: VIIRS_SNPP_NRT<br>Fecha UTC: 2026-08-31T01:58:00Z<br>Confianza: nominal<br>FRP: 0.54 MW"
      }
    },
    {
      "type": "Feature",
      "geometry": {
        "type": "Point",
        "coordinates": [-8.4341, 43.3474]
      },
      "properties": {
        "bright_ti4": 298.51,
        "scan": 0.33,
        "track": 0.55,
        "acq_date": "2026-08-31",
        "acq_time": "0158",
        "satellite": "N",
        "instrument": "VIIRS",
        "confidence": "n",
        "version": "2.0NRT",
        "bright_ti5": 287.24,
        "frp": 0.37,
        "daynight": "N",
        "source_dataset": "VIIRS_SNPP_NRT",
        "acq_datetime_utc": "2026-08-31T01:58:00Z",
        "age_hours": 6.8,
        "confidence_label": "nominal",
        "popup_label": "<strong>NASA FIRMS<\/strong><br>Sensor: VIIRS_SNPP_NRT<br>Fecha UTC: 2026-08-31T01:58:00Z<br>Confianza: nominal<br>FRP: 0.37 MW"
      }
    },
    {
      "type": "Feature",
      "geometry": {
        "type": "Point",
        "coordinates": [4.8916, 43.4351]
      },
      "properties": {
        "bright_ti4": 333.35,
        "scan": 0.4,
        "track": 0.37,
        "acq_date": "2026-08-31",
        "acq_time": "0158",
        "satellite": "N",
        "instrument": "VIIRS",
        "confidence": "n",
        "version": "2.0NRT",
        "bright_ti5": 293.86,
        "frp": 2.03,
        "daynight": "N",
        "source_dataset": "VIIRS_SNPP_NRT",
        "acq_datetime_utc": "2026-08-31T01:58:00Z",
        "age_hours": 6.8,
        "confidence_label": "nominal",
        "popup_label": "<strong>NASA FIRMS<\/strong><br>Sensor: VIIRS_SNPP_NRT<br>Fecha UTC: 2026-08-31T01:58:00Z<br>Confianza: nominal<br>FRP: 2.03 MW"
      }
    },
    {
      "type": "Feature",
      "geometry": {
        "type": "Point",
        "coordinates": [4.882, 43.4368]
      },
      "properties": {
        "bright_ti4": 332.07,
        "scan": 0.4,
        "track": 0.37,
        "acq_date": "2026-08-31",
        "acq_time": "0158",
        "satellite": "N",
        "instrument": "VIIRS",
        "confidence": "n",
        "version": "2.0NRT",
        "bright_ti5": 292.88,
        "frp": 3.09,
        "daynight": "N",
        "source_dataset": "VIIRS_SNPP_NRT",
        "acq_datetime_utc": "2026-08-31T01:58:00Z",
        "age_hours": 6.8,
        "confidence_label": "nominal",
        "popup_label": "<strong>NASA FIRMS<\/strong><br>Sensor: VIIRS_SNPP_NRT<br>Fecha UTC: 2026-08-31T01:58:00Z<br>Confianza: nominal<br>FRP: 3.09 MW"
      }
    },
    {
      "type": "Feature",
      "geometry": {
        "type": "Point",
        "coordinates": [4.8927, 43.4384]
      },
      "properties": {
        "bright_ti4": 304.55,
        "scan": 0.4,
        "track": 0.37,
        "acq_date": "2026-08-31",
        "acq_time": "0158",
        "satellite": "N",
        "instrument": "VIIRS",
        "confidence": "n",
        "version": "2.0NRT",
        "bright_ti5": 292.76,
        "frp": 2.03,
        "daynight": "N",
        "source_dataset": "VIIRS_SNPP_NRT",
        "acq_datetime_utc": "2026-08-31T01:58:00Z",
        "age_hours": 6.8,
        "confidence_label": "nominal",
        "popup_label": "<strong>NASA FIRMS<\/strong><br>Sensor: VIIRS_SNPP_NRT<br>Fecha UTC: 2026-08-31T01:58:00Z<br>Confianza: nominal<br>FRP: 2.03 MW"
      }
    },
    {
      "type": "Feature",
      "geometry": {
        "type": "Point",
        "coordinates": [4.883, 43.4401]
      },
      "properties": {
        "bright_ti4": 304.71,
        "scan": 0.4,
        "track": 0.37,
        "acq_date": "2026-08-31",
        "acq_time": "0158",
        "satellite": "N",
        "instrument": "VIIRS",
        "confidence": "n",
        "version": "2.0NRT",
        "bright_ti5": 291.88,
        "frp": 3.09,
        "daynight": "N",
        "source_dataset": "VIIRS_SNPP_NRT",
        "acq_datetime_utc": "2026-08-31T01:58:00Z",
        "age_hours": 6.8,
        "confidence_label": "nominal",
        "popup_label": "<strong>NASA FIRMS<\/strong><br>Sensor: VIIRS_SNPP_NRT<br>Fecha UTC: 2026-08-31T01:58:00Z<br>Confianza: nominal<br>FRP: 3.09 MW"
      }
    },
    {
      "type": "Feature",
      "geometry": {
        "type": "Point",
        "coordinates": [4.8998, 43.4442]
      },
      "properties": {
        "bright_ti4": 327.01,
        "scan": 0.4,
        "track": 0.37,
        "acq_date": "2026-08-31",
        "acq_time": "0158",
        "satellite": "N",
        "instrument": "VIIRS",
        "confidence": "n",
        "version": "2.0NRT",
        "bright_ti5": 292.95,
        "frp": 3.5,
        "daynight": "N",
        "source_dataset": "VIIRS_SNPP_NRT",
        "acq_datetime_utc": "2026-08-31T01:58:00Z",
        "age_hours": 6.8,
        "confidence_label": "nominal",
        "popup_label": "<strong>NASA FIRMS<\/strong><br>Sensor: VIIRS_SNPP_NRT<br>Fecha UTC: 2026-08-31T01:58:00Z<br>Confianza: nominal<br>FRP: 3.5 MW"
      }
    },
    {
      "type": "Feature",
      "geometry": {
        "type": "Point",
        "coordinates": [4.8901, 43.4458]
      },
      "properties": {
        "bright_ti4": 303.44,
        "scan": 0.4,
        "track": 0.37,
        "acq_date": "2026-08-31",
        "acq_time": "0158",
        "satellite": "N",
        "instrument": "VIIRS",
        "confidence": "n",
        "version": "2.0NRT",
        "bright_ti5": 291.64,
        "frp": 0.79,
        "daynight": "N",
        "source_dataset": "VIIRS_SNPP_NRT",
        "acq_datetime_utc": "2026-08-31T01:58:00Z",
        "age_hours": 6.8,
        "confidence_label": "nominal",
        "popup_label": "<strong>NASA FIRMS<\/strong><br>Sensor: VIIRS_SNPP_NRT<br>Fecha UTC: 2026-08-31T01:58:00Z<br>Confianza: nominal<br>FRP: 0.79 MW"
      }
    },
    {
      "type": "Feature",
      "geometry": {
        "type": "Point",
        "coordinates": [4.896, 43.4483]
      },
      "properties": {
        "bright_ti4": 333.55,
        "scan": 0.4,
        "track": 0.37,
        "acq_date": "2026-08-31",
        "acq_time": "0158",
        "satellite": "N",
        "instrument": "VIIRS",
        "confidence": "n",
        "version": "2.0NRT",
        "bright_ti5": 293.14,
        "frp": 4.02,
        "daynight": "N",
        "source_dataset": "VIIRS_SNPP_NRT",
        "acq_datetime_utc": "2026-08-31T01:58:00Z",
        "age_hours": 6.8,
        "confidence_label": "nominal",
        "popup_label": "<strong>NASA FIRMS<\/strong><br>Sensor: VIIRS_SNPP_NRT<br>Fecha UTC: 2026-08-31T01:58:00Z<br>Confianza: nominal<br>FRP: 4.02 MW"
      }
    },
    {
      "type": "Feature",
      "geometry": {
        "type": "Point",
        "coordinates": [-5.8283, 43.5362]
      },
      "properties": {
        "bright_ti4": 298.96,
        "scan": 0.49,
        "track": 0.48,
        "acq_date": "2026-08-31",
        "acq_time": "0158",
        "satellite": "N",
        "instrument": "VIIRS",
        "confidence": "n",
        "version": "2.0NRT",
        "bright_ti5": 286.25,
        "frp": 2.36,
        "daynight": "N",
        "source_dataset": "VIIRS_SNPP_NRT",
        "acq_datetime_utc": "2026-08-31T01:58:00Z",
        "age_hours": 6.8,
        "confidence_label": "nominal",
        "popup_label": "<strong>NASA FIRMS<\/strong><br>Sensor: VIIRS_SNPP_NRT<br>Fecha UTC: 2026-08-31T01:58:00Z<br>Confianza: nominal<br>FRP: 2.36 MW"
      }
    },
    {
      "type": "Feature",
      "geometry": {
        "type": "Point",
        "coordinates": [-5.8275, 43.538]
      },
      "properties": {
        "bright_ti4": 303.81,
        "scan": 0.49,
        "track": 0.48,
        "acq_date": "2026-08-31",
        "acq_time": "0158",
        "satellite": "N",
        "instrument": "VIIRS",
        "confidence": "n",
        "version": "2.0NRT",
        "bright_ti5": 287.12,
        "frp": 2.32,
        "daynight": "N",
        "source_dataset": "VIIRS_SNPP_NRT",
        "acq_datetime_utc": "2026-08-31T01:58:00Z",
        "age_hours": 6.8,
        "confidence_label": "nominal",
        "popup_label": "<strong>NASA FIRMS<\/strong><br>Sensor: VIIRS_SNPP_NRT<br>Fecha UTC: 2026-08-31T01:58:00Z<br>Confianza: nominal<br>FRP: 2.32 MW"
      }
    },
    {
      "type": "Feature",
      "geometry": {
        "type": "Point",
        "coordinates": [-5.8338, 43.5385]
      },
      "properties": {
        "bright_ti4": 330.35,
        "scan": 0.49,
        "track": 0.48,
        "acq_date": "2026-08-31",
        "acq_time": "0158",
        "satellite": "N",
        "instrument": "VIIRS",
        "confidence": "n",
        "version": "2.0NRT",
        "bright_ti5": 288.5,
        "frp": 5.07,
        "daynight": "N",
        "source_dataset": "VIIRS_SNPP_NRT",
        "acq_datetime_utc": "2026-08-31T01:58:00Z",
        "age_hours": 6.8,
        "confidence_label": "nominal",
        "popup_label": "<strong>NASA FIRMS<\/strong><br>Sensor: VIIRS_SNPP_NRT<br>Fecha UTC: 2026-08-31T01:58:00Z<br>Confianza: nominal<br>FRP: 5.07 MW"
      }
    },
    {
      "type": "Feature",
      "geometry": {
        "type": "Point",
        "coordinates": [-5.8276, 43.5407]
      },
      "properties": {
        "bright_ti4": 313.95,
        "scan": 0.49,
        "track": 0.48,
        "acq_date": "2026-08-31",
        "acq_time": "0158",
        "satellite": "N",
        "instrument": "VIIRS",
        "confidence": "n",
        "version": "2.0NRT",
        "bright_ti5": 287.99,
        "frp": 2.65,
        "daynight": "N",
        "source_dataset": "VIIRS_SNPP_NRT",
        "acq_datetime_utc": "2026-08-31T01:58:00Z",
        "age_hours": 6.8,
        "confidence_label": "nominal",
        "popup_label": "<strong>NASA FIRMS<\/strong><br>Sensor: VIIRS_SNPP_NRT<br>Fecha UTC: 2026-08-31T01:58:00Z<br>Confianza: nominal<br>FRP: 2.65 MW"
      }
    },
    {
      "type": "Feature",
      "geometry": {
        "type": "Point",
        "coordinates": [-5.8339, 43.5412]
      },
      "properties": {
        "bright_ti4": 316.18,
        "scan": 0.49,
        "track": 0.48,
        "acq_date": "2026-08-31",
        "acq_time": "0158",
        "satellite": "N",
        "instrument": "VIIRS",
        "confidence": "n",
        "version": "2.0NRT",
        "bright_ti5": 289.06,
        "frp": 2.65,
        "daynight": "N",
        "source_dataset": "VIIRS_SNPP_NRT",
        "acq_datetime_utc": "2026-08-31T01:58:00Z",
        "age_hours": 6.8,
        "confidence_label": "nominal",
        "popup_label": "<strong>NASA FIRMS<\/strong><br>Sensor: VIIRS_SNPP_NRT<br>Fecha UTC: 2026-08-31T01:58:00Z<br>Confianza: nominal<br>FRP: 2.65 MW"
      }
    },
    {
      "type": "Feature",
      "geometry": {
        "type": "Point",
        "coordinates": [-5.7262, 43.5618]
      },
      "properties": {
        "bright_ti4": 299.85,
        "scan": 0.48,
        "track": 0.48,
        "acq_date": "2026-08-31",
        "acq_time": "0158",
        "satellite": "N",
        "instrument": "VIIRS",
        "confidence": "n",
        "version": "2.0NRT",
        "bright_ti5": 287.3,
        "frp": 1.19,
        "daynight": "N",
        "source_dataset": "VIIRS_SNPP_NRT",
        "acq_datetime_utc": "2026-08-31T01:58:00Z",
        "age_hours": 6.8,
        "confidence_label": "nominal",
        "popup_label": "<strong>NASA FIRMS<\/strong><br>Sensor: VIIRS_SNPP_NRT<br>Fecha UTC: 2026-08-31T01:58:00Z<br>Confianza: nominal<br>FRP: 1.19 MW"
      }
    },
    {
      "type": "Feature",
      "geometry": {
        "type": "Point",
        "coordinates": [-5.831, 43.5396]
      },
      "properties": {
        "bright_ti4": 332.52,
        "scan": 0.44,
        "track": 0.39,
        "acq_date": "2026-08-30",
        "acq_time": "1342",
        "satellite": "N",
        "instrument": "VIIRS",
        "confidence": "n",
        "version": "2.0NRT",
        "bright_ti5": 304.14,
        "frp": 3.05,
        "daynight": "D",
        "source_dataset": "VIIRS_SNPP_NRT",
        "acq_datetime_utc": "2026-08-30T13:42:00Z",
        "age_hours": 19.1,
        "confidence_label": "nominal",
        "popup_label": "<strong>NASA FIRMS<\/strong><br>Sensor: VIIRS_SNPP_NRT<br>Fecha UTC: 2026-08-30T13:42:00Z<br>Confianza: nominal<br>FRP: 3.05 MW"
      }
    },
    {
      "type": "Feature",
      "geometry": {
        "type": "Point",
        "coordinates": [-5.6235, 35.6743]
      },
      "properties": {
        "bright_ti4": 353.86,
        "scan": 0.39,
        "track": 0.36,
        "acq_date": "2026-08-30",
        "acq_time": "1340",
        "satellite": "N",
        "instrument": "VIIRS",
        "confidence": "n",
        "version": "2.0NRT",
        "bright_ti5": 312.84,
        "frp": 4.47,
        "daynight": "D",
        "source_dataset": "VIIRS_SNPP_NRT",
        "acq_datetime_utc": "2026-08-30T13:40:00Z",
        "age_hours": 19.1,
        "confidence_label": "nominal",
        "popup_label": "<strong>NASA FIRMS<\/strong><br>Sensor: VIIRS_SNPP_NRT<br>Fecha UTC: 2026-08-30T13:40:00Z<br>Confianza: nominal<br>FRP: 4.47 MW"
      }
    },
    {
      "type": "Feature",
      "geometry": {
        "type": "Point",
        "coordinates": [-5.6243, 35.6776]
      },
      "properties": {
        "bright_ti4": 367,
        "scan": 0.39,
        "track": 0.36,
        "acq_date": "2026-08-30",
        "acq_time": "1340",
        "satellite": "N",
        "instrument": "VIIRS",
        "confidence": "h",
        "version": "2.0NRT",
        "bright_ti5": 316.49,
        "frp": 11.7,
        "daynight": "D",
        "source_dataset": "VIIRS_SNPP_NRT",
        "acq_datetime_utc": "2026-08-30T13:40:00Z",
        "age_hours": 19.1,
        "confidence_label": "alta",
        "popup_label": "<strong>NASA FIRMS<\/strong><br>Sensor: VIIRS_SNPP_NRT<br>Fecha UTC: 2026-08-30T13:40:00Z<br>Confianza: alta<br>FRP: 11.7 MW"
      }
    },
    {
      "type": "Feature",
      "geometry": {
        "type": "Point",
        "coordinates": [-0.2572, 35.8077]
      },
      "properties": {
        "bright_ti4": 339.45,
        "scan": 0.42,
        "track": 0.45,
        "acq_date": "2026-08-30",
        "acq_time": "1340",
        "satellite": "N",
        "instrument": "VIIRS",
        "confidence": "n",
        "version": "2.0NRT",
        "bright_ti5": 302.64,
        "frp": 0.87,
        "daynight": "D",
        "source_dataset": "VIIRS_SNPP_NRT",
        "acq_datetime_utc": "2026-08-30T13:40:00Z",
        "age_hours": 19.1,
        "confidence_label": "nominal",
        "popup_label": "<strong>NASA FIRMS<\/strong><br>Sensor: VIIRS_SNPP_NRT<br>Fecha UTC: 2026-08-30T13:40:00Z<br>Confianza: nominal<br>FRP: 0.87 MW"
      }
    },
    {
      "type": "Feature",
      "geometry": {
        "type": "Point",
        "coordinates": [-4.3151, 37.4263]
      },
      "properties": {
        "bright_ti4": 347.6,
        "scan": 0.44,
        "track": 0.38,
        "acq_date": "2026-08-30",
        "acq_time": "1340",
        "satellite": "N",
        "instrument": "VIIRS",
        "confidence": "n",
        "version": "2.0NRT",
        "bright_ti5": 314.16,
        "frp": 8.62,
        "daynight": "D",
        "source_dataset": "VIIRS_SNPP_NRT",
        "acq_datetime_utc": "2026-08-30T13:40:00Z",
        "age_hours": 19.1,
        "confidence_label": "nominal",
        "popup_label": "<strong>NASA FIRMS<\/strong><br>Sensor: VIIRS_SNPP_NRT<br>Fecha UTC: 2026-08-30T13:40:00Z<br>Confianza: nominal<br>FRP: 8.62 MW"
      }
    },
    {
      "type": "Feature",
      "geometry": {
        "type": "Point",
        "coordinates": [-5.2826, 37.6316]
      },
      "properties": {
        "bright_ti4": 351.61,
        "scan": 0.41,
        "track": 0.37,
        "acq_date": "2026-08-30",
        "acq_time": "1340",
        "satellite": "N",
        "instrument": "VIIRS",
        "confidence": "n",
        "version": "2.0NRT",
        "bright_ti5": 318.17,
        "frp": 5.95,
        "daynight": "D",
        "source_dataset": "VIIRS_SNPP_NRT",
        "acq_datetime_utc": "2026-08-30T13:40:00Z",
        "age_hours": 19.1,
        "confidence_label": "nominal",
        "popup_label": "<strong>NASA FIRMS<\/strong><br>Sensor: VIIRS_SNPP_NRT<br>Fecha UTC: 2026-08-30T13:40:00Z<br>Confianza: nominal<br>FRP: 5.95 MW"
      }
    },
    {
      "type": "Feature",
      "geometry": {
        "type": "Point",
        "coordinates": [-5.2779, 37.6322]
      },
      "properties": {
        "bright_ti4": 348.78,
        "scan": 0.41,
        "track": 0.37,
        "acq_date": "2026-08-30",
        "acq_time": "1340",
        "satellite": "N",
        "instrument": "VIIRS",
        "confidence": "n",
        "version": "2.0NRT",
        "bright_ti5": 317.58,
        "frp": 9.35,
        "daynight": "D",
        "source_dataset": "VIIRS_SNPP_NRT",
        "acq_datetime_utc": "2026-08-30T13:40:00Z",
        "age_hours": 19.1,
        "confidence_label": "nominal",
        "popup_label": "<strong>NASA FIRMS<\/strong><br>Sensor: VIIRS_SNPP_NRT<br>Fecha UTC: 2026-08-30T13:40:00Z<br>Confianza: nominal<br>FRP: 9.35 MW"
      }
    },
    {
      "type": "Feature",
      "geometry": {
        "type": "Point",
        "coordinates": [-5.284, 37.6384]
      },
      "properties": {
        "bright_ti4": 353.92,
        "scan": 0.41,
        "track": 0.37,
        "acq_date": "2026-08-30",
        "acq_time": "1340",
        "satellite": "N",
        "instrument": "VIIRS",
        "confidence": "n",
        "version": "2.0NRT",
        "bright_ti5": 319.96,
        "frp": 28.61,
        "daynight": "D",
        "source_dataset": "VIIRS_SNPP_NRT",
        "acq_datetime_utc": "2026-08-30T13:40:00Z",
        "age_hours": 19.1,
        "confidence_label": "nominal",
        "popup_label": "<strong>NASA FIRMS<\/strong><br>Sensor: VIIRS_SNPP_NRT<br>Fecha UTC: 2026-08-30T13:40:00Z<br>Confianza: nominal<br>FRP: 28.61 MW"
      }
    },
    {
      "type": "Feature",
      "geometry": {
        "type": "Point",
        "coordinates": [-5.2793, 37.639]
      },
      "properties": {
        "bright_ti4": 348.9,
        "scan": 0.41,
        "track": 0.37,
        "acq_date": "2026-08-30",
        "acq_time": "1340",
        "satellite": "N",
        "instrument": "VIIRS",
        "confidence": "l",
        "version": "2.0NRT",
        "bright_ti5": 322.66,
        "frp": 32.96,
        "daynight": "D",
        "source_dataset": "VIIRS_SNPP_NRT",
        "acq_datetime_utc": "2026-08-30T13:40:00Z",
        "age_hours": 19.1,
        "confidence_label": "baja",
        "popup_label": "<strong>NASA FIRMS<\/strong><br>Sensor: VIIRS_SNPP_NRT<br>Fecha UTC: 2026-08-30T13:40:00Z<br>Confianza: baja<br>FRP: 32.96 MW"
      }
    },
    {
      "type": "Feature",
      "geometry": {
        "type": "Point",
        "coordinates": [-5.2747, 37.6397]
      },
      "properties": {
        "bright_ti4": 351.29,
        "scan": 0.41,
        "track": 0.37,
        "acq_date": "2026-08-30",
        "acq_time": "1340",
        "satellite": "N",
        "instrument": "VIIRS",
        "confidence": "n",
        "version": "2.0NRT",
        "bright_ti5": 318.74,
        "frp": 32.96,
        "daynight": "D",
        "source_dataset": "VIIRS_SNPP_NRT",
        "acq_datetime_utc": "2026-08-30T13:40:00Z",
        "age_hours": 19.1,
        "confidence_label": "nominal",
        "popup_label": "<strong>NASA FIRMS<\/strong><br>Sensor: VIIRS_SNPP_NRT<br>Fecha UTC: 2026-08-30T13:40:00Z<br>Confianza: nominal<br>FRP: 32.96 MW"
      }
    },
    {
      "type": "Feature",
      "geometry": {
        "type": "Point",
        "coordinates": [-8.8511, 38.9112]
      },
      "properties": {
        "bright_ti4": 338.95,
        "scan": 0.39,
        "track": 0.36,
        "acq_date": "2026-08-30",
        "acq_time": "1340",
        "satellite": "N",
        "instrument": "VIIRS",
        "confidence": "n",
        "version": "2.0NRT",
        "bright_ti5": 306.13,
        "frp": 2.79,
        "daynight": "D",
        "source_dataset": "VIIRS_SNPP_NRT",
        "acq_datetime_utc": "2026-08-30T13:40:00Z",
        "age_hours": 19.1,
        "confidence_label": "nominal",
        "popup_label": "<strong>NASA FIRMS<\/strong><br>Sensor: VIIRS_SNPP_NRT<br>Fecha UTC: 2026-08-30T13:40:00Z<br>Confianza: nominal<br>FRP: 2.79 MW"
      }
    },
    {
      "type": "Feature",
      "geometry": {
        "type": "Point",
        "coordinates": [-3.6013, 39.0769]
      },
      "properties": {
        "bright_ti4": 345.49,
        "scan": 0.48,
        "track": 0.4,
        "acq_date": "2026-08-30",
        "acq_time": "1340",
        "satellite": "N",
        "instrument": "VIIRS",
        "confidence": "l",
        "version": "2.0NRT",
        "bright_ti5": 319.5,
        "frp": 5.81,
        "daynight": "D",
        "source_dataset": "VIIRS_SNPP_NRT",
        "acq_datetime_utc": "2026-08-30T13:40:00Z",
        "age_hours": 19.1,
        "confidence_label": "baja",
        "popup_label": "<strong>NASA FIRMS<\/strong><br>Sensor: VIIRS_SNPP_NRT<br>Fecha UTC: 2026-08-30T13:40:00Z<br>Confianza: baja<br>FRP: 5.81 MW"
      }
    },
    {
      "type": "Feature",
      "geometry": {
        "type": "Point",
        "coordinates": [0.1798, 41.9231]
      },
      "properties": {
        "bright_ti4": 343.14,
        "scan": 0.52,
        "track": 0.5,
        "acq_date": "2026-08-30",
        "acq_time": "1340",
        "satellite": "N",
        "instrument": "VIIRS",
        "confidence": "n",
        "version": "2.0NRT",
        "bright_ti5": 309.97,
        "frp": 3.91,
        "daynight": "D",
        "source_dataset": "VIIRS_SNPP_NRT",
        "acq_datetime_utc": "2026-08-30T13:40:00Z",
        "age_hours": 19.1,
        "confidence_label": "nominal",
        "popup_label": "<strong>NASA FIRMS<\/strong><br>Sensor: VIIRS_SNPP_NRT<br>Fecha UTC: 2026-08-30T13:40:00Z<br>Confianza: nominal<br>FRP: 3.91 MW"
      }
    },
    {
      "type": "Feature",
      "geometry": {
        "type": "Point",
        "coordinates": [-4.428, 41.9823]
      },
      "properties": {
        "bright_ti4": 334.93,
        "scan": 0.48,
        "track": 0.4,
        "acq_date": "2026-08-30",
        "acq_time": "1340",
        "satellite": "N",
        "instrument": "VIIRS",
        "confidence": "n",
        "version": "2.0NRT",
        "bright_ti5": 303.8,
        "frp": 6.26,
        "daynight": "D",
        "source_dataset": "VIIRS_SNPP_NRT",
        "acq_datetime_utc": "2026-08-30T13:40:00Z",
        "age_hours": 19.1,
        "confidence_label": "nominal",
        "popup_label": "<strong>NASA FIRMS<\/strong><br>Sensor: VIIRS_SNPP_NRT<br>Fecha UTC: 2026-08-30T13:40:00Z<br>Confianza: nominal<br>FRP: 6.26 MW"
      }
    },
    {
      "type": "Feature",
      "geometry": {
        "type": "Point",
        "coordinates": [-4.4287, 41.986]
      },
      "properties": {
        "bright_ti4": 336.51,
        "scan": 0.48,
        "track": 0.4,
        "acq_date": "2026-08-30",
        "acq_time": "1340",
        "satellite": "N",
        "instrument": "VIIRS",
        "confidence": "n",
        "version": "2.0NRT",
        "bright_ti5": 301.73,
        "frp": 6.26,
        "daynight": "D",
        "source_dataset": "VIIRS_SNPP_NRT",
        "acq_datetime_utc": "2026-08-30T13:40:00Z",
        "age_hours": 19.1,
        "confidence_label": "nominal",
        "popup_label": "<strong>NASA FIRMS<\/strong><br>Sensor: VIIRS_SNPP_NRT<br>Fecha UTC: 2026-08-30T13:40:00Z<br>Confianza: nominal<br>FRP: 6.26 MW"
      }
    },
    {
      "type": "Feature",
      "geometry": {
        "type": "Point",
        "coordinates": [-3.9741, 42.1904]
      },
      "properties": {
        "bright_ti4": 333.89,
        "scan": 0.5,
        "track": 0.41,
        "acq_date": "2026-08-30",
        "acq_time": "1340",
        "satellite": "N",
        "instrument": "VIIRS",
        "confidence": "n",
        "version": "2.0NRT",
        "bright_ti5": 303.02,
        "frp": 5.25,
        "daynight": "D",
        "source_dataset": "VIIRS_SNPP_NRT",
        "acq_datetime_utc": "2026-08-30T13:40:00Z",
        "age_hours": 19.1,
        "confidence_label": "nominal",
        "popup_label": "<strong>NASA FIRMS<\/strong><br>Sensor: VIIRS_SNPP_NRT<br>Fecha UTC: 2026-08-30T13:40:00Z<br>Confianza: nominal<br>FRP: 5.25 MW"
      }
    },
    {
      "type": "Feature",
      "geometry": {
        "type": "Point",
        "coordinates": [-3.9749, 42.1942]
      },
      "properties": {
        "bright_ti4": 337.72,
        "scan": 0.5,
        "track": 0.41,
        "acq_date": "2026-08-30",
        "acq_time": "1340",
        "satellite": "N",
        "instrument": "VIIRS",
        "confidence": "n",
        "version": "2.0NRT",
        "bright_ti5": 306.02,
        "frp": 14.05,
        "daynight": "D",
        "source_dataset": "VIIRS_SNPP_NRT",
        "acq_datetime_utc": "2026-08-30T13:40:00Z",
        "age_hours": 19.1,
        "confidence_label": "nominal",
        "popup_label": "<strong>NASA FIRMS<\/strong><br>Sensor: VIIRS_SNPP_NRT<br>Fecha UTC: 2026-08-30T13:40:00Z<br>Confianza: nominal<br>FRP: 14.05 MW"
      }
    },
    {
      "type": "Feature",
      "geometry": {
        "type": "Point",
        "coordinates": [4.8976, 43.4461]
      },
      "properties": {
        "bright_ti4": 332.76,
        "scan": 0.47,
        "track": 0.64,
        "acq_date": "2026-08-30",
        "acq_time": "1340",
        "satellite": "N",
        "instrument": "VIIRS",
        "confidence": "n",
        "version": "2.0NRT",
        "bright_ti5": 299.16,
        "frp": 6.86,
        "daynight": "D",
        "source_dataset": "VIIRS_SNPP_NRT",
        "acq_datetime_utc": "2026-08-30T13:40:00Z",
        "age_hours": 19.1,
        "confidence_label": "nominal",
        "popup_label": "<strong>NASA FIRMS<\/strong><br>Sensor: VIIRS_SNPP_NRT<br>Fecha UTC: 2026-08-30T13:40:00Z<br>Confianza: nominal<br>FRP: 6.86 MW"
      }
    },
    {
      "type": "Feature",
      "geometry": {
        "type": "Point",
        "coordinates": [3.1674, 32.5554]
      },
      "properties": {
        "bright_ti4": 342.43,
        "scan": 0.6,
        "track": 0.53,
        "acq_date": "2026-08-30",
        "acq_time": "1338",
        "satellite": "N",
        "instrument": "VIIRS",
        "confidence": "l",
        "version": "2.0NRT",
        "bright_ti5": 314.06,
        "frp": 2.54,
        "daynight": "D",
        "source_dataset": "VIIRS_SNPP_NRT",
        "acq_datetime_utc": "2026-08-30T13:38:00Z",
        "age_hours": 19.2,
        "confidence_label": "baja",
        "popup_label": "<strong>NASA FIRMS<\/strong><br>Sensor: VIIRS_SNPP_NRT<br>Fecha UTC: 2026-08-30T13:38:00Z<br>Confianza: baja<br>FRP: 2.54 MW"
      }
    },
    {
      "type": "Feature",
      "geometry": {
        "type": "Point",
        "coordinates": [4.4761, 32.7707]
      },
      "properties": {
        "bright_ti4": 341,
        "scan": 0.36,
        "track": 0.57,
        "acq_date": "2026-08-30",
        "acq_time": "1338",
        "satellite": "N",
        "instrument": "VIIRS",
        "confidence": "l",
        "version": "2.0NRT",
        "bright_ti5": 314.92,
        "frp": 7.1,
        "daynight": "D",
        "source_dataset": "VIIRS_SNPP_NRT",
        "acq_datetime_utc": "2026-08-30T13:38:00Z",
        "age_hours": 19.2,
        "confidence_label": "baja",
        "popup_label": "<strong>NASA FIRMS<\/strong><br>Sensor: VIIRS_SNPP_NRT<br>Fecha UTC: 2026-08-30T13:38:00Z<br>Confianza: baja<br>FRP: 7.1 MW"
      }
    },
    {
      "type": "Feature",
      "geometry": {
        "type": "Point",
        "coordinates": [3.4086, 32.8255]
      },
      "properties": {
        "bright_ti4": 343.57,
        "scan": 0.63,
        "track": 0.54,
        "acq_date": "2026-08-30",
        "acq_time": "1338",
        "satellite": "N",
        "instrument": "VIIRS",
        "confidence": "n",
        "version": "2.0NRT",
        "bright_ti5": 313.05,
        "frp": 4.68,
        "daynight": "D",
        "source_dataset": "VIIRS_SNPP_NRT",
        "acq_datetime_utc": "2026-08-30T13:38:00Z",
        "age_hours": 19.2,
        "confidence_label": "nominal",
        "popup_label": "<strong>NASA FIRMS<\/strong><br>Sensor: VIIRS_SNPP_NRT<br>Fecha UTC: 2026-08-30T13:38:00Z<br>Confianza: nominal<br>FRP: 4.68 MW"
      }
    },
    {
      "type": "Feature",
      "geometry": {
        "type": "Point",
        "coordinates": [3.4035, 32.8263]
      },
      "properties": {
        "bright_ti4": 340.64,
        "scan": 0.63,
        "track": 0.54,
        "acq_date": "2026-08-30",
        "acq_time": "1338",
        "satellite": "N",
        "instrument": "VIIRS",
        "confidence": "l",
        "version": "2.0NRT",
        "bright_ti5": 313.43,
        "frp": 2.15,
        "daynight": "D",
        "source_dataset": "VIIRS_SNPP_NRT",
        "acq_datetime_utc": "2026-08-30T13:38:00Z",
        "age_hours": 19.2,
        "confidence_label": "baja",
        "popup_label": "<strong>NASA FIRMS<\/strong><br>Sensor: VIIRS_SNPP_NRT<br>Fecha UTC: 2026-08-30T13:38:00Z<br>Confianza: baja<br>FRP: 2.15 MW"
      }
    },
    {
      "type": "Feature",
      "geometry": {
        "type": "Point",
        "coordinates": [3.2339, 32.9329]
      },
      "properties": {
        "bright_ti4": 339.95,
        "scan": 0.61,
        "track": 0.54,
        "acq_date": "2026-08-30",
        "acq_time": "1338",
        "satellite": "N",
        "instrument": "VIIRS",
        "confidence": "l",
        "version": "2.0NRT",
        "bright_ti5": 314.49,
        "frp": 3.82,
        "daynight": "D",
        "source_dataset": "VIIRS_SNPP_NRT",
        "acq_datetime_utc": "2026-08-30T13:38:00Z",
        "age_hours": 19.2,
        "confidence_label": "baja",
        "popup_label": "<strong>NASA FIRMS<\/strong><br>Sensor: VIIRS_SNPP_NRT<br>Fecha UTC: 2026-08-30T13:38:00Z<br>Confianza: baja<br>FRP: 3.82 MW"
      }
    },
    {
      "type": "Feature",
      "geometry": {
        "type": "Point",
        "coordinates": [3.2346, 32.9333]
      },
      "properties": {
        "bright_ti4": 343.64,
        "scan": 0.62,
        "track": 0.54,
        "acq_date": "2026-08-30",
        "acq_time": "1338",
        "satellite": "N",
        "instrument": "VIIRS",
        "confidence": "l",
        "version": "2.0NRT",
        "bright_ti5": 313.8,
        "frp": 6.18,
        "daynight": "D",
        "source_dataset": "VIIRS_SNPP_NRT",
        "acq_datetime_utc": "2026-08-30T13:38:00Z",
        "age_hours": 19.2,
        "confidence_label": "baja",
        "popup_label": "<strong>NASA FIRMS<\/strong><br>Sensor: VIIRS_SNPP_NRT<br>Fecha UTC: 2026-08-30T13:38:00Z<br>Confianza: baja<br>FRP: 6.18 MW"
      }
    },
    {
      "type": "Feature",
      "geometry": {
        "type": "Point",
        "coordinates": [3.1462, 32.9406]
      },
      "properties": {
        "bright_ti4": 342.07,
        "scan": 0.61,
        "track": 0.53,
        "acq_date": "2026-08-30",
        "acq_time": "1338",
        "satellite": "N",
        "instrument": "VIIRS",
        "confidence": "l",
        "version": "2.0NRT",
        "bright_ti5": 313.83,
        "frp": 3.49,
        "daynight": "D",
        "source_dataset": "VIIRS_SNPP_NRT",
        "acq_datetime_utc": "2026-08-30T13:38:00Z",
        "age_hours": 19.2,
        "confidence_label": "baja",
        "popup_label": "<strong>NASA FIRMS<\/strong><br>Sensor: VIIRS_SNPP_NRT<br>Fecha UTC: 2026-08-30T13:38:00Z<br>Confianza: baja<br>FRP: 3.49 MW"
      }
    },
    {
      "type": "Feature",
      "geometry": {
        "type": "Point",
        "coordinates": [3.1466, 32.9416]
      },
      "properties": {
        "bright_ti4": 354.31,
        "scan": 0.61,
        "track": 0.53,
        "acq_date": "2026-08-30",
        "acq_time": "1338",
        "satellite": "N",
        "instrument": "VIIRS",
        "confidence": "n",
        "version": "2.0NRT",
        "bright_ti5": 315.1,
        "frp": 11.02,
        "daynight": "D",
        "source_dataset": "VIIRS_SNPP_NRT",
        "acq_datetime_utc": "2026-08-30T13:38:00Z",
        "age_hours": 19.2,
        "confidence_label": "nominal",
        "popup_label": "<strong>NASA FIRMS<\/strong><br>Sensor: VIIRS_SNPP_NRT<br>Fecha UTC: 2026-08-30T13:38:00Z<br>Confianza: nominal<br>FRP: 11.02 MW"
      }
    },
    {
      "type": "Feature",
      "geometry": {
        "type": "Point",
        "coordinates": [3.3947, 33.0761]
      },
      "properties": {
        "bright_ti4": 339.79,
        "scan": 0.63,
        "track": 0.54,
        "acq_date": "2026-08-30",
        "acq_time": "1338",
        "satellite": "N",
        "instrument": "VIIRS",
        "confidence": "l",
        "version": "2.0NRT",
        "bright_ti5": 314.04,
        "frp": 2.94,
        "daynight": "D",
        "source_dataset": "VIIRS_SNPP_NRT",
        "acq_datetime_utc": "2026-08-30T13:38:00Z",
        "age_hours": 19.2,
        "confidence_label": "baja",
        "popup_label": "<strong>NASA FIRMS<\/strong><br>Sensor: VIIRS_SNPP_NRT<br>Fecha UTC: 2026-08-30T13:38:00Z<br>Confianza: baja<br>FRP: 2.94 MW"
      }
    },
    {
      "type": "Feature",
      "geometry": {
        "type": "Point",
        "coordinates": [-6.724, 33.5592]
      },
      "properties": {
        "bright_ti4": 342.55,
        "scan": 0.38,
        "track": 0.36,
        "acq_date": "2026-08-30",
        "acq_time": "1338",
        "satellite": "N",
        "instrument": "VIIRS",
        "confidence": "n",
        "version": "2.0NRT",
        "bright_ti5": 316.15,
        "frp": 4.93,
        "daynight": "D",
        "source_dataset": "VIIRS_SNPP_NRT",
        "acq_datetime_utc": "2026-08-30T13:38:00Z",
        "age_hours": 19.2,
        "confidence_label": "nominal",
        "popup_label": "<strong>NASA FIRMS<\/strong><br>Sensor: VIIRS_SNPP_NRT<br>Fecha UTC: 2026-08-30T13:38:00Z<br>Confianza: nominal<br>FRP: 4.93 MW"
      }
    },
    {
      "type": "Feature",
      "geometry": {
        "type": "Point",
        "coordinates": [3.6489, 35.0866]
      },
      "properties": {
        "bright_ti4": 341.83,
        "scan": 0.34,
        "track": 0.56,
        "acq_date": "2026-08-30",
        "acq_time": "1338",
        "satellite": "N",
        "instrument": "VIIRS",
        "confidence": "l",
        "version": "2.0NRT",
        "bright_ti5": 313.64,
        "frp": 4.74,
        "daynight": "D",
        "source_dataset": "VIIRS_SNPP_NRT",
        "acq_datetime_utc": "2026-08-30T13:38:00Z",
        "age_hours": 19.2,
        "confidence_label": "baja",
        "popup_label": "<strong>NASA FIRMS<\/strong><br>Sensor: VIIRS_SNPP_NRT<br>Fecha UTC: 2026-08-30T13:38:00Z<br>Confianza: baja<br>FRP: 4.74 MW"
      }
    },
    {
      "type": "Feature",
      "geometry": {
        "type": "Point",
        "coordinates": [3.6524, 35.092]
      },
      "properties": {
        "bright_ti4": 353.42,
        "scan": 0.34,
        "track": 0.56,
        "acq_date": "2026-08-30",
        "acq_time": "1338",
        "satellite": "N",
        "instrument": "VIIRS",
        "confidence": "n",
        "version": "2.0NRT",
        "bright_ti5": 314.21,
        "frp": 4.74,
        "daynight": "D",
        "source_dataset": "VIIRS_SNPP_NRT",
        "acq_datetime_utc": "2026-08-30T13:38:00Z",
        "age_hours": 19.2,
        "confidence_label": "nominal",
        "popup_label": "<strong>NASA FIRMS<\/strong><br>Sensor: VIIRS_SNPP_NRT<br>Fecha UTC: 2026-08-30T13:38:00Z<br>Confianza: nominal<br>FRP: 4.74 MW"
      }
    },
    {
      "type": "Feature",
      "geometry": {
        "type": "Point",
        "coordinates": [3.6564, 35.0923]
      },
      "properties": {
        "bright_ti4": 342.53,
        "scan": 0.34,
        "track": 0.56,
        "acq_date": "2026-08-30",
        "acq_time": "1338",
        "satellite": "N",
        "instrument": "VIIRS",
        "confidence": "n",
        "version": "2.0NRT",
        "bright_ti5": 310.77,
        "frp": 5.19,
        "daynight": "D",
        "source_dataset": "VIIRS_SNPP_NRT",
        "acq_datetime_utc": "2026-08-30T13:38:00Z",
        "age_hours": 19.2,
        "confidence_label": "nominal",
        "popup_label": "<strong>NASA FIRMS<\/strong><br>Sensor: VIIRS_SNPP_NRT<br>Fecha UTC: 2026-08-30T13:38:00Z<br>Confianza: nominal<br>FRP: 5.19 MW"
      }
    },
    {
      "type": "Feature",
      "geometry": {
        "type": "Point",
        "coordinates": [3.6518, 35.0973]
      },
      "properties": {
        "bright_ti4": 337.32,
        "scan": 0.34,
        "track": 0.56,
        "acq_date": "2026-08-30",
        "acq_time": "1338",
        "satellite": "N",
        "instrument": "VIIRS",
        "confidence": "l",
        "version": "2.0NRT",
        "bright_ti5": 310.52,
        "frp": 2.26,
        "daynight": "D",
        "source_dataset": "VIIRS_SNPP_NRT",
        "acq_datetime_utc": "2026-08-30T13:38:00Z",
        "age_hours": 19.2,
        "confidence_label": "baja",
        "popup_label": "<strong>NASA FIRMS<\/strong><br>Sensor: VIIRS_SNPP_NRT<br>Fecha UTC: 2026-08-30T13:38:00Z<br>Confianza: baja<br>FRP: 2.26 MW"
      }
    },
    {
      "type": "Feature",
      "geometry": {
        "type": "Point",
        "coordinates": [4.9006, 43.4464]
      },
      "properties": {
        "bright_ti4": 342.44,
        "scan": 0.58,
        "track": 0.52,
        "acq_date": "2026-08-30",
        "acq_time": "1200",
        "satellite": "N",
        "instrument": "VIIRS",
        "confidence": "n",
        "version": "2.0NRT",
        "bright_ti5": 304.57,
        "frp": 7.94,
        "daynight": "D",
        "source_dataset": "VIIRS_SNPP_NRT",
        "acq_datetime_utc": "2026-08-30T12:00:00Z",
        "age_hours": 20.8,
        "confidence_label": "nominal",
        "popup_label": "<strong>NASA FIRMS<\/strong><br>Sensor: VIIRS_SNPP_NRT<br>Fecha UTC: 2026-08-30T12:00:00Z<br>Confianza: nominal<br>FRP: 7.94 MW"
      }
    },
    {
      "type": "Feature",
      "geometry": {
        "type": "Point",
        "coordinates": [3.9862, 32.2743]
      },
      "properties": {
        "bright_ti4": 351.34,
        "scan": 0.64,
        "track": 0.72,
        "acq_date": "2026-08-30",
        "acq_time": "1157",
        "satellite": "N",
        "instrument": "VIIRS",
        "confidence": "n",
        "version": "2.0NRT",
        "bright_ti5": 309.09,
        "frp": 4.64,
        "daynight": "D",
        "source_dataset": "VIIRS_SNPP_NRT",
        "acq_datetime_utc": "2026-08-30T11:57:00Z",
        "age_hours": 20.9,
        "confidence_label": "nominal",
        "popup_label": "<strong>NASA FIRMS<\/strong><br>Sensor: VIIRS_SNPP_NRT<br>Fecha UTC: 2026-08-30T11:57:00Z<br>Confianza: nominal<br>FRP: 4.64 MW"
      }
    },
    {
      "type": "Feature",
      "geometry": {
        "type": "Point",
        "coordinates": [3.9928, 32.2762]
      },
      "properties": {
        "bright_ti4": 337.39,
        "scan": 0.64,
        "track": 0.72,
        "acq_date": "2026-08-30",
        "acq_time": "1157",
        "satellite": "N",
        "instrument": "VIIRS",
        "confidence": "l",
        "version": "2.0NRT",
        "bright_ti5": 308.68,
        "frp": 4.64,
        "daynight": "D",
        "source_dataset": "VIIRS_SNPP_NRT",
        "acq_datetime_utc": "2026-08-30T11:57:00Z",
        "age_hours": 20.9,
        "confidence_label": "baja",
        "popup_label": "<strong>NASA FIRMS<\/strong><br>Sensor: VIIRS_SNPP_NRT<br>Fecha UTC: 2026-08-30T11:57:00Z<br>Confianza: baja<br>FRP: 4.64 MW"
      }
    },
    {
      "type": "Feature",
      "geometry": {
        "type": "Point",
        "coordinates": [3.1695, 32.5554]
      },
      "properties": {
        "bright_ti4": 341.99,
        "scan": 0.7,
        "track": 0.75,
        "acq_date": "2026-08-30",
        "acq_time": "1157",
        "satellite": "N",
        "instrument": "VIIRS",
        "confidence": "n",
        "version": "2.0NRT",
        "bright_ti5": 309.59,
        "frp": 4.46,
        "daynight": "D",
        "source_dataset": "VIIRS_SNPP_NRT",
        "acq_datetime_utc": "2026-08-30T11:57:00Z",
        "age_hours": 20.9,
        "confidence_label": "nominal",
        "popup_label": "<strong>NASA FIRMS<\/strong><br>Sensor: VIIRS_SNPP_NRT<br>Fecha UTC: 2026-08-30T11:57:00Z<br>Confianza: nominal<br>FRP: 4.46 MW"
      }
    },
    {
      "type": "Feature",
      "geometry": {
        "type": "Point",
        "coordinates": [3.3957, 33.0748]
      },
      "properties": {
        "bright_ti4": 342.4,
        "scan": 0.66,
        "track": 0.73,
        "acq_date": "2026-08-30",
        "acq_time": "1157",
        "satellite": "N",
        "instrument": "VIIRS",
        "confidence": "n",
        "version": "2.0NRT",
        "bright_ti5": 308.56,
        "frp": 3.09,
        "daynight": "D",
        "source_dataset": "VIIRS_SNPP_NRT",
        "acq_datetime_utc": "2026-08-30T11:57:00Z",
        "age_hours": 20.9,
        "confidence_label": "nominal",
        "popup_label": "<strong>NASA FIRMS<\/strong><br>Sensor: VIIRS_SNPP_NRT<br>Fecha UTC: 2026-08-30T11:57:00Z<br>Confianza: nominal<br>FRP: 3.09 MW"
      }
    },
    {
      "type": "Feature",
      "geometry": {
        "type": "Point",
        "coordinates": [3.6485, 35.0821]
      },
      "properties": {
        "bright_ti4": 341.4,
        "scan": 0.56,
        "track": 0.69,
        "acq_date": "2026-08-30",
        "acq_time": "1157",
        "satellite": "N",
        "instrument": "VIIRS",
        "confidence": "n",
        "version": "2.0NRT",
        "bright_ti5": 308.19,
        "frp": 16.72,
        "daynight": "D",
        "source_dataset": "VIIRS_SNPP_NRT",
        "acq_datetime_utc": "2026-08-30T11:57:00Z",
        "age_hours": 20.9,
        "confidence_label": "nominal",
        "popup_label": "<strong>NASA FIRMS<\/strong><br>Sensor: VIIRS_SNPP_NRT<br>Fecha UTC: 2026-08-30T11:57:00Z<br>Confianza: nominal<br>FRP: 16.72 MW"
      }
    },
    {
      "type": "Feature",
      "geometry": {
        "type": "Point",
        "coordinates": [3.6462, 35.0855]
      },
      "properties": {
        "bright_ti4": 355.56,
        "scan": 0.57,
        "track": 0.69,
        "acq_date": "2026-08-30",
        "acq_time": "1157",
        "satellite": "N",
        "instrument": "VIIRS",
        "confidence": "n",
        "version": "2.0NRT",
        "bright_ti5": 308.69,
        "frp": 20.83,
        "daynight": "D",
        "source_dataset": "VIIRS_SNPP_NRT",
        "acq_datetime_utc": "2026-08-30T11:57:00Z",
        "age_hours": 20.9,
        "confidence_label": "nominal",
        "popup_label": "<strong>NASA FIRMS<\/strong><br>Sensor: VIIRS_SNPP_NRT<br>Fecha UTC: 2026-08-30T11:57:00Z<br>Confianza: nominal<br>FRP: 20.83 MW"
      }
    },
    {
      "type": "Feature",
      "geometry": {
        "type": "Point",
        "coordinates": [3.6518, 35.0871]
      },
      "properties": {
        "bright_ti4": 367,
        "scan": 0.56,
        "track": 0.69,
        "acq_date": "2026-08-30",
        "acq_time": "1157",
        "satellite": "N",
        "instrument": "VIIRS",
        "confidence": "h",
        "version": "2.0NRT",
        "bright_ti5": 306.55,
        "frp": 23.86,
        "daynight": "D",
        "source_dataset": "VIIRS_SNPP_NRT",
        "acq_datetime_utc": "2026-08-30T11:57:00Z",
        "age_hours": 20.9,
        "confidence_label": "alta",
        "popup_label": "<strong>NASA FIRMS<\/strong><br>Sensor: VIIRS_SNPP_NRT<br>Fecha UTC: 2026-08-30T11:57:00Z<br>Confianza: alta<br>FRP: 23.86 MW"
      }
    },
    {
      "type": "Feature",
      "geometry": {
        "type": "Point",
        "coordinates": [3.646, 35.0882]
      },
      "properties": {
        "bright_ti4": 367,
        "scan": 0.56,
        "track": 0.69,
        "acq_date": "2026-08-30",
        "acq_time": "1157",
        "satellite": "N",
        "instrument": "VIIRS",
        "confidence": "h",
        "version": "2.0NRT",
        "bright_ti5": 307.95,
        "frp": 16.72,
        "daynight": "D",
        "source_dataset": "VIIRS_SNPP_NRT",
        "acq_datetime_utc": "2026-08-30T11:57:00Z",
        "age_hours": 20.9,
        "confidence_label": "alta",
        "popup_label": "<strong>NASA FIRMS<\/strong><br>Sensor: VIIRS_SNPP_NRT<br>Fecha UTC: 2026-08-30T11:57:00Z<br>Confianza: alta<br>FRP: 16.72 MW"
      }
    },
    {
      "type": "Feature",
      "geometry": {
        "type": "Point",
        "coordinates": [-0.5178, 28.1986]
      },
      "properties": {
        "bright_ti4": 338.09,
        "scan": 0.4,
        "track": 0.44,
        "acq_date": "2026-08-30",
        "acq_time": "0219",
        "satellite": "N",
        "instrument": "VIIRS",
        "confidence": "n",
        "version": "2.0NRT",
        "bright_ti5": 298.23,
        "frp": 3.75,
        "daynight": "N",
        "source_dataset": "VIIRS_SNPP_NRT",
        "acq_datetime_utc": "2026-08-30T02:19:00Z",
        "age_hours": 30.5,
        "confidence_label": "nominal",
        "popup_label": "<strong>NASA FIRMS<\/strong><br>Sensor: VIIRS_SNPP_NRT<br>Fecha UTC: 2026-08-30T02:19:00Z<br>Confianza: nominal<br>FRP: 3.75 MW"
      }
    },
    {
      "type": "Feature",
      "geometry": {
        "type": "Point",
        "coordinates": [-0.1584, 28.2138]
      },
      "properties": {
        "bright_ti4": 313.31,
        "scan": 0.42,
        "track": 0.45,
        "acq_date": "2026-08-30",
        "acq_time": "0219",
        "satellite": "N",
        "instrument": "VIIRS",
        "confidence": "n",
        "version": "2.0NRT",
        "bright_ti5": 297.66,
        "frp": 1.37,
        "daynight": "N",
        "source_dataset": "VIIRS_SNPP_NRT",
        "acq_datetime_utc": "2026-08-30T02:19:00Z",
        "age_hours": 30.5,
        "confidence_label": "nominal",
        "popup_label": "<strong>NASA FIRMS<\/strong><br>Sensor: VIIRS_SNPP_NRT<br>Fecha UTC: 2026-08-30T02:19:00Z<br>Confianza: nominal<br>FRP: 1.37 MW"
      }
    },
    {
      "type": "Feature",
      "geometry": {
        "type": "Point",
        "coordinates": [3.9888, 32.2773]
      },
      "properties": {
        "bright_ti4": 340.61,
        "scan": 0.6,
        "track": 0.53,
        "acq_date": "2026-08-30",
        "acq_time": "0219",
        "satellite": "N",
        "instrument": "VIIRS",
        "confidence": "n",
        "version": "2.0NRT",
        "bright_ti5": 298.64,
        "frp": 8.72,
        "daynight": "N",
        "source_dataset": "VIIRS_SNPP_NRT",
        "acq_datetime_utc": "2026-08-30T02:19:00Z",
        "age_hours": 30.5,
        "confidence_label": "nominal",
        "popup_label": "<strong>NASA FIRMS<\/strong><br>Sensor: VIIRS_SNPP_NRT<br>Fecha UTC: 2026-08-30T02:19:00Z<br>Confianza: nominal<br>FRP: 8.72 MW"
      }
    },
    {
      "type": "Feature",
      "geometry": {
        "type": "Point",
        "coordinates": [4.0038, 32.4027]
      },
      "properties": {
        "bright_ti4": 315.68,
        "scan": 0.59,
        "track": 0.53,
        "acq_date": "2026-08-30",
        "acq_time": "0219",
        "satellite": "N",
        "instrument": "VIIRS",
        "confidence": "n",
        "version": "2.0NRT",
        "bright_ti5": 295.93,
        "frp": 1.83,
        "daynight": "N",
        "source_dataset": "VIIRS_SNPP_NRT",
        "acq_datetime_utc": "2026-08-30T02:19:00Z",
        "age_hours": 30.5,
        "confidence_label": "nominal",
        "popup_label": "<strong>NASA FIRMS<\/strong><br>Sensor: VIIRS_SNPP_NRT<br>Fecha UTC: 2026-08-30T02:19:00Z<br>Confianza: nominal<br>FRP: 1.83 MW"
      }
    },
    {
      "type": "Feature",
      "geometry": {
        "type": "Point",
        "coordinates": [4.0046, 32.4047]
      },
      "properties": {
        "bright_ti4": 310.19,
        "scan": 0.59,
        "track": 0.53,
        "acq_date": "2026-08-30",
        "acq_time": "0219",
        "satellite": "N",
        "instrument": "VIIRS",
        "confidence": "n",
        "version": "2.0NRT",
        "bright_ti5": 296.03,
        "frp": 1.9,
        "daynight": "N",
        "source_dataset": "VIIRS_SNPP_NRT",
        "acq_datetime_utc": "2026-08-30T02:19:00Z",
        "age_hours": 30.5,
        "confidence_label": "nominal",
        "popup_label": "<strong>NASA FIRMS<\/strong><br>Sensor: VIIRS_SNPP_NRT<br>Fecha UTC: 2026-08-30T02:19:00Z<br>Confianza: nominal<br>FRP: 1.9 MW"
      }
    },
    {
      "type": "Feature",
      "geometry": {
        "type": "Point",
        "coordinates": [3.1704, 32.5521]
      },
      "properties": {
        "bright_ti4": 307.66,
        "scan": 0.53,
        "track": 0.5,
        "acq_date": "2026-08-30",
        "acq_time": "0219",
        "satellite": "N",
        "instrument": "VIIRS",
        "confidence": "n",
        "version": "2.0NRT",
        "bright_ti5": 293.39,
        "frp": 1.13,
        "daynight": "N",
        "source_dataset": "VIIRS_SNPP_NRT",
        "acq_datetime_utc": "2026-08-30T02:19:00Z",
        "age_hours": 30.5,
        "confidence_label": "nominal",
        "popup_label": "<strong>NASA FIRMS<\/strong><br>Sensor: VIIRS_SNPP_NRT<br>Fecha UTC: 2026-08-30T02:19:00Z<br>Confianza: nominal<br>FRP: 1.13 MW"
      }
    },
    {
      "type": "Feature",
      "geometry": {
        "type": "Point",
        "coordinates": [3.1649, 32.5534]
      },
      "properties": {
        "bright_ti4": 308.36,
        "scan": 0.53,
        "track": 0.5,
        "acq_date": "2026-08-30",
        "acq_time": "0219",
        "satellite": "N",
        "instrument": "VIIRS",
        "confidence": "n",
        "version": "2.0NRT",
        "bright_ti5": 293.75,
        "frp": 1.6,
        "daynight": "N",
        "source_dataset": "VIIRS_SNPP_NRT",
        "acq_datetime_utc": "2026-08-30T02:19:00Z",
        "age_hours": 30.5,
        "confidence_label": "nominal",
        "popup_label": "<strong>NASA FIRMS<\/strong><br>Sensor: VIIRS_SNPP_NRT<br>Fecha UTC: 2026-08-30T02:19:00Z<br>Confianza: nominal<br>FRP: 1.6 MW"
      }
    },
    {
      "type": "Feature",
      "geometry": {
        "type": "Point",
        "coordinates": [3.1719, 32.5566]
      },
      "properties": {
        "bright_ti4": 309.45,
        "scan": 0.53,
        "track": 0.5,
        "acq_date": "2026-08-30",
        "acq_time": "0219",
        "satellite": "N",
        "instrument": "VIIRS",
        "confidence": "n",
        "version": "2.0NRT",
        "bright_ti5": 293.3,
        "frp": 1.5,
        "daynight": "N",
        "source_dataset": "VIIRS_SNPP_NRT",
        "acq_datetime_utc": "2026-08-30T02:19:00Z",
        "age_hours": 30.5,
        "confidence_label": "nominal",
        "popup_label": "<strong>NASA FIRMS<\/strong><br>Sensor: VIIRS_SNPP_NRT<br>Fecha UTC: 2026-08-30T02:19:00Z<br>Confianza: nominal<br>FRP: 1.5 MW"
      }
    },
    {
      "type": "Feature",
      "geometry": {
        "type": "Point",
        "coordinates": [3.1663, 32.5579]
      },
      "properties": {
        "bright_ti4": 312.42,
        "scan": 0.53,
        "track": 0.5,
        "acq_date": "2026-08-30",
        "acq_time": "0219",
        "satellite": "N",
        "instrument": "VIIRS",
        "confidence": "n",
        "version": "2.0NRT",
        "bright_ti5": 294.58,
        "frp": 1.89,
        "daynight": "N",
        "source_dataset": "VIIRS_SNPP_NRT",
        "acq_datetime_utc": "2026-08-30T02:19:00Z",
        "age_hours": 30.5,
        "confidence_label": "nominal",
        "popup_label": "<strong>NASA FIRMS<\/strong><br>Sensor: VIIRS_SNPP_NRT<br>Fecha UTC: 2026-08-30T02:19:00Z<br>Confianza: nominal<br>FRP: 1.89 MW"
      }
    },
    {
      "type": "Feature",
      "geometry": {
        "type": "Point",
        "coordinates": [-6.1344, 32.5669]
      },
      "properties": {
        "bright_ti4": 305.48,
        "scan": 0.39,
        "track": 0.36,
        "acq_date": "2026-08-30",
        "acq_time": "0219",
        "satellite": "N",
        "instrument": "VIIRS",
        "confidence": "n",
        "version": "2.0NRT",
        "bright_ti5": 295.41,
        "frp": 0.64,
        "daynight": "N",
        "source_dataset": "VIIRS_SNPP_NRT",
        "acq_datetime_utc": "2026-08-30T02:19:00Z",
        "age_hours": 30.5,
        "confidence_label": "nominal",
        "popup_label": "<strong>NASA FIRMS<\/strong><br>Sensor: VIIRS_SNPP_NRT<br>Fecha UTC: 2026-08-30T02:19:00Z<br>Confianza: nominal<br>FRP: 0.64 MW"
      }
    },
    {
      "type": "Feature",
      "geometry": {
        "type": "Point",
        "coordinates": [-16.9953, 32.6727]
      },
      "properties": {
        "bright_ti4": 304.17,
        "scan": 0.42,
        "track": 0.61,
        "acq_date": "2026-08-30",
        "acq_time": "0219",
        "satellite": "N",
        "instrument": "VIIRS",
        "confidence": "n",
        "version": "2.0NRT",
        "bright_ti5": 287.56,
        "frp": 2.41,
        "daynight": "N",
        "source_dataset": "VIIRS_SNPP_NRT",
        "acq_datetime_utc": "2026-08-30T02:19:00Z",
        "age_hours": 30.5,
        "confidence_label": "nominal",
        "popup_label": "<strong>NASA FIRMS<\/strong><br>Sensor: VIIRS_SNPP_NRT<br>Fecha UTC: 2026-08-30T02:19:00Z<br>Confianza: nominal<br>FRP: 2.41 MW"
      }
    },
    {
      "type": "Feature",
      "geometry": {
        "type": "Point",
        "coordinates": [-16.9991, 32.673]
      },
      "properties": {
        "bright_ti4": 348.99,
        "scan": 0.42,
        "track": 0.61,
        "acq_date": "2026-08-30",
        "acq_time": "0219",
        "satellite": "N",
        "instrument": "VIIRS",
        "confidence": "n",
        "version": "2.0NRT",
        "bright_ti5": 289.71,
        "frp": 3.57,
        "daynight": "N",
        "source_dataset": "VIIRS_SNPP_NRT",
        "acq_datetime_utc": "2026-08-30T02:19:00Z",
        "age_hours": 30.5,
        "confidence_label": "nominal",
        "popup_label": "<strong>NASA FIRMS<\/strong><br>Sensor: VIIRS_SNPP_NRT<br>Fecha UTC: 2026-08-30T02:19:00Z<br>Confianza: nominal<br>FRP: 3.57 MW"
      }
    },
    {
      "type": "Feature",
      "geometry": {
        "type": "Point",
        "coordinates": [-16.998, 32.6786]
      },
      "properties": {
        "bright_ti4": 300.59,
        "scan": 0.42,
        "track": 0.61,
        "acq_date": "2026-08-30",
        "acq_time": "0219",
        "satellite": "N",
        "instrument": "VIIRS",
        "confidence": "n",
        "version": "2.0NRT",
        "bright_ti5": 287.04,
        "frp": 3.57,
        "daynight": "N",
        "source_dataset": "VIIRS_SNPP_NRT",
        "acq_datetime_utc": "2026-08-30T02:19:00Z",
        "age_hours": 30.5,
        "confidence_label": "nominal",
        "popup_label": "<strong>NASA FIRMS<\/strong><br>Sensor: VIIRS_SNPP_NRT<br>Fecha UTC: 2026-08-30T02:19:00Z<br>Confianza: nominal<br>FRP: 3.57 MW"
      }
    },
    {
      "type": "Feature",
      "geometry": {
        "type": "Point",
        "coordinates": [3.1803, 32.7464]
      },
      "properties": {
        "bright_ti4": 315.01,
        "scan": 0.52,
        "track": 0.5,
        "acq_date": "2026-08-30",
        "acq_time": "0219",
        "satellite": "N",
        "instrument": "VIIRS",
        "confidence": "n",
        "version": "2.0NRT",
        "bright_ti5": 294.84,
        "frp": 1.98,
        "daynight": "N",
        "source_dataset": "VIIRS_SNPP_NRT",
        "acq_datetime_utc": "2026-08-30T02:19:00Z",
        "age_hours": 30.5,
        "confidence_label": "nominal",
        "popup_label": "<strong>NASA FIRMS<\/strong><br>Sensor: VIIRS_SNPP_NRT<br>Fecha UTC: 2026-08-30T02:19:00Z<br>Confianza: nominal<br>FRP: 1.98 MW"
      }
    },
    {
      "type": "Feature",
      "geometry": {
        "type": "Point",
        "coordinates": [3.2428, 32.9286]
      },
      "properties": {
        "bright_ti4": 304.19,
        "scan": 0.52,
        "track": 0.5,
        "acq_date": "2026-08-30",
        "acq_time": "0219",
        "satellite": "N",
        "instrument": "VIIRS",
        "confidence": "n",
        "version": "2.0NRT",
        "bright_ti5": 293.86,
        "frp": 0.73,
        "daynight": "N",
        "source_dataset": "VIIRS_SNPP_NRT",
        "acq_datetime_utc": "2026-08-30T02:19:00Z",
        "age_hours": 30.5,
        "confidence_label": "nominal",
        "popup_label": "<strong>NASA FIRMS<\/strong><br>Sensor: VIIRS_SNPP_NRT<br>Fecha UTC: 2026-08-30T02:19:00Z<br>Confianza: nominal<br>FRP: 0.73 MW"
      }
    },
    {
      "type": "Feature",
      "geometry": {
        "type": "Point",
        "coordinates": [3.2373, 32.9299]
      },
      "properties": {
        "bright_ti4": 304.98,
        "scan": 0.52,
        "track": 0.5,
        "acq_date": "2026-08-30",
        "acq_time": "0219",
        "satellite": "N",
        "instrument": "VIIRS",
        "confidence": "n",
        "version": "2.0NRT",
        "bright_ti5": 293.76,
        "frp": 0.73,
        "daynight": "N",
        "source_dataset": "VIIRS_SNPP_NRT",
        "acq_datetime_utc": "2026-08-30T02:19:00Z",
        "age_hours": 30.5,
        "confidence_label": "nominal",
        "popup_label": "<strong>NASA FIRMS<\/strong><br>Sensor: VIIRS_SNPP_NRT<br>Fecha UTC: 2026-08-30T02:19:00Z<br>Confianza: nominal<br>FRP: 0.73 MW"
      }
    },
    {
      "type": "Feature",
      "geometry": {
        "type": "Point",
        "coordinates": [3.2319, 32.9311]
      },
      "properties": {
        "bright_ti4": 312.93,
        "scan": 0.52,
        "track": 0.5,
        "acq_date": "2026-08-30",
        "acq_time": "0219",
        "satellite": "N",
        "instrument": "VIIRS",
        "confidence": "n",
        "version": "2.0NRT",
        "bright_ti5": 294.1,
        "frp": 2.24,
        "daynight": "N",
        "source_dataset": "VIIRS_SNPP_NRT",
        "acq_datetime_utc": "2026-08-30T02:19:00Z",
        "age_hours": 30.5,
        "confidence_label": "nominal",
        "popup_label": "<strong>NASA FIRMS<\/strong><br>Sensor: VIIRS_SNPP_NRT<br>Fecha UTC: 2026-08-30T02:19:00Z<br>Confianza: nominal<br>FRP: 2.24 MW"
      }
    },
    {
      "type": "Feature",
      "geometry": {
        "type": "Point",
        "coordinates": [3.2333, 32.9356]
      },
      "properties": {
        "bright_ti4": 320.93,
        "scan": 0.52,
        "track": 0.5,
        "acq_date": "2026-08-30",
        "acq_time": "0219",
        "satellite": "N",
        "instrument": "VIIRS",
        "confidence": "n",
        "version": "2.0NRT",
        "bright_ti5": 294.73,
        "frp": 3.14,
        "daynight": "N",
        "source_dataset": "VIIRS_SNPP_NRT",
        "acq_datetime_utc": "2026-08-30T02:19:00Z",
        "age_hours": 30.5,
        "confidence_label": "nominal",
        "popup_label": "<strong>NASA FIRMS<\/strong><br>Sensor: VIIRS_SNPP_NRT<br>Fecha UTC: 2026-08-30T02:19:00Z<br>Confianza: nominal<br>FRP: 3.14 MW"
      }
    },
    {
      "type": "Feature",
      "geometry": {
        "type": "Point",
        "coordinates": [3.2308, 32.9458]
      },
      "properties": {
        "bright_ti4": 343.69,
        "scan": 0.52,
        "track": 0.5,
        "acq_date": "2026-08-30",
        "acq_time": "0219",
        "satellite": "N",
        "instrument": "VIIRS",
        "confidence": "n",
        "version": "2.0NRT",
        "bright_ti5": 297.84,
        "frp": 25.17,
        "daynight": "N",
        "source_dataset": "VIIRS_SNPP_NRT",
        "acq_datetime_utc": "2026-08-30T02:19:00Z",
        "age_hours": 30.5,
        "confidence_label": "nominal",
        "popup_label": "<strong>NASA FIRMS<\/strong><br>Sensor: VIIRS_SNPP_NRT<br>Fecha UTC: 2026-08-30T02:19:00Z<br>Confianza: nominal<br>FRP: 25.17 MW"
      }
    },
    {
      "type": "Feature",
      "geometry": {
        "type": "Point",
        "coordinates": [3.2253, 32.9471]
      },
      "properties": {
        "bright_ti4": 324.45,
        "scan": 0.52,
        "track": 0.5,
        "acq_date": "2026-08-30",
        "acq_time": "0219",
        "satellite": "N",
        "instrument": "VIIRS",
        "confidence": "n",
        "version": "2.0NRT",
        "bright_ti5": 295.25,
        "frp": 9.28,
        "daynight": "N",
        "source_dataset": "VIIRS_SNPP_NRT",
        "acq_datetime_utc": "2026-08-30T02:19:00Z",
        "age_hours": 30.5,
        "confidence_label": "nominal",
        "popup_label": "<strong>NASA FIRMS<\/strong><br>Sensor: VIIRS_SNPP_NRT<br>Fecha UTC: 2026-08-30T02:19:00Z<br>Confianza: nominal<br>FRP: 9.28 MW"
      }
    },
    {
      "type": "Feature",
      "geometry": {
        "type": "Point",
        "coordinates": [3.2199, 32.9484]
      },
      "properties": {
        "bright_ti4": 306.38,
        "scan": 0.52,
        "track": 0.5,
        "acq_date": "2026-08-30",
        "acq_time": "0219",
        "satellite": "N",
        "instrument": "VIIRS",
        "confidence": "n",
        "version": "2.0NRT",
        "bright_ti5": 294.26,
        "frp": 9.28,
        "daynight": "N",
        "source_dataset": "VIIRS_SNPP_NRT",
        "acq_datetime_utc": "2026-08-30T02:19:00Z",
        "age_hours": 30.5,
        "confidence_label": "nominal",
        "popup_label": "<strong>NASA FIRMS<\/strong><br>Sensor: VIIRS_SNPP_NRT<br>Fecha UTC: 2026-08-30T02:19:00Z<br>Confianza: nominal<br>FRP: 9.28 MW"
      }
    },
    {
      "type": "Feature",
      "geometry": {
        "type": "Point",
        "coordinates": [3.2322, 32.9503]
      },
      "properties": {
        "bright_ti4": 341.61,
        "scan": 0.52,
        "track": 0.5,
        "acq_date": "2026-08-30",
        "acq_time": "0219",
        "satellite": "N",
        "instrument": "VIIRS",
        "confidence": "n",
        "version": "2.0NRT",
        "bright_ti5": 304.81,
        "frp": 25.17,
        "daynight": "N",
        "source_dataset": "VIIRS_SNPP_NRT",
        "acq_datetime_utc": "2026-08-30T02:19:00Z",
        "age_hours": 30.5,
        "confidence_label": "nominal",
        "popup_label": "<strong>NASA FIRMS<\/strong><br>Sensor: VIIRS_SNPP_NRT<br>Fecha UTC: 2026-08-30T02:19:00Z<br>Confianza: nominal<br>FRP: 25.17 MW"
      }
    },
    {
      "type": "Feature",
      "geometry": {
        "type": "Point",
        "coordinates": [3.2267, 32.9516]
      },
      "properties": {
        "bright_ti4": 327.43,
        "scan": 0.52,
        "track": 0.5,
        "acq_date": "2026-08-30",
        "acq_time": "0219",
        "satellite": "N",
        "instrument": "VIIRS",
        "confidence": "n",
        "version": "2.0NRT",
        "bright_ti5": 297.47,
        "frp": 9.28,
        "daynight": "N",
        "source_dataset": "VIIRS_SNPP_NRT",
        "acq_datetime_utc": "2026-08-30T02:19:00Z",
        "age_hours": 30.5,
        "confidence_label": "nominal",
        "popup_label": "<strong>NASA FIRMS<\/strong><br>Sensor: VIIRS_SNPP_NRT<br>Fecha UTC: 2026-08-30T02:19:00Z<br>Confianza: nominal<br>FRP: 9.28 MW"
      }
    },
    {
      "type": "Feature",
      "geometry": {
        "type": "Point",
        "coordinates": [-7.1493, 32.9878]
      },
      "properties": {
        "bright_ti4": 304.17,
        "scan": 0.41,
        "track": 0.37,
        "acq_date": "2026-08-30",
        "acq_time": "0219",
        "satellite": "N",
        "instrument": "VIIRS",
        "confidence": "n",
        "version": "2.0NRT",
        "bright_ti5": 291.09,
        "frp": 0.59,
        "daynight": "N",
        "source_dataset": "VIIRS_SNPP_NRT",
        "acq_datetime_utc": "2026-08-30T02:19:00Z",
        "age_hours": 30.5,
        "confidence_label": "nominal",
        "popup_label": "<strong>NASA FIRMS<\/strong><br>Sensor: VIIRS_SNPP_NRT<br>Fecha UTC: 2026-08-30T02:19:00Z<br>Confianza: nominal<br>FRP: 0.59 MW"
      }
    },
    {
      "type": "Feature",
      "geometry": {
        "type": "Point",
        "coordinates": [3.3921, 33.077]
      },
      "properties": {
        "bright_ti4": 334.94,
        "scan": 0.53,
        "track": 0.5,
        "acq_date": "2026-08-30",
        "acq_time": "0219",
        "satellite": "N",
        "instrument": "VIIRS",
        "confidence": "n",
        "version": "2.0NRT",
        "bright_ti5": 294.89,
        "frp": 3.78,
        "daynight": "N",
        "source_dataset": "VIIRS_SNPP_NRT",
        "acq_datetime_utc": "2026-08-30T02:19:00Z",
        "age_hours": 30.5,
        "confidence_label": "nominal",
        "popup_label": "<strong>NASA FIRMS<\/strong><br>Sensor: VIIRS_SNPP_NRT<br>Fecha UTC: 2026-08-30T02:19:00Z<br>Confianza: nominal<br>FRP: 3.78 MW"
      }
    },
    {
      "type": "Feature",
      "geometry": {
        "type": "Point",
        "coordinates": [3.3208, 33.1268]
      },
      "properties": {
        "bright_ti4": 318.22,
        "scan": 0.52,
        "track": 0.5,
        "acq_date": "2026-08-30",
        "acq_time": "0219",
        "satellite": "N",
        "instrument": "VIIRS",
        "confidence": "n",
        "version": "2.0NRT",
        "bright_ti5": 294.76,
        "frp": 3.64,
        "daynight": "N",
        "source_dataset": "VIIRS_SNPP_NRT",
        "acq_datetime_utc": "2026-08-30T02:19:00Z",
        "age_hours": 30.5,
        "confidence_label": "nominal",
        "popup_label": "<strong>NASA FIRMS<\/strong><br>Sensor: VIIRS_SNPP_NRT<br>Fecha UTC: 2026-08-30T02:19:00Z<br>Confianza: nominal<br>FRP: 3.64 MW"
      }
    },
    {
      "type": "Feature",
      "geometry": {
        "type": "Point",
        "coordinates": [3.3197, 33.1272]
      },
      "properties": {
        "bright_ti4": 318.74,
        "scan": 0.52,
        "track": 0.5,
        "acq_date": "2026-08-30",
        "acq_time": "0219",
        "satellite": "N",
        "instrument": "VIIRS",
        "confidence": "n",
        "version": "2.0NRT",
        "bright_ti5": 294.43,
        "frp": 3.07,
        "daynight": "N",
        "source_dataset": "VIIRS_SNPP_NRT",
        "acq_datetime_utc": "2026-08-30T02:19:00Z",
        "age_hours": 30.5,
        "confidence_label": "nominal",
        "popup_label": "<strong>NASA FIRMS<\/strong><br>Sensor: VIIRS_SNPP_NRT<br>Fecha UTC: 2026-08-30T02:19:00Z<br>Confianza: nominal<br>FRP: 3.07 MW"
      }
    },
    {
      "type": "Feature",
      "geometry": {
        "type": "Point",
        "coordinates": [3.3668, 33.1403]
      },
      "properties": {
        "bright_ti4": 309.5,
        "scan": 0.53,
        "track": 0.5,
        "acq_date": "2026-08-30",
        "acq_time": "0219",
        "satellite": "N",
        "instrument": "VIIRS",
        "confidence": "n",
        "version": "2.0NRT",
        "bright_ti5": 294.3,
        "frp": 2.29,
        "daynight": "N",
        "source_dataset": "VIIRS_SNPP_NRT",
        "acq_datetime_utc": "2026-08-30T02:19:00Z",
        "age_hours": 30.5,
        "confidence_label": "nominal",
        "popup_label": "<strong>NASA FIRMS<\/strong><br>Sensor: VIIRS_SNPP_NRT<br>Fecha UTC: 2026-08-30T02:19:00Z<br>Confianza: nominal<br>FRP: 2.29 MW"
      }
    },
    {
      "type": "Feature",
      "geometry": {
        "type": "Point",
        "coordinates": [2.0272, 34.2212]
      },
      "properties": {
        "bright_ti4": 338.19,
        "scan": 0.42,
        "track": 0.45,
        "acq_date": "2026-08-30",
        "acq_time": "0219",
        "satellite": "N",
        "instrument": "VIIRS",
        "confidence": "n",
        "version": "2.0NRT",
        "bright_ti5": 294.11,
        "frp": 6.1,
        "daynight": "N",
        "source_dataset": "VIIRS_SNPP_NRT",
        "acq_datetime_utc": "2026-08-30T02:19:00Z",
        "age_hours": 30.5,
        "confidence_label": "nominal",
        "popup_label": "<strong>NASA FIRMS<\/strong><br>Sensor: VIIRS_SNPP_NRT<br>Fecha UTC: 2026-08-30T02:19:00Z<br>Confianza: nominal<br>FRP: 6.1 MW"
      }
    },
    {
      "type": "Feature",
      "geometry": {
        "type": "Point",
        "coordinates": [2.0227, 34.2222]
      },
      "properties": {
        "bright_ti4": 334.02,
        "scan": 0.42,
        "track": 0.45,
        "acq_date": "2026-08-30",
        "acq_time": "0219",
        "satellite": "N",
        "instrument": "VIIRS",
        "confidence": "n",
        "version": "2.0NRT",
        "bright_ti5": 293.38,
        "frp": 6.1,
        "daynight": "N",
        "source_dataset": "VIIRS_SNPP_NRT",
        "acq_datetime_utc": "2026-08-30T02:19:00Z",
        "age_hours": 30.5,
        "confidence_label": "nominal",
        "popup_label": "<strong>NASA FIRMS<\/strong><br>Sensor: VIIRS_SNPP_NRT<br>Fecha UTC: 2026-08-30T02:19:00Z<br>Confianza: nominal<br>FRP: 6.1 MW"
      }
    },
    {
      "type": "Feature",
      "geometry": {
        "type": "Point",
        "coordinates": [-6.5709, 34.2794]
      },
      "properties": {
        "bright_ti4": 310.73,
        "scan": 0.4,
        "track": 0.37,
        "acq_date": "2026-08-30",
        "acq_time": "0219",
        "satellite": "N",
        "instrument": "VIIRS",
        "confidence": "n",
        "version": "2.0NRT",
        "bright_ti5": 292.14,
        "frp": 1.64,
        "daynight": "N",
        "source_dataset": "VIIRS_SNPP_NRT",
        "acq_datetime_utc": "2026-08-30T02:19:00Z",
        "age_hours": 30.5,
        "confidence_label": "nominal",
        "popup_label": "<strong>NASA FIRMS<\/strong><br>Sensor: VIIRS_SNPP_NRT<br>Fecha UTC: 2026-08-30T02:19:00Z<br>Confianza: nominal<br>FRP: 1.64 MW"
      }
    },
    {
      "type": "Feature",
      "geometry": {
        "type": "Point",
        "coordinates": [-2.3463, 34.5955]
      },
      "properties": {
        "bright_ti4": 310.63,
        "scan": 0.41,
        "track": 0.37,
        "acq_date": "2026-08-30",
        "acq_time": "0219",
        "satellite": "N",
        "instrument": "VIIRS",
        "confidence": "n",
        "version": "2.0NRT",
        "bright_ti5": 292.78,
        "frp": 1.6,
        "daynight": "N",
        "source_dataset": "VIIRS_SNPP_NRT",
        "acq_datetime_utc": "2026-08-30T02:19:00Z",
        "age_hours": 30.5,
        "confidence_label": "nominal",
        "popup_label": "<strong>NASA FIRMS<\/strong><br>Sensor: VIIRS_SNPP_NRT<br>Fecha UTC: 2026-08-30T02:19:00Z<br>Confianza: nominal<br>FRP: 1.6 MW"
      }
    },
    {
      "type": "Feature",
      "geometry": {
        "type": "Point",
        "coordinates": [-1.3427, 35.312]
      },
      "properties": {
        "bright_ti4": 303.45,
        "scan": 0.43,
        "track": 0.38,
        "acq_date": "2026-08-30",
        "acq_time": "0219",
        "satellite": "N",
        "instrument": "VIIRS",
        "confidence": "n",
        "version": "2.0NRT",
        "bright_ti5": 292.7,
        "frp": 0.76,
        "daynight": "N",
        "source_dataset": "VIIRS_SNPP_NRT",
        "acq_datetime_utc": "2026-08-30T02:19:00Z",
        "age_hours": 30.5,
        "confidence_label": "nominal",
        "popup_label": "<strong>NASA FIRMS<\/strong><br>Sensor: VIIRS_SNPP_NRT<br>Fecha UTC: 2026-08-30T02:19:00Z<br>Confianza: nominal<br>FRP: 0.76 MW"
      }
    },
    {
      "type": "Feature",
      "geometry": {
        "type": "Point",
        "coordinates": [-0.2763, 35.5289]
      },
      "properties": {
        "bright_ti4": 303.85,
        "scan": 0.47,
        "track": 0.4,
        "acq_date": "2026-08-30",
        "acq_time": "0219",
        "satellite": "N",
        "instrument": "VIIRS",
        "confidence": "n",
        "version": "2.0NRT",
        "bright_ti5": 292.07,
        "frp": 0.93,
        "daynight": "N",
        "source_dataset": "VIIRS_SNPP_NRT",
        "acq_datetime_utc": "2026-08-30T02:19:00Z",
        "age_hours": 30.5,
        "confidence_label": "nominal",
        "popup_label": "<strong>NASA FIRMS<\/strong><br>Sensor: VIIRS_SNPP_NRT<br>Fecha UTC: 2026-08-30T02:19:00Z<br>Confianza: nominal<br>FRP: 0.93 MW"
      }
    },
    {
      "type": "Feature",
      "geometry": {
        "type": "Point",
        "coordinates": [-0.2791, 35.5292]
      },
      "properties": {
        "bright_ti4": 304.15,
        "scan": 0.47,
        "track": 0.4,
        "acq_date": "2026-08-30",
        "acq_time": "0219",
        "satellite": "N",
        "instrument": "VIIRS",
        "confidence": "n",
        "version": "2.0NRT",
        "bright_ti5": 292.08,
        "frp": 0.8,
        "daynight": "N",
        "source_dataset": "VIIRS_SNPP_NRT",
        "acq_datetime_utc": "2026-08-30T02:19:00Z",
        "age_hours": 30.5,
        "confidence_label": "nominal",
        "popup_label": "<strong>NASA FIRMS<\/strong><br>Sensor: VIIRS_SNPP_NRT<br>Fecha UTC: 2026-08-30T02:19:00Z<br>Confianza: nominal<br>FRP: 0.8 MW"
      }
    },
    {
      "type": "Feature",
      "geometry": {
        "type": "Point",
        "coordinates": [-0.273, 35.5318]
      },
      "properties": {
        "bright_ti4": 306.96,
        "scan": 0.47,
        "track": 0.4,
        "acq_date": "2026-08-30",
        "acq_time": "0219",
        "satellite": "N",
        "instrument": "VIIRS",
        "confidence": "n",
        "version": "2.0NRT",
        "bright_ti5": 292.4,
        "frp": 1.28,
        "daynight": "N",
        "source_dataset": "VIIRS_SNPP_NRT",
        "acq_datetime_utc": "2026-08-30T02:19:00Z",
        "age_hours": 30.5,
        "confidence_label": "nominal",
        "popup_label": "<strong>NASA FIRMS<\/strong><br>Sensor: VIIRS_SNPP_NRT<br>Fecha UTC: 2026-08-30T02:19:00Z<br>Confianza: nominal<br>FRP: 1.28 MW"
      }
    },
    {
      "type": "Feature",
      "geometry": {
        "type": "Point",
        "coordinates": [-0.2751, 35.5325]
      },
      "properties": {
        "bright_ti4": 309.57,
        "scan": 0.47,
        "track": 0.4,
        "acq_date": "2026-08-30",
        "acq_time": "0219",
        "satellite": "N",
        "instrument": "VIIRS",
        "confidence": "n",
        "version": "2.0NRT",
        "bright_ti5": 293.17,
        "frp": 0.93,
        "daynight": "N",
        "source_dataset": "VIIRS_SNPP_NRT",
        "acq_datetime_utc": "2026-08-30T02:19:00Z",
        "age_hours": 30.5,
        "confidence_label": "nominal",
        "popup_label": "<strong>NASA FIRMS<\/strong><br>Sensor: VIIRS_SNPP_NRT<br>Fecha UTC: 2026-08-30T02:19:00Z<br>Confianza: nominal<br>FRP: 0.93 MW"
      }
    },
    {
      "type": "Feature",
      "geometry": {
        "type": "Point",
        "coordinates": [0.539, 35.7823]
      },
      "properties": {
        "bright_ti4": 306.88,
        "scan": 0.5,
        "track": 0.41,
        "acq_date": "2026-08-30",
        "acq_time": "0219",
        "satellite": "N",
        "instrument": "VIIRS",
        "confidence": "n",
        "version": "2.0NRT",
        "bright_ti5": 293.65,
        "frp": 1.01,
        "daynight": "N",
        "source_dataset": "VIIRS_SNPP_NRT",
        "acq_datetime_utc": "2026-08-30T02:19:00Z",
        "age_hours": 30.5,
        "confidence_label": "nominal",
        "popup_label": "<strong>NASA FIRMS<\/strong><br>Sensor: VIIRS_SNPP_NRT<br>Fecha UTC: 2026-08-30T02:19:00Z<br>Confianza: nominal<br>FRP: 1.01 MW"
      }
    },
    {
      "type": "Feature",
      "geometry": {
        "type": "Point",
        "coordinates": [-0.2431, 35.8059]
      },
      "properties": {
        "bright_ti4": 306.14,
        "scan": 0.47,
        "track": 0.4,
        "acq_date": "2026-08-30",
        "acq_time": "0219",
        "satellite": "N",
        "instrument": "VIIRS",
        "confidence": "n",
        "version": "2.0NRT",
        "bright_ti5": 293.87,
        "frp": 1.71,
        "daynight": "N",
        "source_dataset": "VIIRS_SNPP_NRT",
        "acq_datetime_utc": "2026-08-30T02:19:00Z",
        "age_hours": 30.5,
        "confidence_label": "nominal",
        "popup_label": "<strong>NASA FIRMS<\/strong><br>Sensor: VIIRS_SNPP_NRT<br>Fecha UTC: 2026-08-30T02:19:00Z<br>Confianza: nominal<br>FRP: 1.71 MW"
      }
    },
    {
      "type": "Feature",
      "geometry": {
        "type": "Point",
        "coordinates": [-0.3451, 35.8067]
      },
      "properties": {
        "bright_ti4": 303.83,
        "scan": 0.46,
        "track": 0.39,
        "acq_date": "2026-08-30",
        "acq_time": "0219",
        "satellite": "N",
        "instrument": "VIIRS",
        "confidence": "n",
        "version": "2.0NRT",
        "bright_ti5": 293.75,
        "frp": 1.19,
        "daynight": "N",
        "source_dataset": "VIIRS_SNPP_NRT",
        "acq_datetime_utc": "2026-08-30T02:19:00Z",
        "age_hours": 30.5,
        "confidence_label": "nominal",
        "popup_label": "<strong>NASA FIRMS<\/strong><br>Sensor: VIIRS_SNPP_NRT<br>Fecha UTC: 2026-08-30T02:19:00Z<br>Confianza: nominal<br>FRP: 1.19 MW"
      }
    },
    {
      "type": "Feature",
      "geometry": {
        "type": "Point",
        "coordinates": [-0.2584, 35.8089]
      },
      "properties": {
        "bright_ti4": 323.74,
        "scan": 0.47,
        "track": 0.39,
        "acq_date": "2026-08-30",
        "acq_time": "0219",
        "satellite": "N",
        "instrument": "VIIRS",
        "confidence": "n",
        "version": "2.0NRT",
        "bright_ti5": 294.46,
        "frp": 2.65,
        "daynight": "N",
        "source_dataset": "VIIRS_SNPP_NRT",
        "acq_datetime_utc": "2026-08-30T02:19:00Z",
        "age_hours": 30.5,
        "confidence_label": "nominal",
        "popup_label": "<strong>NASA FIRMS<\/strong><br>Sensor: VIIRS_SNPP_NRT<br>Fecha UTC: 2026-08-30T02:19:00Z<br>Confianza: nominal<br>FRP: 2.65 MW"
      }
    },
    {
      "type": "Feature",
      "geometry": {
        "type": "Point",
        "coordinates": [-0.2675, 35.8144]
      },
      "properties": {
        "bright_ti4": 306.2,
        "scan": 0.47,
        "track": 0.39,
        "acq_date": "2026-08-30",
        "acq_time": "0219",
        "satellite": "N",
        "instrument": "VIIRS",
        "confidence": "n",
        "version": "2.0NRT",
        "bright_ti5": 293.84,
        "frp": 1.08,
        "daynight": "N",
        "source_dataset": "VIIRS_SNPP_NRT",
        "acq_datetime_utc": "2026-08-30T02:19:00Z",
        "age_hours": 30.5,
        "confidence_label": "nominal",
        "popup_label": "<strong>NASA FIRMS<\/strong><br>Sensor: VIIRS_SNPP_NRT<br>Fecha UTC: 2026-08-30T02:19:00Z<br>Confianza: nominal<br>FRP: 1.08 MW"
      }
    },
    {
      "type": "Feature",
      "geometry": {
        "type": "Point",
        "coordinates": [-5.4233, 36.1764]
      },
      "properties": {
        "bright_ti4": 316.17,
        "scan": 0.39,
        "track": 0.36,
        "acq_date": "2026-08-30",
        "acq_time": "0219",
        "satellite": "N",
        "instrument": "VIIRS",
        "confidence": "n",
        "version": "2.0NRT",
        "bright_ti5": 290.06,
        "frp": 0.93,
        "daynight": "N",
        "source_dataset": "VIIRS_SNPP_NRT",
        "acq_datetime_utc": "2026-08-30T02:19:00Z",
        "age_hours": 30.5,
        "confidence_label": "nominal",
        "popup_label": "<strong>NASA FIRMS<\/strong><br>Sensor: VIIRS_SNPP_NRT<br>Fecha UTC: 2026-08-30T02:19:00Z<br>Confianza: nominal<br>FRP: 0.93 MW"
      }
    },
    {
      "type": "Feature",
      "geometry": {
        "type": "Point",
        "coordinates": [-5.4225, 36.1797]
      },
      "properties": {
        "bright_ti4": 304.48,
        "scan": 0.39,
        "track": 0.36,
        "acq_date": "2026-08-30",
        "acq_time": "0219",
        "satellite": "N",
        "instrument": "VIIRS",
        "confidence": "n",
        "version": "2.0NRT",
        "bright_ti5": 293.03,
        "frp": 0.93,
        "daynight": "N",
        "source_dataset": "VIIRS_SNPP_NRT",
        "acq_datetime_utc": "2026-08-30T02:19:00Z",
        "age_hours": 30.5,
        "confidence_label": "nominal",
        "popup_label": "<strong>NASA FIRMS<\/strong><br>Sensor: VIIRS_SNPP_NRT<br>Fecha UTC: 2026-08-30T02:19:00Z<br>Confianza: nominal<br>FRP: 0.93 MW"
      }
    },
    {
      "type": "Feature",
      "geometry": {
        "type": "Point",
        "coordinates": [-4.6986, 36.6428]
      },
      "properties": {
        "bright_ti4": 317.52,
        "scan": 0.39,
        "track": 0.36,
        "acq_date": "2026-08-30",
        "acq_time": "0219",
        "satellite": "N",
        "instrument": "VIIRS",
        "confidence": "n",
        "version": "2.0NRT",
        "bright_ti5": 291.25,
        "frp": 1.35,
        "daynight": "N",
        "source_dataset": "VIIRS_SNPP_NRT",
        "acq_datetime_utc": "2026-08-30T02:19:00Z",
        "age_hours": 30.5,
        "confidence_label": "nominal",
        "popup_label": "<strong>NASA FIRMS<\/strong><br>Sensor: VIIRS_SNPP_NRT<br>Fecha UTC: 2026-08-30T02:19:00Z<br>Confianza: nominal<br>FRP: 1.35 MW"
      }
    },
    {
      "type": "Feature",
      "geometry": {
        "type": "Point",
        "coordinates": [4.4473, 35.8805]
      },
      "properties": {
        "bright_ti4": 314.04,
        "scan": 0.52,
        "track": 0.5,
        "acq_date": "2026-08-30",
        "acq_time": "0217",
        "satellite": "N",
        "instrument": "VIIRS",
        "confidence": "n",
        "version": "2.0NRT",
        "bright_ti5": 296.92,
        "frp": 3.21,
        "daynight": "N",
        "source_dataset": "VIIRS_SNPP_NRT",
        "acq_datetime_utc": "2026-08-30T02:17:00Z",
        "age_hours": 30.5,
        "confidence_label": "nominal",
        "popup_label": "<strong>NASA FIRMS<\/strong><br>Sensor: VIIRS_SNPP_NRT<br>Fecha UTC: 2026-08-30T02:17:00Z<br>Confianza: nominal<br>FRP: 3.21 MW"
      }
    },
    {
      "type": "Feature",
      "geometry": {
        "type": "Point",
        "coordinates": [0.1254, 36.018]
      },
      "properties": {
        "bright_ti4": 312.75,
        "scan": 0.48,
        "track": 0.4,
        "acq_date": "2026-08-30",
        "acq_time": "0217",
        "satellite": "N",
        "instrument": "VIIRS",
        "confidence": "n",
        "version": "2.0NRT",
        "bright_ti5": 293.02,
        "frp": 1.78,
        "daynight": "N",
        "source_dataset": "VIIRS_SNPP_NRT",
        "acq_datetime_utc": "2026-08-30T02:17:00Z",
        "age_hours": 30.5,
        "confidence_label": "nominal",
        "popup_label": "<strong>NASA FIRMS<\/strong><br>Sensor: VIIRS_SNPP_NRT<br>Fecha UTC: 2026-08-30T02:17:00Z<br>Confianza: nominal<br>FRP: 1.78 MW"
      }
    },
    {
      "type": "Feature",
      "geometry": {
        "type": "Point",
        "coordinates": [2.9282, 36.1392]
      },
      "properties": {
        "bright_ti4": 308.44,
        "scan": 0.43,
        "track": 0.46,
        "acq_date": "2026-08-30",
        "acq_time": "0217",
        "satellite": "N",
        "instrument": "VIIRS",
        "confidence": "n",
        "version": "2.0NRT",
        "bright_ti5": 290.71,
        "frp": 0.95,
        "daynight": "N",
        "source_dataset": "VIIRS_SNPP_NRT",
        "acq_datetime_utc": "2026-08-30T02:17:00Z",
        "age_hours": 30.5,
        "confidence_label": "nominal",
        "popup_label": "<strong>NASA FIRMS<\/strong><br>Sensor: VIIRS_SNPP_NRT<br>Fecha UTC: 2026-08-30T02:17:00Z<br>Confianza: nominal<br>FRP: 0.95 MW"
      }
    },
    {
      "type": "Feature",
      "geometry": {
        "type": "Point",
        "coordinates": [2.7498, 36.4747]
      },
      "properties": {
        "bright_ti4": 304.01,
        "scan": 0.41,
        "track": 0.45,
        "acq_date": "2026-08-30",
        "acq_time": "0217",
        "satellite": "N",
        "instrument": "VIIRS",
        "confidence": "n",
        "version": "2.0NRT",
        "bright_ti5": 291.05,
        "frp": 0.58,
        "daynight": "N",
        "source_dataset": "VIIRS_SNPP_NRT",
        "acq_datetime_utc": "2026-08-30T02:17:00Z",
        "age_hours": 30.5,
        "confidence_label": "nominal",
        "popup_label": "<strong>NASA FIRMS<\/strong><br>Sensor: VIIRS_SNPP_NRT<br>Fecha UTC: 2026-08-30T02:17:00Z<br>Confianza: nominal<br>FRP: 0.58 MW"
      }
    },
    {
      "type": "Feature",
      "geometry": {
        "type": "Point",
        "coordinates": [3.1379, 36.5967]
      },
      "properties": {
        "bright_ti4": 308.39,
        "scan": 0.43,
        "track": 0.46,
        "acq_date": "2026-08-30",
        "acq_time": "0217",
        "satellite": "N",
        "instrument": "VIIRS",
        "confidence": "n",
        "version": "2.0NRT",
        "bright_ti5": 292.25,
        "frp": 1.47,
        "daynight": "N",
        "source_dataset": "VIIRS_SNPP_NRT",
        "acq_datetime_utc": "2026-08-30T02:17:00Z",
        "age_hours": 30.5,
        "confidence_label": "nominal",
        "popup_label": "<strong>NASA FIRMS<\/strong><br>Sensor: VIIRS_SNPP_NRT<br>Fecha UTC: 2026-08-30T02:17:00Z<br>Confianza: nominal<br>FRP: 1.47 MW"
      }
    },
    {
      "type": "Feature",
      "geometry": {
        "type": "Point",
        "coordinates": [2.8769, 36.5968]
      },
      "properties": {
        "bright_ti4": 318.6,
        "scan": 0.42,
        "track": 0.45,
        "acq_date": "2026-08-30",
        "acq_time": "0217",
        "satellite": "N",
        "instrument": "VIIRS",
        "confidence": "n",
        "version": "2.0NRT",
        "bright_ti5": 292.16,
        "frp": 2.24,
        "daynight": "N",
        "source_dataset": "VIIRS_SNPP_NRT",
        "acq_datetime_utc": "2026-08-30T02:17:00Z",
        "age_hours": 30.5,
        "confidence_label": "nominal",
        "popup_label": "<strong>NASA FIRMS<\/strong><br>Sensor: VIIRS_SNPP_NRT<br>Fecha UTC: 2026-08-30T02:17:00Z<br>Confianza: nominal<br>FRP: 2.24 MW"
      }
    },
    {
      "type": "Feature",
      "geometry": {
        "type": "Point",
        "coordinates": [3.2306, 36.6293]
      },
      "properties": {
        "bright_ti4": 307.49,
        "scan": 0.43,
        "track": 0.46,
        "acq_date": "2026-08-30",
        "acq_time": "0217",
        "satellite": "N",
        "instrument": "VIIRS",
        "confidence": "n",
        "version": "2.0NRT",
        "bright_ti5": 292.62,
        "frp": 0.83,
        "daynight": "N",
        "source_dataset": "VIIRS_SNPP_NRT",
        "acq_datetime_utc": "2026-08-30T02:17:00Z",
        "age_hours": 30.5,
        "confidence_label": "nominal",
        "popup_label": "<strong>NASA FIRMS<\/strong><br>Sensor: VIIRS_SNPP_NRT<br>Fecha UTC: 2026-08-30T02:17:00Z<br>Confianza: nominal<br>FRP: 0.83 MW"
      }
    },
    {
      "type": "Feature",
      "geometry": {
        "type": "Point",
        "coordinates": [-4.3324, 36.7153]
      },
      "properties": {
        "bright_ti4": 307.86,
        "scan": 0.38,
        "track": 0.36,
        "acq_date": "2026-08-30",
        "acq_time": "0217",
        "satellite": "N",
        "instrument": "VIIRS",
        "confidence": "n",
        "version": "2.0NRT",
        "bright_ti5": 293.16,
        "frp": 0.76,
        "daynight": "N",
        "source_dataset": "VIIRS_SNPP_NRT",
        "acq_datetime_utc": "2026-08-30T02:17:00Z",
        "age_hours": 30.5,
        "confidence_label": "nominal",
        "popup_label": "<strong>NASA FIRMS<\/strong><br>Sensor: VIIRS_SNPP_NRT<br>Fecha UTC: 2026-08-30T02:17:00Z<br>Confianza: nominal<br>FRP: 0.76 MW"
      }
    },
    {
      "type": "Feature",
      "geometry": {
        "type": "Point",
        "coordinates": [-1.9033, 36.9667]
      },
      "properties": {
        "bright_ti4": 318.59,
        "scan": 0.4,
        "track": 0.37,
        "acq_date": "2026-08-30",
        "acq_time": "0217",
        "satellite": "N",
        "instrument": "VIIRS",
        "confidence": "n",
        "version": "2.0NRT",
        "bright_ti5": 294.59,
        "frp": 1.73,
        "daynight": "N",
        "source_dataset": "VIIRS_SNPP_NRT",
        "acq_datetime_utc": "2026-08-30T02:17:00Z",
        "age_hours": 30.5,
        "confidence_label": "nominal",
        "popup_label": "<strong>NASA FIRMS<\/strong><br>Sensor: VIIRS_SNPP_NRT<br>Fecha UTC: 2026-08-30T02:17:00Z<br>Confianza: nominal<br>FRP: 1.73 MW"
      }
    },
    {
      "type": "Feature",
      "geometry": {
        "type": "Point",
        "coordinates": [-7.1497, 37.4435]
      },
      "properties": {
        "bright_ti4": 313.84,
        "scan": 0.44,
        "track": 0.38,
        "acq_date": "2026-08-30",
        "acq_time": "0217",
        "satellite": "N",
        "instrument": "VIIRS",
        "confidence": "n",
        "version": "2.0NRT",
        "bright_ti5": 292.25,
        "frp": 1.06,
        "daynight": "N",
        "source_dataset": "VIIRS_SNPP_NRT",
        "acq_datetime_utc": "2026-08-30T02:17:00Z",
        "age_hours": 30.5,
        "confidence_label": "nominal",
        "popup_label": "<strong>NASA FIRMS<\/strong><br>Sensor: VIIRS_SNPP_NRT<br>Fecha UTC: 2026-08-30T02:17:00Z<br>Confianza: nominal<br>FRP: 1.06 MW"
      }
    },
    {
      "type": "Feature",
      "geometry": {
        "type": "Point",
        "coordinates": [-7.1546, 37.4442]
      },
      "properties": {
        "bright_ti4": 304.58,
        "scan": 0.44,
        "track": 0.38,
        "acq_date": "2026-08-30",
        "acq_time": "0217",
        "satellite": "N",
        "instrument": "VIIRS",
        "confidence": "n",
        "version": "2.0NRT",
        "bright_ti5": 292.04,
        "frp": 1.31,
        "daynight": "N",
        "source_dataset": "VIIRS_SNPP_NRT",
        "acq_datetime_utc": "2026-08-30T02:17:00Z",
        "age_hours": 30.5,
        "confidence_label": "nominal",
        "popup_label": "<strong>NASA FIRMS<\/strong><br>Sensor: VIIRS_SNPP_NRT<br>Fecha UTC: 2026-08-30T02:17:00Z<br>Confianza: nominal<br>FRP: 1.31 MW"
      }
    },
    {
      "type": "Feature",
      "geometry": {
        "type": "Point",
        "coordinates": [-0.9174, 37.5701]
      },
      "properties": {
        "bright_ti4": 311.76,
        "scan": 0.42,
        "track": 0.38,
        "acq_date": "2026-08-30",
        "acq_time": "0217",
        "satellite": "N",
        "instrument": "VIIRS",
        "confidence": "n",
        "version": "2.0NRT",
        "bright_ti5": 294.32,
        "frp": 2.13,
        "daynight": "N",
        "source_dataset": "VIIRS_SNPP_NRT",
        "acq_datetime_utc": "2026-08-30T02:17:00Z",
        "age_hours": 30.5,
        "confidence_label": "nominal",
        "popup_label": "<strong>NASA FIRMS<\/strong><br>Sensor: VIIRS_SNPP_NRT<br>Fecha UTC: 2026-08-30T02:17:00Z<br>Confianza: nominal<br>FRP: 2.13 MW"
      }
    },
    {
      "type": "Feature",
      "geometry": {
        "type": "Point",
        "coordinates": [-6.5153, 39.3592]
      },
      "properties": {
        "bright_ti4": 306.71,
        "scan": 0.44,
        "track": 0.38,
        "acq_date": "2026-08-30",
        "acq_time": "0217",
        "satellite": "N",
        "instrument": "VIIRS",
        "confidence": "n",
        "version": "2.0NRT",
        "bright_ti5": 290.76,
        "frp": 0.63,
        "daynight": "N",
        "source_dataset": "VIIRS_SNPP_NRT",
        "acq_datetime_utc": "2026-08-30T02:17:00Z",
        "age_hours": 30.5,
        "confidence_label": "nominal",
        "popup_label": "<strong>NASA FIRMS<\/strong><br>Sensor: VIIRS_SNPP_NRT<br>Fecha UTC: 2026-08-30T02:17:00Z<br>Confianza: nominal<br>FRP: 0.63 MW"
      }
    },
    {
      "type": "Feature",
      "geometry": {
        "type": "Point",
        "coordinates": [-3.902, 40.0096]
      },
      "properties": {
        "bright_ti4": 301.32,
        "scan": 0.39,
        "track": 0.36,
        "acq_date": "2026-08-30",
        "acq_time": "0217",
        "satellite": "N",
        "instrument": "VIIRS",
        "confidence": "n",
        "version": "2.0NRT",
        "bright_ti5": 290.99,
        "frp": 0.88,
        "daynight": "N",
        "source_dataset": "VIIRS_SNPP_NRT",
        "acq_datetime_utc": "2026-08-30T02:17:00Z",
        "age_hours": 30.5,
        "confidence_label": "nominal",
        "popup_label": "<strong>NASA FIRMS<\/strong><br>Sensor: VIIRS_SNPP_NRT<br>Fecha UTC: 2026-08-30T02:17:00Z<br>Confianza: nominal<br>FRP: 0.88 MW"
      }
    },
    {
      "type": "Feature",
      "geometry": {
        "type": "Point",
        "coordinates": [1.6649, 41.3132]
      },
      "properties": {
        "bright_ti4": 312.52,
        "scan": 0.46,
        "track": 0.39,
        "acq_date": "2026-08-30",
        "acq_time": "0217",
        "satellite": "N",
        "instrument": "VIIRS",
        "confidence": "n",
        "version": "2.0NRT",
        "bright_ti5": 292.6,
        "frp": 1.06,
        "daynight": "N",
        "source_dataset": "VIIRS_SNPP_NRT",
        "acq_datetime_utc": "2026-08-30T02:17:00Z",
        "age_hours": 30.5,
        "confidence_label": "nominal",
        "popup_label": "<strong>NASA FIRMS<\/strong><br>Sensor: VIIRS_SNPP_NRT<br>Fecha UTC: 2026-08-30T02:17:00Z<br>Confianza: nominal<br>FRP: 1.06 MW"
      }
    },
    {
      "type": "Feature",
      "geometry": {
        "type": "Point",
        "coordinates": [1.6609, 41.3148]
      },
      "properties": {
        "bright_ti4": 301.76,
        "scan": 0.46,
        "track": 0.39,
        "acq_date": "2026-08-30",
        "acq_time": "0217",
        "satellite": "N",
        "instrument": "VIIRS",
        "confidence": "n",
        "version": "2.0NRT",
        "bright_ti5": 291.74,
        "frp": 0.88,
        "daynight": "N",
        "source_dataset": "VIIRS_SNPP_NRT",
        "acq_datetime_utc": "2026-08-30T02:17:00Z",
        "age_hours": 30.5,
        "confidence_label": "nominal",
        "popup_label": "<strong>NASA FIRMS<\/strong><br>Sensor: VIIRS_SNPP_NRT<br>Fecha UTC: 2026-08-30T02:17:00Z<br>Confianza: nominal<br>FRP: 0.88 MW"
      }
    },
    {
      "type": "Feature",
      "geometry": {
        "type": "Point",
        "coordinates": [1.9983, 41.4077]
      },
      "properties": {
        "bright_ti4": 308.31,
        "scan": 0.47,
        "track": 0.4,
        "acq_date": "2026-08-30",
        "acq_time": "0217",
        "satellite": "N",
        "instrument": "VIIRS",
        "confidence": "n",
        "version": "2.0NRT",
        "bright_ti5": 292.66,
        "frp": 1.45,
        "daynight": "N",
        "source_dataset": "VIIRS_SNPP_NRT",
        "acq_datetime_utc": "2026-08-30T02:17:00Z",
        "age_hours": 30.5,
        "confidence_label": "nominal",
        "popup_label": "<strong>NASA FIRMS<\/strong><br>Sensor: VIIRS_SNPP_NRT<br>Fecha UTC: 2026-08-30T02:17:00Z<br>Confianza: nominal<br>FRP: 1.45 MW"
      }
    },
    {
      "type": "Feature",
      "geometry": {
        "type": "Point",
        "coordinates": [-4.4279, 41.9837]
      },
      "properties": {
        "bright_ti4": 336.6,
        "scan": 0.4,
        "track": 0.37,
        "acq_date": "2026-08-30",
        "acq_time": "0217",
        "satellite": "N",
        "instrument": "VIIRS",
        "confidence": "n",
        "version": "2.0NRT",
        "bright_ti5": 290.5,
        "frp": 10.56,
        "daynight": "N",
        "source_dataset": "VIIRS_SNPP_NRT",
        "acq_datetime_utc": "2026-08-30T02:17:00Z",
        "age_hours": 30.5,
        "confidence_label": "nominal",
        "popup_label": "<strong>NASA FIRMS<\/strong><br>Sensor: VIIRS_SNPP_NRT<br>Fecha UTC: 2026-08-30T02:17:00Z<br>Confianza: nominal<br>FRP: 10.56 MW"
      }
    },
    {
      "type": "Feature",
      "geometry": {
        "type": "Point",
        "coordinates": [-3.9739, 42.1927]
      },
      "properties": {
        "bright_ti4": 341.54,
        "scan": 0.4,
        "track": 0.37,
        "acq_date": "2026-08-30",
        "acq_time": "0217",
        "satellite": "N",
        "instrument": "VIIRS",
        "confidence": "n",
        "version": "2.0NRT",
        "bright_ti5": 290.04,
        "frp": 12.43,
        "daynight": "N",
        "source_dataset": "VIIRS_SNPP_NRT",
        "acq_datetime_utc": "2026-08-30T02:17:00Z",
        "age_hours": 30.5,
        "confidence_label": "nominal",
        "popup_label": "<strong>NASA FIRMS<\/strong><br>Sensor: VIIRS_SNPP_NRT<br>Fecha UTC: 2026-08-30T02:17:00Z<br>Confianza: nominal<br>FRP: 12.43 MW"
      }
    },
    {
      "type": "Feature",
      "geometry": {
        "type": "Point",
        "coordinates": [-1.7408, 42.8128]
      },
      "properties": {
        "bright_ti4": 298.09,
        "scan": 0.38,
        "track": 0.36,
        "acq_date": "2026-08-30",
        "acq_time": "0215",
        "satellite": "N",
        "instrument": "VIIRS",
        "confidence": "n",
        "version": "2.0NRT",
        "bright_ti5": 287.85,
        "frp": 0.52,
        "daynight": "N",
        "source_dataset": "VIIRS_SNPP_NRT",
        "acq_datetime_utc": "2026-08-30T02:15:00Z",
        "age_hours": 30.6,
        "confidence_label": "nominal",
        "popup_label": "<strong>NASA FIRMS<\/strong><br>Sensor: VIIRS_SNPP_NRT<br>Fecha UTC: 2026-08-30T02:15:00Z<br>Confianza: nominal<br>FRP: 0.52 MW"
      }
    },
    {
      "type": "Feature",
      "geometry": {
        "type": "Point",
        "coordinates": [-1.7455, 42.8135]
      },
      "properties": {
        "bright_ti4": 298.38,
        "scan": 0.38,
        "track": 0.36,
        "acq_date": "2026-08-30",
        "acq_time": "0215",
        "satellite": "N",
        "instrument": "VIIRS",
        "confidence": "n",
        "version": "2.0NRT",
        "bright_ti5": 287.85,
        "frp": 0.66,
        "daynight": "N",
        "source_dataset": "VIIRS_SNPP_NRT",
        "acq_datetime_utc": "2026-08-30T02:15:00Z",
        "age_hours": 30.6,
        "confidence_label": "nominal",
        "popup_label": "<strong>NASA FIRMS<\/strong><br>Sensor: VIIRS_SNPP_NRT<br>Fecha UTC: 2026-08-30T02:15:00Z<br>Confianza: nominal<br>FRP: 0.66 MW"
      }
    },
    {
      "type": "Feature",
      "geometry": {
        "type": "Point",
        "coordinates": [-1.7445, 42.8168]
      },
      "properties": {
        "bright_ti4": 297.72,
        "scan": 0.38,
        "track": 0.36,
        "acq_date": "2026-08-30",
        "acq_time": "0215",
        "satellite": "N",
        "instrument": "VIIRS",
        "confidence": "n",
        "version": "2.0NRT",
        "bright_ti5": 287.27,
        "frp": 0.46,
        "daynight": "N",
        "source_dataset": "VIIRS_SNPP_NRT",
        "acq_datetime_utc": "2026-08-30T02:15:00Z",
        "age_hours": 30.6,
        "confidence_label": "nominal",
        "popup_label": "<strong>NASA FIRMS<\/strong><br>Sensor: VIIRS_SNPP_NRT<br>Fecha UTC: 2026-08-30T02:15:00Z<br>Confianza: nominal<br>FRP: 0.46 MW"
      }
    },
    {
      "type": "Feature",
      "geometry": {
        "type": "Point",
        "coordinates": [3.0289, 43.0232]
      },
      "properties": {
        "bright_ti4": 302.15,
        "scan": 0.48,
        "track": 0.4,
        "acq_date": "2026-08-30",
        "acq_time": "0215",
        "satellite": "N",
        "instrument": "VIIRS",
        "confidence": "n",
        "version": "2.0NRT",
        "bright_ti5": 291.67,
        "frp": 0.7,
        "daynight": "N",
        "source_dataset": "VIIRS_SNPP_NRT",
        "acq_datetime_utc": "2026-08-30T02:15:00Z",
        "age_hours": 30.6,
        "confidence_label": "nominal",
        "popup_label": "<strong>NASA FIRMS<\/strong><br>Sensor: VIIRS_SNPP_NRT<br>Fecha UTC: 2026-08-30T02:15:00Z<br>Confianza: nominal<br>FRP: 0.7 MW"
      }
    },
    {
      "type": "Feature",
      "geometry": {
        "type": "Point",
        "coordinates": [-3.839, 43.4105]
      },
      "properties": {
        "bright_ti4": 300.67,
        "scan": 0.4,
        "track": 0.37,
        "acq_date": "2026-08-30",
        "acq_time": "0215",
        "satellite": "N",
        "instrument": "VIIRS",
        "confidence": "n",
        "version": "2.0NRT",
        "bright_ti5": 289.07,
        "frp": 0.71,
        "daynight": "N",
        "source_dataset": "VIIRS_SNPP_NRT",
        "acq_datetime_utc": "2026-08-30T02:15:00Z",
        "age_hours": 30.6,
        "confidence_label": "nominal",
        "popup_label": "<strong>NASA FIRMS<\/strong><br>Sensor: VIIRS_SNPP_NRT<br>Fecha UTC: 2026-08-30T02:15:00Z<br>Confianza: nominal<br>FRP: 0.71 MW"
      }
    },
    {
      "type": "Feature",
      "geometry": {
        "type": "Point",
        "coordinates": [4.8936, 43.4374]
      },
      "properties": {
        "bright_ti4": 319.05,
        "scan": 0.56,
        "track": 0.43,
        "acq_date": "2026-08-30",
        "acq_time": "0215",
        "satellite": "N",
        "instrument": "VIIRS",
        "confidence": "n",
        "version": "2.0NRT",
        "bright_ti5": 291.19,
        "frp": 2.58,
        "daynight": "N",
        "source_dataset": "VIIRS_SNPP_NRT",
        "acq_datetime_utc": "2026-08-30T02:15:00Z",
        "age_hours": 30.6,
        "confidence_label": "nominal",
        "popup_label": "<strong>NASA FIRMS<\/strong><br>Sensor: VIIRS_SNPP_NRT<br>Fecha UTC: 2026-08-30T02:15:00Z<br>Confianza: nominal<br>FRP: 2.58 MW"
      }
    },
    {
      "type": "Feature",
      "geometry": {
        "type": "Point",
        "coordinates": [4.8869, 43.4389]
      },
      "properties": {
        "bright_ti4": 301.8,
        "scan": 0.56,
        "track": 0.43,
        "acq_date": "2026-08-30",
        "acq_time": "0215",
        "satellite": "N",
        "instrument": "VIIRS",
        "confidence": "n",
        "version": "2.0NRT",
        "bright_ti5": 289.97,
        "frp": 2.4,
        "daynight": "N",
        "source_dataset": "VIIRS_SNPP_NRT",
        "acq_datetime_utc": "2026-08-30T02:15:00Z",
        "age_hours": 30.6,
        "confidence_label": "nominal",
        "popup_label": "<strong>NASA FIRMS<\/strong><br>Sensor: VIIRS_SNPP_NRT<br>Fecha UTC: 2026-08-30T02:15:00Z<br>Confianza: nominal<br>FRP: 2.4 MW"
      }
    },
    {
      "type": "Feature",
      "geometry": {
        "type": "Point",
        "coordinates": [4.8968, 43.4451]
      },
      "properties": {
        "bright_ti4": 327.15,
        "scan": 0.56,
        "track": 0.43,
        "acq_date": "2026-08-30",
        "acq_time": "0215",
        "satellite": "N",
        "instrument": "VIIRS",
        "confidence": "n",
        "version": "2.0NRT",
        "bright_ti5": 291.65,
        "frp": 4.54,
        "daynight": "N",
        "source_dataset": "VIIRS_SNPP_NRT",
        "acq_datetime_utc": "2026-08-30T02:15:00Z",
        "age_hours": 30.6,
        "confidence_label": "nominal",
        "popup_label": "<strong>NASA FIRMS<\/strong><br>Sensor: VIIRS_SNPP_NRT<br>Fecha UTC: 2026-08-30T02:15:00Z<br>Confianza: nominal<br>FRP: 4.54 MW"
      }
    },
    {
      "type": "Feature",
      "geometry": {
        "type": "Point",
        "coordinates": [4.8984, 43.449]
      },
      "properties": {
        "bright_ti4": 332.33,
        "scan": 0.56,
        "track": 0.43,
        "acq_date": "2026-08-30",
        "acq_time": "0215",
        "satellite": "N",
        "instrument": "VIIRS",
        "confidence": "n",
        "version": "2.0NRT",
        "bright_ti5": 290.45,
        "frp": 3.94,
        "daynight": "N",
        "source_dataset": "VIIRS_SNPP_NRT",
        "acq_datetime_utc": "2026-08-30T02:15:00Z",
        "age_hours": 30.6,
        "confidence_label": "nominal",
        "popup_label": "<strong>NASA FIRMS<\/strong><br>Sensor: VIIRS_SNPP_NRT<br>Fecha UTC: 2026-08-30T02:15:00Z<br>Confianza: nominal<br>FRP: 3.94 MW"
      }
    },
    {
      "type": "Feature",
      "geometry": {
        "type": "Point",
        "coordinates": [1.2289, 43.9872]
      },
      "properties": {
        "bright_ti4": 300.58,
        "scan": 0.41,
        "track": 0.37,
        "acq_date": "2026-08-30",
        "acq_time": "0215",
        "satellite": "N",
        "instrument": "VIIRS",
        "confidence": "n",
        "version": "2.0NRT",
        "bright_ti5": 287.89,
        "frp": 0.54,
        "daynight": "N",
        "source_dataset": "VIIRS_SNPP_NRT",
        "acq_datetime_utc": "2026-08-30T02:15:00Z",
        "age_hours": 30.6,
        "confidence_label": "nominal",
        "popup_label": "<strong>NASA FIRMS<\/strong><br>Sensor: VIIRS_SNPP_NRT<br>Fecha UTC: 2026-08-30T02:15:00Z<br>Confianza: nominal<br>FRP: 0.54 MW"
      }
    },
    {
      "type": "Feature",
      "geometry": {
        "type": "Point",
        "coordinates": [3.9891, 32.2768]
      },
      "properties": {
        "bright_ti4": 326.3,
        "scan": 0.75,
        "track": 0.77,
        "acq_date": "2026-08-30",
        "acq_time": "0039",
        "satellite": "N",
        "instrument": "VIIRS",
        "confidence": "n",
        "version": "2.0NRT",
        "bright_ti5": 294.79,
        "frp": 3.41,
        "daynight": "N",
        "source_dataset": "VIIRS_SNPP_NRT",
        "acq_datetime_utc": "2026-08-30T00:39:00Z",
        "age_hours": 32.2,
        "confidence_label": "nominal",
        "popup_label": "<strong>NASA FIRMS<\/strong><br>Sensor: VIIRS_SNPP_NRT<br>Fecha UTC: 2026-08-30T00:39:00Z<br>Confianza: nominal<br>FRP: 3.41 MW"
      }
    },
    {
      "type": "Feature",
      "geometry": {
        "type": "Point",
        "coordinates": [3.9808, 32.277]
      },
      "properties": {
        "bright_ti4": 312.07,
        "scan": 0.75,
        "track": 0.77,
        "acq_date": "2026-08-30",
        "acq_time": "0039",
        "satellite": "N",
        "instrument": "VIIRS",
        "confidence": "n",
        "version": "2.0NRT",
        "bright_ti5": 294.4,
        "frp": 3.41,
        "daynight": "N",
        "source_dataset": "VIIRS_SNPP_NRT",
        "acq_datetime_utc": "2026-08-30T00:39:00Z",
        "age_hours": 32.2,
        "confidence_label": "nominal",
        "popup_label": "<strong>NASA FIRMS<\/strong><br>Sensor: VIIRS_SNPP_NRT<br>Fecha UTC: 2026-08-30T00:39:00Z<br>Confianza: nominal<br>FRP: 3.41 MW"
      }
    },
    {
      "type": "Feature",
      "geometry": {
        "type": "Point",
        "coordinates": [3.9865, 32.2791]
      },
      "properties": {
        "bright_ti4": 339.25,
        "scan": 0.75,
        "track": 0.77,
        "acq_date": "2026-08-30",
        "acq_time": "0039",
        "satellite": "N",
        "instrument": "VIIRS",
        "confidence": "n",
        "version": "2.0NRT",
        "bright_ti5": 295.17,
        "frp": 4.92,
        "daynight": "N",
        "source_dataset": "VIIRS_SNPP_NRT",
        "acq_datetime_utc": "2026-08-30T00:39:00Z",
        "age_hours": 32.2,
        "confidence_label": "nominal",
        "popup_label": "<strong>NASA FIRMS<\/strong><br>Sensor: VIIRS_SNPP_NRT<br>Fecha UTC: 2026-08-30T00:39:00Z<br>Confianza: nominal<br>FRP: 4.92 MW"
      }
    },
    {
      "type": "Feature",
      "geometry": {
        "type": "Point",
        "coordinates": [4.0007, 32.4014]
      },
      "properties": {
        "bright_ti4": 305.69,
        "scan": 0.75,
        "track": 0.77,
        "acq_date": "2026-08-30",
        "acq_time": "0039",
        "satellite": "N",
        "instrument": "VIIRS",
        "confidence": "n",
        "version": "2.0NRT",
        "bright_ti5": 294.29,
        "frp": 1.96,
        "daynight": "N",
        "source_dataset": "VIIRS_SNPP_NRT",
        "acq_datetime_utc": "2026-08-30T00:39:00Z",
        "age_hours": 32.2,
        "confidence_label": "nominal",
        "popup_label": "<strong>NASA FIRMS<\/strong><br>Sensor: VIIRS_SNPP_NRT<br>Fecha UTC: 2026-08-30T00:39:00Z<br>Confianza: nominal<br>FRP: 1.96 MW"
      }
    },
    {
      "type": "Feature",
      "geometry": {
        "type": "Point",
        "coordinates": [4.0047, 32.4029]
      },
      "properties": {
        "bright_ti4": 310.59,
        "scan": 0.75,
        "track": 0.77,
        "acq_date": "2026-08-30",
        "acq_time": "0039",
        "satellite": "N",
        "instrument": "VIIRS",
        "confidence": "n",
        "version": "2.0NRT",
        "bright_ti5": 294.85,
        "frp": 2.23,
        "daynight": "N",
        "source_dataset": "VIIRS_SNPP_NRT",
        "acq_datetime_utc": "2026-08-30T00:39:00Z",
        "age_hours": 32.2,
        "confidence_label": "nominal",
        "popup_label": "<strong>NASA FIRMS<\/strong><br>Sensor: VIIRS_SNPP_NRT<br>Fecha UTC: 2026-08-30T00:39:00Z<br>Confianza: nominal<br>FRP: 2.23 MW"
      }
    },
    {
      "type": "Feature",
      "geometry": {
        "type": "Point",
        "coordinates": [4.8926, 43.4308]
      },
      "properties": {
        "bright_ti4": 300.98,
        "scan": 0.75,
        "track": 0.77,
        "acq_date": "2026-08-30",
        "acq_time": "0035",
        "satellite": "N",
        "instrument": "VIIRS",
        "confidence": "n",
        "version": "2.0NRT",
        "bright_ti5": 288.71,
        "frp": 3.17,
        "daynight": "N",
        "source_dataset": "VIIRS_SNPP_NRT",
        "acq_datetime_utc": "2026-08-30T00:35:00Z",
        "age_hours": 32.2,
        "confidence_label": "nominal",
        "popup_label": "<strong>NASA FIRMS<\/strong><br>Sensor: VIIRS_SNPP_NRT<br>Fecha UTC: 2026-08-30T00:35:00Z<br>Confianza: nominal<br>FRP: 3.17 MW"
      }
    },
    {
      "type": "Feature",
      "geometry": {
        "type": "Point",
        "coordinates": [4.8926, 43.4453]
      },
      "properties": {
        "bright_ti4": 310.39,
        "scan": 0.75,
        "track": 0.77,
        "acq_date": "2026-08-30",
        "acq_time": "0035",
        "satellite": "N",
        "instrument": "VIIRS",
        "confidence": "n",
        "version": "2.0NRT",
        "bright_ti5": 289.2,
        "frp": 2.76,
        "daynight": "N",
        "source_dataset": "VIIRS_SNPP_NRT",
        "acq_datetime_utc": "2026-08-30T00:35:00Z",
        "age_hours": 32.2,
        "confidence_label": "nominal",
        "popup_label": "<strong>NASA FIRMS<\/strong><br>Sensor: VIIRS_SNPP_NRT<br>Fecha UTC: 2026-08-30T00:35:00Z<br>Confianza: nominal<br>FRP: 2.76 MW"
      }
    },
    {
      "type": "Feature",
      "geometry": {
        "type": "Point",
        "coordinates": [-0.5184, 28.1989]
      },
      "properties": {
        "bright_ti4": 323.9,
        "scan": 0.51,
        "track": 0.49,
        "acq_date": "2026-08-31",
        "acq_time": "0221",
        "satellite": "N20",
        "instrument": "VIIRS",
        "confidence": "n",
        "version": "2.0NRT",
        "bright_ti5": 298.4,
        "frp": 2.75,
        "daynight": "N",
        "source_dataset": "VIIRS_NOAA20_NRT",
        "acq_datetime_utc": "2026-08-31T02:21:00Z",
        "age_hours": 6.5,
        "confidence_label": "nominal",
        "popup_label": "<strong>NASA FIRMS<\/strong><br>Sensor: VIIRS_NOAA20_NRT<br>Fecha UTC: 2026-08-31T02:21:00Z<br>Confianza: nominal<br>FRP: 2.75 MW"
      }
    },
    {
      "type": "Feature",
      "geometry": {
        "type": "Point",
        "coordinates": [3.987, 32.2771]
      },
      "properties": {
        "bright_ti4": 347.8,
        "scan": 0.38,
        "track": 0.58,
        "acq_date": "2026-08-31",
        "acq_time": "0219",
        "satellite": "N20",
        "instrument": "VIIRS",
        "confidence": "n",
        "version": "2.0NRT",
        "bright_ti5": 299.82,
        "frp": 4.61,
        "daynight": "N",
        "source_dataset": "VIIRS_NOAA20_NRT",
        "acq_datetime_utc": "2026-08-31T02:19:00Z",
        "age_hours": 6.5,
        "confidence_label": "nominal",
        "popup_label": "<strong>NASA FIRMS<\/strong><br>Sensor: VIIRS_NOAA20_NRT<br>Fecha UTC: 2026-08-31T02:19:00Z<br>Confianza: nominal<br>FRP: 4.61 MW"
      }
    },
    {
      "type": "Feature",
      "geometry": {
        "type": "Point",
        "coordinates": [4.0045, 32.4005]
      },
      "properties": {
        "bright_ti4": 313.76,
        "scan": 0.37,
        "track": 0.58,
        "acq_date": "2026-08-31",
        "acq_time": "0219",
        "satellite": "N20",
        "instrument": "VIIRS",
        "confidence": "n",
        "version": "2.0NRT",
        "bright_ti5": 295.79,
        "frp": 1.39,
        "daynight": "N",
        "source_dataset": "VIIRS_NOAA20_NRT",
        "acq_datetime_utc": "2026-08-31T02:19:00Z",
        "age_hours": 6.5,
        "confidence_label": "nominal",
        "popup_label": "<strong>NASA FIRMS<\/strong><br>Sensor: VIIRS_NOAA20_NRT<br>Fecha UTC: 2026-08-31T02:19:00Z<br>Confianza: nominal<br>FRP: 1.39 MW"
      }
    },
    {
      "type": "Feature",
      "geometry": {
        "type": "Point",
        "coordinates": [3.1661, 32.5531]
      },
      "properties": {
        "bright_ti4": 306.83,
        "scan": 0.33,
        "track": 0.55,
        "acq_date": "2026-08-31",
        "acq_time": "0219",
        "satellite": "N20",
        "instrument": "VIIRS",
        "confidence": "n",
        "version": "2.0NRT",
        "bright_ti5": 294.19,
        "frp": 1.95,
        "daynight": "N",
        "source_dataset": "VIIRS_NOAA20_NRT",
        "acq_datetime_utc": "2026-08-31T02:19:00Z",
        "age_hours": 6.5,
        "confidence_label": "nominal",
        "popup_label": "<strong>NASA FIRMS<\/strong><br>Sensor: VIIRS_NOAA20_NRT<br>Fecha UTC: 2026-08-31T02:19:00Z<br>Confianza: nominal<br>FRP: 1.95 MW"
      }
    },
    {
      "type": "Feature",
      "geometry": {
        "type": "Point",
        "coordinates": [3.1677, 32.558]
      },
      "properties": {
        "bright_ti4": 342.05,
        "scan": 0.33,
        "track": 0.55,
        "acq_date": "2026-08-31",
        "acq_time": "0219",
        "satellite": "N20",
        "instrument": "VIIRS",
        "confidence": "n",
        "version": "2.0NRT",
        "bright_ti5": 296.09,
        "frp": 1.95,
        "daynight": "N",
        "source_dataset": "VIIRS_NOAA20_NRT",
        "acq_datetime_utc": "2026-08-31T02:19:00Z",
        "age_hours": 6.5,
        "confidence_label": "nominal",
        "popup_label": "<strong>NASA FIRMS<\/strong><br>Sensor: VIIRS_NOAA20_NRT<br>Fecha UTC: 2026-08-31T02:19:00Z<br>Confianza: nominal<br>FRP: 1.95 MW"
      }
    },
    {
      "type": "Feature",
      "geometry": {
        "type": "Point",
        "coordinates": [3.1814, 32.7449]
      },
      "properties": {
        "bright_ti4": 307.49,
        "scan": 0.33,
        "track": 0.55,
        "acq_date": "2026-08-31",
        "acq_time": "0219",
        "satellite": "N20",
        "instrument": "VIIRS",
        "confidence": "n",
        "version": "2.0NRT",
        "bright_ti5": 294.86,
        "frp": 1.7,
        "daynight": "N",
        "source_dataset": "VIIRS_NOAA20_NRT",
        "acq_datetime_utc": "2026-08-31T02:19:00Z",
        "age_hours": 6.5,
        "confidence_label": "nominal",
        "popup_label": "<strong>NASA FIRMS<\/strong><br>Sensor: VIIRS_NOAA20_NRT<br>Fecha UTC: 2026-08-31T02:19:00Z<br>Confianza: nominal<br>FRP: 1.7 MW"
      }
    },
    {
      "type": "Feature",
      "geometry": {
        "type": "Point",
        "coordinates": [3.1816, 32.7456]
      },
      "properties": {
        "bright_ti4": 309.33,
        "scan": 0.33,
        "track": 0.55,
        "acq_date": "2026-08-31",
        "acq_time": "0219",
        "satellite": "N20",
        "instrument": "VIIRS",
        "confidence": "n",
        "version": "2.0NRT",
        "bright_ti5": 295.36,
        "frp": 0.92,
        "daynight": "N",
        "source_dataset": "VIIRS_NOAA20_NRT",
        "acq_datetime_utc": "2026-08-31T02:19:00Z",
        "age_hours": 6.5,
        "confidence_label": "nominal",
        "popup_label": "<strong>NASA FIRMS<\/strong><br>Sensor: VIIRS_NOAA20_NRT<br>Fecha UTC: 2026-08-31T02:19:00Z<br>Confianza: nominal<br>FRP: 0.92 MW"
      }
    },
    {
      "type": "Feature",
      "geometry": {
        "type": "Point",
        "coordinates": [3.183, 32.7498]
      },
      "properties": {
        "bright_ti4": 309.51,
        "scan": 0.33,
        "track": 0.55,
        "acq_date": "2026-08-31",
        "acq_time": "0219",
        "satellite": "N20",
        "instrument": "VIIRS",
        "confidence": "n",
        "version": "2.0NRT",
        "bright_ti5": 294.67,
        "frp": 0.6,
        "daynight": "N",
        "source_dataset": "VIIRS_NOAA20_NRT",
        "acq_datetime_utc": "2026-08-31T02:19:00Z",
        "age_hours": 6.5,
        "confidence_label": "nominal",
        "popup_label": "<strong>NASA FIRMS<\/strong><br>Sensor: VIIRS_NOAA20_NRT<br>Fecha UTC: 2026-08-31T02:19:00Z<br>Confianza: nominal<br>FRP: 0.6 MW"
      }
    },
    {
      "type": "Feature",
      "geometry": {
        "type": "Point",
        "coordinates": [3.1833, 32.7505]
      },
      "properties": {
        "bright_ti4": 309.76,
        "scan": 0.33,
        "track": 0.55,
        "acq_date": "2026-08-31",
        "acq_time": "0219",
        "satellite": "N20",
        "instrument": "VIIRS",
        "confidence": "n",
        "version": "2.0NRT",
        "bright_ti5": 294.66,
        "frp": 0.92,
        "daynight": "N",
        "source_dataset": "VIIRS_NOAA20_NRT",
        "acq_datetime_utc": "2026-08-31T02:19:00Z",
        "age_hours": 6.5,
        "confidence_label": "nominal",
        "popup_label": "<strong>NASA FIRMS<\/strong><br>Sensor: VIIRS_NOAA20_NRT<br>Fecha UTC: 2026-08-31T02:19:00Z<br>Confianza: nominal<br>FRP: 0.92 MW"
      }
    },
    {
      "type": "Feature",
      "geometry": {
        "type": "Point",
        "coordinates": [4.5704, 32.7734]
      },
      "properties": {
        "bright_ti4": 327.29,
        "scan": 0.39,
        "track": 0.6,
        "acq_date": "2026-08-31",
        "acq_time": "0219",
        "satellite": "N20",
        "instrument": "VIIRS",
        "confidence": "n",
        "version": "2.0NRT",
        "bright_ti5": 298.94,
        "frp": 2.57,
        "daynight": "N",
        "source_dataset": "VIIRS_NOAA20_NRT",
        "acq_datetime_utc": "2026-08-31T02:19:00Z",
        "age_hours": 6.5,
        "confidence_label": "nominal",
        "popup_label": "<strong>NASA FIRMS<\/strong><br>Sensor: VIIRS_NOAA20_NRT<br>Fecha UTC: 2026-08-31T02:19:00Z<br>Confianza: nominal<br>FRP: 2.57 MW"
      }
    },
    {
      "type": "Feature",
      "geometry": {
        "type": "Point",
        "coordinates": [3.2388, 32.8372]
      },
      "properties": {
        "bright_ti4": 305.57,
        "scan": 0.33,
        "track": 0.55,
        "acq_date": "2026-08-31",
        "acq_time": "0219",
        "satellite": "N20",
        "instrument": "VIIRS",
        "confidence": "n",
        "version": "2.0NRT",
        "bright_ti5": 294.06,
        "frp": 0.41,
        "daynight": "N",
        "source_dataset": "VIIRS_NOAA20_NRT",
        "acq_datetime_utc": "2026-08-31T02:19:00Z",
        "age_hours": 6.5,
        "confidence_label": "nominal",
        "popup_label": "<strong>NASA FIRMS<\/strong><br>Sensor: VIIRS_NOAA20_NRT<br>Fecha UTC: 2026-08-31T02:19:00Z<br>Confianza: nominal<br>FRP: 0.41 MW"
      }
    },
    {
      "type": "Feature",
      "geometry": {
        "type": "Point",
        "coordinates": [3.2273, 32.9298]
      },
      "properties": {
        "bright_ti4": 327.37,
        "scan": 0.33,
        "track": 0.55,
        "acq_date": "2026-08-31",
        "acq_time": "0219",
        "satellite": "N20",
        "instrument": "VIIRS",
        "confidence": "n",
        "version": "2.0NRT",
        "bright_ti5": 294.81,
        "frp": 1.79,
        "daynight": "N",
        "source_dataset": "VIIRS_NOAA20_NRT",
        "acq_datetime_utc": "2026-08-31T02:19:00Z",
        "age_hours": 6.5,
        "confidence_label": "nominal",
        "popup_label": "<strong>NASA FIRMS<\/strong><br>Sensor: VIIRS_NOAA20_NRT<br>Fecha UTC: 2026-08-31T02:19:00Z<br>Confianza: nominal<br>FRP: 1.79 MW"
      }
    },
    {
      "type": "Feature",
      "geometry": {
        "type": "Point",
        "coordinates": [3.2459, 32.9306]
      },
      "properties": {
        "bright_ti4": 307.69,
        "scan": 0.33,
        "track": 0.55,
        "acq_date": "2026-08-31",
        "acq_time": "0219",
        "satellite": "N20",
        "instrument": "VIIRS",
        "confidence": "n",
        "version": "2.0NRT",
        "bright_ti5": 295.15,
        "frp": 1.22,
        "daynight": "N",
        "source_dataset": "VIIRS_NOAA20_NRT",
        "acq_datetime_utc": "2026-08-31T02:19:00Z",
        "age_hours": 6.5,
        "confidence_label": "nominal",
        "popup_label": "<strong>NASA FIRMS<\/strong><br>Sensor: VIIRS_NOAA20_NRT<br>Fecha UTC: 2026-08-31T02:19:00Z<br>Confianza: nominal<br>FRP: 1.22 MW"
      }
    },
    {
      "type": "Feature",
      "geometry": {
        "type": "Point",
        "coordinates": [3.2374, 32.938]
      },
      "properties": {
        "bright_ti4": 312.44,
        "scan": 0.33,
        "track": 0.55,
        "acq_date": "2026-08-31",
        "acq_time": "0219",
        "satellite": "N20",
        "instrument": "VIIRS",
        "confidence": "n",
        "version": "2.0NRT",
        "bright_ti5": 296.21,
        "frp": 2.26,
        "daynight": "N",
        "source_dataset": "VIIRS_NOAA20_NRT",
        "acq_datetime_utc": "2026-08-31T02:19:00Z",
        "age_hours": 6.5,
        "confidence_label": "nominal",
        "popup_label": "<strong>NASA FIRMS<\/strong><br>Sensor: VIIRS_NOAA20_NRT<br>Fecha UTC: 2026-08-31T02:19:00Z<br>Confianza: nominal<br>FRP: 2.26 MW"
      }
    },
    {
      "type": "Feature",
      "geometry": {
        "type": "Point",
        "coordinates": [3.234, 32.9388]
      },
      "properties": {
        "bright_ti4": 316.88,
        "scan": 0.33,
        "track": 0.55,
        "acq_date": "2026-08-31",
        "acq_time": "0219",
        "satellite": "N20",
        "instrument": "VIIRS",
        "confidence": "n",
        "version": "2.0NRT",
        "bright_ti5": 296.64,
        "frp": 2.14,
        "daynight": "N",
        "source_dataset": "VIIRS_NOAA20_NRT",
        "acq_datetime_utc": "2026-08-31T02:19:00Z",
        "age_hours": 6.5,
        "confidence_label": "nominal",
        "popup_label": "<strong>NASA FIRMS<\/strong><br>Sensor: VIIRS_NOAA20_NRT<br>Fecha UTC: 2026-08-31T02:19:00Z<br>Confianza: nominal<br>FRP: 2.14 MW"
      }
    },
    {
      "type": "Feature",
      "geometry": {
        "type": "Point",
        "coordinates": [3.229, 32.9453]
      },
      "properties": {
        "bright_ti4": 318.83,
        "scan": 0.33,
        "track": 0.55,
        "acq_date": "2026-08-31",
        "acq_time": "0219",
        "satellite": "N20",
        "instrument": "VIIRS",
        "confidence": "n",
        "version": "2.0NRT",
        "bright_ti5": 296.54,
        "frp": 0.91,
        "daynight": "N",
        "source_dataset": "VIIRS_NOAA20_NRT",
        "acq_datetime_utc": "2026-08-31T02:19:00Z",
        "age_hours": 6.5,
        "confidence_label": "nominal",
        "popup_label": "<strong>NASA FIRMS<\/strong><br>Sensor: VIIRS_NOAA20_NRT<br>Fecha UTC: 2026-08-31T02:19:00Z<br>Confianza: nominal<br>FRP: 0.91 MW"
      }
    },
    {
      "type": "Feature",
      "geometry": {
        "type": "Point",
        "coordinates": [3.2222, 32.947]
      },
      "properties": {
        "bright_ti4": 306.36,
        "scan": 0.33,
        "track": 0.55,
        "acq_date": "2026-08-31",
        "acq_time": "0219",
        "satellite": "N20",
        "instrument": "VIIRS",
        "confidence": "n",
        "version": "2.0NRT",
        "bright_ti5": 295.35,
        "frp": 1.09,
        "daynight": "N",
        "source_dataset": "VIIRS_NOAA20_NRT",
        "acq_datetime_utc": "2026-08-31T02:19:00Z",
        "age_hours": 6.5,
        "confidence_label": "nominal",
        "popup_label": "<strong>NASA FIRMS<\/strong><br>Sensor: VIIRS_NOAA20_NRT<br>Fecha UTC: 2026-08-31T02:19:00Z<br>Confianza: nominal<br>FRP: 1.09 MW"
      }
    },
    {
      "type": "Feature",
      "geometry": {
        "type": "Point",
        "coordinates": [3.2306, 32.9502]
      },
      "properties": {
        "bright_ti4": 310.41,
        "scan": 0.33,
        "track": 0.55,
        "acq_date": "2026-08-31",
        "acq_time": "0219",
        "satellite": "N20",
        "instrument": "VIIRS",
        "confidence": "n",
        "version": "2.0NRT",
        "bright_ti5": 296.74,
        "frp": 0.91,
        "daynight": "N",
        "source_dataset": "VIIRS_NOAA20_NRT",
        "acq_datetime_utc": "2026-08-31T02:19:00Z",
        "age_hours": 6.5,
        "confidence_label": "nominal",
        "popup_label": "<strong>NASA FIRMS<\/strong><br>Sensor: VIIRS_NOAA20_NRT<br>Fecha UTC: 2026-08-31T02:19:00Z<br>Confianza: nominal<br>FRP: 0.91 MW"
      }
    },
    {
      "type": "Feature",
      "geometry": {
        "type": "Point",
        "coordinates": [3.2271, 32.9506]
      },
      "properties": {
        "bright_ti4": 308.15,
        "scan": 0.33,
        "track": 0.55,
        "acq_date": "2026-08-31",
        "acq_time": "0219",
        "satellite": "N20",
        "instrument": "VIIRS",
        "confidence": "n",
        "version": "2.0NRT",
        "bright_ti5": 296.04,
        "frp": 1.34,
        "daynight": "N",
        "source_dataset": "VIIRS_NOAA20_NRT",
        "acq_datetime_utc": "2026-08-31T02:19:00Z",
        "age_hours": 6.5,
        "confidence_label": "nominal",
        "popup_label": "<strong>NASA FIRMS<\/strong><br>Sensor: VIIRS_NOAA20_NRT<br>Fecha UTC: 2026-08-31T02:19:00Z<br>Confianza: nominal<br>FRP: 1.34 MW"
      }
    },
    {
      "type": "Feature",
      "geometry": {
        "type": "Point",
        "coordinates": [3.2272, 32.9511]
      },
      "properties": {
        "bright_ti4": 306.25,
        "scan": 0.33,
        "track": 0.55,
        "acq_date": "2026-08-31",
        "acq_time": "0219",
        "satellite": "N20",
        "instrument": "VIIRS",
        "confidence": "n",
        "version": "2.0NRT",
        "bright_ti5": 296.21,
        "frp": 0.91,
        "daynight": "N",
        "source_dataset": "VIIRS_NOAA20_NRT",
        "acq_datetime_utc": "2026-08-31T02:19:00Z",
        "age_hours": 6.5,
        "confidence_label": "nominal",
        "popup_label": "<strong>NASA FIRMS<\/strong><br>Sensor: VIIRS_NOAA20_NRT<br>Fecha UTC: 2026-08-31T02:19:00Z<br>Confianza: nominal<br>FRP: 0.91 MW"
      }
    },
    {
      "type": "Feature",
      "geometry": {
        "type": "Point",
        "coordinates": [-7.1492, 32.9891]
      },
      "properties": {
        "bright_ti4": 305.91,
        "scan": 0.38,
        "track": 0.36,
        "acq_date": "2026-08-31",
        "acq_time": "0219",
        "satellite": "N20",
        "instrument": "VIIRS",
        "confidence": "n",
        "version": "2.0NRT",
        "bright_ti5": 290.86,
        "frp": 0.76,
        "daynight": "N",
        "source_dataset": "VIIRS_NOAA20_NRT",
        "acq_datetime_utc": "2026-08-31T02:19:00Z",
        "age_hours": 6.5,
        "confidence_label": "nominal",
        "popup_label": "<strong>NASA FIRMS<\/strong><br>Sensor: VIIRS_NOAA20_NRT<br>Fecha UTC: 2026-08-31T02:19:00Z<br>Confianza: nominal<br>FRP: 0.76 MW"
      }
    },
    {
      "type": "Feature",
      "geometry": {
        "type": "Point",
        "coordinates": [3.3308, 33.0683]
      },
      "properties": {
        "bright_ti4": 307.44,
        "scan": 0.33,
        "track": 0.55,
        "acq_date": "2026-08-31",
        "acq_time": "0219",
        "satellite": "N20",
        "instrument": "VIIRS",
        "confidence": "n",
        "version": "2.0NRT",
        "bright_ti5": 294.74,
        "frp": 0.6,
        "daynight": "N",
        "source_dataset": "VIIRS_NOAA20_NRT",
        "acq_datetime_utc": "2026-08-31T02:19:00Z",
        "age_hours": 6.5,
        "confidence_label": "nominal",
        "popup_label": "<strong>NASA FIRMS<\/strong><br>Sensor: VIIRS_NOAA20_NRT<br>Fecha UTC: 2026-08-31T02:19:00Z<br>Confianza: nominal<br>FRP: 0.6 MW"
      }
    },
    {
      "type": "Feature",
      "geometry": {
        "type": "Point",
        "coordinates": [3.3172, 33.1247]
      },
      "properties": {
        "bright_ti4": 308.61,
        "scan": 0.33,
        "track": 0.55,
        "acq_date": "2026-08-31",
        "acq_time": "0219",
        "satellite": "N20",
        "instrument": "VIIRS",
        "confidence": "n",
        "version": "2.0NRT",
        "bright_ti5": 294.28,
        "frp": 1.19,
        "daynight": "N",
        "source_dataset": "VIIRS_NOAA20_NRT",
        "acq_datetime_utc": "2026-08-31T02:19:00Z",
        "age_hours": 6.5,
        "confidence_label": "nominal",
        "popup_label": "<strong>NASA FIRMS<\/strong><br>Sensor: VIIRS_NOAA20_NRT<br>Fecha UTC: 2026-08-31T02:19:00Z<br>Confianza: nominal<br>FRP: 1.19 MW"
      }
    },
    {
      "type": "Feature",
      "geometry": {
        "type": "Point",
        "coordinates": [3.3189, 33.1296]
      },
      "properties": {
        "bright_ti4": 311.77,
        "scan": 0.33,
        "track": 0.55,
        "acq_date": "2026-08-31",
        "acq_time": "0219",
        "satellite": "N20",
        "instrument": "VIIRS",
        "confidence": "n",
        "version": "2.0NRT",
        "bright_ti5": 295.1,
        "frp": 1.19,
        "daynight": "N",
        "source_dataset": "VIIRS_NOAA20_NRT",
        "acq_datetime_utc": "2026-08-31T02:19:00Z",
        "age_hours": 6.5,
        "confidence_label": "nominal",
        "popup_label": "<strong>NASA FIRMS<\/strong><br>Sensor: VIIRS_NOAA20_NRT<br>Fecha UTC: 2026-08-31T02:19:00Z<br>Confianza: nominal<br>FRP: 1.19 MW"
      }
    },
    {
      "type": "Feature",
      "geometry": {
        "type": "Point",
        "coordinates": [3.3682, 33.1381]
      },
      "properties": {
        "bright_ti4": 317.73,
        "scan": 0.33,
        "track": 0.55,
        "acq_date": "2026-08-31",
        "acq_time": "0219",
        "satellite": "N20",
        "instrument": "VIIRS",
        "confidence": "n",
        "version": "2.0NRT",
        "bright_ti5": 295.9,
        "frp": 2.13,
        "daynight": "N",
        "source_dataset": "VIIRS_NOAA20_NRT",
        "acq_datetime_utc": "2026-08-31T02:19:00Z",
        "age_hours": 6.5,
        "confidence_label": "nominal",
        "popup_label": "<strong>NASA FIRMS<\/strong><br>Sensor: VIIRS_NOAA20_NRT<br>Fecha UTC: 2026-08-31T02:19:00Z<br>Confianza: nominal<br>FRP: 2.13 MW"
      }
    },
    {
      "type": "Feature",
      "geometry": {
        "type": "Point",
        "coordinates": [3.3702, 33.1385]
      },
      "properties": {
        "bright_ti4": 311.6,
        "scan": 0.33,
        "track": 0.55,
        "acq_date": "2026-08-31",
        "acq_time": "0219",
        "satellite": "N20",
        "instrument": "VIIRS",
        "confidence": "n",
        "version": "2.0NRT",
        "bright_ti5": 295.44,
        "frp": 1.82,
        "daynight": "N",
        "source_dataset": "VIIRS_NOAA20_NRT",
        "acq_datetime_utc": "2026-08-31T02:19:00Z",
        "age_hours": 6.5,
        "confidence_label": "nominal",
        "popup_label": "<strong>NASA FIRMS<\/strong><br>Sensor: VIIRS_NOAA20_NRT<br>Fecha UTC: 2026-08-31T02:19:00Z<br>Confianza: nominal<br>FRP: 1.82 MW"
      }
    },
    {
      "type": "Feature",
      "geometry": {
        "type": "Point",
        "coordinates": [3.3634, 33.1401]
      },
      "properties": {
        "bright_ti4": 315.16,
        "scan": 0.33,
        "track": 0.55,
        "acq_date": "2026-08-31",
        "acq_time": "0219",
        "satellite": "N20",
        "instrument": "VIIRS",
        "confidence": "n",
        "version": "2.0NRT",
        "bright_ti5": 295.44,
        "frp": 1.03,
        "daynight": "N",
        "source_dataset": "VIIRS_NOAA20_NRT",
        "acq_datetime_utc": "2026-08-31T02:19:00Z",
        "age_hours": 6.5,
        "confidence_label": "nominal",
        "popup_label": "<strong>NASA FIRMS<\/strong><br>Sensor: VIIRS_NOAA20_NRT<br>Fecha UTC: 2026-08-31T02:19:00Z<br>Confianza: nominal<br>FRP: 1.03 MW"
      }
    },
    {
      "type": "Feature",
      "geometry": {
        "type": "Point",
        "coordinates": [-6.9503, 33.8911]
      },
      "properties": {
        "bright_ti4": 303.76,
        "scan": 0.38,
        "track": 0.36,
        "acq_date": "2026-08-31",
        "acq_time": "0219",
        "satellite": "N20",
        "instrument": "VIIRS",
        "confidence": "n",
        "version": "2.0NRT",
        "bright_ti5": 292.47,
        "frp": 0.75,
        "daynight": "N",
        "source_dataset": "VIIRS_NOAA20_NRT",
        "acq_datetime_utc": "2026-08-31T02:19:00Z",
        "age_hours": 6.5,
        "confidence_label": "nominal",
        "popup_label": "<strong>NASA FIRMS<\/strong><br>Sensor: VIIRS_NOAA20_NRT<br>Fecha UTC: 2026-08-31T02:19:00Z<br>Confianza: nominal<br>FRP: 0.75 MW"
      }
    },
    {
      "type": "Feature",
      "geometry": {
        "type": "Point",
        "coordinates": [-4.8597, 34.4859]
      },
      "properties": {
        "bright_ti4": 304.92,
        "scan": 0.4,
        "track": 0.37,
        "acq_date": "2026-08-31",
        "acq_time": "0219",
        "satellite": "N20",
        "instrument": "VIIRS",
        "confidence": "n",
        "version": "2.0NRT",
        "bright_ti5": 293.07,
        "frp": 0.31,
        "daynight": "N",
        "source_dataset": "VIIRS_NOAA20_NRT",
        "acq_datetime_utc": "2026-08-31T02:19:00Z",
        "age_hours": 6.5,
        "confidence_label": "nominal",
        "popup_label": "<strong>NASA FIRMS<\/strong><br>Sensor: VIIRS_NOAA20_NRT<br>Fecha UTC: 2026-08-31T02:19:00Z<br>Confianza: nominal<br>FRP: 0.31 MW"
      }
    },
    {
      "type": "Feature",
      "geometry": {
        "type": "Point",
        "coordinates": [-2.3486, 34.596]
      },
      "properties": {
        "bright_ti4": 307.79,
        "scan": 0.47,
        "track": 0.4,
        "acq_date": "2026-08-31",
        "acq_time": "0219",
        "satellite": "N20",
        "instrument": "VIIRS",
        "confidence": "n",
        "version": "2.0NRT",
        "bright_ti5": 293.8,
        "frp": 1.06,
        "daynight": "N",
        "source_dataset": "VIIRS_NOAA20_NRT",
        "acq_datetime_utc": "2026-08-31T02:19:00Z",
        "age_hours": 6.5,
        "confidence_label": "nominal",
        "popup_label": "<strong>NASA FIRMS<\/strong><br>Sensor: VIIRS_NOAA20_NRT<br>Fecha UTC: 2026-08-31T02:19:00Z<br>Confianza: nominal<br>FRP: 1.06 MW"
      }
    },
    {
      "type": "Feature",
      "geometry": {
        "type": "Point",
        "coordinates": [0.3278, 34.7996]
      },
      "properties": {
        "bright_ti4": 302.68,
        "scan": 0.41,
        "track": 0.45,
        "acq_date": "2026-08-31",
        "acq_time": "0219",
        "satellite": "N20",
        "instrument": "VIIRS",
        "confidence": "n",
        "version": "2.0NRT",
        "bright_ti5": 291.5,
        "frp": 0.93,
        "daynight": "N",
        "source_dataset": "VIIRS_NOAA20_NRT",
        "acq_datetime_utc": "2026-08-31T02:19:00Z",
        "age_hours": 6.5,
        "confidence_label": "nominal",
        "popup_label": "<strong>NASA FIRMS<\/strong><br>Sensor: VIIRS_NOAA20_NRT<br>Fecha UTC: 2026-08-31T02:19:00Z<br>Confianza: nominal<br>FRP: 0.93 MW"
      }
    },
    {
      "type": "Feature",
      "geometry": {
        "type": "Point",
        "coordinates": [1.3541, 35.3423]
      },
      "properties": {
        "bright_ti4": 301.32,
        "scan": 0.46,
        "track": 0.47,
        "acq_date": "2026-08-31",
        "acq_time": "0219",
        "satellite": "N20",
        "instrument": "VIIRS",
        "confidence": "n",
        "version": "2.0NRT",
        "bright_ti5": 290.24,
        "frp": 0.69,
        "daynight": "N",
        "source_dataset": "VIIRS_NOAA20_NRT",
        "acq_datetime_utc": "2026-08-31T02:19:00Z",
        "age_hours": 6.5,
        "confidence_label": "nominal",
        "popup_label": "<strong>NASA FIRMS<\/strong><br>Sensor: VIIRS_NOAA20_NRT<br>Fecha UTC: 2026-08-31T02:19:00Z<br>Confianza: nominal<br>FRP: 0.69 MW"
      }
    },
    {
      "type": "Feature",
      "geometry": {
        "type": "Point",
        "coordinates": [-0.937, 35.5673]
      },
      "properties": {
        "bright_ti4": 305.02,
        "scan": 0.52,
        "track": 0.42,
        "acq_date": "2026-08-31",
        "acq_time": "0219",
        "satellite": "N20",
        "instrument": "VIIRS",
        "confidence": "n",
        "version": "2.0NRT",
        "bright_ti5": 293.22,
        "frp": 1.03,
        "daynight": "N",
        "source_dataset": "VIIRS_NOAA20_NRT",
        "acq_datetime_utc": "2026-08-31T02:19:00Z",
        "age_hours": 6.5,
        "confidence_label": "nominal",
        "popup_label": "<strong>NASA FIRMS<\/strong><br>Sensor: VIIRS_NOAA20_NRT<br>Fecha UTC: 2026-08-31T02:19:00Z<br>Confianza: nominal<br>FRP: 1.03 MW"
      }
    },
    {
      "type": "Feature",
      "geometry": {
        "type": "Point",
        "coordinates": [4.4771, 35.7112]
      },
      "properties": {
        "bright_ti4": 315.68,
        "scan": 0.33,
        "track": 0.55,
        "acq_date": "2026-08-31",
        "acq_time": "0219",
        "satellite": "N20",
        "instrument": "VIIRS",
        "confidence": "n",
        "version": "2.0NRT",
        "bright_ti5": 295.26,
        "frp": 3.65,
        "daynight": "N",
        "source_dataset": "VIIRS_NOAA20_NRT",
        "acq_datetime_utc": "2026-08-31T02:19:00Z",
        "age_hours": 6.5,
        "confidence_label": "nominal",
        "popup_label": "<strong>NASA FIRMS<\/strong><br>Sensor: VIIRS_NOAA20_NRT<br>Fecha UTC: 2026-08-31T02:19:00Z<br>Confianza: nominal<br>FRP: 3.65 MW"
      }
    },
    {
      "type": "Feature",
      "geometry": {
        "type": "Point",
        "coordinates": [0.5401, 35.7844]
      },
      "properties": {
        "bright_ti4": 305.36,
        "scan": 0.41,
        "track": 0.45,
        "acq_date": "2026-08-31",
        "acq_time": "0219",
        "satellite": "N20",
        "instrument": "VIIRS",
        "confidence": "n",
        "version": "2.0NRT",
        "bright_ti5": 290.51,
        "frp": 1.77,
        "daynight": "N",
        "source_dataset": "VIIRS_NOAA20_NRT",
        "acq_datetime_utc": "2026-08-31T02:19:00Z",
        "age_hours": 6.5,
        "confidence_label": "nominal",
        "popup_label": "<strong>NASA FIRMS<\/strong><br>Sensor: VIIRS_NOAA20_NRT<br>Fecha UTC: 2026-08-31T02:19:00Z<br>Confianza: nominal<br>FRP: 1.77 MW"
      }
    },
    {
      "type": "Feature",
      "geometry": {
        "type": "Point",
        "coordinates": [-0.2429, 35.8044]
      },
      "properties": {
        "bright_ti4": 306.66,
        "scan": 0.56,
        "track": 0.43,
        "acq_date": "2026-08-31",
        "acq_time": "0219",
        "satellite": "N20",
        "instrument": "VIIRS",
        "confidence": "n",
        "version": "2.0NRT",
        "bright_ti5": 294.02,
        "frp": 1.83,
        "daynight": "N",
        "source_dataset": "VIIRS_NOAA20_NRT",
        "acq_datetime_utc": "2026-08-31T02:19:00Z",
        "age_hours": 6.5,
        "confidence_label": "nominal",
        "popup_label": "<strong>NASA FIRMS<\/strong><br>Sensor: VIIRS_NOAA20_NRT<br>Fecha UTC: 2026-08-31T02:19:00Z<br>Confianza: nominal<br>FRP: 1.83 MW"
      }
    },
    {
      "type": "Feature",
      "geometry": {
        "type": "Point",
        "coordinates": [-0.2549, 35.8068]
      },
      "properties": {
        "bright_ti4": 326.63,
        "scan": 0.56,
        "track": 0.43,
        "acq_date": "2026-08-31",
        "acq_time": "0219",
        "satellite": "N20",
        "instrument": "VIIRS",
        "confidence": "n",
        "version": "2.0NRT",
        "bright_ti5": 293.54,
        "frp": 3.33,
        "daynight": "N",
        "source_dataset": "VIIRS_NOAA20_NRT",
        "acq_datetime_utc": "2026-08-31T02:19:00Z",
        "age_hours": 6.5,
        "confidence_label": "nominal",
        "popup_label": "<strong>NASA FIRMS<\/strong><br>Sensor: VIIRS_NOAA20_NRT<br>Fecha UTC: 2026-08-31T02:19:00Z<br>Confianza: nominal<br>FRP: 3.33 MW"
      }
    },
    {
      "type": "Feature",
      "geometry": {
        "type": "Point",
        "coordinates": [-0.3438, 35.809]
      },
      "properties": {
        "bright_ti4": 305.53,
        "scan": 0.55,
        "track": 0.43,
        "acq_date": "2026-08-31",
        "acq_time": "0219",
        "satellite": "N20",
        "instrument": "VIIRS",
        "confidence": "n",
        "version": "2.0NRT",
        "bright_ti5": 293.52,
        "frp": 1.19,
        "daynight": "N",
        "source_dataset": "VIIRS_NOAA20_NRT",
        "acq_datetime_utc": "2026-08-31T02:19:00Z",
        "age_hours": 6.5,
        "confidence_label": "nominal",
        "popup_label": "<strong>NASA FIRMS<\/strong><br>Sensor: VIIRS_NOAA20_NRT<br>Fecha UTC: 2026-08-31T02:19:00Z<br>Confianza: nominal<br>FRP: 1.19 MW"
      }
    },
    {
      "type": "Feature",
      "geometry": {
        "type": "Point",
        "coordinates": [-0.2536, 35.8107]
      },
      "properties": {
        "bright_ti4": 308.8,
        "scan": 0.56,
        "track": 0.43,
        "acq_date": "2026-08-31",
        "acq_time": "0219",
        "satellite": "N20",
        "instrument": "VIIRS",
        "confidence": "n",
        "version": "2.0NRT",
        "bright_ti5": 293.5,
        "frp": 1.85,
        "daynight": "N",
        "source_dataset": "VIIRS_NOAA20_NRT",
        "acq_datetime_utc": "2026-08-31T02:19:00Z",
        "age_hours": 6.5,
        "confidence_label": "nominal",
        "popup_label": "<strong>NASA FIRMS<\/strong><br>Sensor: VIIRS_NOAA20_NRT<br>Fecha UTC: 2026-08-31T02:19:00Z<br>Confianza: nominal<br>FRP: 1.85 MW"
      }
    },
    {
      "type": "Feature",
      "geometry": {
        "type": "Point",
        "coordinates": [-0.2717, 35.8144]
      },
      "properties": {
        "bright_ti4": 305.69,
        "scan": 0.56,
        "track": 0.43,
        "acq_date": "2026-08-31",
        "acq_time": "0219",
        "satellite": "N20",
        "instrument": "VIIRS",
        "confidence": "n",
        "version": "2.0NRT",
        "bright_ti5": 292.98,
        "frp": 1.99,
        "daynight": "N",
        "source_dataset": "VIIRS_NOAA20_NRT",
        "acq_datetime_utc": "2026-08-31T02:19:00Z",
        "age_hours": 6.5,
        "confidence_label": "nominal",
        "popup_label": "<strong>NASA FIRMS<\/strong><br>Sensor: VIIRS_NOAA20_NRT<br>Fecha UTC: 2026-08-31T02:19:00Z<br>Confianza: nominal<br>FRP: 1.99 MW"
      }
    },
    {
      "type": "Feature",
      "geometry": {
        "type": "Point",
        "coordinates": [4.4483, 35.8777]
      },
      "properties": {
        "bright_ti4": 309.74,
        "scan": 0.33,
        "track": 0.55,
        "acq_date": "2026-08-31",
        "acq_time": "0219",
        "satellite": "N20",
        "instrument": "VIIRS",
        "confidence": "n",
        "version": "2.0NRT",
        "bright_ti5": 294.38,
        "frp": 0.94,
        "daynight": "N",
        "source_dataset": "VIIRS_NOAA20_NRT",
        "acq_datetime_utc": "2026-08-31T02:19:00Z",
        "age_hours": 6.5,
        "confidence_label": "nominal",
        "popup_label": "<strong>NASA FIRMS<\/strong><br>Sensor: VIIRS_NOAA20_NRT<br>Fecha UTC: 2026-08-31T02:19:00Z<br>Confianza: nominal<br>FRP: 0.94 MW"
      }
    },
    {
      "type": "Feature",
      "geometry": {
        "type": "Point",
        "coordinates": [4.4455, 35.8785]
      },
      "properties": {
        "bright_ti4": 320.36,
        "scan": 0.33,
        "track": 0.55,
        "acq_date": "2026-08-31",
        "acq_time": "0219",
        "satellite": "N20",
        "instrument": "VIIRS",
        "confidence": "n",
        "version": "2.0NRT",
        "bright_ti5": 294.94,
        "frp": 2,
        "daynight": "N",
        "source_dataset": "VIIRS_NOAA20_NRT",
        "acq_datetime_utc": "2026-08-31T02:19:00Z",
        "age_hours": 6.5,
        "confidence_label": "nominal",
        "popup_label": "<strong>NASA FIRMS<\/strong><br>Sensor: VIIRS_NOAA20_NRT<br>Fecha UTC: 2026-08-31T02:19:00Z<br>Confianza: nominal<br>FRP: 2 MW"
      }
    },
    {
      "type": "Feature",
      "geometry": {
        "type": "Point",
        "coordinates": [4.4449, 35.8785]
      },
      "properties": {
        "bright_ti4": 309.83,
        "scan": 0.33,
        "track": 0.55,
        "acq_date": "2026-08-31",
        "acq_time": "0219",
        "satellite": "N20",
        "instrument": "VIIRS",
        "confidence": "n",
        "version": "2.0NRT",
        "bright_ti5": 293.66,
        "frp": 0.94,
        "daynight": "N",
        "source_dataset": "VIIRS_NOAA20_NRT",
        "acq_datetime_utc": "2026-08-31T02:19:00Z",
        "age_hours": 6.5,
        "confidence_label": "nominal",
        "popup_label": "<strong>NASA FIRMS<\/strong><br>Sensor: VIIRS_NOAA20_NRT<br>Fecha UTC: 2026-08-31T02:19:00Z<br>Confianza: nominal<br>FRP: 0.94 MW"
      }
    },
    {
      "type": "Feature",
      "geometry": {
        "type": "Point",
        "coordinates": [1.242, 36.13]
      },
      "properties": {
        "bright_ti4": 305.47,
        "scan": 0.43,
        "track": 0.46,
        "acq_date": "2026-08-31",
        "acq_time": "0219",
        "satellite": "N20",
        "instrument": "VIIRS",
        "confidence": "n",
        "version": "2.0NRT",
        "bright_ti5": 294.71,
        "frp": 0.94,
        "daynight": "N",
        "source_dataset": "VIIRS_NOAA20_NRT",
        "acq_datetime_utc": "2026-08-31T02:19:00Z",
        "age_hours": 6.5,
        "confidence_label": "nominal",
        "popup_label": "<strong>NASA FIRMS<\/strong><br>Sensor: VIIRS_NOAA20_NRT<br>Fecha UTC: 2026-08-31T02:19:00Z<br>Confianza: nominal<br>FRP: 0.94 MW"
      }
    },
    {
      "type": "Feature",
      "geometry": {
        "type": "Point",
        "coordinates": [2.9271, 36.1412]
      },
      "properties": {
        "bright_ti4": 307.45,
        "scan": 0.53,
        "track": 0.5,
        "acq_date": "2026-08-31",
        "acq_time": "0219",
        "satellite": "N20",
        "instrument": "VIIRS",
        "confidence": "n",
        "version": "2.0NRT",
        "bright_ti5": 292.69,
        "frp": 0.55,
        "daynight": "N",
        "source_dataset": "VIIRS_NOAA20_NRT",
        "acq_datetime_utc": "2026-08-31T02:19:00Z",
        "age_hours": 6.5,
        "confidence_label": "nominal",
        "popup_label": "<strong>NASA FIRMS<\/strong><br>Sensor: VIIRS_NOAA20_NRT<br>Fecha UTC: 2026-08-31T02:19:00Z<br>Confianza: nominal<br>FRP: 0.55 MW"
      }
    },
    {
      "type": "Feature",
      "geometry": {
        "type": "Point",
        "coordinates": [-5.4212, 36.1786]
      },
      "properties": {
        "bright_ti4": 313.73,
        "scan": 0.39,
        "track": 0.36,
        "acq_date": "2026-08-31",
        "acq_time": "0219",
        "satellite": "N20",
        "instrument": "VIIRS",
        "confidence": "n",
        "version": "2.0NRT",
        "bright_ti5": 292.83,
        "frp": 0.94,
        "daynight": "N",
        "source_dataset": "VIIRS_NOAA20_NRT",
        "acq_datetime_utc": "2026-08-31T02:19:00Z",
        "age_hours": 6.5,
        "confidence_label": "nominal",
        "popup_label": "<strong>NASA FIRMS<\/strong><br>Sensor: VIIRS_NOAA20_NRT<br>Fecha UTC: 2026-08-31T02:19:00Z<br>Confianza: nominal<br>FRP: 0.94 MW"
      }
    },
    {
      "type": "Feature",
      "geometry": {
        "type": "Point",
        "coordinates": [-5.4254, 36.1793]
      },
      "properties": {
        "bright_ti4": 302.94,
        "scan": 0.39,
        "track": 0.36,
        "acq_date": "2026-08-31",
        "acq_time": "0219",
        "satellite": "N20",
        "instrument": "VIIRS",
        "confidence": "n",
        "version": "2.0NRT",
        "bright_ti5": 292.23,
        "frp": 0.94,
        "daynight": "N",
        "source_dataset": "VIIRS_NOAA20_NRT",
        "acq_datetime_utc": "2026-08-31T02:19:00Z",
        "age_hours": 6.5,
        "confidence_label": "nominal",
        "popup_label": "<strong>NASA FIRMS<\/strong><br>Sensor: VIIRS_NOAA20_NRT<br>Fecha UTC: 2026-08-31T02:19:00Z<br>Confianza: nominal<br>FRP: 0.94 MW"
      }
    },
    {
      "type": "Feature",
      "geometry": {
        "type": "Point",
        "coordinates": [3.7504, 36.1794]
      },
      "properties": {
        "bright_ti4": 305.21,
        "scan": 0.59,
        "track": 0.53,
        "acq_date": "2026-08-31",
        "acq_time": "0219",
        "satellite": "N20",
        "instrument": "VIIRS",
        "confidence": "n",
        "version": "2.0NRT",
        "bright_ti5": 291.98,
        "frp": 2.17,
        "daynight": "N",
        "source_dataset": "VIIRS_NOAA20_NRT",
        "acq_datetime_utc": "2026-08-31T02:19:00Z",
        "age_hours": 6.5,
        "confidence_label": "nominal",
        "popup_label": "<strong>NASA FIRMS<\/strong><br>Sensor: VIIRS_NOAA20_NRT<br>Fecha UTC: 2026-08-31T02:19:00Z<br>Confianza: nominal<br>FRP: 2.17 MW"
      }
    },
    {
      "type": "Feature",
      "geometry": {
        "type": "Point",
        "coordinates": [3.7501, 36.1798]
      },
      "properties": {
        "bright_ti4": 310.79,
        "scan": 0.59,
        "track": 0.53,
        "acq_date": "2026-08-31",
        "acq_time": "0219",
        "satellite": "N20",
        "instrument": "VIIRS",
        "confidence": "n",
        "version": "2.0NRT",
        "bright_ti5": 291.86,
        "frp": 1.69,
        "daynight": "N",
        "source_dataset": "VIIRS_NOAA20_NRT",
        "acq_datetime_utc": "2026-08-31T02:19:00Z",
        "age_hours": 6.5,
        "confidence_label": "nominal",
        "popup_label": "<strong>NASA FIRMS<\/strong><br>Sensor: VIIRS_NOAA20_NRT<br>Fecha UTC: 2026-08-31T02:19:00Z<br>Confianza: nominal<br>FRP: 1.69 MW"
      }
    },
    {
      "type": "Feature",
      "geometry": {
        "type": "Point",
        "coordinates": [2.876, 36.598]
      },
      "properties": {
        "bright_ti4": 306.73,
        "scan": 0.52,
        "track": 0.5,
        "acq_date": "2026-08-31",
        "acq_time": "0219",
        "satellite": "N20",
        "instrument": "VIIRS",
        "confidence": "n",
        "version": "2.0NRT",
        "bright_ti5": 293.25,
        "frp": 1.43,
        "daynight": "N",
        "source_dataset": "VIIRS_NOAA20_NRT",
        "acq_datetime_utc": "2026-08-31T02:19:00Z",
        "age_hours": 6.5,
        "confidence_label": "nominal",
        "popup_label": "<strong>NASA FIRMS<\/strong><br>Sensor: VIIRS_NOAA20_NRT<br>Fecha UTC: 2026-08-31T02:19:00Z<br>Confianza: nominal<br>FRP: 1.43 MW"
      }
    },
    {
      "type": "Feature",
      "geometry": {
        "type": "Point",
        "coordinates": [2.8762, 36.5992]
      },
      "properties": {
        "bright_ti4": 307.34,
        "scan": 0.52,
        "track": 0.5,
        "acq_date": "2026-08-31",
        "acq_time": "0219",
        "satellite": "N20",
        "instrument": "VIIRS",
        "confidence": "n",
        "version": "2.0NRT",
        "bright_ti5": 293.38,
        "frp": 0.79,
        "daynight": "N",
        "source_dataset": "VIIRS_NOAA20_NRT",
        "acq_datetime_utc": "2026-08-31T02:19:00Z",
        "age_hours": 6.5,
        "confidence_label": "nominal",
        "popup_label": "<strong>NASA FIRMS<\/strong><br>Sensor: VIIRS_NOAA20_NRT<br>Fecha UTC: 2026-08-31T02:19:00Z<br>Confianza: nominal<br>FRP: 0.79 MW"
      }
    },
    {
      "type": "Feature",
      "geometry": {
        "type": "Point",
        "coordinates": [3.1394, 36.5994]
      },
      "properties": {
        "bright_ti4": 304.59,
        "scan": 0.53,
        "track": 0.5,
        "acq_date": "2026-08-31",
        "acq_time": "0219",
        "satellite": "N20",
        "instrument": "VIIRS",
        "confidence": "n",
        "version": "2.0NRT",
        "bright_ti5": 293.91,
        "frp": 0.98,
        "daynight": "N",
        "source_dataset": "VIIRS_NOAA20_NRT",
        "acq_datetime_utc": "2026-08-31T02:19:00Z",
        "age_hours": 6.5,
        "confidence_label": "nominal",
        "popup_label": "<strong>NASA FIRMS<\/strong><br>Sensor: VIIRS_NOAA20_NRT<br>Fecha UTC: 2026-08-31T02:19:00Z<br>Confianza: nominal<br>FRP: 0.98 MW"
      }
    },
    {
      "type": "Feature",
      "geometry": {
        "type": "Point",
        "coordinates": [3.2325, 36.631]
      },
      "properties": {
        "bright_ti4": 305.04,
        "scan": 0.54,
        "track": 0.51,
        "acq_date": "2026-08-31",
        "acq_time": "0219",
        "satellite": "N20",
        "instrument": "VIIRS",
        "confidence": "n",
        "version": "2.0NRT",
        "bright_ti5": 294.31,
        "frp": 1.21,
        "daynight": "N",
        "source_dataset": "VIIRS_NOAA20_NRT",
        "acq_datetime_utc": "2026-08-31T02:19:00Z",
        "age_hours": 6.5,
        "confidence_label": "nominal",
        "popup_label": "<strong>NASA FIRMS<\/strong><br>Sensor: VIIRS_NOAA20_NRT<br>Fecha UTC: 2026-08-31T02:19:00Z<br>Confianza: nominal<br>FRP: 1.21 MW"
      }
    },
    {
      "type": "Feature",
      "geometry": {
        "type": "Point",
        "coordinates": [3.122, 36.6812]
      },
      "properties": {
        "bright_ti4": 307.85,
        "scan": 0.53,
        "track": 0.5,
        "acq_date": "2026-08-31",
        "acq_time": "0219",
        "satellite": "N20",
        "instrument": "VIIRS",
        "confidence": "n",
        "version": "2.0NRT",
        "bright_ti5": 293.94,
        "frp": 0.92,
        "daynight": "N",
        "source_dataset": "VIIRS_NOAA20_NRT",
        "acq_datetime_utc": "2026-08-31T02:19:00Z",
        "age_hours": 6.5,
        "confidence_label": "nominal",
        "popup_label": "<strong>NASA FIRMS<\/strong><br>Sensor: VIIRS_NOAA20_NRT<br>Fecha UTC: 2026-08-31T02:19:00Z<br>Confianza: nominal<br>FRP: 0.92 MW"
      }
    },
    {
      "type": "Feature",
      "geometry": {
        "type": "Point",
        "coordinates": [-4.3319, 36.7159]
      },
      "properties": {
        "bright_ti4": 308.21,
        "scan": 0.39,
        "track": 0.36,
        "acq_date": "2026-08-31",
        "acq_time": "0219",
        "satellite": "N20",
        "instrument": "VIIRS",
        "confidence": "n",
        "version": "2.0NRT",
        "bright_ti5": 293.26,
        "frp": 0.63,
        "daynight": "N",
        "source_dataset": "VIIRS_NOAA20_NRT",
        "acq_datetime_utc": "2026-08-31T02:19:00Z",
        "age_hours": 6.5,
        "confidence_label": "nominal",
        "popup_label": "<strong>NASA FIRMS<\/strong><br>Sensor: VIIRS_NOAA20_NRT<br>Fecha UTC: 2026-08-31T02:19:00Z<br>Confianza: nominal<br>FRP: 0.63 MW"
      }
    },
    {
      "type": "Feature",
      "geometry": {
        "type": "Point",
        "coordinates": [-1.9076, 36.9657]
      },
      "properties": {
        "bright_ti4": 305.48,
        "scan": 0.45,
        "track": 0.39,
        "acq_date": "2026-08-31",
        "acq_time": "0219",
        "satellite": "N20",
        "instrument": "VIIRS",
        "confidence": "n",
        "version": "2.0NRT",
        "bright_ti5": 292.84,
        "frp": 0.72,
        "daynight": "N",
        "source_dataset": "VIIRS_NOAA20_NRT",
        "acq_datetime_utc": "2026-08-31T02:19:00Z",
        "age_hours": 6.5,
        "confidence_label": "nominal",
        "popup_label": "<strong>NASA FIRMS<\/strong><br>Sensor: VIIRS_NOAA20_NRT<br>Fecha UTC: 2026-08-31T02:19:00Z<br>Confianza: nominal<br>FRP: 0.72 MW"
      }
    },
    {
      "type": "Feature",
      "geometry": {
        "type": "Point",
        "coordinates": [-1.9066, 36.9692]
      },
      "properties": {
        "bright_ti4": 306.48,
        "scan": 0.45,
        "track": 0.39,
        "acq_date": "2026-08-31",
        "acq_time": "0219",
        "satellite": "N20",
        "instrument": "VIIRS",
        "confidence": "n",
        "version": "2.0NRT",
        "bright_ti5": 293.12,
        "frp": 0.54,
        "daynight": "N",
        "source_dataset": "VIIRS_NOAA20_NRT",
        "acq_datetime_utc": "2026-08-31T02:19:00Z",
        "age_hours": 6.5,
        "confidence_label": "nominal",
        "popup_label": "<strong>NASA FIRMS<\/strong><br>Sensor: VIIRS_NOAA20_NRT<br>Fecha UTC: 2026-08-31T02:19:00Z<br>Confianza: nominal<br>FRP: 0.54 MW"
      }
    },
    {
      "type": "Feature",
      "geometry": {
        "type": "Point",
        "coordinates": [-6.2835, 37.3637]
      },
      "properties": {
        "bright_ti4": 328.3,
        "scan": 0.39,
        "track": 0.36,
        "acq_date": "2026-08-31",
        "acq_time": "0219",
        "satellite": "N20",
        "instrument": "VIIRS",
        "confidence": "n",
        "version": "2.0NRT",
        "bright_ti5": 294.37,
        "frp": 6.74,
        "daynight": "N",
        "source_dataset": "VIIRS_NOAA20_NRT",
        "acq_datetime_utc": "2026-08-31T02:19:00Z",
        "age_hours": 6.5,
        "confidence_label": "nominal",
        "popup_label": "<strong>NASA FIRMS<\/strong><br>Sensor: VIIRS_NOAA20_NRT<br>Fecha UTC: 2026-08-31T02:19:00Z<br>Confianza: nominal<br>FRP: 6.74 MW"
      }
    },
    {
      "type": "Feature",
      "geometry": {
        "type": "Point",
        "coordinates": [-6.7168, 38.3219]
      },
      "properties": {
        "bright_ti4": 307.62,
        "scan": 0.4,
        "track": 0.37,
        "acq_date": "2026-08-31",
        "acq_time": "0219",
        "satellite": "N20",
        "instrument": "VIIRS",
        "confidence": "n",
        "version": "2.0NRT",
        "bright_ti5": 292.68,
        "frp": 1.42,
        "daynight": "N",
        "source_dataset": "VIIRS_NOAA20_NRT",
        "acq_datetime_utc": "2026-08-31T02:19:00Z",
        "age_hours": 6.5,
        "confidence_label": "nominal",
        "popup_label": "<strong>NASA FIRMS<\/strong><br>Sensor: VIIRS_NOAA20_NRT<br>Fecha UTC: 2026-08-31T02:19:00Z<br>Confianza: nominal<br>FRP: 1.42 MW"
      }
    },
    {
      "type": "Feature",
      "geometry": {
        "type": "Point",
        "coordinates": [-6.4842, 38.3797]
      },
      "properties": {
        "bright_ti4": 302.34,
        "scan": 0.39,
        "track": 0.36,
        "acq_date": "2026-08-31",
        "acq_time": "0219",
        "satellite": "N20",
        "instrument": "VIIRS",
        "confidence": "n",
        "version": "2.0NRT",
        "bright_ti5": 290.67,
        "frp": 0.83,
        "daynight": "N",
        "source_dataset": "VIIRS_NOAA20_NRT",
        "acq_datetime_utc": "2026-08-31T02:19:00Z",
        "age_hours": 6.5,
        "confidence_label": "nominal",
        "popup_label": "<strong>NASA FIRMS<\/strong><br>Sensor: VIIRS_NOAA20_NRT<br>Fecha UTC: 2026-08-31T02:19:00Z<br>Confianza: nominal<br>FRP: 0.83 MW"
      }
    },
    {
      "type": "Feature",
      "geometry": {
        "type": "Point",
        "coordinates": [-8.9345, 38.5025]
      },
      "properties": {
        "bright_ti4": 302.62,
        "scan": 0.45,
        "track": 0.39,
        "acq_date": "2026-08-31",
        "acq_time": "0219",
        "satellite": "N20",
        "instrument": "VIIRS",
        "confidence": "n",
        "version": "2.0NRT",
        "bright_ti5": 290.95,
        "frp": 0.84,
        "daynight": "N",
        "source_dataset": "VIIRS_NOAA20_NRT",
        "acq_datetime_utc": "2026-08-31T02:19:00Z",
        "age_hours": 6.5,
        "confidence_label": "nominal",
        "popup_label": "<strong>NASA FIRMS<\/strong><br>Sensor: VIIRS_NOAA20_NRT<br>Fecha UTC: 2026-08-31T02:19:00Z<br>Confianza: nominal<br>FRP: 0.84 MW"
      }
    },
    {
      "type": "Feature",
      "geometry": {
        "type": "Point",
        "coordinates": [-9.0784, 38.6317]
      },
      "properties": {
        "bright_ti4": 304.21,
        "scan": 0.46,
        "track": 0.39,
        "acq_date": "2026-08-31",
        "acq_time": "0219",
        "satellite": "N20",
        "instrument": "VIIRS",
        "confidence": "n",
        "version": "2.0NRT",
        "bright_ti5": 290.65,
        "frp": 0.65,
        "daynight": "N",
        "source_dataset": "VIIRS_NOAA20_NRT",
        "acq_datetime_utc": "2026-08-31T02:19:00Z",
        "age_hours": 6.5,
        "confidence_label": "nominal",
        "popup_label": "<strong>NASA FIRMS<\/strong><br>Sensor: VIIRS_NOAA20_NRT<br>Fecha UTC: 2026-08-31T02:19:00Z<br>Confianza: nominal<br>FRP: 0.65 MW"
      }
    },
    {
      "type": "Feature",
      "geometry": {
        "type": "Point",
        "coordinates": [-9.0121, 38.9205]
      },
      "properties": {
        "bright_ti4": 307.34,
        "scan": 0.46,
        "track": 0.39,
        "acq_date": "2026-08-31",
        "acq_time": "0219",
        "satellite": "N20",
        "instrument": "VIIRS",
        "confidence": "n",
        "version": "2.0NRT",
        "bright_ti5": 290.48,
        "frp": 1.08,
        "daynight": "N",
        "source_dataset": "VIIRS_NOAA20_NRT",
        "acq_datetime_utc": "2026-08-31T02:19:00Z",
        "age_hours": 6.5,
        "confidence_label": "nominal",
        "popup_label": "<strong>NASA FIRMS<\/strong><br>Sensor: VIIRS_NOAA20_NRT<br>Fecha UTC: 2026-08-31T02:19:00Z<br>Confianza: nominal<br>FRP: 1.08 MW"
      }
    },
    {
      "type": "Feature",
      "geometry": {
        "type": "Point",
        "coordinates": [-8.4189, 40.2896]
      },
      "properties": {
        "bright_ti4": 297.75,
        "scan": 0.45,
        "track": 0.39,
        "acq_date": "2026-08-31",
        "acq_time": "0217",
        "satellite": "N20",
        "instrument": "VIIRS",
        "confidence": "n",
        "version": "2.0NRT",
        "bright_ti5": 286.9,
        "frp": 0.78,
        "daynight": "N",
        "source_dataset": "VIIRS_NOAA20_NRT",
        "acq_datetime_utc": "2026-08-31T02:17:00Z",
        "age_hours": 6.5,
        "confidence_label": "nominal",
        "popup_label": "<strong>NASA FIRMS<\/strong><br>Sensor: VIIRS_NOAA20_NRT<br>Fecha UTC: 2026-08-31T02:17:00Z<br>Confianza: nominal<br>FRP: 0.78 MW"
      }
    },
    {
      "type": "Feature",
      "geometry": {
        "type": "Point",
        "coordinates": [1.9999, 41.4071]
      },
      "properties": {
        "bright_ti4": 305.48,
        "scan": 0.55,
        "track": 0.43,
        "acq_date": "2026-08-31",
        "acq_time": "0217",
        "satellite": "N20",
        "instrument": "VIIRS",
        "confidence": "n",
        "version": "2.0NRT",
        "bright_ti5": 292.47,
        "frp": 1.08,
        "daynight": "N",
        "source_dataset": "VIIRS_NOAA20_NRT",
        "acq_datetime_utc": "2026-08-31T02:17:00Z",
        "age_hours": 6.5,
        "confidence_label": "nominal",
        "popup_label": "<strong>NASA FIRMS<\/strong><br>Sensor: VIIRS_NOAA20_NRT<br>Fecha UTC: 2026-08-31T02:17:00Z<br>Confianza: nominal<br>FRP: 1.08 MW"
      }
    },
    {
      "type": "Feature",
      "geometry": {
        "type": "Point",
        "coordinates": [-4.4292, 41.9851]
      },
      "properties": {
        "bright_ti4": 325.58,
        "scan": 0.38,
        "track": 0.36,
        "acq_date": "2026-08-31",
        "acq_time": "0217",
        "satellite": "N20",
        "instrument": "VIIRS",
        "confidence": "n",
        "version": "2.0NRT",
        "bright_ti5": 286.01,
        "frp": 1.92,
        "daynight": "N",
        "source_dataset": "VIIRS_NOAA20_NRT",
        "acq_datetime_utc": "2026-08-31T02:17:00Z",
        "age_hours": 6.5,
        "confidence_label": "nominal",
        "popup_label": "<strong>NASA FIRMS<\/strong><br>Sensor: VIIRS_NOAA20_NRT<br>Fecha UTC: 2026-08-31T02:17:00Z<br>Confianza: nominal<br>FRP: 1.92 MW"
      }
    },
    {
      "type": "Feature",
      "geometry": {
        "type": "Point",
        "coordinates": [-3.9767, 42.1912]
      },
      "properties": {
        "bright_ti4": 323.53,
        "scan": 0.38,
        "track": 0.36,
        "acq_date": "2026-08-31",
        "acq_time": "0217",
        "satellite": "N20",
        "instrument": "VIIRS",
        "confidence": "n",
        "version": "2.0NRT",
        "bright_ti5": 285.43,
        "frp": 9.19,
        "daynight": "N",
        "source_dataset": "VIIRS_NOAA20_NRT",
        "acq_datetime_utc": "2026-08-31T02:17:00Z",
        "age_hours": 6.5,
        "confidence_label": "nominal",
        "popup_label": "<strong>NASA FIRMS<\/strong><br>Sensor: VIIRS_NOAA20_NRT<br>Fecha UTC: 2026-08-31T02:17:00Z<br>Confianza: nominal<br>FRP: 9.19 MW"
      }
    },
    {
      "type": "Feature",
      "geometry": {
        "type": "Point",
        "coordinates": [-3.9758, 42.1945]
      },
      "properties": {
        "bright_ti4": 334,
        "scan": 0.38,
        "track": 0.36,
        "acq_date": "2026-08-31",
        "acq_time": "0217",
        "satellite": "N20",
        "instrument": "VIIRS",
        "confidence": "n",
        "version": "2.0NRT",
        "bright_ti5": 289.91,
        "frp": 9.19,
        "daynight": "N",
        "source_dataset": "VIIRS_NOAA20_NRT",
        "acq_datetime_utc": "2026-08-31T02:17:00Z",
        "age_hours": 6.5,
        "confidence_label": "nominal",
        "popup_label": "<strong>NASA FIRMS<\/strong><br>Sensor: VIIRS_NOAA20_NRT<br>Fecha UTC: 2026-08-31T02:17:00Z<br>Confianza: nominal<br>FRP: 9.19 MW"
      }
    },
    {
      "type": "Feature",
      "geometry": {
        "type": "Point",
        "coordinates": [-1.7421, 42.8134]
      },
      "properties": {
        "bright_ti4": 300.22,
        "scan": 0.4,
        "track": 0.37,
        "acq_date": "2026-08-31",
        "acq_time": "0217",
        "satellite": "N20",
        "instrument": "VIIRS",
        "confidence": "n",
        "version": "2.0NRT",
        "bright_ti5": 287.43,
        "frp": 0.5,
        "daynight": "N",
        "source_dataset": "VIIRS_NOAA20_NRT",
        "acq_datetime_utc": "2026-08-31T02:17:00Z",
        "age_hours": 6.5,
        "confidence_label": "nominal",
        "popup_label": "<strong>NASA FIRMS<\/strong><br>Sensor: VIIRS_NOAA20_NRT<br>Fecha UTC: 2026-08-31T02:17:00Z<br>Confianza: nominal<br>FRP: 0.5 MW"
      }
    },
    {
      "type": "Feature",
      "geometry": {
        "type": "Point",
        "coordinates": [-0.8737, 42.8279]
      },
      "properties": {
        "bright_ti4": 303.38,
        "scan": 0.42,
        "track": 0.37,
        "acq_date": "2026-08-31",
        "acq_time": "0217",
        "satellite": "N20",
        "instrument": "VIIRS",
        "confidence": "n",
        "version": "2.0NRT",
        "bright_ti5": 283.8,
        "frp": 0.94,
        "daynight": "N",
        "source_dataset": "VIIRS_NOAA20_NRT",
        "acq_datetime_utc": "2026-08-31T02:17:00Z",
        "age_hours": 6.5,
        "confidence_label": "nominal",
        "popup_label": "<strong>NASA FIRMS<\/strong><br>Sensor: VIIRS_NOAA20_NRT<br>Fecha UTC: 2026-08-31T02:17:00Z<br>Confianza: nominal<br>FRP: 0.94 MW"
      }
    },
    {
      "type": "Feature",
      "geometry": {
        "type": "Point",
        "coordinates": [-1.5119, 42.9213]
      },
      "properties": {
        "bright_ti4": 297.5,
        "scan": 0.4,
        "track": 0.37,
        "acq_date": "2026-08-31",
        "acq_time": "0217",
        "satellite": "N20",
        "instrument": "VIIRS",
        "confidence": "n",
        "version": "2.0NRT",
        "bright_ti5": 286.31,
        "frp": 0.42,
        "daynight": "N",
        "source_dataset": "VIIRS_NOAA20_NRT",
        "acq_datetime_utc": "2026-08-31T02:17:00Z",
        "age_hours": 6.5,
        "confidence_label": "nominal",
        "popup_label": "<strong>NASA FIRMS<\/strong><br>Sensor: VIIRS_NOAA20_NRT<br>Fecha UTC: 2026-08-31T02:17:00Z<br>Confianza: nominal<br>FRP: 0.42 MW"
      }
    },
    {
      "type": "Feature",
      "geometry": {
        "type": "Point",
        "coordinates": [-2.7741, 43.2056]
      },
      "properties": {
        "bright_ti4": 298.08,
        "scan": 0.39,
        "track": 0.36,
        "acq_date": "2026-08-31",
        "acq_time": "0217",
        "satellite": "N20",
        "instrument": "VIIRS",
        "confidence": "n",
        "version": "2.0NRT",
        "bright_ti5": 286.94,
        "frp": 0.55,
        "daynight": "N",
        "source_dataset": "VIIRS_NOAA20_NRT",
        "acq_datetime_utc": "2026-08-31T02:17:00Z",
        "age_hours": 6.5,
        "confidence_label": "nominal",
        "popup_label": "<strong>NASA FIRMS<\/strong><br>Sensor: VIIRS_NOAA20_NRT<br>Fecha UTC: 2026-08-31T02:17:00Z<br>Confianza: nominal<br>FRP: 0.55 MW"
      }
    },
    {
      "type": "Feature",
      "geometry": {
        "type": "Point",
        "coordinates": [-8.4343, 43.345]
      },
      "properties": {
        "bright_ti4": 300.15,
        "scan": 0.49,
        "track": 0.4,
        "acq_date": "2026-08-31",
        "acq_time": "0217",
        "satellite": "N20",
        "instrument": "VIIRS",
        "confidence": "n",
        "version": "2.0NRT",
        "bright_ti5": 287.87,
        "frp": 0.92,
        "daynight": "N",
        "source_dataset": "VIIRS_NOAA20_NRT",
        "acq_datetime_utc": "2026-08-31T02:17:00Z",
        "age_hours": 6.5,
        "confidence_label": "nominal",
        "popup_label": "<strong>NASA FIRMS<\/strong><br>Sensor: VIIRS_NOAA20_NRT<br>Fecha UTC: 2026-08-31T02:17:00Z<br>Confianza: nominal<br>FRP: 0.92 MW"
      }
    },
    {
      "type": "Feature",
      "geometry": {
        "type": "Point",
        "coordinates": [-5.8289, 43.5391]
      },
      "properties": {
        "bright_ti4": 315.43,
        "scan": 0.41,
        "track": 0.37,
        "acq_date": "2026-08-31",
        "acq_time": "0217",
        "satellite": "N20",
        "instrument": "VIIRS",
        "confidence": "n",
        "version": "2.0NRT",
        "bright_ti5": 286.6,
        "frp": 2.03,
        "daynight": "N",
        "source_dataset": "VIIRS_NOAA20_NRT",
        "acq_datetime_utc": "2026-08-31T02:17:00Z",
        "age_hours": 6.5,
        "confidence_label": "nominal",
        "popup_label": "<strong>NASA FIRMS<\/strong><br>Sensor: VIIRS_NOAA20_NRT<br>Fecha UTC: 2026-08-31T02:17:00Z<br>Confianza: nominal<br>FRP: 2.03 MW"
      }
    },
    {
      "type": "Feature",
      "geometry": {
        "type": "Point",
        "coordinates": [-5.8339, 43.5398]
      },
      "properties": {
        "bright_ti4": 320.68,
        "scan": 0.41,
        "track": 0.37,
        "acq_date": "2026-08-31",
        "acq_time": "0217",
        "satellite": "N20",
        "instrument": "VIIRS",
        "confidence": "n",
        "version": "2.0NRT",
        "bright_ti5": 288.94,
        "frp": 1.61,
        "daynight": "N",
        "source_dataset": "VIIRS_NOAA20_NRT",
        "acq_datetime_utc": "2026-08-31T02:17:00Z",
        "age_hours": 6.5,
        "confidence_label": "nominal",
        "popup_label": "<strong>NASA FIRMS<\/strong><br>Sensor: VIIRS_NOAA20_NRT<br>Fecha UTC: 2026-08-31T02:17:00Z<br>Confianza: nominal<br>FRP: 1.61 MW"
      }
    },
    {
      "type": "Feature",
      "geometry": {
        "type": "Point",
        "coordinates": [-5.8331, 43.5431]
      },
      "properties": {
        "bright_ti4": 301.78,
        "scan": 0.41,
        "track": 0.37,
        "acq_date": "2026-08-31",
        "acq_time": "0217",
        "satellite": "N20",
        "instrument": "VIIRS",
        "confidence": "n",
        "version": "2.0NRT",
        "bright_ti5": 288.94,
        "frp": 1.61,
        "daynight": "N",
        "source_dataset": "VIIRS_NOAA20_NRT",
        "acq_datetime_utc": "2026-08-31T02:17:00Z",
        "age_hours": 6.5,
        "confidence_label": "nominal",
        "popup_label": "<strong>NASA FIRMS<\/strong><br>Sensor: VIIRS_NOAA20_NRT<br>Fecha UTC: 2026-08-31T02:17:00Z<br>Confianza: nominal<br>FRP: 1.61 MW"
      }
    },
    {
      "type": "Feature",
      "geometry": {
        "type": "Point",
        "coordinates": [-5.7252, 43.5598]
      },
      "properties": {
        "bright_ti4": 302.09,
        "scan": 0.41,
        "track": 0.37,
        "acq_date": "2026-08-31",
        "acq_time": "0217",
        "satellite": "N20",
        "instrument": "VIIRS",
        "confidence": "n",
        "version": "2.0NRT",
        "bright_ti5": 286.62,
        "frp": 0.87,
        "daynight": "N",
        "source_dataset": "VIIRS_NOAA20_NRT",
        "acq_datetime_utc": "2026-08-31T02:17:00Z",
        "age_hours": 6.5,
        "confidence_label": "nominal",
        "popup_label": "<strong>NASA FIRMS<\/strong><br>Sensor: VIIRS_NOAA20_NRT<br>Fecha UTC: 2026-08-31T02:17:00Z<br>Confianza: nominal<br>FRP: 0.87 MW"
      }
    },
    {
      "type": "Feature",
      "geometry": {
        "type": "Point",
        "coordinates": [4.8935, 43.4345]
      },
      "properties": {
        "bright_ti4": 328.9,
        "scan": 0.45,
        "track": 0.47,
        "acq_date": "2026-08-31",
        "acq_time": "0215",
        "satellite": "N20",
        "instrument": "VIIRS",
        "confidence": "n",
        "version": "2.0NRT",
        "bright_ti5": 292.03,
        "frp": 2.6,
        "daynight": "N",
        "source_dataset": "VIIRS_NOAA20_NRT",
        "acq_datetime_utc": "2026-08-31T02:15:00Z",
        "age_hours": 6.6,
        "confidence_label": "nominal",
        "popup_label": "<strong>NASA FIRMS<\/strong><br>Sensor: VIIRS_NOAA20_NRT<br>Fecha UTC: 2026-08-31T02:15:00Z<br>Confianza: nominal<br>FRP: 2.6 MW"
      }
    },
    {
      "type": "Feature",
      "geometry": {
        "type": "Point",
        "coordinates": [4.8882, 43.4357]
      },
      "properties": {
        "bright_ti4": 307.05,
        "scan": 0.45,
        "track": 0.47,
        "acq_date": "2026-08-31",
        "acq_time": "0215",
        "satellite": "N20",
        "instrument": "VIIRS",
        "confidence": "n",
        "version": "2.0NRT",
        "bright_ti5": 291.69,
        "frp": 2.6,
        "daynight": "N",
        "source_dataset": "VIIRS_NOAA20_NRT",
        "acq_datetime_utc": "2026-08-31T02:15:00Z",
        "age_hours": 6.6,
        "confidence_label": "nominal",
        "popup_label": "<strong>NASA FIRMS<\/strong><br>Sensor: VIIRS_NOAA20_NRT<br>Fecha UTC: 2026-08-31T02:15:00Z<br>Confianza: nominal<br>FRP: 2.6 MW"
      }
    },
    {
      "type": "Feature",
      "geometry": {
        "type": "Point",
        "coordinates": [4.8918, 43.444]
      },
      "properties": {
        "bright_ti4": 302.73,
        "scan": 0.45,
        "track": 0.47,
        "acq_date": "2026-08-31",
        "acq_time": "0215",
        "satellite": "N20",
        "instrument": "VIIRS",
        "confidence": "n",
        "version": "2.0NRT",
        "bright_ti5": 291.02,
        "frp": 2.13,
        "daynight": "N",
        "source_dataset": "VIIRS_NOAA20_NRT",
        "acq_datetime_utc": "2026-08-31T02:15:00Z",
        "age_hours": 6.6,
        "confidence_label": "nominal",
        "popup_label": "<strong>NASA FIRMS<\/strong><br>Sensor: VIIRS_NOAA20_NRT<br>Fecha UTC: 2026-08-31T02:15:00Z<br>Confianza: nominal<br>FRP: 2.13 MW"
      }
    },
    {
      "type": "Feature",
      "geometry": {
        "type": "Point",
        "coordinates": [4.899, 43.4468]
      },
      "properties": {
        "bright_ti4": 329.45,
        "scan": 0.45,
        "track": 0.47,
        "acq_date": "2026-08-31",
        "acq_time": "0215",
        "satellite": "N20",
        "instrument": "VIIRS",
        "confidence": "n",
        "version": "2.0NRT",
        "bright_ti5": 292.55,
        "frp": 2.13,
        "daynight": "N",
        "source_dataset": "VIIRS_NOAA20_NRT",
        "acq_datetime_utc": "2026-08-31T02:15:00Z",
        "age_hours": 6.6,
        "confidence_label": "nominal",
        "popup_label": "<strong>NASA FIRMS<\/strong><br>Sensor: VIIRS_NOAA20_NRT<br>Fecha UTC: 2026-08-31T02:15:00Z<br>Confianza: nominal<br>FRP: 2.13 MW"
      }
    },
    {
      "type": "Feature",
      "geometry": {
        "type": "Point",
        "coordinates": [4.8936, 43.4481]
      },
      "properties": {
        "bright_ti4": 311.13,
        "scan": 0.45,
        "track": 0.47,
        "acq_date": "2026-08-31",
        "acq_time": "0215",
        "satellite": "N20",
        "instrument": "VIIRS",
        "confidence": "n",
        "version": "2.0NRT",
        "bright_ti5": 290.19,
        "frp": 2.13,
        "daynight": "N",
        "source_dataset": "VIIRS_NOAA20_NRT",
        "acq_datetime_utc": "2026-08-31T02:15:00Z",
        "age_hours": 6.6,
        "confidence_label": "nominal",
        "popup_label": "<strong>NASA FIRMS<\/strong><br>Sensor: VIIRS_NOAA20_NRT<br>Fecha UTC: 2026-08-31T02:15:00Z<br>Confianza: nominal<br>FRP: 2.13 MW"
      }
    },
    {
      "type": "Feature",
      "geometry": {
        "type": "Point",
        "coordinates": [3.9833, 32.2752]
      },
      "properties": {
        "bright_ti4": 327.78,
        "scan": 0.61,
        "track": 0.71,
        "acq_date": "2026-08-31",
        "acq_time": "0039",
        "satellite": "N20",
        "instrument": "VIIRS",
        "confidence": "n",
        "version": "2.0NRT",
        "bright_ti5": 295.61,
        "frp": 4.17,
        "daynight": "N",
        "source_dataset": "VIIRS_NOAA20_NRT",
        "acq_datetime_utc": "2026-08-31T00:39:00Z",
        "age_hours": 8.2,
        "confidence_label": "nominal",
        "popup_label": "<strong>NASA FIRMS<\/strong><br>Sensor: VIIRS_NOAA20_NRT<br>Fecha UTC: 2026-08-31T00:39:00Z<br>Confianza: nominal<br>FRP: 4.17 MW"
      }
    },
    {
      "type": "Feature",
      "geometry": {
        "type": "Point",
        "coordinates": [3.984, 32.2818]
      },
      "properties": {
        "bright_ti4": 341.15,
        "scan": 0.61,
        "track": 0.71,
        "acq_date": "2026-08-31",
        "acq_time": "0039",
        "satellite": "N20",
        "instrument": "VIIRS",
        "confidence": "n",
        "version": "2.0NRT",
        "bright_ti5": 295.48,
        "frp": 4.45,
        "daynight": "N",
        "source_dataset": "VIIRS_NOAA20_NRT",
        "acq_datetime_utc": "2026-08-31T00:39:00Z",
        "age_hours": 8.2,
        "confidence_label": "nominal",
        "popup_label": "<strong>NASA FIRMS<\/strong><br>Sensor: VIIRS_NOAA20_NRT<br>Fecha UTC: 2026-08-31T00:39:00Z<br>Confianza: nominal<br>FRP: 4.45 MW"
      }
    },
    {
      "type": "Feature",
      "geometry": {
        "type": "Point",
        "coordinates": [3.1673, 32.5566]
      },
      "properties": {
        "bright_ti4": 313.89,
        "scan": 0.68,
        "track": 0.74,
        "acq_date": "2026-08-31",
        "acq_time": "0039",
        "satellite": "N20",
        "instrument": "VIIRS",
        "confidence": "n",
        "version": "2.0NRT",
        "bright_ti5": 293.52,
        "frp": 1.46,
        "daynight": "N",
        "source_dataset": "VIIRS_NOAA20_NRT",
        "acq_datetime_utc": "2026-08-31T00:39:00Z",
        "age_hours": 8.2,
        "confidence_label": "nominal",
        "popup_label": "<strong>NASA FIRMS<\/strong><br>Sensor: VIIRS_NOAA20_NRT<br>Fecha UTC: 2026-08-31T00:39:00Z<br>Confianza: nominal<br>FRP: 1.46 MW"
      }
    },
    {
      "type": "Feature",
      "geometry": {
        "type": "Point",
        "coordinates": [3.16, 32.5569]
      },
      "properties": {
        "bright_ti4": 304.02,
        "scan": 0.68,
        "track": 0.74,
        "acq_date": "2026-08-31",
        "acq_time": "0039",
        "satellite": "N20",
        "instrument": "VIIRS",
        "confidence": "n",
        "version": "2.0NRT",
        "bright_ti5": 292.1,
        "frp": 1.46,
        "daynight": "N",
        "source_dataset": "VIIRS_NOAA20_NRT",
        "acq_datetime_utc": "2026-08-31T00:39:00Z",
        "age_hours": 8.2,
        "confidence_label": "nominal",
        "popup_label": "<strong>NASA FIRMS<\/strong><br>Sensor: VIIRS_NOAA20_NRT<br>Fecha UTC: 2026-08-31T00:39:00Z<br>Confianza: nominal<br>FRP: 1.46 MW"
      }
    },
    {
      "type": "Feature",
      "geometry": {
        "type": "Point",
        "coordinates": [3.1643, 32.5573]
      },
      "properties": {
        "bright_ti4": 331.69,
        "scan": 0.68,
        "track": 0.74,
        "acq_date": "2026-08-31",
        "acq_time": "0039",
        "satellite": "N20",
        "instrument": "VIIRS",
        "confidence": "n",
        "version": "2.0NRT",
        "bright_ti5": 293.35,
        "frp": 4.38,
        "daynight": "N",
        "source_dataset": "VIIRS_NOAA20_NRT",
        "acq_datetime_utc": "2026-08-31T00:39:00Z",
        "age_hours": 8.2,
        "confidence_label": "nominal",
        "popup_label": "<strong>NASA FIRMS<\/strong><br>Sensor: VIIRS_NOAA20_NRT<br>Fecha UTC: 2026-08-31T00:39:00Z<br>Confianza: nominal<br>FRP: 4.38 MW"
      }
    },
    {
      "type": "Feature",
      "geometry": {
        "type": "Point",
        "coordinates": [3.1761, 32.7501]
      },
      "properties": {
        "bright_ti4": 308.79,
        "scan": 0.68,
        "track": 0.74,
        "acq_date": "2026-08-31",
        "acq_time": "0039",
        "satellite": "N20",
        "instrument": "VIIRS",
        "confidence": "n",
        "version": "2.0NRT",
        "bright_ti5": 293.87,
        "frp": 3.07,
        "daynight": "N",
        "source_dataset": "VIIRS_NOAA20_NRT",
        "acq_datetime_utc": "2026-08-31T00:39:00Z",
        "age_hours": 8.2,
        "confidence_label": "nominal",
        "popup_label": "<strong>NASA FIRMS<\/strong><br>Sensor: VIIRS_NOAA20_NRT<br>Fecha UTC: 2026-08-31T00:39:00Z<br>Confianza: nominal<br>FRP: 3.07 MW"
      }
    },
    {
      "type": "Feature",
      "geometry": {
        "type": "Point",
        "coordinates": [3.1762, 32.7505]
      },
      "properties": {
        "bright_ti4": 311.15,
        "scan": 0.69,
        "track": 0.74,
        "acq_date": "2026-08-31",
        "acq_time": "0039",
        "satellite": "N20",
        "instrument": "VIIRS",
        "confidence": "n",
        "version": "2.0NRT",
        "bright_ti5": 293.69,
        "frp": 2.06,
        "daynight": "N",
        "source_dataset": "VIIRS_NOAA20_NRT",
        "acq_datetime_utc": "2026-08-31T00:39:00Z",
        "age_hours": 8.2,
        "confidence_label": "nominal",
        "popup_label": "<strong>NASA FIRMS<\/strong><br>Sensor: VIIRS_NOAA20_NRT<br>Fecha UTC: 2026-08-31T00:39:00Z<br>Confianza: nominal<br>FRP: 2.06 MW"
      }
    },
    {
      "type": "Feature",
      "geometry": {
        "type": "Point",
        "coordinates": [4.5719, 32.7704]
      },
      "properties": {
        "bright_ti4": 310.43,
        "scan": 0.57,
        "track": 0.69,
        "acq_date": "2026-08-31",
        "acq_time": "0039",
        "satellite": "N20",
        "instrument": "VIIRS",
        "confidence": "n",
        "version": "2.0NRT",
        "bright_ti5": 296,
        "frp": 2.3,
        "daynight": "N",
        "source_dataset": "VIIRS_NOAA20_NRT",
        "acq_datetime_utc": "2026-08-31T00:39:00Z",
        "age_hours": 8.2,
        "confidence_label": "nominal",
        "popup_label": "<strong>NASA FIRMS<\/strong><br>Sensor: VIIRS_NOAA20_NRT<br>Fecha UTC: 2026-08-31T00:39:00Z<br>Confianza: nominal<br>FRP: 2.3 MW"
      }
    },
    {
      "type": "Feature",
      "geometry": {
        "type": "Point",
        "coordinates": [4.5655, 32.7707]
      },
      "properties": {
        "bright_ti4": 315.58,
        "scan": 0.57,
        "track": 0.69,
        "acq_date": "2026-08-31",
        "acq_time": "0039",
        "satellite": "N20",
        "instrument": "VIIRS",
        "confidence": "n",
        "version": "2.0NRT",
        "bright_ti5": 295.59,
        "frp": 2.3,
        "daynight": "N",
        "source_dataset": "VIIRS_NOAA20_NRT",
        "acq_datetime_utc": "2026-08-31T00:39:00Z",
        "age_hours": 8.2,
        "confidence_label": "nominal",
        "popup_label": "<strong>NASA FIRMS<\/strong><br>Sensor: VIIRS_NOAA20_NRT<br>Fecha UTC: 2026-08-31T00:39:00Z<br>Confianza: nominal<br>FRP: 2.3 MW"
      }
    },
    {
      "type": "Feature",
      "geometry": {
        "type": "Point",
        "coordinates": [3.2301, 32.935]
      },
      "properties": {
        "bright_ti4": 314.61,
        "scan": 0.68,
        "track": 0.74,
        "acq_date": "2026-08-31",
        "acq_time": "0039",
        "satellite": "N20",
        "instrument": "VIIRS",
        "confidence": "n",
        "version": "2.0NRT",
        "bright_ti5": 293.88,
        "frp": 2.09,
        "daynight": "N",
        "source_dataset": "VIIRS_NOAA20_NRT",
        "acq_datetime_utc": "2026-08-31T00:39:00Z",
        "age_hours": 8.2,
        "confidence_label": "nominal",
        "popup_label": "<strong>NASA FIRMS<\/strong><br>Sensor: VIIRS_NOAA20_NRT<br>Fecha UTC: 2026-08-31T00:39:00Z<br>Confianza: nominal<br>FRP: 2.09 MW"
      }
    },
    {
      "type": "Feature",
      "geometry": {
        "type": "Point",
        "coordinates": [3.2225, 32.9353]
      },
      "properties": {
        "bright_ti4": 306.77,
        "scan": 0.68,
        "track": 0.74,
        "acq_date": "2026-08-31",
        "acq_time": "0039",
        "satellite": "N20",
        "instrument": "VIIRS",
        "confidence": "n",
        "version": "2.0NRT",
        "bright_ti5": 294.17,
        "frp": 2.09,
        "daynight": "N",
        "source_dataset": "VIIRS_NOAA20_NRT",
        "acq_datetime_utc": "2026-08-31T00:39:00Z",
        "age_hours": 8.2,
        "confidence_label": "nominal",
        "popup_label": "<strong>NASA FIRMS<\/strong><br>Sensor: VIIRS_NOAA20_NRT<br>Fecha UTC: 2026-08-31T00:39:00Z<br>Confianza: nominal<br>FRP: 2.09 MW"
      }
    },
    {
      "type": "Feature",
      "geometry": {
        "type": "Point",
        "coordinates": [3.2234, 32.949]
      },
      "properties": {
        "bright_ti4": 316.45,
        "scan": 0.68,
        "track": 0.74,
        "acq_date": "2026-08-31",
        "acq_time": "0039",
        "satellite": "N20",
        "instrument": "VIIRS",
        "confidence": "n",
        "version": "2.0NRT",
        "bright_ti5": 294.28,
        "frp": 3.75,
        "daynight": "N",
        "source_dataset": "VIIRS_NOAA20_NRT",
        "acq_datetime_utc": "2026-08-31T00:39:00Z",
        "age_hours": 8.2,
        "confidence_label": "nominal",
        "popup_label": "<strong>NASA FIRMS<\/strong><br>Sensor: VIIRS_NOAA20_NRT<br>Fecha UTC: 2026-08-31T00:39:00Z<br>Confianza: nominal<br>FRP: 3.75 MW"
      }
    },
    {
      "type": "Feature",
      "geometry": {
        "type": "Point",
        "coordinates": [3.3183, 33.1258]
      },
      "properties": {
        "bright_ti4": 304.7,
        "scan": 0.68,
        "track": 0.74,
        "acq_date": "2026-08-31",
        "acq_time": "0039",
        "satellite": "N20",
        "instrument": "VIIRS",
        "confidence": "n",
        "version": "2.0NRT",
        "bright_ti5": 293.36,
        "frp": 2.64,
        "daynight": "N",
        "source_dataset": "VIIRS_NOAA20_NRT",
        "acq_datetime_utc": "2026-08-31T00:39:00Z",
        "age_hours": 8.2,
        "confidence_label": "nominal",
        "popup_label": "<strong>NASA FIRMS<\/strong><br>Sensor: VIIRS_NOAA20_NRT<br>Fecha UTC: 2026-08-31T00:39:00Z<br>Confianza: nominal<br>FRP: 2.64 MW"
      }
    },
    {
      "type": "Feature",
      "geometry": {
        "type": "Point",
        "coordinates": [3.3109, 33.126]
      },
      "properties": {
        "bright_ti4": 303.88,
        "scan": 0.68,
        "track": 0.74,
        "acq_date": "2026-08-31",
        "acq_time": "0039",
        "satellite": "N20",
        "instrument": "VIIRS",
        "confidence": "n",
        "version": "2.0NRT",
        "bright_ti5": 292.89,
        "frp": 2.3,
        "daynight": "N",
        "source_dataset": "VIIRS_NOAA20_NRT",
        "acq_datetime_utc": "2026-08-31T00:39:00Z",
        "age_hours": 8.2,
        "confidence_label": "nominal",
        "popup_label": "<strong>NASA FIRMS<\/strong><br>Sensor: VIIRS_NOAA20_NRT<br>Fecha UTC: 2026-08-31T00:39:00Z<br>Confianza: nominal<br>FRP: 2.3 MW"
      }
    },
    {
      "type": "Feature",
      "geometry": {
        "type": "Point",
        "coordinates": [3.363, 33.1379]
      },
      "properties": {
        "bright_ti4": 306.59,
        "scan": 0.67,
        "track": 0.74,
        "acq_date": "2026-08-31",
        "acq_time": "0039",
        "satellite": "N20",
        "instrument": "VIIRS",
        "confidence": "n",
        "version": "2.0NRT",
        "bright_ti5": 292.91,
        "frp": 1.96,
        "daynight": "N",
        "source_dataset": "VIIRS_NOAA20_NRT",
        "acq_datetime_utc": "2026-08-31T00:39:00Z",
        "age_hours": 8.2,
        "confidence_label": "nominal",
        "popup_label": "<strong>NASA FIRMS<\/strong><br>Sensor: VIIRS_NOAA20_NRT<br>Fecha UTC: 2026-08-31T00:39:00Z<br>Confianza: nominal<br>FRP: 1.96 MW"
      }
    },
    {
      "type": "Feature",
      "geometry": {
        "type": "Point",
        "coordinates": [4.4421, 35.8799]
      },
      "properties": {
        "bright_ti4": 306.85,
        "scan": 0.61,
        "track": 0.71,
        "acq_date": "2026-08-31",
        "acq_time": "0037",
        "satellite": "N20",
        "instrument": "VIIRS",
        "confidence": "n",
        "version": "2.0NRT",
        "bright_ti5": 292.42,
        "frp": 1.73,
        "daynight": "N",
        "source_dataset": "VIIRS_NOAA20_NRT",
        "acq_datetime_utc": "2026-08-31T00:37:00Z",
        "age_hours": 8.2,
        "confidence_label": "nominal",
        "popup_label": "<strong>NASA FIRMS<\/strong><br>Sensor: VIIRS_NOAA20_NRT<br>Fecha UTC: 2026-08-31T00:37:00Z<br>Confianza: nominal<br>FRP: 1.73 MW"
      }
    },
    {
      "type": "Feature",
      "geometry": {
        "type": "Point",
        "coordinates": [3.7404, 36.183]
      },
      "properties": {
        "bright_ti4": 299.64,
        "scan": 0.67,
        "track": 0.74,
        "acq_date": "2026-08-31",
        "acq_time": "0037",
        "satellite": "N20",
        "instrument": "VIIRS",
        "confidence": "n",
        "version": "2.0NRT",
        "bright_ti5": 287.4,
        "frp": 0.89,
        "daynight": "N",
        "source_dataset": "VIIRS_NOAA20_NRT",
        "acq_datetime_utc": "2026-08-31T00:37:00Z",
        "age_hours": 8.2,
        "confidence_label": "nominal",
        "popup_label": "<strong>NASA FIRMS<\/strong><br>Sensor: VIIRS_NOAA20_NRT<br>Fecha UTC: 2026-08-31T00:37:00Z<br>Confianza: nominal<br>FRP: 0.89 MW"
      }
    },
    {
      "type": "Feature",
      "geometry": {
        "type": "Point",
        "coordinates": [4.8887, 43.4367]
      },
      "properties": {
        "bright_ti4": 308.73,
        "scan": 0.63,
        "track": 0.72,
        "acq_date": "2026-08-31",
        "acq_time": "0035",
        "satellite": "N20",
        "instrument": "VIIRS",
        "confidence": "n",
        "version": "2.0NRT",
        "bright_ti5": 288.97,
        "frp": 2.6,
        "daynight": "N",
        "source_dataset": "VIIRS_NOAA20_NRT",
        "acq_datetime_utc": "2026-08-31T00:35:00Z",
        "age_hours": 8.2,
        "confidence_label": "nominal",
        "popup_label": "<strong>NASA FIRMS<\/strong><br>Sensor: VIIRS_NOAA20_NRT<br>Fecha UTC: 2026-08-31T00:35:00Z<br>Confianza: nominal<br>FRP: 2.6 MW"
      }
    },
    {
      "type": "Feature",
      "geometry": {
        "type": "Point",
        "coordinates": [4.8859, 43.4398]
      },
      "properties": {
        "bright_ti4": 300.9,
        "scan": 0.63,
        "track": 0.72,
        "acq_date": "2026-08-31",
        "acq_time": "0035",
        "satellite": "N20",
        "instrument": "VIIRS",
        "confidence": "n",
        "version": "2.0NRT",
        "bright_ti5": 288.27,
        "frp": 2.17,
        "daynight": "N",
        "source_dataset": "VIIRS_NOAA20_NRT",
        "acq_datetime_utc": "2026-08-31T00:35:00Z",
        "age_hours": 8.2,
        "confidence_label": "nominal",
        "popup_label": "<strong>NASA FIRMS<\/strong><br>Sensor: VIIRS_NOAA20_NRT<br>Fecha UTC: 2026-08-31T00:35:00Z<br>Confianza: nominal<br>FRP: 2.17 MW"
      }
    },
    {
      "type": "Feature",
      "geometry": {
        "type": "Point",
        "coordinates": [4.8941, 43.4464]
      },
      "properties": {
        "bright_ti4": 307.14,
        "scan": 0.63,
        "track": 0.72,
        "acq_date": "2026-08-31",
        "acq_time": "0035",
        "satellite": "N20",
        "instrument": "VIIRS",
        "confidence": "n",
        "version": "2.0NRT",
        "bright_ti5": 288.22,
        "frp": 2.81,
        "daynight": "N",
        "source_dataset": "VIIRS_NOAA20_NRT",
        "acq_datetime_utc": "2026-08-31T00:35:00Z",
        "age_hours": 8.2,
        "confidence_label": "nominal",
        "popup_label": "<strong>NASA FIRMS<\/strong><br>Sensor: VIIRS_NOAA20_NRT<br>Fecha UTC: 2026-08-31T00:35:00Z<br>Confianza: nominal<br>FRP: 2.81 MW"
      }
    },
    {
      "type": "Feature",
      "geometry": {
        "type": "Point",
        "coordinates": [-3.6256, 40.4351]
      },
      "properties": {
        "bright_ti4": 341.02,
        "scan": 0.35,
        "track": 0.57,
        "acq_date": "2026-08-30",
        "acq_time": "1359",
        "satellite": "N20",
        "instrument": "VIIRS",
        "confidence": "n",
        "version": "2.0NRT",
        "bright_ti5": 306.06,
        "frp": 3.22,
        "daynight": "D",
        "source_dataset": "VIIRS_NOAA20_NRT",
        "acq_datetime_utc": "2026-08-30T13:59:00Z",
        "age_hours": 18.8,
        "confidence_label": "nominal",
        "popup_label": "<strong>NASA FIRMS<\/strong><br>Sensor: VIIRS_NOAA20_NRT<br>Fecha UTC: 2026-08-30T13:59:00Z<br>Confianza: nominal<br>FRP: 3.22 MW"
      }
    },
    {
      "type": "Feature",
      "geometry": {
        "type": "Point",
        "coordinates": [-5.6153, 40.9488]
      },
      "properties": {
        "bright_ti4": 338.28,
        "scan": 0.55,
        "track": 0.51,
        "acq_date": "2026-08-30",
        "acq_time": "1359",
        "satellite": "N20",
        "instrument": "VIIRS",
        "confidence": "n",
        "version": "2.0NRT",
        "bright_ti5": 302.74,
        "frp": 4.69,
        "daynight": "D",
        "source_dataset": "VIIRS_NOAA20_NRT",
        "acq_datetime_utc": "2026-08-30T13:59:00Z",
        "age_hours": 18.8,
        "confidence_label": "nominal",
        "popup_label": "<strong>NASA FIRMS<\/strong><br>Sensor: VIIRS_NOAA20_NRT<br>Fecha UTC: 2026-08-30T13:59:00Z<br>Confianza: nominal<br>FRP: 4.69 MW"
      }
    },
    {
      "type": "Feature",
      "geometry": {
        "type": "Point",
        "coordinates": [0.183, 41.9204]
      },
      "properties": {
        "bright_ti4": 343.49,
        "scan": 0.56,
        "track": 0.69,
        "acq_date": "2026-08-30",
        "acq_time": "1359",
        "satellite": "N20",
        "instrument": "VIIRS",
        "confidence": "n",
        "version": "2.0NRT",
        "bright_ti5": 304.2,
        "frp": 5.97,
        "daynight": "D",
        "source_dataset": "VIIRS_NOAA20_NRT",
        "acq_datetime_utc": "2026-08-30T13:59:00Z",
        "age_hours": 18.8,
        "confidence_label": "nominal",
        "popup_label": "<strong>NASA FIRMS<\/strong><br>Sensor: VIIRS_NOAA20_NRT<br>Fecha UTC: 2026-08-30T13:59:00Z<br>Confianza: nominal<br>FRP: 5.97 MW"
      }
    },
    {
      "type": "Feature",
      "geometry": {
        "type": "Point",
        "coordinates": [0.1838, 41.9219]
      },
      "properties": {
        "bright_ti4": 337.18,
        "scan": 0.57,
        "track": 0.69,
        "acq_date": "2026-08-30",
        "acq_time": "1359",
        "satellite": "N20",
        "instrument": "VIIRS",
        "confidence": "n",
        "version": "2.0NRT",
        "bright_ti5": 304.08,
        "frp": 5.71,
        "daynight": "D",
        "source_dataset": "VIIRS_NOAA20_NRT",
        "acq_datetime_utc": "2026-08-30T13:59:00Z",
        "age_hours": 18.8,
        "confidence_label": "nominal",
        "popup_label": "<strong>NASA FIRMS<\/strong><br>Sensor: VIIRS_NOAA20_NRT<br>Fecha UTC: 2026-08-30T13:59:00Z<br>Confianza: nominal<br>FRP: 5.71 MW"
      }
    },
    {
      "type": "Feature",
      "geometry": {
        "type": "Point",
        "coordinates": [-3.9732, 42.1922]
      },
      "properties": {
        "bright_ti4": 367,
        "scan": 0.35,
        "track": 0.56,
        "acq_date": "2026-08-30",
        "acq_time": "1359",
        "satellite": "N20",
        "instrument": "VIIRS",
        "confidence": "h",
        "version": "2.0NRT",
        "bright_ti5": 298.48,
        "frp": 12.52,
        "daynight": "D",
        "source_dataset": "VIIRS_NOAA20_NRT",
        "acq_datetime_utc": "2026-08-30T13:59:00Z",
        "age_hours": 18.8,
        "confidence_label": "alta",
        "popup_label": "<strong>NASA FIRMS<\/strong><br>Sensor: VIIRS_NOAA20_NRT<br>Fecha UTC: 2026-08-30T13:59:00Z<br>Confianza: alta<br>FRP: 12.52 MW"
      }
    },
    {
      "type": "Feature",
      "geometry": {
        "type": "Point",
        "coordinates": [3.1717, 32.5506]
      },
      "properties": {
        "bright_ti4": 335.87,
        "scan": 0.73,
        "track": 0.76,
        "acq_date": "2026-08-30",
        "acq_time": "1357",
        "satellite": "N20",
        "instrument": "VIIRS",
        "confidence": "l",
        "version": "2.0NRT",
        "bright_ti5": 308.09,
        "frp": 2.49,
        "daynight": "D",
        "source_dataset": "VIIRS_NOAA20_NRT",
        "acq_datetime_utc": "2026-08-30T13:57:00Z",
        "age_hours": 18.9,
        "confidence_label": "baja",
        "popup_label": "<strong>NASA FIRMS<\/strong><br>Sensor: VIIRS_NOAA20_NRT<br>Fecha UTC: 2026-08-30T13:57:00Z<br>Confianza: baja<br>FRP: 2.49 MW"
      }
    },
    {
      "type": "Feature",
      "geometry": {
        "type": "Point",
        "coordinates": [3.1702, 32.5525]
      },
      "properties": {
        "bright_ti4": 338.58,
        "scan": 0.73,
        "track": 0.76,
        "acq_date": "2026-08-30",
        "acq_time": "1357",
        "satellite": "N20",
        "instrument": "VIIRS",
        "confidence": "n",
        "version": "2.0NRT",
        "bright_ti5": 308.34,
        "frp": 3.03,
        "daynight": "D",
        "source_dataset": "VIIRS_NOAA20_NRT",
        "acq_datetime_utc": "2026-08-30T13:57:00Z",
        "age_hours": 18.9,
        "confidence_label": "nominal",
        "popup_label": "<strong>NASA FIRMS<\/strong><br>Sensor: VIIRS_NOAA20_NRT<br>Fecha UTC: 2026-08-30T13:57:00Z<br>Confianza: nominal<br>FRP: 3.03 MW"
      }
    },
    {
      "type": "Feature",
      "geometry": {
        "type": "Point",
        "coordinates": [3.2359, 32.931]
      },
      "properties": {
        "bright_ti4": 335.41,
        "scan": 0.74,
        "track": 0.76,
        "acq_date": "2026-08-30",
        "acq_time": "1357",
        "satellite": "N20",
        "instrument": "VIIRS",
        "confidence": "l",
        "version": "2.0NRT",
        "bright_ti5": 306.95,
        "frp": 3.36,
        "daynight": "D",
        "source_dataset": "VIIRS_NOAA20_NRT",
        "acq_datetime_utc": "2026-08-30T13:57:00Z",
        "age_hours": 18.9,
        "confidence_label": "baja",
        "popup_label": "<strong>NASA FIRMS<\/strong><br>Sensor: VIIRS_NOAA20_NRT<br>Fecha UTC: 2026-08-30T13:57:00Z<br>Confianza: baja<br>FRP: 3.36 MW"
      }
    },
    {
      "type": "Feature",
      "geometry": {
        "type": "Point",
        "coordinates": [-6.7227, 33.5595]
      },
      "properties": {
        "bright_ti4": 344.59,
        "scan": 0.4,
        "track": 0.44,
        "acq_date": "2026-08-30",
        "acq_time": "1357",
        "satellite": "N20",
        "instrument": "VIIRS",
        "confidence": "n",
        "version": "2.0NRT",
        "bright_ti5": 313.69,
        "frp": 4.49,
        "daynight": "D",
        "source_dataset": "VIIRS_NOAA20_NRT",
        "acq_datetime_utc": "2026-08-30T13:57:00Z",
        "age_hours": 18.9,
        "confidence_label": "nominal",
        "popup_label": "<strong>NASA FIRMS<\/strong><br>Sensor: VIIRS_NOAA20_NRT<br>Fecha UTC: 2026-08-30T13:57:00Z<br>Confianza: nominal<br>FRP: 4.49 MW"
      }
    },
    {
      "type": "Feature",
      "geometry": {
        "type": "Point",
        "coordinates": [-6.7215, 33.5598]
      },
      "properties": {
        "bright_ti4": 343.32,
        "scan": 0.4,
        "track": 0.44,
        "acq_date": "2026-08-30",
        "acq_time": "1357",
        "satellite": "N20",
        "instrument": "VIIRS",
        "confidence": "l",
        "version": "2.0NRT",
        "bright_ti5": 313.67,
        "frp": 5.25,
        "daynight": "D",
        "source_dataset": "VIIRS_NOAA20_NRT",
        "acq_datetime_utc": "2026-08-30T13:57:00Z",
        "age_hours": 18.9,
        "confidence_label": "baja",
        "popup_label": "<strong>NASA FIRMS<\/strong><br>Sensor: VIIRS_NOAA20_NRT<br>Fecha UTC: 2026-08-30T13:57:00Z<br>Confianza: baja<br>FRP: 5.25 MW"
      }
    },
    {
      "type": "Feature",
      "geometry": {
        "type": "Point",
        "coordinates": [-5.6258, 35.6757]
      },
      "properties": {
        "bright_ti4": 307.21,
        "scan": 0.48,
        "track": 0.48,
        "acq_date": "2026-08-30",
        "acq_time": "1357",
        "satellite": "N20",
        "instrument": "VIIRS",
        "confidence": "l",
        "version": "2.0NRT",
        "bright_ti5": 322.95,
        "frp": 53.75,
        "daynight": "D",
        "source_dataset": "VIIRS_NOAA20_NRT",
        "acq_datetime_utc": "2026-08-30T13:57:00Z",
        "age_hours": 18.9,
        "confidence_label": "baja",
        "popup_label": "<strong>NASA FIRMS<\/strong><br>Sensor: VIIRS_NOAA20_NRT<br>Fecha UTC: 2026-08-30T13:57:00Z<br>Confianza: baja<br>FRP: 53.75 MW"
      }
    },
    {
      "type": "Feature",
      "geometry": {
        "type": "Point",
        "coordinates": [-5.6209, 35.6761]
      },
      "properties": {
        "bright_ti4": 343.32,
        "scan": 0.48,
        "track": 0.48,
        "acq_date": "2026-08-30",
        "acq_time": "1357",
        "satellite": "N20",
        "instrument": "VIIRS",
        "confidence": "n",
        "version": "2.0NRT",
        "bright_ti5": 312.32,
        "frp": 40.32,
        "daynight": "D",
        "source_dataset": "VIIRS_NOAA20_NRT",
        "acq_datetime_utc": "2026-08-30T13:57:00Z",
        "age_hours": 18.9,
        "confidence_label": "nominal",
        "popup_label": "<strong>NASA FIRMS<\/strong><br>Sensor: VIIRS_NOAA20_NRT<br>Fecha UTC: 2026-08-30T13:57:00Z<br>Confianza: nominal<br>FRP: 40.32 MW"
      }
    },
    {
      "type": "Feature",
      "geometry": {
        "type": "Point",
        "coordinates": [-4.2457, 36.8206]
      },
      "properties": {
        "bright_ti4": 342.21,
        "scan": 0.59,
        "track": 0.53,
        "acq_date": "2026-08-30",
        "acq_time": "1357",
        "satellite": "N20",
        "instrument": "VIIRS",
        "confidence": "n",
        "version": "2.0NRT",
        "bright_ti5": 311.13,
        "frp": 9.36,
        "daynight": "D",
        "source_dataset": "VIIRS_NOAA20_NRT",
        "acq_datetime_utc": "2026-08-30T13:57:00Z",
        "age_hours": 18.9,
        "confidence_label": "nominal",
        "popup_label": "<strong>NASA FIRMS<\/strong><br>Sensor: VIIRS_NOAA20_NRT<br>Fecha UTC: 2026-08-30T13:57:00Z<br>Confianza: nominal<br>FRP: 9.36 MW"
      }
    },
    {
      "type": "Feature",
      "geometry": {
        "type": "Point",
        "coordinates": [-2.5341, 36.9731]
      },
      "properties": {
        "bright_ti4": 354.87,
        "scan": 0.37,
        "track": 0.58,
        "acq_date": "2026-08-30",
        "acq_time": "1357",
        "satellite": "N20",
        "instrument": "VIIRS",
        "confidence": "n",
        "version": "2.0NRT",
        "bright_ti5": 316.15,
        "frp": 9.52,
        "daynight": "D",
        "source_dataset": "VIIRS_NOAA20_NRT",
        "acq_datetime_utc": "2026-08-30T13:57:00Z",
        "age_hours": 18.9,
        "confidence_label": "nominal",
        "popup_label": "<strong>NASA FIRMS<\/strong><br>Sensor: VIIRS_NOAA20_NRT<br>Fecha UTC: 2026-08-30T13:57:00Z<br>Confianza: nominal<br>FRP: 9.52 MW"
      }
    },
    {
      "type": "Feature",
      "geometry": {
        "type": "Point",
        "coordinates": [-2.5297, 36.9733]
      },
      "properties": {
        "bright_ti4": 332.36,
        "scan": 0.37,
        "track": 0.58,
        "acq_date": "2026-08-30",
        "acq_time": "1357",
        "satellite": "N20",
        "instrument": "VIIRS",
        "confidence": "n",
        "version": "2.0NRT",
        "bright_ti5": 306.68,
        "frp": 9.52,
        "daynight": "D",
        "source_dataset": "VIIRS_NOAA20_NRT",
        "acq_datetime_utc": "2026-08-30T13:57:00Z",
        "age_hours": 18.9,
        "confidence_label": "nominal",
        "popup_label": "<strong>NASA FIRMS<\/strong><br>Sensor: VIIRS_NOAA20_NRT<br>Fecha UTC: 2026-08-30T13:57:00Z<br>Confianza: nominal<br>FRP: 9.52 MW"
      }
    },
    {
      "type": "Feature",
      "geometry": {
        "type": "Point",
        "coordinates": [-2.5343, 36.9757]
      },
      "properties": {
        "bright_ti4": 367,
        "scan": 0.37,
        "track": 0.58,
        "acq_date": "2026-08-30",
        "acq_time": "1357",
        "satellite": "N20",
        "instrument": "VIIRS",
        "confidence": "h",
        "version": "2.0NRT",
        "bright_ti5": 321.98,
        "frp": 84.49,
        "daynight": "D",
        "source_dataset": "VIIRS_NOAA20_NRT",
        "acq_datetime_utc": "2026-08-30T13:57:00Z",
        "age_hours": 18.9,
        "confidence_label": "alta",
        "popup_label": "<strong>NASA FIRMS<\/strong><br>Sensor: VIIRS_NOAA20_NRT<br>Fecha UTC: 2026-08-30T13:57:00Z<br>Confianza: alta<br>FRP: 84.49 MW"
      }
    },
    {
      "type": "Feature",
      "geometry": {
        "type": "Point",
        "coordinates": [-2.5392, 36.9781]
      },
      "properties": {
        "bright_ti4": 336.85,
        "scan": 0.37,
        "track": 0.58,
        "acq_date": "2026-08-30",
        "acq_time": "1357",
        "satellite": "N20",
        "instrument": "VIIRS",
        "confidence": "n",
        "version": "2.0NRT",
        "bright_ti5": 308.43,
        "frp": 25.06,
        "daynight": "D",
        "source_dataset": "VIIRS_NOAA20_NRT",
        "acq_datetime_utc": "2026-08-30T13:57:00Z",
        "age_hours": 18.9,
        "confidence_label": "nominal",
        "popup_label": "<strong>NASA FIRMS<\/strong><br>Sensor: VIIRS_NOAA20_NRT<br>Fecha UTC: 2026-08-30T13:57:00Z<br>Confianza: nominal<br>FRP: 25.06 MW"
      }
    },
    {
      "type": "Feature",
      "geometry": {
        "type": "Point",
        "coordinates": [-2.5349, 36.9784]
      },
      "properties": {
        "bright_ti4": 367,
        "scan": 0.37,
        "track": 0.58,
        "acq_date": "2026-08-30",
        "acq_time": "1357",
        "satellite": "N20",
        "instrument": "VIIRS",
        "confidence": "h",
        "version": "2.0NRT",
        "bright_ti5": 318.56,
        "frp": 67.47,
        "daynight": "D",
        "source_dataset": "VIIRS_NOAA20_NRT",
        "acq_datetime_utc": "2026-08-30T13:57:00Z",
        "age_hours": 18.9,
        "confidence_label": "alta",
        "popup_label": "<strong>NASA FIRMS<\/strong><br>Sensor: VIIRS_NOAA20_NRT<br>Fecha UTC: 2026-08-30T13:57:00Z<br>Confianza: alta<br>FRP: 67.47 MW"
      }
    },
    {
      "type": "Feature",
      "geometry": {
        "type": "Point",
        "coordinates": [-4.3159, 37.4269]
      },
      "properties": {
        "bright_ti4": 341.17,
        "scan": 0.6,
        "track": 0.53,
        "acq_date": "2026-08-30",
        "acq_time": "1357",
        "satellite": "N20",
        "instrument": "VIIRS",
        "confidence": "n",
        "version": "2.0NRT",
        "bright_ti5": 309.48,
        "frp": 6.1,
        "daynight": "D",
        "source_dataset": "VIIRS_NOAA20_NRT",
        "acq_datetime_utc": "2026-08-30T13:57:00Z",
        "age_hours": 18.9,
        "confidence_label": "nominal",
        "popup_label": "<strong>NASA FIRMS<\/strong><br>Sensor: VIIRS_NOAA20_NRT<br>Fecha UTC: 2026-08-30T13:57:00Z<br>Confianza: nominal<br>FRP: 6.1 MW"
      }
    },
    {
      "type": "Feature",
      "geometry": {
        "type": "Point",
        "coordinates": [-5.2858, 37.6305]
      },
      "properties": {
        "bright_ti4": 342.49,
        "scan": 0.53,
        "track": 0.5,
        "acq_date": "2026-08-30",
        "acq_time": "1357",
        "satellite": "N20",
        "instrument": "VIIRS",
        "confidence": "l",
        "version": "2.0NRT",
        "bright_ti5": 313.18,
        "frp": 8.71,
        "daynight": "D",
        "source_dataset": "VIIRS_NOAA20_NRT",
        "acq_datetime_utc": "2026-08-30T13:57:00Z",
        "age_hours": 18.9,
        "confidence_label": "baja",
        "popup_label": "<strong>NASA FIRMS<\/strong><br>Sensor: VIIRS_NOAA20_NRT<br>Fecha UTC: 2026-08-30T13:57:00Z<br>Confianza: baja<br>FRP: 8.71 MW"
      }
    },
    {
      "type": "Feature",
      "geometry": {
        "type": "Point",
        "coordinates": [-5.2839, 37.632]
      },
      "properties": {
        "bright_ti4": 355.99,
        "scan": 0.53,
        "track": 0.5,
        "acq_date": "2026-08-30",
        "acq_time": "1357",
        "satellite": "N20",
        "instrument": "VIIRS",
        "confidence": "n",
        "version": "2.0NRT",
        "bright_ti5": 315.11,
        "frp": 12.72,
        "daynight": "D",
        "source_dataset": "VIIRS_NOAA20_NRT",
        "acq_datetime_utc": "2026-08-30T13:57:00Z",
        "age_hours": 18.9,
        "confidence_label": "nominal",
        "popup_label": "<strong>NASA FIRMS<\/strong><br>Sensor: VIIRS_NOAA20_NRT<br>Fecha UTC: 2026-08-30T13:57:00Z<br>Confianza: nominal<br>FRP: 12.72 MW"
      }
    },
    {
      "type": "Feature",
      "geometry": {
        "type": "Point",
        "coordinates": [-5.2864, 37.6352]
      },
      "properties": {
        "bright_ti4": 344.14,
        "scan": 0.53,
        "track": 0.5,
        "acq_date": "2026-08-30",
        "acq_time": "1357",
        "satellite": "N20",
        "instrument": "VIIRS",
        "confidence": "l",
        "version": "2.0NRT",
        "bright_ti5": 315.75,
        "frp": 8.71,
        "daynight": "D",
        "source_dataset": "VIIRS_NOAA20_NRT",
        "acq_datetime_utc": "2026-08-30T13:57:00Z",
        "age_hours": 18.9,
        "confidence_label": "baja",
        "popup_label": "<strong>NASA FIRMS<\/strong><br>Sensor: VIIRS_NOAA20_NRT<br>Fecha UTC: 2026-08-30T13:57:00Z<br>Confianza: baja<br>FRP: 8.71 MW"
      }
    },
    {
      "type": "Feature",
      "geometry": {
        "type": "Point",
        "coordinates": [-5.2845, 37.6367]
      },
      "properties": {
        "bright_ti4": 356.61,
        "scan": 0.53,
        "track": 0.5,
        "acq_date": "2026-08-30",
        "acq_time": "1357",
        "satellite": "N20",
        "instrument": "VIIRS",
        "confidence": "n",
        "version": "2.0NRT",
        "bright_ti5": 316.46,
        "frp": 16.94,
        "daynight": "D",
        "source_dataset": "VIIRS_NOAA20_NRT",
        "acq_datetime_utc": "2026-08-30T13:57:00Z",
        "age_hours": 18.9,
        "confidence_label": "nominal",
        "popup_label": "<strong>NASA FIRMS<\/strong><br>Sensor: VIIRS_NOAA20_NRT<br>Fecha UTC: 2026-08-30T13:57:00Z<br>Confianza: nominal<br>FRP: 16.94 MW"
      }
    },
    {
      "type": "Feature",
      "geometry": {
        "type": "Point",
        "coordinates": [-5.2724, 37.6377]
      },
      "properties": {
        "bright_ti4": 343.75,
        "scan": 0.53,
        "track": 0.5,
        "acq_date": "2026-08-30",
        "acq_time": "1357",
        "satellite": "N20",
        "instrument": "VIIRS",
        "confidence": "l",
        "version": "2.0NRT",
        "bright_ti5": 314.74,
        "frp": 6.09,
        "daynight": "D",
        "source_dataset": "VIIRS_NOAA20_NRT",
        "acq_datetime_utc": "2026-08-30T13:57:00Z",
        "age_hours": 18.9,
        "confidence_label": "baja",
        "popup_label": "<strong>NASA FIRMS<\/strong><br>Sensor: VIIRS_NOAA20_NRT<br>Fecha UTC: 2026-08-30T13:57:00Z<br>Confianza: baja<br>FRP: 6.09 MW"
      }
    },
    {
      "type": "Feature",
      "geometry": {
        "type": "Point",
        "coordinates": [-5.2748, 37.6407]
      },
      "properties": {
        "bright_ti4": 336.28,
        "scan": 0.53,
        "track": 0.5,
        "acq_date": "2026-08-30",
        "acq_time": "1357",
        "satellite": "N20",
        "instrument": "VIIRS",
        "confidence": "l",
        "version": "2.0NRT",
        "bright_ti5": 310.44,
        "frp": 7.22,
        "daynight": "D",
        "source_dataset": "VIIRS_NOAA20_NRT",
        "acq_datetime_utc": "2026-08-30T13:57:00Z",
        "age_hours": 18.9,
        "confidence_label": "baja",
        "popup_label": "<strong>NASA FIRMS<\/strong><br>Sensor: VIIRS_NOAA20_NRT<br>Fecha UTC: 2026-08-30T13:57:00Z<br>Confianza: baja<br>FRP: 7.22 MW"
      }
    },
    {
      "type": "Feature",
      "geometry": {
        "type": "Point",
        "coordinates": [-0.5146, 28.1973]
      },
      "properties": {
        "bright_ti4": 349.92,
        "scan": 0.4,
        "track": 0.6,
        "acq_date": "2026-08-30",
        "acq_time": "1355",
        "satellite": "N20",
        "instrument": "VIIRS",
        "confidence": "n",
        "version": "2.0NRT",
        "bright_ti5": 317.72,
        "frp": 3.13,
        "daynight": "D",
        "source_dataset": "VIIRS_NOAA20_NRT",
        "acq_datetime_utc": "2026-08-30T13:55:00Z",
        "age_hours": 18.9,
        "confidence_label": "nominal",
        "popup_label": "<strong>NASA FIRMS<\/strong><br>Sensor: VIIRS_NOAA20_NRT<br>Fecha UTC: 2026-08-30T13:55:00Z<br>Confianza: nominal<br>FRP: 3.13 MW"
      }
    },
    {
      "type": "Feature",
      "geometry": {
        "type": "Point",
        "coordinates": [3.6482, 35.0854]
      },
      "properties": {
        "bright_ti4": 367,
        "scan": 0.52,
        "track": 0.5,
        "acq_date": "2026-08-30",
        "acq_time": "1219",
        "satellite": "N20",
        "instrument": "VIIRS",
        "confidence": "l",
        "version": "2.0NRT",
        "bright_ti5": 326.86,
        "frp": 56.68,
        "daynight": "D",
        "source_dataset": "VIIRS_NOAA20_NRT",
        "acq_datetime_utc": "2026-08-30T12:19:00Z",
        "age_hours": 20.5,
        "confidence_label": "baja",
        "popup_label": "<strong>NASA FIRMS<\/strong><br>Sensor: VIIRS_NOAA20_NRT<br>Fecha UTC: 2026-08-30T12:19:00Z<br>Confianza: baja<br>FRP: 56.68 MW"
      }
    },
    {
      "type": "Feature",
      "geometry": {
        "type": "Point",
        "coordinates": [3.6535, 35.0866]
      },
      "properties": {
        "bright_ti4": 345.16,
        "scan": 0.52,
        "track": 0.5,
        "acq_date": "2026-08-30",
        "acq_time": "1219",
        "satellite": "N20",
        "instrument": "VIIRS",
        "confidence": "n",
        "version": "2.0NRT",
        "bright_ti5": 319.63,
        "frp": 52.04,
        "daynight": "D",
        "source_dataset": "VIIRS_NOAA20_NRT",
        "acq_datetime_utc": "2026-08-30T12:19:00Z",
        "age_hours": 20.5,
        "confidence_label": "nominal",
        "popup_label": "<strong>NASA FIRMS<\/strong><br>Sensor: VIIRS_NOAA20_NRT<br>Fecha UTC: 2026-08-30T12:19:00Z<br>Confianza: nominal<br>FRP: 52.04 MW"
      }
    },
    {
      "type": "Feature",
      "geometry": {
        "type": "Point",
        "coordinates": [3.6467, 35.0898]
      },
      "properties": {
        "bright_ti4": 343.81,
        "scan": 0.52,
        "track": 0.5,
        "acq_date": "2026-08-30",
        "acq_time": "1219",
        "satellite": "N20",
        "instrument": "VIIRS",
        "confidence": "n",
        "version": "2.0NRT",
        "bright_ti5": 313.38,
        "frp": 12.69,
        "daynight": "D",
        "source_dataset": "VIIRS_NOAA20_NRT",
        "acq_datetime_utc": "2026-08-30T12:19:00Z",
        "age_hours": 20.5,
        "confidence_label": "nominal",
        "popup_label": "<strong>NASA FIRMS<\/strong><br>Sensor: VIIRS_NOAA20_NRT<br>Fecha UTC: 2026-08-30T12:19:00Z<br>Confianza: nominal<br>FRP: 12.69 MW"
      }
    },
    {
      "type": "Feature",
      "geometry": {
        "type": "Point",
        "coordinates": [3.652, 35.091]
      },
      "properties": {
        "bright_ti4": 345.51,
        "scan": 0.52,
        "track": 0.5,
        "acq_date": "2026-08-30",
        "acq_time": "1219",
        "satellite": "N20",
        "instrument": "VIIRS",
        "confidence": "n",
        "version": "2.0NRT",
        "bright_ti5": 315.62,
        "frp": 22.89,
        "daynight": "D",
        "source_dataset": "VIIRS_NOAA20_NRT",
        "acq_datetime_utc": "2026-08-30T12:19:00Z",
        "age_hours": 20.5,
        "confidence_label": "nominal",
        "popup_label": "<strong>NASA FIRMS<\/strong><br>Sensor: VIIRS_NOAA20_NRT<br>Fecha UTC: 2026-08-30T12:19:00Z<br>Confianza: nominal<br>FRP: 22.89 MW"
      }
    },
    {
      "type": "Feature",
      "geometry": {
        "type": "Point",
        "coordinates": [-5.2773, 37.6358]
      },
      "properties": {
        "bright_ti4": 331.22,
        "scan": 0.66,
        "track": 0.73,
        "acq_date": "2026-08-30",
        "acq_time": "1219",
        "satellite": "N20",
        "instrument": "VIIRS",
        "confidence": "l",
        "version": "2.0NRT",
        "bright_ti5": 304.1,
        "frp": 2.07,
        "daynight": "D",
        "source_dataset": "VIIRS_NOAA20_NRT",
        "acq_datetime_utc": "2026-08-30T12:19:00Z",
        "age_hours": 20.5,
        "confidence_label": "baja",
        "popup_label": "<strong>NASA FIRMS<\/strong><br>Sensor: VIIRS_NOAA20_NRT<br>Fecha UTC: 2026-08-30T12:19:00Z<br>Confianza: baja<br>FRP: 2.07 MW"
      }
    },
    {
      "type": "Feature",
      "geometry": {
        "type": "Point",
        "coordinates": [-3.1936, 41.0333]
      },
      "properties": {
        "bright_ti4": 330.37,
        "scan": 0.42,
        "track": 0.61,
        "acq_date": "2026-08-30",
        "acq_time": "1219",
        "satellite": "N20",
        "instrument": "VIIRS",
        "confidence": "l",
        "version": "2.0NRT",
        "bright_ti5": 303.16,
        "frp": 3.02,
        "daynight": "D",
        "source_dataset": "VIIRS_NOAA20_NRT",
        "acq_datetime_utc": "2026-08-30T12:19:00Z",
        "age_hours": 20.5,
        "confidence_label": "baja",
        "popup_label": "<strong>NASA FIRMS<\/strong><br>Sensor: VIIRS_NOAA20_NRT<br>Fecha UTC: 2026-08-30T12:19:00Z<br>Confianza: baja<br>FRP: 3.02 MW"
      }
    },
    {
      "type": "Feature",
      "geometry": {
        "type": "Point",
        "coordinates": [-3.9735, 42.1948]
      },
      "properties": {
        "bright_ti4": 367,
        "scan": 0.42,
        "track": 0.61,
        "acq_date": "2026-08-30",
        "acq_time": "1219",
        "satellite": "N20",
        "instrument": "VIIRS",
        "confidence": "h",
        "version": "2.0NRT",
        "bright_ti5": 298.89,
        "frp": 11.16,
        "daynight": "D",
        "source_dataset": "VIIRS_NOAA20_NRT",
        "acq_datetime_utc": "2026-08-30T12:19:00Z",
        "age_hours": 20.5,
        "confidence_label": "alta",
        "popup_label": "<strong>NASA FIRMS<\/strong><br>Sensor: VIIRS_NOAA20_NRT<br>Fecha UTC: 2026-08-30T12:19:00Z<br>Confianza: alta<br>FRP: 11.16 MW"
      }
    },
    {
      "type": "Feature",
      "geometry": {
        "type": "Point",
        "coordinates": [4.8913, 43.4368]
      },
      "properties": {
        "bright_ti4": 333.12,
        "scan": 0.46,
        "track": 0.39,
        "acq_date": "2026-08-30",
        "acq_time": "1219",
        "satellite": "N20",
        "instrument": "VIIRS",
        "confidence": "l",
        "version": "2.0NRT",
        "bright_ti5": 307.86,
        "frp": 5.89,
        "daynight": "D",
        "source_dataset": "VIIRS_NOAA20_NRT",
        "acq_datetime_utc": "2026-08-30T12:19:00Z",
        "age_hours": 20.5,
        "confidence_label": "baja",
        "popup_label": "<strong>NASA FIRMS<\/strong><br>Sensor: VIIRS_NOAA20_NRT<br>Fecha UTC: 2026-08-30T12:19:00Z<br>Confianza: baja<br>FRP: 5.89 MW"
      }
    },
    {
      "type": "Feature",
      "geometry": {
        "type": "Point",
        "coordinates": [4.8998, 43.446]
      },
      "properties": {
        "bright_ti4": 348.06,
        "scan": 0.46,
        "track": 0.39,
        "acq_date": "2026-08-30",
        "acq_time": "1219",
        "satellite": "N20",
        "instrument": "VIIRS",
        "confidence": "n",
        "version": "2.0NRT",
        "bright_ti5": 310.12,
        "frp": 11.17,
        "daynight": "D",
        "source_dataset": "VIIRS_NOAA20_NRT",
        "acq_datetime_utc": "2026-08-30T12:19:00Z",
        "age_hours": 20.5,
        "confidence_label": "nominal",
        "popup_label": "<strong>NASA FIRMS<\/strong><br>Sensor: VIIRS_NOAA20_NRT<br>Fecha UTC: 2026-08-30T12:19:00Z<br>Confianza: nominal<br>FRP: 11.17 MW"
      }
    },
    {
      "type": "Feature",
      "geometry": {
        "type": "Point",
        "coordinates": [-5.8263, 43.5381]
      },
      "properties": {
        "bright_ti4": 333.25,
        "scan": 0.47,
        "track": 0.64,
        "acq_date": "2026-08-30",
        "acq_time": "1219",
        "satellite": "N20",
        "instrument": "VIIRS",
        "confidence": "n",
        "version": "2.0NRT",
        "bright_ti5": 292.2,
        "frp": 3.45,
        "daynight": "D",
        "source_dataset": "VIIRS_NOAA20_NRT",
        "acq_datetime_utc": "2026-08-30T12:19:00Z",
        "age_hours": 20.5,
        "confidence_label": "nominal",
        "popup_label": "<strong>NASA FIRMS<\/strong><br>Sensor: VIIRS_NOAA20_NRT<br>Fecha UTC: 2026-08-30T12:19:00Z<br>Confianza: nominal<br>FRP: 3.45 MW"
      }
    },
    {
      "type": "Feature",
      "geometry": {
        "type": "Point",
        "coordinates": [4.3428, 43.8186]
      },
      "properties": {
        "bright_ti4": 335.36,
        "scan": 0.48,
        "track": 0.4,
        "acq_date": "2026-08-30",
        "acq_time": "1219",
        "satellite": "N20",
        "instrument": "VIIRS",
        "confidence": "l",
        "version": "2.0NRT",
        "bright_ti5": 307.42,
        "frp": 2.05,
        "daynight": "D",
        "source_dataset": "VIIRS_NOAA20_NRT",
        "acq_datetime_utc": "2026-08-30T12:19:00Z",
        "age_hours": 20.5,
        "confidence_label": "baja",
        "popup_label": "<strong>NASA FIRMS<\/strong><br>Sensor: VIIRS_NOAA20_NRT<br>Fecha UTC: 2026-08-30T12:19:00Z<br>Confianza: baja<br>FRP: 2.05 MW"
      }
    },
    {
      "type": "Feature",
      "geometry": {
        "type": "Point",
        "coordinates": [3.9903, 32.2792]
      },
      "properties": {
        "bright_ti4": 345.58,
        "scan": 0.57,
        "track": 0.52,
        "acq_date": "2026-08-30",
        "acq_time": "1217",
        "satellite": "N20",
        "instrument": "VIIRS",
        "confidence": "n",
        "version": "2.0NRT",
        "bright_ti5": 314.82,
        "frp": 1.61,
        "daynight": "D",
        "source_dataset": "VIIRS_NOAA20_NRT",
        "acq_datetime_utc": "2026-08-30T12:17:00Z",
        "age_hours": 20.5,
        "confidence_label": "nominal",
        "popup_label": "<strong>NASA FIRMS<\/strong><br>Sensor: VIIRS_NOAA20_NRT<br>Fecha UTC: 2026-08-30T12:17:00Z<br>Confianza: nominal<br>FRP: 1.61 MW"
      }
    },
    {
      "type": "Feature",
      "geometry": {
        "type": "Point",
        "coordinates": [3.171, 32.5537]
      },
      "properties": {
        "bright_ti4": 349.95,
        "scan": 0.63,
        "track": 0.54,
        "acq_date": "2026-08-30",
        "acq_time": "1217",
        "satellite": "N20",
        "instrument": "VIIRS",
        "confidence": "n",
        "version": "2.0NRT",
        "bright_ti5": 316.37,
        "frp": 6.88,
        "daynight": "D",
        "source_dataset": "VIIRS_NOAA20_NRT",
        "acq_datetime_utc": "2026-08-30T12:17:00Z",
        "age_hours": 20.5,
        "confidence_label": "nominal",
        "popup_label": "<strong>NASA FIRMS<\/strong><br>Sensor: VIIRS_NOAA20_NRT<br>Fecha UTC: 2026-08-30T12:17:00Z<br>Confianza: nominal<br>FRP: 6.88 MW"
      }
    },
    {
      "type": "Feature",
      "geometry": {
        "type": "Point",
        "coordinates": [3.17, 32.5555]
      },
      "properties": {
        "bright_ti4": 347.04,
        "scan": 0.63,
        "track": 0.54,
        "acq_date": "2026-08-30",
        "acq_time": "1217",
        "satellite": "N20",
        "instrument": "VIIRS",
        "confidence": "n",
        "version": "2.0NRT",
        "bright_ti5": 315.8,
        "frp": 8.17,
        "daynight": "D",
        "source_dataset": "VIIRS_NOAA20_NRT",
        "acq_datetime_utc": "2026-08-30T12:17:00Z",
        "age_hours": 20.5,
        "confidence_label": "nominal",
        "popup_label": "<strong>NASA FIRMS<\/strong><br>Sensor: VIIRS_NOAA20_NRT<br>Fecha UTC: 2026-08-30T12:17:00Z<br>Confianza: nominal<br>FRP: 8.17 MW"
      }
    },
    {
      "type": "Feature",
      "geometry": {
        "type": "Point",
        "coordinates": [3.408, 32.824]
      },
      "properties": {
        "bright_ti4": 343.94,
        "scan": 0.6,
        "track": 0.53,
        "acq_date": "2026-08-30",
        "acq_time": "1217",
        "satellite": "N20",
        "instrument": "VIIRS",
        "confidence": "n",
        "version": "2.0NRT",
        "bright_ti5": 312.8,
        "frp": 4.96,
        "daynight": "D",
        "source_dataset": "VIIRS_NOAA20_NRT",
        "acq_datetime_utc": "2026-08-30T12:17:00Z",
        "age_hours": 20.5,
        "confidence_label": "nominal",
        "popup_label": "<strong>NASA FIRMS<\/strong><br>Sensor: VIIRS_NOAA20_NRT<br>Fecha UTC: 2026-08-30T12:17:00Z<br>Confianza: nominal<br>FRP: 4.96 MW"
      }
    },
    {
      "type": "Feature",
      "geometry": {
        "type": "Point",
        "coordinates": [3.4084, 32.8249]
      },
      "properties": {
        "bright_ti4": 344.17,
        "scan": 0.6,
        "track": 0.53,
        "acq_date": "2026-08-30",
        "acq_time": "1217",
        "satellite": "N20",
        "instrument": "VIIRS",
        "confidence": "n",
        "version": "2.0NRT",
        "bright_ti5": 312.84,
        "frp": 4.14,
        "daynight": "D",
        "source_dataset": "VIIRS_NOAA20_NRT",
        "acq_datetime_utc": "2026-08-30T12:17:00Z",
        "age_hours": 20.5,
        "confidence_label": "nominal",
        "popup_label": "<strong>NASA FIRMS<\/strong><br>Sensor: VIIRS_NOAA20_NRT<br>Fecha UTC: 2026-08-30T12:17:00Z<br>Confianza: nominal<br>FRP: 4.14 MW"
      }
    },
    {
      "type": "Feature",
      "geometry": {
        "type": "Point",
        "coordinates": [3.2358, 32.9348]
      },
      "properties": {
        "bright_ti4": 341.94,
        "scan": 0.61,
        "track": 0.53,
        "acq_date": "2026-08-30",
        "acq_time": "1217",
        "satellite": "N20",
        "instrument": "VIIRS",
        "confidence": "l",
        "version": "2.0NRT",
        "bright_ti5": 313.6,
        "frp": 6.06,
        "daynight": "D",
        "source_dataset": "VIIRS_NOAA20_NRT",
        "acq_datetime_utc": "2026-08-30T12:17:00Z",
        "age_hours": 20.5,
        "confidence_label": "baja",
        "popup_label": "<strong>NASA FIRMS<\/strong><br>Sensor: VIIRS_NOAA20_NRT<br>Fecha UTC: 2026-08-30T12:17:00Z<br>Confianza: baja<br>FRP: 6.06 MW"
      }
    },
    {
      "type": "Feature",
      "geometry": {
        "type": "Point",
        "coordinates": [3.3944, 33.0782]
      },
      "properties": {
        "bright_ti4": 346.6,
        "scan": 0.59,
        "track": 0.53,
        "acq_date": "2026-08-30",
        "acq_time": "1217",
        "satellite": "N20",
        "instrument": "VIIRS",
        "confidence": "n",
        "version": "2.0NRT",
        "bright_ti5": 313.44,
        "frp": 4.56,
        "daynight": "D",
        "source_dataset": "VIIRS_NOAA20_NRT",
        "acq_datetime_utc": "2026-08-30T12:17:00Z",
        "age_hours": 20.5,
        "confidence_label": "nominal",
        "popup_label": "<strong>NASA FIRMS<\/strong><br>Sensor: VIIRS_NOAA20_NRT<br>Fecha UTC: 2026-08-30T12:17:00Z<br>Confianza: nominal<br>FRP: 4.56 MW"
      }
    },
    {
      "type": "Feature",
      "geometry": {
        "type": "Point",
        "coordinates": [-0.255, 35.8061]
      },
      "properties": {
        "bright_ti4": 336.65,
        "scan": 0.4,
        "track": 0.6,
        "acq_date": "2026-08-30",
        "acq_time": "1217",
        "satellite": "N20",
        "instrument": "VIIRS",
        "confidence": "n",
        "version": "2.0NRT",
        "bright_ti5": 298.38,
        "frp": 2.38,
        "daynight": "D",
        "source_dataset": "VIIRS_NOAA20_NRT",
        "acq_datetime_utc": "2026-08-30T12:17:00Z",
        "age_hours": 20.5,
        "confidence_label": "nominal",
        "popup_label": "<strong>NASA FIRMS<\/strong><br>Sensor: VIIRS_NOAA20_NRT<br>Fecha UTC: 2026-08-30T12:17:00Z<br>Confianza: nominal<br>FRP: 2.38 MW"
      }
    },
    {
      "type": "Feature",
      "geometry": {
        "type": "Point",
        "coordinates": [-5.2795, 37.6376]
      },
      "properties": {
        "bright_ti4": 340.54,
        "scan": 0.66,
        "track": 0.73,
        "acq_date": "2026-08-30",
        "acq_time": "1217",
        "satellite": "N20",
        "instrument": "VIIRS",
        "confidence": "n",
        "version": "2.0NRT",
        "bright_ti5": 305.99,
        "frp": 3.14,
        "daynight": "D",
        "source_dataset": "VIIRS_NOAA20_NRT",
        "acq_datetime_utc": "2026-08-30T12:17:00Z",
        "age_hours": 20.5,
        "confidence_label": "nominal",
        "popup_label": "<strong>NASA FIRMS<\/strong><br>Sensor: VIIRS_NOAA20_NRT<br>Fecha UTC: 2026-08-30T12:17:00Z<br>Confianza: nominal<br>FRP: 3.14 MW"
      }
    },
    {
      "type": "Feature",
      "geometry": {
        "type": "Point",
        "coordinates": [-0.5194, 28.202]
      },
      "properties": {
        "bright_ti4": 322.82,
        "scan": 0.49,
        "track": 0.65,
        "acq_date": "2026-08-30",
        "acq_time": "0241",
        "satellite": "N20",
        "instrument": "VIIRS",
        "confidence": "n",
        "version": "2.0NRT",
        "bright_ti5": 295.78,
        "frp": 2.54,
        "daynight": "N",
        "source_dataset": "VIIRS_NOAA20_NRT",
        "acq_datetime_utc": "2026-08-30T02:41:00Z",
        "age_hours": 30.1,
        "confidence_label": "nominal",
        "popup_label": "<strong>NASA FIRMS<\/strong><br>Sensor: VIIRS_NOAA20_NRT<br>Fecha UTC: 2026-08-30T02:41:00Z<br>Confianza: nominal<br>FRP: 2.54 MW"
      }
    },
    {
      "type": "Feature",
      "geometry": {
        "type": "Point",
        "coordinates": [-0.159, 28.2132]
      },
      "properties": {
        "bright_ti4": 306.84,
        "scan": 0.51,
        "track": 0.66,
        "acq_date": "2026-08-30",
        "acq_time": "0241",
        "satellite": "N20",
        "instrument": "VIIRS",
        "confidence": "n",
        "version": "2.0NRT",
        "bright_ti5": 295.65,
        "frp": 0.97,
        "daynight": "N",
        "source_dataset": "VIIRS_NOAA20_NRT",
        "acq_datetime_utc": "2026-08-30T02:41:00Z",
        "age_hours": 30.1,
        "confidence_label": "nominal",
        "popup_label": "<strong>NASA FIRMS<\/strong><br>Sensor: VIIRS_NOAA20_NRT<br>Fecha UTC: 2026-08-30T02:41:00Z<br>Confianza: nominal<br>FRP: 0.97 MW"
      }
    },
    {
      "type": "Feature",
      "geometry": {
        "type": "Point",
        "coordinates": [-9.4883, 30.3034]
      },
      "properties": {
        "bright_ti4": 309.83,
        "scan": 0.43,
        "track": 0.38,
        "acq_date": "2026-08-30",
        "acq_time": "0241",
        "satellite": "N20",
        "instrument": "VIIRS",
        "confidence": "n",
        "version": "2.0NRT",
        "bright_ti5": 290.89,
        "frp": 0.66,
        "daynight": "N",
        "source_dataset": "VIIRS_NOAA20_NRT",
        "acq_datetime_utc": "2026-08-30T02:41:00Z",
        "age_hours": 30.1,
        "confidence_label": "nominal",
        "popup_label": "<strong>NASA FIRMS<\/strong><br>Sensor: VIIRS_NOAA20_NRT<br>Fecha UTC: 2026-08-30T02:41:00Z<br>Confianza: nominal<br>FRP: 0.66 MW"
      }
    },
    {
      "type": "Feature",
      "geometry": {
        "type": "Point",
        "coordinates": [-16.9991, 32.6735]
      },
      "properties": {
        "bright_ti4": 332.94,
        "scan": 0.55,
        "track": 0.42,
        "acq_date": "2026-08-30",
        "acq_time": "0241",
        "satellite": "N20",
        "instrument": "VIIRS",
        "confidence": "n",
        "version": "2.0NRT",
        "bright_ti5": 289.18,
        "frp": 4.67,
        "daynight": "N",
        "source_dataset": "VIIRS_NOAA20_NRT",
        "acq_datetime_utc": "2026-08-30T02:41:00Z",
        "age_hours": 30.1,
        "confidence_label": "nominal",
        "popup_label": "<strong>NASA FIRMS<\/strong><br>Sensor: VIIRS_NOAA20_NRT<br>Fecha UTC: 2026-08-30T02:41:00Z<br>Confianza: nominal<br>FRP: 4.67 MW"
      }
    },
    {
      "type": "Feature",
      "geometry": {
        "type": "Point",
        "coordinates": [-16.9983, 32.6774]
      },
      "properties": {
        "bright_ti4": 325.31,
        "scan": 0.55,
        "track": 0.42,
        "acq_date": "2026-08-30",
        "acq_time": "0241",
        "satellite": "N20",
        "instrument": "VIIRS",
        "confidence": "n",
        "version": "2.0NRT",
        "bright_ti5": 288.24,
        "frp": 4.67,
        "daynight": "N",
        "source_dataset": "VIIRS_NOAA20_NRT",
        "acq_datetime_utc": "2026-08-30T02:41:00Z",
        "age_hours": 30.1,
        "confidence_label": "nominal",
        "popup_label": "<strong>NASA FIRMS<\/strong><br>Sensor: VIIRS_NOAA20_NRT<br>Fecha UTC: 2026-08-30T02:41:00Z<br>Confianza: nominal<br>FRP: 4.67 MW"
      }
    },
    {
      "type": "Feature",
      "geometry": {
        "type": "Point",
        "coordinates": [-8.6057, 33.1377]
      },
      "properties": {
        "bright_ti4": 315.66,
        "scan": 0.43,
        "track": 0.38,
        "acq_date": "2026-08-30",
        "acq_time": "0241",
        "satellite": "N20",
        "instrument": "VIIRS",
        "confidence": "n",
        "version": "2.0NRT",
        "bright_ti5": 293.55,
        "frp": 1.89,
        "daynight": "N",
        "source_dataset": "VIIRS_NOAA20_NRT",
        "acq_datetime_utc": "2026-08-30T02:41:00Z",
        "age_hours": 30.1,
        "confidence_label": "nominal",
        "popup_label": "<strong>NASA FIRMS<\/strong><br>Sensor: VIIRS_NOAA20_NRT<br>Fecha UTC: 2026-08-30T02:41:00Z<br>Confianza: nominal<br>FRP: 1.89 MW"
      }
    },
    {
      "type": "Feature",
      "geometry": {
        "type": "Point",
        "coordinates": [-7.7512, 33.3667]
      },
      "properties": {
        "bright_ti4": 303.08,
        "scan": 0.46,
        "track": 0.39,
        "acq_date": "2026-08-30",
        "acq_time": "0241",
        "satellite": "N20",
        "instrument": "VIIRS",
        "confidence": "n",
        "version": "2.0NRT",
        "bright_ti5": 292.41,
        "frp": 1.15,
        "daynight": "N",
        "source_dataset": "VIIRS_NOAA20_NRT",
        "acq_datetime_utc": "2026-08-30T02:41:00Z",
        "age_hours": 30.1,
        "confidence_label": "nominal",
        "popup_label": "<strong>NASA FIRMS<\/strong><br>Sensor: VIIRS_NOAA20_NRT<br>Fecha UTC: 2026-08-30T02:41:00Z<br>Confianza: nominal<br>FRP: 1.15 MW"
      }
    },
    {
      "type": "Feature",
      "geometry": {
        "type": "Point",
        "coordinates": [-7.4341, 33.6363]
      },
      "properties": {
        "bright_ti4": 310.83,
        "scan": 0.47,
        "track": 0.4,
        "acq_date": "2026-08-30",
        "acq_time": "0241",
        "satellite": "N20",
        "instrument": "VIIRS",
        "confidence": "n",
        "version": "2.0NRT",
        "bright_ti5": 292.89,
        "frp": 1.39,
        "daynight": "N",
        "source_dataset": "VIIRS_NOAA20_NRT",
        "acq_datetime_utc": "2026-08-30T02:41:00Z",
        "age_hours": 30.1,
        "confidence_label": "nominal",
        "popup_label": "<strong>NASA FIRMS<\/strong><br>Sensor: VIIRS_NOAA20_NRT<br>Fecha UTC: 2026-08-30T02:41:00Z<br>Confianza: nominal<br>FRP: 1.39 MW"
      }
    },
    {
      "type": "Feature",
      "geometry": {
        "type": "Point",
        "coordinates": [3.9861, 32.2738]
      },
      "properties": {
        "bright_ti4": 312.41,
        "scan": 0.7,
        "track": 0.75,
        "acq_date": "2026-08-30",
        "acq_time": "0238",
        "satellite": "N20",
        "instrument": "VIIRS",
        "confidence": "n",
        "version": "2.0NRT",
        "bright_ti5": 294.02,
        "frp": 2.63,
        "daynight": "N",
        "source_dataset": "VIIRS_NOAA20_NRT",
        "acq_datetime_utc": "2026-08-30T02:38:00Z",
        "age_hours": 30.2,
        "confidence_label": "nominal",
        "popup_label": "<strong>NASA FIRMS<\/strong><br>Sensor: VIIRS_NOAA20_NRT<br>Fecha UTC: 2026-08-30T02:38:00Z<br>Confianza: nominal<br>FRP: 2.63 MW"
      }
    },
    {
      "type": "Feature",
      "geometry": {
        "type": "Point",
        "coordinates": [3.9882, 32.2756]
      },
      "properties": {
        "bright_ti4": 320.46,
        "scan": 0.7,
        "track": 0.75,
        "acq_date": "2026-08-30",
        "acq_time": "0238",
        "satellite": "N20",
        "instrument": "VIIRS",
        "confidence": "n",
        "version": "2.0NRT",
        "bright_ti5": 294.5,
        "frp": 4.14,
        "daynight": "N",
        "source_dataset": "VIIRS_NOAA20_NRT",
        "acq_datetime_utc": "2026-08-30T02:38:00Z",
        "age_hours": 30.2,
        "confidence_label": "nominal",
        "popup_label": "<strong>NASA FIRMS<\/strong><br>Sensor: VIIRS_NOAA20_NRT<br>Fecha UTC: 2026-08-30T02:38:00Z<br>Confianza: nominal<br>FRP: 4.14 MW"
      }
    },
    {
      "type": "Feature",
      "geometry": {
        "type": "Point",
        "coordinates": [3.9811, 32.2777]
      },
      "properties": {
        "bright_ti4": 313.02,
        "scan": 0.7,
        "track": 0.75,
        "acq_date": "2026-08-30",
        "acq_time": "0238",
        "satellite": "N20",
        "instrument": "VIIRS",
        "confidence": "n",
        "version": "2.0NRT",
        "bright_ti5": 293.62,
        "frp": 3.77,
        "daynight": "N",
        "source_dataset": "VIIRS_NOAA20_NRT",
        "acq_datetime_utc": "2026-08-30T02:38:00Z",
        "age_hours": 30.2,
        "confidence_label": "nominal",
        "popup_label": "<strong>NASA FIRMS<\/strong><br>Sensor: VIIRS_NOAA20_NRT<br>Fecha UTC: 2026-08-30T02:38:00Z<br>Confianza: nominal<br>FRP: 3.77 MW"
      }
    },
    {
      "type": "Feature",
      "geometry": {
        "type": "Point",
        "coordinates": [4.0058, 32.4038]
      },
      "properties": {
        "bright_ti4": 310.73,
        "scan": 0.69,
        "track": 0.74,
        "acq_date": "2026-08-30",
        "acq_time": "0238",
        "satellite": "N20",
        "instrument": "VIIRS",
        "confidence": "n",
        "version": "2.0NRT",
        "bright_ti5": 293.38,
        "frp": 1.77,
        "daynight": "N",
        "source_dataset": "VIIRS_NOAA20_NRT",
        "acq_datetime_utc": "2026-08-30T02:38:00Z",
        "age_hours": 30.2,
        "confidence_label": "nominal",
        "popup_label": "<strong>NASA FIRMS<\/strong><br>Sensor: VIIRS_NOAA20_NRT<br>Fecha UTC: 2026-08-30T02:38:00Z<br>Confianza: nominal<br>FRP: 1.77 MW"
      }
    },
    {
      "type": "Feature",
      "geometry": {
        "type": "Point",
        "coordinates": [3.1664, 32.5579]
      },
      "properties": {
        "bright_ti4": 334.74,
        "scan": 0.62,
        "track": 0.71,
        "acq_date": "2026-08-30",
        "acq_time": "0238",
        "satellite": "N20",
        "instrument": "VIIRS",
        "confidence": "n",
        "version": "2.0NRT",
        "bright_ti5": 292.13,
        "frp": 5.08,
        "daynight": "N",
        "source_dataset": "VIIRS_NOAA20_NRT",
        "acq_datetime_utc": "2026-08-30T02:38:00Z",
        "age_hours": 30.2,
        "confidence_label": "nominal",
        "popup_label": "<strong>NASA FIRMS<\/strong><br>Sensor: VIIRS_NOAA20_NRT<br>Fecha UTC: 2026-08-30T02:38:00Z<br>Confianza: nominal<br>FRP: 5.08 MW"
      }
    },
    {
      "type": "Feature",
      "geometry": {
        "type": "Point",
        "coordinates": [3.7049, 32.5685]
      },
      "properties": {
        "bright_ti4": 303.24,
        "scan": 0.66,
        "track": 0.73,
        "acq_date": "2026-08-30",
        "acq_time": "0238",
        "satellite": "N20",
        "instrument": "VIIRS",
        "confidence": "n",
        "version": "2.0NRT",
        "bright_ti5": 291.96,
        "frp": 0.87,
        "daynight": "N",
        "source_dataset": "VIIRS_NOAA20_NRT",
        "acq_datetime_utc": "2026-08-30T02:38:00Z",
        "age_hours": 30.2,
        "confidence_label": "nominal",
        "popup_label": "<strong>NASA FIRMS<\/strong><br>Sensor: VIIRS_NOAA20_NRT<br>Fecha UTC: 2026-08-30T02:38:00Z<br>Confianza: nominal<br>FRP: 0.87 MW"
      }
    },
    {
      "type": "Feature",
      "geometry": {
        "type": "Point",
        "coordinates": [3.1787, 32.7499]
      },
      "properties": {
        "bright_ti4": 305.52,
        "scan": 0.61,
        "track": 0.71,
        "acq_date": "2026-08-30",
        "acq_time": "0238",
        "satellite": "N20",
        "instrument": "VIIRS",
        "confidence": "n",
        "version": "2.0NRT",
        "bright_ti5": 292.34,
        "frp": 1.62,
        "daynight": "N",
        "source_dataset": "VIIRS_NOAA20_NRT",
        "acq_datetime_utc": "2026-08-30T02:38:00Z",
        "age_hours": 30.2,
        "confidence_label": "nominal",
        "popup_label": "<strong>NASA FIRMS<\/strong><br>Sensor: VIIRS_NOAA20_NRT<br>Fecha UTC: 2026-08-30T02:38:00Z<br>Confianza: nominal<br>FRP: 1.62 MW"
      }
    },
    {
      "type": "Feature",
      "geometry": {
        "type": "Point",
        "coordinates": [3.2314, 32.9293]
      },
      "properties": {
        "bright_ti4": 306.34,
        "scan": 0.61,
        "track": 0.71,
        "acq_date": "2026-08-30",
        "acq_time": "0238",
        "satellite": "N20",
        "instrument": "VIIRS",
        "confidence": "n",
        "version": "2.0NRT",
        "bright_ti5": 291.24,
        "frp": 1.86,
        "daynight": "N",
        "source_dataset": "VIIRS_NOAA20_NRT",
        "acq_datetime_utc": "2026-08-30T02:38:00Z",
        "age_hours": 30.2,
        "confidence_label": "nominal",
        "popup_label": "<strong>NASA FIRMS<\/strong><br>Sensor: VIIRS_NOAA20_NRT<br>Fecha UTC: 2026-08-30T02:38:00Z<br>Confianza: nominal<br>FRP: 1.86 MW"
      }
    },
    {
      "type": "Feature",
      "geometry": {
        "type": "Point",
        "coordinates": [3.2337, 32.9299]
      },
      "properties": {
        "bright_ti4": 304.5,
        "scan": 0.61,
        "track": 0.71,
        "acq_date": "2026-08-30",
        "acq_time": "0238",
        "satellite": "N20",
        "instrument": "VIIRS",
        "confidence": "n",
        "version": "2.0NRT",
        "bright_ti5": 291.28,
        "frp": 1.69,
        "daynight": "N",
        "source_dataset": "VIIRS_NOAA20_NRT",
        "acq_datetime_utc": "2026-08-30T02:38:00Z",
        "age_hours": 30.2,
        "confidence_label": "nominal",
        "popup_label": "<strong>NASA FIRMS<\/strong><br>Sensor: VIIRS_NOAA20_NRT<br>Fecha UTC: 2026-08-30T02:38:00Z<br>Confianza: nominal<br>FRP: 1.69 MW"
      }
    },
    {
      "type": "Feature",
      "geometry": {
        "type": "Point",
        "coordinates": [3.2276, 32.9317]
      },
      "properties": {
        "bright_ti4": 304.98,
        "scan": 0.61,
        "track": 0.71,
        "acq_date": "2026-08-30",
        "acq_time": "0238",
        "satellite": "N20",
        "instrument": "VIIRS",
        "confidence": "n",
        "version": "2.0NRT",
        "bright_ti5": 291.26,
        "frp": 2.99,
        "daynight": "N",
        "source_dataset": "VIIRS_NOAA20_NRT",
        "acq_datetime_utc": "2026-08-30T02:38:00Z",
        "age_hours": 30.2,
        "confidence_label": "nominal",
        "popup_label": "<strong>NASA FIRMS<\/strong><br>Sensor: VIIRS_NOAA20_NRT<br>Fecha UTC: 2026-08-30T02:38:00Z<br>Confianza: nominal<br>FRP: 2.99 MW"
      }
    },
    {
      "type": "Feature",
      "geometry": {
        "type": "Point",
        "coordinates": [3.2462, 32.932]
      },
      "properties": {
        "bright_ti4": 302.81,
        "scan": 0.61,
        "track": 0.71,
        "acq_date": "2026-08-30",
        "acq_time": "0238",
        "satellite": "N20",
        "instrument": "VIIRS",
        "confidence": "n",
        "version": "2.0NRT",
        "bright_ti5": 291.92,
        "frp": 2.75,
        "daynight": "N",
        "source_dataset": "VIIRS_NOAA20_NRT",
        "acq_datetime_utc": "2026-08-30T02:38:00Z",
        "age_hours": 30.2,
        "confidence_label": "nominal",
        "popup_label": "<strong>NASA FIRMS<\/strong><br>Sensor: VIIRS_NOAA20_NRT<br>Fecha UTC: 2026-08-30T02:38:00Z<br>Confianza: nominal<br>FRP: 2.75 MW"
      }
    },
    {
      "type": "Feature",
      "geometry": {
        "type": "Point",
        "coordinates": [3.234, 32.9355]
      },
      "properties": {
        "bright_ti4": 313.6,
        "scan": 0.61,
        "track": 0.71,
        "acq_date": "2026-08-30",
        "acq_time": "0238",
        "satellite": "N20",
        "instrument": "VIIRS",
        "confidence": "n",
        "version": "2.0NRT",
        "bright_ti5": 292.46,
        "frp": 1.86,
        "daynight": "N",
        "source_dataset": "VIIRS_NOAA20_NRT",
        "acq_datetime_utc": "2026-08-30T02:38:00Z",
        "age_hours": 30.2,
        "confidence_label": "nominal",
        "popup_label": "<strong>NASA FIRMS<\/strong><br>Sensor: VIIRS_NOAA20_NRT<br>Fecha UTC: 2026-08-30T02:38:00Z<br>Confianza: nominal<br>FRP: 1.86 MW"
      }
    },
    {
      "type": "Feature",
      "geometry": {
        "type": "Point",
        "coordinates": [3.2362, 32.9361]
      },
      "properties": {
        "bright_ti4": 307.72,
        "scan": 0.61,
        "track": 0.71,
        "acq_date": "2026-08-30",
        "acq_time": "0238",
        "satellite": "N20",
        "instrument": "VIIRS",
        "confidence": "n",
        "version": "2.0NRT",
        "bright_ti5": 292.07,
        "frp": 1.69,
        "daynight": "N",
        "source_dataset": "VIIRS_NOAA20_NRT",
        "acq_datetime_utc": "2026-08-30T02:38:00Z",
        "age_hours": 30.2,
        "confidence_label": "nominal",
        "popup_label": "<strong>NASA FIRMS<\/strong><br>Sensor: VIIRS_NOAA20_NRT<br>Fecha UTC: 2026-08-30T02:38:00Z<br>Confianza: nominal<br>FRP: 1.69 MW"
      }
    },
    {
      "type": "Feature",
      "geometry": {
        "type": "Point",
        "coordinates": [3.2326, 32.9441]
      },
      "properties": {
        "bright_ti4": 308.4,
        "scan": 0.61,
        "track": 0.71,
        "acq_date": "2026-08-30",
        "acq_time": "0238",
        "satellite": "N20",
        "instrument": "VIIRS",
        "confidence": "n",
        "version": "2.0NRT",
        "bright_ti5": 292.84,
        "frp": 13.99,
        "daynight": "N",
        "source_dataset": "VIIRS_NOAA20_NRT",
        "acq_datetime_utc": "2026-08-30T02:38:00Z",
        "age_hours": 30.2,
        "confidence_label": "nominal",
        "popup_label": "<strong>NASA FIRMS<\/strong><br>Sensor: VIIRS_NOAA20_NRT<br>Fecha UTC: 2026-08-30T02:38:00Z<br>Confianza: nominal<br>FRP: 13.99 MW"
      }
    },
    {
      "type": "Feature",
      "geometry": {
        "type": "Point",
        "coordinates": [3.2265, 32.9458]
      },
      "properties": {
        "bright_ti4": 327.46,
        "scan": 0.61,
        "track": 0.71,
        "acq_date": "2026-08-30",
        "acq_time": "0238",
        "satellite": "N20",
        "instrument": "VIIRS",
        "confidence": "n",
        "version": "2.0NRT",
        "bright_ti5": 292.48,
        "frp": 13.99,
        "daynight": "N",
        "source_dataset": "VIIRS_NOAA20_NRT",
        "acq_datetime_utc": "2026-08-30T02:38:00Z",
        "age_hours": 30.2,
        "confidence_label": "nominal",
        "popup_label": "<strong>NASA FIRMS<\/strong><br>Sensor: VIIRS_NOAA20_NRT<br>Fecha UTC: 2026-08-30T02:38:00Z<br>Confianza: nominal<br>FRP: 13.99 MW"
      }
    },
    {
      "type": "Feature",
      "geometry": {
        "type": "Point",
        "coordinates": [3.2204, 32.9476]
      },
      "properties": {
        "bright_ti4": 307.58,
        "scan": 0.61,
        "track": 0.71,
        "acq_date": "2026-08-30",
        "acq_time": "0238",
        "satellite": "N20",
        "instrument": "VIIRS",
        "confidence": "n",
        "version": "2.0NRT",
        "bright_ti5": 291.52,
        "frp": 8.45,
        "daynight": "N",
        "source_dataset": "VIIRS_NOAA20_NRT",
        "acq_datetime_utc": "2026-08-30T02:38:00Z",
        "age_hours": 30.2,
        "confidence_label": "nominal",
        "popup_label": "<strong>NASA FIRMS<\/strong><br>Sensor: VIIRS_NOAA20_NRT<br>Fecha UTC: 2026-08-30T02:38:00Z<br>Confianza: nominal<br>FRP: 8.45 MW"
      }
    },
    {
      "type": "Feature",
      "geometry": {
        "type": "Point",
        "coordinates": [3.235, 32.9503]
      },
      "properties": {
        "bright_ti4": 321,
        "scan": 0.61,
        "track": 0.71,
        "acq_date": "2026-08-30",
        "acq_time": "0238",
        "satellite": "N20",
        "instrument": "VIIRS",
        "confidence": "n",
        "version": "2.0NRT",
        "bright_ti5": 294.21,
        "frp": 13.99,
        "daynight": "N",
        "source_dataset": "VIIRS_NOAA20_NRT",
        "acq_datetime_utc": "2026-08-30T02:38:00Z",
        "age_hours": 30.2,
        "confidence_label": "nominal",
        "popup_label": "<strong>NASA FIRMS<\/strong><br>Sensor: VIIRS_NOAA20_NRT<br>Fecha UTC: 2026-08-30T02:38:00Z<br>Confianza: nominal<br>FRP: 13.99 MW"
      }
    },
    {
      "type": "Feature",
      "geometry": {
        "type": "Point",
        "coordinates": [3.2289, 32.9521]
      },
      "properties": {
        "bright_ti4": 367,
        "scan": 0.61,
        "track": 0.71,
        "acq_date": "2026-08-30",
        "acq_time": "0238",
        "satellite": "N20",
        "instrument": "VIIRS",
        "confidence": "h",
        "version": "2.0NRT",
        "bright_ti5": 300.04,
        "frp": 13.99,
        "daynight": "N",
        "source_dataset": "VIIRS_NOAA20_NRT",
        "acq_datetime_utc": "2026-08-30T02:38:00Z",
        "age_hours": 30.2,
        "confidence_label": "alta",
        "popup_label": "<strong>NASA FIRMS<\/strong><br>Sensor: VIIRS_NOAA20_NRT<br>Fecha UTC: 2026-08-30T02:38:00Z<br>Confianza: alta<br>FRP: 13.99 MW"
      }
    },
    {
      "type": "Feature",
      "geometry": {
        "type": "Point",
        "coordinates": [3.2227, 32.9539]
      },
      "properties": {
        "bright_ti4": 306.71,
        "scan": 0.61,
        "track": 0.71,
        "acq_date": "2026-08-30",
        "acq_time": "0238",
        "satellite": "N20",
        "instrument": "VIIRS",
        "confidence": "n",
        "version": "2.0NRT",
        "bright_ti5": 292.61,
        "frp": 8.45,
        "daynight": "N",
        "source_dataset": "VIIRS_NOAA20_NRT",
        "acq_datetime_utc": "2026-08-30T02:38:00Z",
        "age_hours": 30.2,
        "confidence_label": "nominal",
        "popup_label": "<strong>NASA FIRMS<\/strong><br>Sensor: VIIRS_NOAA20_NRT<br>Fecha UTC: 2026-08-30T02:38:00Z<br>Confianza: nominal<br>FRP: 8.45 MW"
      }
    },
    {
      "type": "Feature",
      "geometry": {
        "type": "Point",
        "coordinates": [3.3967, 33.0785]
      },
      "properties": {
        "bright_ti4": 303.86,
        "scan": 0.61,
        "track": 0.71,
        "acq_date": "2026-08-30",
        "acq_time": "0238",
        "satellite": "N20",
        "instrument": "VIIRS",
        "confidence": "n",
        "version": "2.0NRT",
        "bright_ti5": 290.68,
        "frp": 1.9,
        "daynight": "N",
        "source_dataset": "VIIRS_NOAA20_NRT",
        "acq_datetime_utc": "2026-08-30T02:38:00Z",
        "age_hours": 30.2,
        "confidence_label": "nominal",
        "popup_label": "<strong>NASA FIRMS<\/strong><br>Sensor: VIIRS_NOAA20_NRT<br>Fecha UTC: 2026-08-30T02:38:00Z<br>Confianza: nominal<br>FRP: 1.9 MW"
      }
    },
    {
      "type": "Feature",
      "geometry": {
        "type": "Point",
        "coordinates": [3.3913, 33.0793]
      },
      "properties": {
        "bright_ti4": 317.22,
        "scan": 0.61,
        "track": 0.71,
        "acq_date": "2026-08-30",
        "acq_time": "0238",
        "satellite": "N20",
        "instrument": "VIIRS",
        "confidence": "n",
        "version": "2.0NRT",
        "bright_ti5": 290.68,
        "frp": 2.48,
        "daynight": "N",
        "source_dataset": "VIIRS_NOAA20_NRT",
        "acq_datetime_utc": "2026-08-30T02:38:00Z",
        "age_hours": 30.2,
        "confidence_label": "nominal",
        "popup_label": "<strong>NASA FIRMS<\/strong><br>Sensor: VIIRS_NOAA20_NRT<br>Fecha UTC: 2026-08-30T02:38:00Z<br>Confianza: nominal<br>FRP: 2.48 MW"
      }
    },
    {
      "type": "Feature",
      "geometry": {
        "type": "Point",
        "coordinates": [3.3905, 33.0803]
      },
      "properties": {
        "bright_ti4": 315.11,
        "scan": 0.61,
        "track": 0.71,
        "acq_date": "2026-08-30",
        "acq_time": "0238",
        "satellite": "N20",
        "instrument": "VIIRS",
        "confidence": "n",
        "version": "2.0NRT",
        "bright_ti5": 290.6,
        "frp": 1.9,
        "daynight": "N",
        "source_dataset": "VIIRS_NOAA20_NRT",
        "acq_datetime_utc": "2026-08-30T02:38:00Z",
        "age_hours": 30.2,
        "confidence_label": "nominal",
        "popup_label": "<strong>NASA FIRMS<\/strong><br>Sensor: VIIRS_NOAA20_NRT<br>Fecha UTC: 2026-08-30T02:38:00Z<br>Confianza: nominal<br>FRP: 1.9 MW"
      }
    },
    {
      "type": "Feature",
      "geometry": {
        "type": "Point",
        "coordinates": [3.3213, 33.127]
      },
      "properties": {
        "bright_ti4": 310.98,
        "scan": 0.61,
        "track": 0.71,
        "acq_date": "2026-08-30",
        "acq_time": "0238",
        "satellite": "N20",
        "instrument": "VIIRS",
        "confidence": "n",
        "version": "2.0NRT",
        "bright_ti5": 292.54,
        "frp": 2.78,
        "daynight": "N",
        "source_dataset": "VIIRS_NOAA20_NRT",
        "acq_datetime_utc": "2026-08-30T02:38:00Z",
        "age_hours": 30.2,
        "confidence_label": "nominal",
        "popup_label": "<strong>NASA FIRMS<\/strong><br>Sensor: VIIRS_NOAA20_NRT<br>Fecha UTC: 2026-08-30T02:38:00Z<br>Confianza: nominal<br>FRP: 2.78 MW"
      }
    },
    {
      "type": "Feature",
      "geometry": {
        "type": "Point",
        "coordinates": [3.3207, 33.1285]
      },
      "properties": {
        "bright_ti4": 312.5,
        "scan": 0.61,
        "track": 0.71,
        "acq_date": "2026-08-30",
        "acq_time": "0238",
        "satellite": "N20",
        "instrument": "VIIRS",
        "confidence": "n",
        "version": "2.0NRT",
        "bright_ti5": 291.84,
        "frp": 1.58,
        "daynight": "N",
        "source_dataset": "VIIRS_NOAA20_NRT",
        "acq_datetime_utc": "2026-08-30T02:38:00Z",
        "age_hours": 30.2,
        "confidence_label": "nominal",
        "popup_label": "<strong>NASA FIRMS<\/strong><br>Sensor: VIIRS_NOAA20_NRT<br>Fecha UTC: 2026-08-30T02:38:00Z<br>Confianza: nominal<br>FRP: 1.58 MW"
      }
    },
    {
      "type": "Feature",
      "geometry": {
        "type": "Point",
        "coordinates": [3.3152, 33.1287]
      },
      "properties": {
        "bright_ti4": 304.38,
        "scan": 0.61,
        "track": 0.71,
        "acq_date": "2026-08-30",
        "acq_time": "0238",
        "satellite": "N20",
        "instrument": "VIIRS",
        "confidence": "n",
        "version": "2.0NRT",
        "bright_ti5": 291.09,
        "frp": 2.22,
        "daynight": "N",
        "source_dataset": "VIIRS_NOAA20_NRT",
        "acq_datetime_utc": "2026-08-30T02:38:00Z",
        "age_hours": 30.2,
        "confidence_label": "nominal",
        "popup_label": "<strong>NASA FIRMS<\/strong><br>Sensor: VIIRS_NOAA20_NRT<br>Fecha UTC: 2026-08-30T02:38:00Z<br>Confianza: nominal<br>FRP: 2.22 MW"
      }
    },
    {
      "type": "Feature",
      "geometry": {
        "type": "Point",
        "coordinates": [3.3146, 33.1302]
      },
      "properties": {
        "bright_ti4": 303.6,
        "scan": 0.61,
        "track": 0.71,
        "acq_date": "2026-08-30",
        "acq_time": "0238",
        "satellite": "N20",
        "instrument": "VIIRS",
        "confidence": "n",
        "version": "2.0NRT",
        "bright_ti5": 291.28,
        "frp": 1.58,
        "daynight": "N",
        "source_dataset": "VIIRS_NOAA20_NRT",
        "acq_datetime_utc": "2026-08-30T02:38:00Z",
        "age_hours": 30.2,
        "confidence_label": "nominal",
        "popup_label": "<strong>NASA FIRMS<\/strong><br>Sensor: VIIRS_NOAA20_NRT<br>Fecha UTC: 2026-08-30T02:38:00Z<br>Confianza: nominal<br>FRP: 1.58 MW"
      }
    },
    {
      "type": "Feature",
      "geometry": {
        "type": "Point",
        "coordinates": [2.0283, 34.2235]
      },
      "properties": {
        "bright_ti4": 309.44,
        "scan": 0.48,
        "track": 0.65,
        "acq_date": "2026-08-30",
        "acq_time": "0238",
        "satellite": "N20",
        "instrument": "VIIRS",
        "confidence": "n",
        "version": "2.0NRT",
        "bright_ti5": 290.15,
        "frp": 6.4,
        "daynight": "N",
        "source_dataset": "VIIRS_NOAA20_NRT",
        "acq_datetime_utc": "2026-08-30T02:38:00Z",
        "age_hours": 30.2,
        "confidence_label": "nominal",
        "popup_label": "<strong>NASA FIRMS<\/strong><br>Sensor: VIIRS_NOAA20_NRT<br>Fecha UTC: 2026-08-30T02:38:00Z<br>Confianza: nominal<br>FRP: 6.4 MW"
      }
    },
    {
      "type": "Feature",
      "geometry": {
        "type": "Point",
        "coordinates": [2.0234, 34.2249]
      },
      "properties": {
        "bright_ti4": 343.96,
        "scan": 0.48,
        "track": 0.65,
        "acq_date": "2026-08-30",
        "acq_time": "0238",
        "satellite": "N20",
        "instrument": "VIIRS",
        "confidence": "n",
        "version": "2.0NRT",
        "bright_ti5": 287.62,
        "frp": 9.06,
        "daynight": "N",
        "source_dataset": "VIIRS_NOAA20_NRT",
        "acq_datetime_utc": "2026-08-30T02:38:00Z",
        "age_hours": 30.2,
        "confidence_label": "nominal",
        "popup_label": "<strong>NASA FIRMS<\/strong><br>Sensor: VIIRS_NOAA20_NRT<br>Fecha UTC: 2026-08-30T02:38:00Z<br>Confianza: nominal<br>FRP: 9.06 MW"
      }
    },
    {
      "type": "Feature",
      "geometry": {
        "type": "Point",
        "coordinates": [-6.5723, 34.2803]
      },
      "properties": {
        "bright_ti4": 309.62,
        "scan": 0.5,
        "track": 0.41,
        "acq_date": "2026-08-30",
        "acq_time": "0238",
        "satellite": "N20",
        "instrument": "VIIRS",
        "confidence": "n",
        "version": "2.0NRT",
        "bright_ti5": 291.51,
        "frp": 1.41,
        "daynight": "N",
        "source_dataset": "VIIRS_NOAA20_NRT",
        "acq_datetime_utc": "2026-08-30T02:38:00Z",
        "age_hours": 30.2,
        "confidence_label": "nominal",
        "popup_label": "<strong>NASA FIRMS<\/strong><br>Sensor: VIIRS_NOAA20_NRT<br>Fecha UTC: 2026-08-30T02:38:00Z<br>Confianza: nominal<br>FRP: 1.41 MW"
      }
    },
    {
      "type": "Feature",
      "geometry": {
        "type": "Point",
        "coordinates": [-6.5731, 34.2828]
      },
      "properties": {
        "bright_ti4": 304.58,
        "scan": 0.5,
        "track": 0.41,
        "acq_date": "2026-08-30",
        "acq_time": "0238",
        "satellite": "N20",
        "instrument": "VIIRS",
        "confidence": "n",
        "version": "2.0NRT",
        "bright_ti5": 291.85,
        "frp": 0.52,
        "daynight": "N",
        "source_dataset": "VIIRS_NOAA20_NRT",
        "acq_datetime_utc": "2026-08-30T02:38:00Z",
        "age_hours": 30.2,
        "confidence_label": "nominal",
        "popup_label": "<strong>NASA FIRMS<\/strong><br>Sensor: VIIRS_NOAA20_NRT<br>Fecha UTC: 2026-08-30T02:38:00Z<br>Confianza: nominal<br>FRP: 0.52 MW"
      }
    },
    {
      "type": "Feature",
      "geometry": {
        "type": "Point",
        "coordinates": [-0.396, 35.4581]
      },
      "properties": {
        "bright_ti4": 300.6,
        "scan": 0.33,
        "track": 0.55,
        "acq_date": "2026-08-30",
        "acq_time": "0238",
        "satellite": "N20",
        "instrument": "VIIRS",
        "confidence": "n",
        "version": "2.0NRT",
        "bright_ti5": 290.02,
        "frp": 0.48,
        "daynight": "N",
        "source_dataset": "VIIRS_NOAA20_NRT",
        "acq_datetime_utc": "2026-08-30T02:38:00Z",
        "age_hours": 30.2,
        "confidence_label": "nominal",
        "popup_label": "<strong>NASA FIRMS<\/strong><br>Sensor: VIIRS_NOAA20_NRT<br>Fecha UTC: 2026-08-30T02:38:00Z<br>Confianza: nominal<br>FRP: 0.48 MW"
      }
    },
    {
      "type": "Feature",
      "geometry": {
        "type": "Point",
        "coordinates": [-0.2787, 35.5285]
      },
      "properties": {
        "bright_ti4": 304.71,
        "scan": 0.33,
        "track": 0.56,
        "acq_date": "2026-08-30",
        "acq_time": "0238",
        "satellite": "N20",
        "instrument": "VIIRS",
        "confidence": "n",
        "version": "2.0NRT",
        "bright_ti5": 290.68,
        "frp": 0.93,
        "daynight": "N",
        "source_dataset": "VIIRS_NOAA20_NRT",
        "acq_datetime_utc": "2026-08-30T02:38:00Z",
        "age_hours": 30.2,
        "confidence_label": "nominal",
        "popup_label": "<strong>NASA FIRMS<\/strong><br>Sensor: VIIRS_NOAA20_NRT<br>Fecha UTC: 2026-08-30T02:38:00Z<br>Confianza: nominal<br>FRP: 0.93 MW"
      }
    },
    {
      "type": "Feature",
      "geometry": {
        "type": "Point",
        "coordinates": [-0.2778, 35.5297]
      },
      "properties": {
        "bright_ti4": 305.18,
        "scan": 0.33,
        "track": 0.56,
        "acq_date": "2026-08-30",
        "acq_time": "0238",
        "satellite": "N20",
        "instrument": "VIIRS",
        "confidence": "n",
        "version": "2.0NRT",
        "bright_ti5": 290.9,
        "frp": 0.57,
        "daynight": "N",
        "source_dataset": "VIIRS_NOAA20_NRT",
        "acq_datetime_utc": "2026-08-30T02:38:00Z",
        "age_hours": 30.2,
        "confidence_label": "nominal",
        "popup_label": "<strong>NASA FIRMS<\/strong><br>Sensor: VIIRS_NOAA20_NRT<br>Fecha UTC: 2026-08-30T02:38:00Z<br>Confianza: nominal<br>FRP: 0.57 MW"
      }
    },
    {
      "type": "Feature",
      "geometry": {
        "type": "Point",
        "coordinates": [-0.2646, 35.7699]
      },
      "properties": {
        "bright_ti4": 306.18,
        "scan": 0.33,
        "track": 0.55,
        "acq_date": "2026-08-30",
        "acq_time": "0238",
        "satellite": "N20",
        "instrument": "VIIRS",
        "confidence": "n",
        "version": "2.0NRT",
        "bright_ti5": 292.18,
        "frp": 1.37,
        "daynight": "N",
        "source_dataset": "VIIRS_NOAA20_NRT",
        "acq_datetime_utc": "2026-08-30T02:38:00Z",
        "age_hours": 30.2,
        "confidence_label": "nominal",
        "popup_label": "<strong>NASA FIRMS<\/strong><br>Sensor: VIIRS_NOAA20_NRT<br>Fecha UTC: 2026-08-30T02:38:00Z<br>Confianza: nominal<br>FRP: 1.37 MW"
      }
    },
    {
      "type": "Feature",
      "geometry": {
        "type": "Point",
        "coordinates": [0.5403, 35.7864]
      },
      "properties": {
        "bright_ti4": 303.89,
        "scan": 0.36,
        "track": 0.58,
        "acq_date": "2026-08-30",
        "acq_time": "0238",
        "satellite": "N20",
        "instrument": "VIIRS",
        "confidence": "n",
        "version": "2.0NRT",
        "bright_ti5": 291.12,
        "frp": 0.25,
        "daynight": "N",
        "source_dataset": "VIIRS_NOAA20_NRT",
        "acq_datetime_utc": "2026-08-30T02:38:00Z",
        "age_hours": 30.2,
        "confidence_label": "nominal",
        "popup_label": "<strong>NASA FIRMS<\/strong><br>Sensor: VIIRS_NOAA20_NRT<br>Fecha UTC: 2026-08-30T02:38:00Z<br>Confianza: nominal<br>FRP: 0.25 MW"
      }
    },
    {
      "type": "Feature",
      "geometry": {
        "type": "Point",
        "coordinates": [-0.2559, 35.8105]
      },
      "properties": {
        "bright_ti4": 333.15,
        "scan": 0.33,
        "track": 0.55,
        "acq_date": "2026-08-30",
        "acq_time": "0238",
        "satellite": "N20",
        "instrument": "VIIRS",
        "confidence": "n",
        "version": "2.0NRT",
        "bright_ti5": 292.54,
        "frp": 2.06,
        "daynight": "N",
        "source_dataset": "VIIRS_NOAA20_NRT",
        "acq_datetime_utc": "2026-08-30T02:38:00Z",
        "age_hours": 30.2,
        "confidence_label": "nominal",
        "popup_label": "<strong>NASA FIRMS<\/strong><br>Sensor: VIIRS_NOAA20_NRT<br>Fecha UTC: 2026-08-30T02:38:00Z<br>Confianza: nominal<br>FRP: 2.06 MW"
      }
    },
    {
      "type": "Feature",
      "geometry": {
        "type": "Point",
        "coordinates": [-0.3411, 35.8105]
      },
      "properties": {
        "bright_ti4": 302.8,
        "scan": 0.33,
        "track": 0.55,
        "acq_date": "2026-08-30",
        "acq_time": "0238",
        "satellite": "N20",
        "instrument": "VIIRS",
        "confidence": "n",
        "version": "2.0NRT",
        "bright_ti5": 291.38,
        "frp": 0.37,
        "daynight": "N",
        "source_dataset": "VIIRS_NOAA20_NRT",
        "acq_datetime_utc": "2026-08-30T02:38:00Z",
        "age_hours": 30.2,
        "confidence_label": "nominal",
        "popup_label": "<strong>NASA FIRMS<\/strong><br>Sensor: VIIRS_NOAA20_NRT<br>Fecha UTC: 2026-08-30T02:38:00Z<br>Confianza: nominal<br>FRP: 0.37 MW"
      }
    },
    {
      "type": "Feature",
      "geometry": {
        "type": "Point",
        "coordinates": [-0.27, 35.814]
      },
      "properties": {
        "bright_ti4": 318.13,
        "scan": 0.33,
        "track": 0.55,
        "acq_date": "2026-08-30",
        "acq_time": "0238",
        "satellite": "N20",
        "instrument": "VIIRS",
        "confidence": "n",
        "version": "2.0NRT",
        "bright_ti5": 291.64,
        "frp": 1.21,
        "daynight": "N",
        "source_dataset": "VIIRS_NOAA20_NRT",
        "acq_datetime_utc": "2026-08-30T02:38:00Z",
        "age_hours": 30.2,
        "confidence_label": "nominal",
        "popup_label": "<strong>NASA FIRMS<\/strong><br>Sensor: VIIRS_NOAA20_NRT<br>Fecha UTC: 2026-08-30T02:38:00Z<br>Confianza: nominal<br>FRP: 1.21 MW"
      }
    },
    {
      "type": "Feature",
      "geometry": {
        "type": "Point",
        "coordinates": [4.4474, 35.8772]
      },
      "properties": {
        "bright_ti4": 308.52,
        "scan": 0.59,
        "track": 0.7,
        "acq_date": "2026-08-30",
        "acq_time": "0238",
        "satellite": "N20",
        "instrument": "VIIRS",
        "confidence": "n",
        "version": "2.0NRT",
        "bright_ti5": 293.33,
        "frp": 2.01,
        "daynight": "N",
        "source_dataset": "VIIRS_NOAA20_NRT",
        "acq_datetime_utc": "2026-08-30T02:38:00Z",
        "age_hours": 30.2,
        "confidence_label": "nominal",
        "popup_label": "<strong>NASA FIRMS<\/strong><br>Sensor: VIIRS_NOAA20_NRT<br>Fecha UTC: 2026-08-30T02:38:00Z<br>Confianza: nominal<br>FRP: 2.01 MW"
      }
    },
    {
      "type": "Feature",
      "geometry": {
        "type": "Point",
        "coordinates": [1.2433, 36.1295]
      },
      "properties": {
        "bright_ti4": 302.07,
        "scan": 0.39,
        "track": 0.59,
        "acq_date": "2026-08-30",
        "acq_time": "0238",
        "satellite": "N20",
        "instrument": "VIIRS",
        "confidence": "n",
        "version": "2.0NRT",
        "bright_ti5": 291.06,
        "frp": 0.73,
        "daynight": "N",
        "source_dataset": "VIIRS_NOAA20_NRT",
        "acq_datetime_utc": "2026-08-30T02:38:00Z",
        "age_hours": 30.2,
        "confidence_label": "nominal",
        "popup_label": "<strong>NASA FIRMS<\/strong><br>Sensor: VIIRS_NOAA20_NRT<br>Fecha UTC: 2026-08-30T02:38:00Z<br>Confianza: nominal<br>FRP: 0.73 MW"
      }
    },
    {
      "type": "Feature",
      "geometry": {
        "type": "Point",
        "coordinates": [1.2392, 36.1306]
      },
      "properties": {
        "bright_ti4": 304.68,
        "scan": 0.39,
        "track": 0.59,
        "acq_date": "2026-08-30",
        "acq_time": "0238",
        "satellite": "N20",
        "instrument": "VIIRS",
        "confidence": "n",
        "version": "2.0NRT",
        "bright_ti5": 290.85,
        "frp": 0.73,
        "daynight": "N",
        "source_dataset": "VIIRS_NOAA20_NRT",
        "acq_datetime_utc": "2026-08-30T02:38:00Z",
        "age_hours": 30.2,
        "confidence_label": "nominal",
        "popup_label": "<strong>NASA FIRMS<\/strong><br>Sensor: VIIRS_NOAA20_NRT<br>Fecha UTC: 2026-08-30T02:38:00Z<br>Confianza: nominal<br>FRP: 0.73 MW"
      }
    },
    {
      "type": "Feature",
      "geometry": {
        "type": "Point",
        "coordinates": [2.927, 36.14]
      },
      "properties": {
        "bright_ti4": 300.16,
        "scan": 0.48,
        "track": 0.65,
        "acq_date": "2026-08-30",
        "acq_time": "0238",
        "satellite": "N20",
        "instrument": "VIIRS",
        "confidence": "n",
        "version": "2.0NRT",
        "bright_ti5": 288.02,
        "frp": 0.79,
        "daynight": "N",
        "source_dataset": "VIIRS_NOAA20_NRT",
        "acq_datetime_utc": "2026-08-30T02:38:00Z",
        "age_hours": 30.2,
        "confidence_label": "nominal",
        "popup_label": "<strong>NASA FIRMS<\/strong><br>Sensor: VIIRS_NOAA20_NRT<br>Fecha UTC: 2026-08-30T02:38:00Z<br>Confianza: nominal<br>FRP: 0.79 MW"
      }
    },
    {
      "type": "Feature",
      "geometry": {
        "type": "Point",
        "coordinates": [-5.4215, 36.1765]
      },
      "properties": {
        "bright_ti4": 300.84,
        "scan": 0.52,
        "track": 0.42,
        "acq_date": "2026-08-30",
        "acq_time": "0238",
        "satellite": "N20",
        "instrument": "VIIRS",
        "confidence": "n",
        "version": "2.0NRT",
        "bright_ti5": 289.92,
        "frp": 0.74,
        "daynight": "N",
        "source_dataset": "VIIRS_NOAA20_NRT",
        "acq_datetime_utc": "2026-08-30T02:38:00Z",
        "age_hours": 30.2,
        "confidence_label": "nominal",
        "popup_label": "<strong>NASA FIRMS<\/strong><br>Sensor: VIIRS_NOAA20_NRT<br>Fecha UTC: 2026-08-30T02:38:00Z<br>Confianza: nominal<br>FRP: 0.74 MW"
      }
    },
    {
      "type": "Feature",
      "geometry": {
        "type": "Point",
        "coordinates": [2.8766, 36.598]
      },
      "properties": {
        "bright_ti4": 302.98,
        "scan": 0.46,
        "track": 0.64,
        "acq_date": "2026-08-30",
        "acq_time": "0238",
        "satellite": "N20",
        "instrument": "VIIRS",
        "confidence": "n",
        "version": "2.0NRT",
        "bright_ti5": 289.18,
        "frp": 0.76,
        "daynight": "N",
        "source_dataset": "VIIRS_NOAA20_NRT",
        "acq_datetime_utc": "2026-08-30T02:38:00Z",
        "age_hours": 30.2,
        "confidence_label": "nominal",
        "popup_label": "<strong>NASA FIRMS<\/strong><br>Sensor: VIIRS_NOAA20_NRT<br>Fecha UTC: 2026-08-30T02:38:00Z<br>Confianza: nominal<br>FRP: 0.76 MW"
      }
    },
    {
      "type": "Feature",
      "geometry": {
        "type": "Point",
        "coordinates": [2.8772, 36.5982]
      },
      "properties": {
        "bright_ti4": 307.3,
        "scan": 0.46,
        "track": 0.64,
        "acq_date": "2026-08-30",
        "acq_time": "0238",
        "satellite": "N20",
        "instrument": "VIIRS",
        "confidence": "n",
        "version": "2.0NRT",
        "bright_ti5": 289.53,
        "frp": 1.17,
        "daynight": "N",
        "source_dataset": "VIIRS_NOAA20_NRT",
        "acq_datetime_utc": "2026-08-30T02:38:00Z",
        "age_hours": 30.2,
        "confidence_label": "nominal",
        "popup_label": "<strong>NASA FIRMS<\/strong><br>Sensor: VIIRS_NOAA20_NRT<br>Fecha UTC: 2026-08-30T02:38:00Z<br>Confianza: nominal<br>FRP: 1.17 MW"
      }
    },
    {
      "type": "Feature",
      "geometry": {
        "type": "Point",
        "coordinates": [3.2291, 36.6294]
      },
      "properties": {
        "bright_ti4": 300.72,
        "scan": 0.48,
        "track": 0.65,
        "acq_date": "2026-08-30",
        "acq_time": "0238",
        "satellite": "N20",
        "instrument": "VIIRS",
        "confidence": "n",
        "version": "2.0NRT",
        "bright_ti5": 289.43,
        "frp": 0.67,
        "daynight": "N",
        "source_dataset": "VIIRS_NOAA20_NRT",
        "acq_datetime_utc": "2026-08-30T02:38:00Z",
        "age_hours": 30.2,
        "confidence_label": "nominal",
        "popup_label": "<strong>NASA FIRMS<\/strong><br>Sensor: VIIRS_NOAA20_NRT<br>Fecha UTC: 2026-08-30T02:38:00Z<br>Confianza: nominal<br>FRP: 0.67 MW"
      }
    },
    {
      "type": "Feature",
      "geometry": {
        "type": "Point",
        "coordinates": [-4.3298, 36.7145]
      },
      "properties": {
        "bright_ti4": 305.09,
        "scan": 0.38,
        "track": 0.44,
        "acq_date": "2026-08-30",
        "acq_time": "0238",
        "satellite": "N20",
        "instrument": "VIIRS",
        "confidence": "n",
        "version": "2.0NRT",
        "bright_ti5": 293.54,
        "frp": 0.88,
        "daynight": "N",
        "source_dataset": "VIIRS_NOAA20_NRT",
        "acq_datetime_utc": "2026-08-30T02:38:00Z",
        "age_hours": 30.2,
        "confidence_label": "nominal",
        "popup_label": "<strong>NASA FIRMS<\/strong><br>Sensor: VIIRS_NOAA20_NRT<br>Fecha UTC: 2026-08-30T02:38:00Z<br>Confianza: nominal<br>FRP: 0.88 MW"
      }
    },
    {
      "type": "Feature",
      "geometry": {
        "type": "Point",
        "coordinates": [-1.9052, 36.9666]
      },
      "properties": {
        "bright_ti4": 304.22,
        "scan": 0.5,
        "track": 0.49,
        "acq_date": "2026-08-30",
        "acq_time": "0238",
        "satellite": "N20",
        "instrument": "VIIRS",
        "confidence": "n",
        "version": "2.0NRT",
        "bright_ti5": 292.53,
        "frp": 1.2,
        "daynight": "N",
        "source_dataset": "VIIRS_NOAA20_NRT",
        "acq_datetime_utc": "2026-08-30T02:38:00Z",
        "age_hours": 30.2,
        "confidence_label": "nominal",
        "popup_label": "<strong>NASA FIRMS<\/strong><br>Sensor: VIIRS_NOAA20_NRT<br>Fecha UTC: 2026-08-30T02:38:00Z<br>Confianza: nominal<br>FRP: 1.2 MW"
      }
    },
    {
      "type": "Feature",
      "geometry": {
        "type": "Point",
        "coordinates": [-7.1528, 37.4441]
      },
      "properties": {
        "bright_ti4": 305.79,
        "scan": 0.43,
        "track": 0.38,
        "acq_date": "2026-08-30",
        "acq_time": "0238",
        "satellite": "N20",
        "instrument": "VIIRS",
        "confidence": "n",
        "version": "2.0NRT",
        "bright_ti5": 292.07,
        "frp": 1.05,
        "daynight": "N",
        "source_dataset": "VIIRS_NOAA20_NRT",
        "acq_datetime_utc": "2026-08-30T02:38:00Z",
        "age_hours": 30.2,
        "confidence_label": "nominal",
        "popup_label": "<strong>NASA FIRMS<\/strong><br>Sensor: VIIRS_NOAA20_NRT<br>Fecha UTC: 2026-08-30T02:38:00Z<br>Confianza: nominal<br>FRP: 1.05 MW"
      }
    },
    {
      "type": "Feature",
      "geometry": {
        "type": "Point",
        "coordinates": [-7.1518, 37.4475]
      },
      "properties": {
        "bright_ti4": 316.17,
        "scan": 0.43,
        "track": 0.38,
        "acq_date": "2026-08-30",
        "acq_time": "0238",
        "satellite": "N20",
        "instrument": "VIIRS",
        "confidence": "n",
        "version": "2.0NRT",
        "bright_ti5": 292.35,
        "frp": 1.05,
        "daynight": "N",
        "source_dataset": "VIIRS_NOAA20_NRT",
        "acq_datetime_utc": "2026-08-30T02:38:00Z",
        "age_hours": 30.2,
        "confidence_label": "nominal",
        "popup_label": "<strong>NASA FIRMS<\/strong><br>Sensor: VIIRS_NOAA20_NRT<br>Fecha UTC: 2026-08-30T02:38:00Z<br>Confianza: nominal<br>FRP: 1.05 MW"
      }
    },
    {
      "type": "Feature",
      "geometry": {
        "type": "Point",
        "coordinates": [-6.7187, 38.3178]
      },
      "properties": {
        "bright_ti4": 300.7,
        "scan": 0.43,
        "track": 0.38,
        "acq_date": "2026-08-30",
        "acq_time": "0238",
        "satellite": "N20",
        "instrument": "VIIRS",
        "confidence": "n",
        "version": "2.0NRT",
        "bright_ti5": 290.02,
        "frp": 0.57,
        "daynight": "N",
        "source_dataset": "VIIRS_NOAA20_NRT",
        "acq_datetime_utc": "2026-08-30T02:38:00Z",
        "age_hours": 30.2,
        "confidence_label": "nominal",
        "popup_label": "<strong>NASA FIRMS<\/strong><br>Sensor: VIIRS_NOAA20_NRT<br>Fecha UTC: 2026-08-30T02:38:00Z<br>Confianza: nominal<br>FRP: 0.57 MW"
      }
    },
    {
      "type": "Feature",
      "geometry": {
        "type": "Point",
        "coordinates": [-6.7176, 38.3212]
      },
      "properties": {
        "bright_ti4": 303.87,
        "scan": 0.43,
        "track": 0.38,
        "acq_date": "2026-08-30",
        "acq_time": "0238",
        "satellite": "N20",
        "instrument": "VIIRS",
        "confidence": "n",
        "version": "2.0NRT",
        "bright_ti5": 291.88,
        "frp": 0.57,
        "daynight": "N",
        "source_dataset": "VIIRS_NOAA20_NRT",
        "acq_datetime_utc": "2026-08-30T02:38:00Z",
        "age_hours": 30.2,
        "confidence_label": "nominal",
        "popup_label": "<strong>NASA FIRMS<\/strong><br>Sensor: VIIRS_NOAA20_NRT<br>Fecha UTC: 2026-08-30T02:38:00Z<br>Confianza: nominal<br>FRP: 0.57 MW"
      }
    },
    {
      "type": "Feature",
      "geometry": {
        "type": "Point",
        "coordinates": [-8.9361, 38.5008]
      },
      "properties": {
        "bright_ti4": 302.87,
        "scan": 0.39,
        "track": 0.36,
        "acq_date": "2026-08-30",
        "acq_time": "0238",
        "satellite": "N20",
        "instrument": "VIIRS",
        "confidence": "n",
        "version": "2.0NRT",
        "bright_ti5": 292.32,
        "frp": 0.75,
        "daynight": "N",
        "source_dataset": "VIIRS_NOAA20_NRT",
        "acq_datetime_utc": "2026-08-30T02:38:00Z",
        "age_hours": 30.2,
        "confidence_label": "nominal",
        "popup_label": "<strong>NASA FIRMS<\/strong><br>Sensor: VIIRS_NOAA20_NRT<br>Fecha UTC: 2026-08-30T02:38:00Z<br>Confianza: nominal<br>FRP: 0.75 MW"
      }
    },
    {
      "type": "Feature",
      "geometry": {
        "type": "Point",
        "coordinates": [-6.5148, 39.3599]
      },
      "properties": {
        "bright_ti4": 302.16,
        "scan": 0.43,
        "track": 0.38,
        "acq_date": "2026-08-30",
        "acq_time": "0238",
        "satellite": "N20",
        "instrument": "VIIRS",
        "confidence": "n",
        "version": "2.0NRT",
        "bright_ti5": 290.19,
        "frp": 0.53,
        "daynight": "N",
        "source_dataset": "VIIRS_NOAA20_NRT",
        "acq_datetime_utc": "2026-08-30T02:38:00Z",
        "age_hours": 30.2,
        "confidence_label": "nominal",
        "popup_label": "<strong>NASA FIRMS<\/strong><br>Sensor: VIIRS_NOAA20_NRT<br>Fecha UTC: 2026-08-30T02:38:00Z<br>Confianza: nominal<br>FRP: 0.53 MW"
      }
    },
    {
      "type": "Feature",
      "geometry": {
        "type": "Point",
        "coordinates": [1.6648, 41.3129]
      },
      "properties": {
        "bright_ti4": 302.53,
        "scan": 0.6,
        "track": 0.53,
        "acq_date": "2026-08-30",
        "acq_time": "0236",
        "satellite": "N20",
        "instrument": "VIIRS",
        "confidence": "n",
        "version": "2.0NRT",
        "bright_ti5": 291.23,
        "frp": 2.38,
        "daynight": "N",
        "source_dataset": "VIIRS_NOAA20_NRT",
        "acq_datetime_utc": "2026-08-30T02:36:00Z",
        "age_hours": 30.2,
        "confidence_label": "nominal",
        "popup_label": "<strong>NASA FIRMS<\/strong><br>Sensor: VIIRS_NOAA20_NRT<br>Fecha UTC: 2026-08-30T02:36:00Z<br>Confianza: nominal<br>FRP: 2.38 MW"
      }
    },
    {
      "type": "Feature",
      "geometry": {
        "type": "Point",
        "coordinates": [1.6607, 41.3155]
      },
      "properties": {
        "bright_ti4": 305.9,
        "scan": 0.6,
        "track": 0.53,
        "acq_date": "2026-08-30",
        "acq_time": "0236",
        "satellite": "N20",
        "instrument": "VIIRS",
        "confidence": "n",
        "version": "2.0NRT",
        "bright_ti5": 290.83,
        "frp": 1.19,
        "daynight": "N",
        "source_dataset": "VIIRS_NOAA20_NRT",
        "acq_datetime_utc": "2026-08-30T02:36:00Z",
        "age_hours": 30.2,
        "confidence_label": "nominal",
        "popup_label": "<strong>NASA FIRMS<\/strong><br>Sensor: VIIRS_NOAA20_NRT<br>Fecha UTC: 2026-08-30T02:36:00Z<br>Confianza: nominal<br>FRP: 1.19 MW"
      }
    },
    {
      "type": "Feature",
      "geometry": {
        "type": "Point",
        "coordinates": [1.9978, 41.4072]
      },
      "properties": {
        "bright_ti4": 302.47,
        "scan": 0.62,
        "track": 0.54,
        "acq_date": "2026-08-30",
        "acq_time": "0236",
        "satellite": "N20",
        "instrument": "VIIRS",
        "confidence": "n",
        "version": "2.0NRT",
        "bright_ti5": 291.65,
        "frp": 0.97,
        "daynight": "N",
        "source_dataset": "VIIRS_NOAA20_NRT",
        "acq_datetime_utc": "2026-08-30T02:36:00Z",
        "age_hours": 30.2,
        "confidence_label": "nominal",
        "popup_label": "<strong>NASA FIRMS<\/strong><br>Sensor: VIIRS_NOAA20_NRT<br>Fecha UTC: 2026-08-30T02:36:00Z<br>Confianza: nominal<br>FRP: 0.97 MW"
      }
    },
    {
      "type": "Feature",
      "geometry": {
        "type": "Point",
        "coordinates": [-4.4265, 41.9829]
      },
      "properties": {
        "bright_ti4": 300.95,
        "scan": 0.46,
        "track": 0.39,
        "acq_date": "2026-08-30",
        "acq_time": "0236",
        "satellite": "N20",
        "instrument": "VIIRS",
        "confidence": "n",
        "version": "2.0NRT",
        "bright_ti5": 285.66,
        "frp": 6.99,
        "daynight": "N",
        "source_dataset": "VIIRS_NOAA20_NRT",
        "acq_datetime_utc": "2026-08-30T02:36:00Z",
        "age_hours": 30.2,
        "confidence_label": "nominal",
        "popup_label": "<strong>NASA FIRMS<\/strong><br>Sensor: VIIRS_NOAA20_NRT<br>Fecha UTC: 2026-08-30T02:36:00Z<br>Confianza: nominal<br>FRP: 6.99 MW"
      }
    },
    {
      "type": "Feature",
      "geometry": {
        "type": "Point",
        "coordinates": [-4.432, 41.9839]
      },
      "properties": {
        "bright_ti4": 327.51,
        "scan": 0.46,
        "track": 0.39,
        "acq_date": "2026-08-30",
        "acq_time": "0236",
        "satellite": "N20",
        "instrument": "VIIRS",
        "confidence": "n",
        "version": "2.0NRT",
        "bright_ti5": 286.73,
        "frp": 6.99,
        "daynight": "N",
        "source_dataset": "VIIRS_NOAA20_NRT",
        "acq_datetime_utc": "2026-08-30T02:36:00Z",
        "age_hours": 30.2,
        "confidence_label": "nominal",
        "popup_label": "<strong>NASA FIRMS<\/strong><br>Sensor: VIIRS_NOAA20_NRT<br>Fecha UTC: 2026-08-30T02:36:00Z<br>Confianza: nominal<br>FRP: 6.99 MW"
      }
    },
    {
      "type": "Feature",
      "geometry": {
        "type": "Point",
        "coordinates": [-4.4308, 41.9875]
      },
      "properties": {
        "bright_ti4": 297.94,
        "scan": 0.46,
        "track": 0.39,
        "acq_date": "2026-08-30",
        "acq_time": "0236",
        "satellite": "N20",
        "instrument": "VIIRS",
        "confidence": "n",
        "version": "2.0NRT",
        "bright_ti5": 284.11,
        "frp": 0.7,
        "daynight": "N",
        "source_dataset": "VIIRS_NOAA20_NRT",
        "acq_datetime_utc": "2026-08-30T02:36:00Z",
        "age_hours": 30.2,
        "confidence_label": "nominal",
        "popup_label": "<strong>NASA FIRMS<\/strong><br>Sensor: VIIRS_NOAA20_NRT<br>Fecha UTC: 2026-08-30T02:36:00Z<br>Confianza: nominal<br>FRP: 0.7 MW"
      }
    },
    {
      "type": "Feature",
      "geometry": {
        "type": "Point",
        "coordinates": [-3.9755, 42.1913]
      },
      "properties": {
        "bright_ti4": 339.46,
        "scan": 0.48,
        "track": 0.4,
        "acq_date": "2026-08-30",
        "acq_time": "0236",
        "satellite": "N20",
        "instrument": "VIIRS",
        "confidence": "n",
        "version": "2.0NRT",
        "bright_ti5": 285.61,
        "frp": 8.75,
        "daynight": "N",
        "source_dataset": "VIIRS_NOAA20_NRT",
        "acq_datetime_utc": "2026-08-30T02:36:00Z",
        "age_hours": 30.2,
        "confidence_label": "nominal",
        "popup_label": "<strong>NASA FIRMS<\/strong><br>Sensor: VIIRS_NOAA20_NRT<br>Fecha UTC: 2026-08-30T02:36:00Z<br>Confianza: nominal<br>FRP: 8.75 MW"
      }
    },
    {
      "type": "Feature",
      "geometry": {
        "type": "Point",
        "coordinates": [-3.9742, 42.1948]
      },
      "properties": {
        "bright_ti4": 329.82,
        "scan": 0.48,
        "track": 0.4,
        "acq_date": "2026-08-30",
        "acq_time": "0236",
        "satellite": "N20",
        "instrument": "VIIRS",
        "confidence": "n",
        "version": "2.0NRT",
        "bright_ti5": 285.1,
        "frp": 8.75,
        "daynight": "N",
        "source_dataset": "VIIRS_NOAA20_NRT",
        "acq_datetime_utc": "2026-08-30T02:36:00Z",
        "age_hours": 30.2,
        "confidence_label": "nominal",
        "popup_label": "<strong>NASA FIRMS<\/strong><br>Sensor: VIIRS_NOAA20_NRT<br>Fecha UTC: 2026-08-30T02:36:00Z<br>Confianza: nominal<br>FRP: 8.75 MW"
      }
    },
    {
      "type": "Feature",
      "geometry": {
        "type": "Point",
        "coordinates": [-6.7665, 42.5518]
      },
      "properties": {
        "bright_ti4": 302.05,
        "scan": 0.4,
        "track": 0.37,
        "acq_date": "2026-08-30",
        "acq_time": "0236",
        "satellite": "N20",
        "instrument": "VIIRS",
        "confidence": "n",
        "version": "2.0NRT",
        "bright_ti5": 288.51,
        "frp": 1.09,
        "daynight": "N",
        "source_dataset": "VIIRS_NOAA20_NRT",
        "acq_datetime_utc": "2026-08-30T02:36:00Z",
        "age_hours": 30.2,
        "confidence_label": "nominal",
        "popup_label": "<strong>NASA FIRMS<\/strong><br>Sensor: VIIRS_NOAA20_NRT<br>Fecha UTC: 2026-08-30T02:36:00Z<br>Confianza: nominal<br>FRP: 1.09 MW"
      }
    },
    {
      "type": "Feature",
      "geometry": {
        "type": "Point",
        "coordinates": [-2.7721, 43.206]
      },
      "properties": {
        "bright_ti4": 298.88,
        "scan": 0.51,
        "track": 0.41,
        "acq_date": "2026-08-30",
        "acq_time": "0236",
        "satellite": "N20",
        "instrument": "VIIRS",
        "confidence": "n",
        "version": "2.0NRT",
        "bright_ti5": 288.37,
        "frp": 0.47,
        "daynight": "N",
        "source_dataset": "VIIRS_NOAA20_NRT",
        "acq_datetime_utc": "2026-08-30T02:36:00Z",
        "age_hours": 30.2,
        "confidence_label": "nominal",
        "popup_label": "<strong>NASA FIRMS<\/strong><br>Sensor: VIIRS_NOAA20_NRT<br>Fecha UTC: 2026-08-30T02:36:00Z<br>Confianza: nominal<br>FRP: 0.47 MW"
      }
    },
    {
      "type": "Feature",
      "geometry": {
        "type": "Point",
        "coordinates": [4.9682, 43.4315]
      },
      "properties": {
        "bright_ti4": 309.59,
        "scan": 0.38,
        "track": 0.59,
        "acq_date": "2026-08-30",
        "acq_time": "0236",
        "satellite": "N20",
        "instrument": "VIIRS",
        "confidence": "n",
        "version": "2.0NRT",
        "bright_ti5": 289.4,
        "frp": 0.89,
        "daynight": "N",
        "source_dataset": "VIIRS_NOAA20_NRT",
        "acq_datetime_utc": "2026-08-30T02:36:00Z",
        "age_hours": 30.2,
        "confidence_label": "nominal",
        "popup_label": "<strong>NASA FIRMS<\/strong><br>Sensor: VIIRS_NOAA20_NRT<br>Fecha UTC: 2026-08-30T02:36:00Z<br>Confianza: nominal<br>FRP: 0.89 MW"
      }
    },
    {
      "type": "Feature",
      "geometry": {
        "type": "Point",
        "coordinates": [4.8928, 43.4414]
      },
      "properties": {
        "bright_ti4": 314.88,
        "scan": 0.38,
        "track": 0.58,
        "acq_date": "2026-08-30",
        "acq_time": "0236",
        "satellite": "N20",
        "instrument": "VIIRS",
        "confidence": "n",
        "version": "2.0NRT",
        "bright_ti5": 289.73,
        "frp": 2.15,
        "daynight": "N",
        "source_dataset": "VIIRS_NOAA20_NRT",
        "acq_datetime_utc": "2026-08-30T02:36:00Z",
        "age_hours": 30.2,
        "confidence_label": "nominal",
        "popup_label": "<strong>NASA FIRMS<\/strong><br>Sensor: VIIRS_NOAA20_NRT<br>Fecha UTC: 2026-08-30T02:36:00Z<br>Confianza: nominal<br>FRP: 2.15 MW"
      }
    },
    {
      "type": "Feature",
      "geometry": {
        "type": "Point",
        "coordinates": [4.8884, 43.4426]
      },
      "properties": {
        "bright_ti4": 298.69,
        "scan": 0.38,
        "track": 0.58,
        "acq_date": "2026-08-30",
        "acq_time": "0236",
        "satellite": "N20",
        "instrument": "VIIRS",
        "confidence": "n",
        "version": "2.0NRT",
        "bright_ti5": 288.39,
        "frp": 1.94,
        "daynight": "N",
        "source_dataset": "VIIRS_NOAA20_NRT",
        "acq_datetime_utc": "2026-08-30T02:36:00Z",
        "age_hours": 30.2,
        "confidence_label": "nominal",
        "popup_label": "<strong>NASA FIRMS<\/strong><br>Sensor: VIIRS_NOAA20_NRT<br>Fecha UTC: 2026-08-30T02:36:00Z<br>Confianza: nominal<br>FRP: 1.94 MW"
      }
    },
    {
      "type": "Feature",
      "geometry": {
        "type": "Point",
        "coordinates": [4.8998, 43.4452]
      },
      "properties": {
        "bright_ti4": 302.54,
        "scan": 0.38,
        "track": 0.58,
        "acq_date": "2026-08-30",
        "acq_time": "0236",
        "satellite": "N20",
        "instrument": "VIIRS",
        "confidence": "n",
        "version": "2.0NRT",
        "bright_ti5": 289.97,
        "frp": 3.29,
        "daynight": "N",
        "source_dataset": "VIIRS_NOAA20_NRT",
        "acq_datetime_utc": "2026-08-30T02:36:00Z",
        "age_hours": 30.2,
        "confidence_label": "nominal",
        "popup_label": "<strong>NASA FIRMS<\/strong><br>Sensor: VIIRS_NOAA20_NRT<br>Fecha UTC: 2026-08-30T02:36:00Z<br>Confianza: nominal<br>FRP: 3.29 MW"
      }
    },
    {
      "type": "Feature",
      "geometry": {
        "type": "Point",
        "coordinates": [4.8955, 43.4464]
      },
      "properties": {
        "bright_ti4": 354.73,
        "scan": 0.38,
        "track": 0.58,
        "acq_date": "2026-08-30",
        "acq_time": "0236",
        "satellite": "N20",
        "instrument": "VIIRS",
        "confidence": "n",
        "version": "2.0NRT",
        "bright_ti5": 290.96,
        "frp": 3.29,
        "daynight": "N",
        "source_dataset": "VIIRS_NOAA20_NRT",
        "acq_datetime_utc": "2026-08-30T02:36:00Z",
        "age_hours": 30.2,
        "confidence_label": "nominal",
        "popup_label": "<strong>NASA FIRMS<\/strong><br>Sensor: VIIRS_NOAA20_NRT<br>Fecha UTC: 2026-08-30T02:36:00Z<br>Confianza: nominal<br>FRP: 3.29 MW"
      }
    },
    {
      "type": "Feature",
      "geometry": {
        "type": "Point",
        "coordinates": [1.187, 43.8888]
      },
      "properties": {
        "bright_ti4": 307.22,
        "scan": 0.49,
        "track": 0.49,
        "acq_date": "2026-08-30",
        "acq_time": "0236",
        "satellite": "N20",
        "instrument": "VIIRS",
        "confidence": "n",
        "version": "2.0NRT",
        "bright_ti5": 286.49,
        "frp": 1.05,
        "daynight": "N",
        "source_dataset": "VIIRS_NOAA20_NRT",
        "acq_datetime_utc": "2026-08-30T02:36:00Z",
        "age_hours": 30.2,
        "confidence_label": "nominal",
        "popup_label": "<strong>NASA FIRMS<\/strong><br>Sensor: VIIRS_NOAA20_NRT<br>Fecha UTC: 2026-08-30T02:36:00Z<br>Confianza: nominal<br>FRP: 1.05 MW"
      }
    },
    {
      "type": "Feature",
      "geometry": {
        "type": "Point",
        "coordinates": [4.6932, 44.0922]
      },
      "properties": {
        "bright_ti4": 306.23,
        "scan": 0.35,
        "track": 0.57,
        "acq_date": "2026-08-30",
        "acq_time": "0236",
        "satellite": "N20",
        "instrument": "VIIRS",
        "confidence": "n",
        "version": "2.0NRT",
        "bright_ti5": 287.89,
        "frp": 0.71,
        "daynight": "N",
        "source_dataset": "VIIRS_NOAA20_NRT",
        "acq_datetime_utc": "2026-08-30T02:36:00Z",
        "age_hours": 30.2,
        "confidence_label": "nominal",
        "popup_label": "<strong>NASA FIRMS<\/strong><br>Sensor: VIIRS_NOAA20_NRT<br>Fecha UTC: 2026-08-30T02:36:00Z<br>Confianza: nominal<br>FRP: 0.71 MW"
      }
    },
    {
      "type": "Feature",
      "geometry": {
        "type": "Point",
        "coordinates": [-0.5192, 28.2025]
      },
      "properties": {
        "bright_ti4": 318.96,
        "scan": 0.54,
        "track": 0.68,
        "acq_date": "2026-08-30",
        "acq_time": "0100",
        "satellite": "N20",
        "instrument": "VIIRS",
        "confidence": "n",
        "version": "2.0NRT",
        "bright_ti5": 295.92,
        "frp": 1.53,
        "daynight": "N",
        "source_dataset": "VIIRS_NOAA20_NRT",
        "acq_datetime_utc": "2026-08-30T01:00:00Z",
        "age_hours": 31.8,
        "confidence_label": "nominal",
        "popup_label": "<strong>NASA FIRMS<\/strong><br>Sensor: VIIRS_NOAA20_NRT<br>Fecha UTC: 2026-08-30T01:00:00Z<br>Confianza: nominal<br>FRP: 1.53 MW"
      }
    },
    {
      "type": "Feature",
      "geometry": {
        "type": "Point",
        "coordinates": [3.9854, 32.276]
      },
      "properties": {
        "bright_ti4": 350,
        "scan": 0.32,
        "track": 0.54,
        "acq_date": "2026-08-30",
        "acq_time": "0058",
        "satellite": "N20",
        "instrument": "VIIRS",
        "confidence": "n",
        "version": "2.0NRT",
        "bright_ti5": 298.34,
        "frp": 3.85,
        "daynight": "N",
        "source_dataset": "VIIRS_NOAA20_NRT",
        "acq_datetime_utc": "2026-08-30T00:58:00Z",
        "age_hours": 31.8,
        "confidence_label": "nominal",
        "popup_label": "<strong>NASA FIRMS<\/strong><br>Sensor: VIIRS_NOAA20_NRT<br>Fecha UTC: 2026-08-30T00:58:00Z<br>Confianza: nominal<br>FRP: 3.85 MW"
      }
    },
    {
      "type": "Feature",
      "geometry": {
        "type": "Point",
        "coordinates": [3.9861, 32.281]
      },
      "properties": {
        "bright_ti4": 355.25,
        "scan": 0.32,
        "track": 0.54,
        "acq_date": "2026-08-30",
        "acq_time": "0058",
        "satellite": "N20",
        "instrument": "VIIRS",
        "confidence": "n",
        "version": "2.0NRT",
        "bright_ti5": 298.61,
        "frp": 3.85,
        "daynight": "N",
        "source_dataset": "VIIRS_NOAA20_NRT",
        "acq_datetime_utc": "2026-08-30T00:58:00Z",
        "age_hours": 31.8,
        "confidence_label": "nominal",
        "popup_label": "<strong>NASA FIRMS<\/strong><br>Sensor: VIIRS_NOAA20_NRT<br>Fecha UTC: 2026-08-30T00:58:00Z<br>Confianza: nominal<br>FRP: 3.85 MW"
      }
    },
    {
      "type": "Feature",
      "geometry": {
        "type": "Point",
        "coordinates": [4.0046, 32.4006]
      },
      "properties": {
        "bright_ti4": 326.01,
        "scan": 0.32,
        "track": 0.54,
        "acq_date": "2026-08-30",
        "acq_time": "0058",
        "satellite": "N20",
        "instrument": "VIIRS",
        "confidence": "n",
        "version": "2.0NRT",
        "bright_ti5": 296.62,
        "frp": 1.15,
        "daynight": "N",
        "source_dataset": "VIIRS_NOAA20_NRT",
        "acq_datetime_utc": "2026-08-30T00:58:00Z",
        "age_hours": 31.8,
        "confidence_label": "nominal",
        "popup_label": "<strong>NASA FIRMS<\/strong><br>Sensor: VIIRS_NOAA20_NRT<br>Fecha UTC: 2026-08-30T00:58:00Z<br>Confianza: nominal<br>FRP: 1.15 MW"
      }
    },
    {
      "type": "Feature",
      "geometry": {
        "type": "Point",
        "coordinates": [4.0053, 32.4057]
      },
      "properties": {
        "bright_ti4": 309.44,
        "scan": 0.32,
        "track": 0.54,
        "acq_date": "2026-08-30",
        "acq_time": "0058",
        "satellite": "N20",
        "instrument": "VIIRS",
        "confidence": "n",
        "version": "2.0NRT",
        "bright_ti5": 297.6,
        "frp": 1.15,
        "daynight": "N",
        "source_dataset": "VIIRS_NOAA20_NRT",
        "acq_datetime_utc": "2026-08-30T00:58:00Z",
        "age_hours": 31.8,
        "confidence_label": "nominal",
        "popup_label": "<strong>NASA FIRMS<\/strong><br>Sensor: VIIRS_NOAA20_NRT<br>Fecha UTC: 2026-08-30T00:58:00Z<br>Confianza: nominal<br>FRP: 1.15 MW"
      }
    },
    {
      "type": "Feature",
      "geometry": {
        "type": "Point",
        "coordinates": [3.1669, 32.5552]
      },
      "properties": {
        "bright_ti4": 351.46,
        "scan": 0.36,
        "track": 0.57,
        "acq_date": "2026-08-30",
        "acq_time": "0058",
        "satellite": "N20",
        "instrument": "VIIRS",
        "confidence": "n",
        "version": "2.0NRT",
        "bright_ti5": 297.22,
        "frp": 4.02,
        "daynight": "N",
        "source_dataset": "VIIRS_NOAA20_NRT",
        "acq_datetime_utc": "2026-08-30T00:58:00Z",
        "age_hours": 31.8,
        "confidence_label": "nominal",
        "popup_label": "<strong>NASA FIRMS<\/strong><br>Sensor: VIIRS_NOAA20_NRT<br>Fecha UTC: 2026-08-30T00:58:00Z<br>Confianza: nominal<br>FRP: 4.02 MW"
      }
    },
    {
      "type": "Feature",
      "geometry": {
        "type": "Point",
        "coordinates": [3.1795, 32.7496]
      },
      "properties": {
        "bright_ti4": 318.71,
        "scan": 0.36,
        "track": 0.57,
        "acq_date": "2026-08-30",
        "acq_time": "0058",
        "satellite": "N20",
        "instrument": "VIIRS",
        "confidence": "n",
        "version": "2.0NRT",
        "bright_ti5": 294.3,
        "frp": 1.65,
        "daynight": "N",
        "source_dataset": "VIIRS_NOAA20_NRT",
        "acq_datetime_utc": "2026-08-30T00:58:00Z",
        "age_hours": 31.8,
        "confidence_label": "nominal",
        "popup_label": "<strong>NASA FIRMS<\/strong><br>Sensor: VIIRS_NOAA20_NRT<br>Fecha UTC: 2026-08-30T00:58:00Z<br>Confianza: nominal<br>FRP: 1.65 MW"
      }
    },
    {
      "type": "Feature",
      "geometry": {
        "type": "Point",
        "coordinates": [3.2383, 32.8404]
      },
      "properties": {
        "bright_ti4": 305.59,
        "scan": 0.36,
        "track": 0.57,
        "acq_date": "2026-08-30",
        "acq_time": "0058",
        "satellite": "N20",
        "instrument": "VIIRS",
        "confidence": "n",
        "version": "2.0NRT",
        "bright_ti5": 292.58,
        "frp": 0.5,
        "daynight": "N",
        "source_dataset": "VIIRS_NOAA20_NRT",
        "acq_datetime_utc": "2026-08-30T00:58:00Z",
        "age_hours": 31.8,
        "confidence_label": "nominal",
        "popup_label": "<strong>NASA FIRMS<\/strong><br>Sensor: VIIRS_NOAA20_NRT<br>Fecha UTC: 2026-08-30T00:58:00Z<br>Confianza: nominal<br>FRP: 0.5 MW"
      }
    },
    {
      "type": "Feature",
      "geometry": {
        "type": "Point",
        "coordinates": [3.2418, 32.9299]
      },
      "properties": {
        "bright_ti4": 307,
        "scan": 0.36,
        "track": 0.57,
        "acq_date": "2026-08-30",
        "acq_time": "0058",
        "satellite": "N20",
        "instrument": "VIIRS",
        "confidence": "n",
        "version": "2.0NRT",
        "bright_ti5": 293.79,
        "frp": 1.15,
        "daynight": "N",
        "source_dataset": "VIIRS_NOAA20_NRT",
        "acq_datetime_utc": "2026-08-30T00:58:00Z",
        "age_hours": 31.8,
        "confidence_label": "nominal",
        "popup_label": "<strong>NASA FIRMS<\/strong><br>Sensor: VIIRS_NOAA20_NRT<br>Fecha UTC: 2026-08-30T00:58:00Z<br>Confianza: nominal<br>FRP: 1.15 MW"
      }
    },
    {
      "type": "Feature",
      "geometry": {
        "type": "Point",
        "coordinates": [3.234, 32.9304]
      },
      "properties": {
        "bright_ti4": 328.94,
        "scan": 0.36,
        "track": 0.57,
        "acq_date": "2026-08-30",
        "acq_time": "0058",
        "satellite": "N20",
        "instrument": "VIIRS",
        "confidence": "n",
        "version": "2.0NRT",
        "bright_ti5": 294.47,
        "frp": 4.06,
        "daynight": "N",
        "source_dataset": "VIIRS_NOAA20_NRT",
        "acq_datetime_utc": "2026-08-30T00:58:00Z",
        "age_hours": 31.8,
        "confidence_label": "nominal",
        "popup_label": "<strong>NASA FIRMS<\/strong><br>Sensor: VIIRS_NOAA20_NRT<br>Fecha UTC: 2026-08-30T00:58:00Z<br>Confianza: nominal<br>FRP: 4.06 MW"
      }
    },
    {
      "type": "Feature",
      "geometry": {
        "type": "Point",
        "coordinates": [3.2442, 32.9305]
      },
      "properties": {
        "bright_ti4": 310.63,
        "scan": 0.36,
        "track": 0.57,
        "acq_date": "2026-08-30",
        "acq_time": "0058",
        "satellite": "N20",
        "instrument": "VIIRS",
        "confidence": "n",
        "version": "2.0NRT",
        "bright_ti5": 293.89,
        "frp": 0.97,
        "daynight": "N",
        "source_dataset": "VIIRS_NOAA20_NRT",
        "acq_datetime_utc": "2026-08-30T00:58:00Z",
        "age_hours": 31.8,
        "confidence_label": "nominal",
        "popup_label": "<strong>NASA FIRMS<\/strong><br>Sensor: VIIRS_NOAA20_NRT<br>Fecha UTC: 2026-08-30T00:58:00Z<br>Confianza: nominal<br>FRP: 0.97 MW"
      }
    },
    {
      "type": "Feature",
      "geometry": {
        "type": "Point",
        "coordinates": [3.2301, 32.9307]
      },
      "properties": {
        "bright_ti4": 345.86,
        "scan": 0.36,
        "track": 0.57,
        "acq_date": "2026-08-30",
        "acq_time": "0058",
        "satellite": "N20",
        "instrument": "VIIRS",
        "confidence": "n",
        "version": "2.0NRT",
        "bright_ti5": 293.85,
        "frp": 2.66,
        "daynight": "N",
        "source_dataset": "VIIRS_NOAA20_NRT",
        "acq_datetime_utc": "2026-08-30T00:58:00Z",
        "age_hours": 31.8,
        "confidence_label": "nominal",
        "popup_label": "<strong>NASA FIRMS<\/strong><br>Sensor: VIIRS_NOAA20_NRT<br>Fecha UTC: 2026-08-30T00:58:00Z<br>Confianza: nominal<br>FRP: 2.66 MW"
      }
    },
    {
      "type": "Feature",
      "geometry": {
        "type": "Point",
        "coordinates": [3.2262, 32.931]
      },
      "properties": {
        "bright_ti4": 309.91,
        "scan": 0.36,
        "track": 0.57,
        "acq_date": "2026-08-30",
        "acq_time": "0058",
        "satellite": "N20",
        "instrument": "VIIRS",
        "confidence": "n",
        "version": "2.0NRT",
        "bright_ti5": 293.66,
        "frp": 2.66,
        "daynight": "N",
        "source_dataset": "VIIRS_NOAA20_NRT",
        "acq_datetime_utc": "2026-08-30T00:58:00Z",
        "age_hours": 31.8,
        "confidence_label": "nominal",
        "popup_label": "<strong>NASA FIRMS<\/strong><br>Sensor: VIIRS_NOAA20_NRT<br>Fecha UTC: 2026-08-30T00:58:00Z<br>Confianza: nominal<br>FRP: 2.66 MW"
      }
    },
    {
      "type": "Feature",
      "geometry": {
        "type": "Point",
        "coordinates": [3.2364, 32.9311]
      },
      "properties": {
        "bright_ti4": 305.71,
        "scan": 0.36,
        "track": 0.57,
        "acq_date": "2026-08-30",
        "acq_time": "0058",
        "satellite": "N20",
        "instrument": "VIIRS",
        "confidence": "n",
        "version": "2.0NRT",
        "bright_ti5": 293.74,
        "frp": 2.74,
        "daynight": "N",
        "source_dataset": "VIIRS_NOAA20_NRT",
        "acq_datetime_utc": "2026-08-30T00:58:00Z",
        "age_hours": 31.8,
        "confidence_label": "nominal",
        "popup_label": "<strong>NASA FIRMS<\/strong><br>Sensor: VIIRS_NOAA20_NRT<br>Fecha UTC: 2026-08-30T00:58:00Z<br>Confianza: nominal<br>FRP: 2.74 MW"
      }
    },
    {
      "type": "Feature",
      "geometry": {
        "type": "Point",
        "coordinates": [3.2325, 32.9314]
      },
      "properties": {
        "bright_ti4": 352.92,
        "scan": 0.36,
        "track": 0.57,
        "acq_date": "2026-08-30",
        "acq_time": "0058",
        "satellite": "N20",
        "instrument": "VIIRS",
        "confidence": "n",
        "version": "2.0NRT",
        "bright_ti5": 295.42,
        "frp": 3.35,
        "daynight": "N",
        "source_dataset": "VIIRS_NOAA20_NRT",
        "acq_datetime_utc": "2026-08-30T00:58:00Z",
        "age_hours": 31.8,
        "confidence_label": "nominal",
        "popup_label": "<strong>NASA FIRMS<\/strong><br>Sensor: VIIRS_NOAA20_NRT<br>Fecha UTC: 2026-08-30T00:58:00Z<br>Confianza: nominal<br>FRP: 3.35 MW"
      }
    },
    {
      "type": "Feature",
      "geometry": {
        "type": "Point",
        "coordinates": [3.2286, 32.9317]
      },
      "properties": {
        "bright_ti4": 325.04,
        "scan": 0.36,
        "track": 0.57,
        "acq_date": "2026-08-30",
        "acq_time": "0058",
        "satellite": "N20",
        "instrument": "VIIRS",
        "confidence": "n",
        "version": "2.0NRT",
        "bright_ti5": 293.59,
        "frp": 3.35,
        "daynight": "N",
        "source_dataset": "VIIRS_NOAA20_NRT",
        "acq_datetime_utc": "2026-08-30T00:58:00Z",
        "age_hours": 31.8,
        "confidence_label": "nominal",
        "popup_label": "<strong>NASA FIRMS<\/strong><br>Sensor: VIIRS_NOAA20_NRT<br>Fecha UTC: 2026-08-30T00:58:00Z<br>Confianza: nominal<br>FRP: 3.35 MW"
      }
    },
    {
      "type": "Feature",
      "geometry": {
        "type": "Point",
        "coordinates": [3.2247, 32.932]
      },
      "properties": {
        "bright_ti4": 306.25,
        "scan": 0.36,
        "track": 0.57,
        "acq_date": "2026-08-30",
        "acq_time": "0058",
        "satellite": "N20",
        "instrument": "VIIRS",
        "confidence": "n",
        "version": "2.0NRT",
        "bright_ti5": 293.49,
        "frp": 1.36,
        "daynight": "N",
        "source_dataset": "VIIRS_NOAA20_NRT",
        "acq_datetime_utc": "2026-08-30T00:58:00Z",
        "age_hours": 31.8,
        "confidence_label": "nominal",
        "popup_label": "<strong>NASA FIRMS<\/strong><br>Sensor: VIIRS_NOAA20_NRT<br>Fecha UTC: 2026-08-30T00:58:00Z<br>Confianza: nominal<br>FRP: 1.36 MW"
      }
    },
    {
      "type": "Feature",
      "geometry": {
        "type": "Point",
        "coordinates": [3.2346, 32.9357]
      },
      "properties": {
        "bright_ti4": 309.33,
        "scan": 0.36,
        "track": 0.57,
        "acq_date": "2026-08-30",
        "acq_time": "0058",
        "satellite": "N20",
        "instrument": "VIIRS",
        "confidence": "n",
        "version": "2.0NRT",
        "bright_ti5": 294.22,
        "frp": 2.5,
        "daynight": "N",
        "source_dataset": "VIIRS_NOAA20_NRT",
        "acq_datetime_utc": "2026-08-30T00:58:00Z",
        "age_hours": 31.8,
        "confidence_label": "nominal",
        "popup_label": "<strong>NASA FIRMS<\/strong><br>Sensor: VIIRS_NOAA20_NRT<br>Fecha UTC: 2026-08-30T00:58:00Z<br>Confianza: nominal<br>FRP: 2.5 MW"
      }
    },
    {
      "type": "Feature",
      "geometry": {
        "type": "Point",
        "coordinates": [3.2307, 32.936]
      },
      "properties": {
        "bright_ti4": 323.27,
        "scan": 0.36,
        "track": 0.57,
        "acq_date": "2026-08-30",
        "acq_time": "0058",
        "satellite": "N20",
        "instrument": "VIIRS",
        "confidence": "n",
        "version": "2.0NRT",
        "bright_ti5": 294,
        "frp": 2.8,
        "daynight": "N",
        "source_dataset": "VIIRS_NOAA20_NRT",
        "acq_datetime_utc": "2026-08-30T00:58:00Z",
        "age_hours": 31.8,
        "confidence_label": "nominal",
        "popup_label": "<strong>NASA FIRMS<\/strong><br>Sensor: VIIRS_NOAA20_NRT<br>Fecha UTC: 2026-08-30T00:58:00Z<br>Confianza: nominal<br>FRP: 2.8 MW"
      }
    },
    {
      "type": "Feature",
      "geometry": {
        "type": "Point",
        "coordinates": [3.2331, 32.9367]
      },
      "properties": {
        "bright_ti4": 324.93,
        "scan": 0.36,
        "track": 0.57,
        "acq_date": "2026-08-30",
        "acq_time": "0058",
        "satellite": "N20",
        "instrument": "VIIRS",
        "confidence": "n",
        "version": "2.0NRT",
        "bright_ti5": 294.68,
        "frp": 1.7,
        "daynight": "N",
        "source_dataset": "VIIRS_NOAA20_NRT",
        "acq_datetime_utc": "2026-08-30T00:58:00Z",
        "age_hours": 31.8,
        "confidence_label": "nominal",
        "popup_label": "<strong>NASA FIRMS<\/strong><br>Sensor: VIIRS_NOAA20_NRT<br>Fecha UTC: 2026-08-30T00:58:00Z<br>Confianza: nominal<br>FRP: 1.7 MW"
      }
    },
    {
      "type": "Feature",
      "geometry": {
        "type": "Point",
        "coordinates": [3.2297, 32.9422]
      },
      "properties": {
        "bright_ti4": 305.81,
        "scan": 0.36,
        "track": 0.57,
        "acq_date": "2026-08-30",
        "acq_time": "0058",
        "satellite": "N20",
        "instrument": "VIIRS",
        "confidence": "n",
        "version": "2.0NRT",
        "bright_ti5": 293.74,
        "frp": 1.7,
        "daynight": "N",
        "source_dataset": "VIIRS_NOAA20_NRT",
        "acq_datetime_utc": "2026-08-30T00:58:00Z",
        "age_hours": 31.8,
        "confidence_label": "nominal",
        "popup_label": "<strong>NASA FIRMS<\/strong><br>Sensor: VIIRS_NOAA20_NRT<br>Fecha UTC: 2026-08-30T00:58:00Z<br>Confianza: nominal<br>FRP: 1.7 MW"
      }
    },
    {
      "type": "Feature",
      "geometry": {
        "type": "Point",
        "coordinates": [3.2358, 32.9463]
      },
      "properties": {
        "bright_ti4": 306.38,
        "scan": 0.36,
        "track": 0.57,
        "acq_date": "2026-08-30",
        "acq_time": "0058",
        "satellite": "N20",
        "instrument": "VIIRS",
        "confidence": "n",
        "version": "2.0NRT",
        "bright_ti5": 295.26,
        "frp": 5.12,
        "daynight": "N",
        "source_dataset": "VIIRS_NOAA20_NRT",
        "acq_datetime_utc": "2026-08-30T00:58:00Z",
        "age_hours": 31.8,
        "confidence_label": "nominal",
        "popup_label": "<strong>NASA FIRMS<\/strong><br>Sensor: VIIRS_NOAA20_NRT<br>Fecha UTC: 2026-08-30T00:58:00Z<br>Confianza: nominal<br>FRP: 5.12 MW"
      }
    },
    {
      "type": "Feature",
      "geometry": {
        "type": "Point",
        "coordinates": [3.2319, 32.9466]
      },
      "properties": {
        "bright_ti4": 321.18,
        "scan": 0.36,
        "track": 0.57,
        "acq_date": "2026-08-30",
        "acq_time": "0058",
        "satellite": "N20",
        "instrument": "VIIRS",
        "confidence": "n",
        "version": "2.0NRT",
        "bright_ti5": 295.89,
        "frp": 22.11,
        "daynight": "N",
        "source_dataset": "VIIRS_NOAA20_NRT",
        "acq_datetime_utc": "2026-08-30T00:58:00Z",
        "age_hours": 31.8,
        "confidence_label": "nominal",
        "popup_label": "<strong>NASA FIRMS<\/strong><br>Sensor: VIIRS_NOAA20_NRT<br>Fecha UTC: 2026-08-30T00:58:00Z<br>Confianza: nominal<br>FRP: 22.11 MW"
      }
    },
    {
      "type": "Feature",
      "geometry": {
        "type": "Point",
        "coordinates": [3.2279, 32.9468]
      },
      "properties": {
        "bright_ti4": 344.14,
        "scan": 0.36,
        "track": 0.57,
        "acq_date": "2026-08-30",
        "acq_time": "0058",
        "satellite": "N20",
        "instrument": "VIIRS",
        "confidence": "n",
        "version": "2.0NRT",
        "bright_ti5": 299.9,
        "frp": 22.11,
        "daynight": "N",
        "source_dataset": "VIIRS_NOAA20_NRT",
        "acq_datetime_utc": "2026-08-30T00:58:00Z",
        "age_hours": 31.8,
        "confidence_label": "nominal",
        "popup_label": "<strong>NASA FIRMS<\/strong><br>Sensor: VIIRS_NOAA20_NRT<br>Fecha UTC: 2026-08-30T00:58:00Z<br>Confianza: nominal<br>FRP: 22.11 MW"
      }
    },
    {
      "type": "Feature",
      "geometry": {
        "type": "Point",
        "coordinates": [3.2241, 32.9471]
      },
      "properties": {
        "bright_ti4": 335.82,
        "scan": 0.36,
        "track": 0.57,
        "acq_date": "2026-08-30",
        "acq_time": "0058",
        "satellite": "N20",
        "instrument": "VIIRS",
        "confidence": "n",
        "version": "2.0NRT",
        "bright_ti5": 293.98,
        "frp": 11.99,
        "daynight": "N",
        "source_dataset": "VIIRS_NOAA20_NRT",
        "acq_datetime_utc": "2026-08-30T00:58:00Z",
        "age_hours": 31.8,
        "confidence_label": "nominal",
        "popup_label": "<strong>NASA FIRMS<\/strong><br>Sensor: VIIRS_NOAA20_NRT<br>Fecha UTC: 2026-08-30T00:58:00Z<br>Confianza: nominal<br>FRP: 11.99 MW"
      }
    },
    {
      "type": "Feature",
      "geometry": {
        "type": "Point",
        "coordinates": [3.2202, 32.9474]
      },
      "properties": {
        "bright_ti4": 314.41,
        "scan": 0.36,
        "track": 0.57,
        "acq_date": "2026-08-30",
        "acq_time": "0058",
        "satellite": "N20",
        "instrument": "VIIRS",
        "confidence": "n",
        "version": "2.0NRT",
        "bright_ti5": 293.75,
        "frp": 11.99,
        "daynight": "N",
        "source_dataset": "VIIRS_NOAA20_NRT",
        "acq_datetime_utc": "2026-08-30T00:58:00Z",
        "age_hours": 31.8,
        "confidence_label": "nominal",
        "popup_label": "<strong>NASA FIRMS<\/strong><br>Sensor: VIIRS_NOAA20_NRT<br>Fecha UTC: 2026-08-30T00:58:00Z<br>Confianza: nominal<br>FRP: 11.99 MW"
      }
    },
    {
      "type": "Feature",
      "geometry": {
        "type": "Point",
        "coordinates": [3.2163, 32.9477]
      },
      "properties": {
        "bright_ti4": 305.71,
        "scan": 0.36,
        "track": 0.57,
        "acq_date": "2026-08-30",
        "acq_time": "0058",
        "satellite": "N20",
        "instrument": "VIIRS",
        "confidence": "n",
        "version": "2.0NRT",
        "bright_ti5": 294.16,
        "frp": 1.61,
        "daynight": "N",
        "source_dataset": "VIIRS_NOAA20_NRT",
        "acq_datetime_utc": "2026-08-30T00:58:00Z",
        "age_hours": 31.8,
        "confidence_label": "nominal",
        "popup_label": "<strong>NASA FIRMS<\/strong><br>Sensor: VIIRS_NOAA20_NRT<br>Fecha UTC: 2026-08-30T00:58:00Z<br>Confianza: nominal<br>FRP: 1.61 MW"
      }
    },
    {
      "type": "Feature",
      "geometry": {
        "type": "Point",
        "coordinates": [3.2325, 32.9519]
      },
      "properties": {
        "bright_ti4": 318.42,
        "scan": 0.36,
        "track": 0.57,
        "acq_date": "2026-08-30",
        "acq_time": "0058",
        "satellite": "N20",
        "instrument": "VIIRS",
        "confidence": "n",
        "version": "2.0NRT",
        "bright_ti5": 295.96,
        "frp": 22.11,
        "daynight": "N",
        "source_dataset": "VIIRS_NOAA20_NRT",
        "acq_datetime_utc": "2026-08-30T00:58:00Z",
        "age_hours": 31.8,
        "confidence_label": "nominal",
        "popup_label": "<strong>NASA FIRMS<\/strong><br>Sensor: VIIRS_NOAA20_NRT<br>Fecha UTC: 2026-08-30T00:58:00Z<br>Confianza: nominal<br>FRP: 22.11 MW"
      }
    },
    {
      "type": "Feature",
      "geometry": {
        "type": "Point",
        "coordinates": [3.2286, 32.9521]
      },
      "properties": {
        "bright_ti4": 321.61,
        "scan": 0.36,
        "track": 0.57,
        "acq_date": "2026-08-30",
        "acq_time": "0058",
        "satellite": "N20",
        "instrument": "VIIRS",
        "confidence": "n",
        "version": "2.0NRT",
        "bright_ti5": 309.32,
        "frp": 22.11,
        "daynight": "N",
        "source_dataset": "VIIRS_NOAA20_NRT",
        "acq_datetime_utc": "2026-08-30T00:58:00Z",
        "age_hours": 31.8,
        "confidence_label": "nominal",
        "popup_label": "<strong>NASA FIRMS<\/strong><br>Sensor: VIIRS_NOAA20_NRT<br>Fecha UTC: 2026-08-30T00:58:00Z<br>Confianza: nominal<br>FRP: 22.11 MW"
      }
    },
    {
      "type": "Feature",
      "geometry": {
        "type": "Point",
        "coordinates": [3.2247, 32.9524]
      },
      "properties": {
        "bright_ti4": 345.55,
        "scan": 0.36,
        "track": 0.57,
        "acq_date": "2026-08-30",
        "acq_time": "0058",
        "satellite": "N20",
        "instrument": "VIIRS",
        "confidence": "n",
        "version": "2.0NRT",
        "bright_ti5": 295.96,
        "frp": 11.99,
        "daynight": "N",
        "source_dataset": "VIIRS_NOAA20_NRT",
        "acq_datetime_utc": "2026-08-30T00:58:00Z",
        "age_hours": 31.8,
        "confidence_label": "nominal",
        "popup_label": "<strong>NASA FIRMS<\/strong><br>Sensor: VIIRS_NOAA20_NRT<br>Fecha UTC: 2026-08-30T00:58:00Z<br>Confianza: nominal<br>FRP: 11.99 MW"
      }
    },
    {
      "type": "Feature",
      "geometry": {
        "type": "Point",
        "coordinates": [3.2208, 32.9527]
      },
      "properties": {
        "bright_ti4": 307.78,
        "scan": 0.36,
        "track": 0.57,
        "acq_date": "2026-08-30",
        "acq_time": "0058",
        "satellite": "N20",
        "instrument": "VIIRS",
        "confidence": "n",
        "version": "2.0NRT",
        "bright_ti5": 294.19,
        "frp": 11.99,
        "daynight": "N",
        "source_dataset": "VIIRS_NOAA20_NRT",
        "acq_datetime_utc": "2026-08-30T00:58:00Z",
        "age_hours": 31.8,
        "confidence_label": "nominal",
        "popup_label": "<strong>NASA FIRMS<\/strong><br>Sensor: VIIRS_NOAA20_NRT<br>Fecha UTC: 2026-08-30T00:58:00Z<br>Confianza: nominal<br>FRP: 11.99 MW"
      }
    },
    {
      "type": "Feature",
      "geometry": {
        "type": "Point",
        "coordinates": [3.3292, 33.0665]
      },
      "properties": {
        "bright_ti4": 306.36,
        "scan": 0.36,
        "track": 0.57,
        "acq_date": "2026-08-30",
        "acq_time": "0058",
        "satellite": "N20",
        "instrument": "VIIRS",
        "confidence": "n",
        "version": "2.0NRT",
        "bright_ti5": 293.55,
        "frp": 0.55,
        "daynight": "N",
        "source_dataset": "VIIRS_NOAA20_NRT",
        "acq_datetime_utc": "2026-08-30T00:58:00Z",
        "age_hours": 31.8,
        "confidence_label": "nominal",
        "popup_label": "<strong>NASA FIRMS<\/strong><br>Sensor: VIIRS_NOAA20_NRT<br>Fecha UTC: 2026-08-30T00:58:00Z<br>Confianza: nominal<br>FRP: 0.55 MW"
      }
    },
    {
      "type": "Feature",
      "geometry": {
        "type": "Point",
        "coordinates": [3.3924, 33.0779]
      },
      "properties": {
        "bright_ti4": 346.42,
        "scan": 0.35,
        "track": 0.57,
        "acq_date": "2026-08-30",
        "acq_time": "0058",
        "satellite": "N20",
        "instrument": "VIIRS",
        "confidence": "n",
        "version": "2.0NRT",
        "bright_ti5": 296,
        "frp": 3.9,
        "daynight": "N",
        "source_dataset": "VIIRS_NOAA20_NRT",
        "acq_datetime_utc": "2026-08-30T00:58:00Z",
        "age_hours": 31.8,
        "confidence_label": "nominal",
        "popup_label": "<strong>NASA FIRMS<\/strong><br>Sensor: VIIRS_NOAA20_NRT<br>Fecha UTC: 2026-08-30T00:58:00Z<br>Confianza: nominal<br>FRP: 3.9 MW"
      }
    },
    {
      "type": "Feature",
      "geometry": {
        "type": "Point",
        "coordinates": [3.32, 33.1256]
      },
      "properties": {
        "bright_ti4": 314.29,
        "scan": 0.36,
        "track": 0.57,
        "acq_date": "2026-08-30",
        "acq_time": "0058",
        "satellite": "N20",
        "instrument": "VIIRS",
        "confidence": "n",
        "version": "2.0NRT",
        "bright_ti5": 294.45,
        "frp": 0.97,
        "daynight": "N",
        "source_dataset": "VIIRS_NOAA20_NRT",
        "acq_datetime_utc": "2026-08-30T00:58:00Z",
        "age_hours": 31.8,
        "confidence_label": "nominal",
        "popup_label": "<strong>NASA FIRMS<\/strong><br>Sensor: VIIRS_NOAA20_NRT<br>Fecha UTC: 2026-08-30T00:58:00Z<br>Confianza: nominal<br>FRP: 0.97 MW"
      }
    },
    {
      "type": "Feature",
      "geometry": {
        "type": "Point",
        "coordinates": [3.3162, 33.1259]
      },
      "properties": {
        "bright_ti4": 307.29,
        "scan": 0.36,
        "track": 0.57,
        "acq_date": "2026-08-30",
        "acq_time": "0058",
        "satellite": "N20",
        "instrument": "VIIRS",
        "confidence": "n",
        "version": "2.0NRT",
        "bright_ti5": 293.67,
        "frp": 0.97,
        "daynight": "N",
        "source_dataset": "VIIRS_NOAA20_NRT",
        "acq_datetime_utc": "2026-08-30T00:58:00Z",
        "age_hours": 31.8,
        "confidence_label": "nominal",
        "popup_label": "<strong>NASA FIRMS<\/strong><br>Sensor: VIIRS_NOAA20_NRT<br>Fecha UTC: 2026-08-30T00:58:00Z<br>Confianza: nominal<br>FRP: 0.97 MW"
      }
    },
    {
      "type": "Feature",
      "geometry": {
        "type": "Point",
        "coordinates": [3.3163, 33.1307]
      },
      "properties": {
        "bright_ti4": 305,
        "scan": 0.36,
        "track": 0.57,
        "acq_date": "2026-08-30",
        "acq_time": "0058",
        "satellite": "N20",
        "instrument": "VIIRS",
        "confidence": "n",
        "version": "2.0NRT",
        "bright_ti5": 294.01,
        "frp": 0.83,
        "daynight": "N",
        "source_dataset": "VIIRS_NOAA20_NRT",
        "acq_datetime_utc": "2026-08-30T00:58:00Z",
        "age_hours": 31.8,
        "confidence_label": "nominal",
        "popup_label": "<strong>NASA FIRMS<\/strong><br>Sensor: VIIRS_NOAA20_NRT<br>Fecha UTC: 2026-08-30T00:58:00Z<br>Confianza: nominal<br>FRP: 0.83 MW"
      }
    },
    {
      "type": "Feature",
      "geometry": {
        "type": "Point",
        "coordinates": [3.3672, 33.1378]
      },
      "properties": {
        "bright_ti4": 312.2,
        "scan": 0.35,
        "track": 0.57,
        "acq_date": "2026-08-30",
        "acq_time": "0058",
        "satellite": "N20",
        "instrument": "VIIRS",
        "confidence": "n",
        "version": "2.0NRT",
        "bright_ti5": 294.9,
        "frp": 1.13,
        "daynight": "N",
        "source_dataset": "VIIRS_NOAA20_NRT",
        "acq_datetime_utc": "2026-08-30T00:58:00Z",
        "age_hours": 31.8,
        "confidence_label": "nominal",
        "popup_label": "<strong>NASA FIRMS<\/strong><br>Sensor: VIIRS_NOAA20_NRT<br>Fecha UTC: 2026-08-30T00:58:00Z<br>Confianza: nominal<br>FRP: 1.13 MW"
      }
    },
    {
      "type": "Feature",
      "geometry": {
        "type": "Point",
        "coordinates": [3.3676, 33.138]
      },
      "properties": {
        "bright_ti4": 312.12,
        "scan": 0.35,
        "track": 0.57,
        "acq_date": "2026-08-30",
        "acq_time": "0058",
        "satellite": "N20",
        "instrument": "VIIRS",
        "confidence": "n",
        "version": "2.0NRT",
        "bright_ti5": 294.66,
        "frp": 1.02,
        "daynight": "N",
        "source_dataset": "VIIRS_NOAA20_NRT",
        "acq_datetime_utc": "2026-08-30T00:58:00Z",
        "age_hours": 31.8,
        "confidence_label": "nominal",
        "popup_label": "<strong>NASA FIRMS<\/strong><br>Sensor: VIIRS_NOAA20_NRT<br>Fecha UTC: 2026-08-30T00:58:00Z<br>Confianza: nominal<br>FRP: 1.02 MW"
      }
    },
    {
      "type": "Feature",
      "geometry": {
        "type": "Point",
        "coordinates": [3.364, 33.1433]
      },
      "properties": {
        "bright_ti4": 308.22,
        "scan": 0.35,
        "track": 0.57,
        "acq_date": "2026-08-30",
        "acq_time": "0058",
        "satellite": "N20",
        "instrument": "VIIRS",
        "confidence": "n",
        "version": "2.0NRT",
        "bright_ti5": 295.22,
        "frp": 1.13,
        "daynight": "N",
        "source_dataset": "VIIRS_NOAA20_NRT",
        "acq_datetime_utc": "2026-08-30T00:58:00Z",
        "age_hours": 31.8,
        "confidence_label": "nominal",
        "popup_label": "<strong>NASA FIRMS<\/strong><br>Sensor: VIIRS_NOAA20_NRT<br>Fecha UTC: 2026-08-30T00:58:00Z<br>Confianza: nominal<br>FRP: 1.13 MW"
      }
    },
    {
      "type": "Feature",
      "geometry": {
        "type": "Point",
        "coordinates": [3.3643, 33.1435]
      },
      "properties": {
        "bright_ti4": 307.84,
        "scan": 0.35,
        "track": 0.57,
        "acq_date": "2026-08-30",
        "acq_time": "0058",
        "satellite": "N20",
        "instrument": "VIIRS",
        "confidence": "n",
        "version": "2.0NRT",
        "bright_ti5": 295.44,
        "frp": 1.02,
        "daynight": "N",
        "source_dataset": "VIIRS_NOAA20_NRT",
        "acq_datetime_utc": "2026-08-30T00:58:00Z",
        "age_hours": 31.8,
        "confidence_label": "nominal",
        "popup_label": "<strong>NASA FIRMS<\/strong><br>Sensor: VIIRS_NOAA20_NRT<br>Fecha UTC: 2026-08-30T00:58:00Z<br>Confianza: nominal<br>FRP: 1.02 MW"
      }
    },
    {
      "type": "Feature",
      "geometry": {
        "type": "Point",
        "coordinates": [2.025, 34.2214]
      },
      "properties": {
        "bright_ti4": 305.05,
        "scan": 0.43,
        "track": 0.62,
        "acq_date": "2026-08-30",
        "acq_time": "0058",
        "satellite": "N20",
        "instrument": "VIIRS",
        "confidence": "n",
        "version": "2.0NRT",
        "bright_ti5": 290.89,
        "frp": 1.57,
        "daynight": "N",
        "source_dataset": "VIIRS_NOAA20_NRT",
        "acq_datetime_utc": "2026-08-30T00:58:00Z",
        "age_hours": 31.8,
        "confidence_label": "nominal",
        "popup_label": "<strong>NASA FIRMS<\/strong><br>Sensor: VIIRS_NOAA20_NRT<br>Fecha UTC: 2026-08-30T00:58:00Z<br>Confianza: nominal<br>FRP: 1.57 MW"
      }
    },
    {
      "type": "Feature",
      "geometry": {
        "type": "Point",
        "coordinates": [2.0202, 34.2217]
      },
      "properties": {
        "bright_ti4": 301,
        "scan": 0.43,
        "track": 0.62,
        "acq_date": "2026-08-30",
        "acq_time": "0058",
        "satellite": "N20",
        "instrument": "VIIRS",
        "confidence": "n",
        "version": "2.0NRT",
        "bright_ti5": 289.89,
        "frp": 1.08,
        "daynight": "N",
        "source_dataset": "VIIRS_NOAA20_NRT",
        "acq_datetime_utc": "2026-08-30T00:58:00Z",
        "age_hours": 31.8,
        "confidence_label": "nominal",
        "popup_label": "<strong>NASA FIRMS<\/strong><br>Sensor: VIIRS_NOAA20_NRT<br>Fecha UTC: 2026-08-30T00:58:00Z<br>Confianza: nominal<br>FRP: 1.08 MW"
      }
    },
    {
      "type": "Feature",
      "geometry": {
        "type": "Point",
        "coordinates": [4.4755, 35.7089]
      },
      "properties": {
        "bright_ti4": 315.48,
        "scan": 0.32,
        "track": 0.55,
        "acq_date": "2026-08-30",
        "acq_time": "0058",
        "satellite": "N20",
        "instrument": "VIIRS",
        "confidence": "n",
        "version": "2.0NRT",
        "bright_ti5": 295.67,
        "frp": 3.99,
        "daynight": "N",
        "source_dataset": "VIIRS_NOAA20_NRT",
        "acq_datetime_utc": "2026-08-30T00:58:00Z",
        "age_hours": 31.8,
        "confidence_label": "nominal",
        "popup_label": "<strong>NASA FIRMS<\/strong><br>Sensor: VIIRS_NOAA20_NRT<br>Fecha UTC: 2026-08-30T00:58:00Z<br>Confianza: nominal<br>FRP: 3.99 MW"
      }
    },
    {
      "type": "Feature",
      "geometry": {
        "type": "Point",
        "coordinates": [-0.2563, 35.8081]
      },
      "properties": {
        "bright_ti4": 302.28,
        "scan": 0.6,
        "track": 0.71,
        "acq_date": "2026-08-30",
        "acq_time": "0058",
        "satellite": "N20",
        "instrument": "VIIRS",
        "confidence": "n",
        "version": "2.0NRT",
        "bright_ti5": 290.09,
        "frp": 1.47,
        "daynight": "N",
        "source_dataset": "VIIRS_NOAA20_NRT",
        "acq_datetime_utc": "2026-08-30T00:58:00Z",
        "age_hours": 31.8,
        "confidence_label": "nominal",
        "popup_label": "<strong>NASA FIRMS<\/strong><br>Sensor: VIIRS_NOAA20_NRT<br>Fecha UTC: 2026-08-30T00:58:00Z<br>Confianza: nominal<br>FRP: 1.47 MW"
      }
    },
    {
      "type": "Feature",
      "geometry": {
        "type": "Point",
        "coordinates": [-0.2629, 35.8083]
      },
      "properties": {
        "bright_ti4": 310.22,
        "scan": 0.6,
        "track": 0.71,
        "acq_date": "2026-08-30",
        "acq_time": "0058",
        "satellite": "N20",
        "instrument": "VIIRS",
        "confidence": "n",
        "version": "2.0NRT",
        "bright_ti5": 289.74,
        "frp": 1.47,
        "daynight": "N",
        "source_dataset": "VIIRS_NOAA20_NRT",
        "acq_datetime_utc": "2026-08-30T00:58:00Z",
        "age_hours": 31.8,
        "confidence_label": "nominal",
        "popup_label": "<strong>NASA FIRMS<\/strong><br>Sensor: VIIRS_NOAA20_NRT<br>Fecha UTC: 2026-08-30T00:58:00Z<br>Confianza: nominal<br>FRP: 1.47 MW"
      }
    },
    {
      "type": "Feature",
      "geometry": {
        "type": "Point",
        "coordinates": [-0.2697, 35.8152]
      },
      "properties": {
        "bright_ti4": 301.98,
        "scan": 0.6,
        "track": 0.71,
        "acq_date": "2026-08-30",
        "acq_time": "0058",
        "satellite": "N20",
        "instrument": "VIIRS",
        "confidence": "n",
        "version": "2.0NRT",
        "bright_ti5": 290.42,
        "frp": 1.92,
        "daynight": "N",
        "source_dataset": "VIIRS_NOAA20_NRT",
        "acq_datetime_utc": "2026-08-30T00:58:00Z",
        "age_hours": 31.8,
        "confidence_label": "nominal",
        "popup_label": "<strong>NASA FIRMS<\/strong><br>Sensor: VIIRS_NOAA20_NRT<br>Fecha UTC: 2026-08-30T00:58:00Z<br>Confianza: nominal<br>FRP: 1.92 MW"
      }
    },
    {
      "type": "Feature",
      "geometry": {
        "type": "Point",
        "coordinates": [3.6249, 36.046]
      },
      "properties": {
        "bright_ti4": 307.07,
        "scan": 0.37,
        "track": 0.58,
        "acq_date": "2026-08-30",
        "acq_time": "0058",
        "satellite": "N20",
        "instrument": "VIIRS",
        "confidence": "n",
        "version": "2.0NRT",
        "bright_ti5": 291.5,
        "frp": 0.66,
        "daynight": "N",
        "source_dataset": "VIIRS_NOAA20_NRT",
        "acq_datetime_utc": "2026-08-30T00:58:00Z",
        "age_hours": 31.8,
        "confidence_label": "nominal",
        "popup_label": "<strong>NASA FIRMS<\/strong><br>Sensor: VIIRS_NOAA20_NRT<br>Fecha UTC: 2026-08-30T00:58:00Z<br>Confianza: nominal<br>FRP: 0.66 MW"
      }
    },
    {
      "type": "Feature",
      "geometry": {
        "type": "Point",
        "coordinates": [3.6208, 36.0463]
      },
      "properties": {
        "bright_ti4": 302.56,
        "scan": 0.37,
        "track": 0.58,
        "acq_date": "2026-08-30",
        "acq_time": "0058",
        "satellite": "N20",
        "instrument": "VIIRS",
        "confidence": "n",
        "version": "2.0NRT",
        "bright_ti5": 291.17,
        "frp": 0.66,
        "daynight": "N",
        "source_dataset": "VIIRS_NOAA20_NRT",
        "acq_datetime_utc": "2026-08-30T00:58:00Z",
        "age_hours": 31.8,
        "confidence_label": "nominal",
        "popup_label": "<strong>NASA FIRMS<\/strong><br>Sensor: VIIRS_NOAA20_NRT<br>Fecha UTC: 2026-08-30T00:58:00Z<br>Confianza: nominal<br>FRP: 0.66 MW"
      }
    },
    {
      "type": "Feature",
      "geometry": {
        "type": "Point",
        "coordinates": [2.9253, 36.1394]
      },
      "properties": {
        "bright_ti4": 300.15,
        "scan": 0.4,
        "track": 0.6,
        "acq_date": "2026-08-30",
        "acq_time": "0058",
        "satellite": "N20",
        "instrument": "VIIRS",
        "confidence": "n",
        "version": "2.0NRT",
        "bright_ti5": 289.48,
        "frp": 0.72,
        "daynight": "N",
        "source_dataset": "VIIRS_NOAA20_NRT",
        "acq_datetime_utc": "2026-08-30T00:58:00Z",
        "age_hours": 31.8,
        "confidence_label": "nominal",
        "popup_label": "<strong>NASA FIRMS<\/strong><br>Sensor: VIIRS_NOAA20_NRT<br>Fecha UTC: 2026-08-30T00:58:00Z<br>Confianza: nominal<br>FRP: 0.72 MW"
      }
    },
    {
      "type": "Feature",
      "geometry": {
        "type": "Point",
        "coordinates": [2.8739, 36.5966]
      },
      "properties": {
        "bright_ti4": 301.72,
        "scan": 0.41,
        "track": 0.6,
        "acq_date": "2026-08-30",
        "acq_time": "0058",
        "satellite": "N20",
        "instrument": "VIIRS",
        "confidence": "n",
        "version": "2.0NRT",
        "bright_ti5": 289.55,
        "frp": 0.66,
        "daynight": "N",
        "source_dataset": "VIIRS_NOAA20_NRT",
        "acq_datetime_utc": "2026-08-30T00:58:00Z",
        "age_hours": 31.8,
        "confidence_label": "nominal",
        "popup_label": "<strong>NASA FIRMS<\/strong><br>Sensor: VIIRS_NOAA20_NRT<br>Fecha UTC: 2026-08-30T00:58:00Z<br>Confianza: nominal<br>FRP: 0.66 MW"
      }
    },
    {
      "type": "Feature",
      "geometry": {
        "type": "Point",
        "coordinates": [3.1342, 36.5983]
      },
      "properties": {
        "bright_ti4": 306.27,
        "scan": 0.39,
        "track": 0.6,
        "acq_date": "2026-08-30",
        "acq_time": "0058",
        "satellite": "N20",
        "instrument": "VIIRS",
        "confidence": "n",
        "version": "2.0NRT",
        "bright_ti5": 290.9,
        "frp": 1.62,
        "daynight": "N",
        "source_dataset": "VIIRS_NOAA20_NRT",
        "acq_datetime_utc": "2026-08-30T00:58:00Z",
        "age_hours": 31.8,
        "confidence_label": "nominal",
        "popup_label": "<strong>NASA FIRMS<\/strong><br>Sensor: VIIRS_NOAA20_NRT<br>Fecha UTC: 2026-08-30T00:58:00Z<br>Confianza: nominal<br>FRP: 1.62 MW"
      }
    },
    {
      "type": "Feature",
      "geometry": {
        "type": "Point",
        "coordinates": [3.2308, 36.6311]
      },
      "properties": {
        "bright_ti4": 307.17,
        "scan": 0.39,
        "track": 0.59,
        "acq_date": "2026-08-30",
        "acq_time": "0058",
        "satellite": "N20",
        "instrument": "VIIRS",
        "confidence": "n",
        "version": "2.0NRT",
        "bright_ti5": 289.39,
        "frp": 1.33,
        "daynight": "N",
        "source_dataset": "VIIRS_NOAA20_NRT",
        "acq_datetime_utc": "2026-08-30T00:58:00Z",
        "age_hours": 31.8,
        "confidence_label": "nominal",
        "popup_label": "<strong>NASA FIRMS<\/strong><br>Sensor: VIIRS_NOAA20_NRT<br>Fecha UTC: 2026-08-30T00:58:00Z<br>Confianza: nominal<br>FRP: 1.33 MW"
      }
    },
    {
      "type": "Feature",
      "geometry": {
        "type": "Point",
        "coordinates": [3.2303, 36.6315]
      },
      "properties": {
        "bright_ti4": 307.26,
        "scan": 0.39,
        "track": 0.59,
        "acq_date": "2026-08-30",
        "acq_time": "0058",
        "satellite": "N20",
        "instrument": "VIIRS",
        "confidence": "n",
        "version": "2.0NRT",
        "bright_ti5": 290.73,
        "frp": 1.31,
        "daynight": "N",
        "source_dataset": "VIIRS_NOAA20_NRT",
        "acq_datetime_utc": "2026-08-30T00:58:00Z",
        "age_hours": 31.8,
        "confidence_label": "nominal",
        "popup_label": "<strong>NASA FIRMS<\/strong><br>Sensor: VIIRS_NOAA20_NRT<br>Fecha UTC: 2026-08-30T00:58:00Z<br>Confianza: nominal<br>FRP: 1.31 MW"
      }
    },
    {
      "type": "Feature",
      "geometry": {
        "type": "Point",
        "coordinates": [3.1185, 36.6822]
      },
      "properties": {
        "bright_ti4": 304.25,
        "scan": 0.39,
        "track": 0.6,
        "acq_date": "2026-08-30",
        "acq_time": "0058",
        "satellite": "N20",
        "instrument": "VIIRS",
        "confidence": "n",
        "version": "2.0NRT",
        "bright_ti5": 290.4,
        "frp": 1.12,
        "daynight": "N",
        "source_dataset": "VIIRS_NOAA20_NRT",
        "acq_datetime_utc": "2026-08-30T00:58:00Z",
        "age_hours": 31.8,
        "confidence_label": "nominal",
        "popup_label": "<strong>NASA FIRMS<\/strong><br>Sensor: VIIRS_NOAA20_NRT<br>Fecha UTC: 2026-08-30T00:58:00Z<br>Confianza: nominal<br>FRP: 1.12 MW"
      }
    },
    {
      "type": "Feature",
      "geometry": {
        "type": "Point",
        "coordinates": [0.5382, 40.5795]
      },
      "properties": {
        "bright_ti4": 301.58,
        "scan": 0.58,
        "track": 0.7,
        "acq_date": "2026-08-30",
        "acq_time": "0056",
        "satellite": "N20",
        "instrument": "VIIRS",
        "confidence": "n",
        "version": "2.0NRT",
        "bright_ti5": 291,
        "frp": 0.66,
        "daynight": "N",
        "source_dataset": "VIIRS_NOAA20_NRT",
        "acq_datetime_utc": "2026-08-30T00:56:00Z",
        "age_hours": 31.9,
        "confidence_label": "nominal",
        "popup_label": "<strong>NASA FIRMS<\/strong><br>Sensor: VIIRS_NOAA20_NRT<br>Fecha UTC: 2026-08-30T00:56:00Z<br>Confianza: nominal<br>FRP: 0.66 MW"
      }
    },
    {
      "type": "Feature",
      "geometry": {
        "type": "Point",
        "coordinates": [4.8899, 43.442]
      },
      "properties": {
        "bright_ti4": 319.21,
        "scan": 0.36,
        "track": 0.57,
        "acq_date": "2026-08-30",
        "acq_time": "0056",
        "satellite": "N20",
        "instrument": "VIIRS",
        "confidence": "n",
        "version": "2.0NRT",
        "bright_ti5": 290.83,
        "frp": 1.81,
        "daynight": "N",
        "source_dataset": "VIIRS_NOAA20_NRT",
        "acq_datetime_utc": "2026-08-30T00:56:00Z",
        "age_hours": 31.9,
        "confidence_label": "nominal",
        "popup_label": "<strong>NASA FIRMS<\/strong><br>Sensor: VIIRS_NOAA20_NRT<br>Fecha UTC: 2026-08-30T00:56:00Z<br>Confianza: nominal<br>FRP: 1.81 MW"
      }
    },
    {
      "type": "Feature",
      "geometry": {
        "type": "Point",
        "coordinates": [4.8995, 43.4469]
      },
      "properties": {
        "bright_ti4": 301.67,
        "scan": 0.36,
        "track": 0.57,
        "acq_date": "2026-08-30",
        "acq_time": "0056",
        "satellite": "N20",
        "instrument": "VIIRS",
        "confidence": "n",
        "version": "2.0NRT",
        "bright_ti5": 290.86,
        "frp": 1.11,
        "daynight": "N",
        "source_dataset": "VIIRS_NOAA20_NRT",
        "acq_datetime_utc": "2026-08-30T00:56:00Z",
        "age_hours": 31.9,
        "confidence_label": "nominal",
        "popup_label": "<strong>NASA FIRMS<\/strong><br>Sensor: VIIRS_NOAA20_NRT<br>Fecha UTC: 2026-08-30T00:56:00Z<br>Confianza: nominal<br>FRP: 1.11 MW"
      }
    },
    {
      "type": "Feature",
      "geometry": {
        "type": "Point",
        "coordinates": [4.895, 43.4471]
      },
      "properties": {
        "bright_ti4": 317.34,
        "scan": 0.36,
        "track": 0.57,
        "acq_date": "2026-08-30",
        "acq_time": "0056",
        "satellite": "N20",
        "instrument": "VIIRS",
        "confidence": "n",
        "version": "2.0NRT",
        "bright_ti5": 291.39,
        "frp": 1.81,
        "daynight": "N",
        "source_dataset": "VIIRS_NOAA20_NRT",
        "acq_datetime_utc": "2026-08-30T00:56:00Z",
        "age_hours": 31.9,
        "confidence_label": "nominal",
        "popup_label": "<strong>NASA FIRMS<\/strong><br>Sensor: VIIRS_NOAA20_NRT<br>Fecha UTC: 2026-08-30T00:56:00Z<br>Confianza: nominal<br>FRP: 1.81 MW"
      }
    },
    {
      "type": "Feature",
      "geometry": {
        "type": "Point",
        "coordinates": [4.6937, 44.0929]
      },
      "properties": {
        "bright_ti4": 299.56,
        "scan": 0.37,
        "track": 0.58,
        "acq_date": "2026-08-30",
        "acq_time": "0056",
        "satellite": "N20",
        "instrument": "VIIRS",
        "confidence": "n",
        "version": "2.0NRT",
        "bright_ti5": 289.04,
        "frp": 0.63,
        "daynight": "N",
        "source_dataset": "VIIRS_NOAA20_NRT",
        "acq_datetime_utc": "2026-08-30T00:56:00Z",
        "age_hours": 31.9,
        "confidence_label": "nominal",
        "popup_label": "<strong>NASA FIRMS<\/strong><br>Sensor: VIIRS_NOAA20_NRT<br>Fecha UTC: 2026-08-30T00:56:00Z<br>Confianza: nominal<br>FRP: 0.63 MW"
      }
    }
  ]
}
