{
  "type": "FeatureCollection",
  "features": [
    {
      "type": "Feature",
      "geometry": {
        "type": "Point",
        "coordinates": [-8.5582, 40.6033]
      },
      "properties": {
        "bright_ti4": 343.42,
        "scan": 0.33,
        "track": 0.55,
        "acq_date": "2026-09-18",
        "acq_time": "1427",
        "satellite": "N",
        "instrument": "VIIRS",
        "confidence": "n",
        "version": "2.0NRT",
        "bright_ti5": 296.64,
        "frp": 12.55,
        "daynight": "D",
        "source_dataset": "VIIRS_SNPP_NRT",
        "acq_datetime_utc": "2026-09-18T14:27:00Z",
        "age_hours": 7.3,
        "confidence_label": "nominal",
        "popup_label": "<strong>NASA FIRMS<\/strong><br>Sensor: VIIRS_SNPP_NRT<br>Fecha UTC: 2026-09-18T14:27:00Z<br>Confianza: nominal<br>FRP: 12.55 MW"
      }
    },
    {
      "type": "Feature",
      "geometry": {
        "type": "Point",
        "coordinates": [-8.5542, 40.6035]
      },
      "properties": {
        "bright_ti4": 354.11,
        "scan": 0.33,
        "track": 0.55,
        "acq_date": "2026-09-18",
        "acq_time": "1427",
        "satellite": "N",
        "instrument": "VIIRS",
        "confidence": "n",
        "version": "2.0NRT",
        "bright_ti5": 308.63,
        "frp": 36.67,
        "daynight": "D",
        "source_dataset": "VIIRS_SNPP_NRT",
        "acq_datetime_utc": "2026-09-18T14:27:00Z",
        "age_hours": 7.3,
        "confidence_label": "nominal",
        "popup_label": "<strong>NASA FIRMS<\/strong><br>Sensor: VIIRS_SNPP_NRT<br>Fecha UTC: 2026-09-18T14:27:00Z<br>Confianza: nominal<br>FRP: 36.67 MW"
      }
    },
    {
      "type": "Feature",
      "geometry": {
        "type": "Point",
        "coordinates": [-8.5502, 40.6037]
      },
      "properties": {
        "bright_ti4": 350.21,
        "scan": 0.33,
        "track": 0.55,
        "acq_date": "2026-09-18",
        "acq_time": "1427",
        "satellite": "N",
        "instrument": "VIIRS",
        "confidence": "n",
        "version": "2.0NRT",
        "bright_ti5": 305.51,
        "frp": 36.67,
        "daynight": "D",
        "source_dataset": "VIIRS_SNPP_NRT",
        "acq_datetime_utc": "2026-09-18T14:27:00Z",
        "age_hours": 7.3,
        "confidence_label": "nominal",
        "popup_label": "<strong>NASA FIRMS<\/strong><br>Sensor: VIIRS_SNPP_NRT<br>Fecha UTC: 2026-09-18T14:27:00Z<br>Confianza: nominal<br>FRP: 36.67 MW"
      }
    },
    {
      "type": "Feature",
      "geometry": {
        "type": "Point",
        "coordinates": [-8.5461, 40.6039]
      },
      "properties": {
        "bright_ti4": 367,
        "scan": 0.33,
        "track": 0.55,
        "acq_date": "2026-09-18",
        "acq_time": "1427",
        "satellite": "N",
        "instrument": "VIIRS",
        "confidence": "h",
        "version": "2.0NRT",
        "bright_ti5": 297.48,
        "frp": 27.46,
        "daynight": "D",
        "source_dataset": "VIIRS_SNPP_NRT",
        "acq_datetime_utc": "2026-09-18T14:27:00Z",
        "age_hours": 7.3,
        "confidence_label": "alta",
        "popup_label": "<strong>NASA FIRMS<\/strong><br>Sensor: VIIRS_SNPP_NRT<br>Fecha UTC: 2026-09-18T14:27:00Z<br>Confianza: alta<br>FRP: 27.46 MW"
      }
    },
    {
      "type": "Feature",
      "geometry": {
        "type": "Point",
        "coordinates": [-8.5584, 40.6084]
      },
      "properties": {
        "bright_ti4": 367,
        "scan": 0.33,
        "track": 0.55,
        "acq_date": "2026-09-18",
        "acq_time": "1427",
        "satellite": "N",
        "instrument": "VIIRS",
        "confidence": "h",
        "version": "2.0NRT",
        "bright_ti5": 300.89,
        "frp": 7.55,
        "daynight": "D",
        "source_dataset": "VIIRS_SNPP_NRT",
        "acq_datetime_utc": "2026-09-18T14:27:00Z",
        "age_hours": 7.3,
        "confidence_label": "alta",
        "popup_label": "<strong>NASA FIRMS<\/strong><br>Sensor: VIIRS_SNPP_NRT<br>Fecha UTC: 2026-09-18T14:27:00Z<br>Confianza: alta<br>FRP: 7.55 MW"
      }
    },
    {
      "type": "Feature",
      "geometry": {
        "type": "Point",
        "coordinates": [-8.5545, 40.6087]
      },
      "properties": {
        "bright_ti4": 351.61,
        "scan": 0.33,
        "track": 0.55,
        "acq_date": "2026-09-18",
        "acq_time": "1427",
        "satellite": "N",
        "instrument": "VIIRS",
        "confidence": "n",
        "version": "2.0NRT",
        "bright_ti5": 300.26,
        "frp": 14.65,
        "daynight": "D",
        "source_dataset": "VIIRS_SNPP_NRT",
        "acq_datetime_utc": "2026-09-18T14:27:00Z",
        "age_hours": 7.3,
        "confidence_label": "nominal",
        "popup_label": "<strong>NASA FIRMS<\/strong><br>Sensor: VIIRS_SNPP_NRT<br>Fecha UTC: 2026-09-18T14:27:00Z<br>Confianza: nominal<br>FRP: 14.65 MW"
      }
    },
    {
      "type": "Feature",
      "geometry": {
        "type": "Point",
        "coordinates": [-8.5505, 40.6089]
      },
      "properties": {
        "bright_ti4": 367,
        "scan": 0.33,
        "track": 0.55,
        "acq_date": "2026-09-18",
        "acq_time": "1427",
        "satellite": "N",
        "instrument": "VIIRS",
        "confidence": "h",
        "version": "2.0NRT",
        "bright_ti5": 298.6,
        "frp": 14.65,
        "daynight": "D",
        "source_dataset": "VIIRS_SNPP_NRT",
        "acq_datetime_utc": "2026-09-18T14:27:00Z",
        "age_hours": 7.3,
        "confidence_label": "alta",
        "popup_label": "<strong>NASA FIRMS<\/strong><br>Sensor: VIIRS_SNPP_NRT<br>Fecha UTC: 2026-09-18T14:27:00Z<br>Confianza: alta<br>FRP: 14.65 MW"
      }
    },
    {
      "type": "Feature",
      "geometry": {
        "type": "Point",
        "coordinates": [-2.0165, 42.0713]
      },
      "properties": {
        "bright_ti4": 348.43,
        "scan": 0.74,
        "track": 0.76,
        "acq_date": "2026-09-18",
        "acq_time": "1427",
        "satellite": "N",
        "instrument": "VIIRS",
        "confidence": "n",
        "version": "2.0NRT",
        "bright_ti5": 291.73,
        "frp": 18.57,
        "daynight": "D",
        "source_dataset": "VIIRS_SNPP_NRT",
        "acq_datetime_utc": "2026-09-18T14:27:00Z",
        "age_hours": 7.3,
        "confidence_label": "nominal",
        "popup_label": "<strong>NASA FIRMS<\/strong><br>Sensor: VIIRS_SNPP_NRT<br>Fecha UTC: 2026-09-18T14:27:00Z<br>Confianza: nominal<br>FRP: 18.57 MW"
      }
    },
    {
      "type": "Feature",
      "geometry": {
        "type": "Point",
        "coordinates": [-2.0281, 42.0713]
      },
      "properties": {
        "bright_ti4": 350.27,
        "scan": 0.74,
        "track": 0.76,
        "acq_date": "2026-09-18",
        "acq_time": "1427",
        "satellite": "N",
        "instrument": "VIIRS",
        "confidence": "n",
        "version": "2.0NRT",
        "bright_ti5": 293.38,
        "frp": 16.63,
        "daynight": "D",
        "source_dataset": "VIIRS_SNPP_NRT",
        "acq_datetime_utc": "2026-09-18T14:27:00Z",
        "age_hours": 7.3,
        "confidence_label": "nominal",
        "popup_label": "<strong>NASA FIRMS<\/strong><br>Sensor: VIIRS_SNPP_NRT<br>Fecha UTC: 2026-09-18T14:27:00Z<br>Confianza: nominal<br>FRP: 16.63 MW"
      }
    },
    {
      "type": "Feature",
      "geometry": {
        "type": "Point",
        "coordinates": [-2.0255, 42.0784]
      },
      "properties": {
        "bright_ti4": 344.56,
        "scan": 0.74,
        "track": 0.76,
        "acq_date": "2026-09-18",
        "acq_time": "1427",
        "satellite": "N",
        "instrument": "VIIRS",
        "confidence": "n",
        "version": "2.0NRT",
        "bright_ti5": 293.11,
        "frp": 9.99,
        "daynight": "D",
        "source_dataset": "VIIRS_SNPP_NRT",
        "acq_datetime_utc": "2026-09-18T14:27:00Z",
        "age_hours": 7.3,
        "confidence_label": "nominal",
        "popup_label": "<strong>NASA FIRMS<\/strong><br>Sensor: VIIRS_SNPP_NRT<br>Fecha UTC: 2026-09-18T14:27:00Z<br>Confianza: nominal<br>FRP: 9.99 MW"
      }
    },
    {
      "type": "Feature",
      "geometry": {
        "type": "Point",
        "coordinates": [-7.2621, 38.6472]
      },
      "properties": {
        "bright_ti4": 330.38,
        "scan": 0.37,
        "track": 0.58,
        "acq_date": "2026-09-18",
        "acq_time": "1425",
        "satellite": "N",
        "instrument": "VIIRS",
        "confidence": "n",
        "version": "2.0NRT",
        "bright_ti5": 305.17,
        "frp": 1.8,
        "daynight": "D",
        "source_dataset": "VIIRS_SNPP_NRT",
        "acq_datetime_utc": "2026-09-18T14:25:00Z",
        "age_hours": 7.4,
        "confidence_label": "nominal",
        "popup_label": "<strong>NASA FIRMS<\/strong><br>Sensor: VIIRS_SNPP_NRT<br>Fecha UTC: 2026-09-18T14:25:00Z<br>Confianza: nominal<br>FRP: 1.8 MW"
      }
    },
    {
      "type": "Feature",
      "geometry": {
        "type": "Point",
        "coordinates": [-7.2579, 38.6474]
      },
      "properties": {
        "bright_ti4": 334.74,
        "scan": 0.37,
        "track": 0.58,
        "acq_date": "2026-09-18",
        "acq_time": "1425",
        "satellite": "N",
        "instrument": "VIIRS",
        "confidence": "n",
        "version": "2.0NRT",
        "bright_ti5": 306.76,
        "frp": 1.8,
        "daynight": "D",
        "source_dataset": "VIIRS_SNPP_NRT",
        "acq_datetime_utc": "2026-09-18T14:25:00Z",
        "age_hours": 7.4,
        "confidence_label": "nominal",
        "popup_label": "<strong>NASA FIRMS<\/strong><br>Sensor: VIIRS_SNPP_NRT<br>Fecha UTC: 2026-09-18T14:25:00Z<br>Confianza: nominal<br>FRP: 1.8 MW"
      }
    },
    {
      "type": "Feature",
      "geometry": {
        "type": "Point",
        "coordinates": [-7.2581, 38.6482]
      },
      "properties": {
        "bright_ti4": 334.3,
        "scan": 0.37,
        "track": 0.58,
        "acq_date": "2026-09-18",
        "acq_time": "1425",
        "satellite": "N",
        "instrument": "VIIRS",
        "confidence": "l",
        "version": "2.0NRT",
        "bright_ti5": 305.49,
        "frp": 3.67,
        "daynight": "D",
        "source_dataset": "VIIRS_SNPP_NRT",
        "acq_datetime_utc": "2026-09-18T14:25:00Z",
        "age_hours": 7.4,
        "confidence_label": "baja",
        "popup_label": "<strong>NASA FIRMS<\/strong><br>Sensor: VIIRS_SNPP_NRT<br>Fecha UTC: 2026-09-18T14:25:00Z<br>Confianza: baja<br>FRP: 3.67 MW"
      }
    },
    {
      "type": "Feature",
      "geometry": {
        "type": "Point",
        "coordinates": [-5.6714, 38.8776]
      },
      "properties": {
        "bright_ti4": 346.16,
        "scan": 0.46,
        "track": 0.63,
        "acq_date": "2026-09-18",
        "acq_time": "1425",
        "satellite": "N",
        "instrument": "VIIRS",
        "confidence": "n",
        "version": "2.0NRT",
        "bright_ti5": 306.87,
        "frp": 4.95,
        "daynight": "D",
        "source_dataset": "VIIRS_SNPP_NRT",
        "acq_datetime_utc": "2026-09-18T14:25:00Z",
        "age_hours": 7.4,
        "confidence_label": "nominal",
        "popup_label": "<strong>NASA FIRMS<\/strong><br>Sensor: VIIRS_SNPP_NRT<br>Fecha UTC: 2026-09-18T14:25:00Z<br>Confianza: nominal<br>FRP: 4.95 MW"
      }
    },
    {
      "type": "Feature",
      "geometry": {
        "type": "Point",
        "coordinates": [-5.6717, 38.8835]
      },
      "properties": {
        "bright_ti4": 349.45,
        "scan": 0.46,
        "track": 0.63,
        "acq_date": "2026-09-18",
        "acq_time": "1425",
        "satellite": "N",
        "instrument": "VIIRS",
        "confidence": "n",
        "version": "2.0NRT",
        "bright_ti5": 303.94,
        "frp": 4.95,
        "daynight": "D",
        "source_dataset": "VIIRS_SNPP_NRT",
        "acq_datetime_utc": "2026-09-18T14:25:00Z",
        "age_hours": 7.4,
        "confidence_label": "nominal",
        "popup_label": "<strong>NASA FIRMS<\/strong><br>Sensor: VIIRS_SNPP_NRT<br>Fecha UTC: 2026-09-18T14:25:00Z<br>Confianza: nominal<br>FRP: 4.95 MW"
      }
    },
    {
      "type": "Feature",
      "geometry": {
        "type": "Point",
        "coordinates": [-6.5824, 33.5663]
      },
      "properties": {
        "bright_ti4": 346.86,
        "scan": 0.37,
        "track": 0.58,
        "acq_date": "2026-09-18",
        "acq_time": "1422",
        "satellite": "N",
        "instrument": "VIIRS",
        "confidence": "n",
        "version": "2.0NRT",
        "bright_ti5": 308.04,
        "frp": 1.84,
        "daynight": "D",
        "source_dataset": "VIIRS_SNPP_NRT",
        "acq_datetime_utc": "2026-09-18T14:22:00Z",
        "age_hours": 7.4,
        "confidence_label": "nominal",
        "popup_label": "<strong>NASA FIRMS<\/strong><br>Sensor: VIIRS_SNPP_NRT<br>Fecha UTC: 2026-09-18T14:22:00Z<br>Confianza: nominal<br>FRP: 1.84 MW"
      }
    },
    {
      "type": "Feature",
      "geometry": {
        "type": "Point",
        "coordinates": [-1.1281, 44.1382]
      },
      "properties": {
        "bright_ti4": 329.78,
        "scan": 0.51,
        "track": 0.41,
        "acq_date": "2026-09-18",
        "acq_time": "1246",
        "satellite": "N",
        "instrument": "VIIRS",
        "confidence": "l",
        "version": "2.0NRT",
        "bright_ti5": 300.23,
        "frp": 6.04,
        "daynight": "D",
        "source_dataset": "VIIRS_SNPP_NRT",
        "acq_datetime_utc": "2026-09-18T12:46:00Z",
        "age_hours": 9,
        "confidence_label": "baja",
        "popup_label": "<strong>NASA FIRMS<\/strong><br>Sensor: VIIRS_SNPP_NRT<br>Fecha UTC: 2026-09-18T12:46:00Z<br>Confianza: baja<br>FRP: 6.04 MW"
      }
    },
    {
      "type": "Feature",
      "geometry": {
        "type": "Point",
        "coordinates": [-1.1268, 44.1386]
      },
      "properties": {
        "bright_ti4": 326.67,
        "scan": 0.51,
        "track": 0.41,
        "acq_date": "2026-09-18",
        "acq_time": "1246",
        "satellite": "N",
        "instrument": "VIIRS",
        "confidence": "l",
        "version": "2.0NRT",
        "bright_ti5": 299.03,
        "frp": 4.22,
        "daynight": "D",
        "source_dataset": "VIIRS_SNPP_NRT",
        "acq_datetime_utc": "2026-09-18T12:46:00Z",
        "age_hours": 9,
        "confidence_label": "baja",
        "popup_label": "<strong>NASA FIRMS<\/strong><br>Sensor: VIIRS_SNPP_NRT<br>Fecha UTC: 2026-09-18T12:46:00Z<br>Confianza: baja<br>FRP: 4.22 MW"
      }
    },
    {
      "type": "Feature",
      "geometry": {
        "type": "Point",
        "coordinates": [2.835, 44.3745]
      },
      "properties": {
        "bright_ti4": 341.4,
        "scan": 0.39,
        "track": 0.36,
        "acq_date": "2026-09-18",
        "acq_time": "1246",
        "satellite": "N",
        "instrument": "VIIRS",
        "confidence": "n",
        "version": "2.0NRT",
        "bright_ti5": 301.44,
        "frp": 4.17,
        "daynight": "D",
        "source_dataset": "VIIRS_SNPP_NRT",
        "acq_datetime_utc": "2026-09-18T12:46:00Z",
        "age_hours": 9,
        "confidence_label": "nominal",
        "popup_label": "<strong>NASA FIRMS<\/strong><br>Sensor: VIIRS_SNPP_NRT<br>Fecha UTC: 2026-09-18T12:46:00Z<br>Confianza: nominal<br>FRP: 4.17 MW"
      }
    },
    {
      "type": "Feature",
      "geometry": {
        "type": "Point",
        "coordinates": [2.8339, 44.3777]
      },
      "properties": {
        "bright_ti4": 346.39,
        "scan": 0.39,
        "track": 0.36,
        "acq_date": "2026-09-18",
        "acq_time": "1246",
        "satellite": "N",
        "instrument": "VIIRS",
        "confidence": "n",
        "version": "2.0NRT",
        "bright_ti5": 299.93,
        "frp": 4.17,
        "daynight": "D",
        "source_dataset": "VIIRS_SNPP_NRT",
        "acq_datetime_utc": "2026-09-18T12:46:00Z",
        "age_hours": 9,
        "confidence_label": "nominal",
        "popup_label": "<strong>NASA FIRMS<\/strong><br>Sensor: VIIRS_SNPP_NRT<br>Fecha UTC: 2026-09-18T12:46:00Z<br>Confianza: nominal<br>FRP: 4.17 MW"
      }
    },
    {
      "type": "Feature",
      "geometry": {
        "type": "Point",
        "coordinates": [3.128, 44.3854]
      },
      "properties": {
        "bright_ti4": 346.43,
        "scan": 0.39,
        "track": 0.36,
        "acq_date": "2026-09-18",
        "acq_time": "1246",
        "satellite": "N",
        "instrument": "VIIRS",
        "confidence": "n",
        "version": "2.0NRT",
        "bright_ti5": 295.16,
        "frp": 5.38,
        "daynight": "D",
        "source_dataset": "VIIRS_SNPP_NRT",
        "acq_datetime_utc": "2026-09-18T12:46:00Z",
        "age_hours": 9,
        "confidence_label": "nominal",
        "popup_label": "<strong>NASA FIRMS<\/strong><br>Sensor: VIIRS_SNPP_NRT<br>Fecha UTC: 2026-09-18T12:46:00Z<br>Confianza: nominal<br>FRP: 5.38 MW"
      }
    },
    {
      "type": "Feature",
      "geometry": {
        "type": "Point",
        "coordinates": [3.1329, 44.3863]
      },
      "properties": {
        "bright_ti4": 333.74,
        "scan": 0.39,
        "track": 0.36,
        "acq_date": "2026-09-18",
        "acq_time": "1246",
        "satellite": "N",
        "instrument": "VIIRS",
        "confidence": "n",
        "version": "2.0NRT",
        "bright_ti5": 298.72,
        "frp": 5.38,
        "daynight": "D",
        "source_dataset": "VIIRS_SNPP_NRT",
        "acq_datetime_utc": "2026-09-18T12:46:00Z",
        "age_hours": 9,
        "confidence_label": "nominal",
        "popup_label": "<strong>NASA FIRMS<\/strong><br>Sensor: VIIRS_SNPP_NRT<br>Fecha UTC: 2026-09-18T12:46:00Z<br>Confianza: nominal<br>FRP: 5.38 MW"
      }
    },
    {
      "type": "Feature",
      "geometry": {
        "type": "Point",
        "coordinates": [3.1221, 44.3879]
      },
      "properties": {
        "bright_ti4": 278.25,
        "scan": 0.39,
        "track": 0.36,
        "acq_date": "2026-09-18",
        "acq_time": "1246",
        "satellite": "N",
        "instrument": "VIIRS",
        "confidence": "l",
        "version": "2.0NRT",
        "bright_ti5": 302.92,
        "frp": 36.67,
        "daynight": "D",
        "source_dataset": "VIIRS_SNPP_NRT",
        "acq_datetime_utc": "2026-09-18T12:46:00Z",
        "age_hours": 9,
        "confidence_label": "baja",
        "popup_label": "<strong>NASA FIRMS<\/strong><br>Sensor: VIIRS_SNPP_NRT<br>Fecha UTC: 2026-09-18T12:46:00Z<br>Confianza: baja<br>FRP: 36.67 MW"
      }
    },
    {
      "type": "Feature",
      "geometry": {
        "type": "Point",
        "coordinates": [3.1269, 44.3887]
      },
      "properties": {
        "bright_ti4": 334.22,
        "scan": 0.39,
        "track": 0.36,
        "acq_date": "2026-09-18",
        "acq_time": "1246",
        "satellite": "N",
        "instrument": "VIIRS",
        "confidence": "n",
        "version": "2.0NRT",
        "bright_ti5": 303.88,
        "frp": 87.42,
        "daynight": "D",
        "source_dataset": "VIIRS_SNPP_NRT",
        "acq_datetime_utc": "2026-09-18T12:46:00Z",
        "age_hours": 9,
        "confidence_label": "nominal",
        "popup_label": "<strong>NASA FIRMS<\/strong><br>Sensor: VIIRS_SNPP_NRT<br>Fecha UTC: 2026-09-18T12:46:00Z<br>Confianza: nominal<br>FRP: 87.42 MW"
      }
    },
    {
      "type": "Feature",
      "geometry": {
        "type": "Point",
        "coordinates": [-6.01, 36.9749]
      },
      "properties": {
        "bright_ti4": 333.7,
        "scan": 0.43,
        "track": 0.62,
        "acq_date": "2026-09-18",
        "acq_time": "1244",
        "satellite": "N",
        "instrument": "VIIRS",
        "confidence": "n",
        "version": "2.0NRT",
        "bright_ti5": 298.15,
        "frp": 2.72,
        "daynight": "D",
        "source_dataset": "VIIRS_SNPP_NRT",
        "acq_datetime_utc": "2026-09-18T12:44:00Z",
        "age_hours": 9.1,
        "confidence_label": "nominal",
        "popup_label": "<strong>NASA FIRMS<\/strong><br>Sensor: VIIRS_SNPP_NRT<br>Fecha UTC: 2026-09-18T12:44:00Z<br>Confianza: nominal<br>FRP: 2.72 MW"
      }
    },
    {
      "type": "Feature",
      "geometry": {
        "type": "Point",
        "coordinates": [-5.8065, 38.9297]
      },
      "properties": {
        "bright_ti4": 340.29,
        "scan": 0.37,
        "track": 0.58,
        "acq_date": "2026-09-18",
        "acq_time": "1244",
        "satellite": "N",
        "instrument": "VIIRS",
        "confidence": "n",
        "version": "2.0NRT",
        "bright_ti5": 307.99,
        "frp": 2.34,
        "daynight": "D",
        "source_dataset": "VIIRS_SNPP_NRT",
        "acq_datetime_utc": "2026-09-18T12:44:00Z",
        "age_hours": 9.1,
        "confidence_label": "nominal",
        "popup_label": "<strong>NASA FIRMS<\/strong><br>Sensor: VIIRS_SNPP_NRT<br>Fecha UTC: 2026-09-18T12:44:00Z<br>Confianza: nominal<br>FRP: 2.34 MW"
      }
    },
    {
      "type": "Feature",
      "geometry": {
        "type": "Point",
        "coordinates": [-5.8089, 38.9348]
      },
      "properties": {
        "bright_ti4": 348.09,
        "scan": 0.37,
        "track": 0.58,
        "acq_date": "2026-09-18",
        "acq_time": "1244",
        "satellite": "N",
        "instrument": "VIIRS",
        "confidence": "n",
        "version": "2.0NRT",
        "bright_ti5": 309.33,
        "frp": 3.94,
        "daynight": "D",
        "source_dataset": "VIIRS_SNPP_NRT",
        "acq_datetime_utc": "2026-09-18T12:44:00Z",
        "age_hours": 9.1,
        "confidence_label": "nominal",
        "popup_label": "<strong>NASA FIRMS<\/strong><br>Sensor: VIIRS_SNPP_NRT<br>Fecha UTC: 2026-09-18T12:44:00Z<br>Confianza: nominal<br>FRP: 3.94 MW"
      }
    },
    {
      "type": "Feature",
      "geometry": {
        "type": "Point",
        "coordinates": [3.1412, 39.7565]
      },
      "properties": {
        "bright_ti4": 347.55,
        "scan": 0.42,
        "track": 0.38,
        "acq_date": "2026-09-18",
        "acq_time": "1244",
        "satellite": "N",
        "instrument": "VIIRS",
        "confidence": "n",
        "version": "2.0NRT",
        "bright_ti5": 295.68,
        "frp": 4.87,
        "daynight": "D",
        "source_dataset": "VIIRS_SNPP_NRT",
        "acq_datetime_utc": "2026-09-18T12:44:00Z",
        "age_hours": 9.1,
        "confidence_label": "nominal",
        "popup_label": "<strong>NASA FIRMS<\/strong><br>Sensor: VIIRS_SNPP_NRT<br>Fecha UTC: 2026-09-18T12:44:00Z<br>Confianza: nominal<br>FRP: 4.87 MW"
      }
    },
    {
      "type": "Feature",
      "geometry": {
        "type": "Point",
        "coordinates": [3.827, 40.0255]
      },
      "properties": {
        "bright_ti4": 339.04,
        "scan": 0.4,
        "track": 0.37,
        "acq_date": "2026-09-18",
        "acq_time": "1244",
        "satellite": "N",
        "instrument": "VIIRS",
        "confidence": "n",
        "version": "2.0NRT",
        "bright_ti5": 297.35,
        "frp": 3.14,
        "daynight": "D",
        "source_dataset": "VIIRS_SNPP_NRT",
        "acq_datetime_utc": "2026-09-18T12:44:00Z",
        "age_hours": 9.1,
        "confidence_label": "nominal",
        "popup_label": "<strong>NASA FIRMS<\/strong><br>Sensor: VIIRS_SNPP_NRT<br>Fecha UTC: 2026-09-18T12:44:00Z<br>Confianza: nominal<br>FRP: 3.14 MW"
      }
    },
    {
      "type": "Feature",
      "geometry": {
        "type": "Point",
        "coordinates": [3.826, 40.0288]
      },
      "properties": {
        "bright_ti4": 338.91,
        "scan": 0.4,
        "track": 0.37,
        "acq_date": "2026-09-18",
        "acq_time": "1244",
        "satellite": "N",
        "instrument": "VIIRS",
        "confidence": "n",
        "version": "2.0NRT",
        "bright_ti5": 298.25,
        "frp": 3.12,
        "daynight": "D",
        "source_dataset": "VIIRS_SNPP_NRT",
        "acq_datetime_utc": "2026-09-18T12:44:00Z",
        "age_hours": 9.1,
        "confidence_label": "nominal",
        "popup_label": "<strong>NASA FIRMS<\/strong><br>Sensor: VIIRS_SNPP_NRT<br>Fecha UTC: 2026-09-18T12:44:00Z<br>Confianza: nominal<br>FRP: 3.12 MW"
      }
    },
    {
      "type": "Feature",
      "geometry": {
        "type": "Point",
        "coordinates": [-8.5573, 40.6062]
      },
      "properties": {
        "bright_ti4": 343.48,
        "scan": 0.46,
        "track": 0.63,
        "acq_date": "2026-09-18",
        "acq_time": "1244",
        "satellite": "N",
        "instrument": "VIIRS",
        "confidence": "n",
        "version": "2.0NRT",
        "bright_ti5": 286.26,
        "frp": 34.28,
        "daynight": "D",
        "source_dataset": "VIIRS_SNPP_NRT",
        "acq_datetime_utc": "2026-09-18T12:44:00Z",
        "age_hours": 9.1,
        "confidence_label": "nominal",
        "popup_label": "<strong>NASA FIRMS<\/strong><br>Sensor: VIIRS_SNPP_NRT<br>Fecha UTC: 2026-09-18T12:44:00Z<br>Confianza: nominal<br>FRP: 34.28 MW"
      }
    },
    {
      "type": "Feature",
      "geometry": {
        "type": "Point",
        "coordinates": [-8.5521, 40.6077]
      },
      "properties": {
        "bright_ti4": 367,
        "scan": 0.46,
        "track": 0.63,
        "acq_date": "2026-09-18",
        "acq_time": "1244",
        "satellite": "N",
        "instrument": "VIIRS",
        "confidence": "h",
        "version": "2.0NRT",
        "bright_ti5": 292.65,
        "frp": 55.29,
        "daynight": "D",
        "source_dataset": "VIIRS_SNPP_NRT",
        "acq_datetime_utc": "2026-09-18T12:44:00Z",
        "age_hours": 9.1,
        "confidence_label": "alta",
        "popup_label": "<strong>NASA FIRMS<\/strong><br>Sensor: VIIRS_SNPP_NRT<br>Fecha UTC: 2026-09-18T12:44:00Z<br>Confianza: alta<br>FRP: 55.29 MW"
      }
    },
    {
      "type": "Feature",
      "geometry": {
        "type": "Point",
        "coordinates": [-8.555, 40.6083]
      },
      "properties": {
        "bright_ti4": 352.2,
        "scan": 0.46,
        "track": 0.63,
        "acq_date": "2026-09-18",
        "acq_time": "1244",
        "satellite": "N",
        "instrument": "VIIRS",
        "confidence": "n",
        "version": "2.0NRT",
        "bright_ti5": 297.66,
        "frp": 28.12,
        "daynight": "D",
        "source_dataset": "VIIRS_SNPP_NRT",
        "acq_datetime_utc": "2026-09-18T12:44:00Z",
        "age_hours": 9.1,
        "confidence_label": "nominal",
        "popup_label": "<strong>NASA FIRMS<\/strong><br>Sensor: VIIRS_SNPP_NRT<br>Fecha UTC: 2026-09-18T12:44:00Z<br>Confianza: nominal<br>FRP: 28.12 MW"
      }
    },
    {
      "type": "Feature",
      "geometry": {
        "type": "Point",
        "coordinates": [-8.5498, 40.6098]
      },
      "properties": {
        "bright_ti4": 339.21,
        "scan": 0.46,
        "track": 0.63,
        "acq_date": "2026-09-18",
        "acq_time": "1244",
        "satellite": "N",
        "instrument": "VIIRS",
        "confidence": "n",
        "version": "2.0NRT",
        "bright_ti5": 282.36,
        "frp": 28.12,
        "daynight": "D",
        "source_dataset": "VIIRS_SNPP_NRT",
        "acq_datetime_utc": "2026-09-18T12:44:00Z",
        "age_hours": 9.1,
        "confidence_label": "nominal",
        "popup_label": "<strong>NASA FIRMS<\/strong><br>Sensor: VIIRS_SNPP_NRT<br>Fecha UTC: 2026-09-18T12:44:00Z<br>Confianza: nominal<br>FRP: 28.12 MW"
      }
    },
    {
      "type": "Feature",
      "geometry": {
        "type": "Point",
        "coordinates": [-2.0272, 42.0774]
      },
      "properties": {
        "bright_ti4": 330.67,
        "scan": 0.41,
        "track": 0.45,
        "acq_date": "2026-09-18",
        "acq_time": "1244",
        "satellite": "N",
        "instrument": "VIIRS",
        "confidence": "n",
        "version": "2.0NRT",
        "bright_ti5": 296.83,
        "frp": 16.7,
        "daynight": "D",
        "source_dataset": "VIIRS_SNPP_NRT",
        "acq_datetime_utc": "2026-09-18T12:44:00Z",
        "age_hours": 9.1,
        "confidence_label": "nominal",
        "popup_label": "<strong>NASA FIRMS<\/strong><br>Sensor: VIIRS_SNPP_NRT<br>Fecha UTC: 2026-09-18T12:44:00Z<br>Confianza: nominal<br>FRP: 16.7 MW"
      }
    },
    {
      "type": "Feature",
      "geometry": {
        "type": "Point",
        "coordinates": [-2.0225, 42.0784]
      },
      "properties": {
        "bright_ti4": 341.78,
        "scan": 0.41,
        "track": 0.45,
        "acq_date": "2026-09-18",
        "acq_time": "1244",
        "satellite": "N",
        "instrument": "VIIRS",
        "confidence": "n",
        "version": "2.0NRT",
        "bright_ti5": 303,
        "frp": 16.7,
        "daynight": "D",
        "source_dataset": "VIIRS_SNPP_NRT",
        "acq_datetime_utc": "2026-09-18T12:44:00Z",
        "age_hours": 9.1,
        "confidence_label": "nominal",
        "popup_label": "<strong>NASA FIRMS<\/strong><br>Sensor: VIIRS_SNPP_NRT<br>Fecha UTC: 2026-09-18T12:44:00Z<br>Confianza: nominal<br>FRP: 16.7 MW"
      }
    },
    {
      "type": "Feature",
      "geometry": {
        "type": "Point",
        "coordinates": [-3.6528, 42.2223]
      },
      "properties": {
        "bright_ti4": 343.29,
        "scan": 0.48,
        "track": 0.48,
        "acq_date": "2026-09-18",
        "acq_time": "1244",
        "satellite": "N",
        "instrument": "VIIRS",
        "confidence": "n",
        "version": "2.0NRT",
        "bright_ti5": 295.8,
        "frp": 14.03,
        "daynight": "D",
        "source_dataset": "VIIRS_SNPP_NRT",
        "acq_datetime_utc": "2026-09-18T12:44:00Z",
        "age_hours": 9.1,
        "confidence_label": "nominal",
        "popup_label": "<strong>NASA FIRMS<\/strong><br>Sensor: VIIRS_SNPP_NRT<br>Fecha UTC: 2026-09-18T12:44:00Z<br>Confianza: nominal<br>FRP: 14.03 MW"
      }
    },
    {
      "type": "Feature",
      "geometry": {
        "type": "Point",
        "coordinates": [-1.9449, 42.7593]
      },
      "properties": {
        "bright_ti4": 329.5,
        "scan": 0.39,
        "track": 0.44,
        "acq_date": "2026-09-18",
        "acq_time": "1244",
        "satellite": "N",
        "instrument": "VIIRS",
        "confidence": "n",
        "version": "2.0NRT",
        "bright_ti5": 296.77,
        "frp": 2.21,
        "daynight": "D",
        "source_dataset": "VIIRS_SNPP_NRT",
        "acq_datetime_utc": "2026-09-18T12:44:00Z",
        "age_hours": 9.1,
        "confidence_label": "nominal",
        "popup_label": "<strong>NASA FIRMS<\/strong><br>Sensor: VIIRS_SNPP_NRT<br>Fecha UTC: 2026-09-18T12:44:00Z<br>Confianza: nominal<br>FRP: 2.21 MW"
      }
    },
    {
      "type": "Feature",
      "geometry": {
        "type": "Point",
        "coordinates": [-1.9464, 42.7632]
      },
      "properties": {
        "bright_ti4": 329.69,
        "scan": 0.39,
        "track": 0.44,
        "acq_date": "2026-09-18",
        "acq_time": "1244",
        "satellite": "N",
        "instrument": "VIIRS",
        "confidence": "n",
        "version": "2.0NRT",
        "bright_ti5": 296.98,
        "frp": 2.21,
        "daynight": "D",
        "source_dataset": "VIIRS_SNPP_NRT",
        "acq_datetime_utc": "2026-09-18T12:44:00Z",
        "age_hours": 9.1,
        "confidence_label": "nominal",
        "popup_label": "<strong>NASA FIRMS<\/strong><br>Sensor: VIIRS_SNPP_NRT<br>Fecha UTC: 2026-09-18T12:44:00Z<br>Confianza: nominal<br>FRP: 2.21 MW"
      }
    },
    {
      "type": "Feature",
      "geometry": {
        "type": "Point",
        "coordinates": [2.2884, 43.1867]
      },
      "properties": {
        "bright_ti4": 347.27,
        "scan": 0.41,
        "track": 0.37,
        "acq_date": "2026-09-18",
        "acq_time": "1244",
        "satellite": "N",
        "instrument": "VIIRS",
        "confidence": "n",
        "version": "2.0NRT",
        "bright_ti5": 300.19,
        "frp": 3.69,
        "daynight": "D",
        "source_dataset": "VIIRS_SNPP_NRT",
        "acq_datetime_utc": "2026-09-18T12:44:00Z",
        "age_hours": 9.1,
        "confidence_label": "nominal",
        "popup_label": "<strong>NASA FIRMS<\/strong><br>Sensor: VIIRS_SNPP_NRT<br>Fecha UTC: 2026-09-18T12:44:00Z<br>Confianza: nominal<br>FRP: 3.69 MW"
      }
    },
    {
      "type": "Feature",
      "geometry": {
        "type": "Point",
        "coordinates": [3.3072, 43.2988]
      },
      "properties": {
        "bright_ti4": 348.27,
        "scan": 0.39,
        "track": 0.36,
        "acq_date": "2026-09-18",
        "acq_time": "1244",
        "satellite": "N",
        "instrument": "VIIRS",
        "confidence": "n",
        "version": "2.0NRT",
        "bright_ti5": 305.75,
        "frp": 11.2,
        "daynight": "D",
        "source_dataset": "VIIRS_SNPP_NRT",
        "acq_datetime_utc": "2026-09-18T12:44:00Z",
        "age_hours": 9.1,
        "confidence_label": "nominal",
        "popup_label": "<strong>NASA FIRMS<\/strong><br>Sensor: VIIRS_SNPP_NRT<br>Fecha UTC: 2026-09-18T12:44:00Z<br>Confianza: nominal<br>FRP: 11.2 MW"
      }
    },
    {
      "type": "Feature",
      "geometry": {
        "type": "Point",
        "coordinates": [3.3062, 43.3021]
      },
      "properties": {
        "bright_ti4": 345.46,
        "scan": 0.39,
        "track": 0.36,
        "acq_date": "2026-09-18",
        "acq_time": "1244",
        "satellite": "N",
        "instrument": "VIIRS",
        "confidence": "n",
        "version": "2.0NRT",
        "bright_ti5": 305.53,
        "frp": 11.2,
        "daynight": "D",
        "source_dataset": "VIIRS_SNPP_NRT",
        "acq_datetime_utc": "2026-09-18T12:44:00Z",
        "age_hours": 9.1,
        "confidence_label": "nominal",
        "popup_label": "<strong>NASA FIRMS<\/strong><br>Sensor: VIIRS_SNPP_NRT<br>Fecha UTC: 2026-09-18T12:44:00Z<br>Confianza: nominal<br>FRP: 11.2 MW"
      }
    },
    {
      "type": "Feature",
      "geometry": {
        "type": "Point",
        "coordinates": [4.8936, 43.4402]
      },
      "properties": {
        "bright_ti4": 332.4,
        "scan": 0.38,
        "track": 0.36,
        "acq_date": "2026-09-18",
        "acq_time": "1244",
        "satellite": "N",
        "instrument": "VIIRS",
        "confidence": "l",
        "version": "2.0NRT",
        "bright_ti5": 303.6,
        "frp": 4.08,
        "daynight": "D",
        "source_dataset": "VIIRS_SNPP_NRT",
        "acq_datetime_utc": "2026-09-18T12:44:00Z",
        "age_hours": 9.1,
        "confidence_label": "baja",
        "popup_label": "<strong>NASA FIRMS<\/strong><br>Sensor: VIIRS_SNPP_NRT<br>Fecha UTC: 2026-09-18T12:44:00Z<br>Confianza: baja<br>FRP: 4.08 MW"
      }
    },
    {
      "type": "Feature",
      "geometry": {
        "type": "Point",
        "coordinates": [4.8974, 43.4442]
      },
      "properties": {
        "bright_ti4": 331.2,
        "scan": 0.38,
        "track": 0.36,
        "acq_date": "2026-09-18",
        "acq_time": "1244",
        "satellite": "N",
        "instrument": "VIIRS",
        "confidence": "l",
        "version": "2.0NRT",
        "bright_ti5": 304.01,
        "frp": 2.65,
        "daynight": "D",
        "source_dataset": "VIIRS_SNPP_NRT",
        "acq_datetime_utc": "2026-09-18T12:44:00Z",
        "age_hours": 9.1,
        "confidence_label": "baja",
        "popup_label": "<strong>NASA FIRMS<\/strong><br>Sensor: VIIRS_SNPP_NRT<br>Fecha UTC: 2026-09-18T12:44:00Z<br>Confianza: baja<br>FRP: 2.65 MW"
      }
    },
    {
      "type": "Feature",
      "geometry": {
        "type": "Point",
        "coordinates": [4.8964, 43.4475]
      },
      "properties": {
        "bright_ti4": 337.04,
        "scan": 0.38,
        "track": 0.36,
        "acq_date": "2026-09-18",
        "acq_time": "1244",
        "satellite": "N",
        "instrument": "VIIRS",
        "confidence": "n",
        "version": "2.0NRT",
        "bright_ti5": 303.75,
        "frp": 2.65,
        "daynight": "D",
        "source_dataset": "VIIRS_SNPP_NRT",
        "acq_datetime_utc": "2026-09-18T12:44:00Z",
        "age_hours": 9.1,
        "confidence_label": "nominal",
        "popup_label": "<strong>NASA FIRMS<\/strong><br>Sensor: VIIRS_SNPP_NRT<br>Fecha UTC: 2026-09-18T12:44:00Z<br>Confianza: nominal<br>FRP: 2.65 MW"
      }
    },
    {
      "type": "Feature",
      "geometry": {
        "type": "Point",
        "coordinates": [4.3499, 43.7437]
      },
      "properties": {
        "bright_ti4": 339.22,
        "scan": 0.38,
        "track": 0.36,
        "acq_date": "2026-09-18",
        "acq_time": "1244",
        "satellite": "N",
        "instrument": "VIIRS",
        "confidence": "n",
        "version": "2.0NRT",
        "bright_ti5": 304.34,
        "frp": 1.77,
        "daynight": "D",
        "source_dataset": "VIIRS_SNPP_NRT",
        "acq_datetime_utc": "2026-09-18T12:44:00Z",
        "age_hours": 9.1,
        "confidence_label": "nominal",
        "popup_label": "<strong>NASA FIRMS<\/strong><br>Sensor: VIIRS_SNPP_NRT<br>Fecha UTC: 2026-09-18T12:44:00Z<br>Confianza: nominal<br>FRP: 1.77 MW"
      }
    },
    {
      "type": "Feature",
      "geometry": {
        "type": "Point",
        "coordinates": [1.4468, 43.7898]
      },
      "properties": {
        "bright_ti4": 337.25,
        "scan": 0.42,
        "track": 0.38,
        "acq_date": "2026-09-18",
        "acq_time": "1244",
        "satellite": "N",
        "instrument": "VIIRS",
        "confidence": "n",
        "version": "2.0NRT",
        "bright_ti5": 298.96,
        "frp": 2.67,
        "daynight": "D",
        "source_dataset": "VIIRS_SNPP_NRT",
        "acq_datetime_utc": "2026-09-18T12:44:00Z",
        "age_hours": 9.1,
        "confidence_label": "nominal",
        "popup_label": "<strong>NASA FIRMS<\/strong><br>Sensor: VIIRS_SNPP_NRT<br>Fecha UTC: 2026-09-18T12:44:00Z<br>Confianza: nominal<br>FRP: 2.67 MW"
      }
    },
    {
      "type": "Feature",
      "geometry": {
        "type": "Point",
        "coordinates": [4.7003, 43.7947]
      },
      "properties": {
        "bright_ti4": 340.31,
        "scan": 0.38,
        "track": 0.36,
        "acq_date": "2026-09-18",
        "acq_time": "1244",
        "satellite": "N",
        "instrument": "VIIRS",
        "confidence": "n",
        "version": "2.0NRT",
        "bright_ti5": 301.3,
        "frp": 1.78,
        "daynight": "D",
        "source_dataset": "VIIRS_SNPP_NRT",
        "acq_datetime_utc": "2026-09-18T12:44:00Z",
        "age_hours": 9.1,
        "confidence_label": "nominal",
        "popup_label": "<strong>NASA FIRMS<\/strong><br>Sensor: VIIRS_SNPP_NRT<br>Fecha UTC: 2026-09-18T12:44:00Z<br>Confianza: nominal<br>FRP: 1.78 MW"
      }
    },
    {
      "type": "Feature",
      "geometry": {
        "type": "Point",
        "coordinates": [4.8486, 43.9196]
      },
      "properties": {
        "bright_ti4": 346.48,
        "scan": 0.38,
        "track": 0.36,
        "acq_date": "2026-09-18",
        "acq_time": "1244",
        "satellite": "N",
        "instrument": "VIIRS",
        "confidence": "n",
        "version": "2.0NRT",
        "bright_ti5": 301.4,
        "frp": 5.09,
        "daynight": "D",
        "source_dataset": "VIIRS_SNPP_NRT",
        "acq_datetime_utc": "2026-09-18T12:44:00Z",
        "age_hours": 9.1,
        "confidence_label": "nominal",
        "popup_label": "<strong>NASA FIRMS<\/strong><br>Sensor: VIIRS_SNPP_NRT<br>Fecha UTC: 2026-09-18T12:44:00Z<br>Confianza: nominal<br>FRP: 5.09 MW"
      }
    },
    {
      "type": "Feature",
      "geometry": {
        "type": "Point",
        "coordinates": [-7.7484, 33.3672]
      },
      "properties": {
        "bright_ti4": 304.97,
        "scan": 0.51,
        "track": 0.5,
        "acq_date": "2026-09-18",
        "acq_time": "0304",
        "satellite": "N",
        "instrument": "VIIRS",
        "confidence": "n",
        "version": "2.0NRT",
        "bright_ti5": 289.37,
        "frp": 1.58,
        "daynight": "N",
        "source_dataset": "VIIRS_SNPP_NRT",
        "acq_datetime_utc": "2026-09-18T03:04:00Z",
        "age_hours": 18.7,
        "confidence_label": "nominal",
        "popup_label": "<strong>NASA FIRMS<\/strong><br>Sensor: VIIRS_SNPP_NRT<br>Fecha UTC: 2026-09-18T03:04:00Z<br>Confianza: nominal<br>FRP: 1.58 MW"
      }
    },
    {
      "type": "Feature",
      "geometry": {
        "type": "Point",
        "coordinates": [-4.9044, 33.9265]
      },
      "properties": {
        "bright_ti4": 328.83,
        "scan": 0.36,
        "track": 0.57,
        "acq_date": "2026-09-18",
        "acq_time": "0304",
        "satellite": "N",
        "instrument": "VIIRS",
        "confidence": "n",
        "version": "2.0NRT",
        "bright_ti5": 286.7,
        "frp": 1.44,
        "daynight": "N",
        "source_dataset": "VIIRS_SNPP_NRT",
        "acq_datetime_utc": "2026-09-18T03:04:00Z",
        "age_hours": 18.7,
        "confidence_label": "nominal",
        "popup_label": "<strong>NASA FIRMS<\/strong><br>Sensor: VIIRS_SNPP_NRT<br>Fecha UTC: 2026-09-18T03:04:00Z<br>Confianza: nominal<br>FRP: 1.44 MW"
      }
    },
    {
      "type": "Feature",
      "geometry": {
        "type": "Point",
        "coordinates": [-4.3302, 36.715]
      },
      "properties": {
        "bright_ti4": 303.25,
        "scan": 0.33,
        "track": 0.55,
        "acq_date": "2026-09-18",
        "acq_time": "0302",
        "satellite": "N",
        "instrument": "VIIRS",
        "confidence": "n",
        "version": "2.0NRT",
        "bright_ti5": 289.94,
        "frp": 0.44,
        "daynight": "N",
        "source_dataset": "VIIRS_SNPP_NRT",
        "acq_datetime_utc": "2026-09-18T03:02:00Z",
        "age_hours": 18.8,
        "confidence_label": "nominal",
        "popup_label": "<strong>NASA FIRMS<\/strong><br>Sensor: VIIRS_SNPP_NRT<br>Fecha UTC: 2026-09-18T03:02:00Z<br>Confianza: nominal<br>FRP: 0.44 MW"
      }
    },
    {
      "type": "Feature",
      "geometry": {
        "type": "Point",
        "coordinates": [-1.9052, 36.9678]
      },
      "properties": {
        "bright_ti4": 300.88,
        "scan": 0.43,
        "track": 0.62,
        "acq_date": "2026-09-18",
        "acq_time": "0302",
        "satellite": "N",
        "instrument": "VIIRS",
        "confidence": "n",
        "version": "2.0NRT",
        "bright_ti5": 286.61,
        "frp": 1.08,
        "daynight": "N",
        "source_dataset": "VIIRS_SNPP_NRT",
        "acq_datetime_utc": "2026-09-18T03:02:00Z",
        "age_hours": 18.8,
        "confidence_label": "nominal",
        "popup_label": "<strong>NASA FIRMS<\/strong><br>Sensor: VIIRS_SNPP_NRT<br>Fecha UTC: 2026-09-18T03:02:00Z<br>Confianza: nominal<br>FRP: 1.08 MW"
      }
    },
    {
      "type": "Feature",
      "geometry": {
        "type": "Point",
        "coordinates": [-0.5437, 38.3745]
      },
      "properties": {
        "bright_ti4": 299.75,
        "scan": 0.46,
        "track": 0.64,
        "acq_date": "2026-09-18",
        "acq_time": "0302",
        "satellite": "N",
        "instrument": "VIIRS",
        "confidence": "n",
        "version": "2.0NRT",
        "bright_ti5": 286,
        "frp": 0.8,
        "daynight": "N",
        "source_dataset": "VIIRS_SNPP_NRT",
        "acq_datetime_utc": "2026-09-18T03:02:00Z",
        "age_hours": 18.8,
        "confidence_label": "nominal",
        "popup_label": "<strong>NASA FIRMS<\/strong><br>Sensor: VIIRS_SNPP_NRT<br>Fecha UTC: 2026-09-18T03:02:00Z<br>Confianza: nominal<br>FRP: 0.8 MW"
      }
    },
    {
      "type": "Feature",
      "geometry": {
        "type": "Point",
        "coordinates": [-5.7375, 38.8813]
      },
      "properties": {
        "bright_ti4": 306.03,
        "scan": 0.49,
        "track": 0.49,
        "acq_date": "2026-09-18",
        "acq_time": "0302",
        "satellite": "N",
        "instrument": "VIIRS",
        "confidence": "n",
        "version": "2.0NRT",
        "bright_ti5": 286.95,
        "frp": 1.34,
        "daynight": "N",
        "source_dataset": "VIIRS_SNPP_NRT",
        "acq_datetime_utc": "2026-09-18T03:02:00Z",
        "age_hours": 18.8,
        "confidence_label": "nominal",
        "popup_label": "<strong>NASA FIRMS<\/strong><br>Sensor: VIIRS_SNPP_NRT<br>Fecha UTC: 2026-09-18T03:02:00Z<br>Confianza: nominal<br>FRP: 1.34 MW"
      }
    },
    {
      "type": "Feature",
      "geometry": {
        "type": "Point",
        "coordinates": [-5.736, 38.883]
      },
      "properties": {
        "bright_ti4": 311.97,
        "scan": 0.49,
        "track": 0.49,
        "acq_date": "2026-09-18",
        "acq_time": "0302",
        "satellite": "N",
        "instrument": "VIIRS",
        "confidence": "n",
        "version": "2.0NRT",
        "bright_ti5": 287.9,
        "frp": 1.93,
        "daynight": "N",
        "source_dataset": "VIIRS_SNPP_NRT",
        "acq_datetime_utc": "2026-09-18T03:02:00Z",
        "age_hours": 18.8,
        "confidence_label": "nominal",
        "popup_label": "<strong>NASA FIRMS<\/strong><br>Sensor: VIIRS_SNPP_NRT<br>Fecha UTC: 2026-09-18T03:02:00Z<br>Confianza: nominal<br>FRP: 1.93 MW"
      }
    },
    {
      "type": "Feature",
      "geometry": {
        "type": "Point",
        "coordinates": [-3.4739, 40.2428]
      },
      "properties": {
        "bright_ti4": 316.48,
        "scan": 0.59,
        "track": 0.53,
        "acq_date": "2026-09-18",
        "acq_time": "0302",
        "satellite": "N",
        "instrument": "VIIRS",
        "confidence": "n",
        "version": "2.0NRT",
        "bright_ti5": 286.29,
        "frp": 3.77,
        "daynight": "N",
        "source_dataset": "VIIRS_SNPP_NRT",
        "acq_datetime_utc": "2026-09-18T03:02:00Z",
        "age_hours": 18.8,
        "confidence_label": "nominal",
        "popup_label": "<strong>NASA FIRMS<\/strong><br>Sensor: VIIRS_SNPP_NRT<br>Fecha UTC: 2026-09-18T03:02:00Z<br>Confianza: nominal<br>FRP: 3.77 MW"
      }
    },
    {
      "type": "Feature",
      "geometry": {
        "type": "Point",
        "coordinates": [4.8966, 43.4332]
      },
      "properties": {
        "bright_ti4": 296.9,
        "scan": 0.6,
        "track": 0.7,
        "acq_date": "2026-09-18",
        "acq_time": "0300",
        "satellite": "N",
        "instrument": "VIIRS",
        "confidence": "n",
        "version": "2.0NRT",
        "bright_ti5": 285.91,
        "frp": 1.07,
        "daynight": "N",
        "source_dataset": "VIIRS_SNPP_NRT",
        "acq_datetime_utc": "2026-09-18T03:00:00Z",
        "age_hours": 18.8,
        "confidence_label": "nominal",
        "popup_label": "<strong>NASA FIRMS<\/strong><br>Sensor: VIIRS_SNPP_NRT<br>Fecha UTC: 2026-09-18T03:00:00Z<br>Confianza: nominal<br>FRP: 1.07 MW"
      }
    },
    {
      "type": "Feature",
      "geometry": {
        "type": "Point",
        "coordinates": [4.8941, 43.4339]
      },
      "properties": {
        "bright_ti4": 302.87,
        "scan": 0.6,
        "track": 0.7,
        "acq_date": "2026-09-18",
        "acq_time": "0300",
        "satellite": "N",
        "instrument": "VIIRS",
        "confidence": "n",
        "version": "2.0NRT",
        "bright_ti5": 286.34,
        "frp": 1.74,
        "daynight": "N",
        "source_dataset": "VIIRS_SNPP_NRT",
        "acq_datetime_utc": "2026-09-18T03:00:00Z",
        "age_hours": 18.8,
        "confidence_label": "nominal",
        "popup_label": "<strong>NASA FIRMS<\/strong><br>Sensor: VIIRS_SNPP_NRT<br>Fecha UTC: 2026-09-18T03:00:00Z<br>Confianza: nominal<br>FRP: 1.74 MW"
      }
    },
    {
      "type": "Feature",
      "geometry": {
        "type": "Point",
        "coordinates": [4.8897, 43.4355]
      },
      "properties": {
        "bright_ti4": 298.36,
        "scan": 0.6,
        "track": 0.7,
        "acq_date": "2026-09-18",
        "acq_time": "0300",
        "satellite": "N",
        "instrument": "VIIRS",
        "confidence": "n",
        "version": "2.0NRT",
        "bright_ti5": 286.32,
        "frp": 1.07,
        "daynight": "N",
        "source_dataset": "VIIRS_SNPP_NRT",
        "acq_datetime_utc": "2026-09-18T03:00:00Z",
        "age_hours": 18.8,
        "confidence_label": "nominal",
        "popup_label": "<strong>NASA FIRMS<\/strong><br>Sensor: VIIRS_SNPP_NRT<br>Fecha UTC: 2026-09-18T03:00:00Z<br>Confianza: nominal<br>FRP: 1.07 MW"
      }
    },
    {
      "type": "Feature",
      "geometry": {
        "type": "Point",
        "coordinates": [4.8935, 43.4415]
      },
      "properties": {
        "bright_ti4": 298.4,
        "scan": 0.6,
        "track": 0.7,
        "acq_date": "2026-09-18",
        "acq_time": "0300",
        "satellite": "N",
        "instrument": "VIIRS",
        "confidence": "n",
        "version": "2.0NRT",
        "bright_ti5": 285.63,
        "frp": 1.09,
        "daynight": "N",
        "source_dataset": "VIIRS_SNPP_NRT",
        "acq_datetime_utc": "2026-09-18T03:00:00Z",
        "age_hours": 18.8,
        "confidence_label": "nominal",
        "popup_label": "<strong>NASA FIRMS<\/strong><br>Sensor: VIIRS_SNPP_NRT<br>Fecha UTC: 2026-09-18T03:00:00Z<br>Confianza: nominal<br>FRP: 1.09 MW"
      }
    },
    {
      "type": "Feature",
      "geometry": {
        "type": "Point",
        "coordinates": [4.891, 43.4422]
      },
      "properties": {
        "bright_ti4": 296.44,
        "scan": 0.6,
        "track": 0.7,
        "acq_date": "2026-09-18",
        "acq_time": "0300",
        "satellite": "N",
        "instrument": "VIIRS",
        "confidence": "n",
        "version": "2.0NRT",
        "bright_ti5": 285.77,
        "frp": 1.3,
        "daynight": "N",
        "source_dataset": "VIIRS_SNPP_NRT",
        "acq_datetime_utc": "2026-09-18T03:00:00Z",
        "age_hours": 18.8,
        "confidence_label": "nominal",
        "popup_label": "<strong>NASA FIRMS<\/strong><br>Sensor: VIIRS_SNPP_NRT<br>Fecha UTC: 2026-09-18T03:00:00Z<br>Confianza: nominal<br>FRP: 1.3 MW"
      }
    },
    {
      "type": "Feature",
      "geometry": {
        "type": "Point",
        "coordinates": [4.9042, 43.4452]
      },
      "properties": {
        "bright_ti4": 297.73,
        "scan": 0.6,
        "track": 0.7,
        "acq_date": "2026-09-18",
        "acq_time": "0300",
        "satellite": "N",
        "instrument": "VIIRS",
        "confidence": "n",
        "version": "2.0NRT",
        "bright_ti5": 285.14,
        "frp": 1.09,
        "daynight": "N",
        "source_dataset": "VIIRS_SNPP_NRT",
        "acq_datetime_utc": "2026-09-18T03:00:00Z",
        "age_hours": 18.8,
        "confidence_label": "nominal",
        "popup_label": "<strong>NASA FIRMS<\/strong><br>Sensor: VIIRS_SNPP_NRT<br>Fecha UTC: 2026-09-18T03:00:00Z<br>Confianza: nominal<br>FRP: 1.09 MW"
      }
    },
    {
      "type": "Feature",
      "geometry": {
        "type": "Point",
        "coordinates": [4.9018, 43.4459]
      },
      "properties": {
        "bright_ti4": 313.46,
        "scan": 0.6,
        "track": 0.7,
        "acq_date": "2026-09-18",
        "acq_time": "0300",
        "satellite": "N",
        "instrument": "VIIRS",
        "confidence": "n",
        "version": "2.0NRT",
        "bright_ti5": 286.36,
        "frp": 2.25,
        "daynight": "N",
        "source_dataset": "VIIRS_SNPP_NRT",
        "acq_datetime_utc": "2026-09-18T03:00:00Z",
        "age_hours": 18.8,
        "confidence_label": "nominal",
        "popup_label": "<strong>NASA FIRMS<\/strong><br>Sensor: VIIRS_SNPP_NRT<br>Fecha UTC: 2026-09-18T03:00:00Z<br>Confianza: nominal<br>FRP: 2.25 MW"
      }
    },
    {
      "type": "Feature",
      "geometry": {
        "type": "Point",
        "coordinates": [4.8973, 43.4475]
      },
      "properties": {
        "bright_ti4": 309.73,
        "scan": 0.6,
        "track": 0.7,
        "acq_date": "2026-09-18",
        "acq_time": "0300",
        "satellite": "N",
        "instrument": "VIIRS",
        "confidence": "n",
        "version": "2.0NRT",
        "bright_ti5": 286.6,
        "frp": 1.09,
        "daynight": "N",
        "source_dataset": "VIIRS_SNPP_NRT",
        "acq_datetime_utc": "2026-09-18T03:00:00Z",
        "age_hours": 18.8,
        "confidence_label": "nominal",
        "popup_label": "<strong>NASA FIRMS<\/strong><br>Sensor: VIIRS_SNPP_NRT<br>Fecha UTC: 2026-09-18T03:00:00Z<br>Confianza: nominal<br>FRP: 1.09 MW"
      }
    },
    {
      "type": "Feature",
      "geometry": {
        "type": "Point",
        "coordinates": [4.8948, 43.4482]
      },
      "properties": {
        "bright_ti4": 296.55,
        "scan": 0.6,
        "track": 0.7,
        "acq_date": "2026-09-18",
        "acq_time": "0300",
        "satellite": "N",
        "instrument": "VIIRS",
        "confidence": "n",
        "version": "2.0NRT",
        "bright_ti5": 285.53,
        "frp": 1.3,
        "daynight": "N",
        "source_dataset": "VIIRS_SNPP_NRT",
        "acq_datetime_utc": "2026-09-18T03:00:00Z",
        "age_hours": 18.8,
        "confidence_label": "nominal",
        "popup_label": "<strong>NASA FIRMS<\/strong><br>Sensor: VIIRS_SNPP_NRT<br>Fecha UTC: 2026-09-18T03:00:00Z<br>Confianza: nominal<br>FRP: 1.3 MW"
      }
    },
    {
      "type": "Feature",
      "geometry": {
        "type": "Point",
        "coordinates": [3.3211, 33.1261]
      },
      "properties": {
        "bright_ti4": 304.27,
        "scan": 0.39,
        "track": 0.44,
        "acq_date": "2026-09-18",
        "acq_time": "0124",
        "satellite": "N",
        "instrument": "VIIRS",
        "confidence": "n",
        "version": "2.0NRT",
        "bright_ti5": 263.17,
        "frp": 0.99,
        "daynight": "N",
        "source_dataset": "VIIRS_SNPP_NRT",
        "acq_datetime_utc": "2026-09-18T01:24:00Z",
        "age_hours": 20.4,
        "confidence_label": "nominal",
        "popup_label": "<strong>NASA FIRMS<\/strong><br>Sensor: VIIRS_SNPP_NRT<br>Fecha UTC: 2026-09-18T01:24:00Z<br>Confianza: nominal<br>FRP: 0.99 MW"
      }
    },
    {
      "type": "Feature",
      "geometry": {
        "type": "Point",
        "coordinates": [2.0582, 34.437]
      },
      "properties": {
        "bright_ti4": 304.45,
        "scan": 0.47,
        "track": 0.48,
        "acq_date": "2026-09-18",
        "acq_time": "0122",
        "satellite": "N",
        "instrument": "VIIRS",
        "confidence": "n",
        "version": "2.0NRT",
        "bright_ti5": 288.37,
        "frp": 1.52,
        "daynight": "N",
        "source_dataset": "VIIRS_SNPP_NRT",
        "acq_datetime_utc": "2026-09-18T01:22:00Z",
        "age_hours": 20.4,
        "confidence_label": "nominal",
        "popup_label": "<strong>NASA FIRMS<\/strong><br>Sensor: VIIRS_SNPP_NRT<br>Fecha UTC: 2026-09-18T01:22:00Z<br>Confianza: nominal<br>FRP: 1.52 MW"
      }
    },
    {
      "type": "Feature",
      "geometry": {
        "type": "Point",
        "coordinates": [-2.3485, 34.5954]
      },
      "properties": {
        "bright_ti4": 298.05,
        "scan": 0.42,
        "track": 0.61,
        "acq_date": "2026-09-18",
        "acq_time": "0122",
        "satellite": "N",
        "instrument": "VIIRS",
        "confidence": "n",
        "version": "2.0NRT",
        "bright_ti5": 286.3,
        "frp": 0.65,
        "daynight": "N",
        "source_dataset": "VIIRS_SNPP_NRT",
        "acq_datetime_utc": "2026-09-18T01:22:00Z",
        "age_hours": 20.4,
        "confidence_label": "nominal",
        "popup_label": "<strong>NASA FIRMS<\/strong><br>Sensor: VIIRS_SNPP_NRT<br>Fecha UTC: 2026-09-18T01:22:00Z<br>Confianza: nominal<br>FRP: 0.65 MW"
      }
    },
    {
      "type": "Feature",
      "geometry": {
        "type": "Point",
        "coordinates": [-0.9406, 35.5665]
      },
      "properties": {
        "bright_ti4": 301.55,
        "scan": 0.36,
        "track": 0.57,
        "acq_date": "2026-09-18",
        "acq_time": "0122",
        "satellite": "N",
        "instrument": "VIIRS",
        "confidence": "n",
        "version": "2.0NRT",
        "bright_ti5": 287.65,
        "frp": 0.96,
        "daynight": "N",
        "source_dataset": "VIIRS_SNPP_NRT",
        "acq_datetime_utc": "2026-09-18T01:22:00Z",
        "age_hours": 20.4,
        "confidence_label": "nominal",
        "popup_label": "<strong>NASA FIRMS<\/strong><br>Sensor: VIIRS_SNPP_NRT<br>Fecha UTC: 2026-09-18T01:22:00Z<br>Confianza: nominal<br>FRP: 0.96 MW"
      }
    },
    {
      "type": "Feature",
      "geometry": {
        "type": "Point",
        "coordinates": [4.4782, 35.7083]
      },
      "properties": {
        "bright_ti4": 308.74,
        "scan": 0.55,
        "track": 0.43,
        "acq_date": "2026-09-18",
        "acq_time": "0122",
        "satellite": "N",
        "instrument": "VIIRS",
        "confidence": "n",
        "version": "2.0NRT",
        "bright_ti5": 293.3,
        "frp": 1.08,
        "daynight": "N",
        "source_dataset": "VIIRS_SNPP_NRT",
        "acq_datetime_utc": "2026-09-18T01:22:00Z",
        "age_hours": 20.4,
        "confidence_label": "nominal",
        "popup_label": "<strong>NASA FIRMS<\/strong><br>Sensor: VIIRS_SNPP_NRT<br>Fecha UTC: 2026-09-18T01:22:00Z<br>Confianza: nominal<br>FRP: 1.08 MW"
      }
    },
    {
      "type": "Feature",
      "geometry": {
        "type": "Point",
        "coordinates": [-0.2554, 35.8045]
      },
      "properties": {
        "bright_ti4": 295.1,
        "scan": 0.33,
        "track": 0.55,
        "acq_date": "2026-09-18",
        "acq_time": "0122",
        "satellite": "N",
        "instrument": "VIIRS",
        "confidence": "n",
        "version": "2.0NRT",
        "bright_ti5": 257.75,
        "frp": 0.87,
        "daynight": "N",
        "source_dataset": "VIIRS_SNPP_NRT",
        "acq_datetime_utc": "2026-09-18T01:22:00Z",
        "age_hours": 20.4,
        "confidence_label": "nominal",
        "popup_label": "<strong>NASA FIRMS<\/strong><br>Sensor: VIIRS_SNPP_NRT<br>Fecha UTC: 2026-09-18T01:22:00Z<br>Confianza: nominal<br>FRP: 0.87 MW"
      }
    },
    {
      "type": "Feature",
      "geometry": {
        "type": "Point",
        "coordinates": [-0.2591, 35.8048]
      },
      "properties": {
        "bright_ti4": 324.1,
        "scan": 0.33,
        "track": 0.55,
        "acq_date": "2026-09-18",
        "acq_time": "0122",
        "satellite": "N",
        "instrument": "VIIRS",
        "confidence": "n",
        "version": "2.0NRT",
        "bright_ti5": 260.36,
        "frp": 0.87,
        "daynight": "N",
        "source_dataset": "VIIRS_SNPP_NRT",
        "acq_datetime_utc": "2026-09-18T01:22:00Z",
        "age_hours": 20.4,
        "confidence_label": "nominal",
        "popup_label": "<strong>NASA FIRMS<\/strong><br>Sensor: VIIRS_SNPP_NRT<br>Fecha UTC: 2026-09-18T01:22:00Z<br>Confianza: nominal<br>FRP: 0.87 MW"
      }
    },
    {
      "type": "Feature",
      "geometry": {
        "type": "Point",
        "coordinates": [-0.2551, 35.8097]
      },
      "properties": {
        "bright_ti4": 326.18,
        "scan": 0.33,
        "track": 0.55,
        "acq_date": "2026-09-18",
        "acq_time": "0122",
        "satellite": "N",
        "instrument": "VIIRS",
        "confidence": "n",
        "version": "2.0NRT",
        "bright_ti5": 266.13,
        "frp": 0.64,
        "daynight": "N",
        "source_dataset": "VIIRS_SNPP_NRT",
        "acq_datetime_utc": "2026-09-18T01:22:00Z",
        "age_hours": 20.4,
        "confidence_label": "nominal",
        "popup_label": "<strong>NASA FIRMS<\/strong><br>Sensor: VIIRS_SNPP_NRT<br>Fecha UTC: 2026-09-18T01:22:00Z<br>Confianza: nominal<br>FRP: 0.64 MW"
      }
    },
    {
      "type": "Feature",
      "geometry": {
        "type": "Point",
        "coordinates": [-0.2589, 35.81]
      },
      "properties": {
        "bright_ti4": 304.96,
        "scan": 0.33,
        "track": 0.55,
        "acq_date": "2026-09-18",
        "acq_time": "0122",
        "satellite": "N",
        "instrument": "VIIRS",
        "confidence": "n",
        "version": "2.0NRT",
        "bright_ti5": 265.33,
        "frp": 0.64,
        "daynight": "N",
        "source_dataset": "VIIRS_SNPP_NRT",
        "acq_datetime_utc": "2026-09-18T01:22:00Z",
        "age_hours": 20.4,
        "confidence_label": "nominal",
        "popup_label": "<strong>NASA FIRMS<\/strong><br>Sensor: VIIRS_SNPP_NRT<br>Fecha UTC: 2026-09-18T01:22:00Z<br>Confianza: nominal<br>FRP: 0.64 MW"
      }
    },
    {
      "type": "Feature",
      "geometry": {
        "type": "Point",
        "coordinates": [-0.2625, 35.8102]
      },
      "properties": {
        "bright_ti4": 296.04,
        "scan": 0.33,
        "track": 0.55,
        "acq_date": "2026-09-18",
        "acq_time": "0122",
        "satellite": "N",
        "instrument": "VIIRS",
        "confidence": "n",
        "version": "2.0NRT",
        "bright_ti5": 263.31,
        "frp": 1.69,
        "daynight": "N",
        "source_dataset": "VIIRS_SNPP_NRT",
        "acq_datetime_utc": "2026-09-18T01:22:00Z",
        "age_hours": 20.4,
        "confidence_label": "nominal",
        "popup_label": "<strong>NASA FIRMS<\/strong><br>Sensor: VIIRS_SNPP_NRT<br>Fecha UTC: 2026-09-18T01:22:00Z<br>Confianza: nominal<br>FRP: 1.69 MW"
      }
    },
    {
      "type": "Feature",
      "geometry": {
        "type": "Point",
        "coordinates": [4.4478, 35.8775]
      },
      "properties": {
        "bright_ti4": 307.18,
        "scan": 0.55,
        "track": 0.43,
        "acq_date": "2026-09-18",
        "acq_time": "0122",
        "satellite": "N",
        "instrument": "VIIRS",
        "confidence": "n",
        "version": "2.0NRT",
        "bright_ti5": 291.76,
        "frp": 1.64,
        "daynight": "N",
        "source_dataset": "VIIRS_SNPP_NRT",
        "acq_datetime_utc": "2026-09-18T01:22:00Z",
        "age_hours": 20.4,
        "confidence_label": "nominal",
        "popup_label": "<strong>NASA FIRMS<\/strong><br>Sensor: VIIRS_SNPP_NRT<br>Fecha UTC: 2026-09-18T01:22:00Z<br>Confianza: nominal<br>FRP: 1.64 MW"
      }
    },
    {
      "type": "Feature",
      "geometry": {
        "type": "Point",
        "coordinates": [-1.9051, 36.9647]
      },
      "properties": {
        "bright_ti4": 303.05,
        "scan": 0.42,
        "track": 0.61,
        "acq_date": "2026-09-18",
        "acq_time": "0122",
        "satellite": "N",
        "instrument": "VIIRS",
        "confidence": "n",
        "version": "2.0NRT",
        "bright_ti5": 287.79,
        "frp": 0.94,
        "daynight": "N",
        "source_dataset": "VIIRS_SNPP_NRT",
        "acq_datetime_utc": "2026-09-18T01:22:00Z",
        "age_hours": 20.4,
        "confidence_label": "nominal",
        "popup_label": "<strong>NASA FIRMS<\/strong><br>Sensor: VIIRS_SNPP_NRT<br>Fecha UTC: 2026-09-18T01:22:00Z<br>Confianza: nominal<br>FRP: 0.94 MW"
      }
    },
    {
      "type": "Feature",
      "geometry": {
        "type": "Point",
        "coordinates": [-0.5447, 38.3749]
      },
      "properties": {
        "bright_ti4": 302.75,
        "scan": 0.36,
        "track": 0.57,
        "acq_date": "2026-09-18",
        "acq_time": "0122",
        "satellite": "N",
        "instrument": "VIIRS",
        "confidence": "n",
        "version": "2.0NRT",
        "bright_ti5": 286.87,
        "frp": 0.49,
        "daynight": "N",
        "source_dataset": "VIIRS_SNPP_NRT",
        "acq_datetime_utc": "2026-09-18T01:22:00Z",
        "age_hours": 20.4,
        "confidence_label": "nominal",
        "popup_label": "<strong>NASA FIRMS<\/strong><br>Sensor: VIIRS_SNPP_NRT<br>Fecha UTC: 2026-09-18T01:22:00Z<br>Confianza: nominal<br>FRP: 0.49 MW"
      }
    },
    {
      "type": "Feature",
      "geometry": {
        "type": "Point",
        "coordinates": [-0.5465, 38.3777]
      },
      "properties": {
        "bright_ti4": 298.12,
        "scan": 0.36,
        "track": 0.58,
        "acq_date": "2026-09-18",
        "acq_time": "0122",
        "satellite": "N",
        "instrument": "VIIRS",
        "confidence": "n",
        "version": "2.0NRT",
        "bright_ti5": 286.55,
        "frp": 0.75,
        "daynight": "N",
        "source_dataset": "VIIRS_SNPP_NRT",
        "acq_datetime_utc": "2026-09-18T01:22:00Z",
        "age_hours": 20.4,
        "confidence_label": "nominal",
        "popup_label": "<strong>NASA FIRMS<\/strong><br>Sensor: VIIRS_SNPP_NRT<br>Fecha UTC: 2026-09-18T01:22:00Z<br>Confianza: nominal<br>FRP: 0.75 MW"
      }
    },
    {
      "type": "Feature",
      "geometry": {
        "type": "Point",
        "coordinates": [-6.5693, 38.8282]
      },
      "properties": {
        "bright_ti4": 297.49,
        "scan": 0.77,
        "track": 0.77,
        "acq_date": "2026-09-18",
        "acq_time": "0122",
        "satellite": "N",
        "instrument": "VIIRS",
        "confidence": "n",
        "version": "2.0NRT",
        "bright_ti5": 279.47,
        "frp": 0.87,
        "daynight": "N",
        "source_dataset": "VIIRS_SNPP_NRT",
        "acq_datetime_utc": "2026-09-18T01:22:00Z",
        "age_hours": 20.4,
        "confidence_label": "nominal",
        "popup_label": "<strong>NASA FIRMS<\/strong><br>Sensor: VIIRS_SNPP_NRT<br>Fecha UTC: 2026-09-18T01:22:00Z<br>Confianza: nominal<br>FRP: 0.87 MW"
      }
    },
    {
      "type": "Feature",
      "geometry": {
        "type": "Point",
        "coordinates": [-3.4774, 40.2465]
      },
      "properties": {
        "bright_ti4": 313.01,
        "scan": 0.54,
        "track": 0.68,
        "acq_date": "2026-09-18",
        "acq_time": "0122",
        "satellite": "N",
        "instrument": "VIIRS",
        "confidence": "n",
        "version": "2.0NRT",
        "bright_ti5": 285.95,
        "frp": 3.2,
        "daynight": "N",
        "source_dataset": "VIIRS_SNPP_NRT",
        "acq_datetime_utc": "2026-09-18T01:22:00Z",
        "age_hours": 20.4,
        "confidence_label": "nominal",
        "popup_label": "<strong>NASA FIRMS<\/strong><br>Sensor: VIIRS_SNPP_NRT<br>Fecha UTC: 2026-09-18T01:22:00Z<br>Confianza: nominal<br>FRP: 3.2 MW"
      }
    },
    {
      "type": "Feature",
      "geometry": {
        "type": "Point",
        "coordinates": [-1.489, 41.4772]
      },
      "properties": {
        "bright_ti4": 295.66,
        "scan": 0.43,
        "track": 0.62,
        "acq_date": "2026-09-18",
        "acq_time": "0122",
        "satellite": "N",
        "instrument": "VIIRS",
        "confidence": "n",
        "version": "2.0NRT",
        "bright_ti5": 283.53,
        "frp": 0.72,
        "daynight": "N",
        "source_dataset": "VIIRS_SNPP_NRT",
        "acq_datetime_utc": "2026-09-18T01:22:00Z",
        "age_hours": 20.4,
        "confidence_label": "nominal",
        "popup_label": "<strong>NASA FIRMS<\/strong><br>Sensor: VIIRS_SNPP_NRT<br>Fecha UTC: 2026-09-18T01:22:00Z<br>Confianza: nominal<br>FRP: 0.72 MW"
      }
    },
    {
      "type": "Feature",
      "geometry": {
        "type": "Point",
        "coordinates": [4.9696, 43.4282]
      },
      "properties": {
        "bright_ti4": 301.78,
        "scan": 0.42,
        "track": 0.45,
        "acq_date": "2026-09-18",
        "acq_time": "0120",
        "satellite": "N",
        "instrument": "VIIRS",
        "confidence": "n",
        "version": "2.0NRT",
        "bright_ti5": 288.02,
        "frp": 0.76,
        "daynight": "N",
        "source_dataset": "VIIRS_SNPP_NRT",
        "acq_datetime_utc": "2026-09-18T01:20:00Z",
        "age_hours": 20.5,
        "confidence_label": "nominal",
        "popup_label": "<strong>NASA FIRMS<\/strong><br>Sensor: VIIRS_SNPP_NRT<br>Fecha UTC: 2026-09-18T01:20:00Z<br>Confianza: nominal<br>FRP: 0.76 MW"
      }
    },
    {
      "type": "Feature",
      "geometry": {
        "type": "Point",
        "coordinates": [4.8945, 43.4307]
      },
      "properties": {
        "bright_ti4": 298.83,
        "scan": 0.43,
        "track": 0.46,
        "acq_date": "2026-09-18",
        "acq_time": "0120",
        "satellite": "N",
        "instrument": "VIIRS",
        "confidence": "n",
        "version": "2.0NRT",
        "bright_ti5": 286.62,
        "frp": 0.88,
        "daynight": "N",
        "source_dataset": "VIIRS_SNPP_NRT",
        "acq_datetime_utc": "2026-09-18T01:20:00Z",
        "age_hours": 20.5,
        "confidence_label": "nominal",
        "popup_label": "<strong>NASA FIRMS<\/strong><br>Sensor: VIIRS_SNPP_NRT<br>Fecha UTC: 2026-09-18T01:20:00Z<br>Confianza: nominal<br>FRP: 0.88 MW"
      }
    },
    {
      "type": "Feature",
      "geometry": {
        "type": "Point",
        "coordinates": [4.8952, 43.4349]
      },
      "properties": {
        "bright_ti4": 309.44,
        "scan": 0.43,
        "track": 0.46,
        "acq_date": "2026-09-18",
        "acq_time": "0120",
        "satellite": "N",
        "instrument": "VIIRS",
        "confidence": "n",
        "version": "2.0NRT",
        "bright_ti5": 286.74,
        "frp": 0.88,
        "daynight": "N",
        "source_dataset": "VIIRS_SNPP_NRT",
        "acq_datetime_utc": "2026-09-18T01:20:00Z",
        "age_hours": 20.5,
        "confidence_label": "nominal",
        "popup_label": "<strong>NASA FIRMS<\/strong><br>Sensor: VIIRS_SNPP_NRT<br>Fecha UTC: 2026-09-18T01:20:00Z<br>Confianza: nominal<br>FRP: 0.88 MW"
      }
    },
    {
      "type": "Feature",
      "geometry": {
        "type": "Point",
        "coordinates": [4.8899, 43.4354]
      },
      "properties": {
        "bright_ti4": 302.91,
        "scan": 0.43,
        "track": 0.46,
        "acq_date": "2026-09-18",
        "acq_time": "0120",
        "satellite": "N",
        "instrument": "VIIRS",
        "confidence": "n",
        "version": "2.0NRT",
        "bright_ti5": 287.91,
        "frp": 0.88,
        "daynight": "N",
        "source_dataset": "VIIRS_SNPP_NRT",
        "acq_datetime_utc": "2026-09-18T01:20:00Z",
        "age_hours": 20.5,
        "confidence_label": "nominal",
        "popup_label": "<strong>NASA FIRMS<\/strong><br>Sensor: VIIRS_SNPP_NRT<br>Fecha UTC: 2026-09-18T01:20:00Z<br>Confianza: nominal<br>FRP: 0.88 MW"
      }
    },
    {
      "type": "Feature",
      "geometry": {
        "type": "Point",
        "coordinates": [4.8906, 43.4396]
      },
      "properties": {
        "bright_ti4": 315.02,
        "scan": 0.43,
        "track": 0.46,
        "acq_date": "2026-09-18",
        "acq_time": "0120",
        "satellite": "N",
        "instrument": "VIIRS",
        "confidence": "n",
        "version": "2.0NRT",
        "bright_ti5": 287.34,
        "frp": 2.1,
        "daynight": "N",
        "source_dataset": "VIIRS_SNPP_NRT",
        "acq_datetime_utc": "2026-09-18T01:20:00Z",
        "age_hours": 20.5,
        "confidence_label": "nominal",
        "popup_label": "<strong>NASA FIRMS<\/strong><br>Sensor: VIIRS_SNPP_NRT<br>Fecha UTC: 2026-09-18T01:20:00Z<br>Confianza: nominal<br>FRP: 2.1 MW"
      }
    },
    {
      "type": "Feature",
      "geometry": {
        "type": "Point",
        "coordinates": [4.8967, 43.4434]
      },
      "properties": {
        "bright_ti4": 329.63,
        "scan": 0.43,
        "track": 0.46,
        "acq_date": "2026-09-18",
        "acq_time": "0120",
        "satellite": "N",
        "instrument": "VIIRS",
        "confidence": "n",
        "version": "2.0NRT",
        "bright_ti5": 287.56,
        "frp": 2.1,
        "daynight": "N",
        "source_dataset": "VIIRS_SNPP_NRT",
        "acq_datetime_utc": "2026-09-18T01:20:00Z",
        "age_hours": 20.5,
        "confidence_label": "nominal",
        "popup_label": "<strong>NASA FIRMS<\/strong><br>Sensor: VIIRS_SNPP_NRT<br>Fecha UTC: 2026-09-18T01:20:00Z<br>Confianza: nominal<br>FRP: 2.1 MW"
      }
    },
    {
      "type": "Feature",
      "geometry": {
        "type": "Point",
        "coordinates": [4.8974, 43.4476]
      },
      "properties": {
        "bright_ti4": 307.2,
        "scan": 0.43,
        "track": 0.46,
        "acq_date": "2026-09-18",
        "acq_time": "0120",
        "satellite": "N",
        "instrument": "VIIRS",
        "confidence": "n",
        "version": "2.0NRT",
        "bright_ti5": 286.89,
        "frp": 1.09,
        "daynight": "N",
        "source_dataset": "VIIRS_SNPP_NRT",
        "acq_datetime_utc": "2026-09-18T01:20:00Z",
        "age_hours": 20.5,
        "confidence_label": "nominal",
        "popup_label": "<strong>NASA FIRMS<\/strong><br>Sensor: VIIRS_SNPP_NRT<br>Fecha UTC: 2026-09-18T01:20:00Z<br>Confianza: nominal<br>FRP: 1.09 MW"
      }
    },
    {
      "type": "Feature",
      "geometry": {
        "type": "Point",
        "coordinates": [4.8491, 43.9969]
      },
      "properties": {
        "bright_ti4": 299.69,
        "scan": 0.44,
        "track": 0.46,
        "acq_date": "2026-09-18",
        "acq_time": "0120",
        "satellite": "N",
        "instrument": "VIIRS",
        "confidence": "n",
        "version": "2.0NRT",
        "bright_ti5": 284.85,
        "frp": 1.01,
        "daynight": "N",
        "source_dataset": "VIIRS_SNPP_NRT",
        "acq_datetime_utc": "2026-09-18T01:20:00Z",
        "age_hours": 20.5,
        "confidence_label": "nominal",
        "popup_label": "<strong>NASA FIRMS<\/strong><br>Sensor: VIIRS_SNPP_NRT<br>Fecha UTC: 2026-09-18T01:20:00Z<br>Confianza: nominal<br>FRP: 1.01 MW"
      }
    },
    {
      "type": "Feature",
      "geometry": {
        "type": "Point",
        "coordinates": [-8.3492, 41.7345]
      },
      "properties": {
        "bright_ti4": 325.85,
        "scan": 0.61,
        "track": 0.71,
        "acq_date": "2026-09-17",
        "acq_time": "1444",
        "satellite": "N",
        "instrument": "VIIRS",
        "confidence": "l",
        "version": "2.0NRT",
        "bright_ti5": 296.64,
        "frp": 4.56,
        "daynight": "D",
        "source_dataset": "VIIRS_SNPP_NRT",
        "acq_datetime_utc": "2026-09-17T14:44:00Z",
        "age_hours": 31.1,
        "confidence_label": "baja",
        "popup_label": "<strong>NASA FIRMS<\/strong><br>Sensor: VIIRS_SNPP_NRT<br>Fecha UTC: 2026-09-17T14:44:00Z<br>Confianza: baja<br>FRP: 4.56 MW"
      }
    },
    {
      "type": "Feature",
      "geometry": {
        "type": "Point",
        "coordinates": [-7.4651, 39.8193]
      },
      "properties": {
        "bright_ti4": 349.78,
        "scan": 0.49,
        "track": 0.49,
        "acq_date": "2026-09-17",
        "acq_time": "1304",
        "satellite": "N",
        "instrument": "VIIRS",
        "confidence": "n",
        "version": "2.0NRT",
        "bright_ti5": 303.58,
        "frp": 7.05,
        "daynight": "D",
        "source_dataset": "VIIRS_SNPP_NRT",
        "acq_datetime_utc": "2026-09-17T13:04:00Z",
        "age_hours": 32.7,
        "confidence_label": "nominal",
        "popup_label": "<strong>NASA FIRMS<\/strong><br>Sensor: VIIRS_SNPP_NRT<br>Fecha UTC: 2026-09-17T13:04:00Z<br>Confianza: nominal<br>FRP: 7.05 MW"
      }
    },
    {
      "type": "Feature",
      "geometry": {
        "type": "Point",
        "coordinates": [-7.0921, 39.8556]
      },
      "properties": {
        "bright_ti4": 335.59,
        "scan": 0.47,
        "track": 0.48,
        "acq_date": "2026-09-17",
        "acq_time": "1304",
        "satellite": "N",
        "instrument": "VIIRS",
        "confidence": "n",
        "version": "2.0NRT",
        "bright_ti5": 310.42,
        "frp": 2.93,
        "daynight": "D",
        "source_dataset": "VIIRS_SNPP_NRT",
        "acq_datetime_utc": "2026-09-17T13:04:00Z",
        "age_hours": 32.7,
        "confidence_label": "nominal",
        "popup_label": "<strong>NASA FIRMS<\/strong><br>Sensor: VIIRS_SNPP_NRT<br>Fecha UTC: 2026-09-17T13:04:00Z<br>Confianza: nominal<br>FRP: 2.93 MW"
      }
    },
    {
      "type": "Feature",
      "geometry": {
        "type": "Point",
        "coordinates": [-7.5546, 41.0837]
      },
      "properties": {
        "bright_ti4": 325.9,
        "scan": 0.46,
        "track": 0.47,
        "acq_date": "2026-09-17",
        "acq_time": "1304",
        "satellite": "N",
        "instrument": "VIIRS",
        "confidence": "n",
        "version": "2.0NRT",
        "bright_ti5": 292.52,
        "frp": 2.32,
        "daynight": "D",
        "source_dataset": "VIIRS_SNPP_NRT",
        "acq_datetime_utc": "2026-09-17T13:04:00Z",
        "age_hours": 32.7,
        "confidence_label": "nominal",
        "popup_label": "<strong>NASA FIRMS<\/strong><br>Sensor: VIIRS_SNPP_NRT<br>Fecha UTC: 2026-09-17T13:04:00Z<br>Confianza: nominal<br>FRP: 2.32 MW"
      }
    },
    {
      "type": "Feature",
      "geometry": {
        "type": "Point",
        "coordinates": [-8.3527, 41.7283]
      },
      "properties": {
        "bright_ti4": 347.56,
        "scan": 0.49,
        "track": 0.49,
        "acq_date": "2026-09-17",
        "acq_time": "1304",
        "satellite": "N",
        "instrument": "VIIRS",
        "confidence": "n",
        "version": "2.0NRT",
        "bright_ti5": 298.92,
        "frp": 9.93,
        "daynight": "D",
        "source_dataset": "VIIRS_SNPP_NRT",
        "acq_datetime_utc": "2026-09-17T13:04:00Z",
        "age_hours": 32.7,
        "confidence_label": "nominal",
        "popup_label": "<strong>NASA FIRMS<\/strong><br>Sensor: VIIRS_SNPP_NRT<br>Fecha UTC: 2026-09-17T13:04:00Z<br>Confianza: nominal<br>FRP: 9.93 MW"
      }
    },
    {
      "type": "Feature",
      "geometry": {
        "type": "Point",
        "coordinates": [-8.3473, 41.7296]
      },
      "properties": {
        "bright_ti4": 332.03,
        "scan": 0.49,
        "track": 0.49,
        "acq_date": "2026-09-17",
        "acq_time": "1304",
        "satellite": "N",
        "instrument": "VIIRS",
        "confidence": "n",
        "version": "2.0NRT",
        "bright_ti5": 298.68,
        "frp": 11.39,
        "daynight": "D",
        "source_dataset": "VIIRS_SNPP_NRT",
        "acq_datetime_utc": "2026-09-17T13:04:00Z",
        "age_hours": 32.7,
        "confidence_label": "nominal",
        "popup_label": "<strong>NASA FIRMS<\/strong><br>Sensor: VIIRS_SNPP_NRT<br>Fecha UTC: 2026-09-17T13:04:00Z<br>Confianza: nominal<br>FRP: 11.39 MW"
      }
    },
    {
      "type": "Feature",
      "geometry": {
        "type": "Point",
        "coordinates": [-8.3534, 41.7329]
      },
      "properties": {
        "bright_ti4": 355.42,
        "scan": 0.49,
        "track": 0.49,
        "acq_date": "2026-09-17",
        "acq_time": "1304",
        "satellite": "N",
        "instrument": "VIIRS",
        "confidence": "n",
        "version": "2.0NRT",
        "bright_ti5": 303.23,
        "frp": 26.62,
        "daynight": "D",
        "source_dataset": "VIIRS_SNPP_NRT",
        "acq_datetime_utc": "2026-09-17T13:04:00Z",
        "age_hours": 32.7,
        "confidence_label": "nominal",
        "popup_label": "<strong>NASA FIRMS<\/strong><br>Sensor: VIIRS_SNPP_NRT<br>Fecha UTC: 2026-09-17T13:04:00Z<br>Confianza: nominal<br>FRP: 26.62 MW"
      }
    },
    {
      "type": "Feature",
      "geometry": {
        "type": "Point",
        "coordinates": [-8.3479, 41.7342]
      },
      "properties": {
        "bright_ti4": 343.16,
        "scan": 0.49,
        "track": 0.49,
        "acq_date": "2026-09-17",
        "acq_time": "1304",
        "satellite": "N",
        "instrument": "VIIRS",
        "confidence": "n",
        "version": "2.0NRT",
        "bright_ti5": 304.7,
        "frp": 9.92,
        "daynight": "D",
        "source_dataset": "VIIRS_SNPP_NRT",
        "acq_datetime_utc": "2026-09-17T13:04:00Z",
        "age_hours": 32.7,
        "confidence_label": "nominal",
        "popup_label": "<strong>NASA FIRMS<\/strong><br>Sensor: VIIRS_SNPP_NRT<br>Fecha UTC: 2026-09-17T13:04:00Z<br>Confianza: nominal<br>FRP: 9.92 MW"
      }
    },
    {
      "type": "Feature",
      "geometry": {
        "type": "Point",
        "coordinates": [-8.3424, 41.7355]
      },
      "properties": {
        "bright_ti4": 331.3,
        "scan": 0.49,
        "track": 0.48,
        "acq_date": "2026-09-17",
        "acq_time": "1304",
        "satellite": "N",
        "instrument": "VIIRS",
        "confidence": "l",
        "version": "2.0NRT",
        "bright_ti5": 304.89,
        "frp": 9.92,
        "daynight": "D",
        "source_dataset": "VIIRS_SNPP_NRT",
        "acq_datetime_utc": "2026-09-17T13:04:00Z",
        "age_hours": 32.7,
        "confidence_label": "baja",
        "popup_label": "<strong>NASA FIRMS<\/strong><br>Sensor: VIIRS_SNPP_NRT<br>Fecha UTC: 2026-09-17T13:04:00Z<br>Confianza: baja<br>FRP: 9.92 MW"
      }
    },
    {
      "type": "Feature",
      "geometry": {
        "type": "Point",
        "coordinates": [-8.3486, 41.7388]
      },
      "properties": {
        "bright_ti4": 339.62,
        "scan": 0.49,
        "track": 0.49,
        "acq_date": "2026-09-17",
        "acq_time": "1304",
        "satellite": "N",
        "instrument": "VIIRS",
        "confidence": "n",
        "version": "2.0NRT",
        "bright_ti5": 296.41,
        "frp": 9.92,
        "daynight": "D",
        "source_dataset": "VIIRS_SNPP_NRT",
        "acq_datetime_utc": "2026-09-17T13:04:00Z",
        "age_hours": 32.7,
        "confidence_label": "nominal",
        "popup_label": "<strong>NASA FIRMS<\/strong><br>Sensor: VIIRS_SNPP_NRT<br>Fecha UTC: 2026-09-17T13:04:00Z<br>Confianza: nominal<br>FRP: 9.92 MW"
      }
    },
    {
      "type": "Feature",
      "geometry": {
        "type": "Point",
        "coordinates": [-8.3435, 41.74]
      },
      "properties": {
        "bright_ti4": 339.64,
        "scan": 0.49,
        "track": 0.48,
        "acq_date": "2026-09-17",
        "acq_time": "1304",
        "satellite": "N",
        "instrument": "VIIRS",
        "confidence": "n",
        "version": "2.0NRT",
        "bright_ti5": 296.22,
        "frp": 9.92,
        "daynight": "D",
        "source_dataset": "VIIRS_SNPP_NRT",
        "acq_datetime_utc": "2026-09-17T13:04:00Z",
        "age_hours": 32.7,
        "confidence_label": "nominal",
        "popup_label": "<strong>NASA FIRMS<\/strong><br>Sensor: VIIRS_SNPP_NRT<br>Fecha UTC: 2026-09-17T13:04:00Z<br>Confianza: nominal<br>FRP: 9.92 MW"
      }
    },
    {
      "type": "Feature",
      "geometry": {
        "type": "Point",
        "coordinates": [-0.411, 41.9259]
      },
      "properties": {
        "bright_ti4": 350.96,
        "scan": 0.39,
        "track": 0.36,
        "acq_date": "2026-09-17",
        "acq_time": "1304",
        "satellite": "N",
        "instrument": "VIIRS",
        "confidence": "n",
        "version": "2.0NRT",
        "bright_ti5": 310.48,
        "frp": 28.71,
        "daynight": "D",
        "source_dataset": "VIIRS_SNPP_NRT",
        "acq_datetime_utc": "2026-09-17T13:04:00Z",
        "age_hours": 32.7,
        "confidence_label": "nominal",
        "popup_label": "<strong>NASA FIRMS<\/strong><br>Sensor: VIIRS_SNPP_NRT<br>Fecha UTC: 2026-09-17T13:04:00Z<br>Confianza: nominal<br>FRP: 28.71 MW"
      }
    },
    {
      "type": "Feature",
      "geometry": {
        "type": "Point",
        "coordinates": [-0.4063, 41.9266]
      },
      "properties": {
        "bright_ti4": 333.22,
        "scan": 0.39,
        "track": 0.36,
        "acq_date": "2026-09-17",
        "acq_time": "1304",
        "satellite": "N",
        "instrument": "VIIRS",
        "confidence": "n",
        "version": "2.0NRT",
        "bright_ti5": 298.35,
        "frp": 9.8,
        "daynight": "D",
        "source_dataset": "VIIRS_SNPP_NRT",
        "acq_datetime_utc": "2026-09-17T13:04:00Z",
        "age_hours": 32.7,
        "confidence_label": "nominal",
        "popup_label": "<strong>NASA FIRMS<\/strong><br>Sensor: VIIRS_SNPP_NRT<br>Fecha UTC: 2026-09-17T13:04:00Z<br>Confianza: nominal<br>FRP: 9.8 MW"
      }
    },
    {
      "type": "Feature",
      "geometry": {
        "type": "Point",
        "coordinates": [-0.4165, 41.9284]
      },
      "properties": {
        "bright_ti4": 341.34,
        "scan": 0.39,
        "track": 0.36,
        "acq_date": "2026-09-17",
        "acq_time": "1304",
        "satellite": "N",
        "instrument": "VIIRS",
        "confidence": "n",
        "version": "2.0NRT",
        "bright_ti5": 302.76,
        "frp": 13.85,
        "daynight": "D",
        "source_dataset": "VIIRS_SNPP_NRT",
        "acq_datetime_utc": "2026-09-17T13:04:00Z",
        "age_hours": 32.7,
        "confidence_label": "nominal",
        "popup_label": "<strong>NASA FIRMS<\/strong><br>Sensor: VIIRS_SNPP_NRT<br>Fecha UTC: 2026-09-17T13:04:00Z<br>Confianza: nominal<br>FRP: 13.85 MW"
      }
    },
    {
      "type": "Feature",
      "geometry": {
        "type": "Point",
        "coordinates": [-0.4119, 41.9292]
      },
      "properties": {
        "bright_ti4": 356.09,
        "scan": 0.39,
        "track": 0.36,
        "acq_date": "2026-09-17",
        "acq_time": "1304",
        "satellite": "N",
        "instrument": "VIIRS",
        "confidence": "n",
        "version": "2.0NRT",
        "bright_ti5": 307.18,
        "frp": 13.85,
        "daynight": "D",
        "source_dataset": "VIIRS_SNPP_NRT",
        "acq_datetime_utc": "2026-09-17T13:04:00Z",
        "age_hours": 32.7,
        "confidence_label": "nominal",
        "popup_label": "<strong>NASA FIRMS<\/strong><br>Sensor: VIIRS_SNPP_NRT<br>Fecha UTC: 2026-09-17T13:04:00Z<br>Confianza: nominal<br>FRP: 13.85 MW"
      }
    },
    {
      "type": "Feature",
      "geometry": {
        "type": "Point",
        "coordinates": [-0.4073, 41.9299]
      },
      "properties": {
        "bright_ti4": 334.67,
        "scan": 0.39,
        "track": 0.36,
        "acq_date": "2026-09-17",
        "acq_time": "1304",
        "satellite": "N",
        "instrument": "VIIRS",
        "confidence": "n",
        "version": "2.0NRT",
        "bright_ti5": 299.42,
        "frp": 10.51,
        "daynight": "D",
        "source_dataset": "VIIRS_SNPP_NRT",
        "acq_datetime_utc": "2026-09-17T13:04:00Z",
        "age_hours": 32.7,
        "confidence_label": "nominal",
        "popup_label": "<strong>NASA FIRMS<\/strong><br>Sensor: VIIRS_SNPP_NRT<br>Fecha UTC: 2026-09-17T13:04:00Z<br>Confianza: nominal<br>FRP: 10.51 MW"
      }
    },
    {
      "type": "Feature",
      "geometry": {
        "type": "Point",
        "coordinates": [4.8985, 43.4483]
      },
      "properties": {
        "bright_ti4": 336.91,
        "scan": 0.49,
        "track": 0.4,
        "acq_date": "2026-09-17",
        "acq_time": "1304",
        "satellite": "N",
        "instrument": "VIIRS",
        "confidence": "n",
        "version": "2.0NRT",
        "bright_ti5": 306.47,
        "frp": 6.47,
        "daynight": "D",
        "source_dataset": "VIIRS_SNPP_NRT",
        "acq_datetime_utc": "2026-09-17T13:04:00Z",
        "age_hours": 32.7,
        "confidence_label": "nominal",
        "popup_label": "<strong>NASA FIRMS<\/strong><br>Sensor: VIIRS_SNPP_NRT<br>Fecha UTC: 2026-09-17T13:04:00Z<br>Confianza: nominal<br>FRP: 6.47 MW"
      }
    },
    {
      "type": "Feature",
      "geometry": {
        "type": "Point",
        "coordinates": [-1.1389, 44.1375]
      },
      "properties": {
        "bright_ti4": 329.05,
        "scan": 0.39,
        "track": 0.36,
        "acq_date": "2026-09-17",
        "acq_time": "1304",
        "satellite": "N",
        "instrument": "VIIRS",
        "confidence": "n",
        "version": "2.0NRT",
        "bright_ti5": 274.96,
        "frp": 44.73,
        "daynight": "D",
        "source_dataset": "VIIRS_SNPP_NRT",
        "acq_datetime_utc": "2026-09-17T13:04:00Z",
        "age_hours": 32.7,
        "confidence_label": "nominal",
        "popup_label": "<strong>NASA FIRMS<\/strong><br>Sensor: VIIRS_SNPP_NRT<br>Fecha UTC: 2026-09-17T13:04:00Z<br>Confianza: nominal<br>FRP: 44.73 MW"
      }
    },
    {
      "type": "Feature",
      "geometry": {
        "type": "Point",
        "coordinates": [-1.1341, 44.1383]
      },
      "properties": {
        "bright_ti4": 340.94,
        "scan": 0.39,
        "track": 0.36,
        "acq_date": "2026-09-17",
        "acq_time": "1304",
        "satellite": "N",
        "instrument": "VIIRS",
        "confidence": "n",
        "version": "2.0NRT",
        "bright_ti5": 273.65,
        "frp": 44.73,
        "daynight": "D",
        "source_dataset": "VIIRS_SNPP_NRT",
        "acq_datetime_utc": "2026-09-17T13:04:00Z",
        "age_hours": 32.7,
        "confidence_label": "nominal",
        "popup_label": "<strong>NASA FIRMS<\/strong><br>Sensor: VIIRS_SNPP_NRT<br>Fecha UTC: 2026-09-17T13:04:00Z<br>Confianza: nominal<br>FRP: 44.73 MW"
      }
    },
    {
      "type": "Feature",
      "geometry": {
        "type": "Point",
        "coordinates": [-1.1447, 44.14]
      },
      "properties": {
        "bright_ti4": 335.33,
        "scan": 0.39,
        "track": 0.36,
        "acq_date": "2026-09-17",
        "acq_time": "1304",
        "satellite": "N",
        "instrument": "VIIRS",
        "confidence": "n",
        "version": "2.0NRT",
        "bright_ti5": 274.25,
        "frp": 6.97,
        "daynight": "D",
        "source_dataset": "VIIRS_SNPP_NRT",
        "acq_datetime_utc": "2026-09-17T13:04:00Z",
        "age_hours": 32.7,
        "confidence_label": "nominal",
        "popup_label": "<strong>NASA FIRMS<\/strong><br>Sensor: VIIRS_SNPP_NRT<br>Fecha UTC: 2026-09-17T13:04:00Z<br>Confianza: nominal<br>FRP: 6.97 MW"
      }
    },
    {
      "type": "Feature",
      "geometry": {
        "type": "Point",
        "coordinates": [-1.1351, 44.1416]
      },
      "properties": {
        "bright_ti4": 338.08,
        "scan": 0.39,
        "track": 0.36,
        "acq_date": "2026-09-17",
        "acq_time": "1304",
        "satellite": "N",
        "instrument": "VIIRS",
        "confidence": "n",
        "version": "2.0NRT",
        "bright_ti5": 295.8,
        "frp": 44.73,
        "daynight": "D",
        "source_dataset": "VIIRS_SNPP_NRT",
        "acq_datetime_utc": "2026-09-17T13:04:00Z",
        "age_hours": 32.7,
        "confidence_label": "nominal",
        "popup_label": "<strong>NASA FIRMS<\/strong><br>Sensor: VIIRS_SNPP_NRT<br>Fecha UTC: 2026-09-17T13:04:00Z<br>Confianza: nominal<br>FRP: 44.73 MW"
      }
    },
    {
      "type": "Feature",
      "geometry": {
        "type": "Point",
        "coordinates": [-1.1457, 44.1433]
      },
      "properties": {
        "bright_ti4": 334.23,
        "scan": 0.39,
        "track": 0.36,
        "acq_date": "2026-09-17",
        "acq_time": "1304",
        "satellite": "N",
        "instrument": "VIIRS",
        "confidence": "n",
        "version": "2.0NRT",
        "bright_ti5": 273.91,
        "frp": 6.93,
        "daynight": "D",
        "source_dataset": "VIIRS_SNPP_NRT",
        "acq_datetime_utc": "2026-09-17T13:04:00Z",
        "age_hours": 32.7,
        "confidence_label": "nominal",
        "popup_label": "<strong>NASA FIRMS<\/strong><br>Sensor: VIIRS_SNPP_NRT<br>Fecha UTC: 2026-09-17T13:04:00Z<br>Confianza: nominal<br>FRP: 6.93 MW"
      }
    },
    {
      "type": "Feature",
      "geometry": {
        "type": "Point",
        "coordinates": [-1.1409, 44.1441]
      },
      "properties": {
        "bright_ti4": 343.51,
        "scan": 0.39,
        "track": 0.36,
        "acq_date": "2026-09-17",
        "acq_time": "1304",
        "satellite": "N",
        "instrument": "VIIRS",
        "confidence": "n",
        "version": "2.0NRT",
        "bright_ti5": 291.89,
        "frp": 32.94,
        "daynight": "D",
        "source_dataset": "VIIRS_SNPP_NRT",
        "acq_datetime_utc": "2026-09-17T13:04:00Z",
        "age_hours": 32.7,
        "confidence_label": "nominal",
        "popup_label": "<strong>NASA FIRMS<\/strong><br>Sensor: VIIRS_SNPP_NRT<br>Fecha UTC: 2026-09-17T13:04:00Z<br>Confianza: nominal<br>FRP: 32.94 MW"
      }
    },
    {
      "type": "Feature",
      "geometry": {
        "type": "Point",
        "coordinates": [-1.1362, 44.1449]
      },
      "properties": {
        "bright_ti4": 343.61,
        "scan": 0.39,
        "track": 0.36,
        "acq_date": "2026-09-17",
        "acq_time": "1304",
        "satellite": "N",
        "instrument": "VIIRS",
        "confidence": "n",
        "version": "2.0NRT",
        "bright_ti5": 273.33,
        "frp": 32.94,
        "daynight": "D",
        "source_dataset": "VIIRS_SNPP_NRT",
        "acq_datetime_utc": "2026-09-17T13:04:00Z",
        "age_hours": 32.7,
        "confidence_label": "nominal",
        "popup_label": "<strong>NASA FIRMS<\/strong><br>Sensor: VIIRS_SNPP_NRT<br>Fecha UTC: 2026-09-17T13:04:00Z<br>Confianza: nominal<br>FRP: 32.94 MW"
      }
    },
    {
      "type": "Feature",
      "geometry": {
        "type": "Point",
        "coordinates": [-6.6191, 32.5465]
      },
      "properties": {
        "bright_ti4": 355.04,
        "scan": 0.33,
        "track": 0.55,
        "acq_date": "2026-09-17",
        "acq_time": "1301",
        "satellite": "N",
        "instrument": "VIIRS",
        "confidence": "n",
        "version": "2.0NRT",
        "bright_ti5": 309.71,
        "frp": 7.08,
        "daynight": "D",
        "source_dataset": "VIIRS_SNPP_NRT",
        "acq_datetime_utc": "2026-09-17T13:01:00Z",
        "age_hours": 32.8,
        "confidence_label": "nominal",
        "popup_label": "<strong>NASA FIRMS<\/strong><br>Sensor: VIIRS_SNPP_NRT<br>Fecha UTC: 2026-09-17T13:01:00Z<br>Confianza: nominal<br>FRP: 7.08 MW"
      }
    },
    {
      "type": "Feature",
      "geometry": {
        "type": "Point",
        "coordinates": [-6.6214, 32.549]
      },
      "properties": {
        "bright_ti4": 367,
        "scan": 0.33,
        "track": 0.55,
        "acq_date": "2026-09-17",
        "acq_time": "1301",
        "satellite": "N",
        "instrument": "VIIRS",
        "confidence": "h",
        "version": "2.0NRT",
        "bright_ti5": 306.59,
        "frp": 5.31,
        "daynight": "D",
        "source_dataset": "VIIRS_SNPP_NRT",
        "acq_datetime_utc": "2026-09-17T13:01:00Z",
        "age_hours": 32.8,
        "confidence_label": "alta",
        "popup_label": "<strong>NASA FIRMS<\/strong><br>Sensor: VIIRS_SNPP_NRT<br>Fecha UTC: 2026-09-17T13:01:00Z<br>Confianza: alta<br>FRP: 5.31 MW"
      }
    },
    {
      "type": "Feature",
      "geometry": {
        "type": "Point",
        "coordinates": [4.4786, 35.7092]
      },
      "properties": {
        "bright_ti4": 338.97,
        "scan": 0.4,
        "track": 0.37,
        "acq_date": "2026-09-17",
        "acq_time": "1301",
        "satellite": "N",
        "instrument": "VIIRS",
        "confidence": "l",
        "version": "2.0NRT",
        "bright_ti5": 311.21,
        "frp": 1.92,
        "daynight": "D",
        "source_dataset": "VIIRS_SNPP_NRT",
        "acq_datetime_utc": "2026-09-17T13:01:00Z",
        "age_hours": 32.8,
        "confidence_label": "baja",
        "popup_label": "<strong>NASA FIRMS<\/strong><br>Sensor: VIIRS_SNPP_NRT<br>Fecha UTC: 2026-09-17T13:01:00Z<br>Confianza: baja<br>FRP: 1.92 MW"
      }
    },
    {
      "type": "Feature",
      "geometry": {
        "type": "Point",
        "coordinates": [-0.2542, 35.8088]
      },
      "properties": {
        "bright_ti4": 351.16,
        "scan": 0.42,
        "track": 0.38,
        "acq_date": "2026-09-17",
        "acq_time": "1301",
        "satellite": "N",
        "instrument": "VIIRS",
        "confidence": "n",
        "version": "2.0NRT",
        "bright_ti5": 301.4,
        "frp": 13.64,
        "daynight": "D",
        "source_dataset": "VIIRS_SNPP_NRT",
        "acq_datetime_utc": "2026-09-17T13:01:00Z",
        "age_hours": 32.8,
        "confidence_label": "nominal",
        "popup_label": "<strong>NASA FIRMS<\/strong><br>Sensor: VIIRS_SNPP_NRT<br>Fecha UTC: 2026-09-17T13:01:00Z<br>Confianza: nominal<br>FRP: 13.64 MW"
      }
    },
    {
      "type": "Feature",
      "geometry": {
        "type": "Point",
        "coordinates": [4.995, 35.9636]
      },
      "properties": {
        "bright_ti4": 342.04,
        "scan": 0.42,
        "track": 0.37,
        "acq_date": "2026-09-17",
        "acq_time": "1301",
        "satellite": "N",
        "instrument": "VIIRS",
        "confidence": "n",
        "version": "2.0NRT",
        "bright_ti5": 309.6,
        "frp": 8.5,
        "daynight": "D",
        "source_dataset": "VIIRS_SNPP_NRT",
        "acq_datetime_utc": "2026-09-17T13:01:00Z",
        "age_hours": 32.8,
        "confidence_label": "nominal",
        "popup_label": "<strong>NASA FIRMS<\/strong><br>Sensor: VIIRS_SNPP_NRT<br>Fecha UTC: 2026-09-17T13:01:00Z<br>Confianza: nominal<br>FRP: 8.5 MW"
      }
    },
    {
      "type": "Feature",
      "geometry": {
        "type": "Point",
        "coordinates": [-5.4357, 36.1072]
      },
      "properties": {
        "bright_ti4": 341.04,
        "scan": 0.47,
        "track": 0.48,
        "acq_date": "2026-09-17",
        "acq_time": "1301",
        "satellite": "N",
        "instrument": "VIIRS",
        "confidence": "n",
        "version": "2.0NRT",
        "bright_ti5": 300.47,
        "frp": 2.54,
        "daynight": "D",
        "source_dataset": "VIIRS_SNPP_NRT",
        "acq_datetime_utc": "2026-09-17T13:01:00Z",
        "age_hours": 32.8,
        "confidence_label": "nominal",
        "popup_label": "<strong>NASA FIRMS<\/strong><br>Sensor: VIIRS_SNPP_NRT<br>Fecha UTC: 2026-09-17T13:01:00Z<br>Confianza: nominal<br>FRP: 2.54 MW"
      }
    },
    {
      "type": "Feature",
      "geometry": {
        "type": "Point",
        "coordinates": [3.7891, 36.2647]
      },
      "properties": {
        "bright_ti4": 346.76,
        "scan": 0.39,
        "track": 0.36,
        "acq_date": "2026-09-17",
        "acq_time": "1301",
        "satellite": "N",
        "instrument": "VIIRS",
        "confidence": "n",
        "version": "2.0NRT",
        "bright_ti5": 314.3,
        "frp": 8.1,
        "daynight": "D",
        "source_dataset": "VIIRS_SNPP_NRT",
        "acq_datetime_utc": "2026-09-17T13:01:00Z",
        "age_hours": 32.8,
        "confidence_label": "nominal",
        "popup_label": "<strong>NASA FIRMS<\/strong><br>Sensor: VIIRS_SNPP_NRT<br>Fecha UTC: 2026-09-17T13:01:00Z<br>Confianza: nominal<br>FRP: 8.1 MW"
      }
    },
    {
      "type": "Feature",
      "geometry": {
        "type": "Point",
        "coordinates": [4.0055, 36.7527]
      },
      "properties": {
        "bright_ti4": 330.9,
        "scan": 0.4,
        "track": 0.37,
        "acq_date": "2026-09-17",
        "acq_time": "1301",
        "satellite": "N",
        "instrument": "VIIRS",
        "confidence": "l",
        "version": "2.0NRT",
        "bright_ti5": 305.17,
        "frp": 1.67,
        "daynight": "D",
        "source_dataset": "VIIRS_SNPP_NRT",
        "acq_datetime_utc": "2026-09-17T13:01:00Z",
        "age_hours": 32.8,
        "confidence_label": "baja",
        "popup_label": "<strong>NASA FIRMS<\/strong><br>Sensor: VIIRS_SNPP_NRT<br>Fecha UTC: 2026-09-17T13:01:00Z<br>Confianza: baja<br>FRP: 1.67 MW"
      }
    },
    {
      "type": "Feature",
      "geometry": {
        "type": "Point",
        "coordinates": [2.9363, 36.7975]
      },
      "properties": {
        "bright_ti4": 337.85,
        "scan": 0.39,
        "track": 0.36,
        "acq_date": "2026-09-17",
        "acq_time": "1301",
        "satellite": "N",
        "instrument": "VIIRS",
        "confidence": "n",
        "version": "2.0NRT",
        "bright_ti5": 300.03,
        "frp": 4.41,
        "daynight": "D",
        "source_dataset": "VIIRS_SNPP_NRT",
        "acq_datetime_utc": "2026-09-17T13:01:00Z",
        "age_hours": 32.8,
        "confidence_label": "nominal",
        "popup_label": "<strong>NASA FIRMS<\/strong><br>Sensor: VIIRS_SNPP_NRT<br>Fecha UTC: 2026-09-17T13:01:00Z<br>Confianza: nominal<br>FRP: 4.41 MW"
      }
    },
    {
      "type": "Feature",
      "geometry": {
        "type": "Point",
        "coordinates": [-5.6616, 37.3385]
      },
      "properties": {
        "bright_ti4": 338.63,
        "scan": 0.45,
        "track": 0.47,
        "acq_date": "2026-09-17",
        "acq_time": "1301",
        "satellite": "N",
        "instrument": "VIIRS",
        "confidence": "n",
        "version": "2.0NRT",
        "bright_ti5": 305.7,
        "frp": 4.94,
        "daynight": "D",
        "source_dataset": "VIIRS_SNPP_NRT",
        "acq_datetime_utc": "2026-09-17T13:01:00Z",
        "age_hours": 32.8,
        "confidence_label": "nominal",
        "popup_label": "<strong>NASA FIRMS<\/strong><br>Sensor: VIIRS_SNPP_NRT<br>Fecha UTC: 2026-09-17T13:01:00Z<br>Confianza: nominal<br>FRP: 4.94 MW"
      }
    },
    {
      "type": "Feature",
      "geometry": {
        "type": "Point",
        "coordinates": [-5.6516, 37.3407]
      },
      "properties": {
        "bright_ti4": 337.27,
        "scan": 0.45,
        "track": 0.47,
        "acq_date": "2026-09-17",
        "acq_time": "1301",
        "satellite": "N",
        "instrument": "VIIRS",
        "confidence": "n",
        "version": "2.0NRT",
        "bright_ti5": 304.58,
        "frp": 2.67,
        "daynight": "D",
        "source_dataset": "VIIRS_SNPP_NRT",
        "acq_datetime_utc": "2026-09-17T13:01:00Z",
        "age_hours": 32.8,
        "confidence_label": "nominal",
        "popup_label": "<strong>NASA FIRMS<\/strong><br>Sensor: VIIRS_SNPP_NRT<br>Fecha UTC: 2026-09-17T13:01:00Z<br>Confianza: nominal<br>FRP: 2.67 MW"
      }
    },
    {
      "type": "Feature",
      "geometry": {
        "type": "Point",
        "coordinates": [-5.1331, 37.5443]
      },
      "properties": {
        "bright_ti4": 332.46,
        "scan": 0.42,
        "track": 0.45,
        "acq_date": "2026-09-17",
        "acq_time": "1301",
        "satellite": "N",
        "instrument": "VIIRS",
        "confidence": "l",
        "version": "2.0NRT",
        "bright_ti5": 305.49,
        "frp": 2.43,
        "daynight": "D",
        "source_dataset": "VIIRS_SNPP_NRT",
        "acq_datetime_utc": "2026-09-17T13:01:00Z",
        "age_hours": 32.8,
        "confidence_label": "baja",
        "popup_label": "<strong>NASA FIRMS<\/strong><br>Sensor: VIIRS_SNPP_NRT<br>Fecha UTC: 2026-09-17T13:01:00Z<br>Confianza: baja<br>FRP: 2.43 MW"
      }
    },
    {
      "type": "Feature",
      "geometry": {
        "type": "Point",
        "coordinates": [-4.8334, 37.6961]
      },
      "properties": {
        "bright_ti4": 334.7,
        "scan": 0.41,
        "track": 0.45,
        "acq_date": "2026-09-17",
        "acq_time": "1301",
        "satellite": "N",
        "instrument": "VIIRS",
        "confidence": "n",
        "version": "2.0NRT",
        "bright_ti5": 305.04,
        "frp": 2.8,
        "daynight": "D",
        "source_dataset": "VIIRS_SNPP_NRT",
        "acq_datetime_utc": "2026-09-17T13:01:00Z",
        "age_hours": 32.8,
        "confidence_label": "nominal",
        "popup_label": "<strong>NASA FIRMS<\/strong><br>Sensor: VIIRS_SNPP_NRT<br>Fecha UTC: 2026-09-17T13:01:00Z<br>Confianza: nominal<br>FRP: 2.8 MW"
      }
    },
    {
      "type": "Feature",
      "geometry": {
        "type": "Point",
        "coordinates": [-5.7968, 38.9211]
      },
      "properties": {
        "bright_ti4": 336.29,
        "scan": 0.43,
        "track": 0.46,
        "acq_date": "2026-09-17",
        "acq_time": "1301",
        "satellite": "N",
        "instrument": "VIIRS",
        "confidence": "l",
        "version": "2.0NRT",
        "bright_ti5": 308.72,
        "frp": 0.91,
        "daynight": "D",
        "source_dataset": "VIIRS_SNPP_NRT",
        "acq_datetime_utc": "2026-09-17T13:01:00Z",
        "age_hours": 32.8,
        "confidence_label": "baja",
        "popup_label": "<strong>NASA FIRMS<\/strong><br>Sensor: VIIRS_SNPP_NRT<br>Fecha UTC: 2026-09-17T13:01:00Z<br>Confianza: baja<br>FRP: 0.91 MW"
      }
    },
    {
      "type": "Feature",
      "geometry": {
        "type": "Point",
        "coordinates": [-5.7887, 38.9273]
      },
      "properties": {
        "bright_ti4": 341.32,
        "scan": 0.43,
        "track": 0.46,
        "acq_date": "2026-09-17",
        "acq_time": "1301",
        "satellite": "N",
        "instrument": "VIIRS",
        "confidence": "n",
        "version": "2.0NRT",
        "bright_ti5": 310.57,
        "frp": 3.46,
        "daynight": "D",
        "source_dataset": "VIIRS_SNPP_NRT",
        "acq_datetime_utc": "2026-09-17T13:01:00Z",
        "age_hours": 32.8,
        "confidence_label": "nominal",
        "popup_label": "<strong>NASA FIRMS<\/strong><br>Sensor: VIIRS_SNPP_NRT<br>Fecha UTC: 2026-09-17T13:01:00Z<br>Confianza: nominal<br>FRP: 3.46 MW"
      }
    },
    {
      "type": "Feature",
      "geometry": {
        "type": "Point",
        "coordinates": [-5.7951, 38.9303]
      },
      "properties": {
        "bright_ti4": 338.76,
        "scan": 0.43,
        "track": 0.46,
        "acq_date": "2026-09-17",
        "acq_time": "1301",
        "satellite": "N",
        "instrument": "VIIRS",
        "confidence": "n",
        "version": "2.0NRT",
        "bright_ti5": 308.53,
        "frp": 3.46,
        "daynight": "D",
        "source_dataset": "VIIRS_SNPP_NRT",
        "acq_datetime_utc": "2026-09-17T13:01:00Z",
        "age_hours": 32.8,
        "confidence_label": "nominal",
        "popup_label": "<strong>NASA FIRMS<\/strong><br>Sensor: VIIRS_SNPP_NRT<br>Fecha UTC: 2026-09-17T13:01:00Z<br>Confianza: nominal<br>FRP: 3.46 MW"
      }
    },
    {
      "type": "Feature",
      "geometry": {
        "type": "Point",
        "coordinates": [-5.7933, 38.931]
      },
      "properties": {
        "bright_ti4": 348.9,
        "scan": 0.43,
        "track": 0.46,
        "acq_date": "2026-09-17",
        "acq_time": "1301",
        "satellite": "N",
        "instrument": "VIIRS",
        "confidence": "n",
        "version": "2.0NRT",
        "bright_ti5": 309.03,
        "frp": 5.74,
        "daynight": "D",
        "source_dataset": "VIIRS_SNPP_NRT",
        "acq_datetime_utc": "2026-09-17T13:01:00Z",
        "age_hours": 32.8,
        "confidence_label": "nominal",
        "popup_label": "<strong>NASA FIRMS<\/strong><br>Sensor: VIIRS_SNPP_NRT<br>Fecha UTC: 2026-09-17T13:01:00Z<br>Confianza: nominal<br>FRP: 5.74 MW"
      }
    },
    {
      "type": "Feature",
      "geometry": {
        "type": "Point",
        "coordinates": [-5.7902, 38.9314]
      },
      "properties": {
        "bright_ti4": 342.28,
        "scan": 0.43,
        "track": 0.46,
        "acq_date": "2026-09-17",
        "acq_time": "1301",
        "satellite": "N",
        "instrument": "VIIRS",
        "confidence": "n",
        "version": "2.0NRT",
        "bright_ti5": 309.27,
        "frp": 3.46,
        "daynight": "D",
        "source_dataset": "VIIRS_SNPP_NRT",
        "acq_datetime_utc": "2026-09-17T13:01:00Z",
        "age_hours": 32.8,
        "confidence_label": "nominal",
        "popup_label": "<strong>NASA FIRMS<\/strong><br>Sensor: VIIRS_SNPP_NRT<br>Fecha UTC: 2026-09-17T13:01:00Z<br>Confianza: nominal<br>FRP: 3.46 MW"
      }
    },
    {
      "type": "Feature",
      "geometry": {
        "type": "Point",
        "coordinates": [1.9157, 27.0329]
      },
      "properties": {
        "bright_ti4": 367,
        "scan": 0.44,
        "track": 0.39,
        "acq_date": "2026-09-17",
        "acq_time": "1259",
        "satellite": "N",
        "instrument": "VIIRS",
        "confidence": "h",
        "version": "2.0NRT",
        "bright_ti5": 336.96,
        "frp": 119.37,
        "daynight": "D",
        "source_dataset": "VIIRS_SNPP_NRT",
        "acq_datetime_utc": "2026-09-17T12:59:00Z",
        "age_hours": 32.8,
        "confidence_label": "alta",
        "popup_label": "<strong>NASA FIRMS<\/strong><br>Sensor: VIIRS_SNPP_NRT<br>Fecha UTC: 2026-09-17T12:59:00Z<br>Confianza: alta<br>FRP: 119.37 MW"
      }
    },
    {
      "type": "Feature",
      "geometry": {
        "type": "Point",
        "coordinates": [3.7939, 31.5351]
      },
      "properties": {
        "bright_ti4": 342.9,
        "scan": 0.38,
        "track": 0.36,
        "acq_date": "2026-09-17",
        "acq_time": "1259",
        "satellite": "N",
        "instrument": "VIIRS",
        "confidence": "n",
        "version": "2.0NRT",
        "bright_ti5": 308.37,
        "frp": 5.65,
        "daynight": "D",
        "source_dataset": "VIIRS_SNPP_NRT",
        "acq_datetime_utc": "2026-09-17T12:59:00Z",
        "age_hours": 32.8,
        "confidence_label": "nominal",
        "popup_label": "<strong>NASA FIRMS<\/strong><br>Sensor: VIIRS_SNPP_NRT<br>Fecha UTC: 2026-09-17T12:59:00Z<br>Confianza: nominal<br>FRP: 5.65 MW"
      }
    },
    {
      "type": "Feature",
      "geometry": {
        "type": "Point",
        "coordinates": [3.9879, 32.2761]
      },
      "properties": {
        "bright_ti4": 352.45,
        "scan": 0.38,
        "track": 0.36,
        "acq_date": "2026-09-17",
        "acq_time": "1259",
        "satellite": "N",
        "instrument": "VIIRS",
        "confidence": "n",
        "version": "2.0NRT",
        "bright_ti5": 319.22,
        "frp": 12.65,
        "daynight": "D",
        "source_dataset": "VIIRS_SNPP_NRT",
        "acq_datetime_utc": "2026-09-17T12:59:00Z",
        "age_hours": 32.8,
        "confidence_label": "nominal",
        "popup_label": "<strong>NASA FIRMS<\/strong><br>Sensor: VIIRS_SNPP_NRT<br>Fecha UTC: 2026-09-17T12:59:00Z<br>Confianza: nominal<br>FRP: 12.65 MW"
      }
    },
    {
      "type": "Feature",
      "geometry": {
        "type": "Point",
        "coordinates": [4.0085, 32.4014]
      },
      "properties": {
        "bright_ti4": 344.29,
        "scan": 0.39,
        "track": 0.36,
        "acq_date": "2026-09-17",
        "acq_time": "1259",
        "satellite": "N",
        "instrument": "VIIRS",
        "confidence": "l",
        "version": "2.0NRT",
        "bright_ti5": 317.27,
        "frp": 12.03,
        "daynight": "D",
        "source_dataset": "VIIRS_SNPP_NRT",
        "acq_datetime_utc": "2026-09-17T12:59:00Z",
        "age_hours": 32.8,
        "confidence_label": "baja",
        "popup_label": "<strong>NASA FIRMS<\/strong><br>Sensor: VIIRS_SNPP_NRT<br>Fecha UTC: 2026-09-17T12:59:00Z<br>Confianza: baja<br>FRP: 12.03 MW"
      }
    },
    {
      "type": "Feature",
      "geometry": {
        "type": "Point",
        "coordinates": [4.0037, 32.4041]
      },
      "properties": {
        "bright_ti4": 342.14,
        "scan": 0.39,
        "track": 0.36,
        "acq_date": "2026-09-17",
        "acq_time": "1259",
        "satellite": "N",
        "instrument": "VIIRS",
        "confidence": "l",
        "version": "2.0NRT",
        "bright_ti5": 314.46,
        "frp": 12.03,
        "daynight": "D",
        "source_dataset": "VIIRS_SNPP_NRT",
        "acq_datetime_utc": "2026-09-17T12:59:00Z",
        "age_hours": 32.8,
        "confidence_label": "baja",
        "popup_label": "<strong>NASA FIRMS<\/strong><br>Sensor: VIIRS_SNPP_NRT<br>Fecha UTC: 2026-09-17T12:59:00Z<br>Confianza: baja<br>FRP: 12.03 MW"
      }
    },
    {
      "type": "Feature",
      "geometry": {
        "type": "Point",
        "coordinates": [4.0078, 32.4047]
      },
      "properties": {
        "bright_ti4": 341.31,
        "scan": 0.39,
        "track": 0.36,
        "acq_date": "2026-09-17",
        "acq_time": "1259",
        "satellite": "N",
        "instrument": "VIIRS",
        "confidence": "l",
        "version": "2.0NRT",
        "bright_ti5": 313.73,
        "frp": 12.03,
        "daynight": "D",
        "source_dataset": "VIIRS_SNPP_NRT",
        "acq_datetime_utc": "2026-09-17T12:59:00Z",
        "age_hours": 32.8,
        "confidence_label": "baja",
        "popup_label": "<strong>NASA FIRMS<\/strong><br>Sensor: VIIRS_SNPP_NRT<br>Fecha UTC: 2026-09-17T12:59:00Z<br>Confianza: baja<br>FRP: 12.03 MW"
      }
    },
    {
      "type": "Feature",
      "geometry": {
        "type": "Point",
        "coordinates": [3.2356, 32.9343]
      },
      "properties": {
        "bright_ti4": 335.79,
        "scan": 0.38,
        "track": 0.36,
        "acq_date": "2026-09-17",
        "acq_time": "1259",
        "satellite": "N",
        "instrument": "VIIRS",
        "confidence": "l",
        "version": "2.0NRT",
        "bright_ti5": 310.46,
        "frp": 3.09,
        "daynight": "D",
        "source_dataset": "VIIRS_SNPP_NRT",
        "acq_datetime_utc": "2026-09-17T12:59:00Z",
        "age_hours": 32.8,
        "confidence_label": "baja",
        "popup_label": "<strong>NASA FIRMS<\/strong><br>Sensor: VIIRS_SNPP_NRT<br>Fecha UTC: 2026-09-17T12:59:00Z<br>Confianza: baja<br>FRP: 3.09 MW"
      }
    },
    {
      "type": "Feature",
      "geometry": {
        "type": "Point",
        "coordinates": [3.2123, 32.9443]
      },
      "properties": {
        "bright_ti4": 348.44,
        "scan": 0.38,
        "track": 0.36,
        "acq_date": "2026-09-17",
        "acq_time": "1259",
        "satellite": "N",
        "instrument": "VIIRS",
        "confidence": "n",
        "version": "2.0NRT",
        "bright_ti5": 318.59,
        "frp": 15.39,
        "daynight": "D",
        "source_dataset": "VIIRS_SNPP_NRT",
        "acq_datetime_utc": "2026-09-17T12:59:00Z",
        "age_hours": 32.8,
        "confidence_label": "nominal",
        "popup_label": "<strong>NASA FIRMS<\/strong><br>Sensor: VIIRS_SNPP_NRT<br>Fecha UTC: 2026-09-17T12:59:00Z<br>Confianza: nominal<br>FRP: 15.39 MW"
      }
    },
    {
      "type": "Feature",
      "geometry": {
        "type": "Point",
        "coordinates": [0.5558, 32.9449]
      },
      "properties": {
        "bright_ti4": 340.69,
        "scan": 0.43,
        "track": 0.38,
        "acq_date": "2026-09-17",
        "acq_time": "1259",
        "satellite": "N",
        "instrument": "VIIRS",
        "confidence": "l",
        "version": "2.0NRT",
        "bright_ti5": 312.48,
        "frp": 2.81,
        "daynight": "D",
        "source_dataset": "VIIRS_SNPP_NRT",
        "acq_datetime_utc": "2026-09-17T12:59:00Z",
        "age_hours": 32.8,
        "confidence_label": "baja",
        "popup_label": "<strong>NASA FIRMS<\/strong><br>Sensor: VIIRS_SNPP_NRT<br>Fecha UTC: 2026-09-17T12:59:00Z<br>Confianza: baja<br>FRP: 2.81 MW"
      }
    },
    {
      "type": "Feature",
      "geometry": {
        "type": "Point",
        "coordinates": [3.3646, 33.1407]
      },
      "properties": {
        "bright_ti4": 341.37,
        "scan": 0.38,
        "track": 0.36,
        "acq_date": "2026-09-17",
        "acq_time": "1259",
        "satellite": "N",
        "instrument": "VIIRS",
        "confidence": "l",
        "version": "2.0NRT",
        "bright_ti5": 312.39,
        "frp": 4.7,
        "daynight": "D",
        "source_dataset": "VIIRS_SNPP_NRT",
        "acq_datetime_utc": "2026-09-17T12:59:00Z",
        "age_hours": 32.8,
        "confidence_label": "baja",
        "popup_label": "<strong>NASA FIRMS<\/strong><br>Sensor: VIIRS_SNPP_NRT<br>Fecha UTC: 2026-09-17T12:59:00Z<br>Confianza: baja<br>FRP: 4.7 MW"
      }
    },
    {
      "type": "Feature",
      "geometry": {
        "type": "Point",
        "coordinates": [-7.7508, 33.3665]
      },
      "properties": {
        "bright_ti4": 300.01,
        "scan": 0.47,
        "track": 0.64,
        "acq_date": "2026-09-17",
        "acq_time": "0321",
        "satellite": "N",
        "instrument": "VIIRS",
        "confidence": "n",
        "version": "2.0NRT",
        "bright_ti5": 288.62,
        "frp": 0.89,
        "daynight": "N",
        "source_dataset": "VIIRS_SNPP_NRT",
        "acq_datetime_utc": "2026-09-17T03:21:00Z",
        "age_hours": 42.4,
        "confidence_label": "nominal",
        "popup_label": "<strong>NASA FIRMS<\/strong><br>Sensor: VIIRS_SNPP_NRT<br>Fecha UTC: 2026-09-17T03:21:00Z<br>Confianza: nominal<br>FRP: 0.89 MW"
      }
    },
    {
      "type": "Feature",
      "geometry": {
        "type": "Point",
        "coordinates": [-7.5518, 33.5093]
      },
      "properties": {
        "bright_ti4": 313.99,
        "scan": 0.48,
        "track": 0.64,
        "acq_date": "2026-09-17",
        "acq_time": "0321",
        "satellite": "N",
        "instrument": "VIIRS",
        "confidence": "n",
        "version": "2.0NRT",
        "bright_ti5": 288.34,
        "frp": 1.54,
        "daynight": "N",
        "source_dataset": "VIIRS_SNPP_NRT",
        "acq_datetime_utc": "2026-09-17T03:21:00Z",
        "age_hours": 42.4,
        "confidence_label": "nominal",
        "popup_label": "<strong>NASA FIRMS<\/strong><br>Sensor: VIIRS_SNPP_NRT<br>Fecha UTC: 2026-09-17T03:21:00Z<br>Confianza: nominal<br>FRP: 1.54 MW"
      }
    },
    {
      "type": "Feature",
      "geometry": {
        "type": "Point",
        "coordinates": [-5.1545, 37.3766]
      },
      "properties": {
        "bright_ti4": 310.78,
        "scan": 0.5,
        "track": 0.66,
        "acq_date": "2026-09-17",
        "acq_time": "0321",
        "satellite": "N",
        "instrument": "VIIRS",
        "confidence": "n",
        "version": "2.0NRT",
        "bright_ti5": 286.32,
        "frp": 1.21,
        "daynight": "N",
        "source_dataset": "VIIRS_SNPP_NRT",
        "acq_datetime_utc": "2026-09-17T03:21:00Z",
        "age_hours": 42.4,
        "confidence_label": "nominal",
        "popup_label": "<strong>NASA FIRMS<\/strong><br>Sensor: VIIRS_SNPP_NRT<br>Fecha UTC: 2026-09-17T03:21:00Z<br>Confianza: nominal<br>FRP: 1.21 MW"
      }
    },
    {
      "type": "Feature",
      "geometry": {
        "type": "Point",
        "coordinates": [-5.1539, 37.3778]
      },
      "properties": {
        "bright_ti4": 307.65,
        "scan": 0.5,
        "track": 0.66,
        "acq_date": "2026-09-17",
        "acq_time": "0321",
        "satellite": "N",
        "instrument": "VIIRS",
        "confidence": "n",
        "version": "2.0NRT",
        "bright_ti5": 286.31,
        "frp": 1.36,
        "daynight": "N",
        "source_dataset": "VIIRS_SNPP_NRT",
        "acq_datetime_utc": "2026-09-17T03:21:00Z",
        "age_hours": 42.4,
        "confidence_label": "nominal",
        "popup_label": "<strong>NASA FIRMS<\/strong><br>Sensor: VIIRS_SNPP_NRT<br>Fecha UTC: 2026-09-17T03:21:00Z<br>Confianza: nominal<br>FRP: 1.36 MW"
      }
    },
    {
      "type": "Feature",
      "geometry": {
        "type": "Point",
        "coordinates": [-5.16, 37.3782]
      },
      "properties": {
        "bright_ti4": 296.71,
        "scan": 0.5,
        "track": 0.66,
        "acq_date": "2026-09-17",
        "acq_time": "0321",
        "satellite": "N",
        "instrument": "VIIRS",
        "confidence": "n",
        "version": "2.0NRT",
        "bright_ti5": 286.24,
        "frp": 1.21,
        "daynight": "N",
        "source_dataset": "VIIRS_SNPP_NRT",
        "acq_datetime_utc": "2026-09-17T03:21:00Z",
        "age_hours": 42.4,
        "confidence_label": "nominal",
        "popup_label": "<strong>NASA FIRMS<\/strong><br>Sensor: VIIRS_SNPP_NRT<br>Fecha UTC: 2026-09-17T03:21:00Z<br>Confianza: nominal<br>FRP: 1.21 MW"
      }
    },
    {
      "type": "Feature",
      "geometry": {
        "type": "Point",
        "coordinates": [-5.1594, 37.3794]
      },
      "properties": {
        "bright_ti4": 301.33,
        "scan": 0.5,
        "track": 0.66,
        "acq_date": "2026-09-17",
        "acq_time": "0321",
        "satellite": "N",
        "instrument": "VIIRS",
        "confidence": "n",
        "version": "2.0NRT",
        "bright_ti5": 286.3,
        "frp": 1.53,
        "daynight": "N",
        "source_dataset": "VIIRS_SNPP_NRT",
        "acq_datetime_utc": "2026-09-17T03:21:00Z",
        "age_hours": 42.4,
        "confidence_label": "nominal",
        "popup_label": "<strong>NASA FIRMS<\/strong><br>Sensor: VIIRS_SNPP_NRT<br>Fecha UTC: 2026-09-17T03:21:00Z<br>Confianza: nominal<br>FRP: 1.53 MW"
      }
    },
    {
      "type": "Feature",
      "geometry": {
        "type": "Point",
        "coordinates": [-9.0129, 38.9205]
      },
      "properties": {
        "bright_ti4": 302.23,
        "scan": 0.58,
        "track": 0.52,
        "acq_date": "2026-09-17",
        "acq_time": "0321",
        "satellite": "N",
        "instrument": "VIIRS",
        "confidence": "n",
        "version": "2.0NRT",
        "bright_ti5": 290.14,
        "frp": 1.24,
        "daynight": "N",
        "source_dataset": "VIIRS_SNPP_NRT",
        "acq_datetime_utc": "2026-09-17T03:21:00Z",
        "age_hours": 42.4,
        "confidence_label": "nominal",
        "popup_label": "<strong>NASA FIRMS<\/strong><br>Sensor: VIIRS_SNPP_NRT<br>Fecha UTC: 2026-09-17T03:21:00Z<br>Confianza: nominal<br>FRP: 1.24 MW"
      }
    },
    {
      "type": "Feature",
      "geometry": {
        "type": "Point",
        "coordinates": [-8.9045, 39.6851]
      },
      "properties": {
        "bright_ti4": 299.64,
        "scan": 0.57,
        "track": 0.52,
        "acq_date": "2026-09-17",
        "acq_time": "0321",
        "satellite": "N",
        "instrument": "VIIRS",
        "confidence": "n",
        "version": "2.0NRT",
        "bright_ti5": 287.65,
        "frp": 1.02,
        "daynight": "N",
        "source_dataset": "VIIRS_SNPP_NRT",
        "acq_datetime_utc": "2026-09-17T03:21:00Z",
        "age_hours": 42.4,
        "confidence_label": "nominal",
        "popup_label": "<strong>NASA FIRMS<\/strong><br>Sensor: VIIRS_SNPP_NRT<br>Fecha UTC: 2026-09-17T03:21:00Z<br>Confianza: nominal<br>FRP: 1.02 MW"
      }
    },
    {
      "type": "Feature",
      "geometry": {
        "type": "Point",
        "coordinates": [-4.1261, 40.9324]
      },
      "properties": {
        "bright_ti4": 295.2,
        "scan": 0.45,
        "track": 0.63,
        "acq_date": "2026-09-17",
        "acq_time": "0319",
        "satellite": "N",
        "instrument": "VIIRS",
        "confidence": "n",
        "version": "2.0NRT",
        "bright_ti5": 278.41,
        "frp": 0.43,
        "daynight": "N",
        "source_dataset": "VIIRS_SNPP_NRT",
        "acq_datetime_utc": "2026-09-17T03:19:00Z",
        "age_hours": 42.5,
        "confidence_label": "nominal",
        "popup_label": "<strong>NASA FIRMS<\/strong><br>Sensor: VIIRS_SNPP_NRT<br>Fecha UTC: 2026-09-17T03:19:00Z<br>Confianza: nominal<br>FRP: 0.43 MW"
      }
    },
    {
      "type": "Feature",
      "geometry": {
        "type": "Point",
        "coordinates": [-6.9711, 41.0473]
      },
      "properties": {
        "bright_ti4": 322.45,
        "scan": 0.33,
        "track": 0.55,
        "acq_date": "2026-09-17",
        "acq_time": "0319",
        "satellite": "N",
        "instrument": "VIIRS",
        "confidence": "n",
        "version": "2.0NRT",
        "bright_ti5": 286.88,
        "frp": 1.67,
        "daynight": "N",
        "source_dataset": "VIIRS_SNPP_NRT",
        "acq_datetime_utc": "2026-09-17T03:19:00Z",
        "age_hours": 42.5,
        "confidence_label": "nominal",
        "popup_label": "<strong>NASA FIRMS<\/strong><br>Sensor: VIIRS_SNPP_NRT<br>Fecha UTC: 2026-09-17T03:19:00Z<br>Confianza: nominal<br>FRP: 1.67 MW"
      }
    },
    {
      "type": "Feature",
      "geometry": {
        "type": "Point",
        "coordinates": [-6.9749, 41.0483]
      },
      "properties": {
        "bright_ti4": 314.68,
        "scan": 0.33,
        "track": 0.55,
        "acq_date": "2026-09-17",
        "acq_time": "0319",
        "satellite": "N",
        "instrument": "VIIRS",
        "confidence": "n",
        "version": "2.0NRT",
        "bright_ti5": 285.91,
        "frp": 1.67,
        "daynight": "N",
        "source_dataset": "VIIRS_SNPP_NRT",
        "acq_datetime_utc": "2026-09-17T03:19:00Z",
        "age_hours": 42.5,
        "confidence_label": "nominal",
        "popup_label": "<strong>NASA FIRMS<\/strong><br>Sensor: VIIRS_SNPP_NRT<br>Fecha UTC: 2026-09-17T03:19:00Z<br>Confianza: nominal<br>FRP: 1.67 MW"
      }
    },
    {
      "type": "Feature",
      "geometry": {
        "type": "Point",
        "coordinates": [-6.9712, 41.0527]
      },
      "properties": {
        "bright_ti4": 306.2,
        "scan": 0.33,
        "track": 0.55,
        "acq_date": "2026-09-17",
        "acq_time": "0319",
        "satellite": "N",
        "instrument": "VIIRS",
        "confidence": "n",
        "version": "2.0NRT",
        "bright_ti5": 285.32,
        "frp": 0.57,
        "daynight": "N",
        "source_dataset": "VIIRS_SNPP_NRT",
        "acq_datetime_utc": "2026-09-17T03:19:00Z",
        "age_hours": 42.5,
        "confidence_label": "nominal",
        "popup_label": "<strong>NASA FIRMS<\/strong><br>Sensor: VIIRS_SNPP_NRT<br>Fecha UTC: 2026-09-17T03:19:00Z<br>Confianza: nominal<br>FRP: 0.57 MW"
      }
    },
    {
      "type": "Feature",
      "geometry": {
        "type": "Point",
        "coordinates": [-8.026, 41.4802]
      },
      "properties": {
        "bright_ti4": 298.04,
        "scan": 0.56,
        "track": 0.52,
        "acq_date": "2026-09-17",
        "acq_time": "0319",
        "satellite": "N",
        "instrument": "VIIRS",
        "confidence": "n",
        "version": "2.0NRT",
        "bright_ti5": 284.2,
        "frp": 3.16,
        "daynight": "N",
        "source_dataset": "VIIRS_SNPP_NRT",
        "acq_datetime_utc": "2026-09-17T03:19:00Z",
        "age_hours": 42.5,
        "confidence_label": "nominal",
        "popup_label": "<strong>NASA FIRMS<\/strong><br>Sensor: VIIRS_SNPP_NRT<br>Fecha UTC: 2026-09-17T03:19:00Z<br>Confianza: nominal<br>FRP: 3.16 MW"
      }
    },
    {
      "type": "Feature",
      "geometry": {
        "type": "Point",
        "coordinates": [-8.0332, 41.482]
      },
      "properties": {
        "bright_ti4": 311.05,
        "scan": 0.56,
        "track": 0.52,
        "acq_date": "2026-09-17",
        "acq_time": "0319",
        "satellite": "N",
        "instrument": "VIIRS",
        "confidence": "n",
        "version": "2.0NRT",
        "bright_ti5": 284.63,
        "frp": 7.02,
        "daynight": "N",
        "source_dataset": "VIIRS_SNPP_NRT",
        "acq_datetime_utc": "2026-09-17T03:19:00Z",
        "age_hours": 42.5,
        "confidence_label": "nominal",
        "popup_label": "<strong>NASA FIRMS<\/strong><br>Sensor: VIIRS_SNPP_NRT<br>Fecha UTC: 2026-09-17T03:19:00Z<br>Confianza: nominal<br>FRP: 7.02 MW"
      }
    },
    {
      "type": "Feature",
      "geometry": {
        "type": "Point",
        "coordinates": [-8.0255, 41.4851]
      },
      "properties": {
        "bright_ti4": 323.07,
        "scan": 0.56,
        "track": 0.52,
        "acq_date": "2026-09-17",
        "acq_time": "0319",
        "satellite": "N",
        "instrument": "VIIRS",
        "confidence": "n",
        "version": "2.0NRT",
        "bright_ti5": 285.32,
        "frp": 3.16,
        "daynight": "N",
        "source_dataset": "VIIRS_SNPP_NRT",
        "acq_datetime_utc": "2026-09-17T03:19:00Z",
        "age_hours": 42.5,
        "confidence_label": "nominal",
        "popup_label": "<strong>NASA FIRMS<\/strong><br>Sensor: VIIRS_SNPP_NRT<br>Fecha UTC: 2026-09-17T03:19:00Z<br>Confianza: nominal<br>FRP: 3.16 MW"
      }
    },
    {
      "type": "Feature",
      "geometry": {
        "type": "Point",
        "coordinates": [-8.0327, 41.4869]
      },
      "properties": {
        "bright_ti4": 341.72,
        "scan": 0.56,
        "track": 0.52,
        "acq_date": "2026-09-17",
        "acq_time": "0319",
        "satellite": "N",
        "instrument": "VIIRS",
        "confidence": "n",
        "version": "2.0NRT",
        "bright_ti5": 287.35,
        "frp": 7.02,
        "daynight": "N",
        "source_dataset": "VIIRS_SNPP_NRT",
        "acq_datetime_utc": "2026-09-17T03:19:00Z",
        "age_hours": 42.5,
        "confidence_label": "nominal",
        "popup_label": "<strong>NASA FIRMS<\/strong><br>Sensor: VIIRS_SNPP_NRT<br>Fecha UTC: 2026-09-17T03:19:00Z<br>Confianza: nominal<br>FRP: 7.02 MW"
      }
    },
    {
      "type": "Feature",
      "geometry": {
        "type": "Point",
        "coordinates": [-8.3368, 41.7325]
      },
      "properties": {
        "bright_ti4": 337.72,
        "scan": 0.54,
        "track": 0.51,
        "acq_date": "2026-09-17",
        "acq_time": "0319",
        "satellite": "N",
        "instrument": "VIIRS",
        "confidence": "n",
        "version": "2.0NRT",
        "bright_ti5": 288.42,
        "frp": 9.94,
        "daynight": "N",
        "source_dataset": "VIIRS_SNPP_NRT",
        "acq_datetime_utc": "2026-09-17T03:19:00Z",
        "age_hours": 42.5,
        "confidence_label": "nominal",
        "popup_label": "<strong>NASA FIRMS<\/strong><br>Sensor: VIIRS_SNPP_NRT<br>Fecha UTC: 2026-09-17T03:19:00Z<br>Confianza: nominal<br>FRP: 9.94 MW"
      }
    },
    {
      "type": "Feature",
      "geometry": {
        "type": "Point",
        "coordinates": [-8.3357, 41.7372]
      },
      "properties": {
        "bright_ti4": 353.96,
        "scan": 0.54,
        "track": 0.51,
        "acq_date": "2026-09-17",
        "acq_time": "0319",
        "satellite": "N",
        "instrument": "VIIRS",
        "confidence": "n",
        "version": "2.0NRT",
        "bright_ti5": 287.55,
        "frp": 9.94,
        "daynight": "N",
        "source_dataset": "VIIRS_SNPP_NRT",
        "acq_datetime_utc": "2026-09-17T03:19:00Z",
        "age_hours": 42.5,
        "confidence_label": "nominal",
        "popup_label": "<strong>NASA FIRMS<\/strong><br>Sensor: VIIRS_SNPP_NRT<br>Fecha UTC: 2026-09-17T03:19:00Z<br>Confianza: nominal<br>FRP: 9.94 MW"
      }
    },
    {
      "type": "Feature",
      "geometry": {
        "type": "Point",
        "coordinates": [-8.3434, 41.7392]
      },
      "properties": {
        "bright_ti4": 303.7,
        "scan": 0.54,
        "track": 0.51,
        "acq_date": "2026-09-17",
        "acq_time": "0319",
        "satellite": "N",
        "instrument": "VIIRS",
        "confidence": "n",
        "version": "2.0NRT",
        "bright_ti5": 283.42,
        "frp": 7.63,
        "daynight": "N",
        "source_dataset": "VIIRS_SNPP_NRT",
        "acq_datetime_utc": "2026-09-17T03:19:00Z",
        "age_hours": 42.5,
        "confidence_label": "nominal",
        "popup_label": "<strong>NASA FIRMS<\/strong><br>Sensor: VIIRS_SNPP_NRT<br>Fecha UTC: 2026-09-17T03:19:00Z<br>Confianza: nominal<br>FRP: 7.63 MW"
      }
    },
    {
      "type": "Feature",
      "geometry": {
        "type": "Point",
        "coordinates": [-8.334, 41.7418]
      },
      "properties": {
        "bright_ti4": 337.25,
        "scan": 0.54,
        "track": 0.51,
        "acq_date": "2026-09-17",
        "acq_time": "0319",
        "satellite": "N",
        "instrument": "VIIRS",
        "confidence": "n",
        "version": "2.0NRT",
        "bright_ti5": 286.15,
        "frp": 5.26,
        "daynight": "N",
        "source_dataset": "VIIRS_SNPP_NRT",
        "acq_datetime_utc": "2026-09-17T03:19:00Z",
        "age_hours": 42.5,
        "confidence_label": "nominal",
        "popup_label": "<strong>NASA FIRMS<\/strong><br>Sensor: VIIRS_SNPP_NRT<br>Fecha UTC: 2026-09-17T03:19:00Z<br>Confianza: nominal<br>FRP: 5.26 MW"
      }
    },
    {
      "type": "Feature",
      "geometry": {
        "type": "Point",
        "coordinates": [-1.2764, 41.9342]
      },
      "properties": {
        "bright_ti4": 300.72,
        "scan": 0.57,
        "track": 0.69,
        "acq_date": "2026-09-17",
        "acq_time": "0319",
        "satellite": "N",
        "instrument": "VIIRS",
        "confidence": "n",
        "version": "2.0NRT",
        "bright_ti5": 281.4,
        "frp": 0.83,
        "daynight": "N",
        "source_dataset": "VIIRS_SNPP_NRT",
        "acq_datetime_utc": "2026-09-17T03:19:00Z",
        "age_hours": 42.5,
        "confidence_label": "nominal",
        "popup_label": "<strong>NASA FIRMS<\/strong><br>Sensor: VIIRS_SNPP_NRT<br>Fecha UTC: 2026-09-17T03:19:00Z<br>Confianza: nominal<br>FRP: 0.83 MW"
      }
    },
    {
      "type": "Feature",
      "geometry": {
        "type": "Point",
        "coordinates": [-1.2772, 41.9356]
      },
      "properties": {
        "bright_ti4": 303.74,
        "scan": 0.57,
        "track": 0.69,
        "acq_date": "2026-09-17",
        "acq_time": "0319",
        "satellite": "N",
        "instrument": "VIIRS",
        "confidence": "n",
        "version": "2.0NRT",
        "bright_ti5": 281.5,
        "frp": 0.93,
        "daynight": "N",
        "source_dataset": "VIIRS_SNPP_NRT",
        "acq_datetime_utc": "2026-09-17T03:19:00Z",
        "age_hours": 42.5,
        "confidence_label": "nominal",
        "popup_label": "<strong>NASA FIRMS<\/strong><br>Sensor: VIIRS_SNPP_NRT<br>Fecha UTC: 2026-09-17T03:19:00Z<br>Confianza: nominal<br>FRP: 0.93 MW"
      }
    },
    {
      "type": "Feature",
      "geometry": {
        "type": "Point",
        "coordinates": [-1.2831, 41.9363]
      },
      "properties": {
        "bright_ti4": 296.16,
        "scan": 0.57,
        "track": 0.69,
        "acq_date": "2026-09-17",
        "acq_time": "0319",
        "satellite": "N",
        "instrument": "VIIRS",
        "confidence": "n",
        "version": "2.0NRT",
        "bright_ti5": 281.21,
        "frp": 0.83,
        "daynight": "N",
        "source_dataset": "VIIRS_SNPP_NRT",
        "acq_datetime_utc": "2026-09-17T03:19:00Z",
        "age_hours": 42.5,
        "confidence_label": "nominal",
        "popup_label": "<strong>NASA FIRMS<\/strong><br>Sensor: VIIRS_SNPP_NRT<br>Fecha UTC: 2026-09-17T03:19:00Z<br>Confianza: nominal<br>FRP: 0.83 MW"
      }
    },
    {
      "type": "Feature",
      "geometry": {
        "type": "Point",
        "coordinates": [-5.8588, 43.5514]
      },
      "properties": {
        "bright_ti4": 302.01,
        "scan": 0.63,
        "track": 0.54,
        "acq_date": "2026-09-17",
        "acq_time": "0319",
        "satellite": "N",
        "instrument": "VIIRS",
        "confidence": "n",
        "version": "2.0NRT",
        "bright_ti5": 284.58,
        "frp": 0.92,
        "daynight": "N",
        "source_dataset": "VIIRS_SNPP_NRT",
        "acq_datetime_utc": "2026-09-17T03:19:00Z",
        "age_hours": 42.5,
        "confidence_label": "nominal",
        "popup_label": "<strong>NASA FIRMS<\/strong><br>Sensor: VIIRS_SNPP_NRT<br>Fecha UTC: 2026-09-17T03:19:00Z<br>Confianza: nominal<br>FRP: 0.92 MW"
      }
    },
    {
      "type": "Feature",
      "geometry": {
        "type": "Point",
        "coordinates": [-5.8568, 43.5515]
      },
      "properties": {
        "bright_ti4": 296.14,
        "scan": 0.63,
        "track": 0.54,
        "acq_date": "2026-09-17",
        "acq_time": "0319",
        "satellite": "N",
        "instrument": "VIIRS",
        "confidence": "n",
        "version": "2.0NRT",
        "bright_ti5": 284.17,
        "frp": 2.16,
        "daynight": "N",
        "source_dataset": "VIIRS_SNPP_NRT",
        "acq_datetime_utc": "2026-09-17T03:19:00Z",
        "age_hours": 42.5,
        "confidence_label": "nominal",
        "popup_label": "<strong>NASA FIRMS<\/strong><br>Sensor: VIIRS_SNPP_NRT<br>Fecha UTC: 2026-09-17T03:19:00Z<br>Confianza: nominal<br>FRP: 2.16 MW"
      }
    },
    {
      "type": "Feature",
      "geometry": {
        "type": "Point",
        "coordinates": [-0.5182, 28.1988]
      },
      "properties": {
        "bright_ti4": 321.28,
        "scan": 0.47,
        "track": 0.39,
        "acq_date": "2026-09-17",
        "acq_time": "0143",
        "satellite": "N",
        "instrument": "VIIRS",
        "confidence": "n",
        "version": "2.0NRT",
        "bright_ti5": 294.65,
        "frp": 2.32,
        "daynight": "N",
        "source_dataset": "VIIRS_SNPP_NRT",
        "acq_datetime_utc": "2026-09-17T01:43:00Z",
        "age_hours": 44.1,
        "confidence_label": "nominal",
        "popup_label": "<strong>NASA FIRMS<\/strong><br>Sensor: VIIRS_SNPP_NRT<br>Fecha UTC: 2026-09-17T01:43:00Z<br>Confianza: nominal<br>FRP: 2.32 MW"
      }
    },
    {
      "type": "Feature",
      "geometry": {
        "type": "Point",
        "coordinates": [3.1681, 32.5548]
      },
      "properties": {
        "bright_ti4": 329.8,
        "scan": 0.39,
        "track": 0.36,
        "acq_date": "2026-09-17",
        "acq_time": "0141",
        "satellite": "N",
        "instrument": "VIIRS",
        "confidence": "n",
        "version": "2.0NRT",
        "bright_ti5": 290.33,
        "frp": 2.83,
        "daynight": "N",
        "source_dataset": "VIIRS_SNPP_NRT",
        "acq_datetime_utc": "2026-09-17T01:41:00Z",
        "age_hours": 44.1,
        "confidence_label": "nominal",
        "popup_label": "<strong>NASA FIRMS<\/strong><br>Sensor: VIIRS_SNPP_NRT<br>Fecha UTC: 2026-09-17T01:41:00Z<br>Confianza: nominal<br>FRP: 2.83 MW"
      }
    },
    {
      "type": "Feature",
      "geometry": {
        "type": "Point",
        "coordinates": [3.1838, 32.745]
      },
      "properties": {
        "bright_ti4": 304.79,
        "scan": 0.39,
        "track": 0.36,
        "acq_date": "2026-09-17",
        "acq_time": "0141",
        "satellite": "N",
        "instrument": "VIIRS",
        "confidence": "n",
        "version": "2.0NRT",
        "bright_ti5": 292.19,
        "frp": 0.99,
        "daynight": "N",
        "source_dataset": "VIIRS_SNPP_NRT",
        "acq_datetime_utc": "2026-09-17T01:41:00Z",
        "age_hours": 44.1,
        "confidence_label": "nominal",
        "popup_label": "<strong>NASA FIRMS<\/strong><br>Sensor: VIIRS_SNPP_NRT<br>Fecha UTC: 2026-09-17T01:41:00Z<br>Confianza: nominal<br>FRP: 0.99 MW"
      }
    },
    {
      "type": "Feature",
      "geometry": {
        "type": "Point",
        "coordinates": [3.1797, 32.7457]
      },
      "properties": {
        "bright_ti4": 309.96,
        "scan": 0.39,
        "track": 0.36,
        "acq_date": "2026-09-17",
        "acq_time": "0141",
        "satellite": "N",
        "instrument": "VIIRS",
        "confidence": "n",
        "version": "2.0NRT",
        "bright_ti5": 293.5,
        "frp": 0.99,
        "daynight": "N",
        "source_dataset": "VIIRS_SNPP_NRT",
        "acq_datetime_utc": "2026-09-17T01:41:00Z",
        "age_hours": 44.1,
        "confidence_label": "nominal",
        "popup_label": "<strong>NASA FIRMS<\/strong><br>Sensor: VIIRS_SNPP_NRT<br>Fecha UTC: 2026-09-17T01:41:00Z<br>Confianza: nominal<br>FRP: 0.99 MW"
      }
    },
    {
      "type": "Feature",
      "geometry": {
        "type": "Point",
        "coordinates": [3.1845, 32.7484]
      },
      "properties": {
        "bright_ti4": 310.4,
        "scan": 0.39,
        "track": 0.36,
        "acq_date": "2026-09-17",
        "acq_time": "0141",
        "satellite": "N",
        "instrument": "VIIRS",
        "confidence": "n",
        "version": "2.0NRT",
        "bright_ti5": 292.43,
        "frp": 0.9,
        "daynight": "N",
        "source_dataset": "VIIRS_SNPP_NRT",
        "acq_datetime_utc": "2026-09-17T01:41:00Z",
        "age_hours": 44.1,
        "confidence_label": "nominal",
        "popup_label": "<strong>NASA FIRMS<\/strong><br>Sensor: VIIRS_SNPP_NRT<br>Fecha UTC: 2026-09-17T01:41:00Z<br>Confianza: nominal<br>FRP: 0.9 MW"
      }
    },
    {
      "type": "Feature",
      "geometry": {
        "type": "Point",
        "coordinates": [3.2403, 32.8383]
      },
      "properties": {
        "bright_ti4": 305.91,
        "scan": 0.39,
        "track": 0.36,
        "acq_date": "2026-09-17",
        "acq_time": "0141",
        "satellite": "N",
        "instrument": "VIIRS",
        "confidence": "n",
        "version": "2.0NRT",
        "bright_ti5": 291.57,
        "frp": 0.73,
        "daynight": "N",
        "source_dataset": "VIIRS_SNPP_NRT",
        "acq_datetime_utc": "2026-09-17T01:41:00Z",
        "age_hours": 44.1,
        "confidence_label": "nominal",
        "popup_label": "<strong>NASA FIRMS<\/strong><br>Sensor: VIIRS_SNPP_NRT<br>Fecha UTC: 2026-09-17T01:41:00Z<br>Confianza: nominal<br>FRP: 0.73 MW"
      }
    },
    {
      "type": "Feature",
      "geometry": {
        "type": "Point",
        "coordinates": [3.3954, 32.8426]
      },
      "properties": {
        "bright_ti4": 304.51,
        "scan": 0.39,
        "track": 0.36,
        "acq_date": "2026-09-17",
        "acq_time": "0141",
        "satellite": "N",
        "instrument": "VIIRS",
        "confidence": "n",
        "version": "2.0NRT",
        "bright_ti5": 282.74,
        "frp": 1.16,
        "daynight": "N",
        "source_dataset": "VIIRS_SNPP_NRT",
        "acq_datetime_utc": "2026-09-17T01:41:00Z",
        "age_hours": 44.1,
        "confidence_label": "nominal",
        "popup_label": "<strong>NASA FIRMS<\/strong><br>Sensor: VIIRS_SNPP_NRT<br>Fecha UTC: 2026-09-17T01:41:00Z<br>Confianza: nominal<br>FRP: 1.16 MW"
      }
    },
    {
      "type": "Feature",
      "geometry": {
        "type": "Point",
        "coordinates": [3.3913, 32.8433]
      },
      "properties": {
        "bright_ti4": 310.26,
        "scan": 0.39,
        "track": 0.36,
        "acq_date": "2026-09-17",
        "acq_time": "0141",
        "satellite": "N",
        "instrument": "VIIRS",
        "confidence": "n",
        "version": "2.0NRT",
        "bright_ti5": 281.85,
        "frp": 1.54,
        "daynight": "N",
        "source_dataset": "VIIRS_SNPP_NRT",
        "acq_datetime_utc": "2026-09-17T01:41:00Z",
        "age_hours": 44.1,
        "confidence_label": "nominal",
        "popup_label": "<strong>NASA FIRMS<\/strong><br>Sensor: VIIRS_SNPP_NRT<br>Fecha UTC: 2026-09-17T01:41:00Z<br>Confianza: nominal<br>FRP: 1.54 MW"
      }
    },
    {
      "type": "Feature",
      "geometry": {
        "type": "Point",
        "coordinates": [3.2319, 32.9305]
      },
      "properties": {
        "bright_ti4": 310.28,
        "scan": 0.39,
        "track": 0.36,
        "acq_date": "2026-09-17",
        "acq_time": "0141",
        "satellite": "N",
        "instrument": "VIIRS",
        "confidence": "n",
        "version": "2.0NRT",
        "bright_ti5": 292.54,
        "frp": 1.28,
        "daynight": "N",
        "source_dataset": "VIIRS_SNPP_NRT",
        "acq_datetime_utc": "2026-09-17T01:41:00Z",
        "age_hours": 44.1,
        "confidence_label": "nominal",
        "popup_label": "<strong>NASA FIRMS<\/strong><br>Sensor: VIIRS_SNPP_NRT<br>Fecha UTC: 2026-09-17T01:41:00Z<br>Confianza: nominal<br>FRP: 1.28 MW"
      }
    },
    {
      "type": "Feature",
      "geometry": {
        "type": "Point",
        "coordinates": [3.2451, 32.932]
      },
      "properties": {
        "bright_ti4": 303.49,
        "scan": 0.39,
        "track": 0.36,
        "acq_date": "2026-09-17",
        "acq_time": "0141",
        "satellite": "N",
        "instrument": "VIIRS",
        "confidence": "n",
        "version": "2.0NRT",
        "bright_ti5": 291.48,
        "frp": 0.79,
        "daynight": "N",
        "source_dataset": "VIIRS_SNPP_NRT",
        "acq_datetime_utc": "2026-09-17T01:41:00Z",
        "age_hours": 44.1,
        "confidence_label": "nominal",
        "popup_label": "<strong>NASA FIRMS<\/strong><br>Sensor: VIIRS_SNPP_NRT<br>Fecha UTC: 2026-09-17T01:41:00Z<br>Confianza: nominal<br>FRP: 0.79 MW"
      }
    },
    {
      "type": "Feature",
      "geometry": {
        "type": "Point",
        "coordinates": [3.2242, 32.935]
      },
      "properties": {
        "bright_ti4": 306.17,
        "scan": 0.39,
        "track": 0.36,
        "acq_date": "2026-09-17",
        "acq_time": "0141",
        "satellite": "N",
        "instrument": "VIIRS",
        "confidence": "n",
        "version": "2.0NRT",
        "bright_ti5": 293.85,
        "frp": 1.53,
        "daynight": "N",
        "source_dataset": "VIIRS_SNPP_NRT",
        "acq_datetime_utc": "2026-09-17T01:41:00Z",
        "age_hours": 44.1,
        "confidence_label": "nominal",
        "popup_label": "<strong>NASA FIRMS<\/strong><br>Sensor: VIIRS_SNPP_NRT<br>Fecha UTC: 2026-09-17T01:41:00Z<br>Confianza: nominal<br>FRP: 1.53 MW"
      }
    },
    {
      "type": "Feature",
      "geometry": {
        "type": "Point",
        "coordinates": [3.2374, 32.9365]
      },
      "properties": {
        "bright_ti4": 302.43,
        "scan": 0.39,
        "track": 0.36,
        "acq_date": "2026-09-17",
        "acq_time": "0141",
        "satellite": "N",
        "instrument": "VIIRS",
        "confidence": "n",
        "version": "2.0NRT",
        "bright_ti5": 291.61,
        "frp": 0.82,
        "daynight": "N",
        "source_dataset": "VIIRS_SNPP_NRT",
        "acq_datetime_utc": "2026-09-17T01:41:00Z",
        "age_hours": 44.1,
        "confidence_label": "nominal",
        "popup_label": "<strong>NASA FIRMS<\/strong><br>Sensor: VIIRS_SNPP_NRT<br>Fecha UTC: 2026-09-17T01:41:00Z<br>Confianza: nominal<br>FRP: 0.82 MW"
      }
    },
    {
      "type": "Feature",
      "geometry": {
        "type": "Point",
        "coordinates": [3.2333, 32.9372]
      },
      "properties": {
        "bright_ti4": 310.04,
        "scan": 0.39,
        "track": 0.36,
        "acq_date": "2026-09-17",
        "acq_time": "0141",
        "satellite": "N",
        "instrument": "VIIRS",
        "confidence": "n",
        "version": "2.0NRT",
        "bright_ti5": 293.02,
        "frp": 0.82,
        "daynight": "N",
        "source_dataset": "VIIRS_SNPP_NRT",
        "acq_datetime_utc": "2026-09-17T01:41:00Z",
        "age_hours": 44.1,
        "confidence_label": "nominal",
        "popup_label": "<strong>NASA FIRMS<\/strong><br>Sensor: VIIRS_SNPP_NRT<br>Fecha UTC: 2026-09-17T01:41:00Z<br>Confianza: nominal<br>FRP: 0.82 MW"
      }
    },
    {
      "type": "Feature",
      "geometry": {
        "type": "Point",
        "coordinates": [3.2305, 32.9444]
      },
      "properties": {
        "bright_ti4": 305.43,
        "scan": 0.39,
        "track": 0.36,
        "acq_date": "2026-09-17",
        "acq_time": "0141",
        "satellite": "N",
        "instrument": "VIIRS",
        "confidence": "n",
        "version": "2.0NRT",
        "bright_ti5": 292.17,
        "frp": 0.88,
        "daynight": "N",
        "source_dataset": "VIIRS_SNPP_NRT",
        "acq_datetime_utc": "2026-09-17T01:41:00Z",
        "age_hours": 44.1,
        "confidence_label": "nominal",
        "popup_label": "<strong>NASA FIRMS<\/strong><br>Sensor: VIIRS_SNPP_NRT<br>Fecha UTC: 2026-09-17T01:41:00Z<br>Confianza: nominal<br>FRP: 0.88 MW"
      }
    },
    {
      "type": "Feature",
      "geometry": {
        "type": "Point",
        "coordinates": [3.2312, 32.9478]
      },
      "properties": {
        "bright_ti4": 313,
        "scan": 0.39,
        "track": 0.36,
        "acq_date": "2026-09-17",
        "acq_time": "0141",
        "satellite": "N",
        "instrument": "VIIRS",
        "confidence": "n",
        "version": "2.0NRT",
        "bright_ti5": 292.26,
        "frp": 0.88,
        "daynight": "N",
        "source_dataset": "VIIRS_SNPP_NRT",
        "acq_datetime_utc": "2026-09-17T01:41:00Z",
        "age_hours": 44.1,
        "confidence_label": "nominal",
        "popup_label": "<strong>NASA FIRMS<\/strong><br>Sensor: VIIRS_SNPP_NRT<br>Fecha UTC: 2026-09-17T01:41:00Z<br>Confianza: nominal<br>FRP: 0.88 MW"
      }
    },
    {
      "type": "Feature",
      "geometry": {
        "type": "Point",
        "coordinates": [3.2228, 32.949]
      },
      "properties": {
        "bright_ti4": 302.48,
        "scan": 0.39,
        "track": 0.36,
        "acq_date": "2026-09-17",
        "acq_time": "0141",
        "satellite": "N",
        "instrument": "VIIRS",
        "confidence": "n",
        "version": "2.0NRT",
        "bright_ti5": 292.26,
        "frp": 0.86,
        "daynight": "N",
        "source_dataset": "VIIRS_SNPP_NRT",
        "acq_datetime_utc": "2026-09-17T01:41:00Z",
        "age_hours": 44.1,
        "confidence_label": "nominal",
        "popup_label": "<strong>NASA FIRMS<\/strong><br>Sensor: VIIRS_SNPP_NRT<br>Fecha UTC: 2026-09-17T01:41:00Z<br>Confianza: nominal<br>FRP: 0.86 MW"
      }
    },
    {
      "type": "Feature",
      "geometry": {
        "type": "Point",
        "coordinates": [-7.1479, 32.9906]
      },
      "properties": {
        "bright_ti4": 298.62,
        "scan": 0.41,
        "track": 0.61,
        "acq_date": "2026-09-17",
        "acq_time": "0141",
        "satellite": "N",
        "instrument": "VIIRS",
        "confidence": "n",
        "version": "2.0NRT",
        "bright_ti5": 288.06,
        "frp": 0.66,
        "daynight": "N",
        "source_dataset": "VIIRS_SNPP_NRT",
        "acq_datetime_utc": "2026-09-17T01:41:00Z",
        "age_hours": 44.1,
        "confidence_label": "nominal",
        "popup_label": "<strong>NASA FIRMS<\/strong><br>Sensor: VIIRS_SNPP_NRT<br>Fecha UTC: 2026-09-17T01:41:00Z<br>Confianza: nominal<br>FRP: 0.66 MW"
      }
    },
    {
      "type": "Feature",
      "geometry": {
        "type": "Point",
        "coordinates": [-7.5488, 33.5101]
      },
      "properties": {
        "bright_ti4": 302.48,
        "scan": 0.44,
        "track": 0.62,
        "acq_date": "2026-09-17",
        "acq_time": "0141",
        "satellite": "N",
        "instrument": "VIIRS",
        "confidence": "n",
        "version": "2.0NRT",
        "bright_ti5": 289.29,
        "frp": 0.93,
        "daynight": "N",
        "source_dataset": "VIIRS_SNPP_NRT",
        "acq_datetime_utc": "2026-09-17T01:41:00Z",
        "age_hours": 44.1,
        "confidence_label": "nominal",
        "popup_label": "<strong>NASA FIRMS<\/strong><br>Sensor: VIIRS_SNPP_NRT<br>Fecha UTC: 2026-09-17T01:41:00Z<br>Confianza: nominal<br>FRP: 0.93 MW"
      }
    },
    {
      "type": "Feature",
      "geometry": {
        "type": "Point",
        "coordinates": [-7.5537, 33.5104]
      },
      "properties": {
        "bright_ti4": 309.76,
        "scan": 0.44,
        "track": 0.62,
        "acq_date": "2026-09-17",
        "acq_time": "0141",
        "satellite": "N",
        "instrument": "VIIRS",
        "confidence": "n",
        "version": "2.0NRT",
        "bright_ti5": 289.22,
        "frp": 0.93,
        "daynight": "N",
        "source_dataset": "VIIRS_SNPP_NRT",
        "acq_datetime_utc": "2026-09-17T01:41:00Z",
        "age_hours": 44.1,
        "confidence_label": "nominal",
        "popup_label": "<strong>NASA FIRMS<\/strong><br>Sensor: VIIRS_SNPP_NRT<br>Fecha UTC: 2026-09-17T01:41:00Z<br>Confianza: nominal<br>FRP: 0.93 MW"
      }
    },
    {
      "type": "Feature",
      "geometry": {
        "type": "Point",
        "coordinates": [2.0607, 34.4377]
      },
      "properties": {
        "bright_ti4": 307.07,
        "scan": 0.43,
        "track": 0.38,
        "acq_date": "2026-09-17",
        "acq_time": "0141",
        "satellite": "N",
        "instrument": "VIIRS",
        "confidence": "n",
        "version": "2.0NRT",
        "bright_ti5": 289.5,
        "frp": 1.62,
        "daynight": "N",
        "source_dataset": "VIIRS_SNPP_NRT",
        "acq_datetime_utc": "2026-09-17T01:41:00Z",
        "age_hours": 44.1,
        "confidence_label": "nominal",
        "popup_label": "<strong>NASA FIRMS<\/strong><br>Sensor: VIIRS_SNPP_NRT<br>Fecha UTC: 2026-09-17T01:41:00Z<br>Confianza: nominal<br>FRP: 1.62 MW"
      }
    },
    {
      "type": "Feature",
      "geometry": {
        "type": "Point",
        "coordinates": [-2.3459, 34.5947]
      },
      "properties": {
        "bright_ti4": 305.57,
        "scan": 0.45,
        "track": 0.47,
        "acq_date": "2026-09-17",
        "acq_time": "0141",
        "satellite": "N",
        "instrument": "VIIRS",
        "confidence": "n",
        "version": "2.0NRT",
        "bright_ti5": 290.11,
        "frp": 0.83,
        "daynight": "N",
        "source_dataset": "VIIRS_SNPP_NRT",
        "acq_datetime_utc": "2026-09-17T01:41:00Z",
        "age_hours": 44.1,
        "confidence_label": "nominal",
        "popup_label": "<strong>NASA FIRMS<\/strong><br>Sensor: VIIRS_SNPP_NRT<br>Fecha UTC: 2026-09-17T01:41:00Z<br>Confianza: nominal<br>FRP: 0.83 MW"
      }
    },
    {
      "type": "Feature",
      "geometry": {
        "type": "Point",
        "coordinates": [-5.4327, 35.6035]
      },
      "properties": {
        "bright_ti4": 303.19,
        "scan": 0.35,
        "track": 0.56,
        "acq_date": "2026-09-17",
        "acq_time": "0141",
        "satellite": "N",
        "instrument": "VIIRS",
        "confidence": "n",
        "version": "2.0NRT",
        "bright_ti5": 289.24,
        "frp": 0.48,
        "daynight": "N",
        "source_dataset": "VIIRS_SNPP_NRT",
        "acq_datetime_utc": "2026-09-17T01:41:00Z",
        "age_hours": 44.1,
        "confidence_label": "nominal",
        "popup_label": "<strong>NASA FIRMS<\/strong><br>Sensor: VIIRS_SNPP_NRT<br>Fecha UTC: 2026-09-17T01:41:00Z<br>Confianza: nominal<br>FRP: 0.48 MW"
      }
    },
    {
      "type": "Feature",
      "geometry": {
        "type": "Point",
        "coordinates": [4.4759, 35.7078]
      },
      "properties": {
        "bright_ti4": 323.29,
        "scan": 0.39,
        "track": 0.36,
        "acq_date": "2026-09-17",
        "acq_time": "0141",
        "satellite": "N",
        "instrument": "VIIRS",
        "confidence": "n",
        "version": "2.0NRT",
        "bright_ti5": 293.93,
        "frp": 1.67,
        "daynight": "N",
        "source_dataset": "VIIRS_SNPP_NRT",
        "acq_datetime_utc": "2026-09-17T01:41:00Z",
        "age_hours": 44.1,
        "confidence_label": "nominal",
        "popup_label": "<strong>NASA FIRMS<\/strong><br>Sensor: VIIRS_SNPP_NRT<br>Fecha UTC: 2026-09-17T01:41:00Z<br>Confianza: nominal<br>FRP: 1.67 MW"
      }
    },
    {
      "type": "Feature",
      "geometry": {
        "type": "Point",
        "coordinates": [-0.2322, 35.8078]
      },
      "properties": {
        "bright_ti4": 304.34,
        "scan": 0.55,
        "track": 0.42,
        "acq_date": "2026-09-17",
        "acq_time": "0141",
        "satellite": "N",
        "instrument": "VIIRS",
        "confidence": "n",
        "version": "2.0NRT",
        "bright_ti5": 292.11,
        "frp": 2.36,
        "daynight": "N",
        "source_dataset": "VIIRS_SNPP_NRT",
        "acq_datetime_utc": "2026-09-17T01:41:00Z",
        "age_hours": 44.1,
        "confidence_label": "nominal",
        "popup_label": "<strong>NASA FIRMS<\/strong><br>Sensor: VIIRS_SNPP_NRT<br>Fecha UTC: 2026-09-17T01:41:00Z<br>Confianza: nominal<br>FRP: 2.36 MW"
      }
    },
    {
      "type": "Feature",
      "geometry": {
        "type": "Point",
        "coordinates": [-0.2383, 35.8084]
      },
      "properties": {
        "bright_ti4": 342.01,
        "scan": 0.55,
        "track": 0.42,
        "acq_date": "2026-09-17",
        "acq_time": "0141",
        "satellite": "N",
        "instrument": "VIIRS",
        "confidence": "n",
        "version": "2.0NRT",
        "bright_ti5": 291.87,
        "frp": 5.5,
        "daynight": "N",
        "source_dataset": "VIIRS_SNPP_NRT",
        "acq_datetime_utc": "2026-09-17T01:41:00Z",
        "age_hours": 44.1,
        "confidence_label": "nominal",
        "popup_label": "<strong>NASA FIRMS<\/strong><br>Sensor: VIIRS_SNPP_NRT<br>Fecha UTC: 2026-09-17T01:41:00Z<br>Confianza: nominal<br>FRP: 5.5 MW"
      }
    },
    {
      "type": "Feature",
      "geometry": {
        "type": "Point",
        "coordinates": [-0.2444, 35.8091]
      },
      "properties": {
        "bright_ti4": 303.93,
        "scan": 0.55,
        "track": 0.43,
        "acq_date": "2026-09-17",
        "acq_time": "0141",
        "satellite": "N",
        "instrument": "VIIRS",
        "confidence": "n",
        "version": "2.0NRT",
        "bright_ti5": 290.04,
        "frp": 5.5,
        "daynight": "N",
        "source_dataset": "VIIRS_SNPP_NRT",
        "acq_datetime_utc": "2026-09-17T01:41:00Z",
        "age_hours": 44.1,
        "confidence_label": "nominal",
        "popup_label": "<strong>NASA FIRMS<\/strong><br>Sensor: VIIRS_SNPP_NRT<br>Fecha UTC: 2026-09-17T01:41:00Z<br>Confianza: nominal<br>FRP: 5.5 MW"
      }
    },
    {
      "type": "Feature",
      "geometry": {
        "type": "Point",
        "coordinates": [-0.2566, 35.8105]
      },
      "properties": {
        "bright_ti4": 324.29,
        "scan": 0.55,
        "track": 0.43,
        "acq_date": "2026-09-17",
        "acq_time": "0141",
        "satellite": "N",
        "instrument": "VIIRS",
        "confidence": "n",
        "version": "2.0NRT",
        "bright_ti5": 291.96,
        "frp": 4,
        "daynight": "N",
        "source_dataset": "VIIRS_SNPP_NRT",
        "acq_datetime_utc": "2026-09-17T01:41:00Z",
        "age_hours": 44.1,
        "confidence_label": "nominal",
        "popup_label": "<strong>NASA FIRMS<\/strong><br>Sensor: VIIRS_SNPP_NRT<br>Fecha UTC: 2026-09-17T01:41:00Z<br>Confianza: nominal<br>FRP: 4 MW"
      }
    },
    {
      "type": "Feature",
      "geometry": {
        "type": "Point",
        "coordinates": [-0.2376, 35.8124]
      },
      "properties": {
        "bright_ti4": 323.91,
        "scan": 0.55,
        "track": 0.42,
        "acq_date": "2026-09-17",
        "acq_time": "0141",
        "satellite": "N",
        "instrument": "VIIRS",
        "confidence": "n",
        "version": "2.0NRT",
        "bright_ti5": 292.73,
        "frp": 5.5,
        "daynight": "N",
        "source_dataset": "VIIRS_SNPP_NRT",
        "acq_datetime_utc": "2026-09-17T01:41:00Z",
        "age_hours": 44.1,
        "confidence_label": "nominal",
        "popup_label": "<strong>NASA FIRMS<\/strong><br>Sensor: VIIRS_SNPP_NRT<br>Fecha UTC: 2026-09-17T01:41:00Z<br>Confianza: nominal<br>FRP: 5.5 MW"
      }
    },
    {
      "type": "Feature",
      "geometry": {
        "type": "Point",
        "coordinates": [4.4763, 36.0361]
      },
      "properties": {
        "bright_ti4": 300.19,
        "scan": 0.39,
        "track": 0.36,
        "acq_date": "2026-09-17",
        "acq_time": "0141",
        "satellite": "N",
        "instrument": "VIIRS",
        "confidence": "n",
        "version": "2.0NRT",
        "bright_ti5": 284.29,
        "frp": 0.49,
        "daynight": "N",
        "source_dataset": "VIIRS_SNPP_NRT",
        "acq_datetime_utc": "2026-09-17T01:41:00Z",
        "age_hours": 44.1,
        "confidence_label": "nominal",
        "popup_label": "<strong>NASA FIRMS<\/strong><br>Sensor: VIIRS_SNPP_NRT<br>Fecha UTC: 2026-09-17T01:41:00Z<br>Confianza: nominal<br>FRP: 0.49 MW"
      }
    },
    {
      "type": "Feature",
      "geometry": {
        "type": "Point",
        "coordinates": [0.8059, 36.0969]
      },
      "properties": {
        "bright_ti4": 301.78,
        "scan": 0.49,
        "track": 0.41,
        "acq_date": "2026-09-17",
        "acq_time": "0141",
        "satellite": "N",
        "instrument": "VIIRS",
        "confidence": "n",
        "version": "2.0NRT",
        "bright_ti5": 289.77,
        "frp": 0.73,
        "daynight": "N",
        "source_dataset": "VIIRS_SNPP_NRT",
        "acq_datetime_utc": "2026-09-17T01:41:00Z",
        "age_hours": 44.1,
        "confidence_label": "nominal",
        "popup_label": "<strong>NASA FIRMS<\/strong><br>Sensor: VIIRS_SNPP_NRT<br>Fecha UTC: 2026-09-17T01:41:00Z<br>Confianza: nominal<br>FRP: 0.73 MW"
      }
    },
    {
      "type": "Feature",
      "geometry": {
        "type": "Point",
        "coordinates": [2.928, 36.1405]
      },
      "properties": {
        "bright_ti4": 314.14,
        "scan": 0.42,
        "track": 0.37,
        "acq_date": "2026-09-17",
        "acq_time": "0141",
        "satellite": "N",
        "instrument": "VIIRS",
        "confidence": "n",
        "version": "2.0NRT",
        "bright_ti5": 288.92,
        "frp": 1.43,
        "daynight": "N",
        "source_dataset": "VIIRS_SNPP_NRT",
        "acq_datetime_utc": "2026-09-17T01:41:00Z",
        "age_hours": 44.1,
        "confidence_label": "nominal",
        "popup_label": "<strong>NASA FIRMS<\/strong><br>Sensor: VIIRS_SNPP_NRT<br>Fecha UTC: 2026-09-17T01:41:00Z<br>Confianza: nominal<br>FRP: 1.43 MW"
      }
    },
    {
      "type": "Feature",
      "geometry": {
        "type": "Point",
        "coordinates": [3.137, 36.5986]
      },
      "properties": {
        "bright_ti4": 311.76,
        "scan": 0.41,
        "track": 0.37,
        "acq_date": "2026-09-17",
        "acq_time": "0141",
        "satellite": "N",
        "instrument": "VIIRS",
        "confidence": "n",
        "version": "2.0NRT",
        "bright_ti5": 291.36,
        "frp": 1.19,
        "daynight": "N",
        "source_dataset": "VIIRS_SNPP_NRT",
        "acq_datetime_utc": "2026-09-17T01:41:00Z",
        "age_hours": 44.1,
        "confidence_label": "nominal",
        "popup_label": "<strong>NASA FIRMS<\/strong><br>Sensor: VIIRS_SNPP_NRT<br>Fecha UTC: 2026-09-17T01:41:00Z<br>Confianza: nominal<br>FRP: 1.19 MW"
      }
    },
    {
      "type": "Feature",
      "geometry": {
        "type": "Point",
        "coordinates": [3.1354, 36.6002]
      },
      "properties": {
        "bright_ti4": 307.6,
        "scan": 0.41,
        "track": 0.37,
        "acq_date": "2026-09-17",
        "acq_time": "0141",
        "satellite": "N",
        "instrument": "VIIRS",
        "confidence": "n",
        "version": "2.0NRT",
        "bright_ti5": 291.38,
        "frp": 1.27,
        "daynight": "N",
        "source_dataset": "VIIRS_SNPP_NRT",
        "acq_datetime_utc": "2026-09-17T01:41:00Z",
        "age_hours": 44.1,
        "confidence_label": "nominal",
        "popup_label": "<strong>NASA FIRMS<\/strong><br>Sensor: VIIRS_SNPP_NRT<br>Fecha UTC: 2026-09-17T01:41:00Z<br>Confianza: nominal<br>FRP: 1.27 MW"
      }
    },
    {
      "type": "Feature",
      "geometry": {
        "type": "Point",
        "coordinates": [3.1212, 36.6818]
      },
      "properties": {
        "bright_ti4": 307.91,
        "scan": 0.41,
        "track": 0.37,
        "acq_date": "2026-09-17",
        "acq_time": "0141",
        "satellite": "N",
        "instrument": "VIIRS",
        "confidence": "n",
        "version": "2.0NRT",
        "bright_ti5": 291.46,
        "frp": 1.16,
        "daynight": "N",
        "source_dataset": "VIIRS_SNPP_NRT",
        "acq_datetime_utc": "2026-09-17T01:41:00Z",
        "age_hours": 44.1,
        "confidence_label": "nominal",
        "popup_label": "<strong>NASA FIRMS<\/strong><br>Sensor: VIIRS_SNPP_NRT<br>Fecha UTC: 2026-09-17T01:41:00Z<br>Confianza: nominal<br>FRP: 1.16 MW"
      }
    },
    {
      "type": "Feature",
      "geometry": {
        "type": "Point",
        "coordinates": [3.0805, 36.7498]
      },
      "properties": {
        "bright_ti4": 320.75,
        "scan": 0.42,
        "track": 0.37,
        "acq_date": "2026-09-17",
        "acq_time": "0141",
        "satellite": "N",
        "instrument": "VIIRS",
        "confidence": "n",
        "version": "2.0NRT",
        "bright_ti5": 292.81,
        "frp": 1.46,
        "daynight": "N",
        "source_dataset": "VIIRS_SNPP_NRT",
        "acq_datetime_utc": "2026-09-17T01:41:00Z",
        "age_hours": 44.1,
        "confidence_label": "nominal",
        "popup_label": "<strong>NASA FIRMS<\/strong><br>Sensor: VIIRS_SNPP_NRT<br>Fecha UTC: 2026-09-17T01:41:00Z<br>Confianza: nominal<br>FRP: 1.46 MW"
      }
    },
    {
      "type": "Feature",
      "geometry": {
        "type": "Point",
        "coordinates": [-1.9065, 36.9682]
      },
      "properties": {
        "bright_ti4": 306.35,
        "scan": 0.46,
        "track": 0.47,
        "acq_date": "2026-09-17",
        "acq_time": "0141",
        "satellite": "N",
        "instrument": "VIIRS",
        "confidence": "n",
        "version": "2.0NRT",
        "bright_ti5": 289.36,
        "frp": 0.64,
        "daynight": "N",
        "source_dataset": "VIIRS_SNPP_NRT",
        "acq_datetime_utc": "2026-09-17T01:41:00Z",
        "age_hours": 44.1,
        "confidence_label": "nominal",
        "popup_label": "<strong>NASA FIRMS<\/strong><br>Sensor: VIIRS_SNPP_NRT<br>Fecha UTC: 2026-09-17T01:41:00Z<br>Confianza: nominal<br>FRP: 0.64 MW"
      }
    },
    {
      "type": "Feature",
      "geometry": {
        "type": "Point",
        "coordinates": [-1.9073, 36.9683]
      },
      "properties": {
        "bright_ti4": 302.67,
        "scan": 0.46,
        "track": 0.47,
        "acq_date": "2026-09-17",
        "acq_time": "0141",
        "satellite": "N",
        "instrument": "VIIRS",
        "confidence": "n",
        "version": "2.0NRT",
        "bright_ti5": 289.09,
        "frp": 1.19,
        "daynight": "N",
        "source_dataset": "VIIRS_SNPP_NRT",
        "acq_datetime_utc": "2026-09-17T01:41:00Z",
        "age_hours": 44.1,
        "confidence_label": "nominal",
        "popup_label": "<strong>NASA FIRMS<\/strong><br>Sensor: VIIRS_SNPP_NRT<br>Fecha UTC: 2026-09-17T01:41:00Z<br>Confianza: nominal<br>FRP: 1.19 MW"
      }
    },
    {
      "type": "Feature",
      "geometry": {
        "type": "Point",
        "coordinates": [-5.1587, 37.3781]
      },
      "properties": {
        "bright_ti4": 319.86,
        "scan": 0.35,
        "track": 0.57,
        "acq_date": "2026-09-17",
        "acq_time": "0141",
        "satellite": "N",
        "instrument": "VIIRS",
        "confidence": "n",
        "version": "2.0NRT",
        "bright_ti5": 287.59,
        "frp": 1.17,
        "daynight": "N",
        "source_dataset": "VIIRS_SNPP_NRT",
        "acq_datetime_utc": "2026-09-17T01:41:00Z",
        "age_hours": 44.1,
        "confidence_label": "nominal",
        "popup_label": "<strong>NASA FIRMS<\/strong><br>Sensor: VIIRS_SNPP_NRT<br>Fecha UTC: 2026-09-17T01:41:00Z<br>Confianza: nominal<br>FRP: 1.17 MW"
      }
    },
    {
      "type": "Feature",
      "geometry": {
        "type": "Point",
        "coordinates": [-5.1582, 37.3834]
      },
      "properties": {
        "bright_ti4": 312.74,
        "scan": 0.35,
        "track": 0.57,
        "acq_date": "2026-09-17",
        "acq_time": "0141",
        "satellite": "N",
        "instrument": "VIIRS",
        "confidence": "n",
        "version": "2.0NRT",
        "bright_ti5": 288.34,
        "frp": 0.73,
        "daynight": "N",
        "source_dataset": "VIIRS_SNPP_NRT",
        "acq_datetime_utc": "2026-09-17T01:41:00Z",
        "age_hours": 44.1,
        "confidence_label": "nominal",
        "popup_label": "<strong>NASA FIRMS<\/strong><br>Sensor: VIIRS_SNPP_NRT<br>Fecha UTC: 2026-09-17T01:41:00Z<br>Confianza: nominal<br>FRP: 0.73 MW"
      }
    },
    {
      "type": "Feature",
      "geometry": {
        "type": "Point",
        "coordinates": [-6.0896, 40.0084]
      },
      "properties": {
        "bright_ti4": 300.71,
        "scan": 0.41,
        "track": 0.61,
        "acq_date": "2026-09-17",
        "acq_time": "0139",
        "satellite": "N",
        "instrument": "VIIRS",
        "confidence": "n",
        "version": "2.0NRT",
        "bright_ti5": 286.22,
        "frp": 0.44,
        "daynight": "N",
        "source_dataset": "VIIRS_SNPP_NRT",
        "acq_datetime_utc": "2026-09-17T01:39:00Z",
        "age_hours": 44.1,
        "confidence_label": "nominal",
        "popup_label": "<strong>NASA FIRMS<\/strong><br>Sensor: VIIRS_SNPP_NRT<br>Fecha UTC: 2026-09-17T01:39:00Z<br>Confianza: nominal<br>FRP: 0.44 MW"
      }
    },
    {
      "type": "Feature",
      "geometry": {
        "type": "Point",
        "coordinates": [-6.0891, 40.0103]
      },
      "properties": {
        "bright_ti4": 301.77,
        "scan": 0.41,
        "track": 0.61,
        "acq_date": "2026-09-17",
        "acq_time": "0139",
        "satellite": "N",
        "instrument": "VIIRS",
        "confidence": "n",
        "version": "2.0NRT",
        "bright_ti5": 286.28,
        "frp": 0.47,
        "daynight": "N",
        "source_dataset": "VIIRS_SNPP_NRT",
        "acq_datetime_utc": "2026-09-17T01:39:00Z",
        "age_hours": 44.1,
        "confidence_label": "nominal",
        "popup_label": "<strong>NASA FIRMS<\/strong><br>Sensor: VIIRS_SNPP_NRT<br>Fecha UTC: 2026-09-17T01:39:00Z<br>Confianza: nominal<br>FRP: 0.47 MW"
      }
    },
    {
      "type": "Feature",
      "geometry": {
        "type": "Point",
        "coordinates": [-7.8248, 40.4831]
      },
      "properties": {
        "bright_ti4": 300.53,
        "scan": 0.51,
        "track": 0.66,
        "acq_date": "2026-09-17",
        "acq_time": "0139",
        "satellite": "N",
        "instrument": "VIIRS",
        "confidence": "n",
        "version": "2.0NRT",
        "bright_ti5": 286.77,
        "frp": 0.56,
        "daynight": "N",
        "source_dataset": "VIIRS_SNPP_NRT",
        "acq_datetime_utc": "2026-09-17T01:39:00Z",
        "age_hours": 44.1,
        "confidence_label": "nominal",
        "popup_label": "<strong>NASA FIRMS<\/strong><br>Sensor: VIIRS_SNPP_NRT<br>Fecha UTC: 2026-09-17T01:39:00Z<br>Confianza: nominal<br>FRP: 0.56 MW"
      }
    },
    {
      "type": "Feature",
      "geometry": {
        "type": "Point",
        "coordinates": [-7.823, 40.4854]
      },
      "properties": {
        "bright_ti4": 299.75,
        "scan": 0.51,
        "track": 0.66,
        "acq_date": "2026-09-17",
        "acq_time": "0139",
        "satellite": "N",
        "instrument": "VIIRS",
        "confidence": "n",
        "version": "2.0NRT",
        "bright_ti5": 286.82,
        "frp": 0.39,
        "daynight": "N",
        "source_dataset": "VIIRS_SNPP_NRT",
        "acq_datetime_utc": "2026-09-17T01:39:00Z",
        "age_hours": 44.1,
        "confidence_label": "nominal",
        "popup_label": "<strong>NASA FIRMS<\/strong><br>Sensor: VIIRS_SNPP_NRT<br>Fecha UTC: 2026-09-17T01:39:00Z<br>Confianza: nominal<br>FRP: 0.39 MW"
      }
    },
    {
      "type": "Feature",
      "geometry": {
        "type": "Point",
        "coordinates": [-3.1683, 40.745]
      },
      "properties": {
        "bright_ti4": 306.89,
        "scan": 0.59,
        "track": 0.53,
        "acq_date": "2026-09-17",
        "acq_time": "0139",
        "satellite": "N",
        "instrument": "VIIRS",
        "confidence": "n",
        "version": "2.0NRT",
        "bright_ti5": 283.68,
        "frp": 2,
        "daynight": "N",
        "source_dataset": "VIIRS_SNPP_NRT",
        "acq_datetime_utc": "2026-09-17T01:39:00Z",
        "age_hours": 44.1,
        "confidence_label": "nominal",
        "popup_label": "<strong>NASA FIRMS<\/strong><br>Sensor: VIIRS_SNPP_NRT<br>Fecha UTC: 2026-09-17T01:39:00Z<br>Confianza: nominal<br>FRP: 2 MW"
      }
    },
    {
      "type": "Feature",
      "geometry": {
        "type": "Point",
        "coordinates": [-3.1676, 40.7499]
      },
      "properties": {
        "bright_ti4": 318.97,
        "scan": 0.59,
        "track": 0.53,
        "acq_date": "2026-09-17",
        "acq_time": "0139",
        "satellite": "N",
        "instrument": "VIIRS",
        "confidence": "n",
        "version": "2.0NRT",
        "bright_ti5": 284.42,
        "frp": 2,
        "daynight": "N",
        "source_dataset": "VIIRS_SNPP_NRT",
        "acq_datetime_utc": "2026-09-17T01:39:00Z",
        "age_hours": 44.1,
        "confidence_label": "nominal",
        "popup_label": "<strong>NASA FIRMS<\/strong><br>Sensor: VIIRS_SNPP_NRT<br>Fecha UTC: 2026-09-17T01:39:00Z<br>Confianza: nominal<br>FRP: 2 MW"
      }
    },
    {
      "type": "Feature",
      "geometry": {
        "type": "Point",
        "coordinates": [-4.1254, 40.9297]
      },
      "properties": {
        "bright_ti4": 319.8,
        "scan": 0.33,
        "track": 0.55,
        "acq_date": "2026-09-17",
        "acq_time": "0139",
        "satellite": "N",
        "instrument": "VIIRS",
        "confidence": "n",
        "version": "2.0NRT",
        "bright_ti5": 278.69,
        "frp": 1.43,
        "daynight": "N",
        "source_dataset": "VIIRS_SNPP_NRT",
        "acq_datetime_utc": "2026-09-17T01:39:00Z",
        "age_hours": 44.1,
        "confidence_label": "nominal",
        "popup_label": "<strong>NASA FIRMS<\/strong><br>Sensor: VIIRS_SNPP_NRT<br>Fecha UTC: 2026-09-17T01:39:00Z<br>Confianza: nominal<br>FRP: 1.43 MW"
      }
    },
    {
      "type": "Feature",
      "geometry": {
        "type": "Point",
        "coordinates": [-6.9756, 41.049]
      },
      "properties": {
        "bright_ti4": 336.24,
        "scan": 0.47,
        "track": 0.64,
        "acq_date": "2026-09-17",
        "acq_time": "0139",
        "satellite": "N",
        "instrument": "VIIRS",
        "confidence": "n",
        "version": "2.0NRT",
        "bright_ti5": 287.18,
        "frp": 2.85,
        "daynight": "N",
        "source_dataset": "VIIRS_SNPP_NRT",
        "acq_datetime_utc": "2026-09-17T01:39:00Z",
        "age_hours": 44.1,
        "confidence_label": "nominal",
        "popup_label": "<strong>NASA FIRMS<\/strong><br>Sensor: VIIRS_SNPP_NRT<br>Fecha UTC: 2026-09-17T01:39:00Z<br>Confianza: nominal<br>FRP: 2.85 MW"
      }
    },
    {
      "type": "Feature",
      "geometry": {
        "type": "Point",
        "coordinates": [-6.9817, 41.0492]
      },
      "properties": {
        "bright_ti4": 301.07,
        "scan": 0.47,
        "track": 0.64,
        "acq_date": "2026-09-17",
        "acq_time": "0139",
        "satellite": "N",
        "instrument": "VIIRS",
        "confidence": "n",
        "version": "2.0NRT",
        "bright_ti5": 285.52,
        "frp": 2.85,
        "daynight": "N",
        "source_dataset": "VIIRS_SNPP_NRT",
        "acq_datetime_utc": "2026-09-17T01:39:00Z",
        "age_hours": 44.1,
        "confidence_label": "nominal",
        "popup_label": "<strong>NASA FIRMS<\/strong><br>Sensor: VIIRS_SNPP_NRT<br>Fecha UTC: 2026-09-17T01:39:00Z<br>Confianza: nominal<br>FRP: 2.85 MW"
      }
    },
    {
      "type": "Feature",
      "geometry": {
        "type": "Point",
        "coordinates": [-1.4855, 41.4755]
      },
      "properties": {
        "bright_ti4": 303.64,
        "scan": 0.49,
        "track": 0.48,
        "acq_date": "2026-09-17",
        "acq_time": "0139",
        "satellite": "N",
        "instrument": "VIIRS",
        "confidence": "n",
        "version": "2.0NRT",
        "bright_ti5": 284.79,
        "frp": 0.72,
        "daynight": "N",
        "source_dataset": "VIIRS_SNPP_NRT",
        "acq_datetime_utc": "2026-09-17T01:39:00Z",
        "age_hours": 44.1,
        "confidence_label": "nominal",
        "popup_label": "<strong>NASA FIRMS<\/strong><br>Sensor: VIIRS_SNPP_NRT<br>Fecha UTC: 2026-09-17T01:39:00Z<br>Confianza: nominal<br>FRP: 0.72 MW"
      }
    },
    {
      "type": "Feature",
      "geometry": {
        "type": "Point",
        "coordinates": [-8.0326, 41.4786]
      },
      "properties": {
        "bright_ti4": 297.98,
        "scan": 0.53,
        "track": 0.67,
        "acq_date": "2026-09-17",
        "acq_time": "0139",
        "satellite": "N",
        "instrument": "VIIRS",
        "confidence": "n",
        "version": "2.0NRT",
        "bright_ti5": 284.7,
        "frp": 2.26,
        "daynight": "N",
        "source_dataset": "VIIRS_SNPP_NRT",
        "acq_datetime_utc": "2026-09-17T01:39:00Z",
        "age_hours": 44.1,
        "confidence_label": "nominal",
        "popup_label": "<strong>NASA FIRMS<\/strong><br>Sensor: VIIRS_SNPP_NRT<br>Fecha UTC: 2026-09-17T01:39:00Z<br>Confianza: nominal<br>FRP: 2.26 MW"
      }
    },
    {
      "type": "Feature",
      "geometry": {
        "type": "Point",
        "coordinates": [-8.029, 41.4848]
      },
      "properties": {
        "bright_ti4": 310.23,
        "scan": 0.53,
        "track": 0.67,
        "acq_date": "2026-09-17",
        "acq_time": "0139",
        "satellite": "N",
        "instrument": "VIIRS",
        "confidence": "n",
        "version": "2.0NRT",
        "bright_ti5": 285.45,
        "frp": 2.26,
        "daynight": "N",
        "source_dataset": "VIIRS_SNPP_NRT",
        "acq_datetime_utc": "2026-09-17T01:39:00Z",
        "age_hours": 44.1,
        "confidence_label": "nominal",
        "popup_label": "<strong>NASA FIRMS<\/strong><br>Sensor: VIIRS_SNPP_NRT<br>Fecha UTC: 2026-09-17T01:39:00Z<br>Confianza: nominal<br>FRP: 2.26 MW"
      }
    },
    {
      "type": "Feature",
      "geometry": {
        "type": "Point",
        "coordinates": [-8.0364, 41.485]
      },
      "properties": {
        "bright_ti4": 336.31,
        "scan": 0.53,
        "track": 0.67,
        "acq_date": "2026-09-17",
        "acq_time": "0139",
        "satellite": "N",
        "instrument": "VIIRS",
        "confidence": "n",
        "version": "2.0NRT",
        "bright_ti5": 286.25,
        "frp": 2.26,
        "daynight": "N",
        "source_dataset": "VIIRS_SNPP_NRT",
        "acq_datetime_utc": "2026-09-17T01:39:00Z",
        "age_hours": 44.1,
        "confidence_label": "nominal",
        "popup_label": "<strong>NASA FIRMS<\/strong><br>Sensor: VIIRS_SNPP_NRT<br>Fecha UTC: 2026-09-17T01:39:00Z<br>Confianza: nominal<br>FRP: 2.26 MW"
      }
    },
    {
      "type": "Feature",
      "geometry": {
        "type": "Point",
        "coordinates": [-8.3411, 41.7319]
      },
      "properties": {
        "bright_ti4": 299.97,
        "scan": 0.55,
        "track": 0.68,
        "acq_date": "2026-09-17",
        "acq_time": "0139",
        "satellite": "N",
        "instrument": "VIIRS",
        "confidence": "n",
        "version": "2.0NRT",
        "bright_ti5": 285.74,
        "frp": 4.52,
        "daynight": "N",
        "source_dataset": "VIIRS_SNPP_NRT",
        "acq_datetime_utc": "2026-09-17T01:39:00Z",
        "age_hours": 44.1,
        "confidence_label": "nominal",
        "popup_label": "<strong>NASA FIRMS<\/strong><br>Sensor: VIIRS_SNPP_NRT<br>Fecha UTC: 2026-09-17T01:39:00Z<br>Confianza: nominal<br>FRP: 4.52 MW"
      }
    },
    {
      "type": "Feature",
      "geometry": {
        "type": "Point",
        "coordinates": [-8.3314, 41.7376]
      },
      "properties": {
        "bright_ti4": 311.89,
        "scan": 0.55,
        "track": 0.68,
        "acq_date": "2026-09-17",
        "acq_time": "0139",
        "satellite": "N",
        "instrument": "VIIRS",
        "confidence": "n",
        "version": "2.0NRT",
        "bright_ti5": 285.73,
        "frp": 5.6,
        "daynight": "N",
        "source_dataset": "VIIRS_SNPP_NRT",
        "acq_datetime_utc": "2026-09-17T01:39:00Z",
        "age_hours": 44.1,
        "confidence_label": "nominal",
        "popup_label": "<strong>NASA FIRMS<\/strong><br>Sensor: VIIRS_SNPP_NRT<br>Fecha UTC: 2026-09-17T01:39:00Z<br>Confianza: nominal<br>FRP: 5.6 MW"
      }
    },
    {
      "type": "Feature",
      "geometry": {
        "type": "Point",
        "coordinates": [-8.3366, 41.7377]
      },
      "properties": {
        "bright_ti4": 339.86,
        "scan": 0.55,
        "track": 0.68,
        "acq_date": "2026-09-17",
        "acq_time": "0139",
        "satellite": "N",
        "instrument": "VIIRS",
        "confidence": "n",
        "version": "2.0NRT",
        "bright_ti5": 287.26,
        "frp": 5.6,
        "daynight": "N",
        "source_dataset": "VIIRS_SNPP_NRT",
        "acq_datetime_utc": "2026-09-17T01:39:00Z",
        "age_hours": 44.1,
        "confidence_label": "nominal",
        "popup_label": "<strong>NASA FIRMS<\/strong><br>Sensor: VIIRS_SNPP_NRT<br>Fecha UTC: 2026-09-17T01:39:00Z<br>Confianza: nominal<br>FRP: 5.6 MW"
      }
    },
    {
      "type": "Feature",
      "geometry": {
        "type": "Point",
        "coordinates": [-8.3418, 41.7379]
      },
      "properties": {
        "bright_ti4": 331.15,
        "scan": 0.55,
        "track": 0.68,
        "acq_date": "2026-09-17",
        "acq_time": "0139",
        "satellite": "N",
        "instrument": "VIIRS",
        "confidence": "n",
        "version": "2.0NRT",
        "bright_ti5": 285.44,
        "frp": 8.78,
        "daynight": "N",
        "source_dataset": "VIIRS_SNPP_NRT",
        "acq_datetime_utc": "2026-09-17T01:39:00Z",
        "age_hours": 44.1,
        "confidence_label": "nominal",
        "popup_label": "<strong>NASA FIRMS<\/strong><br>Sensor: VIIRS_SNPP_NRT<br>Fecha UTC: 2026-09-17T01:39:00Z<br>Confianza: nominal<br>FRP: 8.78 MW"
      }
    },
    {
      "type": "Feature",
      "geometry": {
        "type": "Point",
        "coordinates": [-8.3334, 41.7382]
      },
      "properties": {
        "bright_ti4": 335.18,
        "scan": 0.55,
        "track": 0.68,
        "acq_date": "2026-09-17",
        "acq_time": "0139",
        "satellite": "N",
        "instrument": "VIIRS",
        "confidence": "n",
        "version": "2.0NRT",
        "bright_ti5": 286.92,
        "frp": 5.99,
        "daynight": "N",
        "source_dataset": "VIIRS_SNPP_NRT",
        "acq_datetime_utc": "2026-09-17T01:39:00Z",
        "age_hours": 44.1,
        "confidence_label": "nominal",
        "popup_label": "<strong>NASA FIRMS<\/strong><br>Sensor: VIIRS_SNPP_NRT<br>Fecha UTC: 2026-09-17T01:39:00Z<br>Confianza: nominal<br>FRP: 5.99 MW"
      }
    },
    {
      "type": "Feature",
      "geometry": {
        "type": "Point",
        "coordinates": [-8.3386, 41.7383]
      },
      "properties": {
        "bright_ti4": 341.35,
        "scan": 0.55,
        "track": 0.68,
        "acq_date": "2026-09-17",
        "acq_time": "0139",
        "satellite": "N",
        "instrument": "VIIRS",
        "confidence": "n",
        "version": "2.0NRT",
        "bright_ti5": 287.03,
        "frp": 4.52,
        "daynight": "N",
        "source_dataset": "VIIRS_SNPP_NRT",
        "acq_datetime_utc": "2026-09-17T01:39:00Z",
        "age_hours": 44.1,
        "confidence_label": "nominal",
        "popup_label": "<strong>NASA FIRMS<\/strong><br>Sensor: VIIRS_SNPP_NRT<br>Fecha UTC: 2026-09-17T01:39:00Z<br>Confianza: nominal<br>FRP: 4.52 MW"
      }
    },
    {
      "type": "Feature",
      "geometry": {
        "type": "Point",
        "coordinates": [-8.3439, 41.7384]
      },
      "properties": {
        "bright_ti4": 303.82,
        "scan": 0.55,
        "track": 0.68,
        "acq_date": "2026-09-17",
        "acq_time": "0139",
        "satellite": "N",
        "instrument": "VIIRS",
        "confidence": "n",
        "version": "2.0NRT",
        "bright_ti5": 284.3,
        "frp": 4.52,
        "daynight": "N",
        "source_dataset": "VIIRS_SNPP_NRT",
        "acq_datetime_utc": "2026-09-17T01:39:00Z",
        "age_hours": 44.1,
        "confidence_label": "nominal",
        "popup_label": "<strong>NASA FIRMS<\/strong><br>Sensor: VIIRS_SNPP_NRT<br>Fecha UTC: 2026-09-17T01:39:00Z<br>Confianza: nominal<br>FRP: 4.52 MW"
      }
    },
    {
      "type": "Feature",
      "geometry": {
        "type": "Point",
        "coordinates": [-8.3354, 41.7441]
      },
      "properties": {
        "bright_ti4": 320.1,
        "scan": 0.55,
        "track": 0.68,
        "acq_date": "2026-09-17",
        "acq_time": "0139",
        "satellite": "N",
        "instrument": "VIIRS",
        "confidence": "n",
        "version": "2.0NRT",
        "bright_ti5": 285.47,
        "frp": 2.42,
        "daynight": "N",
        "source_dataset": "VIIRS_SNPP_NRT",
        "acq_datetime_utc": "2026-09-17T01:39:00Z",
        "age_hours": 44.1,
        "confidence_label": "nominal",
        "popup_label": "<strong>NASA FIRMS<\/strong><br>Sensor: VIIRS_SNPP_NRT<br>Fecha UTC: 2026-09-17T01:39:00Z<br>Confianza: nominal<br>FRP: 2.42 MW"
      }
    },
    {
      "type": "Feature",
      "geometry": {
        "type": "Point",
        "coordinates": [-8.3311, 41.7445]
      },
      "properties": {
        "bright_ti4": 299.07,
        "scan": 0.55,
        "track": 0.68,
        "acq_date": "2026-09-17",
        "acq_time": "0139",
        "satellite": "N",
        "instrument": "VIIRS",
        "confidence": "n",
        "version": "2.0NRT",
        "bright_ti5": 284.82,
        "frp": 1.62,
        "daynight": "N",
        "source_dataset": "VIIRS_SNPP_NRT",
        "acq_datetime_utc": "2026-09-17T01:39:00Z",
        "age_hours": 44.1,
        "confidence_label": "nominal",
        "popup_label": "<strong>NASA FIRMS<\/strong><br>Sensor: VIIRS_SNPP_NRT<br>Fecha UTC: 2026-09-17T01:39:00Z<br>Confianza: nominal<br>FRP: 1.62 MW"
      }
    },
    {
      "type": "Feature",
      "geometry": {
        "type": "Point",
        "coordinates": [-8.3377, 41.7447]
      },
      "properties": {
        "bright_ti4": 310.4,
        "scan": 0.55,
        "track": 0.68,
        "acq_date": "2026-09-17",
        "acq_time": "0139",
        "satellite": "N",
        "instrument": "VIIRS",
        "confidence": "n",
        "version": "2.0NRT",
        "bright_ti5": 285.05,
        "frp": 2.08,
        "daynight": "N",
        "source_dataset": "VIIRS_SNPP_NRT",
        "acq_datetime_utc": "2026-09-17T01:39:00Z",
        "age_hours": 44.1,
        "confidence_label": "nominal",
        "popup_label": "<strong>NASA FIRMS<\/strong><br>Sensor: VIIRS_SNPP_NRT<br>Fecha UTC: 2026-09-17T01:39:00Z<br>Confianza: nominal<br>FRP: 2.08 MW"
      }
    },
    {
      "type": "Feature",
      "geometry": {
        "type": "Point",
        "coordinates": [-1.2785, 41.9342]
      },
      "properties": {
        "bright_ti4": 338.33,
        "scan": 0.48,
        "track": 0.48,
        "acq_date": "2026-09-17",
        "acq_time": "0139",
        "satellite": "N",
        "instrument": "VIIRS",
        "confidence": "n",
        "version": "2.0NRT",
        "bright_ti5": 284.97,
        "frp": 3.96,
        "daynight": "N",
        "source_dataset": "VIIRS_SNPP_NRT",
        "acq_datetime_utc": "2026-09-17T01:39:00Z",
        "age_hours": 44.1,
        "confidence_label": "nominal",
        "popup_label": "<strong>NASA FIRMS<\/strong><br>Sensor: VIIRS_SNPP_NRT<br>Fecha UTC: 2026-09-17T01:39:00Z<br>Confianza: nominal<br>FRP: 3.96 MW"
      }
    },
    {
      "type": "Feature",
      "geometry": {
        "type": "Point",
        "coordinates": [-6.7682, 42.5542]
      },
      "properties": {
        "bright_ti4": 299.42,
        "scan": 0.47,
        "track": 0.64,
        "acq_date": "2026-09-17",
        "acq_time": "0139",
        "satellite": "N",
        "instrument": "VIIRS",
        "confidence": "n",
        "version": "2.0NRT",
        "bright_ti5": 282.92,
        "frp": 1.17,
        "daynight": "N",
        "source_dataset": "VIIRS_SNPP_NRT",
        "acq_datetime_utc": "2026-09-17T01:39:00Z",
        "age_hours": 44.1,
        "confidence_label": "nominal",
        "popup_label": "<strong>NASA FIRMS<\/strong><br>Sensor: VIIRS_SNPP_NRT<br>Fecha UTC: 2026-09-17T01:39:00Z<br>Confianza: nominal<br>FRP: 1.17 MW"
      }
    },
    {
      "type": "Feature",
      "geometry": {
        "type": "Point",
        "coordinates": [-3.8423, 43.4087]
      },
      "properties": {
        "bright_ti4": 306.17,
        "scan": 0.34,
        "track": 0.56,
        "acq_date": "2026-09-17",
        "acq_time": "0139",
        "satellite": "N",
        "instrument": "VIIRS",
        "confidence": "n",
        "version": "2.0NRT",
        "bright_ti5": 284.18,
        "frp": 1.65,
        "daynight": "N",
        "source_dataset": "VIIRS_SNPP_NRT",
        "acq_datetime_utc": "2026-09-17T01:39:00Z",
        "age_hours": 44.1,
        "confidence_label": "nominal",
        "popup_label": "<strong>NASA FIRMS<\/strong><br>Sensor: VIIRS_SNPP_NRT<br>Fecha UTC: 2026-09-17T01:39:00Z<br>Confianza: nominal<br>FRP: 1.65 MW"
      }
    },
    {
      "type": "Feature",
      "geometry": {
        "type": "Point",
        "coordinates": [4.8942, 43.4347]
      },
      "properties": {
        "bright_ti4": 305.72,
        "scan": 0.42,
        "track": 0.38,
        "acq_date": "2026-09-17",
        "acq_time": "0139",
        "satellite": "N",
        "instrument": "VIIRS",
        "confidence": "n",
        "version": "2.0NRT",
        "bright_ti5": 283.31,
        "frp": 0.76,
        "daynight": "N",
        "source_dataset": "VIIRS_SNPP_NRT",
        "acq_datetime_utc": "2026-09-17T01:39:00Z",
        "age_hours": 44.1,
        "confidence_label": "nominal",
        "popup_label": "<strong>NASA FIRMS<\/strong><br>Sensor: VIIRS_SNPP_NRT<br>Fecha UTC: 2026-09-17T01:39:00Z<br>Confianza: nominal<br>FRP: 0.76 MW"
      }
    },
    {
      "type": "Feature",
      "geometry": {
        "type": "Point",
        "coordinates": [4.8891, 43.4354]
      },
      "properties": {
        "bright_ti4": 299.84,
        "scan": 0.42,
        "track": 0.38,
        "acq_date": "2026-09-17",
        "acq_time": "0139",
        "satellite": "N",
        "instrument": "VIIRS",
        "confidence": "n",
        "version": "2.0NRT",
        "bright_ti5": 284.25,
        "frp": 0.76,
        "daynight": "N",
        "source_dataset": "VIIRS_SNPP_NRT",
        "acq_datetime_utc": "2026-09-17T01:39:00Z",
        "age_hours": 44.1,
        "confidence_label": "nominal",
        "popup_label": "<strong>NASA FIRMS<\/strong><br>Sensor: VIIRS_SNPP_NRT<br>Fecha UTC: 2026-09-17T01:39:00Z<br>Confianza: nominal<br>FRP: 0.76 MW"
      }
    },
    {
      "type": "Feature",
      "geometry": {
        "type": "Point",
        "coordinates": [4.8795, 43.4402]
      },
      "properties": {
        "bright_ti4": 313.56,
        "scan": 0.42,
        "track": 0.38,
        "acq_date": "2026-09-17",
        "acq_time": "0139",
        "satellite": "N",
        "instrument": "VIIRS",
        "confidence": "n",
        "version": "2.0NRT",
        "bright_ti5": 281.31,
        "frp": 1.61,
        "daynight": "N",
        "source_dataset": "VIIRS_SNPP_NRT",
        "acq_datetime_utc": "2026-09-17T01:39:00Z",
        "age_hours": 44.1,
        "confidence_label": "nominal",
        "popup_label": "<strong>NASA FIRMS<\/strong><br>Sensor: VIIRS_SNPP_NRT<br>Fecha UTC: 2026-09-17T01:39:00Z<br>Confianza: nominal<br>FRP: 1.61 MW"
      }
    },
    {
      "type": "Feature",
      "geometry": {
        "type": "Point",
        "coordinates": [4.8804, 43.4436]
      },
      "properties": {
        "bright_ti4": 327.49,
        "scan": 0.42,
        "track": 0.38,
        "acq_date": "2026-09-17",
        "acq_time": "0139",
        "satellite": "N",
        "instrument": "VIIRS",
        "confidence": "n",
        "version": "2.0NRT",
        "bright_ti5": 282.9,
        "frp": 1.61,
        "daynight": "N",
        "source_dataset": "VIIRS_SNPP_NRT",
        "acq_datetime_utc": "2026-09-17T01:39:00Z",
        "age_hours": 44.1,
        "confidence_label": "nominal",
        "popup_label": "<strong>NASA FIRMS<\/strong><br>Sensor: VIIRS_SNPP_NRT<br>Fecha UTC: 2026-09-17T01:39:00Z<br>Confianza: nominal<br>FRP: 1.61 MW"
      }
    },
    {
      "type": "Feature",
      "geometry": {
        "type": "Point",
        "coordinates": [4.902, 43.4444]
      },
      "properties": {
        "bright_ti4": 304.92,
        "scan": 0.42,
        "track": 0.38,
        "acq_date": "2026-09-17",
        "acq_time": "0139",
        "satellite": "N",
        "instrument": "VIIRS",
        "confidence": "n",
        "version": "2.0NRT",
        "bright_ti5": 281.48,
        "frp": 0.64,
        "daynight": "N",
        "source_dataset": "VIIRS_SNPP_NRT",
        "acq_datetime_utc": "2026-09-17T01:39:00Z",
        "age_hours": 44.1,
        "confidence_label": "nominal",
        "popup_label": "<strong>NASA FIRMS<\/strong><br>Sensor: VIIRS_SNPP_NRT<br>Fecha UTC: 2026-09-17T01:39:00Z<br>Confianza: nominal<br>FRP: 0.64 MW"
      }
    },
    {
      "type": "Feature",
      "geometry": {
        "type": "Point",
        "coordinates": [4.8968, 43.445]
      },
      "properties": {
        "bright_ti4": 314.46,
        "scan": 0.42,
        "track": 0.38,
        "acq_date": "2026-09-17",
        "acq_time": "0139",
        "satellite": "N",
        "instrument": "VIIRS",
        "confidence": "n",
        "version": "2.0NRT",
        "bright_ti5": 284.35,
        "frp": 1.61,
        "daynight": "N",
        "source_dataset": "VIIRS_SNPP_NRT",
        "acq_datetime_utc": "2026-09-17T01:39:00Z",
        "age_hours": 44.1,
        "confidence_label": "nominal",
        "popup_label": "<strong>NASA FIRMS<\/strong><br>Sensor: VIIRS_SNPP_NRT<br>Fecha UTC: 2026-09-17T01:39:00Z<br>Confianza: nominal<br>FRP: 1.61 MW"
      }
    },
    {
      "type": "Feature",
      "geometry": {
        "type": "Point",
        "coordinates": [4.8916, 43.4457]
      },
      "properties": {
        "bright_ti4": 305.27,
        "scan": 0.42,
        "track": 0.38,
        "acq_date": "2026-09-17",
        "acq_time": "0139",
        "satellite": "N",
        "instrument": "VIIRS",
        "confidence": "n",
        "version": "2.0NRT",
        "bright_ti5": 282.75,
        "frp": 1.61,
        "daynight": "N",
        "source_dataset": "VIIRS_SNPP_NRT",
        "acq_datetime_utc": "2026-09-17T01:39:00Z",
        "age_hours": 44.1,
        "confidence_label": "nominal",
        "popup_label": "<strong>NASA FIRMS<\/strong><br>Sensor: VIIRS_SNPP_NRT<br>Fecha UTC: 2026-09-17T01:39:00Z<br>Confianza: nominal<br>FRP: 1.61 MW"
      }
    },
    {
      "type": "Feature",
      "geometry": {
        "type": "Point",
        "coordinates": [4.8977, 43.4485]
      },
      "properties": {
        "bright_ti4": 320.6,
        "scan": 0.42,
        "track": 0.38,
        "acq_date": "2026-09-17",
        "acq_time": "0139",
        "satellite": "N",
        "instrument": "VIIRS",
        "confidence": "n",
        "version": "2.0NRT",
        "bright_ti5": 283.57,
        "frp": 1.61,
        "daynight": "N",
        "source_dataset": "VIIRS_SNPP_NRT",
        "acq_datetime_utc": "2026-09-17T01:39:00Z",
        "age_hours": 44.1,
        "confidence_label": "nominal",
        "popup_label": "<strong>NASA FIRMS<\/strong><br>Sensor: VIIRS_SNPP_NRT<br>Fecha UTC: 2026-09-17T01:39:00Z<br>Confianza: nominal<br>FRP: 1.61 MW"
      }
    },
    {
      "type": "Feature",
      "geometry": {
        "type": "Point",
        "coordinates": [-5.7272, 43.5257]
      },
      "properties": {
        "bright_ti4": 313.93,
        "scan": 0.42,
        "track": 0.61,
        "acq_date": "2026-09-17",
        "acq_time": "0139",
        "satellite": "N",
        "instrument": "VIIRS",
        "confidence": "n",
        "version": "2.0NRT",
        "bright_ti5": 285.57,
        "frp": 1.54,
        "daynight": "N",
        "source_dataset": "VIIRS_SNPP_NRT",
        "acq_datetime_utc": "2026-09-17T01:39:00Z",
        "age_hours": 44.1,
        "confidence_label": "nominal",
        "popup_label": "<strong>NASA FIRMS<\/strong><br>Sensor: VIIRS_SNPP_NRT<br>Fecha UTC: 2026-09-17T01:39:00Z<br>Confianza: nominal<br>FRP: 1.54 MW"
      }
    },
    {
      "type": "Feature",
      "geometry": {
        "type": "Point",
        "coordinates": [-5.7325, 43.5259]
      },
      "properties": {
        "bright_ti4": 305.63,
        "scan": 0.42,
        "track": 0.61,
        "acq_date": "2026-09-17",
        "acq_time": "0139",
        "satellite": "N",
        "instrument": "VIIRS",
        "confidence": "n",
        "version": "2.0NRT",
        "bright_ti5": 285.4,
        "frp": 2.18,
        "daynight": "N",
        "source_dataset": "VIIRS_SNPP_NRT",
        "acq_datetime_utc": "2026-09-17T01:39:00Z",
        "age_hours": 44.1,
        "confidence_label": "nominal",
        "popup_label": "<strong>NASA FIRMS<\/strong><br>Sensor: VIIRS_SNPP_NRT<br>Fecha UTC: 2026-09-17T01:39:00Z<br>Confianza: nominal<br>FRP: 2.18 MW"
      }
    },
    {
      "type": "Feature",
      "geometry": {
        "type": "Point",
        "coordinates": [-5.7277, 43.5265]
      },
      "properties": {
        "bright_ti4": 309.55,
        "scan": 0.42,
        "track": 0.61,
        "acq_date": "2026-09-17",
        "acq_time": "0139",
        "satellite": "N",
        "instrument": "VIIRS",
        "confidence": "n",
        "version": "2.0NRT",
        "bright_ti5": 285.44,
        "frp": 1.23,
        "daynight": "N",
        "source_dataset": "VIIRS_SNPP_NRT",
        "acq_datetime_utc": "2026-09-17T01:39:00Z",
        "age_hours": 44.1,
        "confidence_label": "nominal",
        "popup_label": "<strong>NASA FIRMS<\/strong><br>Sensor: VIIRS_SNPP_NRT<br>Fecha UTC: 2026-09-17T01:39:00Z<br>Confianza: nominal<br>FRP: 1.23 MW"
      }
    },
    {
      "type": "Feature",
      "geometry": {
        "type": "Point",
        "coordinates": [-5.733, 43.5267]
      },
      "properties": {
        "bright_ti4": 302.87,
        "scan": 0.42,
        "track": 0.61,
        "acq_date": "2026-09-17",
        "acq_time": "0139",
        "satellite": "N",
        "instrument": "VIIRS",
        "confidence": "n",
        "version": "2.0NRT",
        "bright_ti5": 285.18,
        "frp": 1.23,
        "daynight": "N",
        "source_dataset": "VIIRS_SNPP_NRT",
        "acq_datetime_utc": "2026-09-17T01:39:00Z",
        "age_hours": 44.1,
        "confidence_label": "nominal",
        "popup_label": "<strong>NASA FIRMS<\/strong><br>Sensor: VIIRS_SNPP_NRT<br>Fecha UTC: 2026-09-17T01:39:00Z<br>Confianza: nominal<br>FRP: 1.23 MW"
      }
    },
    {
      "type": "Feature",
      "geometry": {
        "type": "Point",
        "coordinates": [-5.8271, 43.5411]
      },
      "properties": {
        "bright_ti4": 299.02,
        "scan": 0.42,
        "track": 0.61,
        "acq_date": "2026-09-17",
        "acq_time": "0139",
        "satellite": "N",
        "instrument": "VIIRS",
        "confidence": "n",
        "version": "2.0NRT",
        "bright_ti5": 283.95,
        "frp": 1.37,
        "daynight": "N",
        "source_dataset": "VIIRS_SNPP_NRT",
        "acq_datetime_utc": "2026-09-17T01:39:00Z",
        "age_hours": 44.1,
        "confidence_label": "nominal",
        "popup_label": "<strong>NASA FIRMS<\/strong><br>Sensor: VIIRS_SNPP_NRT<br>Fecha UTC: 2026-09-17T01:39:00Z<br>Confianza: nominal<br>FRP: 1.37 MW"
      }
    },
    {
      "type": "Feature",
      "geometry": {
        "type": "Point",
        "coordinates": [-5.8329, 43.5414]
      },
      "properties": {
        "bright_ti4": 314.57,
        "scan": 0.42,
        "track": 0.61,
        "acq_date": "2026-09-17",
        "acq_time": "0139",
        "satellite": "N",
        "instrument": "VIIRS",
        "confidence": "n",
        "version": "2.0NRT",
        "bright_ti5": 284.98,
        "frp": 1.37,
        "daynight": "N",
        "source_dataset": "VIIRS_SNPP_NRT",
        "acq_datetime_utc": "2026-09-17T01:39:00Z",
        "age_hours": 44.1,
        "confidence_label": "nominal",
        "popup_label": "<strong>NASA FIRMS<\/strong><br>Sensor: VIIRS_SNPP_NRT<br>Fecha UTC: 2026-09-17T01:39:00Z<br>Confianza: nominal<br>FRP: 1.37 MW"
      }
    },
    {
      "type": "Feature",
      "geometry": {
        "type": "Point",
        "coordinates": [-5.8277, 43.5414]
      },
      "properties": {
        "bright_ti4": 298.31,
        "scan": 0.42,
        "track": 0.61,
        "acq_date": "2026-09-17",
        "acq_time": "0139",
        "satellite": "N",
        "instrument": "VIIRS",
        "confidence": "n",
        "version": "2.0NRT",
        "bright_ti5": 283.57,
        "frp": 1.45,
        "daynight": "N",
        "source_dataset": "VIIRS_SNPP_NRT",
        "acq_datetime_utc": "2026-09-17T01:39:00Z",
        "age_hours": 44.1,
        "confidence_label": "nominal",
        "popup_label": "<strong>NASA FIRMS<\/strong><br>Sensor: VIIRS_SNPP_NRT<br>Fecha UTC: 2026-09-17T01:39:00Z<br>Confianza: nominal<br>FRP: 1.45 MW"
      }
    },
    {
      "type": "Feature",
      "geometry": {
        "type": "Point",
        "coordinates": [-5.8335, 43.5416]
      },
      "properties": {
        "bright_ti4": 310.76,
        "scan": 0.42,
        "track": 0.61,
        "acq_date": "2026-09-17",
        "acq_time": "0139",
        "satellite": "N",
        "instrument": "VIIRS",
        "confidence": "n",
        "version": "2.0NRT",
        "bright_ti5": 284.82,
        "frp": 2.88,
        "daynight": "N",
        "source_dataset": "VIIRS_SNPP_NRT",
        "acq_datetime_utc": "2026-09-17T01:39:00Z",
        "age_hours": 44.1,
        "confidence_label": "nominal",
        "popup_label": "<strong>NASA FIRMS<\/strong><br>Sensor: VIIRS_SNPP_NRT<br>Fecha UTC: 2026-09-17T01:39:00Z<br>Confianza: nominal<br>FRP: 2.88 MW"
      }
    },
    {
      "type": "Feature",
      "geometry": {
        "type": "Point",
        "coordinates": [-0.921, 44.1851]
      },
      "properties": {
        "bright_ti4": 295.25,
        "scan": 0.49,
        "track": 0.48,
        "acq_date": "2026-09-17",
        "acq_time": "0139",
        "satellite": "N",
        "instrument": "VIIRS",
        "confidence": "n",
        "version": "2.0NRT",
        "bright_ti5": 283.77,
        "frp": 0.92,
        "daynight": "N",
        "source_dataset": "VIIRS_SNPP_NRT",
        "acq_datetime_utc": "2026-09-17T01:39:00Z",
        "age_hours": 44.1,
        "confidence_label": "nominal",
        "popup_label": "<strong>NASA FIRMS<\/strong><br>Sensor: VIIRS_SNPP_NRT<br>Fecha UTC: 2026-09-17T01:39:00Z<br>Confianza: nominal<br>FRP: 0.92 MW"
      }
    },
    {
      "type": "Feature",
      "geometry": {
        "type": "Point",
        "coordinates": [-0.9272, 44.1856]
      },
      "properties": {
        "bright_ti4": 303.84,
        "scan": 0.49,
        "track": 0.48,
        "acq_date": "2026-09-17",
        "acq_time": "0139",
        "satellite": "N",
        "instrument": "VIIRS",
        "confidence": "n",
        "version": "2.0NRT",
        "bright_ti5": 284.91,
        "frp": 1.58,
        "daynight": "N",
        "source_dataset": "VIIRS_SNPP_NRT",
        "acq_datetime_utc": "2026-09-17T01:39:00Z",
        "age_hours": 44.1,
        "confidence_label": "nominal",
        "popup_label": "<strong>NASA FIRMS<\/strong><br>Sensor: VIIRS_SNPP_NRT<br>Fecha UTC: 2026-09-17T01:39:00Z<br>Confianza: nominal<br>FRP: 1.58 MW"
      }
    },
    {
      "type": "Feature",
      "geometry": {
        "type": "Point",
        "coordinates": [-0.9334, 44.1861]
      },
      "properties": {
        "bright_ti4": 305.61,
        "scan": 0.49,
        "track": 0.49,
        "acq_date": "2026-09-17",
        "acq_time": "0139",
        "satellite": "N",
        "instrument": "VIIRS",
        "confidence": "n",
        "version": "2.0NRT",
        "bright_ti5": 284.28,
        "frp": 1.58,
        "daynight": "N",
        "source_dataset": "VIIRS_SNPP_NRT",
        "acq_datetime_utc": "2026-09-17T01:39:00Z",
        "age_hours": 44.1,
        "confidence_label": "nominal",
        "popup_label": "<strong>NASA FIRMS<\/strong><br>Sensor: VIIRS_SNPP_NRT<br>Fecha UTC: 2026-09-17T01:39:00Z<br>Confianza: nominal<br>FRP: 1.58 MW"
      }
    },
    {
      "type": "Feature",
      "geometry": {
        "type": "Point",
        "coordinates": [-0.9265, 44.1901]
      },
      "properties": {
        "bright_ti4": 305.55,
        "scan": 0.49,
        "track": 0.48,
        "acq_date": "2026-09-17",
        "acq_time": "0139",
        "satellite": "N",
        "instrument": "VIIRS",
        "confidence": "n",
        "version": "2.0NRT",
        "bright_ti5": 284.93,
        "frp": 1.74,
        "daynight": "N",
        "source_dataset": "VIIRS_SNPP_NRT",
        "acq_datetime_utc": "2026-09-17T01:39:00Z",
        "age_hours": 44.1,
        "confidence_label": "nominal",
        "popup_label": "<strong>NASA FIRMS<\/strong><br>Sensor: VIIRS_SNPP_NRT<br>Fecha UTC: 2026-09-17T01:39:00Z<br>Confianza: nominal<br>FRP: 1.74 MW"
      }
    },
    {
      "type": "Feature",
      "geometry": {
        "type": "Point",
        "coordinates": [-0.9327, 44.1906]
      },
      "properties": {
        "bright_ti4": 311.15,
        "scan": 0.49,
        "track": 0.49,
        "acq_date": "2026-09-17",
        "acq_time": "0139",
        "satellite": "N",
        "instrument": "VIIRS",
        "confidence": "n",
        "version": "2.0NRT",
        "bright_ti5": 286.83,
        "frp": 1.74,
        "daynight": "N",
        "source_dataset": "VIIRS_SNPP_NRT",
        "acq_datetime_utc": "2026-09-17T01:39:00Z",
        "age_hours": 44.1,
        "confidence_label": "nominal",
        "popup_label": "<strong>NASA FIRMS<\/strong><br>Sensor: VIIRS_SNPP_NRT<br>Fecha UTC: 2026-09-17T01:39:00Z<br>Confianza: nominal<br>FRP: 1.74 MW"
      }
    },
    {
      "type": "Feature",
      "geometry": {
        "type": "Point",
        "coordinates": [-8.2777, 37.4909]
      },
      "properties": {
        "bright_ti4": 367,
        "scan": 0.74,
        "track": 0.76,
        "acq_date": "2026-09-18",
        "acq_time": "1444",
        "satellite": "N20",
        "instrument": "VIIRS",
        "confidence": "h",
        "version": "2.0NRT",
        "bright_ti5": 305.97,
        "frp": 18.27,
        "daynight": "D",
        "source_dataset": "VIIRS_NOAA20_NRT",
        "acq_datetime_utc": "2026-09-18T14:44:00Z",
        "age_hours": 7.1,
        "confidence_label": "alta",
        "popup_label": "<strong>NASA FIRMS<\/strong><br>Sensor: VIIRS_NOAA20_NRT<br>Fecha UTC: 2026-09-18T14:44:00Z<br>Confianza: alta<br>FRP: 18.27 MW"
      }
    },
    {
      "type": "Feature",
      "geometry": {
        "type": "Point",
        "coordinates": [-8.2696, 37.491]
      },
      "properties": {
        "bright_ti4": 340.91,
        "scan": 0.74,
        "track": 0.76,
        "acq_date": "2026-09-18",
        "acq_time": "1444",
        "satellite": "N20",
        "instrument": "VIIRS",
        "confidence": "n",
        "version": "2.0NRT",
        "bright_ti5": 302.61,
        "frp": 14.95,
        "daynight": "D",
        "source_dataset": "VIIRS_NOAA20_NRT",
        "acq_datetime_utc": "2026-09-18T14:44:00Z",
        "age_hours": 7.1,
        "confidence_label": "nominal",
        "popup_label": "<strong>NASA FIRMS<\/strong><br>Sensor: VIIRS_NOAA20_NRT<br>Fecha UTC: 2026-09-18T14:44:00Z<br>Confianza: nominal<br>FRP: 14.95 MW"
      }
    },
    {
      "type": "Feature",
      "geometry": {
        "type": "Point",
        "coordinates": [-8.5519, 40.5976]
      },
      "properties": {
        "bright_ti4": 349.82,
        "scan": 0.74,
        "track": 0.76,
        "acq_date": "2026-09-18",
        "acq_time": "1444",
        "satellite": "N20",
        "instrument": "VIIRS",
        "confidence": "n",
        "version": "2.0NRT",
        "bright_ti5": 298.39,
        "frp": 58.76,
        "daynight": "D",
        "source_dataset": "VIIRS_NOAA20_NRT",
        "acq_datetime_utc": "2026-09-18T14:44:00Z",
        "age_hours": 7.1,
        "confidence_label": "nominal",
        "popup_label": "<strong>NASA FIRMS<\/strong><br>Sensor: VIIRS_NOAA20_NRT<br>Fecha UTC: 2026-09-18T14:44:00Z<br>Confianza: nominal<br>FRP: 58.76 MW"
      }
    },
    {
      "type": "Feature",
      "geometry": {
        "type": "Point",
        "coordinates": [-8.5604, 40.6047]
      },
      "properties": {
        "bright_ti4": 339.94,
        "scan": 0.74,
        "track": 0.76,
        "acq_date": "2026-09-18",
        "acq_time": "1444",
        "satellite": "N20",
        "instrument": "VIIRS",
        "confidence": "n",
        "version": "2.0NRT",
        "bright_ti5": 295.3,
        "frp": 52.86,
        "daynight": "D",
        "source_dataset": "VIIRS_NOAA20_NRT",
        "acq_datetime_utc": "2026-09-18T14:44:00Z",
        "age_hours": 7.1,
        "confidence_label": "nominal",
        "popup_label": "<strong>NASA FIRMS<\/strong><br>Sensor: VIIRS_NOAA20_NRT<br>Fecha UTC: 2026-09-18T14:44:00Z<br>Confianza: nominal<br>FRP: 52.86 MW"
      }
    },
    {
      "type": "Feature",
      "geometry": {
        "type": "Point",
        "coordinates": [-8.5517, 40.6047]
      },
      "properties": {
        "bright_ti4": 354.77,
        "scan": 0.74,
        "track": 0.76,
        "acq_date": "2026-09-18",
        "acq_time": "1444",
        "satellite": "N20",
        "instrument": "VIIRS",
        "confidence": "n",
        "version": "2.0NRT",
        "bright_ti5": 303.04,
        "frp": 55.29,
        "daynight": "D",
        "source_dataset": "VIIRS_NOAA20_NRT",
        "acq_datetime_utc": "2026-09-18T14:44:00Z",
        "age_hours": 7.1,
        "confidence_label": "nominal",
        "popup_label": "<strong>NASA FIRMS<\/strong><br>Sensor: VIIRS_NOAA20_NRT<br>Fecha UTC: 2026-09-18T14:44:00Z<br>Confianza: nominal<br>FRP: 55.29 MW"
      }
    },
    {
      "type": "Feature",
      "geometry": {
        "type": "Point",
        "coordinates": [-8.5425, 40.6047]
      },
      "properties": {
        "bright_ti4": 349.6,
        "scan": 0.74,
        "track": 0.76,
        "acq_date": "2026-09-18",
        "acq_time": "1444",
        "satellite": "N20",
        "instrument": "VIIRS",
        "confidence": "n",
        "version": "2.0NRT",
        "bright_ti5": 292.22,
        "frp": 55.29,
        "daynight": "D",
        "source_dataset": "VIIRS_NOAA20_NRT",
        "acq_datetime_utc": "2026-09-18T14:44:00Z",
        "age_hours": 7.1,
        "confidence_label": "nominal",
        "popup_label": "<strong>NASA FIRMS<\/strong><br>Sensor: VIIRS_NOAA20_NRT<br>Fecha UTC: 2026-09-18T14:44:00Z<br>Confianza: nominal<br>FRP: 55.29 MW"
      }
    },
    {
      "type": "Feature",
      "geometry": {
        "type": "Point",
        "coordinates": [-8.551, 40.6084]
      },
      "properties": {
        "bright_ti4": 345.56,
        "scan": 0.74,
        "track": 0.76,
        "acq_date": "2026-09-18",
        "acq_time": "1444",
        "satellite": "N20",
        "instrument": "VIIRS",
        "confidence": "n",
        "version": "2.0NRT",
        "bright_ti5": 293.9,
        "frp": 12.3,
        "daynight": "D",
        "source_dataset": "VIIRS_NOAA20_NRT",
        "acq_datetime_utc": "2026-09-18T14:44:00Z",
        "age_hours": 7.1,
        "confidence_label": "nominal",
        "popup_label": "<strong>NASA FIRMS<\/strong><br>Sensor: VIIRS_NOAA20_NRT<br>Fecha UTC: 2026-09-18T14:44:00Z<br>Confianza: nominal<br>FRP: 12.3 MW"
      }
    },
    {
      "type": "Feature",
      "geometry": {
        "type": "Point",
        "coordinates": [-6.4064, 38.4258]
      },
      "properties": {
        "bright_ti4": 342.76,
        "scan": 0.39,
        "track": 0.44,
        "acq_date": "2026-09-18",
        "acq_time": "1304",
        "satellite": "N20",
        "instrument": "VIIRS",
        "confidence": "n",
        "version": "2.0NRT",
        "bright_ti5": 308.82,
        "frp": 2.3,
        "daynight": "D",
        "source_dataset": "VIIRS_NOAA20_NRT",
        "acq_datetime_utc": "2026-09-18T13:04:00Z",
        "age_hours": 8.7,
        "confidence_label": "nominal",
        "popup_label": "<strong>NASA FIRMS<\/strong><br>Sensor: VIIRS_NOAA20_NRT<br>Fecha UTC: 2026-09-18T13:04:00Z<br>Confianza: nominal<br>FRP: 2.3 MW"
      }
    },
    {
      "type": "Feature",
      "geometry": {
        "type": "Point",
        "coordinates": [-6.5068, 38.7747]
      },
      "properties": {
        "bright_ti4": 344.05,
        "scan": 0.39,
        "track": 0.44,
        "acq_date": "2026-09-18",
        "acq_time": "1304",
        "satellite": "N20",
        "instrument": "VIIRS",
        "confidence": "n",
        "version": "2.0NRT",
        "bright_ti5": 312.79,
        "frp": 4.19,
        "daynight": "D",
        "source_dataset": "VIIRS_NOAA20_NRT",
        "acq_datetime_utc": "2026-09-18T13:04:00Z",
        "age_hours": 8.7,
        "confidence_label": "nominal",
        "popup_label": "<strong>NASA FIRMS<\/strong><br>Sensor: VIIRS_NOAA20_NRT<br>Fecha UTC: 2026-09-18T13:04:00Z<br>Confianza: nominal<br>FRP: 4.19 MW"
      }
    },
    {
      "type": "Feature",
      "geometry": {
        "type": "Point",
        "coordinates": [-8.5548, 40.6022]
      },
      "properties": {
        "bright_ti4": 333.95,
        "scan": 0.44,
        "track": 0.46,
        "acq_date": "2026-09-18",
        "acq_time": "1304",
        "satellite": "N20",
        "instrument": "VIIRS",
        "confidence": "n",
        "version": "2.0NRT",
        "bright_ti5": 295.29,
        "frp": 54.21,
        "daynight": "D",
        "source_dataset": "VIIRS_NOAA20_NRT",
        "acq_datetime_utc": "2026-09-18T13:04:00Z",
        "age_hours": 8.7,
        "confidence_label": "nominal",
        "popup_label": "<strong>NASA FIRMS<\/strong><br>Sensor: VIIRS_NOAA20_NRT<br>Fecha UTC: 2026-09-18T13:04:00Z<br>Confianza: nominal<br>FRP: 54.21 MW"
      }
    },
    {
      "type": "Feature",
      "geometry": {
        "type": "Point",
        "coordinates": [-8.5515, 40.6075]
      },
      "properties": {
        "bright_ti4": 342.39,
        "scan": 0.44,
        "track": 0.46,
        "acq_date": "2026-09-18",
        "acq_time": "1304",
        "satellite": "N20",
        "instrument": "VIIRS",
        "confidence": "n",
        "version": "2.0NRT",
        "bright_ti5": 307.52,
        "frp": 87.16,
        "daynight": "D",
        "source_dataset": "VIIRS_NOAA20_NRT",
        "acq_datetime_utc": "2026-09-18T13:04:00Z",
        "age_hours": 8.7,
        "confidence_label": "nominal",
        "popup_label": "<strong>NASA FIRMS<\/strong><br>Sensor: VIIRS_NOAA20_NRT<br>Fecha UTC: 2026-09-18T13:04:00Z<br>Confianza: nominal<br>FRP: 87.16 MW"
      }
    },
    {
      "type": "Feature",
      "geometry": {
        "type": "Point",
        "coordinates": [-8.5582, 40.6104]
      },
      "properties": {
        "bright_ti4": 340.95,
        "scan": 0.44,
        "track": 0.46,
        "acq_date": "2026-09-18",
        "acq_time": "1304",
        "satellite": "N20",
        "instrument": "VIIRS",
        "confidence": "n",
        "version": "2.0NRT",
        "bright_ti5": 295.72,
        "frp": 67.93,
        "daynight": "D",
        "source_dataset": "VIIRS_NOAA20_NRT",
        "acq_datetime_utc": "2026-09-18T13:04:00Z",
        "age_hours": 8.7,
        "confidence_label": "nominal",
        "popup_label": "<strong>NASA FIRMS<\/strong><br>Sensor: VIIRS_NOAA20_NRT<br>Fecha UTC: 2026-09-18T13:04:00Z<br>Confianza: nominal<br>FRP: 67.93 MW"
      }
    },
    {
      "type": "Feature",
      "geometry": {
        "type": "Point",
        "coordinates": [-3.2469, 40.7167]
      },
      "properties": {
        "bright_ti4": 338.9,
        "scan": 0.41,
        "track": 0.37,
        "acq_date": "2026-09-18",
        "acq_time": "1304",
        "satellite": "N20",
        "instrument": "VIIRS",
        "confidence": "n",
        "version": "2.0NRT",
        "bright_ti5": 307.63,
        "frp": 2.33,
        "daynight": "D",
        "source_dataset": "VIIRS_NOAA20_NRT",
        "acq_datetime_utc": "2026-09-18T13:04:00Z",
        "age_hours": 8.7,
        "confidence_label": "nominal",
        "popup_label": "<strong>NASA FIRMS<\/strong><br>Sensor: VIIRS_NOAA20_NRT<br>Fecha UTC: 2026-09-18T13:04:00Z<br>Confianza: nominal<br>FRP: 2.33 MW"
      }
    },
    {
      "type": "Feature",
      "geometry": {
        "type": "Point",
        "coordinates": [-3.2421, 40.7176]
      },
      "properties": {
        "bright_ti4": 336.08,
        "scan": 0.41,
        "track": 0.37,
        "acq_date": "2026-09-18",
        "acq_time": "1304",
        "satellite": "N20",
        "instrument": "VIIRS",
        "confidence": "n",
        "version": "2.0NRT",
        "bright_ti5": 306.65,
        "frp": 2.33,
        "daynight": "D",
        "source_dataset": "VIIRS_NOAA20_NRT",
        "acq_datetime_utc": "2026-09-18T13:04:00Z",
        "age_hours": 8.7,
        "confidence_label": "nominal",
        "popup_label": "<strong>NASA FIRMS<\/strong><br>Sensor: VIIRS_NOAA20_NRT<br>Fecha UTC: 2026-09-18T13:04:00Z<br>Confianza: nominal<br>FRP: 2.33 MW"
      }
    },
    {
      "type": "Feature",
      "geometry": {
        "type": "Point",
        "coordinates": [-0.8011, 41.9327]
      },
      "properties": {
        "bright_ti4": 332.59,
        "scan": 0.38,
        "track": 0.36,
        "acq_date": "2026-09-18",
        "acq_time": "1304",
        "satellite": "N20",
        "instrument": "VIIRS",
        "confidence": "l",
        "version": "2.0NRT",
        "bright_ti5": 305.44,
        "frp": 1.98,
        "daynight": "D",
        "source_dataset": "VIIRS_NOAA20_NRT",
        "acq_datetime_utc": "2026-09-18T13:04:00Z",
        "age_hours": 8.7,
        "confidence_label": "baja",
        "popup_label": "<strong>NASA FIRMS<\/strong><br>Sensor: VIIRS_NOAA20_NRT<br>Fecha UTC: 2026-09-18T13:04:00Z<br>Confianza: baja<br>FRP: 1.98 MW"
      }
    },
    {
      "type": "Feature",
      "geometry": {
        "type": "Point",
        "coordinates": [-2.0204, 42.0747]
      },
      "properties": {
        "bright_ti4": 333.54,
        "scan": 0.39,
        "track": 0.36,
        "acq_date": "2026-09-18",
        "acq_time": "1304",
        "satellite": "N20",
        "instrument": "VIIRS",
        "confidence": "n",
        "version": "2.0NRT",
        "bright_ti5": 307.82,
        "frp": 28.88,
        "daynight": "D",
        "source_dataset": "VIIRS_NOAA20_NRT",
        "acq_datetime_utc": "2026-09-18T13:04:00Z",
        "age_hours": 8.7,
        "confidence_label": "nominal",
        "popup_label": "<strong>NASA FIRMS<\/strong><br>Sensor: VIIRS_NOAA20_NRT<br>Fecha UTC: 2026-09-18T13:04:00Z<br>Confianza: nominal<br>FRP: 28.88 MW"
      }
    },
    {
      "type": "Feature",
      "geometry": {
        "type": "Point",
        "coordinates": [-2.0259, 42.0773]
      },
      "properties": {
        "bright_ti4": 335.23,
        "scan": 0.39,
        "track": 0.36,
        "acq_date": "2026-09-18",
        "acq_time": "1304",
        "satellite": "N20",
        "instrument": "VIIRS",
        "confidence": "n",
        "version": "2.0NRT",
        "bright_ti5": 302.47,
        "frp": 28.88,
        "daynight": "D",
        "source_dataset": "VIIRS_NOAA20_NRT",
        "acq_datetime_utc": "2026-09-18T13:04:00Z",
        "age_hours": 8.7,
        "confidence_label": "nominal",
        "popup_label": "<strong>NASA FIRMS<\/strong><br>Sensor: VIIRS_NOAA20_NRT<br>Fecha UTC: 2026-09-18T13:04:00Z<br>Confianza: nominal<br>FRP: 28.88 MW"
      }
    },
    {
      "type": "Feature",
      "geometry": {
        "type": "Point",
        "coordinates": [-2.0214, 42.078]
      },
      "properties": {
        "bright_ti4": 332.78,
        "scan": 0.39,
        "track": 0.36,
        "acq_date": "2026-09-18",
        "acq_time": "1304",
        "satellite": "N20",
        "instrument": "VIIRS",
        "confidence": "n",
        "version": "2.0NRT",
        "bright_ti5": 301.8,
        "frp": 28.88,
        "daynight": "D",
        "source_dataset": "VIIRS_NOAA20_NRT",
        "acq_datetime_utc": "2026-09-18T13:04:00Z",
        "age_hours": 8.7,
        "confidence_label": "nominal",
        "popup_label": "<strong>NASA FIRMS<\/strong><br>Sensor: VIIRS_NOAA20_NRT<br>Fecha UTC: 2026-09-18T13:04:00Z<br>Confianza: nominal<br>FRP: 28.88 MW"
      }
    },
    {
      "type": "Feature",
      "geometry": {
        "type": "Point",
        "coordinates": [-3.653, 42.2238]
      },
      "properties": {
        "bright_ti4": 334.19,
        "scan": 0.41,
        "track": 0.37,
        "acq_date": "2026-09-18",
        "acq_time": "1304",
        "satellite": "N20",
        "instrument": "VIIRS",
        "confidence": "n",
        "version": "2.0NRT",
        "bright_ti5": 302.7,
        "frp": 7.52,
        "daynight": "D",
        "source_dataset": "VIIRS_NOAA20_NRT",
        "acq_datetime_utc": "2026-09-18T13:04:00Z",
        "age_hours": 8.7,
        "confidence_label": "nominal",
        "popup_label": "<strong>NASA FIRMS<\/strong><br>Sensor: VIIRS_NOAA20_NRT<br>Fecha UTC: 2026-09-18T13:04:00Z<br>Confianza: nominal<br>FRP: 7.52 MW"
      }
    },
    {
      "type": "Feature",
      "geometry": {
        "type": "Point",
        "coordinates": [3.303, 43.3015]
      },
      "properties": {
        "bright_ti4": 333.4,
        "scan": 0.49,
        "track": 0.4,
        "acq_date": "2026-09-18",
        "acq_time": "1304",
        "satellite": "N20",
        "instrument": "VIIRS",
        "confidence": "l",
        "version": "2.0NRT",
        "bright_ti5": 304.25,
        "frp": 9.88,
        "daynight": "D",
        "source_dataset": "VIIRS_NOAA20_NRT",
        "acq_datetime_utc": "2026-09-18T13:04:00Z",
        "age_hours": 8.7,
        "confidence_label": "baja",
        "popup_label": "<strong>NASA FIRMS<\/strong><br>Sensor: VIIRS_NOAA20_NRT<br>Fecha UTC: 2026-09-18T13:04:00Z<br>Confianza: baja<br>FRP: 9.88 MW"
      }
    },
    {
      "type": "Feature",
      "geometry": {
        "type": "Point",
        "coordinates": [4.8936, 43.4385]
      },
      "properties": {
        "bright_ti4": 335.66,
        "scan": 0.38,
        "track": 0.43,
        "acq_date": "2026-09-18",
        "acq_time": "1304",
        "satellite": "N20",
        "instrument": "VIIRS",
        "confidence": "l",
        "version": "2.0NRT",
        "bright_ti5": 306.38,
        "frp": 5.38,
        "daynight": "D",
        "source_dataset": "VIIRS_NOAA20_NRT",
        "acq_datetime_utc": "2026-09-18T13:04:00Z",
        "age_hours": 8.7,
        "confidence_label": "baja",
        "popup_label": "<strong>NASA FIRMS<\/strong><br>Sensor: VIIRS_NOAA20_NRT<br>Fecha UTC: 2026-09-18T13:04:00Z<br>Confianza: baja<br>FRP: 5.38 MW"
      }
    },
    {
      "type": "Feature",
      "geometry": {
        "type": "Point",
        "coordinates": [4.897, 43.4469]
      },
      "properties": {
        "bright_ti4": 331.7,
        "scan": 0.38,
        "track": 0.43,
        "acq_date": "2026-09-18",
        "acq_time": "1304",
        "satellite": "N20",
        "instrument": "VIIRS",
        "confidence": "l",
        "version": "2.0NRT",
        "bright_ti5": 302.57,
        "frp": 3.01,
        "daynight": "D",
        "source_dataset": "VIIRS_NOAA20_NRT",
        "acq_datetime_utc": "2026-09-18T13:04:00Z",
        "age_hours": 8.7,
        "confidence_label": "baja",
        "popup_label": "<strong>NASA FIRMS<\/strong><br>Sensor: VIIRS_NOAA20_NRT<br>Fecha UTC: 2026-09-18T13:04:00Z<br>Confianza: baja<br>FRP: 3.01 MW"
      }
    },
    {
      "type": "Feature",
      "geometry": {
        "type": "Point",
        "coordinates": [-1.131, 44.1369]
      },
      "properties": {
        "bright_ti4": 332.59,
        "scan": 0.39,
        "track": 0.36,
        "acq_date": "2026-09-18",
        "acq_time": "1304",
        "satellite": "N20",
        "instrument": "VIIRS",
        "confidence": "n",
        "version": "2.0NRT",
        "bright_ti5": 302.48,
        "frp": 3.21,
        "daynight": "D",
        "source_dataset": "VIIRS_NOAA20_NRT",
        "acq_datetime_utc": "2026-09-18T13:04:00Z",
        "age_hours": 8.7,
        "confidence_label": "nominal",
        "popup_label": "<strong>NASA FIRMS<\/strong><br>Sensor: VIIRS_NOAA20_NRT<br>Fecha UTC: 2026-09-18T13:04:00Z<br>Confianza: nominal<br>FRP: 3.21 MW"
      }
    },
    {
      "type": "Feature",
      "geometry": {
        "type": "Point",
        "coordinates": [-1.1319, 44.1402]
      },
      "properties": {
        "bright_ti4": 332.25,
        "scan": 0.39,
        "track": 0.36,
        "acq_date": "2026-09-18",
        "acq_time": "1304",
        "satellite": "N20",
        "instrument": "VIIRS",
        "confidence": "n",
        "version": "2.0NRT",
        "bright_ti5": 300.8,
        "frp": 3.21,
        "daynight": "D",
        "source_dataset": "VIIRS_NOAA20_NRT",
        "acq_datetime_utc": "2026-09-18T13:04:00Z",
        "age_hours": 8.7,
        "confidence_label": "nominal",
        "popup_label": "<strong>NASA FIRMS<\/strong><br>Sensor: VIIRS_NOAA20_NRT<br>Fecha UTC: 2026-09-18T13:04:00Z<br>Confianza: nominal<br>FRP: 3.21 MW"
      }
    },
    {
      "type": "Feature",
      "geometry": {
        "type": "Point",
        "coordinates": [-1.1271, 44.1409]
      },
      "properties": {
        "bright_ti4": 326.65,
        "scan": 0.39,
        "track": 0.36,
        "acq_date": "2026-09-18",
        "acq_time": "1304",
        "satellite": "N20",
        "instrument": "VIIRS",
        "confidence": "n",
        "version": "2.0NRT",
        "bright_ti5": 294.75,
        "frp": 3.21,
        "daynight": "D",
        "source_dataset": "VIIRS_NOAA20_NRT",
        "acq_datetime_utc": "2026-09-18T13:04:00Z",
        "age_hours": 8.7,
        "confidence_label": "nominal",
        "popup_label": "<strong>NASA FIRMS<\/strong><br>Sensor: VIIRS_NOAA20_NRT<br>Fecha UTC: 2026-09-18T13:04:00Z<br>Confianza: nominal<br>FRP: 3.21 MW"
      }
    },
    {
      "type": "Feature",
      "geometry": {
        "type": "Point",
        "coordinates": [-9.468, 30.238]
      },
      "properties": {
        "bright_ti4": 335.6,
        "scan": 0.44,
        "track": 0.62,
        "acq_date": "2026-09-18",
        "acq_time": "1301",
        "satellite": "N20",
        "instrument": "VIIRS",
        "confidence": "n",
        "version": "2.0NRT",
        "bright_ti5": 298.3,
        "frp": 4.31,
        "daynight": "D",
        "source_dataset": "VIIRS_NOAA20_NRT",
        "acq_datetime_utc": "2026-09-18T13:01:00Z",
        "age_hours": 8.8,
        "confidence_label": "nominal",
        "popup_label": "<strong>NASA FIRMS<\/strong><br>Sensor: VIIRS_NOAA20_NRT<br>Fecha UTC: 2026-09-18T13:01:00Z<br>Confianza: nominal<br>FRP: 4.31 MW"
      }
    },
    {
      "type": "Feature",
      "geometry": {
        "type": "Point",
        "coordinates": [-9.4702, 30.2405]
      },
      "properties": {
        "bright_ti4": 344.24,
        "scan": 0.44,
        "track": 0.62,
        "acq_date": "2026-09-18",
        "acq_time": "1301",
        "satellite": "N20",
        "instrument": "VIIRS",
        "confidence": "n",
        "version": "2.0NRT",
        "bright_ti5": 298.86,
        "frp": 3.36,
        "daynight": "D",
        "source_dataset": "VIIRS_NOAA20_NRT",
        "acq_datetime_utc": "2026-09-18T13:01:00Z",
        "age_hours": 8.8,
        "confidence_label": "nominal",
        "popup_label": "<strong>NASA FIRMS<\/strong><br>Sensor: VIIRS_NOAA20_NRT<br>Fecha UTC: 2026-09-18T13:01:00Z<br>Confianza: nominal<br>FRP: 3.36 MW"
      }
    },
    {
      "type": "Feature",
      "geometry": {
        "type": "Point",
        "coordinates": [-0.3725, 33.2706]
      },
      "properties": {
        "bright_ti4": 340.01,
        "scan": 0.4,
        "track": 0.37,
        "acq_date": "2026-09-18",
        "acq_time": "1301",
        "satellite": "N20",
        "instrument": "VIIRS",
        "confidence": "n",
        "version": "2.0NRT",
        "bright_ti5": 309.9,
        "frp": 2.82,
        "daynight": "D",
        "source_dataset": "VIIRS_NOAA20_NRT",
        "acq_datetime_utc": "2026-09-18T13:01:00Z",
        "age_hours": 8.8,
        "confidence_label": "nominal",
        "popup_label": "<strong>NASA FIRMS<\/strong><br>Sensor: VIIRS_NOAA20_NRT<br>Fecha UTC: 2026-09-18T13:01:00Z<br>Confianza: nominal<br>FRP: 2.82 MW"
      }
    },
    {
      "type": "Feature",
      "geometry": {
        "type": "Point",
        "coordinates": [-0.3733, 33.274]
      },
      "properties": {
        "bright_ti4": 349.23,
        "scan": 0.4,
        "track": 0.37,
        "acq_date": "2026-09-18",
        "acq_time": "1301",
        "satellite": "N20",
        "instrument": "VIIRS",
        "confidence": "n",
        "version": "2.0NRT",
        "bright_ti5": 310.25,
        "frp": 2.82,
        "daynight": "D",
        "source_dataset": "VIIRS_NOAA20_NRT",
        "acq_datetime_utc": "2026-09-18T13:01:00Z",
        "age_hours": 8.8,
        "confidence_label": "nominal",
        "popup_label": "<strong>NASA FIRMS<\/strong><br>Sensor: VIIRS_NOAA20_NRT<br>Fecha UTC: 2026-09-18T13:01:00Z<br>Confianza: nominal<br>FRP: 2.82 MW"
      }
    },
    {
      "type": "Feature",
      "geometry": {
        "type": "Point",
        "coordinates": [-0.369, 33.2747]
      },
      "properties": {
        "bright_ti4": 339.85,
        "scan": 0.4,
        "track": 0.37,
        "acq_date": "2026-09-18",
        "acq_time": "1301",
        "satellite": "N20",
        "instrument": "VIIRS",
        "confidence": "l",
        "version": "2.0NRT",
        "bright_ti5": 311.57,
        "frp": 2.82,
        "daynight": "D",
        "source_dataset": "VIIRS_NOAA20_NRT",
        "acq_datetime_utc": "2026-09-18T13:01:00Z",
        "age_hours": 8.8,
        "confidence_label": "baja",
        "popup_label": "<strong>NASA FIRMS<\/strong><br>Sensor: VIIRS_NOAA20_NRT<br>Fecha UTC: 2026-09-18T13:01:00Z<br>Confianza: baja<br>FRP: 2.82 MW"
      }
    },
    {
      "type": "Feature",
      "geometry": {
        "type": "Point",
        "coordinates": [-5.3829, 34.3852]
      },
      "properties": {
        "bright_ti4": 343.32,
        "scan": 0.41,
        "track": 0.45,
        "acq_date": "2026-09-18",
        "acq_time": "1301",
        "satellite": "N20",
        "instrument": "VIIRS",
        "confidence": "n",
        "version": "2.0NRT",
        "bright_ti5": 312.26,
        "frp": 4.58,
        "daynight": "D",
        "source_dataset": "VIIRS_NOAA20_NRT",
        "acq_datetime_utc": "2026-09-18T13:01:00Z",
        "age_hours": 8.8,
        "confidence_label": "nominal",
        "popup_label": "<strong>NASA FIRMS<\/strong><br>Sensor: VIIRS_NOAA20_NRT<br>Fecha UTC: 2026-09-18T13:01:00Z<br>Confianza: nominal<br>FRP: 4.58 MW"
      }
    },
    {
      "type": "Feature",
      "geometry": {
        "type": "Point",
        "coordinates": [-5.9714, 34.5929]
      },
      "properties": {
        "bright_ti4": 335.58,
        "scan": 0.44,
        "track": 0.46,
        "acq_date": "2026-09-18",
        "acq_time": "1301",
        "satellite": "N20",
        "instrument": "VIIRS",
        "confidence": "n",
        "version": "2.0NRT",
        "bright_ti5": 309.65,
        "frp": 2.54,
        "daynight": "D",
        "source_dataset": "VIIRS_NOAA20_NRT",
        "acq_datetime_utc": "2026-09-18T13:01:00Z",
        "age_hours": 8.8,
        "confidence_label": "nominal",
        "popup_label": "<strong>NASA FIRMS<\/strong><br>Sensor: VIIRS_NOAA20_NRT<br>Fecha UTC: 2026-09-18T13:01:00Z<br>Confianza: nominal<br>FRP: 2.54 MW"
      }
    },
    {
      "type": "Feature",
      "geometry": {
        "type": "Point",
        "coordinates": [1.2547, 34.9749]
      },
      "properties": {
        "bright_ti4": 338.76,
        "scan": 0.38,
        "track": 0.36,
        "acq_date": "2026-09-18",
        "acq_time": "1301",
        "satellite": "N20",
        "instrument": "VIIRS",
        "confidence": "n",
        "version": "2.0NRT",
        "bright_ti5": 310.31,
        "frp": 4.21,
        "daynight": "D",
        "source_dataset": "VIIRS_NOAA20_NRT",
        "acq_datetime_utc": "2026-09-18T13:01:00Z",
        "age_hours": 8.8,
        "confidence_label": "nominal",
        "popup_label": "<strong>NASA FIRMS<\/strong><br>Sensor: VIIRS_NOAA20_NRT<br>Fecha UTC: 2026-09-18T13:01:00Z<br>Confianza: nominal<br>FRP: 4.21 MW"
      }
    },
    {
      "type": "Feature",
      "geometry": {
        "type": "Point",
        "coordinates": [-5.9521, 35.1948]
      },
      "properties": {
        "bright_ti4": 332.98,
        "scan": 0.43,
        "track": 0.46,
        "acq_date": "2026-09-18",
        "acq_time": "1301",
        "satellite": "N20",
        "instrument": "VIIRS",
        "confidence": "l",
        "version": "2.0NRT",
        "bright_ti5": 305.54,
        "frp": 1.43,
        "daynight": "D",
        "source_dataset": "VIIRS_NOAA20_NRT",
        "acq_datetime_utc": "2026-09-18T13:01:00Z",
        "age_hours": 8.8,
        "confidence_label": "baja",
        "popup_label": "<strong>NASA FIRMS<\/strong><br>Sensor: VIIRS_NOAA20_NRT<br>Fecha UTC: 2026-09-18T13:01:00Z<br>Confianza: baja<br>FRP: 1.43 MW"
      }
    },
    {
      "type": "Feature",
      "geometry": {
        "type": "Point",
        "coordinates": [-5.4824, 35.6138]
      },
      "properties": {
        "bright_ti4": 337.75,
        "scan": 0.4,
        "track": 0.44,
        "acq_date": "2026-09-18",
        "acq_time": "1301",
        "satellite": "N20",
        "instrument": "VIIRS",
        "confidence": "n",
        "version": "2.0NRT",
        "bright_ti5": 300.55,
        "frp": 3.1,
        "daynight": "D",
        "source_dataset": "VIIRS_NOAA20_NRT",
        "acq_datetime_utc": "2026-09-18T13:01:00Z",
        "age_hours": 8.8,
        "confidence_label": "nominal",
        "popup_label": "<strong>NASA FIRMS<\/strong><br>Sensor: VIIRS_NOAA20_NRT<br>Fecha UTC: 2026-09-18T13:01:00Z<br>Confianza: nominal<br>FRP: 3.1 MW"
      }
    },
    {
      "type": "Feature",
      "geometry": {
        "type": "Point",
        "coordinates": [0.1283, 36.0166]
      },
      "properties": {
        "bright_ti4": 336.01,
        "scan": 0.39,
        "track": 0.36,
        "acq_date": "2026-09-18",
        "acq_time": "1301",
        "satellite": "N20",
        "instrument": "VIIRS",
        "confidence": "n",
        "version": "2.0NRT",
        "bright_ti5": 298.35,
        "frp": 2.34,
        "daynight": "D",
        "source_dataset": "VIIRS_NOAA20_NRT",
        "acq_datetime_utc": "2026-09-18T13:01:00Z",
        "age_hours": 8.8,
        "confidence_label": "nominal",
        "popup_label": "<strong>NASA FIRMS<\/strong><br>Sensor: VIIRS_NOAA20_NRT<br>Fecha UTC: 2026-09-18T13:01:00Z<br>Confianza: nominal<br>FRP: 2.34 MW"
      }
    },
    {
      "type": "Feature",
      "geometry": {
        "type": "Point",
        "coordinates": [-6.0089, 36.9753]
      },
      "properties": {
        "bright_ti4": 341.78,
        "scan": 0.4,
        "track": 0.44,
        "acq_date": "2026-09-18",
        "acq_time": "1301",
        "satellite": "N20",
        "instrument": "VIIRS",
        "confidence": "n",
        "version": "2.0NRT",
        "bright_ti5": 304.7,
        "frp": 12.12,
        "daynight": "D",
        "source_dataset": "VIIRS_NOAA20_NRT",
        "acq_datetime_utc": "2026-09-18T13:01:00Z",
        "age_hours": 8.8,
        "confidence_label": "nominal",
        "popup_label": "<strong>NASA FIRMS<\/strong><br>Sensor: VIIRS_NOAA20_NRT<br>Fecha UTC: 2026-09-18T13:01:00Z<br>Confianza: nominal<br>FRP: 12.12 MW"
      }
    },
    {
      "type": "Feature",
      "geometry": {
        "type": "Point",
        "coordinates": [-6.8953, 37.18]
      },
      "properties": {
        "bright_ti4": 336.4,
        "scan": 0.43,
        "track": 0.46,
        "acq_date": "2026-09-18",
        "acq_time": "1301",
        "satellite": "N20",
        "instrument": "VIIRS",
        "confidence": "n",
        "version": "2.0NRT",
        "bright_ti5": 301.07,
        "frp": 2.34,
        "daynight": "D",
        "source_dataset": "VIIRS_NOAA20_NRT",
        "acq_datetime_utc": "2026-09-18T13:01:00Z",
        "age_hours": 8.8,
        "confidence_label": "nominal",
        "popup_label": "<strong>NASA FIRMS<\/strong><br>Sensor: VIIRS_NOAA20_NRT<br>Fecha UTC: 2026-09-18T13:01:00Z<br>Confianza: nominal<br>FRP: 2.34 MW"
      }
    },
    {
      "type": "Feature",
      "geometry": {
        "type": "Point",
        "coordinates": [-5.9138, 36.7354]
      },
      "properties": {
        "bright_ti4": 302.92,
        "scan": 0.61,
        "track": 0.71,
        "acq_date": "2026-09-18",
        "acq_time": "0321",
        "satellite": "N20",
        "instrument": "VIIRS",
        "confidence": "n",
        "version": "2.0NRT",
        "bright_ti5": 286.51,
        "frp": 0.96,
        "daynight": "N",
        "source_dataset": "VIIRS_NOAA20_NRT",
        "acq_datetime_utc": "2026-09-18T03:21:00Z",
        "age_hours": 18.4,
        "confidence_label": "nominal",
        "popup_label": "<strong>NASA FIRMS<\/strong><br>Sensor: VIIRS_NOAA20_NRT<br>Fecha UTC: 2026-09-18T03:21:00Z<br>Confianza: nominal<br>FRP: 0.96 MW"
      }
    },
    {
      "type": "Feature",
      "geometry": {
        "type": "Point",
        "coordinates": [-6.5675, 38.8285]
      },
      "properties": {
        "bright_ti4": 297.13,
        "scan": 0.49,
        "track": 0.65,
        "acq_date": "2026-09-18",
        "acq_time": "0321",
        "satellite": "N20",
        "instrument": "VIIRS",
        "confidence": "n",
        "version": "2.0NRT",
        "bright_ti5": 282.57,
        "frp": 0.78,
        "daynight": "N",
        "source_dataset": "VIIRS_NOAA20_NRT",
        "acq_datetime_utc": "2026-09-18T03:21:00Z",
        "age_hours": 18.4,
        "confidence_label": "nominal",
        "popup_label": "<strong>NASA FIRMS<\/strong><br>Sensor: VIIRS_NOAA20_NRT<br>Fecha UTC: 2026-09-18T03:21:00Z<br>Confianza: nominal<br>FRP: 0.78 MW"
      }
    },
    {
      "type": "Feature",
      "geometry": {
        "type": "Point",
        "coordinates": [-5.7365, 38.8813]
      },
      "properties": {
        "bright_ti4": 302.18,
        "scan": 0.54,
        "track": 0.68,
        "acq_date": "2026-09-18",
        "acq_time": "0321",
        "satellite": "N20",
        "instrument": "VIIRS",
        "confidence": "n",
        "version": "2.0NRT",
        "bright_ti5": 285.99,
        "frp": 1.14,
        "daynight": "N",
        "source_dataset": "VIIRS_NOAA20_NRT",
        "acq_datetime_utc": "2026-09-18T03:21:00Z",
        "age_hours": 18.4,
        "confidence_label": "nominal",
        "popup_label": "<strong>NASA FIRMS<\/strong><br>Sensor: VIIRS_NOAA20_NRT<br>Fecha UTC: 2026-09-18T03:21:00Z<br>Confianza: nominal<br>FRP: 1.14 MW"
      }
    },
    {
      "type": "Feature",
      "geometry": {
        "type": "Point",
        "coordinates": [-5.7405, 38.8824]
      },
      "properties": {
        "bright_ti4": 296.51,
        "scan": 0.54,
        "track": 0.68,
        "acq_date": "2026-09-18",
        "acq_time": "0321",
        "satellite": "N20",
        "instrument": "VIIRS",
        "confidence": "n",
        "version": "2.0NRT",
        "bright_ti5": 285.67,
        "frp": 0.79,
        "daynight": "N",
        "source_dataset": "VIIRS_NOAA20_NRT",
        "acq_datetime_utc": "2026-09-18T03:21:00Z",
        "age_hours": 18.4,
        "confidence_label": "nominal",
        "popup_label": "<strong>NASA FIRMS<\/strong><br>Sensor: VIIRS_NOAA20_NRT<br>Fecha UTC: 2026-09-18T03:21:00Z<br>Confianza: nominal<br>FRP: 0.79 MW"
      }
    },
    {
      "type": "Feature",
      "geometry": {
        "type": "Point",
        "coordinates": [-5.8129, 38.9374]
      },
      "properties": {
        "bright_ti4": 298.07,
        "scan": 0.53,
        "track": 0.67,
        "acq_date": "2026-09-18",
        "acq_time": "0321",
        "satellite": "N20",
        "instrument": "VIIRS",
        "confidence": "n",
        "version": "2.0NRT",
        "bright_ti5": 283.17,
        "frp": 0.54,
        "daynight": "N",
        "source_dataset": "VIIRS_NOAA20_NRT",
        "acq_datetime_utc": "2026-09-18T03:21:00Z",
        "age_hours": 18.4,
        "confidence_label": "nominal",
        "popup_label": "<strong>NASA FIRMS<\/strong><br>Sensor: VIIRS_NOAA20_NRT<br>Fecha UTC: 2026-09-18T03:21:00Z<br>Confianza: nominal<br>FRP: 0.54 MW"
      }
    },
    {
      "type": "Feature",
      "geometry": {
        "type": "Point",
        "coordinates": [-8.9066, 39.6847]
      },
      "properties": {
        "bright_ti4": 296.15,
        "scan": 0.35,
        "track": 0.57,
        "acq_date": "2026-09-18",
        "acq_time": "0321",
        "satellite": "N20",
        "instrument": "VIIRS",
        "confidence": "n",
        "version": "2.0NRT",
        "bright_ti5": 283.08,
        "frp": 0.73,
        "daynight": "N",
        "source_dataset": "VIIRS_NOAA20_NRT",
        "acq_datetime_utc": "2026-09-18T03:21:00Z",
        "age_hours": 18.4,
        "confidence_label": "nominal",
        "popup_label": "<strong>NASA FIRMS<\/strong><br>Sensor: VIIRS_NOAA20_NRT<br>Fecha UTC: 2026-09-18T03:21:00Z<br>Confianza: nominal<br>FRP: 0.73 MW"
      }
    },
    {
      "type": "Feature",
      "geometry": {
        "type": "Point",
        "coordinates": [-8.9056, 39.6887]
      },
      "properties": {
        "bright_ti4": 298.93,
        "scan": 0.35,
        "track": 0.57,
        "acq_date": "2026-09-18",
        "acq_time": "0321",
        "satellite": "N20",
        "instrument": "VIIRS",
        "confidence": "n",
        "version": "2.0NRT",
        "bright_ti5": 282.26,
        "frp": 0.82,
        "daynight": "N",
        "source_dataset": "VIIRS_NOAA20_NRT",
        "acq_datetime_utc": "2026-09-18T03:21:00Z",
        "age_hours": 18.4,
        "confidence_label": "nominal",
        "popup_label": "<strong>NASA FIRMS<\/strong><br>Sensor: VIIRS_NOAA20_NRT<br>Fecha UTC: 2026-09-18T03:21:00Z<br>Confianza: nominal<br>FRP: 0.82 MW"
      }
    },
    {
      "type": "Feature",
      "geometry": {
        "type": "Point",
        "coordinates": [-3.472, 40.247]
      },
      "properties": {
        "bright_ti4": 305.13,
        "scan": 0.63,
        "track": 0.72,
        "acq_date": "2026-09-18",
        "acq_time": "0321",
        "satellite": "N20",
        "instrument": "VIIRS",
        "confidence": "n",
        "version": "2.0NRT",
        "bright_ti5": 284.45,
        "frp": 2.58,
        "daynight": "N",
        "source_dataset": "VIIRS_NOAA20_NRT",
        "acq_datetime_utc": "2026-09-18T03:21:00Z",
        "age_hours": 18.4,
        "confidence_label": "nominal",
        "popup_label": "<strong>NASA FIRMS<\/strong><br>Sensor: VIIRS_NOAA20_NRT<br>Fecha UTC: 2026-09-18T03:21:00Z<br>Confianza: nominal<br>FRP: 2.58 MW"
      }
    },
    {
      "type": "Feature",
      "geometry": {
        "type": "Point",
        "coordinates": [-3.478, 40.2482]
      },
      "properties": {
        "bright_ti4": 303.9,
        "scan": 0.63,
        "track": 0.72,
        "acq_date": "2026-09-18",
        "acq_time": "0321",
        "satellite": "N20",
        "instrument": "VIIRS",
        "confidence": "n",
        "version": "2.0NRT",
        "bright_ti5": 283.42,
        "frp": 1.58,
        "daynight": "N",
        "source_dataset": "VIIRS_NOAA20_NRT",
        "acq_datetime_utc": "2026-09-18T03:21:00Z",
        "age_hours": 18.4,
        "confidence_label": "nominal",
        "popup_label": "<strong>NASA FIRMS<\/strong><br>Sensor: VIIRS_NOAA20_NRT<br>Fecha UTC: 2026-09-18T03:21:00Z<br>Confianza: nominal<br>FRP: 1.58 MW"
      }
    },
    {
      "type": "Feature",
      "geometry": {
        "type": "Point",
        "coordinates": [-0.5182, 28.1998]
      },
      "properties": {
        "bright_ti4": 328.52,
        "scan": 0.41,
        "track": 0.37,
        "acq_date": "2026-09-18",
        "acq_time": "0143",
        "satellite": "N20",
        "instrument": "VIIRS",
        "confidence": "n",
        "version": "2.0NRT",
        "bright_ti5": 292.34,
        "frp": 2.55,
        "daynight": "N",
        "source_dataset": "VIIRS_NOAA20_NRT",
        "acq_datetime_utc": "2026-09-18T01:43:00Z",
        "age_hours": 20.1,
        "confidence_label": "nominal",
        "popup_label": "<strong>NASA FIRMS<\/strong><br>Sensor: VIIRS_NOAA20_NRT<br>Fecha UTC: 2026-09-18T01:43:00Z<br>Confianza: nominal<br>FRP: 2.55 MW"
      }
    },
    {
      "type": "Feature",
      "geometry": {
        "type": "Point",
        "coordinates": [-9.5432, 30.3353]
      },
      "properties": {
        "bright_ti4": 305.1,
        "scan": 0.42,
        "track": 0.61,
        "acq_date": "2026-09-18",
        "acq_time": "0143",
        "satellite": "N20",
        "instrument": "VIIRS",
        "confidence": "n",
        "version": "2.0NRT",
        "bright_ti5": 288.48,
        "frp": 0.56,
        "daynight": "N",
        "source_dataset": "VIIRS_NOAA20_NRT",
        "acq_datetime_utc": "2026-09-18T01:43:00Z",
        "age_hours": 20.1,
        "confidence_label": "nominal",
        "popup_label": "<strong>NASA FIRMS<\/strong><br>Sensor: VIIRS_NOAA20_NRT<br>Fecha UTC: 2026-09-18T01:43:00Z<br>Confianza: nominal<br>FRP: 0.56 MW"
      }
    },
    {
      "type": "Feature",
      "geometry": {
        "type": "Point",
        "coordinates": [-8.49, 32.376]
      },
      "properties": {
        "bright_ti4": 306.95,
        "scan": 0.38,
        "track": 0.59,
        "acq_date": "2026-09-18",
        "acq_time": "0143",
        "satellite": "N20",
        "instrument": "VIIRS",
        "confidence": "n",
        "version": "2.0NRT",
        "bright_ti5": 288.11,
        "frp": 1.32,
        "daynight": "N",
        "source_dataset": "VIIRS_NOAA20_NRT",
        "acq_datetime_utc": "2026-09-18T01:43:00Z",
        "age_hours": 20.1,
        "confidence_label": "nominal",
        "popup_label": "<strong>NASA FIRMS<\/strong><br>Sensor: VIIRS_NOAA20_NRT<br>Fecha UTC: 2026-09-18T01:43:00Z<br>Confianza: nominal<br>FRP: 1.32 MW"
      }
    },
    {
      "type": "Feature",
      "geometry": {
        "type": "Point",
        "coordinates": [-0.915, 37.5702]
      },
      "properties": {
        "bright_ti4": 305.39,
        "scan": 0.51,
        "track": 0.41,
        "acq_date": "2026-09-18",
        "acq_time": "0143",
        "satellite": "N20",
        "instrument": "VIIRS",
        "confidence": "n",
        "version": "2.0NRT",
        "bright_ti5": 289.2,
        "frp": 1.7,
        "daynight": "N",
        "source_dataset": "VIIRS_NOAA20_NRT",
        "acq_datetime_utc": "2026-09-18T01:43:00Z",
        "age_hours": 20.1,
        "confidence_label": "nominal",
        "popup_label": "<strong>NASA FIRMS<\/strong><br>Sensor: VIIRS_NOAA20_NRT<br>Fecha UTC: 2026-09-18T01:43:00Z<br>Confianza: nominal<br>FRP: 1.7 MW"
      }
    },
    {
      "type": "Feature",
      "geometry": {
        "type": "Point",
        "coordinates": [-0.5459, 38.3771]
      },
      "properties": {
        "bright_ti4": 301.08,
        "scan": 0.5,
        "track": 0.41,
        "acq_date": "2026-09-18",
        "acq_time": "0143",
        "satellite": "N20",
        "instrument": "VIIRS",
        "confidence": "n",
        "version": "2.0NRT",
        "bright_ti5": 288.65,
        "frp": 0.68,
        "daynight": "N",
        "source_dataset": "VIIRS_NOAA20_NRT",
        "acq_datetime_utc": "2026-09-18T01:43:00Z",
        "age_hours": 20.1,
        "confidence_label": "nominal",
        "popup_label": "<strong>NASA FIRMS<\/strong><br>Sensor: VIIRS_NOAA20_NRT<br>Fecha UTC: 2026-09-18T01:43:00Z<br>Confianza: nominal<br>FRP: 0.68 MW"
      }
    },
    {
      "type": "Feature",
      "geometry": {
        "type": "Point",
        "coordinates": [-6.5652, 38.8277]
      },
      "properties": {
        "bright_ti4": 297.38,
        "scan": 0.34,
        "track": 0.56,
        "acq_date": "2026-09-18",
        "acq_time": "0143",
        "satellite": "N20",
        "instrument": "VIIRS",
        "confidence": "n",
        "version": "2.0NRT",
        "bright_ti5": 286.54,
        "frp": 0.71,
        "daynight": "N",
        "source_dataset": "VIIRS_NOAA20_NRT",
        "acq_datetime_utc": "2026-09-18T01:43:00Z",
        "age_hours": 20.1,
        "confidence_label": "nominal",
        "popup_label": "<strong>NASA FIRMS<\/strong><br>Sensor: VIIRS_NOAA20_NRT<br>Fecha UTC: 2026-09-18T01:43:00Z<br>Confianza: nominal<br>FRP: 0.71 MW"
      }
    },
    {
      "type": "Feature",
      "geometry": {
        "type": "Point",
        "coordinates": [-6.5692, 38.8279]
      },
      "properties": {
        "bright_ti4": 304.24,
        "scan": 0.34,
        "track": 0.56,
        "acq_date": "2026-09-18",
        "acq_time": "0143",
        "satellite": "N20",
        "instrument": "VIIRS",
        "confidence": "n",
        "version": "2.0NRT",
        "bright_ti5": 286.55,
        "frp": 0.71,
        "daynight": "N",
        "source_dataset": "VIIRS_NOAA20_NRT",
        "acq_datetime_utc": "2026-09-18T01:43:00Z",
        "age_hours": 20.1,
        "confidence_label": "nominal",
        "popup_label": "<strong>NASA FIRMS<\/strong><br>Sensor: VIIRS_NOAA20_NRT<br>Fecha UTC: 2026-09-18T01:43:00Z<br>Confianza: nominal<br>FRP: 0.71 MW"
      }
    },
    {
      "type": "Feature",
      "geometry": {
        "type": "Point",
        "coordinates": [-6.5618, 38.8282]
      },
      "properties": {
        "bright_ti4": 298.04,
        "scan": 0.34,
        "track": 0.56,
        "acq_date": "2026-09-18",
        "acq_time": "0143",
        "satellite": "N20",
        "instrument": "VIIRS",
        "confidence": "n",
        "version": "2.0NRT",
        "bright_ti5": 287.34,
        "frp": 0.6,
        "daynight": "N",
        "source_dataset": "VIIRS_NOAA20_NRT",
        "acq_datetime_utc": "2026-09-18T01:43:00Z",
        "age_hours": 20.1,
        "confidence_label": "nominal",
        "popup_label": "<strong>NASA FIRMS<\/strong><br>Sensor: VIIRS_NOAA20_NRT<br>Fecha UTC: 2026-09-18T01:43:00Z<br>Confianza: nominal<br>FRP: 0.6 MW"
      }
    },
    {
      "type": "Feature",
      "geometry": {
        "type": "Point",
        "coordinates": [-6.5658, 38.8284]
      },
      "properties": {
        "bright_ti4": 298.59,
        "scan": 0.34,
        "track": 0.56,
        "acq_date": "2026-09-18",
        "acq_time": "0143",
        "satellite": "N20",
        "instrument": "VIIRS",
        "confidence": "n",
        "version": "2.0NRT",
        "bright_ti5": 286.53,
        "frp": 0.63,
        "daynight": "N",
        "source_dataset": "VIIRS_NOAA20_NRT",
        "acq_datetime_utc": "2026-09-18T01:43:00Z",
        "age_hours": 20.1,
        "confidence_label": "nominal",
        "popup_label": "<strong>NASA FIRMS<\/strong><br>Sensor: VIIRS_NOAA20_NRT<br>Fecha UTC: 2026-09-18T01:43:00Z<br>Confianza: nominal<br>FRP: 0.63 MW"
      }
    },
    {
      "type": "Feature",
      "geometry": {
        "type": "Point",
        "coordinates": [-6.5698, 38.8287]
      },
      "properties": {
        "bright_ti4": 305.66,
        "scan": 0.34,
        "track": 0.56,
        "acq_date": "2026-09-18",
        "acq_time": "0143",
        "satellite": "N20",
        "instrument": "VIIRS",
        "confidence": "n",
        "version": "2.0NRT",
        "bright_ti5": 286.56,
        "frp": 0.63,
        "daynight": "N",
        "source_dataset": "VIIRS_NOAA20_NRT",
        "acq_datetime_utc": "2026-09-18T01:43:00Z",
        "age_hours": 20.1,
        "confidence_label": "nominal",
        "popup_label": "<strong>NASA FIRMS<\/strong><br>Sensor: VIIRS_NOAA20_NRT<br>Fecha UTC: 2026-09-18T01:43:00Z<br>Confianza: nominal<br>FRP: 0.63 MW"
      }
    },
    {
      "type": "Feature",
      "geometry": {
        "type": "Point",
        "coordinates": [-9.0145, 38.9241]
      },
      "properties": {
        "bright_ti4": 295.48,
        "scan": 0.47,
        "track": 0.64,
        "acq_date": "2026-09-18",
        "acq_time": "0143",
        "satellite": "N20",
        "instrument": "VIIRS",
        "confidence": "n",
        "version": "2.0NRT",
        "bright_ti5": 280.25,
        "frp": 0.6,
        "daynight": "N",
        "source_dataset": "VIIRS_NOAA20_NRT",
        "acq_datetime_utc": "2026-09-18T01:43:00Z",
        "age_hours": 20.1,
        "confidence_label": "nominal",
        "popup_label": "<strong>NASA FIRMS<\/strong><br>Sensor: VIIRS_NOAA20_NRT<br>Fecha UTC: 2026-09-18T01:43:00Z<br>Confianza: nominal<br>FRP: 0.6 MW"
      }
    },
    {
      "type": "Feature",
      "geometry": {
        "type": "Point",
        "coordinates": [3.3191, 33.1271]
      },
      "properties": {
        "bright_ti4": 308.16,
        "scan": 0.39,
        "track": 0.36,
        "acq_date": "2026-09-18",
        "acq_time": "0141",
        "satellite": "N20",
        "instrument": "VIIRS",
        "confidence": "n",
        "version": "2.0NRT",
        "bright_ti5": 274.27,
        "frp": 0.86,
        "daynight": "N",
        "source_dataset": "VIIRS_NOAA20_NRT",
        "acq_datetime_utc": "2026-09-18T01:41:00Z",
        "age_hours": 20.1,
        "confidence_label": "nominal",
        "popup_label": "<strong>NASA FIRMS<\/strong><br>Sensor: VIIRS_NOAA20_NRT<br>Fecha UTC: 2026-09-18T01:41:00Z<br>Confianza: nominal<br>FRP: 0.86 MW"
      }
    },
    {
      "type": "Feature",
      "geometry": {
        "type": "Point",
        "coordinates": [3.3199, 33.1303]
      },
      "properties": {
        "bright_ti4": 300.1,
        "scan": 0.39,
        "track": 0.36,
        "acq_date": "2026-09-18",
        "acq_time": "0141",
        "satellite": "N20",
        "instrument": "VIIRS",
        "confidence": "n",
        "version": "2.0NRT",
        "bright_ti5": 275.89,
        "frp": 0.86,
        "daynight": "N",
        "source_dataset": "VIIRS_NOAA20_NRT",
        "acq_datetime_utc": "2026-09-18T01:41:00Z",
        "age_hours": 20.1,
        "confidence_label": "nominal",
        "popup_label": "<strong>NASA FIRMS<\/strong><br>Sensor: VIIRS_NOAA20_NRT<br>Fecha UTC: 2026-09-18T01:41:00Z<br>Confianza: nominal<br>FRP: 0.86 MW"
      }
    },
    {
      "type": "Feature",
      "geometry": {
        "type": "Point",
        "coordinates": [2.6578, 33.8733]
      },
      "properties": {
        "bright_ti4": 296.3,
        "scan": 0.38,
        "track": 0.36,
        "acq_date": "2026-09-18",
        "acq_time": "0141",
        "satellite": "N20",
        "instrument": "VIIRS",
        "confidence": "n",
        "version": "2.0NRT",
        "bright_ti5": 283.33,
        "frp": 0.19,
        "daynight": "N",
        "source_dataset": "VIIRS_NOAA20_NRT",
        "acq_datetime_utc": "2026-09-18T01:41:00Z",
        "age_hours": 20.1,
        "confidence_label": "nominal",
        "popup_label": "<strong>NASA FIRMS<\/strong><br>Sensor: VIIRS_NOAA20_NRT<br>Fecha UTC: 2026-09-18T01:41:00Z<br>Confianza: nominal<br>FRP: 0.19 MW"
      }
    },
    {
      "type": "Feature",
      "geometry": {
        "type": "Point",
        "coordinates": [-4.9063, 33.9256]
      },
      "properties": {
        "bright_ti4": 330.46,
        "scan": 0.49,
        "track": 0.49,
        "acq_date": "2026-09-18",
        "acq_time": "0141",
        "satellite": "N20",
        "instrument": "VIIRS",
        "confidence": "n",
        "version": "2.0NRT",
        "bright_ti5": 286.92,
        "frp": 4.19,
        "daynight": "N",
        "source_dataset": "VIIRS_NOAA20_NRT",
        "acq_datetime_utc": "2026-09-18T01:41:00Z",
        "age_hours": 20.1,
        "confidence_label": "nominal",
        "popup_label": "<strong>NASA FIRMS<\/strong><br>Sensor: VIIRS_NOAA20_NRT<br>Fecha UTC: 2026-09-18T01:41:00Z<br>Confianza: nominal<br>FRP: 4.19 MW"
      }
    },
    {
      "type": "Feature",
      "geometry": {
        "type": "Point",
        "coordinates": [-4.9057, 33.9281]
      },
      "properties": {
        "bright_ti4": 329.8,
        "scan": 0.49,
        "track": 0.49,
        "acq_date": "2026-09-18",
        "acq_time": "0141",
        "satellite": "N20",
        "instrument": "VIIRS",
        "confidence": "n",
        "version": "2.0NRT",
        "bright_ti5": 287.3,
        "frp": 4.43,
        "daynight": "N",
        "source_dataset": "VIIRS_NOAA20_NRT",
        "acq_datetime_utc": "2026-09-18T01:41:00Z",
        "age_hours": 20.1,
        "confidence_label": "nominal",
        "popup_label": "<strong>NASA FIRMS<\/strong><br>Sensor: VIIRS_NOAA20_NRT<br>Fecha UTC: 2026-09-18T01:41:00Z<br>Confianza: nominal<br>FRP: 4.43 MW"
      }
    },
    {
      "type": "Feature",
      "geometry": {
        "type": "Point",
        "coordinates": [2.0594, 34.4373]
      },
      "properties": {
        "bright_ti4": 313.28,
        "scan": 0.39,
        "track": 0.36,
        "acq_date": "2026-09-18",
        "acq_time": "0141",
        "satellite": "N20",
        "instrument": "VIIRS",
        "confidence": "n",
        "version": "2.0NRT",
        "bright_ti5": 289.54,
        "frp": 1.23,
        "daynight": "N",
        "source_dataset": "VIIRS_NOAA20_NRT",
        "acq_datetime_utc": "2026-09-18T01:41:00Z",
        "age_hours": 20.1,
        "confidence_label": "nominal",
        "popup_label": "<strong>NASA FIRMS<\/strong><br>Sensor: VIIRS_NOAA20_NRT<br>Fecha UTC: 2026-09-18T01:41:00Z<br>Confianza: nominal<br>FRP: 1.23 MW"
      }
    },
    {
      "type": "Feature",
      "geometry": {
        "type": "Point",
        "coordinates": [-2.3481, 34.5956]
      },
      "properties": {
        "bright_ti4": 301.72,
        "scan": 0.55,
        "track": 0.43,
        "acq_date": "2026-09-18",
        "acq_time": "0141",
        "satellite": "N20",
        "instrument": "VIIRS",
        "confidence": "n",
        "version": "2.0NRT",
        "bright_ti5": 287.97,
        "frp": 1.11,
        "daynight": "N",
        "source_dataset": "VIIRS_NOAA20_NRT",
        "acq_datetime_utc": "2026-09-18T01:41:00Z",
        "age_hours": 20.1,
        "confidence_label": "nominal",
        "popup_label": "<strong>NASA FIRMS<\/strong><br>Sensor: VIIRS_NOAA20_NRT<br>Fecha UTC: 2026-09-18T01:41:00Z<br>Confianza: nominal<br>FRP: 1.11 MW"
      }
    },
    {
      "type": "Feature",
      "geometry": {
        "type": "Point",
        "coordinates": [4.4765, 35.709]
      },
      "properties": {
        "bright_ti4": 316.5,
        "scan": 0.39,
        "track": 0.36,
        "acq_date": "2026-09-18",
        "acq_time": "0141",
        "satellite": "N20",
        "instrument": "VIIRS",
        "confidence": "n",
        "version": "2.0NRT",
        "bright_ti5": 293.31,
        "frp": 1.25,
        "daynight": "N",
        "source_dataset": "VIIRS_NOAA20_NRT",
        "acq_datetime_utc": "2026-09-18T01:41:00Z",
        "age_hours": 20.1,
        "confidence_label": "nominal",
        "popup_label": "<strong>NASA FIRMS<\/strong><br>Sensor: VIIRS_NOAA20_NRT<br>Fecha UTC: 2026-09-18T01:41:00Z<br>Confianza: nominal<br>FRP: 1.25 MW"
      }
    },
    {
      "type": "Feature",
      "geometry": {
        "type": "Point",
        "coordinates": [-0.2564, 35.8062]
      },
      "properties": {
        "bright_ti4": 337.59,
        "scan": 0.46,
        "track": 0.39,
        "acq_date": "2026-09-18",
        "acq_time": "0141",
        "satellite": "N20",
        "instrument": "VIIRS",
        "confidence": "n",
        "version": "2.0NRT",
        "bright_ti5": 286.99,
        "frp": 5.18,
        "daynight": "N",
        "source_dataset": "VIIRS_NOAA20_NRT",
        "acq_datetime_utc": "2026-09-18T01:41:00Z",
        "age_hours": 20.1,
        "confidence_label": "nominal",
        "popup_label": "<strong>NASA FIRMS<\/strong><br>Sensor: VIIRS_NOAA20_NRT<br>Fecha UTC: 2026-09-18T01:41:00Z<br>Confianza: nominal<br>FRP: 5.18 MW"
      }
    },
    {
      "type": "Feature",
      "geometry": {
        "type": "Point",
        "coordinates": [-0.2614, 35.8069]
      },
      "properties": {
        "bright_ti4": 333.61,
        "scan": 0.46,
        "track": 0.39,
        "acq_date": "2026-09-18",
        "acq_time": "0141",
        "satellite": "N20",
        "instrument": "VIIRS",
        "confidence": "n",
        "version": "2.0NRT",
        "bright_ti5": 283.26,
        "frp": 5.18,
        "daynight": "N",
        "source_dataset": "VIIRS_NOAA20_NRT",
        "acq_datetime_utc": "2026-09-18T01:41:00Z",
        "age_hours": 20.1,
        "confidence_label": "nominal",
        "popup_label": "<strong>NASA FIRMS<\/strong><br>Sensor: VIIRS_NOAA20_NRT<br>Fecha UTC: 2026-09-18T01:41:00Z<br>Confianza: nominal<br>FRP: 5.18 MW"
      }
    },
    {
      "type": "Feature",
      "geometry": {
        "type": "Point",
        "coordinates": [-0.2557, 35.8098]
      },
      "properties": {
        "bright_ti4": 348.7,
        "scan": 0.46,
        "track": 0.39,
        "acq_date": "2026-09-18",
        "acq_time": "0141",
        "satellite": "N20",
        "instrument": "VIIRS",
        "confidence": "n",
        "version": "2.0NRT",
        "bright_ti5": 287.7,
        "frp": 5.18,
        "daynight": "N",
        "source_dataset": "VIIRS_NOAA20_NRT",
        "acq_datetime_utc": "2026-09-18T01:41:00Z",
        "age_hours": 20.1,
        "confidence_label": "nominal",
        "popup_label": "<strong>NASA FIRMS<\/strong><br>Sensor: VIIRS_NOAA20_NRT<br>Fecha UTC: 2026-09-18T01:41:00Z<br>Confianza: nominal<br>FRP: 5.18 MW"
      }
    },
    {
      "type": "Feature",
      "geometry": {
        "type": "Point",
        "coordinates": [-0.2608, 35.8105]
      },
      "properties": {
        "bright_ti4": 321.72,
        "scan": 0.46,
        "track": 0.39,
        "acq_date": "2026-09-18",
        "acq_time": "0141",
        "satellite": "N20",
        "instrument": "VIIRS",
        "confidence": "n",
        "version": "2.0NRT",
        "bright_ti5": 284.11,
        "frp": 5.18,
        "daynight": "N",
        "source_dataset": "VIIRS_NOAA20_NRT",
        "acq_datetime_utc": "2026-09-18T01:41:00Z",
        "age_hours": 20.1,
        "confidence_label": "nominal",
        "popup_label": "<strong>NASA FIRMS<\/strong><br>Sensor: VIIRS_NOAA20_NRT<br>Fecha UTC: 2026-09-18T01:41:00Z<br>Confianza: nominal<br>FRP: 5.18 MW"
      }
    },
    {
      "type": "Feature",
      "geometry": {
        "type": "Point",
        "coordinates": [-0.2759, 35.8123]
      },
      "properties": {
        "bright_ti4": 311.5,
        "scan": 0.46,
        "track": 0.39,
        "acq_date": "2026-09-18",
        "acq_time": "0141",
        "satellite": "N20",
        "instrument": "VIIRS",
        "confidence": "n",
        "version": "2.0NRT",
        "bright_ti5": 285.86,
        "frp": 1.8,
        "daynight": "N",
        "source_dataset": "VIIRS_NOAA20_NRT",
        "acq_datetime_utc": "2026-09-18T01:41:00Z",
        "age_hours": 20.1,
        "confidence_label": "nominal",
        "popup_label": "<strong>NASA FIRMS<\/strong><br>Sensor: VIIRS_NOAA20_NRT<br>Fecha UTC: 2026-09-18T01:41:00Z<br>Confianza: nominal<br>FRP: 1.8 MW"
      }
    },
    {
      "type": "Feature",
      "geometry": {
        "type": "Point",
        "coordinates": [-0.2753, 35.8159]
      },
      "properties": {
        "bright_ti4": 315.95,
        "scan": 0.46,
        "track": 0.39,
        "acq_date": "2026-09-18",
        "acq_time": "0141",
        "satellite": "N20",
        "instrument": "VIIRS",
        "confidence": "n",
        "version": "2.0NRT",
        "bright_ti5": 285.86,
        "frp": 0.83,
        "daynight": "N",
        "source_dataset": "VIIRS_NOAA20_NRT",
        "acq_datetime_utc": "2026-09-18T01:41:00Z",
        "age_hours": 20.1,
        "confidence_label": "nominal",
        "popup_label": "<strong>NASA FIRMS<\/strong><br>Sensor: VIIRS_NOAA20_NRT<br>Fecha UTC: 2026-09-18T01:41:00Z<br>Confianza: nominal<br>FRP: 0.83 MW"
      }
    },
    {
      "type": "Feature",
      "geometry": {
        "type": "Point",
        "coordinates": [4.449, 35.8809]
      },
      "properties": {
        "bright_ti4": 309.96,
        "scan": 0.39,
        "track": 0.36,
        "acq_date": "2026-09-18",
        "acq_time": "0141",
        "satellite": "N20",
        "instrument": "VIIRS",
        "confidence": "n",
        "version": "2.0NRT",
        "bright_ti5": 293.34,
        "frp": 1.47,
        "daynight": "N",
        "source_dataset": "VIIRS_NOAA20_NRT",
        "acq_datetime_utc": "2026-09-18T01:41:00Z",
        "age_hours": 20.1,
        "confidence_label": "nominal",
        "popup_label": "<strong>NASA FIRMS<\/strong><br>Sensor: VIIRS_NOAA20_NRT<br>Fecha UTC: 2026-09-18T01:41:00Z<br>Confianza: nominal<br>FRP: 1.47 MW"
      }
    },
    {
      "type": "Feature",
      "geometry": {
        "type": "Point",
        "coordinates": [0.126, 36.0177]
      },
      "properties": {
        "bright_ti4": 315.25,
        "scan": 0.45,
        "track": 0.39,
        "acq_date": "2026-09-18",
        "acq_time": "0141",
        "satellite": "N20",
        "instrument": "VIIRS",
        "confidence": "n",
        "version": "2.0NRT",
        "bright_ti5": 289.93,
        "frp": 1.8,
        "daynight": "N",
        "source_dataset": "VIIRS_NOAA20_NRT",
        "acq_datetime_utc": "2026-09-18T01:41:00Z",
        "age_hours": 20.1,
        "confidence_label": "nominal",
        "popup_label": "<strong>NASA FIRMS<\/strong><br>Sensor: VIIRS_NOAA20_NRT<br>Fecha UTC: 2026-09-18T01:41:00Z<br>Confianza: nominal<br>FRP: 1.8 MW"
      }
    },
    {
      "type": "Feature",
      "geometry": {
        "type": "Point",
        "coordinates": [-5.4266, 36.1774]
      },
      "properties": {
        "bright_ti4": 303.64,
        "scan": 0.56,
        "track": 0.51,
        "acq_date": "2026-09-18",
        "acq_time": "0141",
        "satellite": "N20",
        "instrument": "VIIRS",
        "confidence": "n",
        "version": "2.0NRT",
        "bright_ti5": 289.84,
        "frp": 1.04,
        "daynight": "N",
        "source_dataset": "VIIRS_NOAA20_NRT",
        "acq_datetime_utc": "2026-09-18T01:41:00Z",
        "age_hours": 20.1,
        "confidence_label": "nominal",
        "popup_label": "<strong>NASA FIRMS<\/strong><br>Sensor: VIIRS_NOAA20_NRT<br>Fecha UTC: 2026-09-18T01:41:00Z<br>Confianza: nominal<br>FRP: 1.04 MW"
      }
    },
    {
      "type": "Feature",
      "geometry": {
        "type": "Point",
        "coordinates": [-1.9031, 36.9687]
      },
      "properties": {
        "bright_ti4": 308.02,
        "scan": 0.56,
        "track": 0.43,
        "acq_date": "2026-09-18",
        "acq_time": "0141",
        "satellite": "N20",
        "instrument": "VIIRS",
        "confidence": "n",
        "version": "2.0NRT",
        "bright_ti5": 290.54,
        "frp": 2.04,
        "daynight": "N",
        "source_dataset": "VIIRS_NOAA20_NRT",
        "acq_datetime_utc": "2026-09-18T01:41:00Z",
        "age_hours": 20.1,
        "confidence_label": "nominal",
        "popup_label": "<strong>NASA FIRMS<\/strong><br>Sensor: VIIRS_NOAA20_NRT<br>Fecha UTC: 2026-09-18T01:41:00Z<br>Confianza: nominal<br>FRP: 2.04 MW"
      }
    },
    {
      "type": "Feature",
      "geometry": {
        "type": "Point",
        "coordinates": [-3.4747, 40.2468]
      },
      "properties": {
        "bright_ti4": 324.77,
        "scan": 0.49,
        "track": 0.48,
        "acq_date": "2026-09-18",
        "acq_time": "0141",
        "satellite": "N20",
        "instrument": "VIIRS",
        "confidence": "n",
        "version": "2.0NRT",
        "bright_ti5": 288.21,
        "frp": 3.35,
        "daynight": "N",
        "source_dataset": "VIIRS_NOAA20_NRT",
        "acq_datetime_utc": "2026-09-18T01:41:00Z",
        "age_hours": 20.1,
        "confidence_label": "nominal",
        "popup_label": "<strong>NASA FIRMS<\/strong><br>Sensor: VIIRS_NOAA20_NRT<br>Fecha UTC: 2026-09-18T01:41:00Z<br>Confianza: nominal<br>FRP: 3.35 MW"
      }
    },
    {
      "type": "Feature",
      "geometry": {
        "type": "Point",
        "coordinates": [-1.4899, 41.4764]
      },
      "properties": {
        "bright_ti4": 299.59,
        "scan": 0.4,
        "track": 0.44,
        "acq_date": "2026-09-18",
        "acq_time": "0141",
        "satellite": "N20",
        "instrument": "VIIRS",
        "confidence": "n",
        "version": "2.0NRT",
        "bright_ti5": 284.9,
        "frp": 1.27,
        "daynight": "N",
        "source_dataset": "VIIRS_NOAA20_NRT",
        "acq_datetime_utc": "2026-09-18T01:41:00Z",
        "age_hours": 20.1,
        "confidence_label": "nominal",
        "popup_label": "<strong>NASA FIRMS<\/strong><br>Sensor: VIIRS_NOAA20_NRT<br>Fecha UTC: 2026-09-18T01:41:00Z<br>Confianza: nominal<br>FRP: 1.27 MW"
      }
    },
    {
      "type": "Feature",
      "geometry": {
        "type": "Point",
        "coordinates": [-8.2034, 41.5822]
      },
      "properties": {
        "bright_ti4": 303.96,
        "scan": 0.44,
        "track": 0.63,
        "acq_date": "2026-09-18",
        "acq_time": "0141",
        "satellite": "N20",
        "instrument": "VIIRS",
        "confidence": "n",
        "version": "2.0NRT",
        "bright_ti5": 281,
        "frp": 1.53,
        "daynight": "N",
        "source_dataset": "VIIRS_NOAA20_NRT",
        "acq_datetime_utc": "2026-09-18T01:41:00Z",
        "age_hours": 20.1,
        "confidence_label": "nominal",
        "popup_label": "<strong>NASA FIRMS<\/strong><br>Sensor: VIIRS_NOAA20_NRT<br>Fecha UTC: 2026-09-18T01:41:00Z<br>Confianza: nominal<br>FRP: 1.53 MW"
      }
    },
    {
      "type": "Feature",
      "geometry": {
        "type": "Point",
        "coordinates": [-5.6738, 41.982]
      },
      "properties": {
        "bright_ti4": 308.54,
        "scan": 0.33,
        "track": 0.55,
        "acq_date": "2026-09-18",
        "acq_time": "0141",
        "satellite": "N20",
        "instrument": "VIIRS",
        "confidence": "n",
        "version": "2.0NRT",
        "bright_ti5": 275.07,
        "frp": 1.04,
        "daynight": "N",
        "source_dataset": "VIIRS_NOAA20_NRT",
        "acq_datetime_utc": "2026-09-18T01:41:00Z",
        "age_hours": 20.1,
        "confidence_label": "nominal",
        "popup_label": "<strong>NASA FIRMS<\/strong><br>Sensor: VIIRS_NOAA20_NRT<br>Fecha UTC: 2026-09-18T01:41:00Z<br>Confianza: nominal<br>FRP: 1.04 MW"
      }
    },
    {
      "type": "Feature",
      "geometry": {
        "type": "Point",
        "coordinates": [-6.7726, 42.5543]
      },
      "properties": {
        "bright_ti4": 295.06,
        "scan": 0.38,
        "track": 0.59,
        "acq_date": "2026-09-18",
        "acq_time": "0141",
        "satellite": "N20",
        "instrument": "VIIRS",
        "confidence": "n",
        "version": "2.0NRT",
        "bright_ti5": 281.15,
        "frp": 1.02,
        "daynight": "N",
        "source_dataset": "VIIRS_NOAA20_NRT",
        "acq_datetime_utc": "2026-09-18T01:41:00Z",
        "age_hours": 20.1,
        "confidence_label": "nominal",
        "popup_label": "<strong>NASA FIRMS<\/strong><br>Sensor: VIIRS_NOAA20_NRT<br>Fecha UTC: 2026-09-18T01:41:00Z<br>Confianza: nominal<br>FRP: 1.02 MW"
      }
    },
    {
      "type": "Feature",
      "geometry": {
        "type": "Point",
        "coordinates": [4.8951, 43.435]
      },
      "properties": {
        "bright_ti4": 306.56,
        "scan": 0.39,
        "track": 0.36,
        "acq_date": "2026-09-18",
        "acq_time": "0141",
        "satellite": "N20",
        "instrument": "VIIRS",
        "confidence": "n",
        "version": "2.0NRT",
        "bright_ti5": 288.17,
        "frp": 1.34,
        "daynight": "N",
        "source_dataset": "VIIRS_NOAA20_NRT",
        "acq_datetime_utc": "2026-09-18T01:41:00Z",
        "age_hours": 20.1,
        "confidence_label": "nominal",
        "popup_label": "<strong>NASA FIRMS<\/strong><br>Sensor: VIIRS_NOAA20_NRT<br>Fecha UTC: 2026-09-18T01:41:00Z<br>Confianza: nominal<br>FRP: 1.34 MW"
      }
    },
    {
      "type": "Feature",
      "geometry": {
        "type": "Point",
        "coordinates": [4.8903, 43.4357]
      },
      "properties": {
        "bright_ti4": 310.32,
        "scan": 0.39,
        "track": 0.36,
        "acq_date": "2026-09-18",
        "acq_time": "0141",
        "satellite": "N20",
        "instrument": "VIIRS",
        "confidence": "n",
        "version": "2.0NRT",
        "bright_ti5": 288.83,
        "frp": 1.09,
        "daynight": "N",
        "source_dataset": "VIIRS_NOAA20_NRT",
        "acq_datetime_utc": "2026-09-18T01:41:00Z",
        "age_hours": 20.1,
        "confidence_label": "nominal",
        "popup_label": "<strong>NASA FIRMS<\/strong><br>Sensor: VIIRS_NOAA20_NRT<br>Fecha UTC: 2026-09-18T01:41:00Z<br>Confianza: nominal<br>FRP: 1.09 MW"
      }
    },
    {
      "type": "Feature",
      "geometry": {
        "type": "Point",
        "coordinates": [4.8808, 43.4371]
      },
      "properties": {
        "bright_ti4": 302.3,
        "scan": 0.39,
        "track": 0.36,
        "acq_date": "2026-09-18",
        "acq_time": "0141",
        "satellite": "N20",
        "instrument": "VIIRS",
        "confidence": "n",
        "version": "2.0NRT",
        "bright_ti5": 288.73,
        "frp": 0.67,
        "daynight": "N",
        "source_dataset": "VIIRS_NOAA20_NRT",
        "acq_datetime_utc": "2026-09-18T01:41:00Z",
        "age_hours": 20.1,
        "confidence_label": "nominal",
        "popup_label": "<strong>NASA FIRMS<\/strong><br>Sensor: VIIRS_NOAA20_NRT<br>Fecha UTC: 2026-09-18T01:41:00Z<br>Confianza: nominal<br>FRP: 0.67 MW"
      }
    },
    {
      "type": "Feature",
      "geometry": {
        "type": "Point",
        "coordinates": [4.8934, 43.4379]
      },
      "properties": {
        "bright_ti4": 304.07,
        "scan": 0.39,
        "track": 0.36,
        "acq_date": "2026-09-18",
        "acq_time": "0141",
        "satellite": "N20",
        "instrument": "VIIRS",
        "confidence": "n",
        "version": "2.0NRT",
        "bright_ti5": 287.88,
        "frp": 0.76,
        "daynight": "N",
        "source_dataset": "VIIRS_NOAA20_NRT",
        "acq_datetime_utc": "2026-09-18T01:41:00Z",
        "age_hours": 20.1,
        "confidence_label": "nominal",
        "popup_label": "<strong>NASA FIRMS<\/strong><br>Sensor: VIIRS_NOAA20_NRT<br>Fecha UTC: 2026-09-18T01:41:00Z<br>Confianza: nominal<br>FRP: 0.76 MW"
      }
    },
    {
      "type": "Feature",
      "geometry": {
        "type": "Point",
        "coordinates": [4.8886, 43.4387]
      },
      "properties": {
        "bright_ti4": 302.42,
        "scan": 0.39,
        "track": 0.36,
        "acq_date": "2026-09-18",
        "acq_time": "0141",
        "satellite": "N20",
        "instrument": "VIIRS",
        "confidence": "n",
        "version": "2.0NRT",
        "bright_ti5": 286.95,
        "frp": 0.62,
        "daynight": "N",
        "source_dataset": "VIIRS_NOAA20_NRT",
        "acq_datetime_utc": "2026-09-18T01:41:00Z",
        "age_hours": 20.1,
        "confidence_label": "nominal",
        "popup_label": "<strong>NASA FIRMS<\/strong><br>Sensor: VIIRS_NOAA20_NRT<br>Fecha UTC: 2026-09-18T01:41:00Z<br>Confianza: nominal<br>FRP: 0.62 MW"
      }
    },
    {
      "type": "Feature",
      "geometry": {
        "type": "Point",
        "coordinates": [4.8895, 43.4419]
      },
      "properties": {
        "bright_ti4": 297.9,
        "scan": 0.39,
        "track": 0.36,
        "acq_date": "2026-09-18",
        "acq_time": "0141",
        "satellite": "N20",
        "instrument": "VIIRS",
        "confidence": "n",
        "version": "2.0NRT",
        "bright_ti5": 286.99,
        "frp": 0.62,
        "daynight": "N",
        "source_dataset": "VIIRS_NOAA20_NRT",
        "acq_datetime_utc": "2026-09-18T01:41:00Z",
        "age_hours": 20.1,
        "confidence_label": "nominal",
        "popup_label": "<strong>NASA FIRMS<\/strong><br>Sensor: VIIRS_NOAA20_NRT<br>Fecha UTC: 2026-09-18T01:41:00Z<br>Confianza: nominal<br>FRP: 0.62 MW"
      }
    },
    {
      "type": "Feature",
      "geometry": {
        "type": "Point",
        "coordinates": [4.9, 43.4438]
      },
      "properties": {
        "bright_ti4": 304.62,
        "scan": 0.39,
        "track": 0.36,
        "acq_date": "2026-09-18",
        "acq_time": "0141",
        "satellite": "N20",
        "instrument": "VIIRS",
        "confidence": "n",
        "version": "2.0NRT",
        "bright_ti5": 288.52,
        "frp": 1.73,
        "daynight": "N",
        "source_dataset": "VIIRS_NOAA20_NRT",
        "acq_datetime_utc": "2026-09-18T01:41:00Z",
        "age_hours": 20.1,
        "confidence_label": "nominal",
        "popup_label": "<strong>NASA FIRMS<\/strong><br>Sensor: VIIRS_NOAA20_NRT<br>Fecha UTC: 2026-09-18T01:41:00Z<br>Confianza: nominal<br>FRP: 1.73 MW"
      }
    },
    {
      "type": "Feature",
      "geometry": {
        "type": "Point",
        "coordinates": [4.8952, 43.4445]
      },
      "properties": {
        "bright_ti4": 327.96,
        "scan": 0.39,
        "track": 0.36,
        "acq_date": "2026-09-18",
        "acq_time": "0141",
        "satellite": "N20",
        "instrument": "VIIRS",
        "confidence": "n",
        "version": "2.0NRT",
        "bright_ti5": 288.45,
        "frp": 1.73,
        "daynight": "N",
        "source_dataset": "VIIRS_NOAA20_NRT",
        "acq_datetime_utc": "2026-09-18T01:41:00Z",
        "age_hours": 20.1,
        "confidence_label": "nominal",
        "popup_label": "<strong>NASA FIRMS<\/strong><br>Sensor: VIIRS_NOAA20_NRT<br>Fecha UTC: 2026-09-18T01:41:00Z<br>Confianza: nominal<br>FRP: 1.73 MW"
      }
    },
    {
      "type": "Feature",
      "geometry": {
        "type": "Point",
        "coordinates": [4.8905, 43.4452]
      },
      "properties": {
        "bright_ti4": 300.49,
        "scan": 0.39,
        "track": 0.36,
        "acq_date": "2026-09-18",
        "acq_time": "0141",
        "satellite": "N20",
        "instrument": "VIIRS",
        "confidence": "n",
        "version": "2.0NRT",
        "bright_ti5": 286.26,
        "frp": 0.53,
        "daynight": "N",
        "source_dataset": "VIIRS_NOAA20_NRT",
        "acq_datetime_utc": "2026-09-18T01:41:00Z",
        "age_hours": 20.1,
        "confidence_label": "nominal",
        "popup_label": "<strong>NASA FIRMS<\/strong><br>Sensor: VIIRS_NOAA20_NRT<br>Fecha UTC: 2026-09-18T01:41:00Z<br>Confianza: nominal<br>FRP: 0.53 MW"
      }
    },
    {
      "type": "Feature",
      "geometry": {
        "type": "Point",
        "coordinates": [4.8961, 43.4478]
      },
      "properties": {
        "bright_ti4": 324.99,
        "scan": 0.39,
        "track": 0.36,
        "acq_date": "2026-09-18",
        "acq_time": "0141",
        "satellite": "N20",
        "instrument": "VIIRS",
        "confidence": "n",
        "version": "2.0NRT",
        "bright_ti5": 289.58,
        "frp": 1.73,
        "daynight": "N",
        "source_dataset": "VIIRS_NOAA20_NRT",
        "acq_datetime_utc": "2026-09-18T01:41:00Z",
        "age_hours": 20.1,
        "confidence_label": "nominal",
        "popup_label": "<strong>NASA FIRMS<\/strong><br>Sensor: VIIRS_NOAA20_NRT<br>Fecha UTC: 2026-09-18T01:41:00Z<br>Confianza: nominal<br>FRP: 1.73 MW"
      }
    },
    {
      "type": "Feature",
      "geometry": {
        "type": "Point",
        "coordinates": [4.8437, 43.9968]
      },
      "properties": {
        "bright_ti4": 308.08,
        "scan": 0.39,
        "track": 0.36,
        "acq_date": "2026-09-18",
        "acq_time": "0141",
        "satellite": "N20",
        "instrument": "VIIRS",
        "confidence": "n",
        "version": "2.0NRT",
        "bright_ti5": 289.39,
        "frp": 1.33,
        "daynight": "N",
        "source_dataset": "VIIRS_NOAA20_NRT",
        "acq_datetime_utc": "2026-09-18T01:41:00Z",
        "age_hours": 20.1,
        "confidence_label": "nominal",
        "popup_label": "<strong>NASA FIRMS<\/strong><br>Sensor: VIIRS_NOAA20_NRT<br>Fecha UTC: 2026-09-18T01:41:00Z<br>Confianza: nominal<br>FRP: 1.33 MW"
      }
    },
    {
      "type": "Feature",
      "geometry": {
        "type": "Point",
        "coordinates": [-1.1303, 44.1372]
      },
      "properties": {
        "bright_ti4": 306.71,
        "scan": 0.41,
        "track": 0.45,
        "acq_date": "2026-09-18",
        "acq_time": "0141",
        "satellite": "N20",
        "instrument": "VIIRS",
        "confidence": "n",
        "version": "2.0NRT",
        "bright_ti5": 274.24,
        "frp": 2.8,
        "daynight": "N",
        "source_dataset": "VIIRS_NOAA20_NRT",
        "acq_datetime_utc": "2026-09-18T01:41:00Z",
        "age_hours": 20.1,
        "confidence_label": "nominal",
        "popup_label": "<strong>NASA FIRMS<\/strong><br>Sensor: VIIRS_NOAA20_NRT<br>Fecha UTC: 2026-09-18T01:41:00Z<br>Confianza: nominal<br>FRP: 2.8 MW"
      }
    },
    {
      "type": "Feature",
      "geometry": {
        "type": "Point",
        "coordinates": [-1.1355, 44.1377]
      },
      "properties": {
        "bright_ti4": 311.41,
        "scan": 0.41,
        "track": 0.45,
        "acq_date": "2026-09-18",
        "acq_time": "0141",
        "satellite": "N20",
        "instrument": "VIIRS",
        "confidence": "n",
        "version": "2.0NRT",
        "bright_ti5": 273.95,
        "frp": 2.37,
        "daynight": "N",
        "source_dataset": "VIIRS_NOAA20_NRT",
        "acq_datetime_utc": "2026-09-18T01:41:00Z",
        "age_hours": 20.1,
        "confidence_label": "nominal",
        "popup_label": "<strong>NASA FIRMS<\/strong><br>Sensor: VIIRS_NOAA20_NRT<br>Fecha UTC: 2026-09-18T01:41:00Z<br>Confianza: nominal<br>FRP: 2.37 MW"
      }
    },
    {
      "type": "Feature",
      "geometry": {
        "type": "Point",
        "coordinates": [-1.1296, 44.1413]
      },
      "properties": {
        "bright_ti4": 324.02,
        "scan": 0.41,
        "track": 0.45,
        "acq_date": "2026-09-18",
        "acq_time": "0141",
        "satellite": "N20",
        "instrument": "VIIRS",
        "confidence": "n",
        "version": "2.0NRT",
        "bright_ti5": 276.27,
        "frp": 2.8,
        "daynight": "N",
        "source_dataset": "VIIRS_NOAA20_NRT",
        "acq_datetime_utc": "2026-09-18T01:41:00Z",
        "age_hours": 20.1,
        "confidence_label": "nominal",
        "popup_label": "<strong>NASA FIRMS<\/strong><br>Sensor: VIIRS_NOAA20_NRT<br>Fecha UTC: 2026-09-18T01:41:00Z<br>Confianza: nominal<br>FRP: 2.8 MW"
      }
    },
    {
      "type": "Feature",
      "geometry": {
        "type": "Point",
        "coordinates": [-1.1348, 44.1418]
      },
      "properties": {
        "bright_ti4": 309.68,
        "scan": 0.41,
        "track": 0.45,
        "acq_date": "2026-09-18",
        "acq_time": "0141",
        "satellite": "N20",
        "instrument": "VIIRS",
        "confidence": "n",
        "version": "2.0NRT",
        "bright_ti5": 270.52,
        "frp": 2.37,
        "daynight": "N",
        "source_dataset": "VIIRS_NOAA20_NRT",
        "acq_datetime_utc": "2026-09-18T01:41:00Z",
        "age_hours": 20.1,
        "confidence_label": "nominal",
        "popup_label": "<strong>NASA FIRMS<\/strong><br>Sensor: VIIRS_NOAA20_NRT<br>Fecha UTC: 2026-09-18T01:41:00Z<br>Confianza: nominal<br>FRP: 2.37 MW"
      }
    },
    {
      "type": "Feature",
      "geometry": {
        "type": "Point",
        "coordinates": [-0.2554, 35.8078]
      },
      "properties": {
        "bright_ti4": 338.03,
        "scan": 0.46,
        "track": 0.39,
        "acq_date": "2026-09-17",
        "acq_time": "1323",
        "satellite": "N20",
        "instrument": "VIIRS",
        "confidence": "n",
        "version": "2.0NRT",
        "bright_ti5": 283.96,
        "frp": 7.43,
        "daynight": "D",
        "source_dataset": "VIIRS_NOAA20_NRT",
        "acq_datetime_utc": "2026-09-17T13:23:00Z",
        "age_hours": 32.4,
        "confidence_label": "nominal",
        "popup_label": "<strong>NASA FIRMS<\/strong><br>Sensor: VIIRS_NOAA20_NRT<br>Fecha UTC: 2026-09-17T13:23:00Z<br>Confianza: nominal<br>FRP: 7.43 MW"
      }
    },
    {
      "type": "Feature",
      "geometry": {
        "type": "Point",
        "coordinates": [-0.2534, 35.8099]
      },
      "properties": {
        "bright_ti4": 343.16,
        "scan": 0.46,
        "track": 0.39,
        "acq_date": "2026-09-17",
        "acq_time": "1323",
        "satellite": "N20",
        "instrument": "VIIRS",
        "confidence": "n",
        "version": "2.0NRT",
        "bright_ti5": 284.68,
        "frp": 10.53,
        "daynight": "D",
        "source_dataset": "VIIRS_NOAA20_NRT",
        "acq_datetime_utc": "2026-09-17T13:23:00Z",
        "age_hours": 32.4,
        "confidence_label": "nominal",
        "popup_label": "<strong>NASA FIRMS<\/strong><br>Sensor: VIIRS_NOAA20_NRT<br>Fecha UTC: 2026-09-17T13:23:00Z<br>Confianza: nominal<br>FRP: 10.53 MW"
      }
    },
    {
      "type": "Feature",
      "geometry": {
        "type": "Point",
        "coordinates": [-5.5546, 35.8386]
      },
      "properties": {
        "bright_ti4": 336.28,
        "scan": 0.4,
        "track": 0.37,
        "acq_date": "2026-09-17",
        "acq_time": "1323",
        "satellite": "N20",
        "instrument": "VIIRS",
        "confidence": "n",
        "version": "2.0NRT",
        "bright_ti5": 305.09,
        "frp": 3.58,
        "daynight": "D",
        "source_dataset": "VIIRS_NOAA20_NRT",
        "acq_datetime_utc": "2026-09-17T13:23:00Z",
        "age_hours": 32.4,
        "confidence_label": "nominal",
        "popup_label": "<strong>NASA FIRMS<\/strong><br>Sensor: VIIRS_NOAA20_NRT<br>Fecha UTC: 2026-09-17T13:23:00Z<br>Confianza: nominal<br>FRP: 3.58 MW"
      }
    },
    {
      "type": "Feature",
      "geometry": {
        "type": "Point",
        "coordinates": [-5.4534, 36.0914]
      },
      "properties": {
        "bright_ti4": 345.62,
        "scan": 0.39,
        "track": 0.36,
        "acq_date": "2026-09-17",
        "acq_time": "1323",
        "satellite": "N20",
        "instrument": "VIIRS",
        "confidence": "n",
        "version": "2.0NRT",
        "bright_ti5": 304.17,
        "frp": 4.86,
        "daynight": "D",
        "source_dataset": "VIIRS_NOAA20_NRT",
        "acq_datetime_utc": "2026-09-17T13:23:00Z",
        "age_hours": 32.4,
        "confidence_label": "nominal",
        "popup_label": "<strong>NASA FIRMS<\/strong><br>Sensor: VIIRS_NOAA20_NRT<br>Fecha UTC: 2026-09-17T13:23:00Z<br>Confianza: nominal<br>FRP: 4.86 MW"
      }
    },
    {
      "type": "Feature",
      "geometry": {
        "type": "Point",
        "coordinates": [2.8785, 36.5974]
      },
      "properties": {
        "bright_ti4": 331.01,
        "scan": 0.44,
        "track": 0.46,
        "acq_date": "2026-09-17",
        "acq_time": "1323",
        "satellite": "N20",
        "instrument": "VIIRS",
        "confidence": "n",
        "version": "2.0NRT",
        "bright_ti5": 300.11,
        "frp": 2.8,
        "daynight": "D",
        "source_dataset": "VIIRS_NOAA20_NRT",
        "acq_datetime_utc": "2026-09-17T13:23:00Z",
        "age_hours": 32.4,
        "confidence_label": "nominal",
        "popup_label": "<strong>NASA FIRMS<\/strong><br>Sensor: VIIRS_NOAA20_NRT<br>Fecha UTC: 2026-09-17T13:23:00Z<br>Confianza: nominal<br>FRP: 2.8 MW"
      }
    },
    {
      "type": "Feature",
      "geometry": {
        "type": "Point",
        "coordinates": [2.9363, 36.7957]
      },
      "properties": {
        "bright_ti4": 334.84,
        "scan": 0.44,
        "track": 0.46,
        "acq_date": "2026-09-17",
        "acq_time": "1323",
        "satellite": "N20",
        "instrument": "VIIRS",
        "confidence": "n",
        "version": "2.0NRT",
        "bright_ti5": 299.05,
        "frp": 2.87,
        "daynight": "D",
        "source_dataset": "VIIRS_NOAA20_NRT",
        "acq_datetime_utc": "2026-09-17T13:23:00Z",
        "age_hours": 32.4,
        "confidence_label": "nominal",
        "popup_label": "<strong>NASA FIRMS<\/strong><br>Sensor: VIIRS_NOAA20_NRT<br>Fecha UTC: 2026-09-17T13:23:00Z<br>Confianza: nominal<br>FRP: 2.87 MW"
      }
    },
    {
      "type": "Feature",
      "geometry": {
        "type": "Point",
        "coordinates": [-5.69, 36.8628]
      },
      "properties": {
        "bright_ti4": 339.97,
        "scan": 0.39,
        "track": 0.36,
        "acq_date": "2026-09-17",
        "acq_time": "1323",
        "satellite": "N20",
        "instrument": "VIIRS",
        "confidence": "l",
        "version": "2.0NRT",
        "bright_ti5": 310.39,
        "frp": 6.5,
        "daynight": "D",
        "source_dataset": "VIIRS_NOAA20_NRT",
        "acq_datetime_utc": "2026-09-17T13:23:00Z",
        "age_hours": 32.4,
        "confidence_label": "baja",
        "popup_label": "<strong>NASA FIRMS<\/strong><br>Sensor: VIIRS_NOAA20_NRT<br>Fecha UTC: 2026-09-17T13:23:00Z<br>Confianza: baja<br>FRP: 6.5 MW"
      }
    },
    {
      "type": "Feature",
      "geometry": {
        "type": "Point",
        "coordinates": [-3.6859, 37.0735]
      },
      "properties": {
        "bright_ti4": 336.55,
        "scan": 0.39,
        "track": 0.36,
        "acq_date": "2026-09-17",
        "acq_time": "1323",
        "satellite": "N20",
        "instrument": "VIIRS",
        "confidence": "l",
        "version": "2.0NRT",
        "bright_ti5": 307.46,
        "frp": 1.49,
        "daynight": "D",
        "source_dataset": "VIIRS_NOAA20_NRT",
        "acq_datetime_utc": "2026-09-17T13:23:00Z",
        "age_hours": 32.4,
        "confidence_label": "baja",
        "popup_label": "<strong>NASA FIRMS<\/strong><br>Sensor: VIIRS_NOAA20_NRT<br>Fecha UTC: 2026-09-17T13:23:00Z<br>Confianza: baja<br>FRP: 1.49 MW"
      }
    },
    {
      "type": "Feature",
      "geometry": {
        "type": "Point",
        "coordinates": [-5.6073, 37.1184]
      },
      "properties": {
        "bright_ti4": 336.6,
        "scan": 0.39,
        "track": 0.36,
        "acq_date": "2026-09-17",
        "acq_time": "1323",
        "satellite": "N20",
        "instrument": "VIIRS",
        "confidence": "l",
        "version": "2.0NRT",
        "bright_ti5": 308.49,
        "frp": 1.21,
        "daynight": "D",
        "source_dataset": "VIIRS_NOAA20_NRT",
        "acq_datetime_utc": "2026-09-17T13:23:00Z",
        "age_hours": 32.4,
        "confidence_label": "baja",
        "popup_label": "<strong>NASA FIRMS<\/strong><br>Sensor: VIIRS_NOAA20_NRT<br>Fecha UTC: 2026-09-17T13:23:00Z<br>Confianza: baja<br>FRP: 1.21 MW"
      }
    },
    {
      "type": "Feature",
      "geometry": {
        "type": "Point",
        "coordinates": [-5.6612, 37.3387]
      },
      "properties": {
        "bright_ti4": 341.74,
        "scan": 0.39,
        "track": 0.36,
        "acq_date": "2026-09-17",
        "acq_time": "1323",
        "satellite": "N20",
        "instrument": "VIIRS",
        "confidence": "n",
        "version": "2.0NRT",
        "bright_ti5": 310.15,
        "frp": 3.34,
        "daynight": "D",
        "source_dataset": "VIIRS_NOAA20_NRT",
        "acq_datetime_utc": "2026-09-17T13:23:00Z",
        "age_hours": 32.4,
        "confidence_label": "nominal",
        "popup_label": "<strong>NASA FIRMS<\/strong><br>Sensor: VIIRS_NOAA20_NRT<br>Fecha UTC: 2026-09-17T13:23:00Z<br>Confianza: nominal<br>FRP: 3.34 MW"
      }
    },
    {
      "type": "Feature",
      "geometry": {
        "type": "Point",
        "coordinates": [-5.6569, 37.3394]
      },
      "properties": {
        "bright_ti4": 336.28,
        "scan": 0.39,
        "track": 0.36,
        "acq_date": "2026-09-17",
        "acq_time": "1323",
        "satellite": "N20",
        "instrument": "VIIRS",
        "confidence": "l",
        "version": "2.0NRT",
        "bright_ti5": 308.21,
        "frp": 3.34,
        "daynight": "D",
        "source_dataset": "VIIRS_NOAA20_NRT",
        "acq_datetime_utc": "2026-09-17T13:23:00Z",
        "age_hours": 32.4,
        "confidence_label": "baja",
        "popup_label": "<strong>NASA FIRMS<\/strong><br>Sensor: VIIRS_NOAA20_NRT<br>Fecha UTC: 2026-09-17T13:23:00Z<br>Confianza: baja<br>FRP: 3.34 MW"
      }
    },
    {
      "type": "Feature",
      "geometry": {
        "type": "Point",
        "coordinates": [-7.7097, 37.3997]
      },
      "properties": {
        "bright_ti4": 336.35,
        "scan": 0.44,
        "track": 0.38,
        "acq_date": "2026-09-17",
        "acq_time": "1323",
        "satellite": "N20",
        "instrument": "VIIRS",
        "confidence": "l",
        "version": "2.0NRT",
        "bright_ti5": 307.24,
        "frp": 3.04,
        "daynight": "D",
        "source_dataset": "VIIRS_NOAA20_NRT",
        "acq_datetime_utc": "2026-09-17T13:23:00Z",
        "age_hours": 32.4,
        "confidence_label": "baja",
        "popup_label": "<strong>NASA FIRMS<\/strong><br>Sensor: VIIRS_NOAA20_NRT<br>Fecha UTC: 2026-09-17T13:23:00Z<br>Confianza: baja<br>FRP: 3.04 MW"
      }
    },
    {
      "type": "Feature",
      "geometry": {
        "type": "Point",
        "coordinates": [-7.7077, 37.4026]
      },
      "properties": {
        "bright_ti4": 340.17,
        "scan": 0.44,
        "track": 0.38,
        "acq_date": "2026-09-17",
        "acq_time": "1323",
        "satellite": "N20",
        "instrument": "VIIRS",
        "confidence": "n",
        "version": "2.0NRT",
        "bright_ti5": 307.72,
        "frp": 3.87,
        "daynight": "D",
        "source_dataset": "VIIRS_NOAA20_NRT",
        "acq_datetime_utc": "2026-09-17T13:23:00Z",
        "age_hours": 32.4,
        "confidence_label": "nominal",
        "popup_label": "<strong>NASA FIRMS<\/strong><br>Sensor: VIIRS_NOAA20_NRT<br>Fecha UTC: 2026-09-17T13:23:00Z<br>Confianza: nominal<br>FRP: 3.87 MW"
      }
    },
    {
      "type": "Feature",
      "geometry": {
        "type": "Point",
        "coordinates": [-7.7059, 37.404]
      },
      "properties": {
        "bright_ti4": 341.28,
        "scan": 0.44,
        "track": 0.38,
        "acq_date": "2026-09-17",
        "acq_time": "1323",
        "satellite": "N20",
        "instrument": "VIIRS",
        "confidence": "n",
        "version": "2.0NRT",
        "bright_ti5": 307.28,
        "frp": 3.04,
        "daynight": "D",
        "source_dataset": "VIIRS_NOAA20_NRT",
        "acq_datetime_utc": "2026-09-17T13:23:00Z",
        "age_hours": 32.4,
        "confidence_label": "nominal",
        "popup_label": "<strong>NASA FIRMS<\/strong><br>Sensor: VIIRS_NOAA20_NRT<br>Fecha UTC: 2026-09-17T13:23:00Z<br>Confianza: nominal<br>FRP: 3.04 MW"
      }
    },
    {
      "type": "Feature",
      "geometry": {
        "type": "Point",
        "coordinates": [-7.7069, 37.4075]
      },
      "properties": {
        "bright_ti4": 341.96,
        "scan": 0.44,
        "track": 0.38,
        "acq_date": "2026-09-17",
        "acq_time": "1323",
        "satellite": "N20",
        "instrument": "VIIRS",
        "confidence": "n",
        "version": "2.0NRT",
        "bright_ti5": 306.53,
        "frp": 2.21,
        "daynight": "D",
        "source_dataset": "VIIRS_NOAA20_NRT",
        "acq_datetime_utc": "2026-09-17T13:23:00Z",
        "age_hours": 32.4,
        "confidence_label": "nominal",
        "popup_label": "<strong>NASA FIRMS<\/strong><br>Sensor: VIIRS_NOAA20_NRT<br>Fecha UTC: 2026-09-17T13:23:00Z<br>Confianza: nominal<br>FRP: 2.21 MW"
      }
    },
    {
      "type": "Feature",
      "geometry": {
        "type": "Point",
        "coordinates": [-5.1309, 37.544]
      },
      "properties": {
        "bright_ti4": 334.64,
        "scan": 0.39,
        "track": 0.36,
        "acq_date": "2026-09-17",
        "acq_time": "1323",
        "satellite": "N20",
        "instrument": "VIIRS",
        "confidence": "l",
        "version": "2.0NRT",
        "bright_ti5": 308.77,
        "frp": 1.29,
        "daynight": "D",
        "source_dataset": "VIIRS_NOAA20_NRT",
        "acq_datetime_utc": "2026-09-17T13:23:00Z",
        "age_hours": 32.4,
        "confidence_label": "baja",
        "popup_label": "<strong>NASA FIRMS<\/strong><br>Sensor: VIIRS_NOAA20_NRT<br>Fecha UTC: 2026-09-17T13:23:00Z<br>Confianza: baja<br>FRP: 1.29 MW"
      }
    },
    {
      "type": "Feature",
      "geometry": {
        "type": "Point",
        "coordinates": [-6.9621, 38.8829]
      },
      "properties": {
        "bright_ti4": 344.83,
        "scan": 0.4,
        "track": 0.37,
        "acq_date": "2026-09-17",
        "acq_time": "1323",
        "satellite": "N20",
        "instrument": "VIIRS",
        "confidence": "n",
        "version": "2.0NRT",
        "bright_ti5": 305.61,
        "frp": 7.09,
        "daynight": "D",
        "source_dataset": "VIIRS_NOAA20_NRT",
        "acq_datetime_utc": "2026-09-17T13:23:00Z",
        "age_hours": 32.4,
        "confidence_label": "nominal",
        "popup_label": "<strong>NASA FIRMS<\/strong><br>Sensor: VIIRS_NOAA20_NRT<br>Fecha UTC: 2026-09-17T13:23:00Z<br>Confianza: nominal<br>FRP: 7.09 MW"
      }
    },
    {
      "type": "Feature",
      "geometry": {
        "type": "Point",
        "coordinates": [-9.3426, 38.895]
      },
      "properties": {
        "bright_ti4": 332.32,
        "scan": 0.48,
        "track": 0.4,
        "acq_date": "2026-09-17",
        "acq_time": "1323",
        "satellite": "N20",
        "instrument": "VIIRS",
        "confidence": "n",
        "version": "2.0NRT",
        "bright_ti5": 302.18,
        "frp": 9.24,
        "daynight": "D",
        "source_dataset": "VIIRS_NOAA20_NRT",
        "acq_datetime_utc": "2026-09-17T13:23:00Z",
        "age_hours": 32.4,
        "confidence_label": "nominal",
        "popup_label": "<strong>NASA FIRMS<\/strong><br>Sensor: VIIRS_NOAA20_NRT<br>Fecha UTC: 2026-09-17T13:23:00Z<br>Confianza: nominal<br>FRP: 9.24 MW"
      }
    },
    {
      "type": "Feature",
      "geometry": {
        "type": "Point",
        "coordinates": [-5.7934, 38.9303]
      },
      "properties": {
        "bright_ti4": 338.87,
        "scan": 0.39,
        "track": 0.36,
        "acq_date": "2026-09-17",
        "acq_time": "1323",
        "satellite": "N20",
        "instrument": "VIIRS",
        "confidence": "l",
        "version": "2.0NRT",
        "bright_ti5": 311.8,
        "frp": 5.06,
        "daynight": "D",
        "source_dataset": "VIIRS_NOAA20_NRT",
        "acq_datetime_utc": "2026-09-17T13:23:00Z",
        "age_hours": 32.4,
        "confidence_label": "baja",
        "popup_label": "<strong>NASA FIRMS<\/strong><br>Sensor: VIIRS_NOAA20_NRT<br>Fecha UTC: 2026-09-17T13:23:00Z<br>Confianza: baja<br>FRP: 5.06 MW"
      }
    },
    {
      "type": "Feature",
      "geometry": {
        "type": "Point",
        "coordinates": [-8.9097, 39.1366]
      },
      "properties": {
        "bright_ti4": 331.32,
        "scan": 0.45,
        "track": 0.39,
        "acq_date": "2026-09-17",
        "acq_time": "1323",
        "satellite": "N20",
        "instrument": "VIIRS",
        "confidence": "n",
        "version": "2.0NRT",
        "bright_ti5": 296.01,
        "frp": 2.59,
        "daynight": "D",
        "source_dataset": "VIIRS_NOAA20_NRT",
        "acq_datetime_utc": "2026-09-17T13:23:00Z",
        "age_hours": 32.4,
        "confidence_label": "nominal",
        "popup_label": "<strong>NASA FIRMS<\/strong><br>Sensor: VIIRS_NOAA20_NRT<br>Fecha UTC: 2026-09-17T13:23:00Z<br>Confianza: nominal<br>FRP: 2.59 MW"
      }
    },
    {
      "type": "Feature",
      "geometry": {
        "type": "Point",
        "coordinates": [-8.9108, 39.1401]
      },
      "properties": {
        "bright_ti4": 331.03,
        "scan": 0.45,
        "track": 0.39,
        "acq_date": "2026-09-17",
        "acq_time": "1323",
        "satellite": "N20",
        "instrument": "VIIRS",
        "confidence": "n",
        "version": "2.0NRT",
        "bright_ti5": 296.9,
        "frp": 2.59,
        "daynight": "D",
        "source_dataset": "VIIRS_NOAA20_NRT",
        "acq_datetime_utc": "2026-09-17T13:23:00Z",
        "age_hours": 32.4,
        "confidence_label": "nominal",
        "popup_label": "<strong>NASA FIRMS<\/strong><br>Sensor: VIIRS_NOAA20_NRT<br>Fecha UTC: 2026-09-17T13:23:00Z<br>Confianza: nominal<br>FRP: 2.59 MW"
      }
    },
    {
      "type": "Feature",
      "geometry": {
        "type": "Point",
        "coordinates": [-7.6738, 41.0183]
      },
      "properties": {
        "bright_ti4": 335.71,
        "scan": 0.4,
        "track": 0.37,
        "acq_date": "2026-09-17",
        "acq_time": "1323",
        "satellite": "N20",
        "instrument": "VIIRS",
        "confidence": "n",
        "version": "2.0NRT",
        "bright_ti5": 278.69,
        "frp": 8.88,
        "daynight": "D",
        "source_dataset": "VIIRS_NOAA20_NRT",
        "acq_datetime_utc": "2026-09-17T13:23:00Z",
        "age_hours": 32.4,
        "confidence_label": "nominal",
        "popup_label": "<strong>NASA FIRMS<\/strong><br>Sensor: VIIRS_NOAA20_NRT<br>Fecha UTC: 2026-09-17T13:23:00Z<br>Confianza: nominal<br>FRP: 8.88 MW"
      }
    },
    {
      "type": "Feature",
      "geometry": {
        "type": "Point",
        "coordinates": [-8.3552, 41.7231]
      },
      "properties": {
        "bright_ti4": 334.11,
        "scan": 0.41,
        "track": 0.37,
        "acq_date": "2026-09-17",
        "acq_time": "1323",
        "satellite": "N20",
        "instrument": "VIIRS",
        "confidence": "n",
        "version": "2.0NRT",
        "bright_ti5": 295.84,
        "frp": 2.72,
        "daynight": "D",
        "source_dataset": "VIIRS_NOAA20_NRT",
        "acq_datetime_utc": "2026-09-17T13:23:00Z",
        "age_hours": 32.4,
        "confidence_label": "nominal",
        "popup_label": "<strong>NASA FIRMS<\/strong><br>Sensor: VIIRS_NOAA20_NRT<br>Fecha UTC: 2026-09-17T13:23:00Z<br>Confianza: nominal<br>FRP: 2.72 MW"
      }
    },
    {
      "type": "Feature",
      "geometry": {
        "type": "Point",
        "coordinates": [-8.3408, 41.7256]
      },
      "properties": {
        "bright_ti4": 334.66,
        "scan": 0.41,
        "track": 0.37,
        "acq_date": "2026-09-17",
        "acq_time": "1323",
        "satellite": "N20",
        "instrument": "VIIRS",
        "confidence": "n",
        "version": "2.0NRT",
        "bright_ti5": 300.97,
        "frp": 2.97,
        "daynight": "D",
        "source_dataset": "VIIRS_NOAA20_NRT",
        "acq_datetime_utc": "2026-09-17T13:23:00Z",
        "age_hours": 32.4,
        "confidence_label": "nominal",
        "popup_label": "<strong>NASA FIRMS<\/strong><br>Sensor: VIIRS_NOAA20_NRT<br>Fecha UTC: 2026-09-17T13:23:00Z<br>Confianza: nominal<br>FRP: 2.97 MW"
      }
    },
    {
      "type": "Feature",
      "geometry": {
        "type": "Point",
        "coordinates": [-8.3512, 41.7273]
      },
      "properties": {
        "bright_ti4": 348.53,
        "scan": 0.41,
        "track": 0.37,
        "acq_date": "2026-09-17",
        "acq_time": "1323",
        "satellite": "N20",
        "instrument": "VIIRS",
        "confidence": "n",
        "version": "2.0NRT",
        "bright_ti5": 303.97,
        "frp": 15.18,
        "daynight": "D",
        "source_dataset": "VIIRS_NOAA20_NRT",
        "acq_datetime_utc": "2026-09-17T13:23:00Z",
        "age_hours": 32.4,
        "confidence_label": "nominal",
        "popup_label": "<strong>NASA FIRMS<\/strong><br>Sensor: VIIRS_NOAA20_NRT<br>Fecha UTC: 2026-09-17T13:23:00Z<br>Confianza: nominal<br>FRP: 15.18 MW"
      }
    },
    {
      "type": "Feature",
      "geometry": {
        "type": "Point",
        "coordinates": [-8.3521, 41.7307]
      },
      "properties": {
        "bright_ti4": 351.36,
        "scan": 0.41,
        "track": 0.37,
        "acq_date": "2026-09-17",
        "acq_time": "1323",
        "satellite": "N20",
        "instrument": "VIIRS",
        "confidence": "n",
        "version": "2.0NRT",
        "bright_ti5": 308.58,
        "frp": 15.18,
        "daynight": "D",
        "source_dataset": "VIIRS_NOAA20_NRT",
        "acq_datetime_utc": "2026-09-17T13:23:00Z",
        "age_hours": 32.4,
        "confidence_label": "nominal",
        "popup_label": "<strong>NASA FIRMS<\/strong><br>Sensor: VIIRS_NOAA20_NRT<br>Fecha UTC: 2026-09-17T13:23:00Z<br>Confianza: nominal<br>FRP: 15.18 MW"
      }
    },
    {
      "type": "Feature",
      "geometry": {
        "type": "Point",
        "coordinates": [-8.3529, 41.7341]
      },
      "properties": {
        "bright_ti4": 338.44,
        "scan": 0.41,
        "track": 0.37,
        "acq_date": "2026-09-17",
        "acq_time": "1323",
        "satellite": "N20",
        "instrument": "VIIRS",
        "confidence": "n",
        "version": "2.0NRT",
        "bright_ti5": 298.55,
        "frp": 8.16,
        "daynight": "D",
        "source_dataset": "VIIRS_NOAA20_NRT",
        "acq_datetime_utc": "2026-09-17T13:23:00Z",
        "age_hours": 32.4,
        "confidence_label": "nominal",
        "popup_label": "<strong>NASA FIRMS<\/strong><br>Sensor: VIIRS_NOAA20_NRT<br>Fecha UTC: 2026-09-17T13:23:00Z<br>Confianza: nominal<br>FRP: 8.16 MW"
      }
    },
    {
      "type": "Feature",
      "geometry": {
        "type": "Point",
        "coordinates": [-8.3481, 41.7349]
      },
      "properties": {
        "bright_ti4": 341.94,
        "scan": 0.41,
        "track": 0.37,
        "acq_date": "2026-09-17",
        "acq_time": "1323",
        "satellite": "N20",
        "instrument": "VIIRS",
        "confidence": "n",
        "version": "2.0NRT",
        "bright_ti5": 310.59,
        "frp": 9.61,
        "daynight": "D",
        "source_dataset": "VIIRS_NOAA20_NRT",
        "acq_datetime_utc": "2026-09-17T13:23:00Z",
        "age_hours": 32.4,
        "confidence_label": "nominal",
        "popup_label": "<strong>NASA FIRMS<\/strong><br>Sensor: VIIRS_NOAA20_NRT<br>Fecha UTC: 2026-09-17T13:23:00Z<br>Confianza: nominal<br>FRP: 9.61 MW"
      }
    },
    {
      "type": "Feature",
      "geometry": {
        "type": "Point",
        "coordinates": [-8.3434, 41.7357]
      },
      "properties": {
        "bright_ti4": 337.46,
        "scan": 0.41,
        "track": 0.37,
        "acq_date": "2026-09-17",
        "acq_time": "1323",
        "satellite": "N20",
        "instrument": "VIIRS",
        "confidence": "n",
        "version": "2.0NRT",
        "bright_ti5": 307.71,
        "frp": 9.61,
        "daynight": "D",
        "source_dataset": "VIIRS_NOAA20_NRT",
        "acq_datetime_utc": "2026-09-17T13:23:00Z",
        "age_hours": 32.4,
        "confidence_label": "nominal",
        "popup_label": "<strong>NASA FIRMS<\/strong><br>Sensor: VIIRS_NOAA20_NRT<br>Fecha UTC: 2026-09-17T13:23:00Z<br>Confianza: nominal<br>FRP: 9.61 MW"
      }
    },
    {
      "type": "Feature",
      "geometry": {
        "type": "Point",
        "coordinates": [-8.3442, 41.7391]
      },
      "properties": {
        "bright_ti4": 341.84,
        "scan": 0.41,
        "track": 0.37,
        "acq_date": "2026-09-17",
        "acq_time": "1323",
        "satellite": "N20",
        "instrument": "VIIRS",
        "confidence": "n",
        "version": "2.0NRT",
        "bright_ti5": 300.6,
        "frp": 9.61,
        "daynight": "D",
        "source_dataset": "VIIRS_NOAA20_NRT",
        "acq_datetime_utc": "2026-09-17T13:23:00Z",
        "age_hours": 32.4,
        "confidence_label": "nominal",
        "popup_label": "<strong>NASA FIRMS<\/strong><br>Sensor: VIIRS_NOAA20_NRT<br>Fecha UTC: 2026-09-17T13:23:00Z<br>Confianza: nominal<br>FRP: 9.61 MW"
      }
    },
    {
      "type": "Feature",
      "geometry": {
        "type": "Point",
        "coordinates": [0.1787, 41.9237]
      },
      "properties": {
        "bright_ti4": 342.74,
        "scan": 0.55,
        "track": 0.43,
        "acq_date": "2026-09-17",
        "acq_time": "1323",
        "satellite": "N20",
        "instrument": "VIIRS",
        "confidence": "n",
        "version": "2.0NRT",
        "bright_ti5": 301.19,
        "frp": 10.91,
        "daynight": "D",
        "source_dataset": "VIIRS_NOAA20_NRT",
        "acq_datetime_utc": "2026-09-17T13:23:00Z",
        "age_hours": 32.4,
        "confidence_label": "nominal",
        "popup_label": "<strong>NASA FIRMS<\/strong><br>Sensor: VIIRS_NOAA20_NRT<br>Fecha UTC: 2026-09-17T13:23:00Z<br>Confianza: nominal<br>FRP: 10.91 MW"
      }
    },
    {
      "type": "Feature",
      "geometry": {
        "type": "Point",
        "coordinates": [-0.407, 41.9244]
      },
      "properties": {
        "bright_ti4": 332.07,
        "scan": 0.52,
        "track": 0.42,
        "acq_date": "2026-09-17",
        "acq_time": "1323",
        "satellite": "N20",
        "instrument": "VIIRS",
        "confidence": "n",
        "version": "2.0NRT",
        "bright_ti5": 296.55,
        "frp": 10.95,
        "daynight": "D",
        "source_dataset": "VIIRS_NOAA20_NRT",
        "acq_datetime_utc": "2026-09-17T13:23:00Z",
        "age_hours": 32.4,
        "confidence_label": "nominal",
        "popup_label": "<strong>NASA FIRMS<\/strong><br>Sensor: VIIRS_NOAA20_NRT<br>Fecha UTC: 2026-09-17T13:23:00Z<br>Confianza: nominal<br>FRP: 10.95 MW"
      }
    },
    {
      "type": "Feature",
      "geometry": {
        "type": "Point",
        "coordinates": [-0.411, 41.9256]
      },
      "properties": {
        "bright_ti4": 346.26,
        "scan": 0.52,
        "track": 0.42,
        "acq_date": "2026-09-17",
        "acq_time": "1323",
        "satellite": "N20",
        "instrument": "VIIRS",
        "confidence": "n",
        "version": "2.0NRT",
        "bright_ti5": 305.37,
        "frp": 29.1,
        "daynight": "D",
        "source_dataset": "VIIRS_NOAA20_NRT",
        "acq_datetime_utc": "2026-09-17T13:23:00Z",
        "age_hours": 32.4,
        "confidence_label": "nominal",
        "popup_label": "<strong>NASA FIRMS<\/strong><br>Sensor: VIIRS_NOAA20_NRT<br>Fecha UTC: 2026-09-17T13:23:00Z<br>Confianza: nominal<br>FRP: 29.1 MW"
      }
    },
    {
      "type": "Feature",
      "geometry": {
        "type": "Point",
        "coordinates": [-0.4141, 41.9276]
      },
      "properties": {
        "bright_ti4": 353.72,
        "scan": 0.52,
        "track": 0.42,
        "acq_date": "2026-09-17",
        "acq_time": "1323",
        "satellite": "N20",
        "instrument": "VIIRS",
        "confidence": "n",
        "version": "2.0NRT",
        "bright_ti5": 304.31,
        "frp": 10.44,
        "daynight": "D",
        "source_dataset": "VIIRS_NOAA20_NRT",
        "acq_datetime_utc": "2026-09-17T13:23:00Z",
        "age_hours": 32.4,
        "confidence_label": "nominal",
        "popup_label": "<strong>NASA FIRMS<\/strong><br>Sensor: VIIRS_NOAA20_NRT<br>Fecha UTC: 2026-09-17T13:23:00Z<br>Confianza: nominal<br>FRP: 10.44 MW"
      }
    },
    {
      "type": "Feature",
      "geometry": {
        "type": "Point",
        "coordinates": [-0.4078, 41.9282]
      },
      "properties": {
        "bright_ti4": 340.97,
        "scan": 0.52,
        "track": 0.42,
        "acq_date": "2026-09-17",
        "acq_time": "1323",
        "satellite": "N20",
        "instrument": "VIIRS",
        "confidence": "n",
        "version": "2.0NRT",
        "bright_ti5": 298.5,
        "frp": 5.56,
        "daynight": "D",
        "source_dataset": "VIIRS_NOAA20_NRT",
        "acq_datetime_utc": "2026-09-17T13:23:00Z",
        "age_hours": 32.4,
        "confidence_label": "nominal",
        "popup_label": "<strong>NASA FIRMS<\/strong><br>Sensor: VIIRS_NOAA20_NRT<br>Fecha UTC: 2026-09-17T13:23:00Z<br>Confianza: nominal<br>FRP: 5.56 MW"
      }
    },
    {
      "type": "Feature",
      "geometry": {
        "type": "Point",
        "coordinates": [-0.418, 41.9288]
      },
      "properties": {
        "bright_ti4": 330.79,
        "scan": 0.52,
        "track": 0.42,
        "acq_date": "2026-09-17",
        "acq_time": "1323",
        "satellite": "N20",
        "instrument": "VIIRS",
        "confidence": "n",
        "version": "2.0NRT",
        "bright_ti5": 299.73,
        "frp": 4.18,
        "daynight": "D",
        "source_dataset": "VIIRS_NOAA20_NRT",
        "acq_datetime_utc": "2026-09-17T13:23:00Z",
        "age_hours": 32.4,
        "confidence_label": "nominal",
        "popup_label": "<strong>NASA FIRMS<\/strong><br>Sensor: VIIRS_NOAA20_NRT<br>Fecha UTC: 2026-09-17T13:23:00Z<br>Confianza: nominal<br>FRP: 4.18 MW"
      }
    },
    {
      "type": "Feature",
      "geometry": {
        "type": "Point",
        "coordinates": [-0.4117, 41.9294]
      },
      "properties": {
        "bright_ti4": 341.63,
        "scan": 0.52,
        "track": 0.42,
        "acq_date": "2026-09-17",
        "acq_time": "1323",
        "satellite": "N20",
        "instrument": "VIIRS",
        "confidence": "n",
        "version": "2.0NRT",
        "bright_ti5": 301.77,
        "frp": 6.73,
        "daynight": "D",
        "source_dataset": "VIIRS_NOAA20_NRT",
        "acq_datetime_utc": "2026-09-17T13:23:00Z",
        "age_hours": 32.4,
        "confidence_label": "nominal",
        "popup_label": "<strong>NASA FIRMS<\/strong><br>Sensor: VIIRS_NOAA20_NRT<br>Fecha UTC: 2026-09-17T13:23:00Z<br>Confianza: nominal<br>FRP: 6.73 MW"
      }
    },
    {
      "type": "Feature",
      "geometry": {
        "type": "Point",
        "coordinates": [4.8993, 43.4452]
      },
      "properties": {
        "bright_ti4": 337.69,
        "scan": 0.33,
        "track": 0.55,
        "acq_date": "2026-09-17",
        "acq_time": "1323",
        "satellite": "N20",
        "instrument": "VIIRS",
        "confidence": "n",
        "version": "2.0NRT",
        "bright_ti5": 305.16,
        "frp": 1.82,
        "daynight": "D",
        "source_dataset": "VIIRS_NOAA20_NRT",
        "acq_datetime_utc": "2026-09-17T13:23:00Z",
        "age_hours": 32.4,
        "confidence_label": "nominal",
        "popup_label": "<strong>NASA FIRMS<\/strong><br>Sensor: VIIRS_NOAA20_NRT<br>Fecha UTC: 2026-09-17T13:23:00Z<br>Confianza: nominal<br>FRP: 1.82 MW"
      }
    },
    {
      "type": "Feature",
      "geometry": {
        "type": "Point",
        "coordinates": [4.9034, 43.4455]
      },
      "properties": {
        "bright_ti4": 334.84,
        "scan": 0.33,
        "track": 0.55,
        "acq_date": "2026-09-17",
        "acq_time": "1323",
        "satellite": "N20",
        "instrument": "VIIRS",
        "confidence": "n",
        "version": "2.0NRT",
        "bright_ti5": 303.52,
        "frp": 1.82,
        "daynight": "D",
        "source_dataset": "VIIRS_NOAA20_NRT",
        "acq_datetime_utc": "2026-09-17T13:23:00Z",
        "age_hours": 32.4,
        "confidence_label": "nominal",
        "popup_label": "<strong>NASA FIRMS<\/strong><br>Sensor: VIIRS_NOAA20_NRT<br>Fecha UTC: 2026-09-17T13:23:00Z<br>Confianza: nominal<br>FRP: 1.82 MW"
      }
    },
    {
      "type": "Feature",
      "geometry": {
        "type": "Point",
        "coordinates": [-0.5157, 28.1991]
      },
      "properties": {
        "bright_ti4": 346.87,
        "scan": 0.39,
        "track": 0.36,
        "acq_date": "2026-09-17",
        "acq_time": "1321",
        "satellite": "N20",
        "instrument": "VIIRS",
        "confidence": "l",
        "version": "2.0NRT",
        "bright_ti5": 319.47,
        "frp": 15.82,
        "daynight": "D",
        "source_dataset": "VIIRS_NOAA20_NRT",
        "acq_datetime_utc": "2026-09-17T13:21:00Z",
        "age_hours": 32.4,
        "confidence_label": "baja",
        "popup_label": "<strong>NASA FIRMS<\/strong><br>Sensor: VIIRS_NOAA20_NRT<br>Fecha UTC: 2026-09-17T13:21:00Z<br>Confianza: baja<br>FRP: 15.82 MW"
      }
    },
    {
      "type": "Feature",
      "geometry": {
        "type": "Point",
        "coordinates": [0.5916, 28.9634]
      },
      "properties": {
        "bright_ti4": 345.04,
        "scan": 0.43,
        "track": 0.38,
        "acq_date": "2026-09-17",
        "acq_time": "1321",
        "satellite": "N20",
        "instrument": "VIIRS",
        "confidence": "l",
        "version": "2.0NRT",
        "bright_ti5": 317.86,
        "frp": 5.72,
        "daynight": "D",
        "source_dataset": "VIIRS_NOAA20_NRT",
        "acq_datetime_utc": "2026-09-17T13:21:00Z",
        "age_hours": 32.4,
        "confidence_label": "baja",
        "popup_label": "<strong>NASA FIRMS<\/strong><br>Sensor: VIIRS_NOAA20_NRT<br>Fecha UTC: 2026-09-17T13:21:00Z<br>Confianza: baja<br>FRP: 5.72 MW"
      }
    },
    {
      "type": "Feature",
      "geometry": {
        "type": "Point",
        "coordinates": [4.0089, 32.401]
      },
      "properties": {
        "bright_ti4": 343.01,
        "scan": 0.45,
        "track": 0.47,
        "acq_date": "2026-09-17",
        "acq_time": "1321",
        "satellite": "N20",
        "instrument": "VIIRS",
        "confidence": "l",
        "version": "2.0NRT",
        "bright_ti5": 313.54,
        "frp": 17.12,
        "daynight": "D",
        "source_dataset": "VIIRS_NOAA20_NRT",
        "acq_datetime_utc": "2026-09-17T13:21:00Z",
        "age_hours": 32.4,
        "confidence_label": "baja",
        "popup_label": "<strong>NASA FIRMS<\/strong><br>Sensor: VIIRS_NOAA20_NRT<br>Fecha UTC: 2026-09-17T13:21:00Z<br>Confianza: baja<br>FRP: 17.12 MW"
      }
    },
    {
      "type": "Feature",
      "geometry": {
        "type": "Point",
        "coordinates": [4.006, 32.4034]
      },
      "properties": {
        "bright_ti4": 354.56,
        "scan": 0.45,
        "track": 0.47,
        "acq_date": "2026-09-17",
        "acq_time": "1321",
        "satellite": "N20",
        "instrument": "VIIRS",
        "confidence": "n",
        "version": "2.0NRT",
        "bright_ti5": 312.78,
        "frp": 14.73,
        "daynight": "D",
        "source_dataset": "VIIRS_NOAA20_NRT",
        "acq_datetime_utc": "2026-09-17T13:21:00Z",
        "age_hours": 32.4,
        "confidence_label": "nominal",
        "popup_label": "<strong>NASA FIRMS<\/strong><br>Sensor: VIIRS_NOAA20_NRT<br>Fecha UTC: 2026-09-17T13:21:00Z<br>Confianza: nominal<br>FRP: 14.73 MW"
      }
    },
    {
      "type": "Feature",
      "geometry": {
        "type": "Point",
        "coordinates": [-6.6216, 32.5472]
      },
      "properties": {
        "bright_ti4": 346.57,
        "scan": 0.46,
        "track": 0.39,
        "acq_date": "2026-09-17",
        "acq_time": "1321",
        "satellite": "N20",
        "instrument": "VIIRS",
        "confidence": "n",
        "version": "2.0NRT",
        "bright_ti5": 312.26,
        "frp": 7.99,
        "daynight": "D",
        "source_dataset": "VIIRS_NOAA20_NRT",
        "acq_datetime_utc": "2026-09-17T13:21:00Z",
        "age_hours": 32.4,
        "confidence_label": "nominal",
        "popup_label": "<strong>NASA FIRMS<\/strong><br>Sensor: VIIRS_NOAA20_NRT<br>Fecha UTC: 2026-09-17T13:21:00Z<br>Confianza: nominal<br>FRP: 7.99 MW"
      }
    },
    {
      "type": "Feature",
      "geometry": {
        "type": "Point",
        "coordinates": [3.3937, 32.8436]
      },
      "properties": {
        "bright_ti4": 337.75,
        "scan": 0.42,
        "track": 0.45,
        "acq_date": "2026-09-17",
        "acq_time": "1321",
        "satellite": "N20",
        "instrument": "VIIRS",
        "confidence": "n",
        "version": "2.0NRT",
        "bright_ti5": 297.25,
        "frp": 1.81,
        "daynight": "D",
        "source_dataset": "VIIRS_NOAA20_NRT",
        "acq_datetime_utc": "2026-09-17T13:21:00Z",
        "age_hours": 32.4,
        "confidence_label": "nominal",
        "popup_label": "<strong>NASA FIRMS<\/strong><br>Sensor: VIIRS_NOAA20_NRT<br>Fecha UTC: 2026-09-17T13:21:00Z<br>Confianza: nominal<br>FRP: 1.81 MW"
      }
    },
    {
      "type": "Feature",
      "geometry": {
        "type": "Point",
        "coordinates": [-7.7028, 33.5731]
      },
      "properties": {
        "bright_ti4": 330.45,
        "scan": 0.49,
        "track": 0.4,
        "acq_date": "2026-09-17",
        "acq_time": "1321",
        "satellite": "N20",
        "instrument": "VIIRS",
        "confidence": "n",
        "version": "2.0NRT",
        "bright_ti5": 305.12,
        "frp": 2.15,
        "daynight": "D",
        "source_dataset": "VIIRS_NOAA20_NRT",
        "acq_datetime_utc": "2026-09-17T13:21:00Z",
        "age_hours": 32.4,
        "confidence_label": "nominal",
        "popup_label": "<strong>NASA FIRMS<\/strong><br>Sensor: VIIRS_NOAA20_NRT<br>Fecha UTC: 2026-09-17T13:21:00Z<br>Confianza: nominal<br>FRP: 2.15 MW"
      }
    },
    {
      "type": "Feature",
      "geometry": {
        "type": "Point",
        "coordinates": [-6.1032, 34.6041]
      },
      "properties": {
        "bright_ti4": 340.06,
        "scan": 0.42,
        "track": 0.37,
        "acq_date": "2026-09-17",
        "acq_time": "1321",
        "satellite": "N20",
        "instrument": "VIIRS",
        "confidence": "n",
        "version": "2.0NRT",
        "bright_ti5": 306.73,
        "frp": 4.56,
        "daynight": "D",
        "source_dataset": "VIIRS_NOAA20_NRT",
        "acq_datetime_utc": "2026-09-17T13:21:00Z",
        "age_hours": 32.4,
        "confidence_label": "nominal",
        "popup_label": "<strong>NASA FIRMS<\/strong><br>Sensor: VIIRS_NOAA20_NRT<br>Fecha UTC: 2026-09-17T13:21:00Z<br>Confianza: nominal<br>FRP: 4.56 MW"
      }
    },
    {
      "type": "Feature",
      "geometry": {
        "type": "Point",
        "coordinates": [4.9992, 35.9635]
      },
      "properties": {
        "bright_ti4": 337.09,
        "scan": 0.56,
        "track": 0.52,
        "acq_date": "2026-09-17",
        "acq_time": "1321",
        "satellite": "N20",
        "instrument": "VIIRS",
        "confidence": "n",
        "version": "2.0NRT",
        "bright_ti5": 305.54,
        "frp": 9.75,
        "daynight": "D",
        "source_dataset": "VIIRS_NOAA20_NRT",
        "acq_datetime_utc": "2026-09-17T13:21:00Z",
        "age_hours": 32.4,
        "confidence_label": "nominal",
        "popup_label": "<strong>NASA FIRMS<\/strong><br>Sensor: VIIRS_NOAA20_NRT<br>Fecha UTC: 2026-09-17T13:21:00Z<br>Confianza: nominal<br>FRP: 9.75 MW"
      }
    },
    {
      "type": "Feature",
      "geometry": {
        "type": "Point",
        "coordinates": [1.9185, 27.029]
      },
      "properties": {
        "bright_ti4": 367,
        "scan": 0.46,
        "track": 0.39,
        "acq_date": "2026-09-17",
        "acq_time": "1318",
        "satellite": "N20",
        "instrument": "VIIRS",
        "confidence": "l",
        "version": "2.0NRT",
        "bright_ti5": 326.43,
        "frp": 75.61,
        "daynight": "D",
        "source_dataset": "VIIRS_NOAA20_NRT",
        "acq_datetime_utc": "2026-09-17T13:18:00Z",
        "age_hours": 32.5,
        "confidence_label": "baja",
        "popup_label": "<strong>NASA FIRMS<\/strong><br>Sensor: VIIRS_NOAA20_NRT<br>Fecha UTC: 2026-09-17T13:18:00Z<br>Confianza: baja<br>FRP: 75.61 MW"
      }
    },
    {
      "type": "Feature",
      "geometry": {
        "type": "Point",
        "coordinates": [1.9179, 27.0326]
      },
      "properties": {
        "bright_ti4": 367,
        "scan": 0.46,
        "track": 0.39,
        "acq_date": "2026-09-17",
        "acq_time": "1318",
        "satellite": "N20",
        "instrument": "VIIRS",
        "confidence": "h",
        "version": "2.0NRT",
        "bright_ti5": 339.38,
        "frp": 75.61,
        "daynight": "D",
        "source_dataset": "VIIRS_NOAA20_NRT",
        "acq_datetime_utc": "2026-09-17T13:18:00Z",
        "age_hours": 32.5,
        "confidence_label": "alta",
        "popup_label": "<strong>NASA FIRMS<\/strong><br>Sensor: VIIRS_NOAA20_NRT<br>Fecha UTC: 2026-09-17T13:18:00Z<br>Confianza: alta<br>FRP: 75.61 MW"
      }
    },
    {
      "type": "Feature",
      "geometry": {
        "type": "Point",
        "coordinates": [-9.0108, 38.9228]
      },
      "properties": {
        "bright_ti4": 298.58,
        "scan": 0.64,
        "track": 0.72,
        "acq_date": "2026-09-17",
        "acq_time": "0340",
        "satellite": "N20",
        "instrument": "VIIRS",
        "confidence": "n",
        "version": "2.0NRT",
        "bright_ti5": 285.28,
        "frp": 1,
        "daynight": "N",
        "source_dataset": "VIIRS_NOAA20_NRT",
        "acq_datetime_utc": "2026-09-17T03:40:00Z",
        "age_hours": 42.1,
        "confidence_label": "nominal",
        "popup_label": "<strong>NASA FIRMS<\/strong><br>Sensor: VIIRS_NOAA20_NRT<br>Fecha UTC: 2026-09-17T03:40:00Z<br>Confianza: nominal<br>FRP: 1 MW"
      }
    },
    {
      "type": "Feature",
      "geometry": {
        "type": "Point",
        "coordinates": [-8.9066, 39.6878]
      },
      "properties": {
        "bright_ti4": 298.22,
        "scan": 0.61,
        "track": 0.71,
        "acq_date": "2026-09-17",
        "acq_time": "0340",
        "satellite": "N20",
        "instrument": "VIIRS",
        "confidence": "n",
        "version": "2.0NRT",
        "bright_ti5": 286.67,
        "frp": 1.23,
        "daynight": "N",
        "source_dataset": "VIIRS_NOAA20_NRT",
        "acq_datetime_utc": "2026-09-17T03:40:00Z",
        "age_hours": 42.1,
        "confidence_label": "nominal",
        "popup_label": "<strong>NASA FIRMS<\/strong><br>Sensor: VIIRS_NOAA20_NRT<br>Fecha UTC: 2026-09-17T03:40:00Z<br>Confianza: nominal<br>FRP: 1.23 MW"
      }
    },
    {
      "type": "Feature",
      "geometry": {
        "type": "Point",
        "coordinates": [-8.9069, 39.6884]
      },
      "properties": {
        "bright_ti4": 298.33,
        "scan": 0.61,
        "track": 0.71,
        "acq_date": "2026-09-17",
        "acq_time": "0340",
        "satellite": "N20",
        "instrument": "VIIRS",
        "confidence": "n",
        "version": "2.0NRT",
        "bright_ti5": 286.04,
        "frp": 1.32,
        "daynight": "N",
        "source_dataset": "VIIRS_NOAA20_NRT",
        "acq_datetime_utc": "2026-09-17T03:40:00Z",
        "age_hours": 42.1,
        "confidence_label": "nominal",
        "popup_label": "<strong>NASA FIRMS<\/strong><br>Sensor: VIIRS_NOAA20_NRT<br>Fecha UTC: 2026-09-17T03:40:00Z<br>Confianza: nominal<br>FRP: 1.32 MW"
      }
    },
    {
      "type": "Feature",
      "geometry": {
        "type": "Point",
        "coordinates": [-6.9743, 41.048]
      },
      "properties": {
        "bright_ti4": 297.01,
        "scan": 0.69,
        "track": 0.74,
        "acq_date": "2026-09-17",
        "acq_time": "0340",
        "satellite": "N20",
        "instrument": "VIIRS",
        "confidence": "n",
        "version": "2.0NRT",
        "bright_ti5": 284.39,
        "frp": 0.75,
        "daynight": "N",
        "source_dataset": "VIIRS_NOAA20_NRT",
        "acq_datetime_utc": "2026-09-17T03:40:00Z",
        "age_hours": 42.1,
        "confidence_label": "nominal",
        "popup_label": "<strong>NASA FIRMS<\/strong><br>Sensor: VIIRS_NOAA20_NRT<br>Fecha UTC: 2026-09-17T03:40:00Z<br>Confianza: nominal<br>FRP: 0.75 MW"
      }
    },
    {
      "type": "Feature",
      "geometry": {
        "type": "Point",
        "coordinates": [-8.0315, 41.4879]
      },
      "properties": {
        "bright_ti4": 339.54,
        "scan": 0.59,
        "track": 0.7,
        "acq_date": "2026-09-17",
        "acq_time": "0340",
        "satellite": "N20",
        "instrument": "VIIRS",
        "confidence": "n",
        "version": "2.0NRT",
        "bright_ti5": 284.77,
        "frp": 6.17,
        "daynight": "N",
        "source_dataset": "VIIRS_NOAA20_NRT",
        "acq_datetime_utc": "2026-09-17T03:40:00Z",
        "age_hours": 42.1,
        "confidence_label": "nominal",
        "popup_label": "<strong>NASA FIRMS<\/strong><br>Sensor: VIIRS_NOAA20_NRT<br>Fecha UTC: 2026-09-17T03:40:00Z<br>Confianza: nominal<br>FRP: 6.17 MW"
      }
    },
    {
      "type": "Feature",
      "geometry": {
        "type": "Point",
        "coordinates": [-8.3344, 41.7347]
      },
      "properties": {
        "bright_ti4": 309.21,
        "scan": 0.56,
        "track": 0.69,
        "acq_date": "2026-09-17",
        "acq_time": "0340",
        "satellite": "N20",
        "instrument": "VIIRS",
        "confidence": "n",
        "version": "2.0NRT",
        "bright_ti5": 285.53,
        "frp": 4.68,
        "daynight": "N",
        "source_dataset": "VIIRS_NOAA20_NRT",
        "acq_datetime_utc": "2026-09-17T03:40:00Z",
        "age_hours": 42.1,
        "confidence_label": "nominal",
        "popup_label": "<strong>NASA FIRMS<\/strong><br>Sensor: VIIRS_NOAA20_NRT<br>Fecha UTC: 2026-09-17T03:40:00Z<br>Confianza: nominal<br>FRP: 4.68 MW"
      }
    },
    {
      "type": "Feature",
      "geometry": {
        "type": "Point",
        "coordinates": [-8.3449, 41.7381]
      },
      "properties": {
        "bright_ti4": 337.35,
        "scan": 0.56,
        "track": 0.69,
        "acq_date": "2026-09-17",
        "acq_time": "0340",
        "satellite": "N20",
        "instrument": "VIIRS",
        "confidence": "n",
        "version": "2.0NRT",
        "bright_ti5": 283.03,
        "frp": 4.68,
        "daynight": "N",
        "source_dataset": "VIIRS_NOAA20_NRT",
        "acq_datetime_utc": "2026-09-17T03:40:00Z",
        "age_hours": 42.1,
        "confidence_label": "nominal",
        "popup_label": "<strong>NASA FIRMS<\/strong><br>Sensor: VIIRS_NOAA20_NRT<br>Fecha UTC: 2026-09-17T03:40:00Z<br>Confianza: nominal<br>FRP: 4.68 MW"
      }
    },
    {
      "type": "Feature",
      "geometry": {
        "type": "Point",
        "coordinates": [-0.515, 28.2008]
      },
      "properties": {
        "bright_ti4": 304.48,
        "scan": 0.44,
        "track": 0.38,
        "acq_date": "2026-09-17",
        "acq_time": "0204",
        "satellite": "N20",
        "instrument": "VIIRS",
        "confidence": "n",
        "version": "2.0NRT",
        "bright_ti5": 294.43,
        "frp": 1.51,
        "daynight": "N",
        "source_dataset": "VIIRS_NOAA20_NRT",
        "acq_datetime_utc": "2026-09-17T02:04:00Z",
        "age_hours": 43.7,
        "confidence_label": "nominal",
        "popup_label": "<strong>NASA FIRMS<\/strong><br>Sensor: VIIRS_NOAA20_NRT<br>Fecha UTC: 2026-09-17T02:04:00Z<br>Confianza: nominal<br>FRP: 1.51 MW"
      }
    },
    {
      "type": "Feature",
      "geometry": {
        "type": "Point",
        "coordinates": [-0.5194, 28.2016]
      },
      "properties": {
        "bright_ti4": 324.84,
        "scan": 0.44,
        "track": 0.38,
        "acq_date": "2026-09-17",
        "acq_time": "0204",
        "satellite": "N20",
        "instrument": "VIIRS",
        "confidence": "n",
        "version": "2.0NRT",
        "bright_ti5": 294.14,
        "frp": 1.91,
        "daynight": "N",
        "source_dataset": "VIIRS_NOAA20_NRT",
        "acq_datetime_utc": "2026-09-17T02:04:00Z",
        "age_hours": 43.7,
        "confidence_label": "nominal",
        "popup_label": "<strong>NASA FIRMS<\/strong><br>Sensor: VIIRS_NOAA20_NRT<br>Fecha UTC: 2026-09-17T02:04:00Z<br>Confianza: nominal<br>FRP: 1.91 MW"
      }
    },
    {
      "type": "Feature",
      "geometry": {
        "type": "Point",
        "coordinates": [3.1677, 32.5545]
      },
      "properties": {
        "bright_ti4": 296.95,
        "scan": 0.55,
        "track": 0.43,
        "acq_date": "2026-09-17",
        "acq_time": "0202",
        "satellite": "N20",
        "instrument": "VIIRS",
        "confidence": "n",
        "version": "2.0NRT",
        "bright_ti5": 273.3,
        "frp": 1.56,
        "daynight": "N",
        "source_dataset": "VIIRS_NOAA20_NRT",
        "acq_datetime_utc": "2026-09-17T02:02:00Z",
        "age_hours": 43.8,
        "confidence_label": "nominal",
        "popup_label": "<strong>NASA FIRMS<\/strong><br>Sensor: VIIRS_NOAA20_NRT<br>Fecha UTC: 2026-09-17T02:02:00Z<br>Confianza: nominal<br>FRP: 1.56 MW"
      }
    },
    {
      "type": "Feature",
      "geometry": {
        "type": "Point",
        "coordinates": [3.239, 32.8384]
      },
      "properties": {
        "bright_ti4": 308.38,
        "scan": 0.55,
        "track": 0.42,
        "acq_date": "2026-09-17",
        "acq_time": "0202",
        "satellite": "N20",
        "instrument": "VIIRS",
        "confidence": "n",
        "version": "2.0NRT",
        "bright_ti5": 290.93,
        "frp": 0.94,
        "daynight": "N",
        "source_dataset": "VIIRS_NOAA20_NRT",
        "acq_datetime_utc": "2026-09-17T02:02:00Z",
        "age_hours": 43.8,
        "confidence_label": "nominal",
        "popup_label": "<strong>NASA FIRMS<\/strong><br>Sensor: VIIRS_NOAA20_NRT<br>Fecha UTC: 2026-09-17T02:02:00Z<br>Confianza: nominal<br>FRP: 0.94 MW"
      }
    },
    {
      "type": "Feature",
      "geometry": {
        "type": "Point",
        "coordinates": [3.2303, 32.9302]
      },
      "properties": {
        "bright_ti4": 303.26,
        "scan": 0.54,
        "track": 0.42,
        "acq_date": "2026-09-17",
        "acq_time": "0202",
        "satellite": "N20",
        "instrument": "VIIRS",
        "confidence": "n",
        "version": "2.0NRT",
        "bright_ti5": 291.33,
        "frp": 1.21,
        "daynight": "N",
        "source_dataset": "VIIRS_NOAA20_NRT",
        "acq_datetime_utc": "2026-09-17T02:02:00Z",
        "age_hours": 43.8,
        "confidence_label": "nominal",
        "popup_label": "<strong>NASA FIRMS<\/strong><br>Sensor: VIIRS_NOAA20_NRT<br>Fecha UTC: 2026-09-17T02:02:00Z<br>Confianza: nominal<br>FRP: 1.21 MW"
      }
    },
    {
      "type": "Feature",
      "geometry": {
        "type": "Point",
        "coordinates": [3.2325, 32.9378]
      },
      "properties": {
        "bright_ti4": 305.7,
        "scan": 0.54,
        "track": 0.42,
        "acq_date": "2026-09-17",
        "acq_time": "0202",
        "satellite": "N20",
        "instrument": "VIIRS",
        "confidence": "n",
        "version": "2.0NRT",
        "bright_ti5": 292.02,
        "frp": 1.36,
        "daynight": "N",
        "source_dataset": "VIIRS_NOAA20_NRT",
        "acq_datetime_utc": "2026-09-17T02:02:00Z",
        "age_hours": 43.8,
        "confidence_label": "nominal",
        "popup_label": "<strong>NASA FIRMS<\/strong><br>Sensor: VIIRS_NOAA20_NRT<br>Fecha UTC: 2026-09-17T02:02:00Z<br>Confianza: nominal<br>FRP: 1.36 MW"
      }
    },
    {
      "type": "Feature",
      "geometry": {
        "type": "Point",
        "coordinates": [3.229, 32.9465]
      },
      "properties": {
        "bright_ti4": 305.13,
        "scan": 0.54,
        "track": 0.42,
        "acq_date": "2026-09-17",
        "acq_time": "0202",
        "satellite": "N20",
        "instrument": "VIIRS",
        "confidence": "n",
        "version": "2.0NRT",
        "bright_ti5": 291.01,
        "frp": 1.37,
        "daynight": "N",
        "source_dataset": "VIIRS_NOAA20_NRT",
        "acq_datetime_utc": "2026-09-17T02:02:00Z",
        "age_hours": 43.8,
        "confidence_label": "nominal",
        "popup_label": "<strong>NASA FIRMS<\/strong><br>Sensor: VIIRS_NOAA20_NRT<br>Fecha UTC: 2026-09-17T02:02:00Z<br>Confianza: nominal<br>FRP: 1.37 MW"
      }
    },
    {
      "type": "Feature",
      "geometry": {
        "type": "Point",
        "coordinates": [3.2233, 32.9477]
      },
      "properties": {
        "bright_ti4": 307.36,
        "scan": 0.54,
        "track": 0.42,
        "acq_date": "2026-09-17",
        "acq_time": "0202",
        "satellite": "N20",
        "instrument": "VIIRS",
        "confidence": "n",
        "version": "2.0NRT",
        "bright_ti5": 291.19,
        "frp": 1.25,
        "daynight": "N",
        "source_dataset": "VIIRS_NOAA20_NRT",
        "acq_datetime_utc": "2026-09-17T02:02:00Z",
        "age_hours": 43.8,
        "confidence_label": "nominal",
        "popup_label": "<strong>NASA FIRMS<\/strong><br>Sensor: VIIRS_NOAA20_NRT<br>Fecha UTC: 2026-09-17T02:02:00Z<br>Confianza: nominal<br>FRP: 1.25 MW"
      }
    },
    {
      "type": "Feature",
      "geometry": {
        "type": "Point",
        "coordinates": [3.23, 32.9503]
      },
      "properties": {
        "bright_ti4": 307.81,
        "scan": 0.54,
        "track": 0.42,
        "acq_date": "2026-09-17",
        "acq_time": "0202",
        "satellite": "N20",
        "instrument": "VIIRS",
        "confidence": "n",
        "version": "2.0NRT",
        "bright_ti5": 290.86,
        "frp": 0.83,
        "daynight": "N",
        "source_dataset": "VIIRS_NOAA20_NRT",
        "acq_datetime_utc": "2026-09-17T02:02:00Z",
        "age_hours": 43.8,
        "confidence_label": "nominal",
        "popup_label": "<strong>NASA FIRMS<\/strong><br>Sensor: VIIRS_NOAA20_NRT<br>Fecha UTC: 2026-09-17T02:02:00Z<br>Confianza: nominal<br>FRP: 0.83 MW"
      }
    },
    {
      "type": "Feature",
      "geometry": {
        "type": "Point",
        "coordinates": [3.3187, 33.1246]
      },
      "properties": {
        "bright_ti4": 300.67,
        "scan": 0.54,
        "track": 0.42,
        "acq_date": "2026-09-17",
        "acq_time": "0202",
        "satellite": "N20",
        "instrument": "VIIRS",
        "confidence": "n",
        "version": "2.0NRT",
        "bright_ti5": 287.8,
        "frp": 1.29,
        "daynight": "N",
        "source_dataset": "VIIRS_NOAA20_NRT",
        "acq_datetime_utc": "2026-09-17T02:02:00Z",
        "age_hours": 43.8,
        "confidence_label": "nominal",
        "popup_label": "<strong>NASA FIRMS<\/strong><br>Sensor: VIIRS_NOAA20_NRT<br>Fecha UTC: 2026-09-17T02:02:00Z<br>Confianza: nominal<br>FRP: 1.29 MW"
      }
    },
    {
      "type": "Feature",
      "geometry": {
        "type": "Point",
        "coordinates": [3.3198, 33.1284]
      },
      "properties": {
        "bright_ti4": 312.24,
        "scan": 0.54,
        "track": 0.42,
        "acq_date": "2026-09-17",
        "acq_time": "0202",
        "satellite": "N20",
        "instrument": "VIIRS",
        "confidence": "n",
        "version": "2.0NRT",
        "bright_ti5": 290.1,
        "frp": 2.5,
        "daynight": "N",
        "source_dataset": "VIIRS_NOAA20_NRT",
        "acq_datetime_utc": "2026-09-17T02:02:00Z",
        "age_hours": 43.8,
        "confidence_label": "nominal",
        "popup_label": "<strong>NASA FIRMS<\/strong><br>Sensor: VIIRS_NOAA20_NRT<br>Fecha UTC: 2026-09-17T02:02:00Z<br>Confianza: nominal<br>FRP: 2.5 MW"
      }
    },
    {
      "type": "Feature",
      "geometry": {
        "type": "Point",
        "coordinates": [3.371, 33.1381]
      },
      "properties": {
        "bright_ti4": 298.24,
        "scan": 0.55,
        "track": 0.42,
        "acq_date": "2026-09-17",
        "acq_time": "0202",
        "satellite": "N20",
        "instrument": "VIIRS",
        "confidence": "n",
        "version": "2.0NRT",
        "bright_ti5": 283.53,
        "frp": 2.11,
        "daynight": "N",
        "source_dataset": "VIIRS_NOAA20_NRT",
        "acq_datetime_utc": "2026-09-17T02:02:00Z",
        "age_hours": 43.8,
        "confidence_label": "nominal",
        "popup_label": "<strong>NASA FIRMS<\/strong><br>Sensor: VIIRS_NOAA20_NRT<br>Fecha UTC: 2026-09-17T02:02:00Z<br>Confianza: nominal<br>FRP: 2.11 MW"
      }
    },
    {
      "type": "Feature",
      "geometry": {
        "type": "Point",
        "coordinates": [-7.5538, 33.5097]
      },
      "properties": {
        "bright_ti4": 309.43,
        "scan": 0.56,
        "track": 0.43,
        "acq_date": "2026-09-17",
        "acq_time": "0202",
        "satellite": "N20",
        "instrument": "VIIRS",
        "confidence": "n",
        "version": "2.0NRT",
        "bright_ti5": 289.65,
        "frp": 1.63,
        "daynight": "N",
        "source_dataset": "VIIRS_NOAA20_NRT",
        "acq_datetime_utc": "2026-09-17T02:02:00Z",
        "age_hours": 43.8,
        "confidence_label": "nominal",
        "popup_label": "<strong>NASA FIRMS<\/strong><br>Sensor: VIIRS_NOAA20_NRT<br>Fecha UTC: 2026-09-17T02:02:00Z<br>Confianza: nominal<br>FRP: 1.63 MW"
      }
    },
    {
      "type": "Feature",
      "geometry": {
        "type": "Point",
        "coordinates": [-7.5529, 33.5122]
      },
      "properties": {
        "bright_ti4": 308.4,
        "scan": 0.56,
        "track": 0.43,
        "acq_date": "2026-09-17",
        "acq_time": "0202",
        "satellite": "N20",
        "instrument": "VIIRS",
        "confidence": "n",
        "version": "2.0NRT",
        "bright_ti5": 289.53,
        "frp": 1.6,
        "daynight": "N",
        "source_dataset": "VIIRS_NOAA20_NRT",
        "acq_datetime_utc": "2026-09-17T02:02:00Z",
        "age_hours": 43.8,
        "confidence_label": "nominal",
        "popup_label": "<strong>NASA FIRMS<\/strong><br>Sensor: VIIRS_NOAA20_NRT<br>Fecha UTC: 2026-09-17T02:02:00Z<br>Confianza: nominal<br>FRP: 1.6 MW"
      }
    },
    {
      "type": "Feature",
      "geometry": {
        "type": "Point",
        "coordinates": [-2.3465, 34.5969]
      },
      "properties": {
        "bright_ti4": 311.95,
        "scan": 0.39,
        "track": 0.36,
        "acq_date": "2026-09-17",
        "acq_time": "0202",
        "satellite": "N20",
        "instrument": "VIIRS",
        "confidence": "n",
        "version": "2.0NRT",
        "bright_ti5": 291.59,
        "frp": 1.27,
        "daynight": "N",
        "source_dataset": "VIIRS_NOAA20_NRT",
        "acq_datetime_utc": "2026-09-17T02:02:00Z",
        "age_hours": 43.8,
        "confidence_label": "nominal",
        "popup_label": "<strong>NASA FIRMS<\/strong><br>Sensor: VIIRS_NOAA20_NRT<br>Fecha UTC: 2026-09-17T02:02:00Z<br>Confianza: nominal<br>FRP: 1.27 MW"
      }
    },
    {
      "type": "Feature",
      "geometry": {
        "type": "Point",
        "coordinates": [-0.273, 35.5318]
      },
      "properties": {
        "bright_ti4": 304.56,
        "scan": 0.39,
        "track": 0.36,
        "acq_date": "2026-09-17",
        "acq_time": "0202",
        "satellite": "N20",
        "instrument": "VIIRS",
        "confidence": "n",
        "version": "2.0NRT",
        "bright_ti5": 291.88,
        "frp": 0.83,
        "daynight": "N",
        "source_dataset": "VIIRS_NOAA20_NRT",
        "acq_datetime_utc": "2026-09-17T02:02:00Z",
        "age_hours": 43.8,
        "confidence_label": "nominal",
        "popup_label": "<strong>NASA FIRMS<\/strong><br>Sensor: VIIRS_NOAA20_NRT<br>Fecha UTC: 2026-09-17T02:02:00Z<br>Confianza: nominal<br>FRP: 0.83 MW"
      }
    },
    {
      "type": "Feature",
      "geometry": {
        "type": "Point",
        "coordinates": [-0.2773, 35.5325]
      },
      "properties": {
        "bright_ti4": 306.39,
        "scan": 0.39,
        "track": 0.36,
        "acq_date": "2026-09-17",
        "acq_time": "0202",
        "satellite": "N20",
        "instrument": "VIIRS",
        "confidence": "n",
        "version": "2.0NRT",
        "bright_ti5": 291.66,
        "frp": 0.83,
        "daynight": "N",
        "source_dataset": "VIIRS_NOAA20_NRT",
        "acq_datetime_utc": "2026-09-17T02:02:00Z",
        "age_hours": 43.8,
        "confidence_label": "nominal",
        "popup_label": "<strong>NASA FIRMS<\/strong><br>Sensor: VIIRS_NOAA20_NRT<br>Fecha UTC: 2026-09-17T02:02:00Z<br>Confianza: nominal<br>FRP: 0.83 MW"
      }
    },
    {
      "type": "Feature",
      "geometry": {
        "type": "Point",
        "coordinates": [-5.4344, 35.6029]
      },
      "properties": {
        "bright_ti4": 299.69,
        "scan": 0.47,
        "track": 0.4,
        "acq_date": "2026-09-17",
        "acq_time": "0202",
        "satellite": "N20",
        "instrument": "VIIRS",
        "confidence": "n",
        "version": "2.0NRT",
        "bright_ti5": 287.73,
        "frp": 0.8,
        "daynight": "N",
        "source_dataset": "VIIRS_NOAA20_NRT",
        "acq_datetime_utc": "2026-09-17T02:02:00Z",
        "age_hours": 43.8,
        "confidence_label": "nominal",
        "popup_label": "<strong>NASA FIRMS<\/strong><br>Sensor: VIIRS_NOAA20_NRT<br>Fecha UTC: 2026-09-17T02:02:00Z<br>Confianza: nominal<br>FRP: 0.8 MW"
      }
    },
    {
      "type": "Feature",
      "geometry": {
        "type": "Point",
        "coordinates": [-0.265, 35.7625]
      },
      "properties": {
        "bright_ti4": 305.38,
        "scan": 0.39,
        "track": 0.36,
        "acq_date": "2026-09-17",
        "acq_time": "0202",
        "satellite": "N20",
        "instrument": "VIIRS",
        "confidence": "n",
        "version": "2.0NRT",
        "bright_ti5": 293.91,
        "frp": 1.39,
        "daynight": "N",
        "source_dataset": "VIIRS_NOAA20_NRT",
        "acq_datetime_utc": "2026-09-17T02:02:00Z",
        "age_hours": 43.8,
        "confidence_label": "nominal",
        "popup_label": "<strong>NASA FIRMS<\/strong><br>Sensor: VIIRS_NOAA20_NRT<br>Fecha UTC: 2026-09-17T02:02:00Z<br>Confianza: nominal<br>FRP: 1.39 MW"
      }
    },
    {
      "type": "Feature",
      "geometry": {
        "type": "Point",
        "coordinates": [-0.2676, 35.7698]
      },
      "properties": {
        "bright_ti4": 307.11,
        "scan": 0.39,
        "track": 0.36,
        "acq_date": "2026-09-17",
        "acq_time": "0202",
        "satellite": "N20",
        "instrument": "VIIRS",
        "confidence": "n",
        "version": "2.0NRT",
        "bright_ti5": 293.81,
        "frp": 1.85,
        "daynight": "N",
        "source_dataset": "VIIRS_NOAA20_NRT",
        "acq_datetime_utc": "2026-09-17T02:02:00Z",
        "age_hours": 43.8,
        "confidence_label": "nominal",
        "popup_label": "<strong>NASA FIRMS<\/strong><br>Sensor: VIIRS_NOAA20_NRT<br>Fecha UTC: 2026-09-17T02:02:00Z<br>Confianza: nominal<br>FRP: 1.85 MW"
      }
    },
    {
      "type": "Feature",
      "geometry": {
        "type": "Point",
        "coordinates": [-0.2457, 35.8038]
      },
      "properties": {
        "bright_ti4": 305.49,
        "scan": 0.39,
        "track": 0.36,
        "acq_date": "2026-09-17",
        "acq_time": "0202",
        "satellite": "N20",
        "instrument": "VIIRS",
        "confidence": "n",
        "version": "2.0NRT",
        "bright_ti5": 291.89,
        "frp": 0.85,
        "daynight": "N",
        "source_dataset": "VIIRS_NOAA20_NRT",
        "acq_datetime_utc": "2026-09-17T02:02:00Z",
        "age_hours": 43.8,
        "confidence_label": "nominal",
        "popup_label": "<strong>NASA FIRMS<\/strong><br>Sensor: VIIRS_NOAA20_NRT<br>Fecha UTC: 2026-09-17T02:02:00Z<br>Confianza: nominal<br>FRP: 0.85 MW"
      }
    },
    {
      "type": "Feature",
      "geometry": {
        "type": "Point",
        "coordinates": [-0.2406, 35.8064]
      },
      "properties": {
        "bright_ti4": 306.15,
        "scan": 0.39,
        "track": 0.36,
        "acq_date": "2026-09-17",
        "acq_time": "0202",
        "satellite": "N20",
        "instrument": "VIIRS",
        "confidence": "n",
        "version": "2.0NRT",
        "bright_ti5": 293.17,
        "frp": 1.56,
        "daynight": "N",
        "source_dataset": "VIIRS_NOAA20_NRT",
        "acq_datetime_utc": "2026-09-17T02:02:00Z",
        "age_hours": 43.8,
        "confidence_label": "nominal",
        "popup_label": "<strong>NASA FIRMS<\/strong><br>Sensor: VIIRS_NOAA20_NRT<br>Fecha UTC: 2026-09-17T02:02:00Z<br>Confianza: nominal<br>FRP: 1.56 MW"
      }
    },
    {
      "type": "Feature",
      "geometry": {
        "type": "Point",
        "coordinates": [-0.2449, 35.8071]
      },
      "properties": {
        "bright_ti4": 304.65,
        "scan": 0.39,
        "track": 0.36,
        "acq_date": "2026-09-17",
        "acq_time": "0202",
        "satellite": "N20",
        "instrument": "VIIRS",
        "confidence": "n",
        "version": "2.0NRT",
        "bright_ti5": 292.6,
        "frp": 0.85,
        "daynight": "N",
        "source_dataset": "VIIRS_NOAA20_NRT",
        "acq_datetime_utc": "2026-09-17T02:02:00Z",
        "age_hours": 43.8,
        "confidence_label": "nominal",
        "popup_label": "<strong>NASA FIRMS<\/strong><br>Sensor: VIIRS_NOAA20_NRT<br>Fecha UTC: 2026-09-17T02:02:00Z<br>Confianza: nominal<br>FRP: 0.85 MW"
      }
    },
    {
      "type": "Feature",
      "geometry": {
        "type": "Point",
        "coordinates": [-0.2356, 35.809]
      },
      "properties": {
        "bright_ti4": 336.46,
        "scan": 0.39,
        "track": 0.36,
        "acq_date": "2026-09-17",
        "acq_time": "0202",
        "satellite": "N20",
        "instrument": "VIIRS",
        "confidence": "n",
        "version": "2.0NRT",
        "bright_ti5": 293.41,
        "frp": 1.88,
        "daynight": "N",
        "source_dataset": "VIIRS_NOAA20_NRT",
        "acq_datetime_utc": "2026-09-17T02:02:00Z",
        "age_hours": 43.8,
        "confidence_label": "nominal",
        "popup_label": "<strong>NASA FIRMS<\/strong><br>Sensor: VIIRS_NOAA20_NRT<br>Fecha UTC: 2026-09-17T02:02:00Z<br>Confianza: nominal<br>FRP: 1.88 MW"
      }
    },
    {
      "type": "Feature",
      "geometry": {
        "type": "Point",
        "coordinates": [-0.2577, 35.8092]
      },
      "properties": {
        "bright_ti4": 306.77,
        "scan": 0.39,
        "track": 0.36,
        "acq_date": "2026-09-17",
        "acq_time": "0202",
        "satellite": "N20",
        "instrument": "VIIRS",
        "confidence": "n",
        "version": "2.0NRT",
        "bright_ti5": 292.89,
        "frp": 0.95,
        "daynight": "N",
        "source_dataset": "VIIRS_NOAA20_NRT",
        "acq_datetime_utc": "2026-09-17T02:02:00Z",
        "age_hours": 43.8,
        "confidence_label": "nominal",
        "popup_label": "<strong>NASA FIRMS<\/strong><br>Sensor: VIIRS_NOAA20_NRT<br>Fecha UTC: 2026-09-17T02:02:00Z<br>Confianza: nominal<br>FRP: 0.95 MW"
      }
    },
    {
      "type": "Feature",
      "geometry": {
        "type": "Point",
        "coordinates": [-0.2398, 35.8097]
      },
      "properties": {
        "bright_ti4": 323.53,
        "scan": 0.39,
        "track": 0.36,
        "acq_date": "2026-09-17",
        "acq_time": "0202",
        "satellite": "N20",
        "instrument": "VIIRS",
        "confidence": "n",
        "version": "2.0NRT",
        "bright_ti5": 291.46,
        "frp": 1.88,
        "daynight": "N",
        "source_dataset": "VIIRS_NOAA20_NRT",
        "acq_datetime_utc": "2026-09-17T02:02:00Z",
        "age_hours": 43.8,
        "confidence_label": "nominal",
        "popup_label": "<strong>NASA FIRMS<\/strong><br>Sensor: VIIRS_NOAA20_NRT<br>Fecha UTC: 2026-09-17T02:02:00Z<br>Confianza: nominal<br>FRP: 1.88 MW"
      }
    },
    {
      "type": "Feature",
      "geometry": {
        "type": "Point",
        "coordinates": [-0.2347, 35.8123]
      },
      "properties": {
        "bright_ti4": 302.4,
        "scan": 0.39,
        "track": 0.36,
        "acq_date": "2026-09-17",
        "acq_time": "0202",
        "satellite": "N20",
        "instrument": "VIIRS",
        "confidence": "n",
        "version": "2.0NRT",
        "bright_ti5": 291.15,
        "frp": 1.88,
        "daynight": "N",
        "source_dataset": "VIIRS_NOAA20_NRT",
        "acq_datetime_utc": "2026-09-17T02:02:00Z",
        "age_hours": 43.8,
        "confidence_label": "nominal",
        "popup_label": "<strong>NASA FIRMS<\/strong><br>Sensor: VIIRS_NOAA20_NRT<br>Fecha UTC: 2026-09-17T02:02:00Z<br>Confianza: nominal<br>FRP: 1.88 MW"
      }
    },
    {
      "type": "Feature",
      "geometry": {
        "type": "Point",
        "coordinates": [-0.239, 35.813]
      },
      "properties": {
        "bright_ti4": 306.65,
        "scan": 0.39,
        "track": 0.36,
        "acq_date": "2026-09-17",
        "acq_time": "0202",
        "satellite": "N20",
        "instrument": "VIIRS",
        "confidence": "n",
        "version": "2.0NRT",
        "bright_ti5": 292.31,
        "frp": 1.88,
        "daynight": "N",
        "source_dataset": "VIIRS_NOAA20_NRT",
        "acq_datetime_utc": "2026-09-17T02:02:00Z",
        "age_hours": 43.8,
        "confidence_label": "nominal",
        "popup_label": "<strong>NASA FIRMS<\/strong><br>Sensor: VIIRS_NOAA20_NRT<br>Fecha UTC: 2026-09-17T02:02:00Z<br>Confianza: nominal<br>FRP: 1.88 MW"
      }
    },
    {
      "type": "Feature",
      "geometry": {
        "type": "Point",
        "coordinates": [-0.2696, 35.8146]
      },
      "properties": {
        "bright_ti4": 336.46,
        "scan": 0.39,
        "track": 0.36,
        "acq_date": "2026-09-17",
        "acq_time": "0202",
        "satellite": "N20",
        "instrument": "VIIRS",
        "confidence": "n",
        "version": "2.0NRT",
        "bright_ti5": 292.73,
        "frp": 2.13,
        "daynight": "N",
        "source_dataset": "VIIRS_NOAA20_NRT",
        "acq_datetime_utc": "2026-09-17T02:02:00Z",
        "age_hours": 43.8,
        "confidence_label": "nominal",
        "popup_label": "<strong>NASA FIRMS<\/strong><br>Sensor: VIIRS_NOAA20_NRT<br>Fecha UTC: 2026-09-17T02:02:00Z<br>Confianza: nominal<br>FRP: 2.13 MW"
      }
    },
    {
      "type": "Feature",
      "geometry": {
        "type": "Point",
        "coordinates": [-0.2738, 35.8154]
      },
      "properties": {
        "bright_ti4": 308.98,
        "scan": 0.39,
        "track": 0.36,
        "acq_date": "2026-09-17",
        "acq_time": "0202",
        "satellite": "N20",
        "instrument": "VIIRS",
        "confidence": "n",
        "version": "2.0NRT",
        "bright_ti5": 291.64,
        "frp": 2.13,
        "daynight": "N",
        "source_dataset": "VIIRS_NOAA20_NRT",
        "acq_datetime_utc": "2026-09-17T02:02:00Z",
        "age_hours": 43.8,
        "confidence_label": "nominal",
        "popup_label": "<strong>NASA FIRMS<\/strong><br>Sensor: VIIRS_NOAA20_NRT<br>Fecha UTC: 2026-09-17T02:02:00Z<br>Confianza: nominal<br>FRP: 2.13 MW"
      }
    },
    {
      "type": "Feature",
      "geometry": {
        "type": "Point",
        "coordinates": [-0.2687, 35.8179]
      },
      "properties": {
        "bright_ti4": 303.51,
        "scan": 0.39,
        "track": 0.36,
        "acq_date": "2026-09-17",
        "acq_time": "0202",
        "satellite": "N20",
        "instrument": "VIIRS",
        "confidence": "n",
        "version": "2.0NRT",
        "bright_ti5": 291.83,
        "frp": 2.13,
        "daynight": "N",
        "source_dataset": "VIIRS_NOAA20_NRT",
        "acq_datetime_utc": "2026-09-17T02:02:00Z",
        "age_hours": 43.8,
        "confidence_label": "nominal",
        "popup_label": "<strong>NASA FIRMS<\/strong><br>Sensor: VIIRS_NOAA20_NRT<br>Fecha UTC: 2026-09-17T02:02:00Z<br>Confianza: nominal<br>FRP: 2.13 MW"
      }
    },
    {
      "type": "Feature",
      "geometry": {
        "type": "Point",
        "coordinates": [4.4739, 35.7078]
      },
      "properties": {
        "bright_ti4": 309.53,
        "scan": 0.56,
        "track": 0.43,
        "acq_date": "2026-09-17",
        "acq_time": "0200",
        "satellite": "N20",
        "instrument": "VIIRS",
        "confidence": "n",
        "version": "2.0NRT",
        "bright_ti5": 292.26,
        "frp": 1.58,
        "daynight": "N",
        "source_dataset": "VIIRS_NOAA20_NRT",
        "acq_datetime_utc": "2026-09-17T02:00:00Z",
        "age_hours": 43.8,
        "confidence_label": "nominal",
        "popup_label": "<strong>NASA FIRMS<\/strong><br>Sensor: VIIRS_NOAA20_NRT<br>Fecha UTC: 2026-09-17T02:00:00Z<br>Confianza: nominal<br>FRP: 1.58 MW"
      }
    },
    {
      "type": "Feature",
      "geometry": {
        "type": "Point",
        "coordinates": [0.8097, 36.0966]
      },
      "properties": {
        "bright_ti4": 301.01,
        "scan": 0.4,
        "track": 0.37,
        "acq_date": "2026-09-17",
        "acq_time": "0200",
        "satellite": "N20",
        "instrument": "VIIRS",
        "confidence": "n",
        "version": "2.0NRT",
        "bright_ti5": 288.58,
        "frp": 0.36,
        "daynight": "N",
        "source_dataset": "VIIRS_NOAA20_NRT",
        "acq_datetime_utc": "2026-09-17T02:00:00Z",
        "age_hours": 43.8,
        "confidence_label": "nominal",
        "popup_label": "<strong>NASA FIRMS<\/strong><br>Sensor: VIIRS_NOAA20_NRT<br>Fecha UTC: 2026-09-17T02:00:00Z<br>Confianza: nominal<br>FRP: 0.36 MW"
      }
    },
    {
      "type": "Feature",
      "geometry": {
        "type": "Point",
        "coordinates": [2.9268, 36.1418]
      },
      "properties": {
        "bright_ti4": 303.89,
        "scan": 0.47,
        "track": 0.4,
        "acq_date": "2026-09-17",
        "acq_time": "0200",
        "satellite": "N20",
        "instrument": "VIIRS",
        "confidence": "n",
        "version": "2.0NRT",
        "bright_ti5": 288.08,
        "frp": 1.09,
        "daynight": "N",
        "source_dataset": "VIIRS_NOAA20_NRT",
        "acq_datetime_utc": "2026-09-17T02:00:00Z",
        "age_hours": 43.8,
        "confidence_label": "nominal",
        "popup_label": "<strong>NASA FIRMS<\/strong><br>Sensor: VIIRS_NOAA20_NRT<br>Fecha UTC: 2026-09-17T02:00:00Z<br>Confianza: nominal<br>FRP: 1.09 MW"
      }
    },
    {
      "type": "Feature",
      "geometry": {
        "type": "Point",
        "coordinates": [2.8806, 36.5948]
      },
      "properties": {
        "bright_ti4": 304.18,
        "scan": 0.46,
        "track": 0.39,
        "acq_date": "2026-09-17",
        "acq_time": "0200",
        "satellite": "N20",
        "instrument": "VIIRS",
        "confidence": "n",
        "version": "2.0NRT",
        "bright_ti5": 290.48,
        "frp": 0.34,
        "daynight": "N",
        "source_dataset": "VIIRS_NOAA20_NRT",
        "acq_datetime_utc": "2026-09-17T02:00:00Z",
        "age_hours": 43.8,
        "confidence_label": "nominal",
        "popup_label": "<strong>NASA FIRMS<\/strong><br>Sensor: VIIRS_NOAA20_NRT<br>Fecha UTC: 2026-09-17T02:00:00Z<br>Confianza: nominal<br>FRP: 0.34 MW"
      }
    },
    {
      "type": "Feature",
      "geometry": {
        "type": "Point",
        "coordinates": [3.136, 36.5996]
      },
      "properties": {
        "bright_ti4": 307.31,
        "scan": 0.47,
        "track": 0.4,
        "acq_date": "2026-09-17",
        "acq_time": "0200",
        "satellite": "N20",
        "instrument": "VIIRS",
        "confidence": "n",
        "version": "2.0NRT",
        "bright_ti5": 291.05,
        "frp": 1.13,
        "daynight": "N",
        "source_dataset": "VIIRS_NOAA20_NRT",
        "acq_datetime_utc": "2026-09-17T02:00:00Z",
        "age_hours": 43.8,
        "confidence_label": "nominal",
        "popup_label": "<strong>NASA FIRMS<\/strong><br>Sensor: VIIRS_NOAA20_NRT<br>Fecha UTC: 2026-09-17T02:00:00Z<br>Confianza: nominal<br>FRP: 1.13 MW"
      }
    },
    {
      "type": "Feature",
      "geometry": {
        "type": "Point",
        "coordinates": [3.1078, 36.6503]
      },
      "properties": {
        "bright_ti4": 302.38,
        "scan": 0.47,
        "track": 0.4,
        "acq_date": "2026-09-17",
        "acq_time": "0200",
        "satellite": "N20",
        "instrument": "VIIRS",
        "confidence": "n",
        "version": "2.0NRT",
        "bright_ti5": 290.2,
        "frp": 0.41,
        "daynight": "N",
        "source_dataset": "VIIRS_NOAA20_NRT",
        "acq_datetime_utc": "2026-09-17T02:00:00Z",
        "age_hours": 43.8,
        "confidence_label": "nominal",
        "popup_label": "<strong>NASA FIRMS<\/strong><br>Sensor: VIIRS_NOAA20_NRT<br>Fecha UTC: 2026-09-17T02:00:00Z<br>Confianza: nominal<br>FRP: 0.41 MW"
      }
    },
    {
      "type": "Feature",
      "geometry": {
        "type": "Point",
        "coordinates": [3.1226, 36.6814]
      },
      "properties": {
        "bright_ti4": 306.44,
        "scan": 0.47,
        "track": 0.4,
        "acq_date": "2026-09-17",
        "acq_time": "0200",
        "satellite": "N20",
        "instrument": "VIIRS",
        "confidence": "n",
        "version": "2.0NRT",
        "bright_ti5": 291.59,
        "frp": 0.91,
        "daynight": "N",
        "source_dataset": "VIIRS_NOAA20_NRT",
        "acq_datetime_utc": "2026-09-17T02:00:00Z",
        "age_hours": 43.8,
        "confidence_label": "nominal",
        "popup_label": "<strong>NASA FIRMS<\/strong><br>Sensor: VIIRS_NOAA20_NRT<br>Fecha UTC: 2026-09-17T02:00:00Z<br>Confianza: nominal<br>FRP: 0.91 MW"
      }
    },
    {
      "type": "Feature",
      "geometry": {
        "type": "Point",
        "coordinates": [3.1245, 36.6819]
      },
      "properties": {
        "bright_ti4": 304.91,
        "scan": 0.47,
        "track": 0.4,
        "acq_date": "2026-09-17",
        "acq_time": "0200",
        "satellite": "N20",
        "instrument": "VIIRS",
        "confidence": "n",
        "version": "2.0NRT",
        "bright_ti5": 291.17,
        "frp": 0.5,
        "daynight": "N",
        "source_dataset": "VIIRS_NOAA20_NRT",
        "acq_datetime_utc": "2026-09-17T02:00:00Z",
        "age_hours": 43.8,
        "confidence_label": "nominal",
        "popup_label": "<strong>NASA FIRMS<\/strong><br>Sensor: VIIRS_NOAA20_NRT<br>Fecha UTC: 2026-09-17T02:00:00Z<br>Confianza: nominal<br>FRP: 0.5 MW"
      }
    },
    {
      "type": "Feature",
      "geometry": {
        "type": "Point",
        "coordinates": [3.0801, 36.7507]
      },
      "properties": {
        "bright_ti4": 316.39,
        "scan": 0.47,
        "track": 0.39,
        "acq_date": "2026-09-17",
        "acq_time": "0200",
        "satellite": "N20",
        "instrument": "VIIRS",
        "confidence": "n",
        "version": "2.0NRT",
        "bright_ti5": 292.02,
        "frp": 1.84,
        "daynight": "N",
        "source_dataset": "VIIRS_NOAA20_NRT",
        "acq_datetime_utc": "2026-09-17T02:00:00Z",
        "age_hours": 43.8,
        "confidence_label": "nominal",
        "popup_label": "<strong>NASA FIRMS<\/strong><br>Sensor: VIIRS_NOAA20_NRT<br>Fecha UTC: 2026-09-17T02:00:00Z<br>Confianza: nominal<br>FRP: 1.84 MW"
      }
    },
    {
      "type": "Feature",
      "geometry": {
        "type": "Point",
        "coordinates": [-1.9054, 36.9661]
      },
      "properties": {
        "bright_ti4": 320.86,
        "scan": 0.39,
        "track": 0.36,
        "acq_date": "2026-09-17",
        "acq_time": "0200",
        "satellite": "N20",
        "instrument": "VIIRS",
        "confidence": "n",
        "version": "2.0NRT",
        "bright_ti5": 293.29,
        "frp": 1.84,
        "daynight": "N",
        "source_dataset": "VIIRS_NOAA20_NRT",
        "acq_datetime_utc": "2026-09-17T02:00:00Z",
        "age_hours": 43.8,
        "confidence_label": "nominal",
        "popup_label": "<strong>NASA FIRMS<\/strong><br>Sensor: VIIRS_NOAA20_NRT<br>Fecha UTC: 2026-09-17T02:00:00Z<br>Confianza: nominal<br>FRP: 1.84 MW"
      }
    },
    {
      "type": "Feature",
      "geometry": {
        "type": "Point",
        "coordinates": [-5.1599, 37.3804]
      },
      "properties": {
        "bright_ti4": 329.54,
        "scan": 0.48,
        "track": 0.4,
        "acq_date": "2026-09-17",
        "acq_time": "0200",
        "satellite": "N20",
        "instrument": "VIIRS",
        "confidence": "n",
        "version": "2.0NRT",
        "bright_ti5": 291.28,
        "frp": 17.26,
        "daynight": "N",
        "source_dataset": "VIIRS_NOAA20_NRT",
        "acq_datetime_utc": "2026-09-17T02:00:00Z",
        "age_hours": 43.8,
        "confidence_label": "nominal",
        "popup_label": "<strong>NASA FIRMS<\/strong><br>Sensor: VIIRS_NOAA20_NRT<br>Fecha UTC: 2026-09-17T02:00:00Z<br>Confianza: nominal<br>FRP: 17.26 MW"
      }
    },
    {
      "type": "Feature",
      "geometry": {
        "type": "Point",
        "coordinates": [-6.721, 38.3198]
      },
      "properties": {
        "bright_ti4": 301.26,
        "scan": 0.39,
        "track": 0.44,
        "acq_date": "2026-09-17",
        "acq_time": "0200",
        "satellite": "N20",
        "instrument": "VIIRS",
        "confidence": "n",
        "version": "2.0NRT",
        "bright_ti5": 289.27,
        "frp": 0.77,
        "daynight": "N",
        "source_dataset": "VIIRS_NOAA20_NRT",
        "acq_datetime_utc": "2026-09-17T02:00:00Z",
        "age_hours": 43.8,
        "confidence_label": "nominal",
        "popup_label": "<strong>NASA FIRMS<\/strong><br>Sensor: VIIRS_NOAA20_NRT<br>Fecha UTC: 2026-09-17T02:00:00Z<br>Confianza: nominal<br>FRP: 0.77 MW"
      }
    },
    {
      "type": "Feature",
      "geometry": {
        "type": "Point",
        "coordinates": [-0.5447, 38.3755]
      },
      "properties": {
        "bright_ti4": 306.38,
        "scan": 0.38,
        "track": 0.36,
        "acq_date": "2026-09-17",
        "acq_time": "0200",
        "satellite": "N20",
        "instrument": "VIIRS",
        "confidence": "n",
        "version": "2.0NRT",
        "bright_ti5": 288.82,
        "frp": 1.17,
        "daynight": "N",
        "source_dataset": "VIIRS_NOAA20_NRT",
        "acq_datetime_utc": "2026-09-17T02:00:00Z",
        "age_hours": 43.8,
        "confidence_label": "nominal",
        "popup_label": "<strong>NASA FIRMS<\/strong><br>Sensor: VIIRS_NOAA20_NRT<br>Fecha UTC: 2026-09-17T02:00:00Z<br>Confianza: nominal<br>FRP: 1.17 MW"
      }
    },
    {
      "type": "Feature",
      "geometry": {
        "type": "Point",
        "coordinates": [-9.0138, 38.9241]
      },
      "properties": {
        "bright_ti4": 301.98,
        "scan": 0.52,
        "track": 0.5,
        "acq_date": "2026-09-17",
        "acq_time": "0200",
        "satellite": "N20",
        "instrument": "VIIRS",
        "confidence": "n",
        "version": "2.0NRT",
        "bright_ti5": 289.63,
        "frp": 1.15,
        "daynight": "N",
        "source_dataset": "VIIRS_NOAA20_NRT",
        "acq_datetime_utc": "2026-09-17T02:00:00Z",
        "age_hours": 43.8,
        "confidence_label": "nominal",
        "popup_label": "<strong>NASA FIRMS<\/strong><br>Sensor: VIIRS_NOAA20_NRT<br>Fecha UTC: 2026-09-17T02:00:00Z<br>Confianza: nominal<br>FRP: 1.15 MW"
      }
    },
    {
      "type": "Feature",
      "geometry": {
        "type": "Point",
        "coordinates": [-8.9093, 39.6876]
      },
      "properties": {
        "bright_ti4": 298.27,
        "scan": 0.52,
        "track": 0.5,
        "acq_date": "2026-09-17",
        "acq_time": "0200",
        "satellite": "N20",
        "instrument": "VIIRS",
        "confidence": "n",
        "version": "2.0NRT",
        "bright_ti5": 286.8,
        "frp": 1.19,
        "daynight": "N",
        "source_dataset": "VIIRS_NOAA20_NRT",
        "acq_datetime_utc": "2026-09-17T02:00:00Z",
        "age_hours": 43.8,
        "confidence_label": "nominal",
        "popup_label": "<strong>NASA FIRMS<\/strong><br>Sensor: VIIRS_NOAA20_NRT<br>Fecha UTC: 2026-09-17T02:00:00Z<br>Confianza: nominal<br>FRP: 1.19 MW"
      }
    },
    {
      "type": "Feature",
      "geometry": {
        "type": "Point",
        "coordinates": [-3.1677, 40.7478]
      },
      "properties": {
        "bright_ti4": 323.41,
        "scan": 0.44,
        "track": 0.38,
        "acq_date": "2026-09-17",
        "acq_time": "0200",
        "satellite": "N20",
        "instrument": "VIIRS",
        "confidence": "n",
        "version": "2.0NRT",
        "bright_ti5": 285.6,
        "frp": 2.26,
        "daynight": "N",
        "source_dataset": "VIIRS_NOAA20_NRT",
        "acq_datetime_utc": "2026-09-17T02:00:00Z",
        "age_hours": 43.8,
        "confidence_label": "nominal",
        "popup_label": "<strong>NASA FIRMS<\/strong><br>Sensor: VIIRS_NOAA20_NRT<br>Fecha UTC: 2026-09-17T02:00:00Z<br>Confianza: nominal<br>FRP: 2.26 MW"
      }
    },
    {
      "type": "Feature",
      "geometry": {
        "type": "Point",
        "coordinates": [-3.1682, 40.7481]
      },
      "properties": {
        "bright_ti4": 318.06,
        "scan": 0.44,
        "track": 0.38,
        "acq_date": "2026-09-17",
        "acq_time": "0200",
        "satellite": "N20",
        "instrument": "VIIRS",
        "confidence": "n",
        "version": "2.0NRT",
        "bright_ti5": 285.42,
        "frp": 1.9,
        "daynight": "N",
        "source_dataset": "VIIRS_NOAA20_NRT",
        "acq_datetime_utc": "2026-09-17T02:00:00Z",
        "age_hours": 43.8,
        "confidence_label": "nominal",
        "popup_label": "<strong>NASA FIRMS<\/strong><br>Sensor: VIIRS_NOAA20_NRT<br>Fecha UTC: 2026-09-17T02:00:00Z<br>Confianza: nominal<br>FRP: 1.9 MW"
      }
    },
    {
      "type": "Feature",
      "geometry": {
        "type": "Point",
        "coordinates": [-4.1284, 40.9305]
      },
      "properties": {
        "bright_ti4": 309.5,
        "scan": 0.48,
        "track": 0.4,
        "acq_date": "2026-09-17",
        "acq_time": "0200",
        "satellite": "N20",
        "instrument": "VIIRS",
        "confidence": "n",
        "version": "2.0NRT",
        "bright_ti5": 279.01,
        "frp": 2.02,
        "daynight": "N",
        "source_dataset": "VIIRS_NOAA20_NRT",
        "acq_datetime_utc": "2026-09-17T02:00:00Z",
        "age_hours": 43.8,
        "confidence_label": "nominal",
        "popup_label": "<strong>NASA FIRMS<\/strong><br>Sensor: VIIRS_NOAA20_NRT<br>Fecha UTC: 2026-09-17T02:00:00Z<br>Confianza: nominal<br>FRP: 2.02 MW"
      }
    },
    {
      "type": "Feature",
      "geometry": {
        "type": "Point",
        "coordinates": [-6.9674, 41.0497]
      },
      "properties": {
        "bright_ti4": 298.95,
        "scan": 0.43,
        "track": 0.46,
        "acq_date": "2026-09-17",
        "acq_time": "0200",
        "satellite": "N20",
        "instrument": "VIIRS",
        "confidence": "n",
        "version": "2.0NRT",
        "bright_ti5": 286.96,
        "frp": 0.76,
        "daynight": "N",
        "source_dataset": "VIIRS_NOAA20_NRT",
        "acq_datetime_utc": "2026-09-17T02:00:00Z",
        "age_hours": 43.8,
        "confidence_label": "nominal",
        "popup_label": "<strong>NASA FIRMS<\/strong><br>Sensor: VIIRS_NOAA20_NRT<br>Fecha UTC: 2026-09-17T02:00:00Z<br>Confianza: nominal<br>FRP: 0.76 MW"
      }
    },
    {
      "type": "Feature",
      "geometry": {
        "type": "Point",
        "coordinates": [-6.9723, 41.0502]
      },
      "properties": {
        "bright_ti4": 330.05,
        "scan": 0.43,
        "track": 0.46,
        "acq_date": "2026-09-17",
        "acq_time": "0200",
        "satellite": "N20",
        "instrument": "VIIRS",
        "confidence": "n",
        "version": "2.0NRT",
        "bright_ti5": 289.52,
        "frp": 3.48,
        "daynight": "N",
        "source_dataset": "VIIRS_NOAA20_NRT",
        "acq_datetime_utc": "2026-09-17T02:00:00Z",
        "age_hours": 43.8,
        "confidence_label": "nominal",
        "popup_label": "<strong>NASA FIRMS<\/strong><br>Sensor: VIIRS_NOAA20_NRT<br>Fecha UTC: 2026-09-17T02:00:00Z<br>Confianza: nominal<br>FRP: 3.48 MW"
      }
    },
    {
      "type": "Feature",
      "geometry": {
        "type": "Point",
        "coordinates": [-6.9756, 41.0506]
      },
      "properties": {
        "bright_ti4": 344.69,
        "scan": 0.43,
        "track": 0.46,
        "acq_date": "2026-09-17",
        "acq_time": "0200",
        "satellite": "N20",
        "instrument": "VIIRS",
        "confidence": "n",
        "version": "2.0NRT",
        "bright_ti5": 290,
        "frp": 5.71,
        "daynight": "N",
        "source_dataset": "VIIRS_NOAA20_NRT",
        "acq_datetime_utc": "2026-09-17T02:00:00Z",
        "age_hours": 43.8,
        "confidence_label": "nominal",
        "popup_label": "<strong>NASA FIRMS<\/strong><br>Sensor: VIIRS_NOAA20_NRT<br>Fecha UTC: 2026-09-17T02:00:00Z<br>Confianza: nominal<br>FRP: 5.71 MW"
      }
    },
    {
      "type": "Feature",
      "geometry": {
        "type": "Point",
        "coordinates": [-6.9779, 41.0507]
      },
      "properties": {
        "bright_ti4": 327.85,
        "scan": 0.43,
        "track": 0.46,
        "acq_date": "2026-09-17",
        "acq_time": "0200",
        "satellite": "N20",
        "instrument": "VIIRS",
        "confidence": "n",
        "version": "2.0NRT",
        "bright_ti5": 287.7,
        "frp": 3.48,
        "daynight": "N",
        "source_dataset": "VIIRS_NOAA20_NRT",
        "acq_datetime_utc": "2026-09-17T02:00:00Z",
        "age_hours": 43.8,
        "confidence_label": "nominal",
        "popup_label": "<strong>NASA FIRMS<\/strong><br>Sensor: VIIRS_NOAA20_NRT<br>Fecha UTC: 2026-09-17T02:00:00Z<br>Confianza: nominal<br>FRP: 3.48 MW"
      }
    },
    {
      "type": "Feature",
      "geometry": {
        "type": "Point",
        "coordinates": [-1.4855, 41.4765]
      },
      "properties": {
        "bright_ti4": 307.55,
        "scan": 0.4,
        "track": 0.37,
        "acq_date": "2026-09-17",
        "acq_time": "0200",
        "satellite": "N20",
        "instrument": "VIIRS",
        "confidence": "n",
        "version": "2.0NRT",
        "bright_ti5": 286,
        "frp": 0.78,
        "daynight": "N",
        "source_dataset": "VIIRS_NOAA20_NRT",
        "acq_datetime_utc": "2026-09-17T02:00:00Z",
        "age_hours": 43.8,
        "confidence_label": "nominal",
        "popup_label": "<strong>NASA FIRMS<\/strong><br>Sensor: VIIRS_NOAA20_NRT<br>Fecha UTC: 2026-09-17T02:00:00Z<br>Confianza: nominal<br>FRP: 0.78 MW"
      }
    },
    {
      "type": "Feature",
      "geometry": {
        "type": "Point",
        "coordinates": [-8.0324, 41.481]
      },
      "properties": {
        "bright_ti4": 325.53,
        "scan": 0.49,
        "track": 0.49,
        "acq_date": "2026-09-17",
        "acq_time": "0200",
        "satellite": "N20",
        "instrument": "VIIRS",
        "confidence": "n",
        "version": "2.0NRT",
        "bright_ti5": 286.64,
        "frp": 3.05,
        "daynight": "N",
        "source_dataset": "VIIRS_NOAA20_NRT",
        "acq_datetime_utc": "2026-09-17T02:00:00Z",
        "age_hours": 43.8,
        "confidence_label": "nominal",
        "popup_label": "<strong>NASA FIRMS<\/strong><br>Sensor: VIIRS_NOAA20_NRT<br>Fecha UTC: 2026-09-17T02:00:00Z<br>Confianza: nominal<br>FRP: 3.05 MW"
      }
    },
    {
      "type": "Feature",
      "geometry": {
        "type": "Point",
        "coordinates": [-8.0303, 41.4853]
      },
      "properties": {
        "bright_ti4": 314.7,
        "scan": 0.49,
        "track": 0.49,
        "acq_date": "2026-09-17",
        "acq_time": "0200",
        "satellite": "N20",
        "instrument": "VIIRS",
        "confidence": "n",
        "version": "2.0NRT",
        "bright_ti5": 286.43,
        "frp": 4.34,
        "daynight": "N",
        "source_dataset": "VIIRS_NOAA20_NRT",
        "acq_datetime_utc": "2026-09-17T02:00:00Z",
        "age_hours": 43.8,
        "confidence_label": "nominal",
        "popup_label": "<strong>NASA FIRMS<\/strong><br>Sensor: VIIRS_NOAA20_NRT<br>Fecha UTC: 2026-09-17T02:00:00Z<br>Confianza: nominal<br>FRP: 4.34 MW"
      }
    },
    {
      "type": "Feature",
      "geometry": {
        "type": "Point",
        "coordinates": [-8.0367, 41.4858]
      },
      "properties": {
        "bright_ti4": 337.5,
        "scan": 0.49,
        "track": 0.49,
        "acq_date": "2026-09-17",
        "acq_time": "0200",
        "satellite": "N20",
        "instrument": "VIIRS",
        "confidence": "n",
        "version": "2.0NRT",
        "bright_ti5": 287.3,
        "frp": 7,
        "daynight": "N",
        "source_dataset": "VIIRS_NOAA20_NRT",
        "acq_datetime_utc": "2026-09-17T02:00:00Z",
        "age_hours": 43.8,
        "confidence_label": "nominal",
        "popup_label": "<strong>NASA FIRMS<\/strong><br>Sensor: VIIRS_NOAA20_NRT<br>Fecha UTC: 2026-09-17T02:00:00Z<br>Confianza: nominal<br>FRP: 7 MW"
      }
    },
    {
      "type": "Feature",
      "geometry": {
        "type": "Point",
        "coordinates": [1.0098, 41.5674]
      },
      "properties": {
        "bright_ti4": 297.67,
        "scan": 0.38,
        "track": 0.36,
        "acq_date": "2026-09-17",
        "acq_time": "0200",
        "satellite": "N20",
        "instrument": "VIIRS",
        "confidence": "n",
        "version": "2.0NRT",
        "bright_ti5": 274.29,
        "frp": 0.28,
        "daynight": "N",
        "source_dataset": "VIIRS_NOAA20_NRT",
        "acq_datetime_utc": "2026-09-17T02:00:00Z",
        "age_hours": 43.8,
        "confidence_label": "nominal",
        "popup_label": "<strong>NASA FIRMS<\/strong><br>Sensor: VIIRS_NOAA20_NRT<br>Fecha UTC: 2026-09-17T02:00:00Z<br>Confianza: nominal<br>FRP: 0.28 MW"
      }
    },
    {
      "type": "Feature",
      "geometry": {
        "type": "Point",
        "coordinates": [-8.337, 41.7356]
      },
      "properties": {
        "bright_ti4": 304.02,
        "scan": 0.51,
        "track": 0.49,
        "acq_date": "2026-09-17",
        "acq_time": "0200",
        "satellite": "N20",
        "instrument": "VIIRS",
        "confidence": "n",
        "version": "2.0NRT",
        "bright_ti5": 287.58,
        "frp": 4.64,
        "daynight": "N",
        "source_dataset": "VIIRS_NOAA20_NRT",
        "acq_datetime_utc": "2026-09-17T02:00:00Z",
        "age_hours": 43.8,
        "confidence_label": "nominal",
        "popup_label": "<strong>NASA FIRMS<\/strong><br>Sensor: VIIRS_NOAA20_NRT<br>Fecha UTC: 2026-09-17T02:00:00Z<br>Confianza: nominal<br>FRP: 4.64 MW"
      }
    },
    {
      "type": "Feature",
      "geometry": {
        "type": "Point",
        "coordinates": [-8.3422, 41.736]
      },
      "properties": {
        "bright_ti4": 345.05,
        "scan": 0.51,
        "track": 0.49,
        "acq_date": "2026-09-17",
        "acq_time": "0200",
        "satellite": "N20",
        "instrument": "VIIRS",
        "confidence": "n",
        "version": "2.0NRT",
        "bright_ti5": 291.18,
        "frp": 15.29,
        "daynight": "N",
        "source_dataset": "VIIRS_NOAA20_NRT",
        "acq_datetime_utc": "2026-09-17T02:00:00Z",
        "age_hours": 43.8,
        "confidence_label": "nominal",
        "popup_label": "<strong>NASA FIRMS<\/strong><br>Sensor: VIIRS_NOAA20_NRT<br>Fecha UTC: 2026-09-17T02:00:00Z<br>Confianza: nominal<br>FRP: 15.29 MW"
      }
    },
    {
      "type": "Feature",
      "geometry": {
        "type": "Point",
        "coordinates": [-8.3358, 41.7401]
      },
      "properties": {
        "bright_ti4": 317.78,
        "scan": 0.51,
        "track": 0.49,
        "acq_date": "2026-09-17",
        "acq_time": "0200",
        "satellite": "N20",
        "instrument": "VIIRS",
        "confidence": "n",
        "version": "2.0NRT",
        "bright_ti5": 286.8,
        "frp": 3.24,
        "daynight": "N",
        "source_dataset": "VIIRS_NOAA20_NRT",
        "acq_datetime_utc": "2026-09-17T02:00:00Z",
        "age_hours": 43.8,
        "confidence_label": "nominal",
        "popup_label": "<strong>NASA FIRMS<\/strong><br>Sensor: VIIRS_NOAA20_NRT<br>Fecha UTC: 2026-09-17T02:00:00Z<br>Confianza: nominal<br>FRP: 3.24 MW"
      }
    },
    {
      "type": "Feature",
      "geometry": {
        "type": "Point",
        "coordinates": [-8.3411, 41.7405]
      },
      "properties": {
        "bright_ti4": 314.73,
        "scan": 0.51,
        "track": 0.49,
        "acq_date": "2026-09-17",
        "acq_time": "0200",
        "satellite": "N20",
        "instrument": "VIIRS",
        "confidence": "n",
        "version": "2.0NRT",
        "bright_ti5": 284.82,
        "frp": 1.59,
        "daynight": "N",
        "source_dataset": "VIIRS_NOAA20_NRT",
        "acq_datetime_utc": "2026-09-17T02:00:00Z",
        "age_hours": 43.8,
        "confidence_label": "nominal",
        "popup_label": "<strong>NASA FIRMS<\/strong><br>Sensor: VIIRS_NOAA20_NRT<br>Fecha UTC: 2026-09-17T02:00:00Z<br>Confianza: nominal<br>FRP: 1.59 MW"
      }
    },
    {
      "type": "Feature",
      "geometry": {
        "type": "Point",
        "coordinates": [-8.3348, 41.7446]
      },
      "properties": {
        "bright_ti4": 328.08,
        "scan": 0.51,
        "track": 0.49,
        "acq_date": "2026-09-17",
        "acq_time": "0200",
        "satellite": "N20",
        "instrument": "VIIRS",
        "confidence": "n",
        "version": "2.0NRT",
        "bright_ti5": 286.85,
        "frp": 3.24,
        "daynight": "N",
        "source_dataset": "VIIRS_NOAA20_NRT",
        "acq_datetime_utc": "2026-09-17T02:00:00Z",
        "age_hours": 43.8,
        "confidence_label": "nominal",
        "popup_label": "<strong>NASA FIRMS<\/strong><br>Sensor: VIIRS_NOAA20_NRT<br>Fecha UTC: 2026-09-17T02:00:00Z<br>Confianza: nominal<br>FRP: 3.24 MW"
      }
    },
    {
      "type": "Feature",
      "geometry": {
        "type": "Point",
        "coordinates": [-8.3404, 41.745]
      },
      "properties": {
        "bright_ti4": 304.23,
        "scan": 0.51,
        "track": 0.49,
        "acq_date": "2026-09-17",
        "acq_time": "0200",
        "satellite": "N20",
        "instrument": "VIIRS",
        "confidence": "n",
        "version": "2.0NRT",
        "bright_ti5": 284.95,
        "frp": 1.59,
        "daynight": "N",
        "source_dataset": "VIIRS_NOAA20_NRT",
        "acq_datetime_utc": "2026-09-17T02:00:00Z",
        "age_hours": 43.8,
        "confidence_label": "nominal",
        "popup_label": "<strong>NASA FIRMS<\/strong><br>Sensor: VIIRS_NOAA20_NRT<br>Fecha UTC: 2026-09-17T02:00:00Z<br>Confianza: nominal<br>FRP: 1.59 MW"
      }
    },
    {
      "type": "Feature",
      "geometry": {
        "type": "Point",
        "coordinates": [-1.2777, 41.9318]
      },
      "properties": {
        "bright_ti4": 301.58,
        "scan": 0.4,
        "track": 0.37,
        "acq_date": "2026-09-17",
        "acq_time": "0200",
        "satellite": "N20",
        "instrument": "VIIRS",
        "confidence": "n",
        "version": "2.0NRT",
        "bright_ti5": 284.65,
        "frp": 2.84,
        "daynight": "N",
        "source_dataset": "VIIRS_NOAA20_NRT",
        "acq_datetime_utc": "2026-09-17T02:00:00Z",
        "age_hours": 43.8,
        "confidence_label": "nominal",
        "popup_label": "<strong>NASA FIRMS<\/strong><br>Sensor: VIIRS_NOAA20_NRT<br>Fecha UTC: 2026-09-17T02:00:00Z<br>Confianza: nominal<br>FRP: 2.84 MW"
      }
    },
    {
      "type": "Feature",
      "geometry": {
        "type": "Point",
        "coordinates": [-1.2825, 41.9324]
      },
      "properties": {
        "bright_ti4": 327.15,
        "scan": 0.4,
        "track": 0.37,
        "acq_date": "2026-09-17",
        "acq_time": "0200",
        "satellite": "N20",
        "instrument": "VIIRS",
        "confidence": "n",
        "version": "2.0NRT",
        "bright_ti5": 284.04,
        "frp": 1.91,
        "daynight": "N",
        "source_dataset": "VIIRS_NOAA20_NRT",
        "acq_datetime_utc": "2026-09-17T02:00:00Z",
        "age_hours": 43.8,
        "confidence_label": "nominal",
        "popup_label": "<strong>NASA FIRMS<\/strong><br>Sensor: VIIRS_NOAA20_NRT<br>Fecha UTC: 2026-09-17T02:00:00Z<br>Confianza: nominal<br>FRP: 1.91 MW"
      }
    },
    {
      "type": "Feature",
      "geometry": {
        "type": "Point",
        "coordinates": [-1.2817, 41.9358]
      },
      "properties": {
        "bright_ti4": 304.02,
        "scan": 0.4,
        "track": 0.37,
        "acq_date": "2026-09-17",
        "acq_time": "0200",
        "satellite": "N20",
        "instrument": "VIIRS",
        "confidence": "n",
        "version": "2.0NRT",
        "bright_ti5": 284.2,
        "frp": 1.91,
        "daynight": "N",
        "source_dataset": "VIIRS_NOAA20_NRT",
        "acq_datetime_utc": "2026-09-17T02:00:00Z",
        "age_hours": 43.8,
        "confidence_label": "nominal",
        "popup_label": "<strong>NASA FIRMS<\/strong><br>Sensor: VIIRS_NOAA20_NRT<br>Fecha UTC: 2026-09-17T02:00:00Z<br>Confianza: nominal<br>FRP: 1.91 MW"
      }
    },
    {
      "type": "Feature",
      "geometry": {
        "type": "Point",
        "coordinates": [-6.7681, 42.5519]
      },
      "properties": {
        "bright_ti4": 304.52,
        "scan": 0.44,
        "track": 0.46,
        "acq_date": "2026-09-17",
        "acq_time": "0200",
        "satellite": "N20",
        "instrument": "VIIRS",
        "confidence": "n",
        "version": "2.0NRT",
        "bright_ti5": 283.55,
        "frp": 0.72,
        "daynight": "N",
        "source_dataset": "VIIRS_NOAA20_NRT",
        "acq_datetime_utc": "2026-09-17T02:00:00Z",
        "age_hours": 43.8,
        "confidence_label": "nominal",
        "popup_label": "<strong>NASA FIRMS<\/strong><br>Sensor: VIIRS_NOAA20_NRT<br>Fecha UTC: 2026-09-17T02:00:00Z<br>Confianza: nominal<br>FRP: 0.72 MW"
      }
    },
    {
      "type": "Feature",
      "geometry": {
        "type": "Point",
        "coordinates": [0.9893, 43.1877]
      },
      "properties": {
        "bright_ti4": 296.86,
        "scan": 0.38,
        "track": 0.36,
        "acq_date": "2026-09-17",
        "acq_time": "0158",
        "satellite": "N20",
        "instrument": "VIIRS",
        "confidence": "n",
        "version": "2.0NRT",
        "bright_ti5": 284.42,
        "frp": 0.41,
        "daynight": "N",
        "source_dataset": "VIIRS_NOAA20_NRT",
        "acq_datetime_utc": "2026-09-17T01:58:00Z",
        "age_hours": 43.8,
        "confidence_label": "nominal",
        "popup_label": "<strong>NASA FIRMS<\/strong><br>Sensor: VIIRS_NOAA20_NRT<br>Fecha UTC: 2026-09-17T01:58:00Z<br>Confianza: nominal<br>FRP: 0.41 MW"
      }
    },
    {
      "type": "Feature",
      "geometry": {
        "type": "Point",
        "coordinates": [4.8928, 43.4373]
      },
      "properties": {
        "bright_ti4": 305.33,
        "scan": 0.44,
        "track": 0.38,
        "acq_date": "2026-09-17",
        "acq_time": "0158",
        "satellite": "N20",
        "instrument": "VIIRS",
        "confidence": "n",
        "version": "2.0NRT",
        "bright_ti5": 284.52,
        "frp": 1.33,
        "daynight": "N",
        "source_dataset": "VIIRS_NOAA20_NRT",
        "acq_datetime_utc": "2026-09-17T01:58:00Z",
        "age_hours": 43.8,
        "confidence_label": "nominal",
        "popup_label": "<strong>NASA FIRMS<\/strong><br>Sensor: VIIRS_NOAA20_NRT<br>Fecha UTC: 2026-09-17T01:58:00Z<br>Confianza: nominal<br>FRP: 1.33 MW"
      }
    },
    {
      "type": "Feature",
      "geometry": {
        "type": "Point",
        "coordinates": [4.8548, 43.4409]
      },
      "properties": {
        "bright_ti4": 304.43,
        "scan": 0.44,
        "track": 0.38,
        "acq_date": "2026-09-17",
        "acq_time": "0158",
        "satellite": "N20",
        "instrument": "VIIRS",
        "confidence": "n",
        "version": "2.0NRT",
        "bright_ti5": 284.74,
        "frp": 0.9,
        "daynight": "N",
        "source_dataset": "VIIRS_NOAA20_NRT",
        "acq_datetime_utc": "2026-09-17T01:58:00Z",
        "age_hours": 43.8,
        "confidence_label": "nominal",
        "popup_label": "<strong>NASA FIRMS<\/strong><br>Sensor: VIIRS_NOAA20_NRT<br>Fecha UTC: 2026-09-17T01:58:00Z<br>Confianza: nominal<br>FRP: 0.9 MW"
      }
    },
    {
      "type": "Feature",
      "geometry": {
        "type": "Point",
        "coordinates": [4.8835, 43.4427]
      },
      "properties": {
        "bright_ti4": 331.22,
        "scan": 0.44,
        "track": 0.38,
        "acq_date": "2026-09-17",
        "acq_time": "0158",
        "satellite": "N20",
        "instrument": "VIIRS",
        "confidence": "n",
        "version": "2.0NRT",
        "bright_ti5": 285.01,
        "frp": 1.86,
        "daynight": "N",
        "source_dataset": "VIIRS_NOAA20_NRT",
        "acq_datetime_utc": "2026-09-17T01:58:00Z",
        "age_hours": 43.8,
        "confidence_label": "nominal",
        "popup_label": "<strong>NASA FIRMS<\/strong><br>Sensor: VIIRS_NOAA20_NRT<br>Fecha UTC: 2026-09-17T01:58:00Z<br>Confianza: nominal<br>FRP: 1.86 MW"
      }
    },
    {
      "type": "Feature",
      "geometry": {
        "type": "Point",
        "coordinates": [4.9005, 43.4432]
      },
      "properties": {
        "bright_ti4": 305.74,
        "scan": 0.44,
        "track": 0.38,
        "acq_date": "2026-09-17",
        "acq_time": "0158",
        "satellite": "N20",
        "instrument": "VIIRS",
        "confidence": "n",
        "version": "2.0NRT",
        "bright_ti5": 285.25,
        "frp": 1.68,
        "daynight": "N",
        "source_dataset": "VIIRS_NOAA20_NRT",
        "acq_datetime_utc": "2026-09-17T01:58:00Z",
        "age_hours": 43.8,
        "confidence_label": "nominal",
        "popup_label": "<strong>NASA FIRMS<\/strong><br>Sensor: VIIRS_NOAA20_NRT<br>Fecha UTC: 2026-09-17T01:58:00Z<br>Confianza: nominal<br>FRP: 1.68 MW"
      }
    },
    {
      "type": "Feature",
      "geometry": {
        "type": "Point",
        "coordinates": [4.8952, 43.4442]
      },
      "properties": {
        "bright_ti4": 324.49,
        "scan": 0.44,
        "track": 0.38,
        "acq_date": "2026-09-17",
        "acq_time": "0158",
        "satellite": "N20",
        "instrument": "VIIRS",
        "confidence": "n",
        "version": "2.0NRT",
        "bright_ti5": 285.56,
        "frp": 1.68,
        "daynight": "N",
        "source_dataset": "VIIRS_NOAA20_NRT",
        "acq_datetime_utc": "2026-09-17T01:58:00Z",
        "age_hours": 43.8,
        "confidence_label": "nominal",
        "popup_label": "<strong>NASA FIRMS<\/strong><br>Sensor: VIIRS_NOAA20_NRT<br>Fecha UTC: 2026-09-17T01:58:00Z<br>Confianza: nominal<br>FRP: 1.68 MW"
      }
    },
    {
      "type": "Feature",
      "geometry": {
        "type": "Point",
        "coordinates": [4.89, 43.4452]
      },
      "properties": {
        "bright_ti4": 304.72,
        "scan": 0.44,
        "track": 0.38,
        "acq_date": "2026-09-17",
        "acq_time": "0158",
        "satellite": "N20",
        "instrument": "VIIRS",
        "confidence": "n",
        "version": "2.0NRT",
        "bright_ti5": 284.22,
        "frp": 1.86,
        "daynight": "N",
        "source_dataset": "VIIRS_NOAA20_NRT",
        "acq_datetime_utc": "2026-09-17T01:58:00Z",
        "age_hours": 43.8,
        "confidence_label": "nominal",
        "popup_label": "<strong>NASA FIRMS<\/strong><br>Sensor: VIIRS_NOAA20_NRT<br>Fecha UTC: 2026-09-17T01:58:00Z<br>Confianza: nominal<br>FRP: 1.86 MW"
      }
    },
    {
      "type": "Feature",
      "geometry": {
        "type": "Point",
        "coordinates": [4.8965, 43.4476]
      },
      "properties": {
        "bright_ti4": 324.23,
        "scan": 0.44,
        "track": 0.38,
        "acq_date": "2026-09-17",
        "acq_time": "0158",
        "satellite": "N20",
        "instrument": "VIIRS",
        "confidence": "n",
        "version": "2.0NRT",
        "bright_ti5": 286.4,
        "frp": 2.68,
        "daynight": "N",
        "source_dataset": "VIIRS_NOAA20_NRT",
        "acq_datetime_utc": "2026-09-17T01:58:00Z",
        "age_hours": 43.8,
        "confidence_label": "nominal",
        "popup_label": "<strong>NASA FIRMS<\/strong><br>Sensor: VIIRS_NOAA20_NRT<br>Fecha UTC: 2026-09-17T01:58:00Z<br>Confianza: nominal<br>FRP: 2.68 MW"
      }
    },
    {
      "type": "Feature",
      "geometry": {
        "type": "Point",
        "coordinates": [-5.7271, 43.5261]
      },
      "properties": {
        "bright_ti4": 317.52,
        "scan": 0.4,
        "track": 0.44,
        "acq_date": "2026-09-17",
        "acq_time": "0158",
        "satellite": "N20",
        "instrument": "VIIRS",
        "confidence": "n",
        "version": "2.0NRT",
        "bright_ti5": 287.57,
        "frp": 1.91,
        "daynight": "N",
        "source_dataset": "VIIRS_NOAA20_NRT",
        "acq_datetime_utc": "2026-09-17T01:58:00Z",
        "age_hours": 43.8,
        "confidence_label": "nominal",
        "popup_label": "<strong>NASA FIRMS<\/strong><br>Sensor: VIIRS_NOAA20_NRT<br>Fecha UTC: 2026-09-17T01:58:00Z<br>Confianza: nominal<br>FRP: 1.91 MW"
      }
    },
    {
      "type": "Feature",
      "geometry": {
        "type": "Point",
        "coordinates": [-5.732, 43.5266]
      },
      "properties": {
        "bright_ti4": 314.75,
        "scan": 0.4,
        "track": 0.44,
        "acq_date": "2026-09-17",
        "acq_time": "0158",
        "satellite": "N20",
        "instrument": "VIIRS",
        "confidence": "n",
        "version": "2.0NRT",
        "bright_ti5": 286.11,
        "frp": 1.91,
        "daynight": "N",
        "source_dataset": "VIIRS_NOAA20_NRT",
        "acq_datetime_utc": "2026-09-17T01:58:00Z",
        "age_hours": 43.8,
        "confidence_label": "nominal",
        "popup_label": "<strong>NASA FIRMS<\/strong><br>Sensor: VIIRS_NOAA20_NRT<br>Fecha UTC: 2026-09-17T01:58:00Z<br>Confianza: nominal<br>FRP: 1.91 MW"
      }
    },
    {
      "type": "Feature",
      "geometry": {
        "type": "Point",
        "coordinates": [-5.8308, 43.5399]
      },
      "properties": {
        "bright_ti4": 337.86,
        "scan": 0.4,
        "track": 0.44,
        "acq_date": "2026-09-17",
        "acq_time": "0158",
        "satellite": "N20",
        "instrument": "VIIRS",
        "confidence": "n",
        "version": "2.0NRT",
        "bright_ti5": 288.13,
        "frp": 6.02,
        "daynight": "N",
        "source_dataset": "VIIRS_NOAA20_NRT",
        "acq_datetime_utc": "2026-09-17T01:58:00Z",
        "age_hours": 43.8,
        "confidence_label": "nominal",
        "popup_label": "<strong>NASA FIRMS<\/strong><br>Sensor: VIIRS_NOAA20_NRT<br>Fecha UTC: 2026-09-17T01:58:00Z<br>Confianza: nominal<br>FRP: 6.02 MW"
      }
    },
    {
      "type": "Feature",
      "geometry": {
        "type": "Point",
        "coordinates": [-0.9275, 44.1855]
      },
      "properties": {
        "bright_ti4": 301.24,
        "scan": 0.41,
        "track": 0.37,
        "acq_date": "2026-09-17",
        "acq_time": "0158",
        "satellite": "N20",
        "instrument": "VIIRS",
        "confidence": "n",
        "version": "2.0NRT",
        "bright_ti5": 284.49,
        "frp": 1.97,
        "daynight": "N",
        "source_dataset": "VIIRS_NOAA20_NRT",
        "acq_datetime_utc": "2026-09-17T01:58:00Z",
        "age_hours": 43.8,
        "confidence_label": "nominal",
        "popup_label": "<strong>NASA FIRMS<\/strong><br>Sensor: VIIRS_NOAA20_NRT<br>Fecha UTC: 2026-09-17T01:58:00Z<br>Confianza: nominal<br>FRP: 1.97 MW"
      }
    },
    {
      "type": "Feature",
      "geometry": {
        "type": "Point",
        "coordinates": [-0.9326, 44.1862]
      },
      "properties": {
        "bright_ti4": 306.64,
        "scan": 0.41,
        "track": 0.37,
        "acq_date": "2026-09-17",
        "acq_time": "0158",
        "satellite": "N20",
        "instrument": "VIIRS",
        "confidence": "n",
        "version": "2.0NRT",
        "bright_ti5": 285.31,
        "frp": 1.97,
        "daynight": "N",
        "source_dataset": "VIIRS_NOAA20_NRT",
        "acq_datetime_utc": "2026-09-17T01:58:00Z",
        "age_hours": 43.8,
        "confidence_label": "nominal",
        "popup_label": "<strong>NASA FIRMS<\/strong><br>Sensor: VIIRS_NOAA20_NRT<br>Fecha UTC: 2026-09-17T01:58:00Z<br>Confianza: nominal<br>FRP: 1.97 MW"
      }
    },
    {
      "type": "Feature",
      "geometry": {
        "type": "Point",
        "coordinates": [-0.9215, 44.1882]
      },
      "properties": {
        "bright_ti4": 304.75,
        "scan": 0.41,
        "track": 0.37,
        "acq_date": "2026-09-17",
        "acq_time": "0158",
        "satellite": "N20",
        "instrument": "VIIRS",
        "confidence": "n",
        "version": "2.0NRT",
        "bright_ti5": 287.1,
        "frp": 1.87,
        "daynight": "N",
        "source_dataset": "VIIRS_NOAA20_NRT",
        "acq_datetime_utc": "2026-09-17T01:58:00Z",
        "age_hours": 43.8,
        "confidence_label": "nominal",
        "popup_label": "<strong>NASA FIRMS<\/strong><br>Sensor: VIIRS_NOAA20_NRT<br>Fecha UTC: 2026-09-17T01:58:00Z<br>Confianza: nominal<br>FRP: 1.87 MW"
      }
    },
    {
      "type": "Feature",
      "geometry": {
        "type": "Point",
        "coordinates": [-0.9266, 44.1889]
      },
      "properties": {
        "bright_ti4": 316.84,
        "scan": 0.41,
        "track": 0.37,
        "acq_date": "2026-09-17",
        "acq_time": "0158",
        "satellite": "N20",
        "instrument": "VIIRS",
        "confidence": "n",
        "version": "2.0NRT",
        "bright_ti5": 288,
        "frp": 1.97,
        "daynight": "N",
        "source_dataset": "VIIRS_NOAA20_NRT",
        "acq_datetime_utc": "2026-09-17T01:58:00Z",
        "age_hours": 43.8,
        "confidence_label": "nominal",
        "popup_label": "<strong>NASA FIRMS<\/strong><br>Sensor: VIIRS_NOAA20_NRT<br>Fecha UTC: 2026-09-17T01:58:00Z<br>Confianza: nominal<br>FRP: 1.97 MW"
      }
    },
    {
      "type": "Feature",
      "geometry": {
        "type": "Point",
        "coordinates": [-0.9317, 44.1896]
      },
      "properties": {
        "bright_ti4": 329.18,
        "scan": 0.41,
        "track": 0.37,
        "acq_date": "2026-09-17",
        "acq_time": "0158",
        "satellite": "N20",
        "instrument": "VIIRS",
        "confidence": "n",
        "version": "2.0NRT",
        "bright_ti5": 292.31,
        "frp": 1.97,
        "daynight": "N",
        "source_dataset": "VIIRS_NOAA20_NRT",
        "acq_datetime_utc": "2026-09-17T01:58:00Z",
        "age_hours": 43.8,
        "confidence_label": "nominal",
        "popup_label": "<strong>NASA FIRMS<\/strong><br>Sensor: VIIRS_NOAA20_NRT<br>Fecha UTC: 2026-09-17T01:58:00Z<br>Confianza: nominal<br>FRP: 1.97 MW"
      }
    },
    {
      "type": "Feature",
      "geometry": {
        "type": "Point",
        "coordinates": [-0.9368, 44.1903]
      },
      "properties": {
        "bright_ti4": 305.93,
        "scan": 0.41,
        "track": 0.37,
        "acq_date": "2026-09-17",
        "acq_time": "0158",
        "satellite": "N20",
        "instrument": "VIIRS",
        "confidence": "n",
        "version": "2.0NRT",
        "bright_ti5": 285.23,
        "frp": 1.65,
        "daynight": "N",
        "source_dataset": "VIIRS_NOAA20_NRT",
        "acq_datetime_utc": "2026-09-17T01:58:00Z",
        "age_hours": 43.8,
        "confidence_label": "nominal",
        "popup_label": "<strong>NASA FIRMS<\/strong><br>Sensor: VIIRS_NOAA20_NRT<br>Fecha UTC: 2026-09-17T01:58:00Z<br>Confianza: nominal<br>FRP: 1.65 MW"
      }
    }
  ]
}
