bright_ti4,scan,track,acq_date,acq_time,satellite,instrument,confidence,version,bright_ti5,frp,daynight,source_dataset,acq_datetime_utc,age_hours,confidence_label,popup_label,longitude,latitude
318.24,0.42,0.61,2026-09-28,0313,N,VIIRS,n,2.0NRT,286.05,1.89,N,VIIRS_SNPP_NRT,2026-09-28T03:13:00Z,5.7,nominal,<strong>NASA FIRMS</strong><br>Sensor: VIIRS_SNPP_NRT<br>Fecha UTC: 2026-09-28T03:13:00Z<br>Confianza: nominal<br>FRP: 1.89 MW,-3.47473,40.24271
315.87,0.42,0.61,2026-09-28,0313,N,VIIRS,n,2.0NRT,287.19,1.93,N,VIIRS_SNPP_NRT,2026-09-28T03:13:00Z,5.7,nominal,<strong>NASA FIRMS</strong><br>Sensor: VIIRS_SNPP_NRT<br>Fecha UTC: 2026-09-28T03:13:00Z<br>Confianza: nominal<br>FRP: 1.93 MW,-3.47397,40.24628
299.86,0.55,0.51,2026-09-28,0313,N,VIIRS,n,2.0NRT,280.65,1.31,N,VIIRS_SNPP_NRT,2026-09-28T03:13:00Z,5.7,nominal,<strong>NASA FIRMS</strong><br>Sensor: VIIRS_SNPP_NRT<br>Fecha UTC: 2026-09-28T03:13:00Z<br>Confianza: nominal<br>FRP: 1.31 MW,-5.69555,43.0446
338.7,0.55,0.51,2026-09-28,0313,N,VIIRS,n,2.0NRT,282.12,9.68,N,VIIRS_SNPP_NRT,2026-09-28T03:13:00Z,5.7,nominal,<strong>NASA FIRMS</strong><br>Sensor: VIIRS_SNPP_NRT<br>Fecha UTC: 2026-09-28T03:13:00Z<br>Confianza: nominal<br>FRP: 9.68 MW,-5.70191,43.04623
339.08,0.55,0.51,2026-09-28,0313,N,VIIRS,n,2.0NRT,285.24,14.14,N,VIIRS_SNPP_NRT,2026-09-28T03:13:00Z,5.7,nominal,<strong>NASA FIRMS</strong><br>Sensor: VIIRS_SNPP_NRT<br>Fecha UTC: 2026-09-28T03:13:00Z<br>Confianza: nominal<br>FRP: 14.14 MW,-5.69451,43.0494
338.59,0.55,0.51,2026-09-28,0313,N,VIIRS,n,2.0NRT,284.08,76.42,N,VIIRS_SNPP_NRT,2026-09-28T03:13:00Z,5.7,nominal,<strong>NASA FIRMS</strong><br>Sensor: VIIRS_SNPP_NRT<br>Fecha UTC: 2026-09-28T03:13:00Z<br>Confianza: nominal<br>FRP: 76.42 MW,-5.70621,43.05239
296.3,0.62,0.54,2026-09-28,0313,N,VIIRS,n,2.0NRT,282.52,1.52,N,VIIRS_SNPP_NRT,2026-09-28T03:13:00Z,5.7,nominal,<strong>NASA FIRMS</strong><br>Sensor: VIIRS_SNPP_NRT<br>Fecha UTC: 2026-09-28T03:13:00Z<br>Confianza: nominal<br>FRP: 1.52 MW,-4.65963,43.05318
298.91,0.62,0.54,2026-09-28,0313,N,VIIRS,n,2.0NRT,283.2,1.62,N,VIIRS_SNPP_NRT,2026-09-28T03:13:00Z,5.7,nominal,<strong>NASA FIRMS</strong><br>Sensor: VIIRS_SNPP_NRT<br>Fecha UTC: 2026-09-28T03:13:00Z<br>Confianza: nominal<br>FRP: 1.62 MW,-4.66112,43.05399
337.91,0.55,0.51,2026-09-28,0313,N,VIIRS,n,2.0NRT,305.07,76.42,N,VIIRS_SNPP_NRT,2026-09-28T03:13:00Z,5.7,nominal,<strong>NASA FIRMS</strong><br>Sensor: VIIRS_SNPP_NRT<br>Fecha UTC: 2026-09-28T03:13:00Z<br>Confianza: nominal<br>FRP: 76.42 MW,-5.69911,43.05563
311.14,0.55,0.51,2026-09-28,0313,N,VIIRS,n,2.0NRT,282.58,76.42,N,VIIRS_SNPP_NRT,2026-09-28T03:13:00Z,5.7,nominal,<strong>NASA FIRMS</strong><br>Sensor: VIIRS_SNPP_NRT<br>Fecha UTC: 2026-09-28T03:13:00Z<br>Confianza: nominal<br>FRP: 76.42 MW,-5.70395,43.05687
329.92,0.51,0.41,2026-09-28,0139,N,VIIRS,n,2.0NRT,294.81,8.12,N,VIIRS_SNPP_NRT,2026-09-28T01:39:00Z,7.2,nominal,<strong>NASA FIRMS</strong><br>Sensor: VIIRS_SNPP_NRT<br>Fecha UTC: 2026-09-28T01:39:00Z<br>Confianza: nominal<br>FRP: 8.12 MW,0.30176,28.10999
333.31,0.51,0.41,2026-09-28,0139,N,VIIRS,n,2.0NRT,295.96,10.66,N,VIIRS_SNPP_NRT,2026-09-28T01:39:00Z,7.2,nominal,<strong>NASA FIRMS</strong><br>Sensor: VIIRS_SNPP_NRT<br>Fecha UTC: 2026-09-28T01:39:00Z<br>Confianza: nominal<br>FRP: 10.66 MW,0.30535,28.11008
331.48,0.51,0.41,2026-09-28,0139,N,VIIRS,n,2.0NRT,298.5,11.74,N,VIIRS_SNPP_NRT,2026-09-28T01:39:00Z,7.2,nominal,<strong>NASA FIRMS</strong><br>Sensor: VIIRS_SNPP_NRT<br>Fecha UTC: 2026-09-28T01:39:00Z<br>Confianza: nominal<br>FRP: 11.74 MW,0.30238,28.11377
330.23,0.51,0.41,2026-09-28,0139,N,VIIRS,n,2.0NRT,296.33,3.31,N,VIIRS_SNPP_NRT,2026-09-28T01:39:00Z,7.2,nominal,<strong>NASA FIRMS</strong><br>Sensor: VIIRS_SNPP_NRT<br>Fecha UTC: 2026-09-28T01:39:00Z<br>Confianza: nominal<br>FRP: 3.31 MW,0.30596,28.11387
308.03,0.56,0.43,2026-09-28,0139,N,VIIRS,n,2.0NRT,286.27,0.62,N,VIIRS_SNPP_NRT,2026-09-28T01:39:00Z,7.2,nominal,<strong>NASA FIRMS</strong><br>Sensor: VIIRS_SNPP_NRT<br>Fecha UTC: 2026-09-28T01:39:00Z<br>Confianza: nominal<br>FRP: 0.62 MW,-0.5189,28.2011
329.72,0.54,0.42,2026-09-28,0139,N,VIIRS,n,2.0NRT,293.99,4.81,N,VIIRS_SNPP_NRT,2026-09-28T01:39:00Z,7.2,nominal,<strong>NASA FIRMS</strong><br>Sensor: VIIRS_SNPP_NRT<br>Fecha UTC: 2026-09-28T01:39:00Z<br>Confianza: nominal<br>FRP: 4.81 MW,-0.16103,28.21314
301.37,0.46,0.39,2026-09-28,0137,N,VIIRS,n,2.0NRT,288.8,0.84,N,VIIRS_SNPP_NRT,2026-09-28T01:37:00Z,7.3,nominal,<strong>NASA FIRMS</strong><br>Sensor: VIIRS_SNPP_NRT<br>Fecha UTC: 2026-09-28T01:37:00Z<br>Confianza: nominal<br>FRP: 0.84 MW,1.89994,30.91014
332.98,0.4,0.37,2026-09-28,0137,N,VIIRS,n,2.0NRT,292.81,4.67,N,VIIRS_SNPP_NRT,2026-09-28T01:37:00Z,7.3,nominal,<strong>NASA FIRMS</strong><br>Sensor: VIIRS_SNPP_NRT<br>Fecha UTC: 2026-09-28T01:37:00Z<br>Confianza: nominal<br>FRP: 4.67 MW,3.9871,32.27516
332.56,0.4,0.37,2026-09-28,0137,N,VIIRS,n,2.0NRT,294.43,3.9,N,VIIRS_SNPP_NRT,2026-09-28T01:37:00Z,7.3,nominal,<strong>NASA FIRMS</strong><br>Sensor: VIIRS_SNPP_NRT<br>Fecha UTC: 2026-09-28T01:37:00Z<br>Confianza: nominal<br>FRP: 3.9 MW,3.98778,32.27855
314.15,0.41,0.37,2026-09-28,0137,N,VIIRS,n,2.0NRT,292.1,0.95,N,VIIRS_SNPP_NRT,2026-09-28T01:37:00Z,7.3,nominal,<strong>NASA FIRMS</strong><br>Sensor: VIIRS_SNPP_NRT<br>Fecha UTC: 2026-09-28T01:37:00Z<br>Confianza: nominal<br>FRP: 0.95 MW,4.00584,32.40166
332.46,0.43,0.38,2026-09-28,0137,N,VIIRS,n,2.0NRT,287.11,3.65,N,VIIRS_SNPP_NRT,2026-09-28T01:37:00Z,7.3,nominal,<strong>NASA FIRMS</strong><br>Sensor: VIIRS_SNPP_NRT<br>Fecha UTC: 2026-09-28T01:37:00Z<br>Confianza: nominal<br>FRP: 3.65 MW,3.16902,32.55355
295.99,0.43,0.38,2026-09-28,0137,N,VIIRS,n,2.0NRT,284.57,0.49,N,VIIRS_SNPP_NRT,2026-09-28T01:37:00Z,7.3,nominal,<strong>NASA FIRMS</strong><br>Sensor: VIIRS_SNPP_NRT<br>Fecha UTC: 2026-09-28T01:37:00Z<br>Confianza: nominal<br>FRP: 0.49 MW,3.17294,32.74362
307.01,0.43,0.38,2026-09-28,0137,N,VIIRS,n,2.0NRT,283.79,1.53,N,VIIRS_SNPP_NRT,2026-09-28T01:37:00Z,7.3,nominal,<strong>NASA FIRMS</strong><br>Sensor: VIIRS_SNPP_NRT<br>Fecha UTC: 2026-09-28T01:37:00Z<br>Confianza: nominal<br>FRP: 1.53 MW,3.18278,32.74587
301.8,0.43,0.38,2026-09-28,0137,N,VIIRS,n,2.0NRT,283.63,0.53,N,VIIRS_SNPP_NRT,2026-09-28T01:37:00Z,7.3,nominal,<strong>NASA FIRMS</strong><br>Sensor: VIIRS_SNPP_NRT<br>Fecha UTC: 2026-09-28T01:37:00Z<br>Confianza: nominal<br>FRP: 0.53 MW,3.24005,32.83855
307.12,0.43,0.38,2026-09-28,0137,N,VIIRS,n,2.0NRT,288.54,1.38,N,VIIRS_SNPP_NRT,2026-09-28T01:37:00Z,7.3,nominal,<strong>NASA FIRMS</strong><br>Sensor: VIIRS_SNPP_NRT<br>Fecha UTC: 2026-09-28T01:37:00Z<br>Confianza: nominal<br>FRP: 1.38 MW,3.23145,32.9298
301.2,0.43,0.38,2026-09-28,0137,N,VIIRS,n,2.0NRT,288.95,0.62,N,VIIRS_SNPP_NRT,2026-09-28T01:37:00Z,7.3,nominal,<strong>NASA FIRMS</strong><br>Sensor: VIIRS_SNPP_NRT<br>Fecha UTC: 2026-09-28T01:37:00Z<br>Confianza: nominal<br>FRP: 0.62 MW,3.24591,32.93144
309.15,0.43,0.38,2026-09-28,0137,N,VIIRS,n,2.0NRT,291.88,1.8,N,VIIRS_SNPP_NRT,2026-09-28T01:37:00Z,7.3,nominal,<strong>NASA FIRMS</strong><br>Sensor: VIIRS_SNPP_NRT<br>Fecha UTC: 2026-09-28T01:37:00Z<br>Confianza: nominal<br>FRP: 1.8 MW,3.22289,32.93453
313.84,0.43,0.38,2026-09-28,0137,N,VIIRS,n,2.0NRT,290.19,1.09,N,VIIRS_SNPP_NRT,2026-09-28T01:37:00Z,7.3,nominal,<strong>NASA FIRMS</strong><br>Sensor: VIIRS_SNPP_NRT<br>Fecha UTC: 2026-09-28T01:37:00Z<br>Confianza: nominal<br>FRP: 1.09 MW,3.23277,32.93678
311.39,0.43,0.38,2026-09-28,0137,N,VIIRS,n,2.0NRT,290.2,6.08,N,VIIRS_SNPP_NRT,2026-09-28T01:37:00Z,7.3,nominal,<strong>NASA FIRMS</strong><br>Sensor: VIIRS_SNPP_NRT<br>Fecha UTC: 2026-09-28T01:37:00Z<br>Confianza: nominal<br>FRP: 6.08 MW,3.22949,32.94438
337.72,0.43,0.38,2026-09-28,0137,N,VIIRS,n,2.0NRT,294.32,6.08,N,VIIRS_SNPP_NRT,2026-09-28T01:37:00Z,7.3,nominal,<strong>NASA FIRMS</strong><br>Sensor: VIIRS_SNPP_NRT<br>Fecha UTC: 2026-09-28T01:37:00Z<br>Confianza: nominal<br>FRP: 6.08 MW,3.23017,32.94787
300.57,0.43,0.38,2026-09-28,0137,N,VIIRS,n,2.0NRT,290.01,2.07,N,VIIRS_SNPP_NRT,2026-09-28T01:37:00Z,7.3,nominal,<strong>NASA FIRMS</strong><br>Sensor: VIIRS_SNPP_NRT<br>Fecha UTC: 2026-09-28T01:37:00Z<br>Confianza: nominal<br>FRP: 2.07 MW,3.22556,32.94849
312.74,0.43,0.38,2026-09-28,0137,N,VIIRS,n,2.0NRT,290.32,0.68,N,VIIRS_SNPP_NRT,2026-09-28T01:37:00Z,7.3,nominal,<strong>NASA FIRMS</strong><br>Sensor: VIIRS_SNPP_NRT<br>Fecha UTC: 2026-09-28T01:37:00Z<br>Confianza: nominal<br>FRP: 0.68 MW,3.32038,33.12632
302.58,0.43,0.38,2026-09-28,0137,N,VIIRS,n,2.0NRT,289.18,0.68,N,VIIRS_SNPP_NRT,2026-09-28T01:37:00Z,7.3,nominal,<strong>NASA FIRMS</strong><br>Sensor: VIIRS_SNPP_NRT<br>Fecha UTC: 2026-09-28T01:37:00Z<br>Confianza: nominal<br>FRP: 0.68 MW,3.31578,33.12693
302.1,0.43,0.38,2026-09-28,0137,N,VIIRS,n,2.0NRT,289.37,0.68,N,VIIRS_SNPP_NRT,2026-09-28T01:37:00Z,7.3,nominal,<strong>NASA FIRMS</strong><br>Sensor: VIIRS_SNPP_NRT<br>Fecha UTC: 2026-09-28T01:37:00Z<br>Confianza: nominal<br>FRP: 0.68 MW,3.31644,33.13042
300.58,0.43,0.38,2026-09-28,0137,N,VIIRS,n,2.0NRT,289.78,1.3,N,VIIRS_SNPP_NRT,2026-09-28T01:37:00Z,7.3,nominal,<strong>NASA FIRMS</strong><br>Sensor: VIIRS_SNPP_NRT<br>Fecha UTC: 2026-09-28T01:37:00Z<br>Confianza: nominal<br>FRP: 1.3 MW,3.36951,33.13757
307.56,0.43,0.38,2026-09-28,0137,N,VIIRS,n,2.0NRT,289.67,0.88,N,VIIRS_SNPP_NRT,2026-09-28T01:37:00Z,7.3,nominal,<strong>NASA FIRMS</strong><br>Sensor: VIIRS_SNPP_NRT<br>Fecha UTC: 2026-09-28T01:37:00Z<br>Confianza: nominal<br>FRP: 0.88 MW,3.3656,33.14166
303.95,0.49,0.41,2026-09-28,0137,N,VIIRS,n,2.0NRT,287.99,0.86,N,VIIRS_SNPP_NRT,2026-09-28T01:37:00Z,7.3,nominal,<strong>NASA FIRMS</strong><br>Sensor: VIIRS_SNPP_NRT<br>Fecha UTC: 2026-09-28T01:37:00Z<br>Confianza: nominal<br>FRP: 0.86 MW,2.05967,34.43803
298.76,0.49,0.41,2026-09-28,0137,N,VIIRS,n,2.0NRT,286.98,0.58,N,VIIRS_SNPP_NRT,2026-09-28T01:37:00Z,7.3,nominal,<strong>NASA FIRMS</strong><br>Sensor: VIIRS_SNPP_NRT<br>Fecha UTC: 2026-09-28T01:37:00Z<br>Confianza: nominal<br>FRP: 0.58 MW,2.06073,34.43836
313.53,0.42,0.37,2026-09-28,0137,N,VIIRS,n,2.0NRT,292.37,1.3,N,VIIRS_SNPP_NRT,2026-09-28T01:37:00Z,7.3,nominal,<strong>NASA FIRMS</strong><br>Sensor: VIIRS_SNPP_NRT<br>Fecha UTC: 2026-09-28T01:37:00Z<br>Confianza: nominal<br>FRP: 1.3 MW,4.47507,35.70864
302.72,0.42,0.37,2026-09-28,0137,N,VIIRS,n,2.0NRT,290.15,0.47,N,VIIRS_SNPP_NRT,2026-09-28T01:37:00Z,7.3,nominal,<strong>NASA FIRMS</strong><br>Sensor: VIIRS_SNPP_NRT<br>Fecha UTC: 2026-09-28T01:37:00Z<br>Confianza: nominal<br>FRP: 0.47 MW,4.44998,35.8785
312.61,0.41,0.37,2026-09-28,0137,N,VIIRS,n,2.0NRT,288.23,1.05,N,VIIRS_SNPP_NRT,2026-09-28T01:37:00Z,7.3,nominal,<strong>NASA FIRMS</strong><br>Sensor: VIIRS_SNPP_NRT<br>Fecha UTC: 2026-09-28T01:37:00Z<br>Confianza: nominal<br>FRP: 1.05 MW,4.61241,36.08624
300.39,0.56,0.43,2026-09-28,0137,N,VIIRS,n,2.0NRT,282.07,1.83,N,VIIRS_SNPP_NRT,2026-09-28T01:37:00Z,7.3,nominal,<strong>NASA FIRMS</strong><br>Sensor: VIIRS_SNPP_NRT<br>Fecha UTC: 2026-09-28T01:37:00Z<br>Confianza: nominal<br>FRP: 1.83 MW,1.23958,36.12972
302.24,0.42,0.38,2026-09-28,0134,N,VIIRS,n,2.0NRT,289.37,0.89,N,VIIRS_SNPP_NRT,2026-09-28T01:34:00Z,7.3,nominal,<strong>NASA FIRMS</strong><br>Sensor: VIIRS_SNPP_NRT<br>Fecha UTC: 2026-09-28T01:34:00Z<br>Confianza: nominal<br>FRP: 0.89 MW,4.44876,36.51856
301.62,0.48,0.4,2026-09-28,0134,N,VIIRS,n,2.0NRT,290.48,0.91,N,VIIRS_SNPP_NRT,2026-09-28T01:34:00Z,7.3,nominal,<strong>NASA FIRMS</strong><br>Sensor: VIIRS_SNPP_NRT<br>Fecha UTC: 2026-09-28T01:34:00Z<br>Confianza: nominal<br>FRP: 0.91 MW,2.87983,36.59439
308.48,0.48,0.4,2026-09-28,0134,N,VIIRS,n,2.0NRT,291.78,0.87,N,VIIRS_SNPP_NRT,2026-09-28T01:34:00Z,7.3,nominal,<strong>NASA FIRMS</strong><br>Sensor: VIIRS_SNPP_NRT<br>Fecha UTC: 2026-09-28T01:34:00Z<br>Confianza: nominal<br>FRP: 0.87 MW,2.8788,36.59618
308.19,0.47,0.4,2026-09-28,0134,N,VIIRS,n,2.0NRT,291.04,1.31,N,VIIRS_SNPP_NRT,2026-09-28T01:34:00Z,7.3,nominal,<strong>NASA FIRMS</strong><br>Sensor: VIIRS_SNPP_NRT<br>Fecha UTC: 2026-09-28T01:34:00Z<br>Confianza: nominal<br>FRP: 1.31 MW,3.13634,36.59722
306.44,0.46,0.39,2026-09-28,0134,N,VIIRS,n,2.0NRT,288.67,0.83,N,VIIRS_SNPP_NRT,2026-09-28T01:34:00Z,7.3,nominal,<strong>NASA FIRMS</strong><br>Sensor: VIIRS_SNPP_NRT<br>Fecha UTC: 2026-09-28T01:34:00Z<br>Confianza: nominal<br>FRP: 0.83 MW,3.23371,36.62983
304.02,0.47,0.4,2026-09-28,0134,N,VIIRS,n,2.0NRT,290.7,0.52,N,VIIRS_SNPP_NRT,2026-09-28T01:34:00Z,7.3,nominal,<strong>NASA FIRMS</strong><br>Sensor: VIIRS_SNPP_NRT<br>Fecha UTC: 2026-09-28T01:34:00Z<br>Confianza: nominal<br>FRP: 0.52 MW,3.1206,36.68008
316.87,0.47,0.4,2026-09-28,0134,N,VIIRS,n,2.0NRT,293.64,1.25,N,VIIRS_SNPP_NRT,2026-09-28T01:34:00Z,7.3,nominal,<strong>NASA FIRMS</strong><br>Sensor: VIIRS_SNPP_NRT<br>Fecha UTC: 2026-09-28T01:34:00Z<br>Confianza: nominal<br>FRP: 1.25 MW,3.07953,36.74863
299.09,0.49,0.48,2026-09-28,0134,N,VIIRS,n,2.0NRT,283.35,0.98,N,VIIRS_SNPP_NRT,2026-09-28T01:34:00Z,7.3,nominal,<strong>NASA FIRMS</strong><br>Sensor: VIIRS_SNPP_NRT<br>Fecha UTC: 2026-09-28T01:34:00Z<br>Confianza: nominal<br>FRP: 0.98 MW,-0.24898,39.66266
314.95,0.39,0.59,2026-09-28,0134,N,VIIRS,n,2.0NRT,257.69,1.48,N,VIIRS_SNPP_NRT,2026-09-28T01:34:00Z,7.3,nominal,<strong>NASA FIRMS</strong><br>Sensor: VIIRS_SNPP_NRT<br>Fecha UTC: 2026-09-28T01:34:00Z<br>Confianza: nominal<br>FRP: 1.48 MW,-4.01659,40.08694
310.34,0.37,0.58,2026-09-28,0134,N,VIIRS,n,2.0NRT,271.93,1.14,N,VIIRS_SNPP_NRT,2026-09-28T01:34:00Z,7.3,nominal,<strong>NASA FIRMS</strong><br>Sensor: VIIRS_SNPP_NRT<br>Fecha UTC: 2026-09-28T01:34:00Z<br>Confianza: nominal<br>FRP: 1.14 MW,-3.47459,40.24536
297.06,0.37,0.58,2026-09-28,0134,N,VIIRS,n,2.0NRT,271.19,0.95,N,VIIRS_SNPP_NRT,2026-09-28T01:34:00Z,7.3,nominal,<strong>NASA FIRMS</strong><br>Sensor: VIIRS_SNPP_NRT<br>Fecha UTC: 2026-09-28T01:34:00Z<br>Confianza: nominal<br>FRP: 0.95 MW,-3.47348,40.24679
304.67,0.41,0.45,2026-09-28,0134,N,VIIRS,n,2.0NRT,288.76,0.58,N,VIIRS_SNPP_NRT,2026-09-28T01:34:00Z,7.3,nominal,<strong>NASA FIRMS</strong><br>Sensor: VIIRS_SNPP_NRT<br>Fecha UTC: 2026-09-28T01:34:00Z<br>Confianza: nominal<br>FRP: 0.58 MW,1.66336,41.31288
318.89,0.42,0.45,2026-09-28,0134,N,VIIRS,n,2.0NRT,277.06,2.08,N,VIIRS_SNPP_NRT,2026-09-28T01:34:00Z,7.3,nominal,<strong>NASA FIRMS</strong><br>Sensor: VIIRS_SNPP_NRT<br>Fecha UTC: 2026-09-28T01:34:00Z<br>Confianza: nominal<br>FRP: 2.08 MW,1.76298,42.69183
311.13,0.42,0.45,2026-09-28,0134,N,VIIRS,n,2.0NRT,273.91,2.08,N,VIIRS_SNPP_NRT,2026-09-28T01:34:00Z,7.3,nominal,<strong>NASA FIRMS</strong><br>Sensor: VIIRS_SNPP_NRT<br>Fecha UTC: 2026-09-28T01:34:00Z<br>Confianza: nominal<br>FRP: 2.08 MW,1.75834,42.69227
311.56,0.42,0.45,2026-09-28,0134,N,VIIRS,n,2.0NRT,281.11,2.05,N,VIIRS_SNPP_NRT,2026-09-28T01:34:00Z,7.3,nominal,<strong>NASA FIRMS</strong><br>Sensor: VIIRS_SNPP_NRT<br>Fecha UTC: 2026-09-28T01:34:00Z<br>Confianza: nominal<br>FRP: 2.05 MW,1.7634,42.696040000000004
304.79,0.42,0.45,2026-09-28,0134,N,VIIRS,n,2.0NRT,277.47,2.05,N,VIIRS_SNPP_NRT,2026-09-28T01:34:00Z,7.3,nominal,<strong>NASA FIRMS</strong><br>Sensor: VIIRS_SNPP_NRT<br>Fecha UTC: 2026-09-28T01:34:00Z<br>Confianza: nominal<br>FRP: 2.05 MW,1.75871,42.69649
320.76,0.42,0.45,2026-09-28,0134,N,VIIRS,n,2.0NRT,281.45,2.05,N,VIIRS_SNPP_NRT,2026-09-28T01:34:00Z,7.3,nominal,<strong>NASA FIRMS</strong><br>Sensor: VIIRS_SNPP_NRT<br>Fecha UTC: 2026-09-28T01:34:00Z<br>Confianza: nominal<br>FRP: 2.05 MW,1.76428,42.70021
327.8,0.42,0.45,2026-09-28,0134,N,VIIRS,n,2.0NRT,281.65,1.44,N,VIIRS_SNPP_NRT,2026-09-28T01:34:00Z,7.3,nominal,<strong>NASA FIRMS</strong><br>Sensor: VIIRS_SNPP_NRT<br>Fecha UTC: 2026-09-28T01:34:00Z<br>Confianza: nominal<br>FRP: 1.44 MW,1.76551,42.70046
308.88,0.42,0.45,2026-09-28,0134,N,VIIRS,n,2.0NRT,275.7,1.08,N,VIIRS_SNPP_NRT,2026-09-28T01:34:00Z,7.3,nominal,<strong>NASA FIRMS</strong><br>Sensor: VIIRS_SNPP_NRT<br>Fecha UTC: 2026-09-28T01:34:00Z<br>Confianza: nominal<br>FRP: 1.08 MW,1.76502,42.7044
304.04,0.42,0.45,2026-09-28,0134,N,VIIRS,n,2.0NRT,276.18,1.44,N,VIIRS_SNPP_NRT,2026-09-28T01:34:00Z,7.3,nominal,<strong>NASA FIRMS</strong><br>Sensor: VIIRS_SNPP_NRT<br>Fecha UTC: 2026-09-28T01:34:00Z<br>Confianza: nominal<br>FRP: 1.44 MW,1.76626,42.70464
296.31,0.41,0.45,2026-09-28,0134,N,VIIRS,n,2.0NRT,267.96,2.62,N,VIIRS_SNPP_NRT,2026-09-28T01:34:00Z,7.3,nominal,<strong>NASA FIRMS</strong><br>Sensor: VIIRS_SNPP_NRT<br>Fecha UTC: 2026-09-28T01:34:00Z<br>Confianza: nominal<br>FRP: 2.62 MW,1.9988,42.7047
320.52,0.41,0.45,2026-09-28,0134,N,VIIRS,n,2.0NRT,268.74,2.62,N,VIIRS_SNPP_NRT,2026-09-28T01:34:00Z,7.3,nominal,<strong>NASA FIRMS</strong><br>Sensor: VIIRS_SNPP_NRT<br>Fecha UTC: 2026-09-28T01:34:00Z<br>Confianza: nominal<br>FRP: 2.62 MW,1.99426,42.70513
321.77,0.41,0.45,2026-09-28,0134,N,VIIRS,n,2.0NRT,271.74,2.62,N,VIIRS_SNPP_NRT,2026-09-28T01:34:00Z,7.3,nominal,<strong>NASA FIRMS</strong><br>Sensor: VIIRS_SNPP_NRT<br>Fecha UTC: 2026-09-28T01:34:00Z<br>Confianza: nominal<br>FRP: 2.62 MW,2.00046,42.70876
333.67,0.41,0.45,2026-09-28,0134,N,VIIRS,n,2.0NRT,275.54,2.62,N,VIIRS_SNPP_NRT,2026-09-28T01:34:00Z,7.3,nominal,<strong>NASA FIRMS</strong><br>Sensor: VIIRS_SNPP_NRT<br>Fecha UTC: 2026-09-28T01:34:00Z<br>Confianza: nominal<br>FRP: 2.62 MW,1.99626,42.70915
305.39,0.41,0.45,2026-09-28,0134,N,VIIRS,n,2.0NRT,269.09,2.12,N,VIIRS_SNPP_NRT,2026-09-28T01:34:00Z,7.3,nominal,<strong>NASA FIRMS</strong><br>Sensor: VIIRS_SNPP_NRT<br>Fecha UTC: 2026-09-28T01:34:00Z<br>Confianza: nominal<br>FRP: 2.12 MW,1.99158,42.70959
296.46,0.43,0.46,2026-09-28,0134,N,VIIRS,n,2.0NRT,260.9,0.6,N,VIIRS_SNPP_NRT,2026-09-28T01:34:00Z,7.3,nominal,<strong>NASA FIRMS</strong><br>Sensor: VIIRS_SNPP_NRT<br>Fecha UTC: 2026-09-28T01:34:00Z<br>Confianza: nominal<br>FRP: 0.6 MW,1.50157,42.89854
327.59,0.43,0.46,2026-09-28,0134,N,VIIRS,n,2.0NRT,261.44,3.61,N,VIIRS_SNPP_NRT,2026-09-28T01:34:00Z,7.3,nominal,<strong>NASA FIRMS</strong><br>Sensor: VIIRS_SNPP_NRT<br>Fecha UTC: 2026-09-28T01:34:00Z<br>Confianza: nominal<br>FRP: 3.61 MW,1.49622,42.89902
320.35,0.43,0.46,2026-09-28,0134,N,VIIRS,n,2.0NRT,260.28,3.61,N,VIIRS_SNPP_NRT,2026-09-28T01:34:00Z,7.3,nominal,<strong>NASA FIRMS</strong><br>Sensor: VIIRS_SNPP_NRT<br>Fecha UTC: 2026-09-28T01:34:00Z<br>Confianza: nominal<br>FRP: 3.61 MW,1.49083,42.8995
311.54,0.44,0.46,2026-09-28,0134,N,VIIRS,n,2.0NRT,258.67,2.18,N,VIIRS_SNPP_NRT,2026-09-28T01:34:00Z,7.3,nominal,<strong>NASA FIRMS</strong><br>Sensor: VIIRS_SNPP_NRT<br>Fecha UTC: 2026-09-28T01:34:00Z<br>Confianza: nominal<br>FRP: 2.18 MW,1.48528,42.89999
339.74,0.43,0.46,2026-09-28,0134,N,VIIRS,n,2.0NRT,264.76,3.61,N,VIIRS_SNPP_NRT,2026-09-28T01:34:00Z,7.3,nominal,<strong>NASA FIRMS</strong><br>Sensor: VIIRS_SNPP_NRT<br>Fecha UTC: 2026-09-28T01:34:00Z<br>Confianza: nominal<br>FRP: 3.61 MW,1.49826,42.90315
309.83,0.43,0.46,2026-09-28,0134,N,VIIRS,n,2.0NRT,260.73,3.61,N,VIIRS_SNPP_NRT,2026-09-28T01:34:00Z,7.3,nominal,<strong>NASA FIRMS</strong><br>Sensor: VIIRS_SNPP_NRT<br>Fecha UTC: 2026-09-28T01:34:00Z<br>Confianza: nominal<br>FRP: 3.61 MW,1.49286,42.90364
327.95,0.44,0.46,2026-09-28,0134,N,VIIRS,n,2.0NRT,262.73,2.18,N,VIIRS_SNPP_NRT,2026-09-28T01:34:00Z,7.3,nominal,<strong>NASA FIRMS</strong><br>Sensor: VIIRS_SNPP_NRT<br>Fecha UTC: 2026-09-28T01:34:00Z<br>Confianza: nominal<br>FRP: 2.18 MW,1.48763,42.90411
296.96,0.44,0.46,2026-09-28,0134,N,VIIRS,n,2.0NRT,258.23,2.18,N,VIIRS_SNPP_NRT,2026-09-28T01:34:00Z,7.3,nominal,<strong>NASA FIRMS</strong><br>Sensor: VIIRS_SNPP_NRT<br>Fecha UTC: 2026-09-28T01:34:00Z<br>Confianza: nominal<br>FRP: 2.18 MW,1.48195,42.90461
305.54,0.47,0.4,2026-09-28,0134,N,VIIRS,n,2.0NRT,290.72,1.15,N,VIIRS_SNPP_NRT,2026-09-28T01:34:00Z,7.3,nominal,<strong>NASA FIRMS</strong><br>Sensor: VIIRS_SNPP_NRT<br>Fecha UTC: 2026-09-28T01:34:00Z<br>Confianza: nominal<br>FRP: 1.15 MW,4.88983,43.42941
312.74,0.47,0.4,2026-09-28,0134,N,VIIRS,n,2.0NRT,290.62,1.31,N,VIIRS_SNPP_NRT,2026-09-28T01:34:00Z,7.3,nominal,<strong>NASA FIRMS</strong><br>Sensor: VIIRS_SNPP_NRT<br>Fecha UTC: 2026-09-28T01:34:00Z<br>Confianza: nominal<br>FRP: 1.31 MW,4.89649,43.43237
305.91,0.47,0.4,2026-09-28,0134,N,VIIRS,n,2.0NRT,290.58,1.67,N,VIIRS_SNPP_NRT,2026-09-28T01:34:00Z,7.3,nominal,<strong>NASA FIRMS</strong><br>Sensor: VIIRS_SNPP_NRT<br>Fecha UTC: 2026-09-28T01:34:00Z<br>Confianza: nominal<br>FRP: 1.67 MW,4.89145,43.43671
333.36,0.47,0.4,2026-09-28,0134,N,VIIRS,n,2.0NRT,291.82,4.85,N,VIIRS_SNPP_NRT,2026-09-28T01:34:00Z,7.3,nominal,<strong>NASA FIRMS</strong><br>Sensor: VIIRS_SNPP_NRT<br>Fecha UTC: 2026-09-28T01:34:00Z<br>Confianza: nominal<br>FRP: 4.85 MW,4.87972,43.4381
301.85,0.47,0.4,2026-09-28,0134,N,VIIRS,n,2.0NRT,290.72,1.63,N,VIIRS_SNPP_NRT,2026-09-28T01:34:00Z,7.3,nominal,<strong>NASA FIRMS</strong><br>Sensor: VIIRS_SNPP_NRT<br>Fecha UTC: 2026-09-28T01:34:00Z<br>Confianza: nominal<br>FRP: 1.63 MW,4.89226,43.44037
320.39,0.47,0.4,2026-09-28,0134,N,VIIRS,n,2.0NRT,289.8,1.7,N,VIIRS_SNPP_NRT,2026-09-28T01:34:00Z,7.3,nominal,<strong>NASA FIRMS</strong><br>Sensor: VIIRS_SNPP_NRT<br>Fecha UTC: 2026-09-28T01:34:00Z<br>Confianza: nominal<br>FRP: 1.7 MW,4.89892,43.44332
317.52,0.47,0.4,2026-09-28,0134,N,VIIRS,n,2.0NRT,289.91,4.93,N,VIIRS_SNPP_NRT,2026-09-28T01:34:00Z,7.3,nominal,<strong>NASA FIRMS</strong><br>Sensor: VIIRS_SNPP_NRT<br>Fecha UTC: 2026-09-28T01:34:00Z<br>Confianza: nominal<br>FRP: 4.93 MW,4.90125,43.44569
341.19,0.47,0.4,2026-09-28,0134,N,VIIRS,n,2.0NRT,291.37,4.93,N,VIIRS_SNPP_NRT,2026-09-28T01:34:00Z,7.3,nominal,<strong>NASA FIRMS</strong><br>Sensor: VIIRS_SNPP_NRT<br>Fecha UTC: 2026-09-28T01:34:00Z<br>Confianza: nominal<br>FRP: 4.93 MW,4.89539,43.44637
315.15,0.47,0.4,2026-09-28,0134,N,VIIRS,n,2.0NRT,290.14,2.71,N,VIIRS_SNPP_NRT,2026-09-28T01:34:00Z,7.3,nominal,<strong>NASA FIRMS</strong><br>Sensor: VIIRS_SNPP_NRT<br>Fecha UTC: 2026-09-28T01:34:00Z<br>Confianza: nominal<br>FRP: 2.71 MW,4.89973,43.44698
328.64,0.47,0.4,2026-09-28,0134,N,VIIRS,n,2.0NRT,290.15,4.71,N,VIIRS_SNPP_NRT,2026-09-28T01:34:00Z,7.3,nominal,<strong>NASA FIRMS</strong><br>Sensor: VIIRS_SNPP_NRT<br>Fecha UTC: 2026-09-28T01:34:00Z<br>Confianza: nominal<br>FRP: 4.71 MW,4.89387,43.44768
339.41,0.47,0.4,2026-09-27,1316,N,VIIRS,l,2.0NRT,312.29,5.7,D,VIIRS_SNPP_NRT,2026-09-27T13:16:00Z,19.6,baja,<strong>NASA FIRMS</strong><br>Sensor: VIIRS_SNPP_NRT<br>Fecha UTC: 2026-09-27T13:16:00Z<br>Confianza: baja<br>FRP: 5.7 MW,-5.63853,38.34481
340.55,0.41,0.45,2026-09-27,1316,N,VIIRS,n,2.0NRT,294.32,8.33,D,VIIRS_SNPP_NRT,2026-09-27T13:16:00Z,19.6,nominal,<strong>NASA FIRMS</strong><br>Sensor: VIIRS_SNPP_NRT<br>Fecha UTC: 2026-09-27T13:16:00Z<br>Confianza: nominal<br>FRP: 8.33 MW,-8.93764,39.69119
347.22,0.48,0.4,2026-09-27,1316,N,VIIRS,n,2.0NRT,280.64,17.75,D,VIIRS_SNPP_NRT,2026-09-27T13:16:00Z,19.6,nominal,<strong>NASA FIRMS</strong><br>Sensor: VIIRS_SNPP_NRT<br>Fecha UTC: 2026-09-27T13:16:00Z<br>Confianza: nominal<br>FRP: 17.75 MW,1.76686,42.6972
346.53,0.48,0.4,2026-09-27,1316,N,VIIRS,n,2.0NRT,281.77,17.75,D,VIIRS_SNPP_NRT,2026-09-27T13:16:00Z,19.6,nominal,<strong>NASA FIRMS</strong><br>Sensor: VIIRS_SNPP_NRT<br>Fecha UTC: 2026-09-27T13:16:00Z<br>Confianza: nominal<br>FRP: 17.75 MW,1.75976,42.70012
348.01,0.48,0.4,2026-09-27,1316,N,VIIRS,n,2.0NRT,283.19,17.75,D,VIIRS_SNPP_NRT,2026-09-27T13:16:00Z,19.6,nominal,<strong>NASA FIRMS</strong><br>Sensor: VIIRS_SNPP_NRT<br>Fecha UTC: 2026-09-27T13:16:00Z<br>Confianza: nominal<br>FRP: 17.75 MW,1.76582,42.70082
344.71,0.49,0.4,2026-09-27,1316,N,VIIRS,n,2.0NRT,296.98,13.17,D,VIIRS_SNPP_NRT,2026-09-27T13:16:00Z,19.6,nominal,<strong>NASA FIRMS</strong><br>Sensor: VIIRS_SNPP_NRT<br>Fecha UTC: 2026-09-27T13:16:00Z<br>Confianza: nominal<br>FRP: 13.17 MW,1.99283,42.7079
353.04,0.49,0.4,2026-09-27,1316,N,VIIRS,n,2.0NRT,300.08,30.2,D,VIIRS_SNPP_NRT,2026-09-27T13:16:00Z,19.6,nominal,<strong>NASA FIRMS</strong><br>Sensor: VIIRS_SNPP_NRT<br>Fecha UTC: 2026-09-27T13:16:00Z<br>Confianza: nominal<br>FRP: 30.2 MW,1.99904,42.7086
341.83,0.49,0.4,2026-09-27,1316,N,VIIRS,n,2.0NRT,285.29,13.17,D,VIIRS_SNPP_NRT,2026-09-27T13:16:00Z,19.6,nominal,<strong>NASA FIRMS</strong><br>Sensor: VIIRS_SNPP_NRT<br>Fecha UTC: 2026-09-27T13:16:00Z<br>Confianza: nominal<br>FRP: 13.17 MW,1.99126,42.7115
338.38,0.47,0.4,2026-09-27,1316,N,VIIRS,n,2.0NRT,301.94,5.58,D,VIIRS_SNPP_NRT,2026-09-27T13:16:00Z,19.6,nominal,<strong>NASA FIRMS</strong><br>Sensor: VIIRS_SNPP_NRT<br>Fecha UTC: 2026-09-27T13:16:00Z<br>Confianza: nominal<br>FRP: 5.58 MW,1.51457,42.89741
334.08,0.47,0.4,2026-09-27,1316,N,VIIRS,n,2.0NRT,300.94,6.4,D,VIIRS_SNPP_NRT,2026-09-27T13:16:00Z,19.6,nominal,<strong>NASA FIRMS</strong><br>Sensor: VIIRS_SNPP_NRT<br>Fecha UTC: 2026-09-27T13:16:00Z<br>Confianza: nominal<br>FRP: 6.4 MW,1.5164,42.89786
331.18,0.47,0.4,2026-09-27,1316,N,VIIRS,n,2.0NRT,300.9,7.96,D,VIIRS_SNPP_NRT,2026-09-27T13:16:00Z,19.6,nominal,<strong>NASA FIRMS</strong><br>Sensor: VIIRS_SNPP_NRT<br>Fecha UTC: 2026-09-27T13:16:00Z<br>Confianza: nominal<br>FRP: 7.96 MW,1.50359,42.90007
352.5,0.47,0.4,2026-09-27,1316,N,VIIRS,n,2.0NRT,299.61,14.46,D,VIIRS_SNPP_NRT,2026-09-27T13:16:00Z,19.6,nominal,<strong>NASA FIRMS</strong><br>Sensor: VIIRS_SNPP_NRT<br>Fecha UTC: 2026-09-27T13:16:00Z<br>Confianza: nominal<br>FRP: 14.46 MW,1.49491,42.90262
349.61,0.47,0.4,2026-09-27,1316,N,VIIRS,n,2.0NRT,312.02,14.46,D,VIIRS_SNPP_NRT,2026-09-27T13:16:00Z,19.6,nominal,<strong>NASA FIRMS</strong><br>Sensor: VIIRS_SNPP_NRT<br>Fecha UTC: 2026-09-27T13:16:00Z<br>Confianza: nominal<br>FRP: 14.46 MW,1.50049,42.90326
331.64,0.47,0.4,2026-09-27,1316,N,VIIRS,n,2.0NRT,293.64,6.46,D,VIIRS_SNPP_NRT,2026-09-27T13:16:00Z,19.6,nominal,<strong>NASA FIRMS</strong><br>Sensor: VIIRS_SNPP_NRT<br>Fecha UTC: 2026-09-27T13:16:00Z<br>Confianza: nominal<br>FRP: 6.46 MW,1.49398,42.90623
337.75,0.51,0.41,2026-09-27,1316,N,VIIRS,n,2.0NRT,298.22,10.47,D,VIIRS_SNPP_NRT,2026-09-27T13:16:00Z,19.6,nominal,<strong>NASA FIRMS</strong><br>Sensor: VIIRS_SNPP_NRT<br>Fecha UTC: 2026-09-27T13:16:00Z<br>Confianza: nominal<br>FRP: 10.47 MW,2.29421,43.2159
352.56,0.51,0.41,2026-09-27,1316,N,VIIRS,n,2.0NRT,302.99,10.47,D,VIIRS_SNPP_NRT,2026-09-27T13:16:00Z,19.6,nominal,<strong>NASA FIRMS</strong><br>Sensor: VIIRS_SNPP_NRT<br>Fecha UTC: 2026-09-27T13:16:00Z<br>Confianza: nominal<br>FRP: 10.47 MW,2.30048,43.21656
355.98,0.51,0.41,2026-09-27,1316,N,VIIRS,n,2.0NRT,303.78,14.7,D,VIIRS_SNPP_NRT,2026-09-27T13:16:00Z,19.6,nominal,<strong>NASA FIRMS</strong><br>Sensor: VIIRS_SNPP_NRT<br>Fecha UTC: 2026-09-27T13:16:00Z<br>Confianza: nominal<br>FRP: 14.7 MW,2.30676,43.21722
332.92,0.51,0.41,2026-09-27,1316,N,VIIRS,n,2.0NRT,298.26,14.7,D,VIIRS_SNPP_NRT,2026-09-27T13:16:00Z,19.6,nominal,<strong>NASA FIRMS</strong><br>Sensor: VIIRS_SNPP_NRT<br>Fecha UTC: 2026-09-27T13:16:00Z<br>Confianza: nominal<br>FRP: 14.7 MW,2.31305,43.21788
335.39,0.51,0.41,2026-09-27,1316,N,VIIRS,n,2.0NRT,296.05,10.47,D,VIIRS_SNPP_NRT,2026-09-27T13:16:00Z,19.6,nominal,<strong>NASA FIRMS</strong><br>Sensor: VIIRS_SNPP_NRT<br>Fecha UTC: 2026-09-27T13:16:00Z<br>Confianza: nominal<br>FRP: 10.47 MW,2.2935,43.21967
334.83,0.44,0.46,2026-09-27,1316,N,VIIRS,n,2.0NRT,300.34,5.34,D,VIIRS_SNPP_NRT,2026-09-27T13:16:00Z,19.6,nominal,<strong>NASA FIRMS</strong><br>Sensor: VIIRS_SNPP_NRT<br>Fecha UTC: 2026-09-27T13:16:00Z<br>Confianza: nominal<br>FRP: 5.34 MW,4.89802,43.44704
334.84,0.43,0.46,2026-09-27,1316,N,VIIRS,n,2.0NRT,302.23,8.16,D,VIIRS_SNPP_NRT,2026-09-27T13:16:00Z,19.6,nominal,<strong>NASA FIRMS</strong><br>Sensor: VIIRS_SNPP_NRT<br>Fecha UTC: 2026-09-27T13:16:00Z<br>Confianza: nominal<br>FRP: 8.16 MW,4.5117,43.69181
367,0.43,0.46,2026-09-27,1316,N,VIIRS,h,2.0NRT,304.14,43.78,D,VIIRS_SNPP_NRT,2026-09-27T13:16:00Z,19.6,alta,<strong>NASA FIRMS</strong><br>Sensor: VIIRS_SNPP_NRT<br>Fecha UTC: 2026-09-27T13:16:00Z<br>Confianza: alta<br>FRP: 43.78 MW,4.51706,43.69228
344.34,0.43,0.46,2026-09-27,1316,N,VIIRS,n,2.0NRT,317.17,43.78,D,VIIRS_SNPP_NRT,2026-09-27T13:16:00Z,19.6,nominal,<strong>NASA FIRMS</strong><br>Sensor: VIIRS_SNPP_NRT<br>Fecha UTC: 2026-09-27T13:16:00Z<br>Confianza: nominal<br>FRP: 43.78 MW,4.51638,43.69651
338.03,0.46,0.39,2026-09-27,1314,N,VIIRS,n,2.0NRT,295.74,2.87,D,VIIRS_SNPP_NRT,2026-09-27T13:14:00Z,19.7,nominal,<strong>NASA FIRMS</strong><br>Sensor: VIIRS_SNPP_NRT<br>Fecha UTC: 2026-09-27T13:14:00Z<br>Confianza: nominal<br>FRP: 2.87 MW,3.98728,32.27703
335.23,0.43,0.38,2026-09-27,1314,N,VIIRS,l,2.0NRT,307.39,2.6,D,VIIRS_SNPP_NRT,2026-09-27T13:14:00Z,19.7,baja,<strong>NASA FIRMS</strong><br>Sensor: VIIRS_SNPP_NRT<br>Fecha UTC: 2026-09-27T13:14:00Z<br>Confianza: baja<br>FRP: 2.6 MW,3.23482,32.93448
343.57,0.48,0.4,2026-09-27,1314,N,VIIRS,n,2.0NRT,302.9,5.78,D,VIIRS_SNPP_NRT,2026-09-27T13:14:00Z,19.7,nominal,<strong>NASA FIRMS</strong><br>Sensor: VIIRS_SNPP_NRT<br>Fecha UTC: 2026-09-27T13:14:00Z<br>Confianza: nominal<br>FRP: 5.78 MW,-4.66331,34.83871
340.83,0.39,0.36,2026-09-27,1314,N,VIIRS,l,2.0NRT,314.43,1.69,D,VIIRS_SNPP_NRT,2026-09-27T13:14:00Z,19.7,baja,<strong>NASA FIRMS</strong><br>Sensor: VIIRS_SNPP_NRT<br>Fecha UTC: 2026-09-27T13:14:00Z<br>Confianza: baja<br>FRP: 1.69 MW,0.20991,35.24316
353.69,0.4,0.37,2026-09-27,1314,N,VIIRS,n,2.0NRT,318.15,9.63,D,VIIRS_SNPP_NRT,2026-09-27T13:14:00Z,19.7,nominal,<strong>NASA FIRMS</strong><br>Sensor: VIIRS_SNPP_NRT<br>Fecha UTC: 2026-09-27T13:14:00Z<br>Confianza: nominal<br>FRP: 9.63 MW,1.0525,35.51629
344.38,0.4,0.37,2026-09-27,1314,N,VIIRS,n,2.0NRT,315.87,9.63,D,VIIRS_SNPP_NRT,2026-09-27T13:14:00Z,19.7,nominal,<strong>NASA FIRMS</strong><br>Sensor: VIIRS_SNPP_NRT<br>Fecha UTC: 2026-09-27T13:14:00Z<br>Confianza: nominal<br>FRP: 9.63 MW,1.04748,35.51903
346.38,0.4,0.37,2026-09-27,1314,N,VIIRS,n,2.0NRT,313.7,9.63,D,VIIRS_SNPP_NRT,2026-09-27T13:14:00Z,19.7,nominal,<strong>NASA FIRMS</strong><br>Sensor: VIIRS_SNPP_NRT<br>Fecha UTC: 2026-09-27T13:14:00Z<br>Confianza: nominal<br>FRP: 9.63 MW,1.0518,35.51964
353.16,0.38,0.36,2026-09-27,1314,N,VIIRS,n,2.0NRT,311.48,13.2,D,VIIRS_SNPP_NRT,2026-09-27T13:14:00Z,19.7,nominal,<strong>NASA FIRMS</strong><br>Sensor: VIIRS_SNPP_NRT<br>Fecha UTC: 2026-09-27T13:14:00Z<br>Confianza: nominal<br>FRP: 13.2 MW,-0.25408,35.80697
343.91,0.38,0.36,2026-09-27,1314,N,VIIRS,n,2.0NRT,308.09,13.2,D,VIIRS_SNPP_NRT,2026-09-27T13:14:00Z,19.7,nominal,<strong>NASA FIRMS</strong><br>Sensor: VIIRS_SNPP_NRT<br>Fecha UTC: 2026-09-27T13:14:00Z<br>Confianza: nominal<br>FRP: 13.2 MW,-0.25483,35.81026
342.1,0.38,0.36,2026-09-27,1314,N,VIIRS,n,2.0NRT,308.42,3.29,D,VIIRS_SNPP_NRT,2026-09-27T13:14:00Z,19.7,nominal,<strong>NASA FIRMS</strong><br>Sensor: VIIRS_SNPP_NRT<br>Fecha UTC: 2026-09-27T13:14:00Z<br>Confianza: nominal<br>FRP: 3.29 MW,-0.26901,35.81493
332.19,0.48,0.4,2026-09-27,1314,N,VIIRS,n,2.0NRT,296.56,3.03,D,VIIRS_SNPP_NRT,2026-09-27T13:14:00Z,19.7,nominal,<strong>NASA FIRMS</strong><br>Sensor: VIIRS_SNPP_NRT<br>Fecha UTC: 2026-09-27T13:14:00Z<br>Confianza: nominal<br>FRP: 3.03 MW,3.61963,36.3076
330.98,0.47,0.4,2026-09-27,1314,N,VIIRS,n,2.0NRT,281.09,81.86,D,VIIRS_SNPP_NRT,2026-09-27T13:14:00Z,19.7,nominal,<strong>NASA FIRMS</strong><br>Sensor: VIIRS_SNPP_NRT<br>Fecha UTC: 2026-09-27T13:14:00Z<br>Confianza: nominal<br>FRP: 81.86 MW,-5.08682,36.64083
342.41,0.47,0.4,2026-09-27,1314,N,VIIRS,n,2.0NRT,288.03,16.96,D,VIIRS_SNPP_NRT,2026-09-27T13:14:00Z,19.7,nominal,<strong>NASA FIRMS</strong><br>Sensor: VIIRS_SNPP_NRT<br>Fecha UTC: 2026-09-27T13:14:00Z<br>Confianza: nominal<br>FRP: 16.96 MW,-5.09352,36.64335
330.62,0.47,0.4,2026-09-27,1314,N,VIIRS,n,2.0NRT,276.69,81.86,D,VIIRS_SNPP_NRT,2026-09-27T13:14:00Z,19.7,nominal,<strong>NASA FIRMS</strong><br>Sensor: VIIRS_SNPP_NRT<br>Fecha UTC: 2026-09-27T13:14:00Z<br>Confianza: nominal<br>FRP: 81.86 MW,-5.08251,36.64544
337.48,0.47,0.4,2026-09-27,1314,N,VIIRS,n,2.0NRT,284.36,7.59,D,VIIRS_SNPP_NRT,2026-09-27T13:14:00Z,19.7,nominal,<strong>NASA FIRMS</strong><br>Sensor: VIIRS_SNPP_NRT<br>Fecha UTC: 2026-09-27T13:14:00Z<br>Confianza: nominal<br>FRP: 7.59 MW,-5.09453,36.64695
331.52,0.48,0.4,2026-09-27,1314,N,VIIRS,n,2.0NRT,283.37,4.85,D,VIIRS_SNPP_NRT,2026-09-27T13:14:00Z,19.7,nominal,<strong>NASA FIRMS</strong><br>Sensor: VIIRS_SNPP_NRT<br>Fecha UTC: 2026-09-27T13:14:00Z<br>Confianza: nominal<br>FRP: 4.85 MW,-5.11184,36.64746
355.39,0.47,0.4,2026-09-27,1314,N,VIIRS,n,2.0NRT,280.28,39.86,D,VIIRS_SNPP_NRT,2026-09-27T13:14:00Z,19.7,nominal,<strong>NASA FIRMS</strong><br>Sensor: VIIRS_SNPP_NRT<br>Fecha UTC: 2026-09-27T13:14:00Z<br>Confianza: nominal<br>FRP: 39.86 MW,-5.08914,36.64798
338.68,0.47,0.4,2026-09-27,1314,N,VIIRS,n,2.0NRT,292.25,12.49,D,VIIRS_SNPP_NRT,2026-09-27T13:14:00Z,19.7,nominal,<strong>NASA FIRMS</strong><br>Sensor: VIIRS_SNPP_NRT<br>Fecha UTC: 2026-09-27T13:14:00Z<br>Confianza: nominal<br>FRP: 12.49 MW,-5.10422,36.66029
332.45,0.47,0.4,2026-09-27,1314,N,VIIRS,n,2.0NRT,283.48,12.49,D,VIIRS_SNPP_NRT,2026-09-27T13:14:00Z,19.7,nominal,<strong>NASA FIRMS</strong><br>Sensor: VIIRS_SNPP_NRT<br>Fecha UTC: 2026-09-27T13:14:00Z<br>Confianza: nominal<br>FRP: 12.49 MW,-5.09892,36.66129
344.19,0.47,0.4,2026-09-27,1314,N,VIIRS,n,2.0NRT,290.5,7.4,D,VIIRS_SNPP_NRT,2026-09-27T13:14:00Z,19.7,nominal,<strong>NASA FIRMS</strong><br>Sensor: VIIRS_SNPP_NRT<br>Fecha UTC: 2026-09-27T13:14:00Z<br>Confianza: nominal<br>FRP: 7.4 MW,-5.10769,36.66336
353.22,0.47,0.4,2026-09-27,1314,N,VIIRS,n,2.0NRT,295.82,12.49,D,VIIRS_SNPP_NRT,2026-09-27T13:14:00Z,19.7,nominal,<strong>NASA FIRMS</strong><br>Sensor: VIIRS_SNPP_NRT<br>Fecha UTC: 2026-09-27T13:14:00Z<br>Confianza: nominal<br>FRP: 12.49 MW,-5.10531,36.66388
354.89,0.47,0.4,2026-09-27,1314,N,VIIRS,n,2.0NRT,299.77,44.25,D,VIIRS_SNPP_NRT,2026-09-27T13:14:00Z,19.7,nominal,<strong>NASA FIRMS</strong><br>Sensor: VIIRS_SNPP_NRT<br>Fecha UTC: 2026-09-27T13:14:00Z<br>Confianza: nominal<br>FRP: 44.25 MW,-5.10239,36.66439
344.62,0.47,0.4,2026-09-27,1314,N,VIIRS,n,2.0NRT,288.82,12.49,D,VIIRS_SNPP_NRT,2026-09-27T13:14:00Z,19.7,nominal,<strong>NASA FIRMS</strong><br>Sensor: VIIRS_SNPP_NRT<br>Fecha UTC: 2026-09-27T13:14:00Z<br>Confianza: nominal<br>FRP: 12.49 MW,-5.1,36.66488
338.75,0.47,0.4,2026-09-27,1314,N,VIIRS,n,2.0NRT,286.98,7.4,D,VIIRS_SNPP_NRT,2026-09-27T13:14:00Z,19.7,nominal,<strong>NASA FIRMS</strong><br>Sensor: VIIRS_SNPP_NRT<br>Fecha UTC: 2026-09-27T13:14:00Z<br>Confianza: nominal<br>FRP: 7.4 MW,-5.10877,36.66695
345.68,0.47,0.4,2026-09-27,1314,N,VIIRS,n,2.0NRT,296.69,41.33,D,VIIRS_SNPP_NRT,2026-09-27T13:14:00Z,19.7,nominal,<strong>NASA FIRMS</strong><br>Sensor: VIIRS_SNPP_NRT<br>Fecha UTC: 2026-09-27T13:14:00Z<br>Confianza: nominal<br>FRP: 41.33 MW,-5.10641,36.66747
339.99,0.47,0.4,2026-09-27,1314,N,VIIRS,n,2.0NRT,311.48,44.25,D,VIIRS_SNPP_NRT,2026-09-27T13:14:00Z,19.7,nominal,<strong>NASA FIRMS</strong><br>Sensor: VIIRS_SNPP_NRT<br>Fecha UTC: 2026-09-27T13:14:00Z<br>Confianza: nominal<br>FRP: 44.25 MW,-5.10349,36.66797
336.91,0.47,0.4,2026-09-27,1314,N,VIIRS,n,2.0NRT,302.92,41.33,D,VIIRS_SNPP_NRT,2026-09-27T13:14:00Z,19.7,nominal,<strong>NASA FIRMS</strong><br>Sensor: VIIRS_SNPP_NRT<br>Fecha UTC: 2026-09-27T13:14:00Z<br>Confianza: nominal<br>FRP: 41.33 MW,-5.10108,36.66847
334.16,0.47,0.4,2026-09-27,1314,N,VIIRS,n,2.0NRT,284.44,44.25,D,VIIRS_SNPP_NRT,2026-09-27T13:14:00Z,19.7,nominal,<strong>NASA FIRMS</strong><br>Sensor: VIIRS_SNPP_NRT<br>Fecha UTC: 2026-09-27T13:14:00Z<br>Confianza: nominal<br>FRP: 44.25 MW,-5.09811,36.66902
332.19,0.47,0.4,2026-09-27,1314,N,VIIRS,n,2.0NRT,291.92,41.33,D,VIIRS_SNPP_NRT,2026-09-27T13:14:00Z,19.7,nominal,<strong>NASA FIRMS</strong><br>Sensor: VIIRS_SNPP_NRT<br>Fecha UTC: 2026-09-27T13:14:00Z<br>Confianza: nominal<br>FRP: 41.33 MW,-5.10751,36.67105
343.85,0.47,0.4,2026-09-27,1314,N,VIIRS,n,2.0NRT,297.09,63.62,D,VIIRS_SNPP_NRT,2026-09-27T13:14:00Z,19.7,nominal,<strong>NASA FIRMS</strong><br>Sensor: VIIRS_SNPP_NRT<br>Fecha UTC: 2026-09-27T13:14:00Z<br>Confianza: nominal<br>FRP: 63.62 MW,-5.1046,36.67155
348.92,0.47,0.4,2026-09-27,1314,N,VIIRS,n,2.0NRT,290.78,41.33,D,VIIRS_SNPP_NRT,2026-09-27T13:14:00Z,19.7,nominal,<strong>NASA FIRMS</strong><br>Sensor: VIIRS_SNPP_NRT<br>Fecha UTC: 2026-09-27T13:14:00Z<br>Confianza: nominal<br>FRP: 41.33 MW,-5.10221,36.67205
325.69,0.59,0.7,2026-09-27,1136,N,VIIRS,n,2.0NRT,295.56,4.83,D,VIIRS_SNPP_NRT,2026-09-27T11:36:00Z,21.3,nominal,<strong>NASA FIRMS</strong><br>Sensor: VIIRS_SNPP_NRT<br>Fecha UTC: 2026-09-27T11:36:00Z<br>Confianza: nominal<br>FRP: 4.83 MW,4.5152,43.69115
301.53,0.44,0.46,2026-09-27,0336,N,VIIRS,n,2.0NRT,290.44,1.02,N,VIIRS_SNPP_NRT,2026-09-27T03:36:00Z,29.3,nominal,<strong>NASA FIRMS</strong><br>Sensor: VIIRS_SNPP_NRT<br>Fecha UTC: 2026-09-27T03:36:00Z<br>Confianza: nominal<br>FRP: 1.02 MW,-17.13145,32.71578
295.07,0.76,0.77,2026-09-27,0334,N,VIIRS,n,2.0NRT,269.38,4.72,N,VIIRS_SNPP_NRT,2026-09-27T03:34:00Z,29.3,nominal,<strong>NASA FIRMS</strong><br>Sensor: VIIRS_SNPP_NRT<br>Fecha UTC: 2026-09-27T03:34:00Z<br>Confianza: nominal<br>FRP: 4.72 MW,-5.11388,36.63007
301.06,0.76,0.77,2026-09-27,0334,N,VIIRS,n,2.0NRT,270.77,3.15,N,VIIRS_SNPP_NRT,2026-09-27T03:34:00Z,29.3,nominal,<strong>NASA FIRMS</strong><br>Sensor: VIIRS_SNPP_NRT<br>Fecha UTC: 2026-09-27T03:34:00Z<br>Confianza: nominal<br>FRP: 3.15 MW,-5.09284,36.63102
315.96,0.76,0.77,2026-09-27,0334,N,VIIRS,n,2.0NRT,274.96,5.36,N,VIIRS_SNPP_NRT,2026-09-27T03:34:00Z,29.3,nominal,<strong>NASA FIRMS</strong><br>Sensor: VIIRS_SNPP_NRT<br>Fecha UTC: 2026-09-27T03:34:00Z<br>Confianza: nominal<br>FRP: 5.36 MW,-5.09898,36.63302
315.49,0.76,0.77,2026-09-27,0334,N,VIIRS,n,2.0NRT,272.9,5.36,N,VIIRS_SNPP_NRT,2026-09-27T03:34:00Z,29.3,nominal,<strong>NASA FIRMS</strong><br>Sensor: VIIRS_SNPP_NRT<br>Fecha UTC: 2026-09-27T03:34:00Z<br>Confianza: nominal<br>FRP: 5.36 MW,-5.10573,36.63523
336.77,0.76,0.77,2026-09-27,0334,N,VIIRS,n,2.0NRT,267.75,4.72,N,VIIRS_SNPP_NRT,2026-09-27T03:34:00Z,29.3,nominal,<strong>NASA FIRMS</strong><br>Sensor: VIIRS_SNPP_NRT<br>Fecha UTC: 2026-09-27T03:34:00Z<br>Confianza: nominal<br>FRP: 4.72 MW,-5.11267,36.63749
329.89,0.76,0.77,2026-09-27,0334,N,VIIRS,n,2.0NRT,270.95,6.11,N,VIIRS_SNPP_NRT,2026-09-27T03:34:00Z,29.3,nominal,<strong>NASA FIRMS</strong><br>Sensor: VIIRS_SNPP_NRT<br>Fecha UTC: 2026-09-27T03:34:00Z<br>Confianza: nominal<br>FRP: 6.11 MW,-5.09062,36.63811
307.96,0.76,0.77,2026-09-27,0334,N,VIIRS,n,2.0NRT,266.92,4.72,N,VIIRS_SNPP_NRT,2026-09-27T03:34:00Z,29.3,nominal,<strong>NASA FIRMS</strong><br>Sensor: VIIRS_SNPP_NRT<br>Fecha UTC: 2026-09-27T03:34:00Z<br>Confianza: nominal<br>FRP: 4.72 MW,-5.11916,36.6396
315.51,0.76,0.77,2026-09-27,0334,N,VIIRS,n,2.0NRT,268.93,6.91,N,VIIRS_SNPP_NRT,2026-09-27T03:34:00Z,29.3,nominal,<strong>NASA FIRMS</strong><br>Sensor: VIIRS_SNPP_NRT<br>Fecha UTC: 2026-09-27T03:34:00Z<br>Confianza: nominal<br>FRP: 6.91 MW,-5.09683,36.64014
301.8,0.76,0.77,2026-09-27,0334,N,VIIRS,n,2.0NRT,267.7,0.94,N,VIIRS_SNPP_NRT,2026-09-27T03:34:00Z,29.3,nominal,<strong>NASA FIRMS</strong><br>Sensor: VIIRS_SNPP_NRT<br>Fecha UTC: 2026-09-27T03:34:00Z<br>Confianza: nominal<br>FRP: 0.94 MW,-5.11194,36.64506
296.32,0.76,0.77,2026-09-27,0334,N,VIIRS,n,2.0NRT,273.49,0.94,N,VIIRS_SNPP_NRT,2026-09-27T03:34:00Z,29.3,nominal,<strong>NASA FIRMS</strong><br>Sensor: VIIRS_SNPP_NRT<br>Fecha UTC: 2026-09-27T03:34:00Z<br>Confianza: nominal<br>FRP: 0.94 MW,-5.1174,36.64684
332.26,0.46,0.64,2026-09-27,0332,N,VIIRS,n,2.0NRT,262.47,6,N,VIIRS_SNPP_NRT,2026-09-27T03:32:00Z,29.4,nominal,<strong>NASA FIRMS</strong><br>Sensor: VIIRS_SNPP_NRT<br>Fecha UTC: 2026-09-27T03:32:00Z<br>Confianza: nominal<br>FRP: 6 MW,-5.80447,42.97869
305.84,0.69,0.74,2026-09-27,0332,N,VIIRS,n,2.0NRT,285.23,1.71,N,VIIRS_SNPP_NRT,2026-09-27T03:32:00Z,29.4,nominal,<strong>NASA FIRMS</strong><br>Sensor: VIIRS_SNPP_NRT<br>Fecha UTC: 2026-09-27T03:32:00Z<br>Confianza: nominal<br>FRP: 1.71 MW,-1.84679,43.07729
301.33,0.69,0.74,2026-09-27,0332,N,VIIRS,n,2.0NRT,285.34,3.4,N,VIIRS_SNPP_NRT,2026-09-27T03:32:00Z,29.4,nominal,<strong>NASA FIRMS</strong><br>Sensor: VIIRS_SNPP_NRT<br>Fecha UTC: 2026-09-27T03:32:00Z<br>Confianza: nominal<br>FRP: 3.4 MW,-1.8498000000000001,43.07818
307.51,0.4,0.37,2026-09-27,0156,N,VIIRS,n,2.0NRT,295.77,0.81,N,VIIRS_SNPP_NRT,2026-09-27T01:56:00Z,31,nominal,<strong>NASA FIRMS</strong><br>Sensor: VIIRS_SNPP_NRT<br>Fecha UTC: 2026-09-27T01:56:00Z<br>Confianza: nominal<br>FRP: 0.81 MW,1.21431,27.25931
306.47,0.38,0.36,2026-09-27,0156,N,VIIRS,n,2.0NRT,292.42,0.67,N,VIIRS_SNPP_NRT,2026-09-27T01:56:00Z,31,nominal,<strong>NASA FIRMS</strong><br>Sensor: VIIRS_SNPP_NRT<br>Fecha UTC: 2026-09-27T01:56:00Z<br>Confianza: nominal<br>FRP: 0.67 MW,0.30564,28.115
333.31,0.39,0.36,2026-09-27,0156,N,VIIRS,n,2.0NRT,293.48,3.38,N,VIIRS_SNPP_NRT,2026-09-27T01:56:00Z,31,nominal,<strong>NASA FIRMS</strong><br>Sensor: VIIRS_SNPP_NRT<br>Fecha UTC: 2026-09-27T01:56:00Z<br>Confianza: nominal<br>FRP: 3.38 MW,-0.516,28.20066
304.79,0.43,0.38,2026-09-27,0156,N,VIIRS,n,2.0NRT,293.8,0.92,N,VIIRS_SNPP_NRT,2026-09-27T01:56:00Z,31,nominal,<strong>NASA FIRMS</strong><br>Sensor: VIIRS_SNPP_NRT<br>Fecha UTC: 2026-09-27T01:56:00Z<br>Confianza: nominal<br>FRP: 0.92 MW,-1.93231,31.85228
302.36,0.43,0.38,2026-09-27,0156,N,VIIRS,n,2.0NRT,290.86,0.82,N,VIIRS_SNPP_NRT,2026-09-27T01:56:00Z,31,nominal,<strong>NASA FIRMS</strong><br>Sensor: VIIRS_SNPP_NRT<br>Fecha UTC: 2026-09-27T01:56:00Z<br>Confianza: nominal<br>FRP: 0.82 MW,3.98558,32.2745
305.57,0.43,0.38,2026-09-27,0156,N,VIIRS,n,2.0NRT,291.4,0.62,N,VIIRS_SNPP_NRT,2026-09-27T01:56:00Z,31,nominal,<strong>NASA FIRMS</strong><br>Sensor: VIIRS_SNPP_NRT<br>Fecha UTC: 2026-09-27T01:56:00Z<br>Confianza: nominal<br>FRP: 0.62 MW,3.98644,32.27796
306.83,0.43,0.38,2026-09-27,0156,N,VIIRS,n,2.0NRT,290.85,0.55,N,VIIRS_SNPP_NRT,2026-09-27T01:56:00Z,31,nominal,<strong>NASA FIRMS</strong><br>Sensor: VIIRS_SNPP_NRT<br>Fecha UTC: 2026-09-27T01:56:00Z<br>Confianza: nominal<br>FRP: 0.55 MW,4.00565,32.40152
340.5,0.4,0.37,2026-09-27,0156,N,VIIRS,n,2.0NRT,292.19,3.69,N,VIIRS_SNPP_NRT,2026-09-27T01:56:00Z,31,nominal,<strong>NASA FIRMS</strong><br>Sensor: VIIRS_SNPP_NRT<br>Fecha UTC: 2026-09-27T01:56:00Z<br>Confianza: nominal<br>FRP: 3.69 MW,3.16916,32.55404
304.78,0.4,0.37,2026-09-27,0156,N,VIIRS,n,2.0NRT,289.4,1.42,N,VIIRS_SNPP_NRT,2026-09-27T01:56:00Z,31,nominal,<strong>NASA FIRMS</strong><br>Sensor: VIIRS_SNPP_NRT<br>Fecha UTC: 2026-09-27T01:56:00Z<br>Confianza: nominal<br>FRP: 1.42 MW,3.18129,32.74553
302.42,0.4,0.37,2026-09-27,0156,N,VIIRS,n,2.0NRT,289.2,0.37,N,VIIRS_SNPP_NRT,2026-09-27T01:56:00Z,31,nominal,<strong>NASA FIRMS</strong><br>Sensor: VIIRS_SNPP_NRT<br>Fecha UTC: 2026-09-27T01:56:00Z<br>Confianza: nominal<br>FRP: 0.37 MW,3.18211,32.74889
298.52,0.4,0.37,2026-09-27,0156,N,VIIRS,n,2.0NRT,288.38,0.26,N,VIIRS_SNPP_NRT,2026-09-27T01:56:00Z,31,nominal,<strong>NASA FIRMS</strong><br>Sensor: VIIRS_SNPP_NRT<br>Fecha UTC: 2026-09-27T01:56:00Z<br>Confianza: nominal<br>FRP: 0.26 MW,3.24193,32.83724
300.49,0.4,0.37,2026-09-27,0156,N,VIIRS,n,2.0NRT,288.53,0.54,N,VIIRS_SNPP_NRT,2026-09-27T01:56:00Z,31,nominal,<strong>NASA FIRMS</strong><br>Sensor: VIIRS_SNPP_NRT<br>Fecha UTC: 2026-09-27T01:56:00Z<br>Confianza: nominal<br>FRP: 0.54 MW,3.23765,32.83799
301.22,0.4,0.37,2026-09-27,0156,N,VIIRS,n,2.0NRT,288.78,0.78,N,VIIRS_SNPP_NRT,2026-09-27T01:56:00Z,31,nominal,<strong>NASA FIRMS</strong><br>Sensor: VIIRS_SNPP_NRT<br>Fecha UTC: 2026-09-27T01:56:00Z<br>Confianza: nominal<br>FRP: 0.78 MW,3.23576,32.9297
304.56,0.4,0.37,2026-09-27,0156,N,VIIRS,n,2.0NRT,288.79,0.51,N,VIIRS_SNPP_NRT,2026-09-27T01:56:00Z,31,nominal,<strong>NASA FIRMS</strong><br>Sensor: VIIRS_SNPP_NRT<br>Fecha UTC: 2026-09-27T01:56:00Z<br>Confianza: nominal<br>FRP: 0.51 MW,3.23339,32.92988
306.32,0.4,0.37,2026-09-27,0156,N,VIIRS,n,2.0NRT,289.16,1.17,N,VIIRS_SNPP_NRT,2026-09-27T01:56:00Z,31,nominal,<strong>NASA FIRMS</strong><br>Sensor: VIIRS_SNPP_NRT<br>Fecha UTC: 2026-09-27T01:56:00Z<br>Confianza: nominal<br>FRP: 1.17 MW,3.23149,32.93044
306.4,0.4,0.37,2026-09-27,0156,N,VIIRS,n,2.0NRT,289.22,0.51,N,VIIRS_SNPP_NRT,2026-09-27T01:56:00Z,31,nominal,<strong>NASA FIRMS</strong><br>Sensor: VIIRS_SNPP_NRT<br>Fecha UTC: 2026-09-27T01:56:00Z<br>Confianza: nominal<br>FRP: 0.51 MW,3.22911,32.93062
300.46,0.4,0.37,2026-09-27,0156,N,VIIRS,n,2.0NRT,289.57,0.7,N,VIIRS_SNPP_NRT,2026-09-27T01:56:00Z,31,nominal,<strong>NASA FIRMS</strong><br>Sensor: VIIRS_SNPP_NRT<br>Fecha UTC: 2026-09-27T01:56:00Z<br>Confianza: nominal<br>FRP: 0.7 MW,3.22484,32.93135
302.39,0.4,0.37,2026-09-27,0156,N,VIIRS,n,2.0NRT,289.19,0.61,N,VIIRS_SNPP_NRT,2026-09-27T01:56:00Z,31,nominal,<strong>NASA FIRMS</strong><br>Sensor: VIIRS_SNPP_NRT<br>Fecha UTC: 2026-09-27T01:56:00Z<br>Confianza: nominal<br>FRP: 0.61 MW,3.24513,32.93156
301.84,0.4,0.37,2026-09-27,0156,N,VIIRS,n,2.0NRT,289.44,1.22,N,VIIRS_SNPP_NRT,2026-09-27T01:56:00Z,31,nominal,<strong>NASA FIRMS</strong><br>Sensor: VIIRS_SNPP_NRT<br>Fecha UTC: 2026-09-27T01:56:00Z<br>Confianza: nominal<br>FRP: 1.22 MW,3.22296,32.93194
305.87,0.4,0.37,2026-09-27,0156,N,VIIRS,n,2.0NRT,290.4,0.89,N,VIIRS_SNPP_NRT,2026-09-27T01:56:00Z,31,nominal,<strong>NASA FIRMS</strong><br>Sensor: VIIRS_SNPP_NRT<br>Fecha UTC: 2026-09-27T01:56:00Z<br>Confianza: nominal<br>FRP: 0.89 MW,3.23314,32.93716
306.77,0.4,0.37,2026-09-27,0156,N,VIIRS,n,2.0NRT,290.41,0.66,N,VIIRS_SNPP_NRT,2026-09-27T01:56:00Z,31,nominal,<strong>NASA FIRMS</strong><br>Sensor: VIIRS_SNPP_NRT<br>Fecha UTC: 2026-09-27T01:56:00Z<br>Confianza: nominal<br>FRP: 0.66 MW,3.23051,32.94464
310.75,0.4,0.37,2026-09-27,0156,N,VIIRS,n,2.0NRT,292.97,0.66,N,VIIRS_SNPP_NRT,2026-09-27T01:56:00Z,31,nominal,<strong>NASA FIRMS</strong><br>Sensor: VIIRS_SNPP_NRT<br>Fecha UTC: 2026-09-27T01:56:00Z<br>Confianza: nominal<br>FRP: 0.66 MW,3.23133,32.94799
308.26,0.4,0.37,2026-09-27,0156,N,VIIRS,n,2.0NRT,289.31,1.38,N,VIIRS_SNPP_NRT,2026-09-27T01:56:00Z,31,nominal,<strong>NASA FIRMS</strong><br>Sensor: VIIRS_SNPP_NRT<br>Fecha UTC: 2026-09-27T01:56:00Z<br>Confianza: nominal<br>FRP: 1.38 MW,-0.34402,33.47291
319.58,0.4,0.37,2026-09-27,0156,N,VIIRS,n,2.0NRT,289.6,1.38,N,VIIRS_SNPP_NRT,2026-09-27T01:56:00Z,31,nominal,<strong>NASA FIRMS</strong><br>Sensor: VIIRS_SNPP_NRT<br>Fecha UTC: 2026-09-27T01:56:00Z<br>Confianza: nominal<br>FRP: 1.38 MW,-0.34332,33.47628
304.33,0.4,0.37,2026-09-27,0154,N,VIIRS,n,2.0NRT,288.09,0.64,N,VIIRS_SNPP_NRT,2026-09-27T01:54:00Z,31,nominal,<strong>NASA FIRMS</strong><br>Sensor: VIIRS_SNPP_NRT<br>Fecha UTC: 2026-09-27T01:54:00Z<br>Confianza: nominal<br>FRP: 0.64 MW,3.31695,33.123
313.95,0.4,0.37,2026-09-27,0154,N,VIIRS,n,2.0NRT,290.4,0.64,N,VIIRS_SNPP_NRT,2026-09-27T01:54:00Z,31,nominal,<strong>NASA FIRMS</strong><br>Sensor: VIIRS_SNPP_NRT<br>Fecha UTC: 2026-09-27T01:54:00Z<br>Confianza: nominal<br>FRP: 0.64 MW,3.32208,33.12562
306.7,0.4,0.37,2026-09-27,0154,N,VIIRS,n,2.0NRT,288.92,0.64,N,VIIRS_SNPP_NRT,2026-09-27T01:54:00Z,31,nominal,<strong>NASA FIRMS</strong><br>Sensor: VIIRS_SNPP_NRT<br>Fecha UTC: 2026-09-27T01:54:00Z<br>Confianza: nominal<br>FRP: 0.64 MW,3.31779,33.12636
303.93,0.4,0.37,2026-09-27,0154,N,VIIRS,n,2.0NRT,289.72,0.9,N,VIIRS_SNPP_NRT,2026-09-27T01:54:00Z,31,nominal,<strong>NASA FIRMS</strong><br>Sensor: VIIRS_SNPP_NRT<br>Fecha UTC: 2026-09-27T01:54:00Z<br>Confianza: nominal<br>FRP: 0.9 MW,3.32291,33.12898
308.61,0.41,0.37,2026-09-27,0154,N,VIIRS,n,2.0NRT,288.66,1.14,N,VIIRS_SNPP_NRT,2026-09-27T01:54:00Z,31,nominal,<strong>NASA FIRMS</strong><br>Sensor: VIIRS_SNPP_NRT<br>Fecha UTC: 2026-09-27T01:54:00Z<br>Confianza: nominal<br>FRP: 1.14 MW,3.36793,33.13522
304.29,0.41,0.37,2026-09-27,0154,N,VIIRS,n,2.0NRT,288.97,1.13,N,VIIRS_SNPP_NRT,2026-09-27T01:54:00Z,31,nominal,<strong>NASA FIRMS</strong><br>Sensor: VIIRS_SNPP_NRT<br>Fecha UTC: 2026-09-27T01:54:00Z<br>Confianza: nominal<br>FRP: 1.13 MW,3.36529,33.1427
308.17,0.38,0.36,2026-09-27,0154,N,VIIRS,n,2.0NRT,287.75,1.29,N,VIIRS_SNPP_NRT,2026-09-27T01:54:00Z,31,nominal,<strong>NASA FIRMS</strong><br>Sensor: VIIRS_SNPP_NRT<br>Fecha UTC: 2026-09-27T01:54:00Z<br>Confianza: nominal<br>FRP: 1.29 MW,2.05782,34.4381
302.48,0.48,0.4,2026-09-27,0154,N,VIIRS,n,2.0NRT,283.18,0.81,N,VIIRS_SNPP_NRT,2026-09-27T01:54:00Z,31,nominal,<strong>NASA FIRMS</strong><br>Sensor: VIIRS_SNPP_NRT<br>Fecha UTC: 2026-09-27T01:54:00Z<br>Confianza: nominal<br>FRP: 0.81 MW,-2.34842,34.59746
303.1,0.44,0.46,2026-09-27,0154,N,VIIRS,n,2.0NRT,277.04,0.69,N,VIIRS_SNPP_NRT,2026-09-27T01:54:00Z,31,nominal,<strong>NASA FIRMS</strong><br>Sensor: VIIRS_SNPP_NRT<br>Fecha UTC: 2026-09-27T01:54:00Z<br>Confianza: nominal<br>FRP: 0.69 MW,-5.16644,34.95121
310.14,0.44,0.46,2026-09-27,0154,N,VIIRS,n,2.0NRT,276.55,1.79,N,VIIRS_SNPP_NRT,2026-09-27T01:54:00Z,31,nominal,<strong>NASA FIRMS</strong><br>Sensor: VIIRS_SNPP_NRT<br>Fecha UTC: 2026-09-27T01:54:00Z<br>Confianza: nominal<br>FRP: 1.79 MW,-5.17245,34.95178
295.72,0.44,0.46,2026-09-27,0154,N,VIIRS,n,2.0NRT,276.08,0.69,N,VIIRS_SNPP_NRT,2026-09-27T01:54:00Z,31,nominal,<strong>NASA FIRMS</strong><br>Sensor: VIIRS_SNPP_NRT<br>Fecha UTC: 2026-09-27T01:54:00Z<br>Confianza: nominal<br>FRP: 0.69 MW,-5.16474,34.9554
297.76,0.44,0.46,2026-09-27,0154,N,VIIRS,n,2.0NRT,276.31,1.79,N,VIIRS_SNPP_NRT,2026-09-27T01:54:00Z,31,nominal,<strong>NASA FIRMS</strong><br>Sensor: VIIRS_SNPP_NRT<br>Fecha UTC: 2026-09-27T01:54:00Z<br>Confianza: nominal<br>FRP: 1.79 MW,-5.17074,34.95597
325.89,0.44,0.46,2026-09-27,0154,N,VIIRS,n,2.0NRT,278.25,1.79,N,VIIRS_SNPP_NRT,2026-09-27T01:54:00Z,31,nominal,<strong>NASA FIRMS</strong><br>Sensor: VIIRS_SNPP_NRT<br>Fecha UTC: 2026-09-27T01:54:00Z<br>Confianza: nominal<br>FRP: 1.79 MW,-5.17717,34.95658
315.66,0.44,0.46,2026-09-27,0154,N,VIIRS,n,2.0NRT,279.58,1.98,N,VIIRS_SNPP_NRT,2026-09-27T01:54:00Z,31,nominal,<strong>NASA FIRMS</strong><br>Sensor: VIIRS_SNPP_NRT<br>Fecha UTC: 2026-09-27T01:54:00Z<br>Confianza: nominal<br>FRP: 1.98 MW,-5.16324,34.9596
303.06,0.44,0.46,2026-09-27,0154,N,VIIRS,n,2.0NRT,283.29,1.64,N,VIIRS_SNPP_NRT,2026-09-27T01:54:00Z,31,nominal,<strong>NASA FIRMS</strong><br>Sensor: VIIRS_SNPP_NRT<br>Fecha UTC: 2026-09-27T01:54:00Z<br>Confianza: nominal<br>FRP: 1.64 MW,-5.17957,34.96552
307.13,0.44,0.39,2026-09-27,0154,N,VIIRS,n,2.0NRT,292.68,0.95,N,VIIRS_SNPP_NRT,2026-09-27T01:54:00Z,31,nominal,<strong>NASA FIRMS</strong><br>Sensor: VIIRS_SNPP_NRT<br>Fecha UTC: 2026-09-27T01:54:00Z<br>Confianza: nominal<br>FRP: 0.95 MW,-1.34375,35.31162
311.25,0.42,0.37,2026-09-27,0154,N,VIIRS,n,2.0NRT,284.77,1.49,N,VIIRS_SNPP_NRT,2026-09-27T01:54:00Z,31,nominal,<strong>NASA FIRMS</strong><br>Sensor: VIIRS_SNPP_NRT<br>Fecha UTC: 2026-09-27T01:54:00Z<br>Confianza: nominal<br>FRP: 1.49 MW,-0.39587,35.45881
315.88,0.41,0.37,2026-09-27,0154,N,VIIRS,n,2.0NRT,292.05,1.05,N,VIIRS_SNPP_NRT,2026-09-27T01:54:00Z,31,nominal,<strong>NASA FIRMS</strong><br>Sensor: VIIRS_SNPP_NRT<br>Fecha UTC: 2026-09-27T01:54:00Z<br>Confianza: nominal<br>FRP: 1.05 MW,4.47481,35.70781
328.94,0.41,0.37,2026-09-27,0154,N,VIIRS,n,2.0NRT,284.72,3.1,N,VIIRS_SNPP_NRT,2026-09-27T01:54:00Z,31,nominal,<strong>NASA FIRMS</strong><br>Sensor: VIIRS_SNPP_NRT<br>Fecha UTC: 2026-09-27T01:54:00Z<br>Confianza: nominal<br>FRP: 3.1 MW,-0.22149,35.76959
305.16,0.41,0.37,2026-09-27,0154,N,VIIRS,n,2.0NRT,277.21,0.74,N,VIIRS_SNPP_NRT,2026-09-27T01:54:00Z,31,nominal,<strong>NASA FIRMS</strong><br>Sensor: VIIRS_SNPP_NRT<br>Fecha UTC: 2026-09-27T01:54:00Z<br>Confianza: nominal<br>FRP: 0.74 MW,-0.2428,35.80424
298.93,0.41,0.37,2026-09-27,0154,N,VIIRS,n,2.0NRT,278.01,1.15,N,VIIRS_SNPP_NRT,2026-09-27T01:54:00Z,31,nominal,<strong>NASA FIRMS</strong><br>Sensor: VIIRS_SNPP_NRT<br>Fecha UTC: 2026-09-27T01:54:00Z<br>Confianza: nominal<br>FRP: 1.15 MW,-0.25132,35.80895
328.76,0.42,0.37,2026-09-27,0154,N,VIIRS,n,2.0NRT,280,2.09,N,VIIRS_SNPP_NRT,2026-09-27T01:54:00Z,31,nominal,<strong>NASA FIRMS</strong><br>Sensor: VIIRS_SNPP_NRT<br>Fecha UTC: 2026-09-27T01:54:00Z<br>Confianza: nominal<br>FRP: 2.09 MW,-0.25587,35.80957
301.27,0.42,0.37,2026-09-27,0154,N,VIIRS,n,2.0NRT,280.27,2.51,N,VIIRS_SNPP_NRT,2026-09-27T01:54:00Z,31,nominal,<strong>NASA FIRMS</strong><br>Sensor: VIIRS_SNPP_NRT<br>Fecha UTC: 2026-09-27T01:54:00Z<br>Confianza: nominal<br>FRP: 2.51 MW,-0.27422,35.8121
316.47,0.42,0.37,2026-09-27,0154,N,VIIRS,n,2.0NRT,281.79,3.1,N,VIIRS_SNPP_NRT,2026-09-27T01:54:00Z,31,nominal,<strong>NASA FIRMS</strong><br>Sensor: VIIRS_SNPP_NRT<br>Fecha UTC: 2026-09-27T01:54:00Z<br>Confianza: nominal<br>FRP: 3.1 MW,-0.26895,35.8149
331.11,0.42,0.37,2026-09-27,0154,N,VIIRS,n,2.0NRT,283.41,2.51,N,VIIRS_SNPP_NRT,2026-09-27T01:54:00Z,31,nominal,<strong>NASA FIRMS</strong><br>Sensor: VIIRS_SNPP_NRT<br>Fecha UTC: 2026-09-27T01:54:00Z<br>Confianza: nominal<br>FRP: 2.51 MW,-0.27353,35.81553
297.95,0.42,0.37,2026-09-27,0154,N,VIIRS,n,2.0NRT,282.3,0.39,N,VIIRS_SNPP_NRT,2026-09-27T01:54:00Z,31,nominal,<strong>NASA FIRMS</strong><br>Sensor: VIIRS_SNPP_NRT<br>Fecha UTC: 2026-09-27T01:54:00Z<br>Confianza: nominal<br>FRP: 0.39 MW,-0.32399,35.82246
315.07,0.41,0.37,2026-09-27,0154,N,VIIRS,n,2.0NRT,292.3,1.62,N,VIIRS_SNPP_NRT,2026-09-27T01:54:00Z,31,nominal,<strong>NASA FIRMS</strong><br>Sensor: VIIRS_SNPP_NRT<br>Fecha UTC: 2026-09-27T01:54:00Z<br>Confianza: nominal<br>FRP: 1.62 MW,4.44741,35.8783
304.22,0.41,0.37,2026-09-27,0154,N,VIIRS,n,2.0NRT,284.18,0.79,N,VIIRS_SNPP_NRT,2026-09-27T01:54:00Z,31,nominal,<strong>NASA FIRMS</strong><br>Sensor: VIIRS_SNPP_NRT<br>Fecha UTC: 2026-09-27T01:54:00Z<br>Confianza: nominal<br>FRP: 0.79 MW,0.12477,36.01818
302.32,0.39,0.36,2026-09-27,0154,N,VIIRS,n,2.0NRT,281.39,0.73,N,VIIRS_SNPP_NRT,2026-09-27T01:54:00Z,31,nominal,<strong>NASA FIRMS</strong><br>Sensor: VIIRS_SNPP_NRT<br>Fecha UTC: 2026-09-27T01:54:00Z<br>Confianza: nominal<br>FRP: 0.73 MW,1.24194,36.12836
311.31,0.39,0.36,2026-09-27,0154,N,VIIRS,n,2.0NRT,287.38,0.95,N,VIIRS_SNPP_NRT,2026-09-27T01:54:00Z,31,nominal,<strong>NASA FIRMS</strong><br>Sensor: VIIRS_SNPP_NRT<br>Fecha UTC: 2026-09-27T01:54:00Z<br>Confianza: nominal<br>FRP: 0.95 MW,2.92753,36.1398
300.99,0.39,0.36,2026-09-27,0154,N,VIIRS,n,2.0NRT,290.96,0.3,N,VIIRS_SNPP_NRT,2026-09-27T01:54:00Z,31,nominal,<strong>NASA FIRMS</strong><br>Sensor: VIIRS_SNPP_NRT<br>Fecha UTC: 2026-09-27T01:54:00Z<br>Confianza: nominal<br>FRP: 0.3 MW,2.86963,36.50583
311.81,0.38,0.36,2026-09-27,0154,N,VIIRS,n,2.0NRT,291.19,0.97,N,VIIRS_SNPP_NRT,2026-09-27T01:54:00Z,31,nominal,<strong>NASA FIRMS</strong><br>Sensor: VIIRS_SNPP_NRT<br>Fecha UTC: 2026-09-27T01:54:00Z<br>Confianza: nominal<br>FRP: 0.97 MW,2.87792,36.59637
307.97,0.39,0.36,2026-09-27,0154,N,VIIRS,n,2.0NRT,292.2,0.75,N,VIIRS_SNPP_NRT,2026-09-27T01:54:00Z,31,nominal,<strong>NASA FIRMS</strong><br>Sensor: VIIRS_SNPP_NRT<br>Fecha UTC: 2026-09-27T01:54:00Z<br>Confianza: nominal<br>FRP: 0.75 MW,3.1367,36.59866
308.36,0.46,0.47,2026-09-27,0154,N,VIIRS,n,2.0NRT,266.3,6.38,N,VIIRS_SNPP_NRT,2026-09-27T01:54:00Z,31,nominal,<strong>NASA FIRMS</strong><br>Sensor: VIIRS_SNPP_NRT<br>Fecha UTC: 2026-09-27T01:54:00Z<br>Confianza: nominal<br>FRP: 6.38 MW,-5.09867,36.62862
313.91,0.46,0.47,2026-09-27,0154,N,VIIRS,n,2.0NRT,264.72,11.04,N,VIIRS_SNPP_NRT,2026-09-27T01:54:00Z,31,nominal,<strong>NASA FIRMS</strong><br>Sensor: VIIRS_SNPP_NRT<br>Fecha UTC: 2026-09-27T01:54:00Z<br>Confianza: nominal<br>FRP: 11.04 MW,-5.1012,36.62883
316.49,0.46,0.47,2026-09-27,0154,N,VIIRS,n,2.0NRT,265.1,12.05,N,VIIRS_SNPP_NRT,2026-09-27T01:54:00Z,31,nominal,<strong>NASA FIRMS</strong><br>Sensor: VIIRS_SNPP_NRT<br>Fecha UTC: 2026-09-27T01:54:00Z<br>Confianza: nominal<br>FRP: 12.05 MW,-5.10434,36.62913
299.87,0.46,0.47,2026-09-27,0154,N,VIIRS,n,2.0NRT,263.93,11.04,N,VIIRS_SNPP_NRT,2026-09-27T01:54:00Z,31,nominal,<strong>NASA FIRMS</strong><br>Sensor: VIIRS_SNPP_NRT<br>Fecha UTC: 2026-09-27T01:54:00Z<br>Confianza: nominal<br>FRP: 11.04 MW,-5.10705,36.62939
308.4,0.39,0.36,2026-09-27,0154,N,VIIRS,n,2.0NRT,293.23,0.81,N,VIIRS_SNPP_NRT,2026-09-27T01:54:00Z,31,nominal,<strong>NASA FIRMS</strong><br>Sensor: VIIRS_SNPP_NRT<br>Fecha UTC: 2026-09-27T01:54:00Z<br>Confianza: nominal<br>FRP: 0.81 MW,3.2342,36.63071
295.64,0.46,0.47,2026-09-27,0154,N,VIIRS,n,2.0NRT,267.04,6.38,N,VIIRS_SNPP_NRT,2026-09-27T01:54:00Z,31,nominal,<strong>NASA FIRMS</strong><br>Sensor: VIIRS_SNPP_NRT<br>Fecha UTC: 2026-09-27T01:54:00Z<br>Confianza: nominal<br>FRP: 6.38 MW,-5.09164,36.63241
321.65,0.46,0.47,2026-09-27,0154,N,VIIRS,n,2.0NRT,268.45,4.2,N,VIIRS_SNPP_NRT,2026-09-27T01:54:00Z,31,nominal,<strong>NASA FIRMS</strong><br>Sensor: VIIRS_SNPP_NRT<br>Fecha UTC: 2026-09-27T01:54:00Z<br>Confianza: nominal<br>FRP: 4.2 MW,-5.09453,36.6326
345.09,0.46,0.47,2026-09-27,0154,N,VIIRS,n,2.0NRT,274.14,6.38,N,VIIRS_SNPP_NRT,2026-09-27T01:54:00Z,31,nominal,<strong>NASA FIRMS</strong><br>Sensor: VIIRS_SNPP_NRT<br>Fecha UTC: 2026-09-27T01:54:00Z<br>Confianza: nominal<br>FRP: 6.38 MW,-5.09773,36.63295
355.26,0.46,0.47,2026-09-27,0154,N,VIIRS,n,2.0NRT,281.45,11.04,N,VIIRS_SNPP_NRT,2026-09-27T01:54:00Z,31,nominal,<strong>NASA FIRMS</strong><br>Sensor: VIIRS_SNPP_NRT<br>Fecha UTC: 2026-09-27T01:54:00Z<br>Confianza: nominal<br>FRP: 11.04 MW,-5.10034,36.63316
347.61,0.46,0.47,2026-09-27,0154,N,VIIRS,n,2.0NRT,279.57,12.05,N,VIIRS_SNPP_NRT,2026-09-27T01:54:00Z,31,nominal,<strong>NASA FIRMS</strong><br>Sensor: VIIRS_SNPP_NRT<br>Fecha UTC: 2026-09-27T01:54:00Z<br>Confianza: nominal<br>FRP: 12.05 MW,-5.10345,36.63347
330.76,0.46,0.47,2026-09-27,0154,N,VIIRS,n,2.0NRT,268.86,11.04,N,VIIRS_SNPP_NRT,2026-09-27T01:54:00Z,31,nominal,<strong>NASA FIRMS</strong><br>Sensor: VIIRS_SNPP_NRT<br>Fecha UTC: 2026-09-27T01:54:00Z<br>Confianza: nominal<br>FRP: 11.04 MW,-5.10604,36.63372
341.45,0.46,0.47,2026-09-27,0154,N,VIIRS,n,2.0NRT,269.89,12.05,N,VIIRS_SNPP_NRT,2026-09-27T01:54:00Z,31,nominal,<strong>NASA FIRMS</strong><br>Sensor: VIIRS_SNPP_NRT<br>Fecha UTC: 2026-09-27T01:54:00Z<br>Confianza: nominal<br>FRP: 12.05 MW,-5.10922,36.63399
343.77,0.46,0.47,2026-09-27,0154,N,VIIRS,n,2.0NRT,268.66,3.58,N,VIIRS_SNPP_NRT,2026-09-27T01:54:00Z,31,nominal,<strong>NASA FIRMS</strong><br>Sensor: VIIRS_SNPP_NRT<br>Fecha UTC: 2026-09-27T01:54:00Z<br>Confianza: nominal<br>FRP: 3.58 MW,-5.11182,36.63427
313.64,0.46,0.47,2026-09-27,0154,N,VIIRS,n,2.0NRT,270.8,3.91,N,VIIRS_SNPP_NRT,2026-09-27T01:54:00Z,31,nominal,<strong>NASA FIRMS</strong><br>Sensor: VIIRS_SNPP_NRT<br>Fecha UTC: 2026-09-27T01:54:00Z<br>Confianza: nominal<br>FRP: 3.91 MW,-5.11501,36.63451
296.28,0.46,0.47,2026-09-27,0154,N,VIIRS,n,2.0NRT,269.26,3.58,N,VIIRS_SNPP_NRT,2026-09-27T01:54:00Z,31,nominal,<strong>NASA FIRMS</strong><br>Sensor: VIIRS_SNPP_NRT<br>Fecha UTC: 2026-09-27T01:54:00Z<br>Confianza: nominal<br>FRP: 3.58 MW,-5.11757,36.63483
315.37,0.46,0.47,2026-09-27,0154,N,VIIRS,n,2.0NRT,269.2,1.85,N,VIIRS_SNPP_NRT,2026-09-27T01:54:00Z,31,nominal,<strong>NASA FIRMS</strong><br>Sensor: VIIRS_SNPP_NRT<br>Fecha UTC: 2026-09-27T01:54:00Z<br>Confianza: nominal<br>FRP: 1.85 MW,-5.09082,36.63675
320.93,0.46,0.47,2026-09-27,0154,N,VIIRS,n,2.0NRT,269.57,2.38,N,VIIRS_SNPP_NRT,2026-09-27T01:54:00Z,31,nominal,<strong>NASA FIRMS</strong><br>Sensor: VIIRS_SNPP_NRT<br>Fecha UTC: 2026-09-27T01:54:00Z<br>Confianza: nominal<br>FRP: 2.38 MW,-5.09373,36.63694
314.44,0.46,0.47,2026-09-27,0154,N,VIIRS,n,2.0NRT,270.07,1.85,N,VIIRS_SNPP_NRT,2026-09-27T01:54:00Z,31,nominal,<strong>NASA FIRMS</strong><br>Sensor: VIIRS_SNPP_NRT<br>Fecha UTC: 2026-09-27T01:54:00Z<br>Confianza: nominal<br>FRP: 1.85 MW,-5.09709,36.63731
309.97,0.46,0.47,2026-09-27,0154,N,VIIRS,n,2.0NRT,270.14,1.83,N,VIIRS_SNPP_NRT,2026-09-27T01:54:00Z,31,nominal,<strong>NASA FIRMS</strong><br>Sensor: VIIRS_SNPP_NRT<br>Fecha UTC: 2026-09-27T01:54:00Z<br>Confianza: nominal<br>FRP: 1.83 MW,-5.09957,36.63751
305.84,0.46,0.47,2026-09-27,0154,N,VIIRS,n,2.0NRT,271.5,2.63,N,VIIRS_SNPP_NRT,2026-09-27T01:54:00Z,31,nominal,<strong>NASA FIRMS</strong><br>Sensor: VIIRS_SNPP_NRT<br>Fecha UTC: 2026-09-27T01:54:00Z<br>Confianza: nominal<br>FRP: 2.63 MW,-5.10251,36.63781
312.28,0.46,0.47,2026-09-27,0154,N,VIIRS,n,2.0NRT,271.4,1.83,N,VIIRS_SNPP_NRT,2026-09-27T01:54:00Z,31,nominal,<strong>NASA FIRMS</strong><br>Sensor: VIIRS_SNPP_NRT<br>Fecha UTC: 2026-09-27T01:54:00Z<br>Confianza: nominal<br>FRP: 1.83 MW,-5.105,36.63803
338.08,0.46,0.47,2026-09-27,0154,N,VIIRS,n,2.0NRT,272.8,2.63,N,VIIRS_SNPP_NRT,2026-09-27T01:54:00Z,31,nominal,<strong>NASA FIRMS</strong><br>Sensor: VIIRS_SNPP_NRT<br>Fecha UTC: 2026-09-27T01:54:00Z<br>Confianza: nominal<br>FRP: 2.63 MW,-5.10807,36.63831
338.33,0.46,0.47,2026-09-27,0154,N,VIIRS,n,2.0NRT,273.28,3.03,N,VIIRS_SNPP_NRT,2026-09-27T01:54:00Z,31,nominal,<strong>NASA FIRMS</strong><br>Sensor: VIIRS_SNPP_NRT<br>Fecha UTC: 2026-09-27T01:54:00Z<br>Confianza: nominal<br>FRP: 3.03 MW,-5.11064,36.63858
323.72,0.46,0.47,2026-09-27,0154,N,VIIRS,n,2.0NRT,272.52,1.97,N,VIIRS_SNPP_NRT,2026-09-27T01:54:00Z,31,nominal,<strong>NASA FIRMS</strong><br>Sensor: VIIRS_SNPP_NRT<br>Fecha UTC: 2026-09-27T01:54:00Z<br>Confianza: nominal<br>FRP: 1.97 MW,-5.11381,36.63882
315.42,0.46,0.47,2026-09-27,0154,N,VIIRS,n,2.0NRT,272.35,3.03,N,VIIRS_SNPP_NRT,2026-09-27T01:54:00Z,31,nominal,<strong>NASA FIRMS</strong><br>Sensor: VIIRS_SNPP_NRT<br>Fecha UTC: 2026-09-27T01:54:00Z<br>Confianza: nominal<br>FRP: 3.03 MW,-5.11648,36.63915
304.41,0.46,0.47,2026-09-27,0154,N,VIIRS,n,2.0NRT,272.07,1.97,N,VIIRS_SNPP_NRT,2026-09-27T01:54:00Z,31,nominal,<strong>NASA FIRMS</strong><br>Sensor: VIIRS_SNPP_NRT<br>Fecha UTC: 2026-09-27T01:54:00Z<br>Confianza: nominal<br>FRP: 1.97 MW,-5.11973,36.63935
305.72,0.46,0.47,2026-09-27,0154,N,VIIRS,n,2.0NRT,268.36,1.85,N,VIIRS_SNPP_NRT,2026-09-27T01:54:00Z,31,nominal,<strong>NASA FIRMS</strong><br>Sensor: VIIRS_SNPP_NRT<br>Fecha UTC: 2026-09-27T01:54:00Z<br>Confianza: nominal<br>FRP: 1.85 MW,-5.08997,36.64109
310.12,0.46,0.47,2026-09-27,0154,N,VIIRS,n,2.0NRT,270.06,2.38,N,VIIRS_SNPP_NRT,2026-09-27T01:54:00Z,31,nominal,<strong>NASA FIRMS</strong><br>Sensor: VIIRS_SNPP_NRT<br>Fecha UTC: 2026-09-27T01:54:00Z<br>Confianza: nominal<br>FRP: 2.38 MW,-5.09273,36.64126
312.12,0.46,0.47,2026-09-27,0154,N,VIIRS,n,2.0NRT,270.31,1.85,N,VIIRS_SNPP_NRT,2026-09-27T01:54:00Z,31,nominal,<strong>NASA FIRMS</strong><br>Sensor: VIIRS_SNPP_NRT<br>Fecha UTC: 2026-09-27T01:54:00Z<br>Confianza: nominal<br>FRP: 1.85 MW,-5.09582,36.64162
318.86,0.46,0.47,2026-09-27,0154,N,VIIRS,n,2.0NRT,271.13,1.83,N,VIIRS_SNPP_NRT,2026-09-27T01:54:00Z,31,nominal,<strong>NASA FIRMS</strong><br>Sensor: VIIRS_SNPP_NRT<br>Fecha UTC: 2026-09-27T01:54:00Z<br>Confianza: nominal<br>FRP: 1.83 MW,-5.09832,36.6418
312.12,0.46,0.47,2026-09-27,0154,N,VIIRS,n,2.0NRT,272.15,2.63,N,VIIRS_SNPP_NRT,2026-09-27T01:54:00Z,31,nominal,<strong>NASA FIRMS</strong><br>Sensor: VIIRS_SNPP_NRT<br>Fecha UTC: 2026-09-27T01:54:00Z<br>Confianza: nominal<br>FRP: 2.63 MW,-5.10115,36.64211
295.51,0.46,0.47,2026-09-27,0154,N,VIIRS,n,2.0NRT,272.32,1.83,N,VIIRS_SNPP_NRT,2026-09-27T01:54:00Z,31,nominal,<strong>NASA FIRMS</strong><br>Sensor: VIIRS_SNPP_NRT<br>Fecha UTC: 2026-09-27T01:54:00Z<br>Confianza: nominal<br>FRP: 1.83 MW,-5.10357,36.64232
295.11,0.46,0.47,2026-09-27,0154,N,VIIRS,n,2.0NRT,271.8,1.97,N,VIIRS_SNPP_NRT,2026-09-27T01:54:00Z,31,nominal,<strong>NASA FIRMS</strong><br>Sensor: VIIRS_SNPP_NRT<br>Fecha UTC: 2026-09-27T01:54:00Z<br>Confianza: nominal<br>FRP: 1.97 MW,-5.11236,36.64312
324.91,0.46,0.47,2026-09-27,0154,N,VIIRS,n,2.0NRT,272.52,3.03,N,VIIRS_SNPP_NRT,2026-09-27T01:54:00Z,31,nominal,<strong>NASA FIRMS</strong><br>Sensor: VIIRS_SNPP_NRT<br>Fecha UTC: 2026-09-27T01:54:00Z<br>Confianza: nominal<br>FRP: 3.03 MW,-5.11523,36.64345
323.35,0.46,0.47,2026-09-27,0154,N,VIIRS,n,2.0NRT,272.39,1.97,N,VIIRS_SNPP_NRT,2026-09-27T01:54:00Z,31,nominal,<strong>NASA FIRMS</strong><br>Sensor: VIIRS_SNPP_NRT<br>Fecha UTC: 2026-09-27T01:54:00Z<br>Confianza: nominal<br>FRP: 1.97 MW,-5.11882,36.6437
309.71,0.46,0.47,2026-09-27,0154,N,VIIRS,n,2.0NRT,270.86,2.09,N,VIIRS_SNPP_NRT,2026-09-27T01:54:00Z,31,nominal,<strong>NASA FIRMS</strong><br>Sensor: VIIRS_SNPP_NRT<br>Fecha UTC: 2026-09-27T01:54:00Z<br>Confianza: nominal<br>FRP: 2.09 MW,-5.0892,36.64544
315.97,0.46,0.47,2026-09-27,0154,N,VIIRS,n,2.0NRT,273.12,2.09,N,VIIRS_SNPP_NRT,2026-09-27T01:54:00Z,31,nominal,<strong>NASA FIRMS</strong><br>Sensor: VIIRS_SNPP_NRT<br>Fecha UTC: 2026-09-27T01:54:00Z<br>Confianza: nominal<br>FRP: 2.09 MW,-5.09477,36.64594
347.06,0.46,0.47,2026-09-27,0154,N,VIIRS,n,2.0NRT,277.33,5.21,N,VIIRS_SNPP_NRT,2026-09-27T01:54:00Z,31,nominal,<strong>NASA FIRMS</strong><br>Sensor: VIIRS_SNPP_NRT<br>Fecha UTC: 2026-09-27T01:54:00Z<br>Confianza: nominal<br>FRP: 5.21 MW,-5.10002,36.64642
316.03,0.46,0.47,2026-09-27,0154,N,VIIRS,n,2.0NRT,273.06,5.21,N,VIIRS_SNPP_NRT,2026-09-27T01:54:00Z,31,nominal,<strong>NASA FIRMS</strong><br>Sensor: VIIRS_SNPP_NRT<br>Fecha UTC: 2026-09-27T01:54:00Z<br>Confianza: nominal<br>FRP: 5.21 MW,-5.1053,36.6469
304.65,0.46,0.47,2026-09-27,0154,N,VIIRS,n,2.0NRT,269.63,5.21,N,VIIRS_SNPP_NRT,2026-09-27T01:54:00Z,31,nominal,<strong>NASA FIRMS</strong><br>Sensor: VIIRS_SNPP_NRT<br>Fecha UTC: 2026-09-27T01:54:00Z<br>Confianza: nominal<br>FRP: 5.21 MW,-5.09938,36.65078
315.21,0.39,0.36,2026-09-27,0154,N,VIIRS,n,2.0NRT,292.4,1.12,N,VIIRS_SNPP_NRT,2026-09-27T01:54:00Z,31,nominal,<strong>NASA FIRMS</strong><br>Sensor: VIIRS_SNPP_NRT<br>Fecha UTC: 2026-09-27T01:54:00Z<br>Confianza: nominal<br>FRP: 1.12 MW,3.08281,36.74704
309.41,0.39,0.36,2026-09-27,0154,N,VIIRS,n,2.0NRT,294.06,1.19,N,VIIRS_SNPP_NRT,2026-09-27T01:54:00Z,31,nominal,<strong>NASA FIRMS</strong><br>Sensor: VIIRS_SNPP_NRT<br>Fecha UTC: 2026-09-27T01:54:00Z<br>Confianza: nominal<br>FRP: 1.19 MW,3.08365,36.75034
302.7,0.45,0.39,2026-09-27,0154,N,VIIRS,n,2.0NRT,287.39,1.03,N,VIIRS_SNPP_NRT,2026-09-27T01:54:00Z,31,nominal,<strong>NASA FIRMS</strong><br>Sensor: VIIRS_SNPP_NRT<br>Fecha UTC: 2026-09-27T01:54:00Z<br>Confianza: nominal<br>FRP: 1.03 MW,-0.54348,38.37685
309.5,0.43,0.38,2026-09-27,0152,N,VIIRS,n,2.0NRT,292.41,1.12,N,VIIRS_SNPP_NRT,2026-09-27T01:52:00Z,31,nominal,<strong>NASA FIRMS</strong><br>Sensor: VIIRS_SNPP_NRT<br>Fecha UTC: 2026-09-27T01:52:00Z<br>Confianza: nominal<br>FRP: 1.12 MW,0.5411,40.57568
300.38,0.41,0.37,2026-09-27,0152,N,VIIRS,n,2.0NRT,289.85,0.52,N,VIIRS_SNPP_NRT,2026-09-27T01:52:00Z,31,nominal,<strong>NASA FIRMS</strong><br>Sensor: VIIRS_SNPP_NRT<br>Fecha UTC: 2026-09-27T01:52:00Z<br>Confianza: nominal<br>FRP: 0.52 MW,1.6653,41.31287
344.22,0.37,0.58,2026-09-27,0152,N,VIIRS,n,2.0NRT,250.04,4.41,N,VIIRS_SNPP_NRT,2026-09-27T01:52:00Z,31,nominal,<strong>NASA FIRMS</strong><br>Sensor: VIIRS_SNPP_NRT<br>Fecha UTC: 2026-09-27T01:52:00Z<br>Confianza: nominal<br>FRP: 4.41 MW,-8.07233,41.66595
322.95,0.37,0.58,2026-09-27,0152,N,VIIRS,n,2.0NRT,250.03,4.41,N,VIIRS_SNPP_NRT,2026-09-27T01:52:00Z,31,nominal,<strong>NASA FIRMS</strong><br>Sensor: VIIRS_SNPP_NRT<br>Fecha UTC: 2026-09-27T01:52:00Z<br>Confianza: nominal<br>FRP: 4.41 MW,-8.07634,41.66616
297.35,0.55,0.43,2026-09-27,0152,N,VIIRS,n,2.0NRT,286.6,0.34,N,VIIRS_SNPP_NRT,2026-09-27T01:52:00Z,31,nominal,<strong>NASA FIRMS</strong><br>Sensor: VIIRS_SNPP_NRT<br>Fecha UTC: 2026-09-27T01:52:00Z<br>Confianza: nominal<br>FRP: 0.34 MW,-1.76269,42.60309
305.63,0.42,0.37,2026-09-27,0152,N,VIIRS,n,2.0NRT,283.87,1.06,N,VIIRS_SNPP_NRT,2026-09-27T01:52:00Z,31,nominal,<strong>NASA FIRMS</strong><br>Sensor: VIIRS_SNPP_NRT<br>Fecha UTC: 2026-09-27T01:52:00Z<br>Confianza: nominal<br>FRP: 1.06 MW,1.76389,42.69823
302.93,0.41,0.37,2026-09-27,0152,N,VIIRS,n,2.0NRT,286.1,0.75,N,VIIRS_SNPP_NRT,2026-09-27T01:52:00Z,31,nominal,<strong>NASA FIRMS</strong><br>Sensor: VIIRS_SNPP_NRT<br>Fecha UTC: 2026-09-27T01:52:00Z<br>Confianza: nominal<br>FRP: 0.75 MW,1.99694,42.71121
299.92,0.41,0.37,2026-09-27,0152,N,VIIRS,n,2.0NRT,286.31,1.08,N,VIIRS_SNPP_NRT,2026-09-27T01:52:00Z,31,nominal,<strong>NASA FIRMS</strong><br>Sensor: VIIRS_SNPP_NRT<br>Fecha UTC: 2026-09-27T01:52:00Z<br>Confianza: nominal<br>FRP: 1.08 MW,2.00795,42.71673
311.9,0.42,0.38,2026-09-27,0152,N,VIIRS,n,2.0NRT,289.8,7.64,N,VIIRS_SNPP_NRT,2026-09-27T01:52:00Z,31,nominal,<strong>NASA FIRMS</strong><br>Sensor: VIIRS_SNPP_NRT<br>Fecha UTC: 2026-09-27T01:52:00Z<br>Confianza: nominal<br>FRP: 7.64 MW,1.50455,42.90266
353.7,0.42,0.38,2026-09-27,0152,N,VIIRS,n,2.0NRT,294.38,7.64,N,VIIRS_SNPP_NRT,2026-09-27T01:52:00Z,31,nominal,<strong>NASA FIRMS</strong><br>Sensor: VIIRS_SNPP_NRT<br>Fecha UTC: 2026-09-27T01:52:00Z<br>Confianza: nominal<br>FRP: 7.64 MW,1.49934,42.90334
299.63,0.42,0.38,2026-09-27,0152,N,VIIRS,n,2.0NRT,287.22,4.06,N,VIIRS_SNPP_NRT,2026-09-27T01:52:00Z,31,nominal,<strong>NASA FIRMS</strong><br>Sensor: VIIRS_SNPP_NRT<br>Fecha UTC: 2026-09-27T01:52:00Z<br>Confianza: nominal<br>FRP: 4.06 MW,1.50541,42.90611
336,0.42,0.38,2026-09-27,0152,N,VIIRS,n,2.0NRT,297.79,4.06,N,VIIRS_SNPP_NRT,2026-09-27T01:52:00Z,31,nominal,<strong>NASA FIRMS</strong><br>Sensor: VIIRS_SNPP_NRT<br>Fecha UTC: 2026-09-27T01:52:00Z<br>Confianza: nominal<br>FRP: 4.06 MW,1.50018,42.9068
310.29,0.56,0.43,2026-09-27,0152,N,VIIRS,n,2.0NRT,288.38,1.51,N,VIIRS_SNPP_NRT,2026-09-27T01:52:00Z,31,nominal,<strong>NASA FIRMS</strong><br>Sensor: VIIRS_SNPP_NRT<br>Fecha UTC: 2026-09-27T01:52:00Z<br>Confianza: nominal<br>FRP: 1.51 MW,-1.84519,43.07882
302.07,0.38,0.36,2026-09-27,0152,N,VIIRS,n,2.0NRT,288.8,1.2,N,VIIRS_SNPP_NRT,2026-09-27T01:52:00Z,31,nominal,<strong>NASA FIRMS</strong><br>Sensor: VIIRS_SNPP_NRT<br>Fecha UTC: 2026-09-27T01:52:00Z<br>Confianza: nominal<br>FRP: 1.2 MW,4.89478,43.43375
313.26,0.38,0.36,2026-09-27,0152,N,VIIRS,n,2.0NRT,290.49,1.15,N,VIIRS_SNPP_NRT,2026-09-27T01:52:00Z,31,nominal,<strong>NASA FIRMS</strong><br>Sensor: VIIRS_SNPP_NRT<br>Fecha UTC: 2026-09-27T01:52:00Z<br>Confianza: nominal<br>FRP: 1.15 MW,4.89107,43.43778
301.05,0.38,0.36,2026-09-27,0152,N,VIIRS,n,2.0NRT,290.52,1.15,N,VIIRS_SNPP_NRT,2026-09-27T01:52:00Z,31,nominal,<strong>NASA FIRMS</strong><br>Sensor: VIIRS_SNPP_NRT<br>Fecha UTC: 2026-09-27T01:52:00Z<br>Confianza: nominal<br>FRP: 1.15 MW,4.88637,43.43853
322.09,0.38,0.36,2026-09-27,0152,N,VIIRS,n,2.0NRT,290.89,2.25,N,VIIRS_SNPP_NRT,2026-09-27T01:52:00Z,31,nominal,<strong>NASA FIRMS</strong><br>Sensor: VIIRS_SNPP_NRT<br>Fecha UTC: 2026-09-27T01:52:00Z<br>Confianza: nominal<br>FRP: 2.25 MW,4.8826599999999996,43.44257
323.57,0.38,0.36,2026-09-27,0152,N,VIIRS,n,2.0NRT,289.61,1.89,N,VIIRS_SNPP_NRT,2026-09-27T01:52:00Z,31,nominal,<strong>NASA FIRMS</strong><br>Sensor: VIIRS_SNPP_NRT<br>Fecha UTC: 2026-09-27T01:52:00Z<br>Confianza: nominal<br>FRP: 1.89 MW,4.89775,43.44359
317.14,0.38,0.36,2026-09-27,0152,N,VIIRS,n,2.0NRT,290.19,1.89,N,VIIRS_SNPP_NRT,2026-09-27T01:52:00Z,31,nominal,<strong>NASA FIRMS</strong><br>Sensor: VIIRS_SNPP_NRT<br>Fecha UTC: 2026-09-27T01:52:00Z<br>Confianza: nominal<br>FRP: 1.89 MW,4.89874,43.44687
304.81,0.38,0.36,2026-09-27,0152,N,VIIRS,n,2.0NRT,287.6,0.71,N,VIIRS_SNPP_NRT,2026-09-27T01:52:00Z,31,nominal,<strong>NASA FIRMS</strong><br>Sensor: VIIRS_SNPP_NRT<br>Fecha UTC: 2026-09-27T01:52:00Z<br>Confianza: nominal<br>FRP: 0.71 MW,4.51177,43.68819
324.76,0.39,0.36,2026-09-27,0152,N,VIIRS,n,2.0NRT,289.39,5.32,N,VIIRS_SNPP_NRT,2026-09-27T01:52:00Z,31,nominal,<strong>NASA FIRMS</strong><br>Sensor: VIIRS_SNPP_NRT<br>Fecha UTC: 2026-09-27T01:52:00Z<br>Confianza: nominal<br>FRP: 5.32 MW,4.12717,44.5658
328.91,0.39,0.36,2026-09-27,0152,N,VIIRS,n,2.0NRT,289.69,8.51,N,VIIRS_SNPP_NRT,2026-09-27T01:52:00Z,31,nominal,<strong>NASA FIRMS</strong><br>Sensor: VIIRS_SNPP_NRT<br>Fecha UTC: 2026-09-27T01:52:00Z<br>Confianza: nominal<br>FRP: 8.51 MW,4.1223,44.56652
316.31,0.39,0.36,2026-09-27,0152,N,VIIRS,n,2.0NRT,288.66,1.44,N,VIIRS_SNPP_NRT,2026-09-27T01:52:00Z,31,nominal,<strong>NASA FIRMS</strong><br>Sensor: VIIRS_SNPP_NRT<br>Fecha UTC: 2026-09-27T01:52:00Z<br>Confianza: nominal<br>FRP: 1.44 MW,4.12826,44.56909
317.46,0.39,0.36,2026-09-27,0152,N,VIIRS,n,2.0NRT,285.97,1.42,N,VIIRS_SNPP_NRT,2026-09-27T01:52:00Z,31,nominal,<strong>NASA FIRMS</strong><br>Sensor: VIIRS_SNPP_NRT<br>Fecha UTC: 2026-09-27T01:52:00Z<br>Confianza: nominal<br>FRP: 1.42 MW,4.12339,44.56981
309.07,0.39,0.36,2026-09-27,0152,N,VIIRS,n,2.0NRT,288.23,1.44,N,VIIRS_SNPP_NRT,2026-09-27T01:52:00Z,31,nominal,<strong>NASA FIRMS</strong><br>Sensor: VIIRS_SNPP_NRT<br>Fecha UTC: 2026-09-27T01:52:00Z<br>Confianza: nominal<br>FRP: 1.44 MW,4.12922,44.57239
334.74,0.41,0.37,2026-09-28,0158,N20,VIIRS,n,2.0NRT,301.07,22.49,N,VIIRS_NOAA20_NRT,2026-09-28T01:58:00Z,6.9,nominal,<strong>NASA FIRMS</strong><br>Sensor: VIIRS_NOAA20_NRT<br>Fecha UTC: 2026-09-28T01:58:00Z<br>Confianza: nominal<br>FRP: 22.49 MW,0.30311,28.11077
319.56,0.41,0.37,2026-09-28,0158,N20,VIIRS,n,2.0NRT,294.73,1.14,N,VIIRS_NOAA20_NRT,2026-09-28T01:58:00Z,6.9,nominal,<strong>NASA FIRMS</strong><br>Sensor: VIIRS_NOAA20_NRT<br>Fecha UTC: 2026-09-28T01:58:00Z<br>Confianza: nominal<br>FRP: 1.14 MW,0.30386,28.11416
305.3,0.39,0.37,2026-09-28,0158,N20,VIIRS,n,2.0NRT,292.78,1.82,N,VIIRS_NOAA20_NRT,2026-09-28T01:58:00Z,6.9,nominal,<strong>NASA FIRMS</strong><br>Sensor: VIIRS_NOAA20_NRT<br>Fecha UTC: 2026-09-28T01:58:00Z<br>Confianza: nominal<br>FRP: 1.82 MW,-0.51516,28.20105
327.71,0.39,0.37,2026-09-28,0158,N20,VIIRS,n,2.0NRT,292.61,1.82,N,VIIRS_NOAA20_NRT,2026-09-28T01:58:00Z,6.9,nominal,<strong>NASA FIRMS</strong><br>Sensor: VIIRS_NOAA20_NRT<br>Fecha UTC: 2026-09-28T01:58:00Z<br>Confianza: nominal<br>FRP: 1.82 MW,-0.51913,28.20171
311.77,0.4,0.37,2026-09-28,0158,N20,VIIRS,n,2.0NRT,294.15,1.02,N,VIIRS_NOAA20_NRT,2026-09-28T01:58:00Z,6.9,nominal,<strong>NASA FIRMS</strong><br>Sensor: VIIRS_NOAA20_NRT<br>Fecha UTC: 2026-09-28T01:58:00Z<br>Confianza: nominal<br>FRP: 1.02 MW,-0.158,28.2117
300.09,0.44,0.38,2026-09-28,0156,N20,VIIRS,n,2.0NRT,284.98,0.79,N,VIIRS_NOAA20_NRT,2026-09-28T01:56:00Z,7,nominal,<strong>NASA FIRMS</strong><br>Sensor: VIIRS_NOAA20_NRT<br>Fecha UTC: 2026-09-28T01:56:00Z<br>Confianza: nominal<br>FRP: 0.79 MW,1.89945,30.91218
340.79,0.51,0.41,2026-09-28,0156,N20,VIIRS,n,2.0NRT,293.18,5.9,N,VIIRS_NOAA20_NRT,2026-09-28T01:56:00Z,7,nominal,<strong>NASA FIRMS</strong><br>Sensor: VIIRS_NOAA20_NRT<br>Fecha UTC: 2026-09-28T01:56:00Z<br>Confianza: nominal<br>FRP: 5.9 MW,3.98745,32.27624
307.7,0.51,0.41,2026-09-28,0156,N20,VIIRS,n,2.0NRT,291.54,0.83,N,VIIRS_NOAA20_NRT,2026-09-28T01:56:00Z,7,nominal,<strong>NASA FIRMS</strong><br>Sensor: VIIRS_NOAA20_NRT<br>Fecha UTC: 2026-09-28T01:56:00Z<br>Confianza: nominal<br>FRP: 0.83 MW,4.0064,32.40214
328.76,0.46,0.39,2026-09-28,0156,N20,VIIRS,n,2.0NRT,289.31,5.11,N,VIIRS_NOAA20_NRT,2026-09-28T01:56:00Z,7,nominal,<strong>NASA FIRMS</strong><br>Sensor: VIIRS_NOAA20_NRT<br>Fecha UTC: 2026-09-28T01:56:00Z<br>Confianza: nominal<br>FRP: 5.11 MW,3.16955,32.55624
299.7,0.46,0.39,2026-09-28,0156,N20,VIIRS,n,2.0NRT,288.95,0.98,N,VIIRS_NOAA20_NRT,2026-09-28T01:56:00Z,7,nominal,<strong>NASA FIRMS</strong><br>Sensor: VIIRS_NOAA20_NRT<br>Fecha UTC: 2026-09-28T01:56:00Z<br>Confianza: nominal<br>FRP: 0.98 MW,3.18262,32.74372
310.04,0.46,0.39,2026-09-28,0156,N20,VIIRS,n,2.0NRT,289.35,1.21,N,VIIRS_NOAA20_NRT,2026-09-28T01:56:00Z,7,nominal,<strong>NASA FIRMS</strong><br>Sensor: VIIRS_NOAA20_NRT<br>Fecha UTC: 2026-09-28T01:56:00Z<br>Confianza: nominal<br>FRP: 1.21 MW,3.18356,32.74727
302.7,0.46,0.39,2026-09-28,0156,N20,VIIRS,n,2.0NRT,288.23,0.57,N,VIIRS_NOAA20_NRT,2026-09-28T01:56:00Z,7,nominal,<strong>NASA FIRMS</strong><br>Sensor: VIIRS_NOAA20_NRT<br>Fecha UTC: 2026-09-28T01:56:00Z<br>Confianza: nominal<br>FRP: 0.57 MW,3.23801,32.8376
298.51,0.46,0.39,2026-09-28,0156,N20,VIIRS,n,2.0NRT,287.11,0.24,N,VIIRS_NOAA20_NRT,2026-09-28T01:56:00Z,7,nominal,<strong>NASA FIRMS</strong><br>Sensor: VIIRS_NOAA20_NRT<br>Fecha UTC: 2026-09-28T01:56:00Z<br>Confianza: nominal<br>FRP: 0.24 MW,3.2404,32.83878
300.01,0.46,0.39,2026-09-28,0156,N20,VIIRS,n,2.0NRT,289.06,0.91,N,VIIRS_NOAA20_NRT,2026-09-28T01:56:00Z,7,nominal,<strong>NASA FIRMS</strong><br>Sensor: VIIRS_NOAA20_NRT<br>Fecha UTC: 2026-09-28T01:56:00Z<br>Confianza: nominal<br>FRP: 0.91 MW,3.23392,32.92943
301.9,0.46,0.39,2026-09-28,0156,N20,VIIRS,n,2.0NRT,289.37,0.9,N,VIIRS_NOAA20_NRT,2026-09-28T01:56:00Z,7,nominal,<strong>NASA FIRMS</strong><br>Sensor: VIIRS_NOAA20_NRT<br>Fecha UTC: 2026-09-28T01:56:00Z<br>Confianza: nominal<br>FRP: 0.9 MW,3.22909,32.93033
305.64,0.46,0.39,2026-09-28,0156,N20,VIIRS,n,2.0NRT,291.19,0.9,N,VIIRS_NOAA20_NRT,2026-09-28T01:56:00Z,7,nominal,<strong>NASA FIRMS</strong><br>Sensor: VIIRS_NOAA20_NRT<br>Fecha UTC: 2026-09-28T01:56:00Z<br>Confianza: nominal<br>FRP: 0.9 MW,3.22521,32.93478
320.81,0.46,0.39,2026-09-28,0156,N20,VIIRS,n,2.0NRT,290.24,1.97,N,VIIRS_NOAA20_NRT,2026-09-28T01:56:00Z,7,nominal,<strong>NASA FIRMS</strong><br>Sensor: VIIRS_NOAA20_NRT<br>Fecha UTC: 2026-09-28T01:56:00Z<br>Confianza: nominal<br>FRP: 1.97 MW,3.2358,32.93652
301.4,0.46,0.39,2026-09-28,0156,N20,VIIRS,n,2.0NRT,290.09,3.07,N,VIIRS_NOAA20_NRT,2026-09-28T01:56:00Z,7,nominal,<strong>NASA FIRMS</strong><br>Sensor: VIIRS_NOAA20_NRT<br>Fecha UTC: 2026-09-28T01:56:00Z<br>Confianza: nominal<br>FRP: 3.07 MW,3.23005,32.94337
305.6,0.46,0.39,2026-09-28,0156,N20,VIIRS,n,2.0NRT,290,6.32,N,VIIRS_NOAA20_NRT,2026-09-28T01:56:00Z,7,nominal,<strong>NASA FIRMS</strong><br>Sensor: VIIRS_NOAA20_NRT<br>Fecha UTC: 2026-09-28T01:56:00Z<br>Confianza: nominal<br>FRP: 6.32 MW,3.22803,32.94542
303.96,0.46,0.39,2026-09-28,0156,N20,VIIRS,n,2.0NRT,289.77,0.99,N,VIIRS_NOAA20_NRT,2026-09-28T01:56:00Z,7,nominal,<strong>NASA FIRMS</strong><br>Sensor: VIIRS_NOAA20_NRT<br>Fecha UTC: 2026-09-28T01:56:00Z<br>Confianza: nominal<br>FRP: 0.99 MW,3.2232,32.94631
324.3,0.46,0.39,2026-09-28,0156,N20,VIIRS,n,2.0NRT,292.58,3.07,N,VIIRS_NOAA20_NRT,2026-09-28T01:56:00Z,7,nominal,<strong>NASA FIRMS</strong><br>Sensor: VIIRS_NOAA20_NRT<br>Fecha UTC: 2026-09-28T01:56:00Z<br>Confianza: nominal<br>FRP: 3.07 MW,3.23098,32.94692
323.54,0.46,0.39,2026-09-28,0156,N20,VIIRS,n,2.0NRT,290.56,3.07,N,VIIRS_NOAA20_NRT,2026-09-28T01:56:00Z,7,nominal,<strong>NASA FIRMS</strong><br>Sensor: VIIRS_NOAA20_NRT<br>Fecha UTC: 2026-09-28T01:56:00Z<br>Confianza: nominal<br>FRP: 3.07 MW,3.22615,32.94784
302.5,0.46,0.39,2026-09-28,0156,N20,VIIRS,n,2.0NRT,289.78,0.69,N,VIIRS_NOAA20_NRT,2026-09-28T01:56:00Z,7,nominal,<strong>NASA FIRMS</strong><br>Sensor: VIIRS_NOAA20_NRT<br>Fecha UTC: 2026-09-28T01:56:00Z<br>Confianza: nominal<br>FRP: 0.69 MW,3.22132,32.94877
342.35,0.46,0.39,2026-09-28,0156,N20,VIIRS,n,2.0NRT,293.66,6.32,N,VIIRS_NOAA20_NRT,2026-09-28T01:56:00Z,7,nominal,<strong>NASA FIRMS</strong><br>Sensor: VIIRS_NOAA20_NRT<br>Fecha UTC: 2026-09-28T01:56:00Z<br>Confianza: nominal<br>FRP: 6.32 MW,3.22896,32.94896
304.56,0.46,0.39,2026-09-28,0156,N20,VIIRS,n,2.0NRT,290.77,0.64,N,VIIRS_NOAA20_NRT,2026-09-28T01:56:00Z,7,nominal,<strong>NASA FIRMS</strong><br>Sensor: VIIRS_NOAA20_NRT<br>Fecha UTC: 2026-09-28T01:56:00Z<br>Confianza: nominal<br>FRP: 0.64 MW,3.2319,32.95047
304.58,0.46,0.39,2026-09-28,0156,N20,VIIRS,n,2.0NRT,290.77,0.64,N,VIIRS_NOAA20_NRT,2026-09-28T01:56:00Z,7,nominal,<strong>NASA FIRMS</strong><br>Sensor: VIIRS_NOAA20_NRT<br>Fecha UTC: 2026-09-28T01:56:00Z<br>Confianza: nominal<br>FRP: 0.64 MW,3.22707,32.95139
321.34,0.46,0.39,2026-09-28,0156,N20,VIIRS,n,2.0NRT,290.01,2.4,N,VIIRS_NOAA20_NRT,2026-09-28T01:56:00Z,7,nominal,<strong>NASA FIRMS</strong><br>Sensor: VIIRS_NOAA20_NRT<br>Fecha UTC: 2026-09-28T01:56:00Z<br>Confianza: nominal<br>FRP: 2.4 MW,3.32038,33.12545
308.86,0.46,0.39,2026-09-28,0156,N20,VIIRS,n,2.0NRT,289.24,1.13,N,VIIRS_NOAA20_NRT,2026-09-28T01:56:00Z,7,nominal,<strong>NASA FIRMS</strong><br>Sensor: VIIRS_NOAA20_NRT<br>Fecha UTC: 2026-09-28T01:56:00Z<br>Confianza: nominal<br>FRP: 1.13 MW,3.31552,33.12636
321.25,0.46,0.39,2026-09-28,0156,N20,VIIRS,n,2.0NRT,290.21,2.4,N,VIIRS_NOAA20_NRT,2026-09-28T01:56:00Z,7,nominal,<strong>NASA FIRMS</strong><br>Sensor: VIIRS_NOAA20_NRT<br>Fecha UTC: 2026-09-28T01:56:00Z<br>Confianza: nominal<br>FRP: 2.4 MW,3.32133,33.12899
309.14,0.46,0.39,2026-09-28,0156,N20,VIIRS,n,2.0NRT,288.59,1.05,N,VIIRS_NOAA20_NRT,2026-09-28T01:56:00Z,7,nominal,<strong>NASA FIRMS</strong><br>Sensor: VIIRS_NOAA20_NRT<br>Fecha UTC: 2026-09-28T01:56:00Z<br>Confianza: nominal<br>FRP: 1.05 MW,3.36907,33.13496
305.72,0.46,0.39,2026-09-28,0156,N20,VIIRS,n,2.0NRT,289.37,1.1,N,VIIRS_NOAA20_NRT,2026-09-28T01:56:00Z,7,nominal,<strong>NASA FIRMS</strong><br>Sensor: VIIRS_NOAA20_NRT<br>Fecha UTC: 2026-09-28T01:56:00Z<br>Confianza: nominal<br>FRP: 1.1 MW,3.36703,33.13707
305.89,0.46,0.39,2026-09-28,0156,N20,VIIRS,n,2.0NRT,289.32,1.1,N,VIIRS_NOAA20_NRT,2026-09-28T01:56:00Z,7,nominal,<strong>NASA FIRMS</strong><br>Sensor: VIIRS_NOAA20_NRT<br>Fecha UTC: 2026-09-28T01:56:00Z<br>Confianza: nominal<br>FRP: 1.1 MW,3.36311,33.14156
303.58,0.46,0.39,2026-09-28,0156,N20,VIIRS,n,2.0NRT,288.84,0.97,N,VIIRS_NOAA20_NRT,2026-09-28T01:56:00Z,7,nominal,<strong>NASA FIRMS</strong><br>Sensor: VIIRS_NOAA20_NRT<br>Fecha UTC: 2026-09-28T01:56:00Z<br>Confianza: nominal<br>FRP: 0.97 MW,3.3661,33.14298
316.79,0.38,0.36,2026-09-28,0156,N20,VIIRS,n,2.0NRT,287.53,1.36,N,VIIRS_NOAA20_NRT,2026-09-28T01:56:00Z,7,nominal,<strong>NASA FIRMS</strong><br>Sensor: VIIRS_NOAA20_NRT<br>Fecha UTC: 2026-09-28T01:56:00Z<br>Confianza: nominal<br>FRP: 1.36 MW,-0.34581,33.47556
305.69,0.41,0.37,2026-09-28,0156,N20,VIIRS,n,2.0NRT,289.17,1.08,N,VIIRS_NOAA20_NRT,2026-09-28T01:56:00Z,7,nominal,<strong>NASA FIRMS</strong><br>Sensor: VIIRS_NOAA20_NRT<br>Fecha UTC: 2026-09-28T01:56:00Z<br>Confianza: nominal<br>FRP: 1.08 MW,2.0588,34.43737
296.04,0.39,0.36,2026-09-28,0156,N20,VIIRS,n,2.0NRT,267.41,0.49,N,VIIRS_NOAA20_NRT,2026-09-28T01:56:00Z,7,nominal,<strong>NASA FIRMS</strong><br>Sensor: VIIRS_NOAA20_NRT<br>Fecha UTC: 2026-09-28T01:56:00Z<br>Confianza: nominal<br>FRP: 0.49 MW,-0.25596,35.80784
300.13,0.39,0.36,2026-09-28,0156,N20,VIIRS,n,2.0NRT,268.02,0.49,N,VIIRS_NOAA20_NRT,2026-09-28T01:56:00Z,7,nominal,<strong>NASA FIRMS</strong><br>Sensor: VIIRS_NOAA20_NRT<br>Fecha UTC: 2026-09-28T01:56:00Z<br>Confianza: nominal<br>FRP: 0.49 MW,-0.25521,35.81113
311.94,0.47,0.4,2026-09-28,0154,N20,VIIRS,n,2.0NRT,291.93,1.28,N,VIIRS_NOAA20_NRT,2026-09-28T01:54:00Z,7,nominal,<strong>NASA FIRMS</strong><br>Sensor: VIIRS_NOAA20_NRT<br>Fecha UTC: 2026-09-28T01:54:00Z<br>Confianza: nominal<br>FRP: 1.28 MW,4.4775,35.70809
304.83,0.47,0.4,2026-09-28,0154,N20,VIIRS,n,2.0NRT,291.5,0.77,N,VIIRS_NOAA20_NRT,2026-09-28T01:54:00Z,7,nominal,<strong>NASA FIRMS</strong><br>Sensor: VIIRS_NOAA20_NRT<br>Fecha UTC: 2026-09-28T01:54:00Z<br>Confianza: nominal<br>FRP: 0.77 MW,4.44773,35.88067
302.8,0.47,0.4,2026-09-28,0154,N20,VIIRS,n,2.0NRT,288.2,0.54,N,VIIRS_NOAA20_NRT,2026-09-28T01:54:00Z,7,nominal,<strong>NASA FIRMS</strong><br>Sensor: VIIRS_NOAA20_NRT<br>Fecha UTC: 2026-09-28T01:54:00Z<br>Confianza: nominal<br>FRP: 0.54 MW,4.61202,36.08819
304.34,0.39,0.36,2026-09-28,0154,N20,VIIRS,n,2.0NRT,284.93,0.76,N,VIIRS_NOAA20_NRT,2026-09-28T01:54:00Z,7,nominal,<strong>NASA FIRMS</strong><br>Sensor: VIIRS_NOAA20_NRT<br>Fecha UTC: 2026-09-28T01:54:00Z<br>Confianza: nominal<br>FRP: 0.76 MW,1.24129,36.12581
301.03,0.39,0.36,2026-09-28,0154,N20,VIIRS,n,2.0NRT,284.45,0.54,N,VIIRS_NOAA20_NRT,2026-09-28T01:54:00Z,7,nominal,<strong>NASA FIRMS</strong><br>Sensor: VIIRS_NOAA20_NRT<br>Fecha UTC: 2026-09-28T01:54:00Z<br>Confianza: nominal<br>FRP: 0.54 MW,1.23787,36.12979
306.42,0.42,0.37,2026-09-28,0154,N20,VIIRS,n,2.0NRT,287.54,0.74,N,VIIRS_NOAA20_NRT,2026-09-28T01:54:00Z,7,nominal,<strong>NASA FIRMS</strong><br>Sensor: VIIRS_NOAA20_NRT<br>Fecha UTC: 2026-09-28T01:54:00Z<br>Confianza: nominal<br>FRP: 0.74 MW,2.92986,36.14026
311.77,0.41,0.37,2026-09-28,0154,N20,VIIRS,n,2.0NRT,291.33,0.79,N,VIIRS_NOAA20_NRT,2026-09-28T01:54:00Z,7,nominal,<strong>NASA FIRMS</strong><br>Sensor: VIIRS_NOAA20_NRT<br>Fecha UTC: 2026-09-28T01:54:00Z<br>Confianza: nominal<br>FRP: 0.79 MW,2.87693,36.59572
306.13,0.42,0.37,2026-09-28,0154,N20,VIIRS,n,2.0NRT,292.2,0.98,N,VIIRS_NOAA20_NRT,2026-09-28T01:54:00Z,7,nominal,<strong>NASA FIRMS</strong><br>Sensor: VIIRS_NOAA20_NRT<br>Fecha UTC: 2026-09-28T01:54:00Z<br>Confianza: nominal<br>FRP: 0.98 MW,3.13737,36.59855
308.53,0.42,0.38,2026-09-28,0154,N20,VIIRS,n,2.0NRT,293.57,0.87,N,VIIRS_NOAA20_NRT,2026-09-28T01:54:00Z,7,nominal,<strong>NASA FIRMS</strong><br>Sensor: VIIRS_NOAA20_NRT<br>Fecha UTC: 2026-09-28T01:54:00Z<br>Confianza: nominal<br>FRP: 0.87 MW,3.2331,36.63103
322.7,0.41,0.37,2026-09-28,0154,N20,VIIRS,n,2.0NRT,294.65,1.96,N,VIIRS_NOAA20_NRT,2026-09-28T01:54:00Z,7,nominal,<strong>NASA FIRMS</strong><br>Sensor: VIIRS_NOAA20_NRT<br>Fecha UTC: 2026-09-28T01:54:00Z<br>Confianza: nominal<br>FRP: 1.96 MW,3.0817,36.75045
302.1,0.42,0.45,2026-09-28,0154,N20,VIIRS,n,2.0NRT,270.71,1.09,N,VIIRS_NOAA20_NRT,2026-09-28T01:54:00Z,7,nominal,<strong>NASA FIRMS</strong><br>Sensor: VIIRS_NOAA20_NRT<br>Fecha UTC: 2026-09-28T01:54:00Z<br>Confianza: nominal<br>FRP: 1.09 MW,-5.77139,38.36982
298.8,0.39,0.44,2026-09-28,0154,N20,VIIRS,n,2.0NRT,275.24,1.54,N,VIIRS_NOAA20_NRT,2026-09-28T01:54:00Z,7,nominal,<strong>NASA FIRMS</strong><br>Sensor: VIIRS_NOAA20_NRT<br>Fecha UTC: 2026-09-28T01:54:00Z<br>Confianza: nominal<br>FRP: 1.54 MW,-5.15612,38.57049
328.05,0.39,0.44,2026-09-28,0154,N20,VIIRS,n,2.0NRT,276.13,2.26,N,VIIRS_NOAA20_NRT,2026-09-28T01:54:00Z,7,nominal,<strong>NASA FIRMS</strong><br>Sensor: VIIRS_NOAA20_NRT<br>Fecha UTC: 2026-09-28T01:54:00Z<br>Confianza: nominal<br>FRP: 2.26 MW,-5.16069,38.57095
297.49,0.4,0.37,2026-09-28,0154,N20,VIIRS,n,2.0NRT,280.73,0.62,N,VIIRS_NOAA20_NRT,2026-09-28T01:54:00Z,7,nominal,<strong>NASA FIRMS</strong><br>Sensor: VIIRS_NOAA20_NRT<br>Fecha UTC: 2026-09-28T01:54:00Z<br>Confianza: nominal<br>FRP: 0.62 MW,-0.24934,39.6649
331.17,0.54,0.42,2026-09-28,0154,N20,VIIRS,n,2.0NRT,274.43,5.05,N,VIIRS_NOAA20_NRT,2026-09-28T01:54:00Z,7,nominal,<strong>NASA FIRMS</strong><br>Sensor: VIIRS_NOAA20_NRT<br>Fecha UTC: 2026-09-28T01:54:00Z<br>Confianza: nominal<br>FRP: 5.05 MW,-4.0186,40.08794
303.01,0.55,0.42,2026-09-28,0154,N20,VIIRS,n,2.0NRT,260.68,0.94,N,VIIRS_NOAA20_NRT,2026-09-28T01:54:00Z,7,nominal,<strong>NASA FIRMS</strong><br>Sensor: VIIRS_NOAA20_NRT<br>Fecha UTC: 2026-09-28T01:54:00Z<br>Confianza: nominal<br>FRP: 0.94 MW,-4.07895,40.14241
298.41,0.55,0.42,2026-09-28,0154,N20,VIIRS,n,2.0NRT,261.99,0.62,N,VIIRS_NOAA20_NRT,2026-09-28T01:54:00Z,7,nominal,<strong>NASA FIRMS</strong><br>Sensor: VIIRS_NOAA20_NRT<br>Fecha UTC: 2026-09-28T01:54:00Z<br>Confianza: nominal<br>FRP: 0.62 MW,-4.07821,40.1463
308.5,0.39,0.36,2026-09-28,0154,N20,VIIRS,n,2.0NRT,285.73,0.79,N,VIIRS_NOAA20_NRT,2026-09-28T01:54:00Z,7,nominal,<strong>NASA FIRMS</strong><br>Sensor: VIIRS_NOAA20_NRT<br>Fecha UTC: 2026-09-28T01:54:00Z<br>Confianza: nominal<br>FRP: 0.79 MW,0.54291,40.57795
302.97,0.39,0.36,2026-09-28,0154,N20,VIIRS,n,2.0NRT,282.82,0.64,N,VIIRS_NOAA20_NRT,2026-09-28T01:54:00Z,7,nominal,<strong>NASA FIRMS</strong><br>Sensor: VIIRS_NOAA20_NRT<br>Fecha UTC: 2026-09-28T01:54:00Z<br>Confianza: nominal<br>FRP: 0.64 MW,1.66009,41.31301
301.67,0.38,0.36,2026-09-28,0154,N20,VIIRS,n,2.0NRT,288.94,0.38,N,VIIRS_NOAA20_NRT,2026-09-28T01:54:00Z,7,nominal,<strong>NASA FIRMS</strong><br>Sensor: VIIRS_NOAA20_NRT<br>Fecha UTC: 2026-09-28T01:54:00Z<br>Confianza: nominal<br>FRP: 0.38 MW,1.97786,41.45481
312.63,0.6,0.53,2026-09-28,0154,N20,VIIRS,n,2.0NRT,283.39,2.4,N,VIIRS_NOAA20_NRT,2026-09-28T01:54:00Z,7,nominal,<strong>NASA FIRMS</strong><br>Sensor: VIIRS_NOAA20_NRT<br>Fecha UTC: 2026-09-28T01:54:00Z<br>Confianza: nominal<br>FRP: 2.4 MW,-8.08031,41.56586
324.39,0.39,0.36,2026-09-28,0152,N20,VIIRS,n,2.0NRT,276.23,1.86,N,VIIRS_NOAA20_NRT,2026-09-28T01:52:00Z,7,nominal,<strong>NASA FIRMS</strong><br>Sensor: VIIRS_NOAA20_NRT<br>Fecha UTC: 2026-09-28T01:52:00Z<br>Confianza: nominal<br>FRP: 1.86 MW,1.76118,42.69251
312.44,0.39,0.36,2026-09-28,0152,N20,VIIRS,n,2.0NRT,279.56,1.96,N,VIIRS_NOAA20_NRT,2026-09-28T01:52:00Z,7,nominal,<strong>NASA FIRMS</strong><br>Sensor: VIIRS_NOAA20_NRT<br>Fecha UTC: 2026-09-28T01:52:00Z<br>Confianza: nominal<br>FRP: 1.96 MW,1.76204,42.6958
296.92,0.39,0.36,2026-09-28,0152,N20,VIIRS,n,2.0NRT,275.05,0.5,N,VIIRS_NOAA20_NRT,2026-09-28T01:52:00Z,7,nominal,<strong>NASA FIRMS</strong><br>Sensor: VIIRS_NOAA20_NRT<br>Fecha UTC: 2026-09-28T01:52:00Z<br>Confianza: nominal<br>FRP: 0.5 MW,1.75742,42.69649
310.08,0.39,0.36,2026-09-28,0152,N20,VIIRS,n,2.0NRT,280.92,1.96,N,VIIRS_NOAA20_NRT,2026-09-28T01:52:00Z,7,nominal,<strong>NASA FIRMS</strong><br>Sensor: VIIRS_NOAA20_NRT<br>Fecha UTC: 2026-09-28T01:52:00Z<br>Confianza: nominal<br>FRP: 1.96 MW,1.76296,42.69907
295.25,0.39,0.36,2026-09-28,0152,N20,VIIRS,n,2.0NRT,274.19,0.5,N,VIIRS_NOAA20_NRT,2026-09-28T01:52:00Z,7,nominal,<strong>NASA FIRMS</strong><br>Sensor: VIIRS_NOAA20_NRT<br>Fecha UTC: 2026-09-28T01:52:00Z<br>Confianza: nominal<br>FRP: 0.5 MW,1.75832,42.69977
297.53,0.39,0.36,2026-09-28,0152,N20,VIIRS,n,2.0NRT,275.57,1.6,N,VIIRS_NOAA20_NRT,2026-09-28T01:52:00Z,7,nominal,<strong>NASA FIRMS</strong><br>Sensor: VIIRS_NOAA20_NRT<br>Fecha UTC: 2026-09-28T01:52:00Z<br>Confianza: nominal<br>FRP: 1.6 MW,1.76848,42.70166
327.68,0.39,0.36,2026-09-28,0152,N20,VIIRS,n,2.0NRT,276.55,1.6,N,VIIRS_NOAA20_NRT,2026-09-28T01:52:00Z,7,nominal,<strong>NASA FIRMS</strong><br>Sensor: VIIRS_NOAA20_NRT<br>Fecha UTC: 2026-09-28T01:52:00Z<br>Confianza: nominal<br>FRP: 1.6 MW,1.76389,42.70235
313.29,0.39,0.36,2026-09-28,0152,N20,VIIRS,n,2.0NRT,280.63,4.19,N,VIIRS_NOAA20_NRT,2026-09-28T01:52:00Z,7,nominal,<strong>NASA FIRMS</strong><br>Sensor: VIIRS_NOAA20_NRT<br>Fecha UTC: 2026-09-28T01:52:00Z<br>Confianza: nominal<br>FRP: 4.19 MW,2.00027,42.70734
348.22,0.39,0.36,2026-09-28,0152,N20,VIIRS,n,2.0NRT,288.81,4.19,N,VIIRS_NOAA20_NRT,2026-09-28T01:52:00Z,7,nominal,<strong>NASA FIRMS</strong><br>Sensor: VIIRS_NOAA20_NRT<br>Fecha UTC: 2026-09-28T01:52:00Z<br>Confianza: nominal<br>FRP: 4.19 MW,1.9957,42.70805
316.23,0.39,0.36,2026-09-28,0152,N20,VIIRS,n,2.0NRT,276.9,1.69,N,VIIRS_NOAA20_NRT,2026-09-28T01:52:00Z,7,nominal,<strong>NASA FIRMS</strong><br>Sensor: VIIRS_NOAA20_NRT<br>Fecha UTC: 2026-09-28T01:52:00Z<br>Confianza: nominal<br>FRP: 1.69 MW,1.99109,42.70875
296.72,0.39,0.36,2026-09-28,0152,N20,VIIRS,n,2.0NRT,279.03,4.19,N,VIIRS_NOAA20_NRT,2026-09-28T01:52:00Z,7,nominal,<strong>NASA FIRMS</strong><br>Sensor: VIIRS_NOAA20_NRT<br>Fecha UTC: 2026-09-28T01:52:00Z<br>Confianza: nominal<br>FRP: 4.19 MW,2.00125,42.71061
296.16,0.39,0.36,2026-09-28,0152,N20,VIIRS,n,2.0NRT,276.7,0.73,N,VIIRS_NOAA20_NRT,2026-09-28T01:52:00Z,7,nominal,<strong>NASA FIRMS</strong><br>Sensor: VIIRS_NOAA20_NRT<br>Fecha UTC: 2026-09-28T01:52:00Z<br>Confianza: nominal<br>FRP: 0.73 MW,2.00219,42.71388
295.96,0.39,0.36,2026-09-28,0152,N20,VIIRS,n,2.0NRT,269.54,1.22,N,VIIRS_NOAA20_NRT,2026-09-28T01:52:00Z,7,nominal,<strong>NASA FIRMS</strong><br>Sensor: VIIRS_NOAA20_NRT<br>Fecha UTC: 2026-09-28T01:52:00Z<br>Confianza: nominal<br>FRP: 1.22 MW,1.49902,42.89824
300.95,0.39,0.36,2026-09-28,0152,N20,VIIRS,n,2.0NRT,269.27,4.12,N,VIIRS_NOAA20_NRT,2026-09-28T01:52:00Z,7,nominal,<strong>NASA FIRMS</strong><br>Sensor: VIIRS_NOAA20_NRT<br>Fecha UTC: 2026-09-28T01:52:00Z<br>Confianza: nominal<br>FRP: 4.12 MW,1.49431,42.89893
299.39,0.39,0.36,2026-09-28,0152,N20,VIIRS,n,2.0NRT,268.54,4.12,N,VIIRS_NOAA20_NRT,2026-09-28T01:52:00Z,7,nominal,<strong>NASA FIRMS</strong><br>Sensor: VIIRS_NOAA20_NRT<br>Fecha UTC: 2026-09-28T01:52:00Z<br>Confianza: nominal<br>FRP: 4.12 MW,1.4896,42.89963
310.35,0.39,0.36,2026-09-28,0152,N20,VIIRS,n,2.0NRT,271.01,1.22,N,VIIRS_NOAA20_NRT,2026-09-28T01:52:00Z,7,nominal,<strong>NASA FIRMS</strong><br>Sensor: VIIRS_NOAA20_NRT<br>Fecha UTC: 2026-09-28T01:52:00Z<br>Confianza: nominal<br>FRP: 1.22 MW,1.5001,42.90152
347.08,0.39,0.36,2026-09-28,0152,N20,VIIRS,n,2.0NRT,278.87,4.12,N,VIIRS_NOAA20_NRT,2026-09-28T01:52:00Z,7,nominal,<strong>NASA FIRMS</strong><br>Sensor: VIIRS_NOAA20_NRT<br>Fecha UTC: 2026-09-28T01:52:00Z<br>Confianza: nominal<br>FRP: 4.12 MW,1.49539,42.90221
347.11,0.39,0.36,2026-09-28,0152,N20,VIIRS,n,2.0NRT,280.3,4.12,N,VIIRS_NOAA20_NRT,2026-09-28T01:52:00Z,7,nominal,<strong>NASA FIRMS</strong><br>Sensor: VIIRS_NOAA20_NRT<br>Fecha UTC: 2026-09-28T01:52:00Z<br>Confianza: nominal<br>FRP: 4.12 MW,1.49067,42.9029
349.22,0.39,0.36,2026-09-28,0152,N20,VIIRS,n,2.0NRT,275.9,7.98,N,VIIRS_NOAA20_NRT,2026-09-28T01:52:00Z,7,nominal,<strong>NASA FIRMS</strong><br>Sensor: VIIRS_NOAA20_NRT<br>Fecha UTC: 2026-09-28T01:52:00Z<br>Confianza: nominal<br>FRP: 7.98 MW,1.48595,42.90359
306.11,0.39,0.36,2026-09-28,0152,N20,VIIRS,n,2.0NRT,271.02,1.31,N,VIIRS_NOAA20_NRT,2026-09-28T01:52:00Z,7,nominal,<strong>NASA FIRMS</strong><br>Sensor: VIIRS_NOAA20_NRT<br>Fecha UTC: 2026-09-28T01:52:00Z<br>Confianza: nominal<br>FRP: 1.31 MW,1.49635,42.9055
301.24,0.39,0.36,2026-09-28,0152,N20,VIIRS,n,2.0NRT,268.73,0.5,N,VIIRS_NOAA20_NRT,2026-09-28T01:52:00Z,7,nominal,<strong>NASA FIRMS</strong><br>Sensor: VIIRS_NOAA20_NRT<br>Fecha UTC: 2026-09-28T01:52:00Z<br>Confianza: nominal<br>FRP: 0.5 MW,1.48687,42.90689
311.43,0.47,0.48,2026-09-28,0152,N20,VIIRS,n,2.0NRT,281.25,3.33,N,VIIRS_NOAA20_NRT,2026-09-28T01:52:00Z,7,nominal,<strong>NASA FIRMS</strong><br>Sensor: VIIRS_NOAA20_NRT<br>Fecha UTC: 2026-09-28T01:52:00Z<br>Confianza: nominal<br>FRP: 3.33 MW,-5.69887,43.04438
303.46,0.47,0.48,2026-09-28,0152,N20,VIIRS,n,2.0NRT,279.8,1.72,N,VIIRS_NOAA20_NRT,2026-09-28T01:52:00Z,7,nominal,<strong>NASA FIRMS</strong><br>Sensor: VIIRS_NOAA20_NRT<br>Fecha UTC: 2026-09-28T01:52:00Z<br>Confianza: nominal<br>FRP: 1.72 MW,-5.70472,43.04488
302.69,0.47,0.48,2026-09-28,0152,N20,VIIRS,n,2.0NRT,277.49,1.72,N,VIIRS_NOAA20_NRT,2026-09-28T01:52:00Z,7,nominal,<strong>NASA FIRMS</strong><br>Sensor: VIIRS_NOAA20_NRT<br>Fecha UTC: 2026-09-28T01:52:00Z<br>Confianza: nominal<br>FRP: 1.72 MW,-5.71001,43.04533
299.08,0.47,0.48,2026-09-28,0152,N20,VIIRS,n,2.0NRT,274.94,1.38,N,VIIRS_NOAA20_NRT,2026-09-28T01:52:00Z,7,nominal,<strong>NASA FIRMS</strong><br>Sensor: VIIRS_NOAA20_NRT<br>Fecha UTC: 2026-09-28T01:52:00Z<br>Confianza: nominal<br>FRP: 1.38 MW,-5.71563,43.0458
298.57,0.47,0.48,2026-09-28,0152,N20,VIIRS,n,2.0NRT,281.59,13.92,N,VIIRS_NOAA20_NRT,2026-09-28T01:52:00Z,7,nominal,<strong>NASA FIRMS</strong><br>Sensor: VIIRS_NOAA20_NRT<br>Fecha UTC: 2026-09-28T01:52:00Z<br>Confianza: nominal<br>FRP: 13.92 MW,-5.69121,43.04816
343.25,0.47,0.48,2026-09-28,0152,N20,VIIRS,n,2.0NRT,295.33,13.92,N,VIIRS_NOAA20_NRT,2026-09-28T01:52:00Z,7,nominal,<strong>NASA FIRMS</strong><br>Sensor: VIIRS_NOAA20_NRT<br>Fecha UTC: 2026-09-28T01:52:00Z<br>Confianza: nominal<br>FRP: 13.92 MW,-5.69749,43.0487
353.06,0.47,0.48,2026-09-28,0152,N20,VIIRS,n,2.0NRT,292.83,22.02,N,VIIRS_NOAA20_NRT,2026-09-28T01:52:00Z,7,nominal,<strong>NASA FIRMS</strong><br>Sensor: VIIRS_NOAA20_NRT<br>Fecha UTC: 2026-09-28T01:52:00Z<br>Confianza: nominal<br>FRP: 22.02 MW,-5.69592,43.04873
349.79,0.47,0.48,2026-09-28,0152,N20,VIIRS,n,2.0NRT,291.07,25.27,N,VIIRS_NOAA20_NRT,2026-09-28T01:52:00Z,7,nominal,<strong>NASA FIRMS</strong><br>Sensor: VIIRS_NOAA20_NRT<br>Fecha UTC: 2026-09-28T01:52:00Z<br>Confianza: nominal<br>FRP: 25.27 MW,-5.70374,43.04923
345.29,0.47,0.48,2026-09-28,0152,N20,VIIRS,n,2.0NRT,291.57,22.02,N,VIIRS_NOAA20_NRT,2026-09-28T01:52:00Z,7,nominal,<strong>NASA FIRMS</strong><br>Sensor: VIIRS_NOAA20_NRT<br>Fecha UTC: 2026-09-28T01:52:00Z<br>Confianza: nominal<br>FRP: 22.02 MW,-5.70223,43.04923
318.86,0.47,0.48,2026-09-28,0152,N20,VIIRS,n,2.0NRT,278.17,12.35,N,VIIRS_NOAA20_NRT,2026-09-28T01:52:00Z,7,nominal,<strong>NASA FIRMS</strong><br>Sensor: VIIRS_NOAA20_NRT<br>Fecha UTC: 2026-09-28T01:52:00Z<br>Confianza: nominal<br>FRP: 12.35 MW,-5.70842,43.04972
314.09,0.47,0.48,2026-09-28,0152,N20,VIIRS,n,2.0NRT,278.83,25.27,N,VIIRS_NOAA20_NRT,2026-09-28T01:52:00Z,7,nominal,<strong>NASA FIRMS</strong><br>Sensor: VIIRS_NOAA20_NRT<br>Fecha UTC: 2026-09-28T01:52:00Z<br>Confianza: nominal<br>FRP: 25.27 MW,-5.7099,43.04976
309.19,0.47,0.48,2026-09-28,0152,N20,VIIRS,n,2.0NRT,279.23,12.35,N,VIIRS_NOAA20_NRT,2026-09-28T01:52:00Z,7,nominal,<strong>NASA FIRMS</strong><br>Sensor: VIIRS_NOAA20_NRT<br>Fecha UTC: 2026-09-28T01:52:00Z<br>Confianza: nominal<br>FRP: 12.35 MW,-5.71474,43.05022
304.43,0.47,0.48,2026-09-28,0152,N20,VIIRS,n,2.0NRT,278.56,1.47,N,VIIRS_NOAA20_NRT,2026-09-28T01:52:00Z,7,nominal,<strong>NASA FIRMS</strong><br>Sensor: VIIRS_NOAA20_NRT<br>Fecha UTC: 2026-09-28T01:52:00Z<br>Confianza: nominal<br>FRP: 1.47 MW,-5.71621,43.05029
338.33,0.47,0.48,2026-09-28,0152,N20,VIIRS,n,2.0NRT,285.55,13.92,N,VIIRS_NOAA20_NRT,2026-09-28T01:52:00Z,7,nominal,<strong>NASA FIRMS</strong><br>Sensor: VIIRS_NOAA20_NRT<br>Fecha UTC: 2026-09-28T01:52:00Z<br>Confianza: nominal<br>FRP: 13.92 MW,-5.69545,43.05296
331.32,0.47,0.48,2026-09-28,0152,N20,VIIRS,n,2.0NRT,284.08,22.02,N,VIIRS_NOAA20_NRT,2026-09-28T01:52:00Z,7,nominal,<strong>NASA FIRMS</strong><br>Sensor: VIIRS_NOAA20_NRT<br>Fecha UTC: 2026-09-28T01:52:00Z<br>Confianza: nominal<br>FRP: 22.02 MW,-5.69371,43.053
319.23,0.47,0.48,2026-09-28,0152,N20,VIIRS,n,2.0NRT,296.47,22.02,N,VIIRS_NOAA20_NRT,2026-09-28T01:52:00Z,7,nominal,<strong>NASA FIRMS</strong><br>Sensor: VIIRS_NOAA20_NRT<br>Fecha UTC: 2026-09-28T01:52:00Z<br>Confianza: nominal<br>FRP: 22.02 MW,-5.70081,43.05356
348.06,0.47,0.48,2026-09-28,0152,N20,VIIRS,n,2.0NRT,298.97,25.27,N,VIIRS_NOAA20_NRT,2026-09-28T01:52:00Z,7,nominal,<strong>NASA FIRMS</strong><br>Sensor: VIIRS_NOAA20_NRT<br>Fecha UTC: 2026-09-28T01:52:00Z<br>Confianza: nominal<br>FRP: 25.27 MW,-5.70252,43.05357
341.55,0.47,0.48,2026-09-28,0152,N20,VIIRS,n,2.0NRT,281.52,12.35,N,VIIRS_NOAA20_NRT,2026-09-28T01:52:00Z,7,nominal,<strong>NASA FIRMS</strong><br>Sensor: VIIRS_NOAA20_NRT<br>Fecha UTC: 2026-09-28T01:52:00Z<br>Confianza: nominal<br>FRP: 12.35 MW,-5.70833,43.05415
317.07,0.47,0.48,2026-09-28,0152,N20,VIIRS,n,2.0NRT,278.46,25.27,N,VIIRS_NOAA20_NRT,2026-09-28T01:52:00Z,7,nominal,<strong>NASA FIRMS</strong><br>Sensor: VIIRS_NOAA20_NRT<br>Fecha UTC: 2026-09-28T01:52:00Z<br>Confianza: nominal<br>FRP: 25.27 MW,-5.71017,43.05422
305.75,0.47,0.48,2026-09-28,0152,N20,VIIRS,n,2.0NRT,280.66,12.35,N,VIIRS_NOAA20_NRT,2026-09-28T01:52:00Z,7,nominal,<strong>NASA FIRMS</strong><br>Sensor: VIIRS_NOAA20_NRT<br>Fecha UTC: 2026-09-28T01:52:00Z<br>Confianza: nominal<br>FRP: 12.35 MW,-5.71582,43.05473
300.3,0.47,0.48,2026-09-28,0152,N20,VIIRS,n,2.0NRT,280.61,1.47,N,VIIRS_NOAA20_NRT,2026-09-28T01:52:00Z,7,nominal,<strong>NASA FIRMS</strong><br>Sensor: VIIRS_NOAA20_NRT<br>Fecha UTC: 2026-09-28T01:52:00Z<br>Confianza: nominal<br>FRP: 1.47 MW,-5.71746,43.05484
297.77,0.47,0.48,2026-09-28,0152,N20,VIIRS,n,2.0NRT,278.02,1.81,N,VIIRS_NOAA20_NRT,2026-09-28T01:52:00Z,7,nominal,<strong>NASA FIRMS</strong><br>Sensor: VIIRS_NOAA20_NRT<br>Fecha UTC: 2026-09-28T01:52:00Z<br>Confianza: nominal<br>FRP: 1.81 MW,-5.69457,43.05732
295.53,0.47,0.48,2026-09-28,0152,N20,VIIRS,n,2.0NRT,277.63,0.94,N,VIIRS_NOAA20_NRT,2026-09-28T01:52:00Z,7,nominal,<strong>NASA FIRMS</strong><br>Sensor: VIIRS_NOAA20_NRT<br>Fecha UTC: 2026-09-28T01:52:00Z<br>Confianza: nominal<br>FRP: 0.94 MW,-5.69283,43.05736
304.72,0.47,0.48,2026-09-28,0152,N20,VIIRS,n,2.0NRT,276.34,0.94,N,VIIRS_NOAA20_NRT,2026-09-28T01:52:00Z,7,nominal,<strong>NASA FIRMS</strong><br>Sensor: VIIRS_NOAA20_NRT<br>Fecha UTC: 2026-09-28T01:52:00Z<br>Confianza: nominal<br>FRP: 0.94 MW,-5.70068,43.05798
307.41,0.47,0.48,2026-09-28,0152,N20,VIIRS,n,2.0NRT,277.24,1.46,N,VIIRS_NOAA20_NRT,2026-09-28T01:52:00Z,7,nominal,<strong>NASA FIRMS</strong><br>Sensor: VIIRS_NOAA20_NRT<br>Fecha UTC: 2026-09-28T01:52:00Z<br>Confianza: nominal<br>FRP: 1.46 MW,-5.70264,43.05801
301.87,0.47,0.48,2026-09-28,0152,N20,VIIRS,n,2.0NRT,279.89,1.14,N,VIIRS_NOAA20_NRT,2026-09-28T01:52:00Z,7,nominal,<strong>NASA FIRMS</strong><br>Sensor: VIIRS_NOAA20_NRT<br>Fecha UTC: 2026-09-28T01:52:00Z<br>Confianza: nominal<br>FRP: 1.14 MW,-5.70901,43.05862
297.03,0.47,0.48,2026-09-28,0152,N20,VIIRS,n,2.0NRT,280.7,1.46,N,VIIRS_NOAA20_NRT,2026-09-28T01:52:00Z,7,nominal,<strong>NASA FIRMS</strong><br>Sensor: VIIRS_NOAA20_NRT<br>Fecha UTC: 2026-09-28T01:52:00Z<br>Confianza: nominal<br>FRP: 1.46 MW,-5.71093,43.05872
296.06,0.47,0.48,2026-09-28,0152,N20,VIIRS,n,2.0NRT,281.58,1.14,N,VIIRS_NOAA20_NRT,2026-09-28T01:52:00Z,7,nominal,<strong>NASA FIRMS</strong><br>Sensor: VIIRS_NOAA20_NRT<br>Fecha UTC: 2026-09-28T01:52:00Z<br>Confianza: nominal<br>FRP: 1.14 MW,-5.71683,43.05924
295.22,0.47,0.48,2026-09-28,0152,N20,VIIRS,n,2.0NRT,281.52,1.76,N,VIIRS_NOAA20_NRT,2026-09-28T01:52:00Z,7,nominal,<strong>NASA FIRMS</strong><br>Sensor: VIIRS_NOAA20_NRT<br>Fecha UTC: 2026-09-28T01:52:00Z<br>Confianza: nominal<br>FRP: 1.76 MW,-5.71855,43.05937
305.14,0.4,0.37,2026-09-28,0152,N20,VIIRS,n,2.0NRT,290.49,1.06,N,VIIRS_NOAA20_NRT,2026-09-28T01:52:00Z,7,nominal,<strong>NASA FIRMS</strong><br>Sensor: VIIRS_NOAA20_NRT<br>Fecha UTC: 2026-09-28T01:52:00Z<br>Confianza: nominal<br>FRP: 1.06 MW,4.8869,43.42793
312.03,0.4,0.37,2026-09-28,0152,N20,VIIRS,n,2.0NRT,290.34,1.63,N,VIIRS_NOAA20_NRT,2026-09-28T01:52:00Z,7,nominal,<strong>NASA FIRMS</strong><br>Sensor: VIIRS_NOAA20_NRT<br>Fecha UTC: 2026-09-28T01:52:00Z<br>Confianza: nominal<br>FRP: 1.63 MW,4.89395,43.43369
302,0.4,0.37,2026-09-28,0152,N20,VIIRS,n,2.0NRT,290.25,0.94,N,VIIRS_NOAA20_NRT,2026-09-28T01:52:00Z,7,nominal,<strong>NASA FIRMS</strong><br>Sensor: VIIRS_NOAA20_NRT<br>Fecha UTC: 2026-09-28T01:52:00Z<br>Confianza: nominal<br>FRP: 0.94 MW,4.89504,43.437
300.38,0.4,0.37,2026-09-28,0152,N20,VIIRS,n,2.0NRT,290.07,1.05,N,VIIRS_NOAA20_NRT,2026-09-28T01:52:00Z,7,nominal,<strong>NASA FIRMS</strong><br>Sensor: VIIRS_NOAA20_NRT<br>Fecha UTC: 2026-09-28T01:52:00Z<br>Confianza: nominal<br>FRP: 1.05 MW,4.88535,43.438720000000004
308.08,0.4,0.37,2026-09-28,0152,N20,VIIRS,n,2.0NRT,290.88,0.94,N,VIIRS_NOAA20_NRT,2026-09-28T01:52:00Z,7,nominal,<strong>NASA FIRMS</strong><br>Sensor: VIIRS_NOAA20_NRT<br>Fecha UTC: 2026-09-28T01:52:00Z<br>Confianza: nominal<br>FRP: 0.94 MW,4.89129,43.44117
332.86,0.4,0.37,2026-09-28,0152,N20,VIIRS,n,2.0NRT,291.95,3.1,N,VIIRS_NOAA20_NRT,2026-09-28T01:52:00Z,7,nominal,<strong>NASA FIRMS</strong><br>Sensor: VIIRS_NOAA20_NRT<br>Fecha UTC: 2026-09-28T01:52:00Z<br>Confianza: nominal<br>FRP: 3.1 MW,4.89834,43.44693
325.51,0.4,0.37,2026-09-28,0152,N20,VIIRS,n,2.0NRT,289.71,3.1,N,VIIRS_NOAA20_NRT,2026-09-28T01:52:00Z,7,nominal,<strong>NASA FIRMS</strong><br>Sensor: VIIRS_NOAA20_NRT<br>Fecha UTC: 2026-09-28T01:52:00Z<br>Confianza: nominal<br>FRP: 3.1 MW,4.89349,43.44778
344.75,0.53,0.5,2026-09-27,1336,N20,VIIRS,n,2.0NRT,281.91,6.2,D,VIIRS_NOAA20_NRT,2026-09-27T13:36:00Z,19.3,nominal,<strong>NASA FIRMS</strong><br>Sensor: VIIRS_NOAA20_NRT<br>Fecha UTC: 2026-09-27T13:36:00Z<br>Confianza: nominal<br>FRP: 6.2 MW,0.18017,41.92477
332.32,0.32,0.55,2026-09-27,1336,N20,VIIRS,n,2.0NRT,288.71,13.72,D,VIIRS_NOAA20_NRT,2026-09-27T13:36:00Z,19.3,nominal,<strong>NASA FIRMS</strong><br>Sensor: VIIRS_NOAA20_NRT<br>Fecha UTC: 2026-09-27T13:36:00Z<br>Confianza: nominal<br>FRP: 13.72 MW,1.75893,42.69664
355.9,0.32,0.55,2026-09-27,1336,N20,VIIRS,n,2.0NRT,301.15,13.72,D,VIIRS_NOAA20_NRT,2026-09-27T13:36:00Z,19.3,nominal,<strong>NASA FIRMS</strong><br>Sensor: VIIRS_NOAA20_NRT<br>Fecha UTC: 2026-09-27T13:36:00Z<br>Confianza: nominal<br>FRP: 13.72 MW,1.76362,42.69691
367,0.32,0.55,2026-09-27,1336,N20,VIIRS,h,2.0NRT,297.63,21.96,D,VIIRS_NOAA20_NRT,2026-09-27T13:36:00Z,19.3,alta,<strong>NASA FIRMS</strong><br>Sensor: VIIRS_NOAA20_NRT<br>Fecha UTC: 2026-09-27T13:36:00Z<br>Confianza: alta<br>FRP: 21.96 MW,1.76882,42.69721
342.44,0.63,0.54,2026-09-27,1336,N20,VIIRS,n,2.0NRT,307.96,21.13,D,VIIRS_NOAA20_NRT,2026-09-27T13:36:00Z,19.3,nominal,<strong>NASA FIRMS</strong><br>Sensor: VIIRS_NOAA20_NRT<br>Fecha UTC: 2026-09-27T13:36:00Z<br>Confianza: nominal<br>FRP: 21.13 MW,1.5114,42.89828
326.2,0.63,0.54,2026-09-27,1336,N20,VIIRS,l,2.0NRT,299.98,11.92,D,VIIRS_NOAA20_NRT,2026-09-27T13:36:00Z,19.3,baja,<strong>NASA FIRMS</strong><br>Sensor: VIIRS_NOAA20_NRT<br>Fecha UTC: 2026-09-27T13:36:00Z<br>Confianza: baja<br>FRP: 11.92 MW,1.51971,42.89878
338.58,0.63,0.54,2026-09-27,1336,N20,VIIRS,n,2.0NRT,299.88,12.64,D,VIIRS_NOAA20_NRT,2026-09-27T13:36:00Z,19.3,nominal,<strong>NASA FIRMS</strong><br>Sensor: VIIRS_NOAA20_NRT<br>Fecha UTC: 2026-09-27T13:36:00Z<br>Confianza: nominal<br>FRP: 12.64 MW,1.49362,42.90225
354.78,0.63,0.54,2026-09-27,1336,N20,VIIRS,n,2.0NRT,313.81,21.13,D,VIIRS_NOAA20_NRT,2026-09-27T13:36:00Z,19.3,nominal,<strong>NASA FIRMS</strong><br>Sensor: VIIRS_NOAA20_NRT<br>Fecha UTC: 2026-09-27T13:36:00Z<br>Confianza: nominal<br>FRP: 21.13 MW,1.50086,42.90269
367,0.35,0.57,2026-09-27,1336,N20,VIIRS,h,2.0NRT,295.94,11.3,D,VIIRS_NOAA20_NRT,2026-09-27T13:36:00Z,19.3,alta,<strong>NASA FIRMS</strong><br>Sensor: VIIRS_NOAA20_NRT<br>Fecha UTC: 2026-09-27T13:36:00Z<br>Confianza: alta<br>FRP: 11.3 MW,2.29444,43.21619
367,0.35,0.57,2026-09-27,1336,N20,VIIRS,h,2.0NRT,296.32,9.01,D,VIIRS_NOAA20_NRT,2026-09-27T13:36:00Z,19.3,alta,<strong>NASA FIRMS</strong><br>Sensor: VIIRS_NOAA20_NRT<br>Fecha UTC: 2026-09-27T13:36:00Z<br>Confianza: alta<br>FRP: 9.01 MW,2.30316,43.21663
367,0.35,0.57,2026-09-27,1336,N20,VIIRS,h,2.0NRT,297.8,9.01,D,VIIRS_NOAA20_NRT,2026-09-27T13:36:00Z,19.3,alta,<strong>NASA FIRMS</strong><br>Sensor: VIIRS_NOAA20_NRT<br>Fecha UTC: 2026-09-27T13:36:00Z<br>Confianza: alta<br>FRP: 9.01 MW,2.30755,43.21684
355.5,0.35,0.57,2026-09-27,1336,N20,VIIRS,n,2.0NRT,294.46,9.95,D,VIIRS_NOAA20_NRT,2026-09-27T13:36:00Z,19.3,nominal,<strong>NASA FIRMS</strong><br>Sensor: VIIRS_NOAA20_NRT<br>Fecha UTC: 2026-09-27T13:36:00Z<br>Confianza: nominal<br>FRP: 9.95 MW,2.31193,43.21706
332.66,0.35,0.57,2026-09-27,1336,N20,VIIRS,n,2.0NRT,293.16,9.01,D,VIIRS_NOAA20_NRT,2026-09-27T13:36:00Z,19.3,nominal,<strong>NASA FIRMS</strong><br>Sensor: VIIRS_NOAA20_NRT<br>Fecha UTC: 2026-09-27T13:36:00Z<br>Confianza: nominal<br>FRP: 9.01 MW,2.30278,43.22187
335.29,0.46,0.63,2026-09-27,1336,N20,VIIRS,n,2.0NRT,294.26,6.24,D,VIIRS_NOAA20_NRT,2026-09-27T13:36:00Z,19.3,nominal,<strong>NASA FIRMS</strong><br>Sensor: VIIRS_NOAA20_NRT<br>Fecha UTC: 2026-09-27T13:36:00Z<br>Confianza: nominal<br>FRP: 6.24 MW,4.51858,43.68772
331.47,0.46,0.63,2026-09-27,1336,N20,VIIRS,n,2.0NRT,295.63,8.67,D,VIIRS_NOAA20_NRT,2026-09-27T13:36:00Z,19.3,nominal,<strong>NASA FIRMS</strong><br>Sensor: VIIRS_NOAA20_NRT<br>Fecha UTC: 2026-09-27T13:36:00Z<br>Confianza: nominal<br>FRP: 8.67 MW,4.51544,43.68916
335.11,0.46,0.63,2026-09-27,1336,N20,VIIRS,n,2.0NRT,293.38,6.07,D,VIIRS_NOAA20_NRT,2026-09-27T13:36:00Z,19.3,nominal,<strong>NASA FIRMS</strong><br>Sensor: VIIRS_NOAA20_NRT<br>Fecha UTC: 2026-09-27T13:36:00Z<br>Confianza: nominal<br>FRP: 6.07 MW,4.5212,43.68935
354.26,0.46,0.63,2026-09-27,1336,N20,VIIRS,n,2.0NRT,298.25,6.24,D,VIIRS_NOAA20_NRT,2026-09-27T13:36:00Z,19.3,nominal,<strong>NASA FIRMS</strong><br>Sensor: VIIRS_NOAA20_NRT<br>Fecha UTC: 2026-09-27T13:36:00Z<br>Confianza: nominal<br>FRP: 6.24 MW,4.51827,43.693600000000004
356.44,0.46,0.63,2026-09-27,1336,N20,VIIRS,n,2.0NRT,297.28,6.07,D,VIIRS_NOAA20_NRT,2026-09-27T13:36:00Z,19.3,nominal,<strong>NASA FIRMS</strong><br>Sensor: VIIRS_NOAA20_NRT<br>Fecha UTC: 2026-09-27T13:36:00Z<br>Confianza: nominal<br>FRP: 6.07 MW,4.52093,43.69523
348.73,0.46,0.63,2026-09-27,1336,N20,VIIRS,n,2.0NRT,296.16,6.08,D,VIIRS_NOAA20_NRT,2026-09-27T13:36:00Z,19.3,nominal,<strong>NASA FIRMS</strong><br>Sensor: VIIRS_NOAA20_NRT<br>Fecha UTC: 2026-09-27T13:36:00Z<br>Confianza: nominal<br>FRP: 6.08 MW,4.51796,43.69947
338.26,0.46,0.63,2026-09-27,1336,N20,VIIRS,n,2.0NRT,294.61,3.69,D,VIIRS_NOAA20_NRT,2026-09-27T13:36:00Z,19.3,nominal,<strong>NASA FIRMS</strong><br>Sensor: VIIRS_NOAA20_NRT<br>Fecha UTC: 2026-09-27T13:36:00Z<br>Confianza: nominal<br>FRP: 3.69 MW,4.52064,43.7011
328.08,0.45,0.63,2026-09-27,1336,N20,VIIRS,n,2.0NRT,295.31,1.83,D,VIIRS_NOAA20_NRT,2026-09-27T13:36:00Z,19.3,nominal,<strong>NASA FIRMS</strong><br>Sensor: VIIRS_NOAA20_NRT<br>Fecha UTC: 2026-09-27T13:36:00Z<br>Confianza: nominal<br>FRP: 1.83 MW,4.3384,43.78143
337.62,0.45,0.63,2026-09-27,1336,N20,VIIRS,n,2.0NRT,295.92,2.09,D,VIIRS_NOAA20_NRT,2026-09-27T13:36:00Z,19.3,nominal,<strong>NASA FIRMS</strong><br>Sensor: VIIRS_NOAA20_NRT<br>Fecha UTC: 2026-09-27T13:36:00Z<br>Confianza: nominal<br>FRP: 2.09 MW,4.33658,43.78177
338.55,0.41,0.37,2026-09-27,1333,N20,VIIRS,n,2.0NRT,305.14,4.35,D,VIIRS_NOAA20_NRT,2026-09-27T13:33:00Z,19.3,nominal,<strong>NASA FIRMS</strong><br>Sensor: VIIRS_NOAA20_NRT<br>Fecha UTC: 2026-09-27T13:33:00Z<br>Confianza: nominal<br>FRP: 4.35 MW,-4.66443,34.83618
332.98,0.41,0.37,2026-09-27,1333,N20,VIIRS,n,2.0NRT,301.86,4.35,D,VIIRS_NOAA20_NRT,2026-09-27T13:33:00Z,19.3,nominal,<strong>NASA FIRMS</strong><br>Sensor: VIIRS_NOAA20_NRT<br>Fecha UTC: 2026-09-27T13:33:00Z<br>Confianza: nominal<br>FRP: 4.35 MW,-4.66014,34.83675
347.96,0.41,0.37,2026-09-27,1333,N20,VIIRS,n,2.0NRT,306.03,4.35,D,VIIRS_NOAA20_NRT,2026-09-27T13:33:00Z,19.3,nominal,<strong>NASA FIRMS</strong><br>Sensor: VIIRS_NOAA20_NRT<br>Fecha UTC: 2026-09-27T13:33:00Z<br>Confianza: nominal<br>FRP: 4.35 MW,-4.66505,34.83957
340.14,0.41,0.45,2026-09-27,1333,N20,VIIRS,n,2.0NRT,311.29,6.23,D,VIIRS_NOAA20_NRT,2026-09-27T13:33:00Z,19.3,nominal,<strong>NASA FIRMS</strong><br>Sensor: VIIRS_NOAA20_NRT<br>Fecha UTC: 2026-09-27T13:33:00Z<br>Confianza: nominal<br>FRP: 6.23 MW,-0.56816,35.54679
341.08,0.41,0.37,2026-09-27,1333,N20,VIIRS,n,2.0NRT,286.82,33.58,D,VIIRS_NOAA20_NRT,2026-09-27T13:33:00Z,19.3,nominal,<strong>NASA FIRMS</strong><br>Sensor: VIIRS_NOAA20_NRT<br>Fecha UTC: 2026-09-27T13:33:00Z<br>Confianza: nominal<br>FRP: 33.58 MW,-5.09068,36.64162
333.71,0.39,0.6,2026-09-27,1333,N20,VIIRS,n,2.0NRT,297.06,1.93,D,VIIRS_NOAA20_NRT,2026-09-27T13:33:00Z,19.3,nominal,<strong>NASA FIRMS</strong><br>Sensor: VIIRS_NOAA20_NRT<br>Fecha UTC: 2026-09-27T13:33:00Z<br>Confianza: nominal<br>FRP: 1.93 MW,4.30741,36.64166
349.78,0.41,0.37,2026-09-27,1333,N20,VIIRS,n,2.0NRT,285.87,49.32,D,VIIRS_NOAA20_NRT,2026-09-27T13:33:00Z,19.3,nominal,<strong>NASA FIRMS</strong><br>Sensor: VIIRS_NOAA20_NRT<br>Fecha UTC: 2026-09-27T13:33:00Z<br>Confianza: nominal<br>FRP: 49.32 MW,-5.08628,36.6422
337.32,0.41,0.37,2026-09-27,1333,N20,VIIRS,n,2.0NRT,297.33,33.58,D,VIIRS_NOAA20_NRT,2026-09-27T13:33:00Z,19.3,nominal,<strong>NASA FIRMS</strong><br>Sensor: VIIRS_NOAA20_NRT<br>Fecha UTC: 2026-09-27T13:33:00Z<br>Confianza: nominal<br>FRP: 33.58 MW,-5.09139,36.64501
342.67,0.41,0.37,2026-09-27,1333,N20,VIIRS,n,2.0NRT,302.31,49.32,D,VIIRS_NOAA20_NRT,2026-09-27T13:33:00Z,19.3,nominal,<strong>NASA FIRMS</strong><br>Sensor: VIIRS_NOAA20_NRT<br>Fecha UTC: 2026-09-27T13:33:00Z<br>Confianza: nominal<br>FRP: 49.32 MW,-5.08693,36.64561
347.55,0.41,0.37,2026-09-27,1333,N20,VIIRS,n,2.0NRT,283.91,27.07,D,VIIRS_NOAA20_NRT,2026-09-27T13:33:00Z,19.3,nominal,<strong>NASA FIRMS</strong><br>Sensor: VIIRS_NOAA20_NRT<br>Fecha UTC: 2026-09-27T13:33:00Z<br>Confianza: nominal<br>FRP: 27.07 MW,-5.09208,36.64841
344.08,0.41,0.37,2026-09-27,1333,N20,VIIRS,n,2.0NRT,281.43,9.08,D,VIIRS_NOAA20_NRT,2026-09-27T13:33:00Z,19.3,nominal,<strong>NASA FIRMS</strong><br>Sensor: VIIRS_NOAA20_NRT<br>Fecha UTC: 2026-09-27T13:33:00Z<br>Confianza: nominal<br>FRP: 9.08 MW,-5.08757,36.64901
335.85,0.41,0.37,2026-09-27,1333,N20,VIIRS,n,2.0NRT,283.61,5.5,D,VIIRS_NOAA20_NRT,2026-09-27T13:33:00Z,19.3,nominal,<strong>NASA FIRMS</strong><br>Sensor: VIIRS_NOAA20_NRT<br>Fecha UTC: 2026-09-27T13:33:00Z<br>Confianza: nominal<br>FRP: 5.5 MW,-5.10316,36.6574
336.41,0.41,0.37,2026-09-27,1333,N20,VIIRS,n,2.0NRT,287.36,8.53,D,VIIRS_NOAA20_NRT,2026-09-27T13:33:00Z,19.3,nominal,<strong>NASA FIRMS</strong><br>Sensor: VIIRS_NOAA20_NRT<br>Fecha UTC: 2026-09-27T13:33:00Z<br>Confianza: nominal<br>FRP: 8.53 MW,-5.10384,36.66079
352.55,0.41,0.37,2026-09-27,1333,N20,VIIRS,n,2.0NRT,293.88,8.53,D,VIIRS_NOAA20_NRT,2026-09-27T13:33:00Z,19.3,nominal,<strong>NASA FIRMS</strong><br>Sensor: VIIRS_NOAA20_NRT<br>Fecha UTC: 2026-09-27T13:33:00Z<br>Confianza: nominal<br>FRP: 8.53 MW,-5.10452,36.66419
337.26,0.41,0.37,2026-09-27,1333,N20,VIIRS,n,2.0NRT,283.46,8.3,D,VIIRS_NOAA20_NRT,2026-09-27T13:33:00Z,19.3,nominal,<strong>NASA FIRMS</strong><br>Sensor: VIIRS_NOAA20_NRT<br>Fecha UTC: 2026-09-27T13:33:00Z<br>Confianza: nominal<br>FRP: 8.3 MW,-5.09999,36.664790000000004
348.07,0.41,0.37,2026-09-27,1333,N20,VIIRS,n,2.0NRT,292.65,13.23,D,VIIRS_NOAA20_NRT,2026-09-27T13:33:00Z,19.3,nominal,<strong>NASA FIRMS</strong><br>Sensor: VIIRS_NOAA20_NRT<br>Fecha UTC: 2026-09-27T13:33:00Z<br>Confianza: nominal<br>FRP: 13.23 MW,-5.1052,36.66758
341.44,0.41,0.37,2026-09-27,1333,N20,VIIRS,n,2.0NRT,286.65,20.15,D,VIIRS_NOAA20_NRT,2026-09-27T13:33:00Z,19.3,nominal,<strong>NASA FIRMS</strong><br>Sensor: VIIRS_NOAA20_NRT<br>Fecha UTC: 2026-09-27T13:33:00Z<br>Confianza: nominal<br>FRP: 20.15 MW,-5.10068,36.66819
347.21,0.41,0.37,2026-09-27,1333,N20,VIIRS,n,2.0NRT,283.21,13.23,D,VIIRS_NOAA20_NRT,2026-09-27T13:33:00Z,19.3,nominal,<strong>NASA FIRMS</strong><br>Sensor: VIIRS_NOAA20_NRT<br>Fecha UTC: 2026-09-27T13:33:00Z<br>Confianza: nominal<br>FRP: 13.23 MW,-5.10588,36.67099
353.58,0.4,0.37,2026-09-27,1333,N20,VIIRS,n,2.0NRT,306.22,9.12,D,VIIRS_NOAA20_NRT,2026-09-27T13:33:00Z,19.3,nominal,<strong>NASA FIRMS</strong><br>Sensor: VIIRS_NOAA20_NRT<br>Fecha UTC: 2026-09-27T13:33:00Z<br>Confianza: nominal<br>FRP: 9.12 MW,-5.7564,37.47786
345.55,0.42,0.38,2026-09-27,1333,N20,VIIRS,n,2.0NRT,301.81,7.81,D,VIIRS_NOAA20_NRT,2026-09-27T13:33:00Z,19.3,nominal,<strong>NASA FIRMS</strong><br>Sensor: VIIRS_NOAA20_NRT<br>Fecha UTC: 2026-09-27T13:33:00Z<br>Confianza: nominal<br>FRP: 7.81 MW,-5.44216,39.05166
335.39,0.42,0.38,2026-09-27,1333,N20,VIIRS,n,2.0NRT,299.47,7.81,D,VIIRS_NOAA20_NRT,2026-09-27T13:33:00Z,19.3,nominal,<strong>NASA FIRMS</strong><br>Sensor: VIIRS_NOAA20_NRT<br>Fecha UTC: 2026-09-27T13:33:00Z<br>Confianza: nominal<br>FRP: 7.81 MW,-5.43727,39.0523
336.97,0.49,0.4,2026-09-27,1333,N20,VIIRS,l,2.0NRT,310.12,7.82,D,VIIRS_NOAA20_NRT,2026-09-27T13:33:00Z,19.3,baja,<strong>NASA FIRMS</strong><br>Sensor: VIIRS_NOAA20_NRT<br>Fecha UTC: 2026-09-27T13:33:00Z<br>Confianza: baja<br>FRP: 7.82 MW,-3.5045,39.10285
341.34,0.49,0.48,2026-09-27,1331,N20,VIIRS,n,2.0NRT,310.98,7.72,D,VIIRS_NOAA20_NRT,2026-09-27T13:31:00Z,19.4,nominal,<strong>NASA FIRMS</strong><br>Sensor: VIIRS_NOAA20_NRT<br>Fecha UTC: 2026-09-27T13:31:00Z<br>Confianza: nominal<br>FRP: 7.72 MW,2.53624,27.12434
344.28,0.49,0.48,2026-09-27,1331,N20,VIIRS,n,2.0NRT,310.62,7.72,D,VIIRS_NOAA20_NRT,2026-09-27T13:31:00Z,19.4,nominal,<strong>NASA FIRMS</strong><br>Sensor: VIIRS_NOAA20_NRT<br>Fecha UTC: 2026-09-27T13:31:00Z<br>Confianza: nominal<br>FRP: 7.72 MW,2.5412,27.12485
338.49,0.51,0.41,2026-09-27,1331,N20,VIIRS,n,2.0NRT,307.6,3.41,D,VIIRS_NOAA20_NRT,2026-09-27T13:31:00Z,19.4,nominal,<strong>NASA FIRMS</strong><br>Sensor: VIIRS_NOAA20_NRT<br>Fecha UTC: 2026-09-27T13:31:00Z<br>Confianza: nominal<br>FRP: 3.41 MW,-0.51827,28.19792
355.41,0.59,0.53,2026-09-27,1331,N20,VIIRS,n,2.0NRT,309.57,18.46,D,VIIRS_NOAA20_NRT,2026-09-27T13:31:00Z,19.4,nominal,<strong>NASA FIRMS</strong><br>Sensor: VIIRS_NOAA20_NRT<br>Fecha UTC: 2026-09-27T13:31:00Z<br>Confianza: nominal<br>FRP: 18.46 MW,3.27047,30.57601
340.74,0.61,0.54,2026-09-27,1331,N20,VIIRS,n,2.0NRT,305.43,6.01,D,VIIRS_NOAA20_NRT,2026-09-27T13:31:00Z,19.4,nominal,<strong>NASA FIRMS</strong><br>Sensor: VIIRS_NOAA20_NRT<br>Fecha UTC: 2026-09-27T13:31:00Z<br>Confianza: nominal<br>FRP: 6.01 MW,3.172,32.55391
342.82,0.62,0.54,2026-09-27,1331,N20,VIIRS,n,2.0NRT,305.69,4.09,D,VIIRS_NOAA20_NRT,2026-09-27T13:31:00Z,19.4,nominal,<strong>NASA FIRMS</strong><br>Sensor: VIIRS_NOAA20_NRT<br>Fecha UTC: 2026-09-27T13:31:00Z<br>Confianza: nominal<br>FRP: 4.09 MW,3.17139,32.55532
327.54,0.44,0.62,2026-09-27,1155,N20,VIIRS,n,2.0NRT,294.71,3.6,D,VIIRS_NOAA20_NRT,2026-09-27T11:55:00Z,21,nominal,<strong>NASA FIRMS</strong><br>Sensor: VIIRS_NOAA20_NRT<br>Fecha UTC: 2026-09-27T11:55:00Z<br>Confianza: nominal<br>FRP: 3.6 MW,1.76607,42.69341
334.97,0.43,0.62,2026-09-27,1155,N20,VIIRS,n,2.0NRT,298.81,3.6,D,VIIRS_NOAA20_NRT,2026-09-27T11:55:00Z,21,nominal,<strong>NASA FIRMS</strong><br>Sensor: VIIRS_NOAA20_NRT<br>Fecha UTC: 2026-09-27T11:55:00Z<br>Confianza: nominal<br>FRP: 3.6 MW,1.76973,42.69447
350.84,0.43,0.62,2026-09-27,1155,N20,VIIRS,n,2.0NRT,307.42,32.5,D,VIIRS_NOAA20_NRT,2026-09-27T11:55:00Z,21,nominal,<strong>NASA FIRMS</strong><br>Sensor: VIIRS_NOAA20_NRT<br>Fecha UTC: 2026-09-27T11:55:00Z<br>Confianza: nominal<br>FRP: 32.5 MW,1.76285,42.69579
367,0.43,0.62,2026-09-27,1155,N20,VIIRS,h,2.0NRT,303.07,33.77,D,VIIRS_NOAA20_NRT,2026-09-27T11:55:00Z,21,alta,<strong>NASA FIRMS</strong><br>Sensor: VIIRS_NOAA20_NRT<br>Fecha UTC: 2026-09-27T11:55:00Z<br>Confianza: alta<br>FRP: 33.77 MW,1.76686,42.69697
338.46,0.44,0.62,2026-09-27,1155,N20,VIIRS,n,2.0NRT,298.1,19.08,D,VIIRS_NOAA20_NRT,2026-09-27T11:55:00Z,21,nominal,<strong>NASA FIRMS</strong><br>Sensor: VIIRS_NOAA20_NRT<br>Fecha UTC: 2026-09-27T11:55:00Z<br>Confianza: nominal<br>FRP: 19.08 MW,1.75962,42.69769
353.62,0.44,0.62,2026-09-27,1155,N20,VIIRS,n,2.0NRT,315.51,24.66,D,VIIRS_NOAA20_NRT,2026-09-27T11:55:00Z,21,nominal,<strong>NASA FIRMS</strong><br>Sensor: VIIRS_NOAA20_NRT<br>Fecha UTC: 2026-09-27T11:55:00Z<br>Confianza: nominal<br>FRP: 24.66 MW,1.76396,42.69894
340.58,0.43,0.62,2026-09-27,1155,N20,VIIRS,n,2.0NRT,296.27,24.66,D,VIIRS_NOAA20_NRT,2026-09-27T11:55:00Z,21,nominal,<strong>NASA FIRMS</strong><br>Sensor: VIIRS_NOAA20_NRT<br>Fecha UTC: 2026-09-27T11:55:00Z<br>Confianza: nominal<br>FRP: 24.66 MW,1.76812,42.70015
348.98,0.43,0.62,2026-09-27,1155,N20,VIIRS,n,2.0NRT,294.14,6.94,D,VIIRS_NOAA20_NRT,2026-09-27T11:55:00Z,21,nominal,<strong>NASA FIRMS</strong><br>Sensor: VIIRS_NOAA20_NRT<br>Fecha UTC: 2026-09-27T11:55:00Z<br>Confianza: nominal<br>FRP: 6.94 MW,1.76087,42.70137
367,0.42,0.61,2026-09-27,1155,N20,VIIRS,h,2.0NRT,300.19,12.73,D,VIIRS_NOAA20_NRT,2026-09-27T11:55:00Z,21,alta,<strong>NASA FIRMS</strong><br>Sensor: VIIRS_NOAA20_NRT<br>Fecha UTC: 2026-09-27T11:55:00Z<br>Confianza: alta<br>FRP: 12.73 MW,1.99598,42.70502
355.57,0.42,0.61,2026-09-27,1155,N20,VIIRS,n,2.0NRT,296.68,12.73,D,VIIRS_NOAA20_NRT,2026-09-27T11:55:00Z,21,nominal,<strong>NASA FIRMS</strong><br>Sensor: VIIRS_NOAA20_NRT<br>Fecha UTC: 2026-09-27T11:55:00Z<br>Confianza: nominal<br>FRP: 12.73 MW,2.0006,42.70636
367,0.42,0.61,2026-09-27,1155,N20,VIIRS,h,2.0NRT,302.27,22.2,D,VIIRS_NOAA20_NRT,2026-09-27T11:55:00Z,21,alta,<strong>NASA FIRMS</strong><br>Sensor: VIIRS_NOAA20_NRT<br>Fecha UTC: 2026-09-27T11:55:00Z<br>Confianza: alta<br>FRP: 22.2 MW,1.99206,42.70996
367,0.42,0.61,2026-09-27,1155,N20,VIIRS,h,2.0NRT,300.48,12.73,D,VIIRS_NOAA20_NRT,2026-09-27T11:55:00Z,21,alta,<strong>NASA FIRMS</strong><br>Sensor: VIIRS_NOAA20_NRT<br>Fecha UTC: 2026-09-27T11:55:00Z<br>Confianza: alta<br>FRP: 12.73 MW,1.99715,42.71144
346.78,0.44,0.62,2026-09-27,1155,N20,VIIRS,n,2.0NRT,304.42,4.96,D,VIIRS_NOAA20_NRT,2026-09-27T11:55:00Z,21,nominal,<strong>NASA FIRMS</strong><br>Sensor: VIIRS_NOAA20_NRT<br>Fecha UTC: 2026-09-27T11:55:00Z<br>Confianza: nominal<br>FRP: 4.96 MW,1.49454,42.9013
330.17,0.44,0.62,2026-09-27,1155,N20,VIIRS,l,2.0NRT,301.74,4.96,D,VIIRS_NOAA20_NRT,2026-09-27T11:55:00Z,21,baja,<strong>NASA FIRMS</strong><br>Sensor: VIIRS_NOAA20_NRT<br>Fecha UTC: 2026-09-27T11:55:00Z<br>Confianza: baja<br>FRP: 4.96 MW,1.5007,42.90311
326.96,0.59,0.52,2026-09-27,1155,N20,VIIRS,l,2.0NRT,300.38,7.91,D,VIIRS_NOAA20_NRT,2026-09-27T11:55:00Z,21,baja,<strong>NASA FIRMS</strong><br>Sensor: VIIRS_NOAA20_NRT<br>Fecha UTC: 2026-09-27T11:55:00Z<br>Confianza: baja<br>FRP: 7.91 MW,4.89227,43.43652
302.04,0.52,0.67,2026-09-27,0355,N20,VIIRS,n,2.0NRT,288.22,1.28,N,VIIRS_NOAA20_NRT,2026-09-27T03:55:00Z,29,nominal,<strong>NASA FIRMS</strong><br>Sensor: VIIRS_NOAA20_NRT<br>Fecha UTC: 2026-09-27T03:55:00Z<br>Confianza: nominal<br>FRP: 1.28 MW,-17.13257,32.71545
332.62,0.41,0.45,2026-09-27,0215,N20,VIIRS,n,2.0NRT,289.75,2.93,N,VIIRS_NOAA20_NRT,2026-09-27T02:15:00Z,30.6,nominal,<strong>NASA FIRMS</strong><br>Sensor: VIIRS_NOAA20_NRT<br>Fecha UTC: 2026-09-27T02:15:00Z<br>Confianza: nominal<br>FRP: 2.93 MW,-0.51662,28.20138
315.25,0.61,0.53,2026-09-27,0213,N20,VIIRS,n,2.0NRT,290.37,2.64,N,VIIRS_NOAA20_NRT,2026-09-27T02:13:00Z,30.7,nominal,<strong>NASA FIRMS</strong><br>Sensor: VIIRS_NOAA20_NRT<br>Fecha UTC: 2026-09-27T02:13:00Z<br>Confianza: nominal<br>FRP: 2.64 MW,3.98739,32.27735
301.84,0.61,0.53,2026-09-27,0213,N20,VIIRS,n,2.0NRT,289.88,1.36,N,VIIRS_NOAA20_NRT,2026-09-27T02:13:00Z,30.7,nominal,<strong>NASA FIRMS</strong><br>Sensor: VIIRS_NOAA20_NRT<br>Fecha UTC: 2026-09-27T02:13:00Z<br>Confianza: nominal<br>FRP: 1.36 MW,4.00319,32.40478
335.96,0.54,0.51,2026-09-27,0213,N20,VIIRS,n,2.0NRT,289.84,5.32,N,VIIRS_NOAA20_NRT,2026-09-27T02:13:00Z,30.7,nominal,<strong>NASA FIRMS</strong><br>Sensor: VIIRS_NOAA20_NRT<br>Fecha UTC: 2026-09-27T02:13:00Z<br>Confianza: nominal<br>FRP: 5.32 MW,3.1679,32.55482
301.76,0.54,0.51,2026-09-27,0213,N20,VIIRS,n,2.0NRT,288.6,0.98,N,VIIRS_NOAA20_NRT,2026-09-27T02:13:00Z,30.7,nominal,<strong>NASA FIRMS</strong><br>Sensor: VIIRS_NOAA20_NRT<br>Fecha UTC: 2026-09-27T02:13:00Z<br>Confianza: nominal<br>FRP: 0.98 MW,3.18216,32.74472
306.29,0.54,0.5,2026-09-27,0213,N20,VIIRS,n,2.0NRT,288.43,1.94,N,VIIRS_NOAA20_NRT,2026-09-27T02:13:00Z,30.7,nominal,<strong>NASA FIRMS</strong><br>Sensor: VIIRS_NOAA20_NRT<br>Fecha UTC: 2026-09-27T02:13:00Z<br>Confianza: nominal<br>FRP: 1.94 MW,3.18332,32.74867
304.04,0.54,0.51,2026-09-27,0213,N20,VIIRS,n,2.0NRT,288.16,0.55,N,VIIRS_NOAA20_NRT,2026-09-27T02:13:00Z,30.7,nominal,<strong>NASA FIRMS</strong><br>Sensor: VIIRS_NOAA20_NRT<br>Fecha UTC: 2026-09-27T02:13:00Z<br>Confianza: nominal<br>FRP: 0.55 MW,3.18362,32.74922
298.37,0.54,0.51,2026-09-27,0213,N20,VIIRS,n,2.0NRT,287.35,0.65,N,VIIRS_NOAA20_NRT,2026-09-27T02:13:00Z,30.7,nominal,<strong>NASA FIRMS</strong><br>Sensor: VIIRS_NOAA20_NRT<br>Fecha UTC: 2026-09-27T02:13:00Z<br>Confianza: nominal<br>FRP: 0.65 MW,3.24158,32.83694
304.36,0.54,0.51,2026-09-27,0213,N20,VIIRS,n,2.0NRT,287.51,0.81,N,VIIRS_NOAA20_NRT,2026-09-27T02:13:00Z,30.7,nominal,<strong>NASA FIRMS</strong><br>Sensor: VIIRS_NOAA20_NRT<br>Fecha UTC: 2026-09-27T02:13:00Z<br>Confianza: nominal<br>FRP: 0.81 MW,3.23788,32.83732
297.94,0.54,0.51,2026-09-27,0213,N20,VIIRS,n,2.0NRT,287.49,1.12,N,VIIRS_NOAA20_NRT,2026-09-27T02:13:00Z,30.7,nominal,<strong>NASA FIRMS</strong><br>Sensor: VIIRS_NOAA20_NRT<br>Fecha UTC: 2026-09-27T02:13:00Z<br>Confianza: nominal<br>FRP: 1.12 MW,3.23603,32.83819
305.55,0.53,0.5,2026-09-27,0213,N20,VIIRS,n,2.0NRT,287.97,1.28,N,VIIRS_NOAA20_NRT,2026-09-27T02:13:00Z,30.7,nominal,<strong>NASA FIRMS</strong><br>Sensor: VIIRS_NOAA20_NRT<br>Fecha UTC: 2026-09-27T02:13:00Z<br>Confianza: nominal<br>FRP: 1.28 MW,3.23227,32.93052
307.44,0.53,0.5,2026-09-27,0213,N20,VIIRS,n,2.0NRT,288.51,1.28,N,VIIRS_NOAA20_NRT,2026-09-27T02:13:00Z,30.7,nominal,<strong>NASA FIRMS</strong><br>Sensor: VIIRS_NOAA20_NRT<br>Fecha UTC: 2026-09-27T02:13:00Z<br>Confianza: nominal<br>FRP: 1.28 MW,3.23373,32.93502
300.8,0.53,0.5,2026-09-27,0213,N20,VIIRS,n,2.0NRT,289.48,0.88,N,VIIRS_NOAA20_NRT,2026-09-27T02:13:00Z,30.7,nominal,<strong>NASA FIRMS</strong><br>Sensor: VIIRS_NOAA20_NRT<br>Fecha UTC: 2026-09-27T02:13:00Z<br>Confianza: nominal<br>FRP: 0.88 MW,3.23114,32.94526
301.82,0.53,0.5,2026-09-27,0213,N20,VIIRS,n,2.0NRT,288.96,0.97,N,VIIRS_NOAA20_NRT,2026-09-27T02:13:00Z,30.7,nominal,<strong>NASA FIRMS</strong><br>Sensor: VIIRS_NOAA20_NRT<br>Fecha UTC: 2026-09-27T02:13:00Z<br>Confianza: nominal<br>FRP: 0.97 MW,3.22682,32.94585
303.08,0.53,0.5,2026-09-27,0213,N20,VIIRS,n,2.0NRT,288.53,0.88,N,VIIRS_NOAA20_NRT,2026-09-27T02:13:00Z,30.7,nominal,<strong>NASA FIRMS</strong><br>Sensor: VIIRS_NOAA20_NRT<br>Fecha UTC: 2026-09-27T02:13:00Z<br>Confianza: nominal<br>FRP: 0.88 MW,3.22563,32.9465
302.46,0.53,0.5,2026-09-27,0213,N20,VIIRS,n,2.0NRT,288.55,0.97,N,VIIRS_NOAA20_NRT,2026-09-27T02:13:00Z,30.7,nominal,<strong>NASA FIRMS</strong><br>Sensor: VIIRS_NOAA20_NRT<br>Fecha UTC: 2026-09-27T02:13:00Z<br>Confianza: nominal<br>FRP: 0.97 MW,3.2213,32.94714
301.2,0.53,0.5,2026-09-27,0213,N20,VIIRS,n,2.0NRT,288.58,0.78,N,VIIRS_NOAA20_NRT,2026-09-27T02:13:00Z,30.7,nominal,<strong>NASA FIRMS</strong><br>Sensor: VIIRS_NOAA20_NRT<br>Fecha UTC: 2026-09-27T02:13:00Z<br>Confianza: nominal<br>FRP: 0.78 MW,3.2201,32.94776
306.09,0.53,0.5,2026-09-27,0213,N20,VIIRS,n,2.0NRT,291.15,0.97,N,VIIRS_NOAA20_NRT,2026-09-27T02:13:00Z,30.7,nominal,<strong>NASA FIRMS</strong><br>Sensor: VIIRS_NOAA20_NRT<br>Fecha UTC: 2026-09-27T02:13:00Z<br>Confianza: nominal<br>FRP: 0.97 MW,3.2282,32.95036
301.82,0.53,0.5,2026-09-27,0213,N20,VIIRS,n,2.0NRT,289.9,1.35,N,VIIRS_NOAA20_NRT,2026-09-27T02:13:00Z,30.7,nominal,<strong>NASA FIRMS</strong><br>Sensor: VIIRS_NOAA20_NRT<br>Fecha UTC: 2026-09-27T02:13:00Z<br>Confianza: nominal<br>FRP: 1.35 MW,3.22702,32.95102
302.03,0.53,0.5,2026-09-27,0213,N20,VIIRS,n,2.0NRT,287.23,1.12,N,VIIRS_NOAA20_NRT,2026-09-27T02:13:00Z,30.7,nominal,<strong>NASA FIRMS</strong><br>Sensor: VIIRS_NOAA20_NRT<br>Fecha UTC: 2026-09-27T02:13:00Z<br>Confianza: nominal<br>FRP: 1.12 MW,3.31589,33.12323
315.28,0.53,0.5,2026-09-27,0213,N20,VIIRS,n,2.0NRT,288.29,1.12,N,VIIRS_NOAA20_NRT,2026-09-27T02:13:00Z,30.7,nominal,<strong>NASA FIRMS</strong><br>Sensor: VIIRS_NOAA20_NRT<br>Fecha UTC: 2026-09-27T02:13:00Z<br>Confianza: nominal<br>FRP: 1.12 MW,3.3174,33.12772
299.98,0.53,0.5,2026-09-27,0213,N20,VIIRS,n,2.0NRT,287.75,1.24,N,VIIRS_NOAA20_NRT,2026-09-27T02:13:00Z,30.7,nominal,<strong>NASA FIRMS</strong><br>Sensor: VIIRS_NOAA20_NRT<br>Fecha UTC: 2026-09-27T02:13:00Z<br>Confianza: nominal<br>FRP: 1.24 MW,3.31337,33.13346
298.67,0.54,0.51,2026-09-27,0213,N20,VIIRS,n,2.0NRT,287.51,0.8,N,VIIRS_NOAA20_NRT,2026-09-27T02:13:00Z,30.7,nominal,<strong>NASA FIRMS</strong><br>Sensor: VIIRS_NOAA20_NRT<br>Fecha UTC: 2026-09-27T02:13:00Z<br>Confianza: nominal<br>FRP: 0.8 MW,3.36887,33.13452
298.65,0.54,0.51,2026-09-27,0213,N20,VIIRS,n,2.0NRT,287.72,0.94,N,VIIRS_NOAA20_NRT,2026-09-27T02:13:00Z,30.7,nominal,<strong>NASA FIRMS</strong><br>Sensor: VIIRS_NOAA20_NRT<br>Fecha UTC: 2026-09-27T02:13:00Z<br>Confianza: nominal<br>FRP: 0.94 MW,3.36795,33.13556
300.93,0.54,0.51,2026-09-27,0213,N20,VIIRS,n,2.0NRT,288.3,1.56,N,VIIRS_NOAA20_NRT,2026-09-27T02:13:00Z,30.7,nominal,<strong>NASA FIRMS</strong><br>Sensor: VIIRS_NOAA20_NRT<br>Fecha UTC: 2026-09-27T02:13:00Z<br>Confianza: nominal<br>FRP: 1.56 MW,3.36477,33.14033
298.17,0.54,0.51,2026-09-27,0213,N20,VIIRS,n,2.0NRT,288.11,0.81,N,VIIRS_NOAA20_NRT,2026-09-27T02:13:00Z,30.7,nominal,<strong>NASA FIRMS</strong><br>Sensor: VIIRS_NOAA20_NRT<br>Fecha UTC: 2026-09-27T02:13:00Z<br>Confianza: nominal<br>FRP: 0.81 MW,3.36384,33.14133
319.55,0.51,0.41,2026-09-27,0213,N20,VIIRS,n,2.0NRT,288.98,1.81,N,VIIRS_NOAA20_NRT,2026-09-27T02:13:00Z,30.7,nominal,<strong>NASA FIRMS</strong><br>Sensor: VIIRS_NOAA20_NRT<br>Fecha UTC: 2026-09-27T02:13:00Z<br>Confianza: nominal<br>FRP: 1.81 MW,-0.34661,33.47538
309.12,0.39,0.36,2026-09-27,0213,N20,VIIRS,n,2.0NRT,290.8,0.64,N,VIIRS_NOAA20_NRT,2026-09-27T02:13:00Z,30.7,nominal,<strong>NASA FIRMS</strong><br>Sensor: VIIRS_NOAA20_NRT<br>Fecha UTC: 2026-09-27T02:13:00Z<br>Confianza: nominal<br>FRP: 0.64 MW,-5.50769,33.9155
298.06,0.43,0.46,2026-09-27,0213,N20,VIIRS,n,2.0NRT,287.47,1.04,N,VIIRS_NOAA20_NRT,2026-09-27T02:13:00Z,30.7,nominal,<strong>NASA FIRMS</strong><br>Sensor: VIIRS_NOAA20_NRT<br>Fecha UTC: 2026-09-27T02:13:00Z<br>Confianza: nominal<br>FRP: 1.04 MW,2.05784,34.43777
298.2,0.43,0.46,2026-09-27,0213,N20,VIIRS,n,2.0NRT,285.55,0.44,N,VIIRS_NOAA20_NRT,2026-09-27T02:13:00Z,30.7,nominal,<strong>NASA FIRMS</strong><br>Sensor: VIIRS_NOAA20_NRT<br>Fecha UTC: 2026-09-27T02:13:00Z<br>Confianza: nominal<br>FRP: 0.44 MW,2.05659,34.43968
313.6,0.42,0.37,2026-09-27,0213,N20,VIIRS,n,2.0NRT,291.4,1.63,N,VIIRS_NOAA20_NRT,2026-09-27T02:13:00Z,30.7,nominal,<strong>NASA FIRMS</strong><br>Sensor: VIIRS_NOAA20_NRT<br>Fecha UTC: 2026-09-27T02:13:00Z<br>Confianza: nominal<br>FRP: 1.63 MW,-2.34722,34.59669
325.24,0.39,0.36,2026-09-27,0213,N20,VIIRS,n,2.0NRT,269.1,2.15,N,VIIRS_NOAA20_NRT,2026-09-27T02:13:00Z,30.7,nominal,<strong>NASA FIRMS</strong><br>Sensor: VIIRS_NOAA20_NRT<br>Fecha UTC: 2026-09-27T02:13:00Z<br>Confianza: nominal<br>FRP: 2.15 MW,-5.16959,34.95264
315.52,0.39,0.36,2026-09-27,0213,N20,VIIRS,n,2.0NRT,269.23,1.42,N,VIIRS_NOAA20_NRT,2026-09-27T02:13:00Z,30.7,nominal,<strong>NASA FIRMS</strong><br>Sensor: VIIRS_NOAA20_NRT<br>Fecha UTC: 2026-09-27T02:13:00Z<br>Confianza: nominal<br>FRP: 1.42 MW,-5.17728,34.95721
299.29,0.39,0.36,2026-09-27,0213,N20,VIIRS,n,2.0NRT,267.83,0.49,N,VIIRS_NOAA20_NRT,2026-09-27T02:13:00Z,30.7,nominal,<strong>NASA FIRMS</strong><br>Sensor: VIIRS_NOAA20_NRT<br>Fecha UTC: 2026-09-27T02:13:00Z<br>Confianza: nominal<br>FRP: 0.49 MW,-5.18151,34.95786
309.92,0.39,0.36,2026-09-27,0213,N20,VIIRS,n,2.0NRT,268.26,0.96,N,VIIRS_NOAA20_NRT,2026-09-27T02:13:00Z,30.7,nominal,<strong>NASA FIRMS</strong><br>Sensor: VIIRS_NOAA20_NRT<br>Fecha UTC: 2026-09-27T02:13:00Z<br>Confianza: nominal<br>FRP: 0.96 MW,-5.15959,34.95789
302.16,0.44,0.38,2026-09-27,0213,N20,VIIRS,n,2.0NRT,281.86,0.62,N,VIIRS_NOAA20_NRT,2026-09-27T02:13:00Z,30.7,nominal,<strong>NASA FIRMS</strong><br>Sensor: VIIRS_NOAA20_NRT<br>Fecha UTC: 2026-09-27T02:13:00Z<br>Confianza: nominal<br>FRP: 0.62 MW,-1.34576,35.31114
303.47,0.54,0.51,2026-09-27,0213,N20,VIIRS,n,2.0NRT,290.6,0.84,N,VIIRS_NOAA20_NRT,2026-09-27T02:13:00Z,30.7,nominal,<strong>NASA FIRMS</strong><br>Sensor: VIIRS_NOAA20_NRT<br>Fecha UTC: 2026-09-27T02:13:00Z<br>Confianza: nominal<br>FRP: 0.84 MW,4.47513,35.71038
301.4,0.48,0.4,2026-09-27,0213,N20,VIIRS,n,2.0NRT,284.28,0.77,N,VIIRS_NOAA20_NRT,2026-09-27T02:13:00Z,30.7,nominal,<strong>NASA FIRMS</strong><br>Sensor: VIIRS_NOAA20_NRT<br>Fecha UTC: 2026-09-27T02:13:00Z<br>Confianza: nominal<br>FRP: 0.77 MW,-0.21758,35.76965
303.68,0.47,0.4,2026-09-27,0213,N20,VIIRS,n,2.0NRT,284.22,0.77,N,VIIRS_NOAA20_NRT,2026-09-27T02:13:00Z,30.7,nominal,<strong>NASA FIRMS</strong><br>Sensor: VIIRS_NOAA20_NRT<br>Fecha UTC: 2026-09-27T02:13:00Z<br>Confianza: nominal<br>FRP: 0.77 MW,-0.22267,35.77063
299.99,0.47,0.4,2026-09-27,0213,N20,VIIRS,n,2.0NRT,275.82,0.84,N,VIIRS_NOAA20_NRT,2026-09-27T02:13:00Z,30.7,nominal,<strong>NASA FIRMS</strong><br>Sensor: VIIRS_NOAA20_NRT<br>Fecha UTC: 2026-09-27T02:13:00Z<br>Confianza: nominal<br>FRP: 0.84 MW,-0.24242,35.80524
304.86,0.47,0.4,2026-09-27,0213,N20,VIIRS,n,2.0NRT,274.15,0.84,N,VIIRS_NOAA20_NRT,2026-09-27T02:13:00Z,30.7,nominal,<strong>NASA FIRMS</strong><br>Sensor: VIIRS_NOAA20_NRT<br>Fecha UTC: 2026-09-27T02:13:00Z<br>Confianza: nominal<br>FRP: 0.84 MW,-0.25269,35.80725
306.17,0.47,0.4,2026-09-27,0213,N20,VIIRS,n,2.0NRT,275.67,0.84,N,VIIRS_NOAA20_NRT,2026-09-27T02:13:00Z,30.7,nominal,<strong>NASA FIRMS</strong><br>Sensor: VIIRS_NOAA20_NRT<br>Fecha UTC: 2026-09-27T02:13:00Z<br>Confianza: nominal<br>FRP: 0.84 MW,-0.25783,35.80826
297.71,0.47,0.4,2026-09-27,0213,N20,VIIRS,n,2.0NRT,272.96,0.21,N,VIIRS_NOAA20_NRT,2026-09-27T02:13:00Z,30.7,nominal,<strong>NASA FIRMS</strong><br>Sensor: VIIRS_NOAA20_NRT<br>Fecha UTC: 2026-09-27T02:13:00Z<br>Confianza: nominal<br>FRP: 0.21 MW,-0.25158,35.81081
295.83,0.47,0.4,2026-09-27,0213,N20,VIIRS,n,2.0NRT,272.81,0.21,N,VIIRS_NOAA20_NRT,2026-09-27T02:13:00Z,30.7,nominal,<strong>NASA FIRMS</strong><br>Sensor: VIIRS_NOAA20_NRT<br>Fecha UTC: 2026-09-27T02:13:00Z<br>Confianza: nominal<br>FRP: 0.21 MW,-0.25671,35.81182
298.07,0.47,0.4,2026-09-27,0213,N20,VIIRS,n,2.0NRT,274.01,1.27,N,VIIRS_NOAA20_NRT,2026-09-27T02:13:00Z,30.7,nominal,<strong>NASA FIRMS</strong><br>Sensor: VIIRS_NOAA20_NRT<br>Fecha UTC: 2026-09-27T02:13:00Z<br>Confianza: nominal<br>FRP: 1.27 MW,-0.26698,35.81382
335.7,0.47,0.4,2026-09-27,0213,N20,VIIRS,n,2.0NRT,277.42,2.48,N,VIIRS_NOAA20_NRT,2026-09-27T02:13:00Z,30.7,nominal,<strong>NASA FIRMS</strong><br>Sensor: VIIRS_NOAA20_NRT<br>Fecha UTC: 2026-09-27T02:13:00Z<br>Confianza: nominal<br>FRP: 2.48 MW,-0.27211,35.81482
297.35,0.47,0.4,2026-09-27,0213,N20,VIIRS,n,2.0NRT,275.99,2.48,N,VIIRS_NOAA20_NRT,2026-09-27T02:13:00Z,30.7,nominal,<strong>NASA FIRMS</strong><br>Sensor: VIIRS_NOAA20_NRT<br>Fecha UTC: 2026-09-27T02:13:00Z<br>Confianza: nominal<br>FRP: 2.48 MW,-0.271,35.81838
296.9,0.47,0.4,2026-09-27,0213,N20,VIIRS,n,2.0NRT,278.76,1.32,N,VIIRS_NOAA20_NRT,2026-09-27T02:13:00Z,30.7,nominal,<strong>NASA FIRMS</strong><br>Sensor: VIIRS_NOAA20_NRT<br>Fecha UTC: 2026-09-27T02:13:00Z<br>Confianza: nominal<br>FRP: 1.32 MW,-0.32339,35.82483
312.09,0.53,0.5,2026-09-27,0213,N20,VIIRS,n,2.0NRT,291.15,2.24,N,VIIRS_NOAA20_NRT,2026-09-27T02:13:00Z,30.7,nominal,<strong>NASA FIRMS</strong><br>Sensor: VIIRS_NOAA20_NRT<br>Fecha UTC: 2026-09-27T02:13:00Z<br>Confianza: nominal<br>FRP: 2.24 MW,4.4485,35.881
310.8,0.53,0.5,2026-09-27,0213,N20,VIIRS,n,2.0NRT,291.53,2.01,N,VIIRS_NOAA20_NRT,2026-09-27T02:13:00Z,30.7,nominal,<strong>NASA FIRMS</strong><br>Sensor: VIIRS_NOAA20_NRT<br>Fecha UTC: 2026-09-27T02:13:00Z<br>Confianza: nominal<br>FRP: 2.01 MW,4.44685,35.88161
303.39,0.49,0.4,2026-09-27,0213,N20,VIIRS,n,2.0NRT,287.34,1.14,N,VIIRS_NOAA20_NRT,2026-09-27T02:13:00Z,30.7,nominal,<strong>NASA FIRMS</strong><br>Sensor: VIIRS_NOAA20_NRT<br>Fecha UTC: 2026-09-27T02:13:00Z<br>Confianza: nominal<br>FRP: 1.14 MW,0.12703,36.01818
298.28,0.44,0.46,2026-09-27,0213,N20,VIIRS,n,2.0NRT,285.92,0.6,N,VIIRS_NOAA20_NRT,2026-09-27T02:13:00Z,30.7,nominal,<strong>NASA FIRMS</strong><br>Sensor: VIIRS_NOAA20_NRT<br>Fecha UTC: 2026-09-27T02:13:00Z<br>Confianza: nominal<br>FRP: 0.6 MW,2.92992,36.13994
302.72,0.39,0.36,2026-09-27,0213,N20,VIIRS,n,2.0NRT,285.47,1.05,N,VIIRS_NOAA20_NRT,2026-09-27T02:13:00Z,30.7,nominal,<strong>NASA FIRMS</strong><br>Sensor: VIIRS_NOAA20_NRT<br>Fecha UTC: 2026-09-27T02:13:00Z<br>Confianza: nominal<br>FRP: 1.05 MW,-5.4251,36.17823
300.95,0.43,0.46,2026-09-27,0213,N20,VIIRS,n,2.0NRT,290.57,0.45,N,VIIRS_NOAA20_NRT,2026-09-27T02:13:00Z,30.7,nominal,<strong>NASA FIRMS</strong><br>Sensor: VIIRS_NOAA20_NRT<br>Fecha UTC: 2026-09-27T02:13:00Z<br>Confianza: nominal<br>FRP: 0.45 MW,2.86901,36.50864
303.79,0.39,0.36,2026-09-27,0213,N20,VIIRS,n,2.0NRT,264.51,1.57,N,VIIRS_NOAA20_NRT,2026-09-27T02:13:00Z,30.7,nominal,<strong>NASA FIRMS</strong><br>Sensor: VIIRS_NOAA20_NRT<br>Fecha UTC: 2026-09-27T02:13:00Z<br>Confianza: nominal<br>FRP: 1.57 MW,-5.10246,36.62995
308.16,0.44,0.46,2026-09-27,0213,N20,VIIRS,n,2.0NRT,291.5,1.34,N,VIIRS_NOAA20_NRT,2026-09-27T02:13:00Z,30.7,nominal,<strong>NASA FIRMS</strong><br>Sensor: VIIRS_NOAA20_NRT<br>Fecha UTC: 2026-09-27T02:13:00Z<br>Confianza: nominal<br>FRP: 1.34 MW,3.2305,36.63237
317.58,0.39,0.36,2026-09-27,0213,N20,VIIRS,n,2.0NRT,269.38,5.12,N,VIIRS_NOAA20_NRT,2026-09-27T02:13:00Z,30.7,nominal,<strong>NASA FIRMS</strong><br>Sensor: VIIRS_NOAA20_NRT<br>Fecha UTC: 2026-09-27T02:13:00Z<br>Confianza: nominal<br>FRP: 5.12 MW,-5.09733,36.6326
354.97,0.39,0.36,2026-09-27,0213,N20,VIIRS,n,2.0NRT,277.33,5.12,N,VIIRS_NOAA20_NRT,2026-09-27T02:13:00Z,30.7,nominal,<strong>NASA FIRMS</strong><br>Sensor: VIIRS_NOAA20_NRT<br>Fecha UTC: 2026-09-27T02:13:00Z<br>Confianza: nominal<br>FRP: 5.12 MW,-5.10168,36.63325
319.1,0.39,0.36,2026-09-27,0213,N20,VIIRS,n,2.0NRT,265.99,1.91,N,VIIRS_NOAA20_NRT,2026-09-27T02:13:00Z,30.7,nominal,<strong>NASA FIRMS</strong><br>Sensor: VIIRS_NOAA20_NRT<br>Fecha UTC: 2026-09-27T02:13:00Z<br>Confianza: nominal<br>FRP: 1.91 MW,-5.10604,36.63389
305.16,0.39,0.36,2026-09-27,0213,N20,VIIRS,n,2.0NRT,266.77,1.91,N,VIIRS_NOAA20_NRT,2026-09-27T02:13:00Z,30.7,nominal,<strong>NASA FIRMS</strong><br>Sensor: VIIRS_NOAA20_NRT<br>Fecha UTC: 2026-09-27T02:13:00Z<br>Confianza: nominal<br>FRP: 1.91 MW,-5.1104,36.63454
309.48,0.39,0.36,2026-09-27,0213,N20,VIIRS,n,2.0NRT,267.17,3.47,N,VIIRS_NOAA20_NRT,2026-09-27T02:13:00Z,30.7,nominal,<strong>NASA FIRMS</strong><br>Sensor: VIIRS_NOAA20_NRT<br>Fecha UTC: 2026-09-27T02:13:00Z<br>Confianza: nominal<br>FRP: 3.47 MW,-5.11476,36.63519
320.72,0.39,0.36,2026-09-27,0213,N20,VIIRS,n,2.0NRT,264.71,5.12,N,VIIRS_NOAA20_NRT,2026-09-27T02:13:00Z,30.7,nominal,<strong>NASA FIRMS</strong><br>Sensor: VIIRS_NOAA20_NRT<br>Fecha UTC: 2026-09-27T02:13:00Z<br>Confianza: nominal<br>FRP: 5.12 MW,-5.09656,36.63589
309.54,0.39,0.36,2026-09-27,0213,N20,VIIRS,n,2.0NRT,265.4,5.12,N,VIIRS_NOAA20_NRT,2026-09-27T02:13:00Z,30.7,nominal,<strong>NASA FIRMS</strong><br>Sensor: VIIRS_NOAA20_NRT<br>Fecha UTC: 2026-09-27T02:13:00Z<br>Confianza: nominal<br>FRP: 5.12 MW,-5.10091,36.63654
310.93,0.39,0.36,2026-09-27,0213,N20,VIIRS,n,2.0NRT,265.18,1.91,N,VIIRS_NOAA20_NRT,2026-09-27T02:13:00Z,30.7,nominal,<strong>NASA FIRMS</strong><br>Sensor: VIIRS_NOAA20_NRT<br>Fecha UTC: 2026-09-27T02:13:00Z<br>Confianza: nominal<br>FRP: 1.91 MW,-5.10524,36.63718
333.18,0.39,0.36,2026-09-27,0213,N20,VIIRS,n,2.0NRT,267.26,1.91,N,VIIRS_NOAA20_NRT,2026-09-27T02:13:00Z,30.7,nominal,<strong>NASA FIRMS</strong><br>Sensor: VIIRS_NOAA20_NRT<br>Fecha UTC: 2026-09-27T02:13:00Z<br>Confianza: nominal<br>FRP: 1.91 MW,-5.10959,36.63784
353.81,0.39,0.36,2026-09-27,0213,N20,VIIRS,n,2.0NRT,272.14,3.47,N,VIIRS_NOAA20_NRT,2026-09-27T02:13:00Z,30.7,nominal,<strong>NASA FIRMS</strong><br>Sensor: VIIRS_NOAA20_NRT<br>Fecha UTC: 2026-09-27T02:13:00Z<br>Confianza: nominal<br>FRP: 3.47 MW,-5.11395,36.63848
328.32,0.39,0.36,2026-09-27,0213,N20,VIIRS,n,2.0NRT,261.7,1.38,N,VIIRS_NOAA20_NRT,2026-09-27T02:13:00Z,30.7,nominal,<strong>NASA FIRMS</strong><br>Sensor: VIIRS_NOAA20_NRT<br>Fecha UTC: 2026-09-27T02:13:00Z<br>Confianza: nominal<br>FRP: 1.38 MW,-5.09138,36.63854
307.41,0.39,0.36,2026-09-27,0213,N20,VIIRS,n,2.0NRT,268.23,3.47,N,VIIRS_NOAA20_NRT,2026-09-27T02:13:00Z,30.7,nominal,<strong>NASA FIRMS</strong><br>Sensor: VIIRS_NOAA20_NRT<br>Fecha UTC: 2026-09-27T02:13:00Z<br>Confianza: nominal<br>FRP: 3.47 MW,-5.11833,36.63913
316.09,0.39,0.36,2026-09-27,0213,N20,VIIRS,n,2.0NRT,261,1.34,N,VIIRS_NOAA20_NRT,2026-09-27T02:13:00Z,30.7,nominal,<strong>NASA FIRMS</strong><br>Sensor: VIIRS_NOAA20_NRT<br>Fecha UTC: 2026-09-27T02:13:00Z<br>Confianza: nominal<br>FRP: 1.34 MW,-5.09577,36.63919
299.4,0.39,0.36,2026-09-27,0213,N20,VIIRS,n,2.0NRT,263.97,1.34,N,VIIRS_NOAA20_NRT,2026-09-27T02:13:00Z,30.7,nominal,<strong>NASA FIRMS</strong><br>Sensor: VIIRS_NOAA20_NRT<br>Fecha UTC: 2026-09-27T02:13:00Z<br>Confianza: nominal<br>FRP: 1.34 MW,-5.1001,36.63984
297.24,0.39,0.36,2026-09-27,0213,N20,VIIRS,n,2.0NRT,264.92,1.37,N,VIIRS_NOAA20_NRT,2026-09-27T02:13:00Z,30.7,nominal,<strong>NASA FIRMS</strong><br>Sensor: VIIRS_NOAA20_NRT<br>Fecha UTC: 2026-09-27T02:13:00Z<br>Confianza: nominal<br>FRP: 1.37 MW,-5.11312,36.64177
298.14,0.39,0.36,2026-09-27,0213,N20,VIIRS,n,2.0NRT,261.6,1.38,N,VIIRS_NOAA20_NRT,2026-09-27T02:13:00Z,30.7,nominal,<strong>NASA FIRMS</strong><br>Sensor: VIIRS_NOAA20_NRT<br>Fecha UTC: 2026-09-27T02:13:00Z<br>Confianza: nominal<br>FRP: 1.38 MW,-5.0906,36.64184
329.51,0.39,0.36,2026-09-27,0213,N20,VIIRS,n,2.0NRT,268.72,1.37,N,VIIRS_NOAA20_NRT,2026-09-27T02:13:00Z,30.7,nominal,<strong>NASA FIRMS</strong><br>Sensor: VIIRS_NOAA20_NRT<br>Fecha UTC: 2026-09-27T02:13:00Z<br>Confianza: nominal<br>FRP: 1.37 MW,-5.11752,36.64243
306.98,0.39,0.36,2026-09-27,0213,N20,VIIRS,n,2.0NRT,262.8,1.34,N,VIIRS_NOAA20_NRT,2026-09-27T02:13:00Z,30.7,nominal,<strong>NASA FIRMS</strong><br>Sensor: VIIRS_NOAA20_NRT<br>Fecha UTC: 2026-09-27T02:13:00Z<br>Confianza: nominal<br>FRP: 1.34 MW,-5.09495,36.64249
324.97,0.39,0.36,2026-09-27,0213,N20,VIIRS,n,2.0NRT,263.85,1.34,N,VIIRS_NOAA20_NRT,2026-09-27T02:13:00Z,30.7,nominal,<strong>NASA FIRMS</strong><br>Sensor: VIIRS_NOAA20_NRT<br>Fecha UTC: 2026-09-27T02:13:00Z<br>Confianza: nominal<br>FRP: 1.34 MW,-5.09927,36.64313
296.14,0.39,0.36,2026-09-27,0213,N20,VIIRS,n,2.0NRT,262.38,0.75,N,VIIRS_NOAA20_NRT,2026-09-27T02:13:00Z,30.7,nominal,<strong>NASA FIRMS</strong><br>Sensor: VIIRS_NOAA20_NRT<br>Fecha UTC: 2026-09-27T02:13:00Z<br>Confianza: nominal<br>FRP: 0.75 MW,-5.10357,36.64377
298.48,0.39,0.36,2026-09-27,0213,N20,VIIRS,n,2.0NRT,259.38,0.3,N,VIIRS_NOAA20_NRT,2026-09-27T02:13:00Z,30.7,nominal,<strong>NASA FIRMS</strong><br>Sensor: VIIRS_NOAA20_NRT<br>Fecha UTC: 2026-09-27T02:13:00Z<br>Confianza: nominal<br>FRP: 0.3 MW,-5.08982,36.64513
304.22,0.39,0.36,2026-09-27,0213,N20,VIIRS,n,2.0NRT,262.67,1.37,N,VIIRS_NOAA20_NRT,2026-09-27T02:13:00Z,30.7,nominal,<strong>NASA FIRMS</strong><br>Sensor: VIIRS_NOAA20_NRT<br>Fecha UTC: 2026-09-27T02:13:00Z<br>Confianza: nominal<br>FRP: 1.37 MW,-5.11672,36.64572
317.86,0.39,0.36,2026-09-27,0213,N20,VIIRS,n,2.0NRT,263.72,8.21,N,VIIRS_NOAA20_NRT,2026-09-27T02:13:00Z,30.7,nominal,<strong>NASA FIRMS</strong><br>Sensor: VIIRS_NOAA20_NRT<br>Fecha UTC: 2026-09-27T02:13:00Z<br>Confianza: nominal<br>FRP: 8.21 MW,-5.09416,36.64578
354.03,0.39,0.36,2026-09-27,0213,N20,VIIRS,n,2.0NRT,272.59,8.21,N,VIIRS_NOAA20_NRT,2026-09-27T02:13:00Z,30.7,nominal,<strong>NASA FIRMS</strong><br>Sensor: VIIRS_NOAA20_NRT<br>Fecha UTC: 2026-09-27T02:13:00Z<br>Confianza: nominal<br>FRP: 8.21 MW,-5.09848,36.64642
324.46,0.39,0.36,2026-09-27,0213,N20,VIIRS,n,2.0NRT,265.66,3.15,N,VIIRS_NOAA20_NRT,2026-09-27T02:13:00Z,30.7,nominal,<strong>NASA FIRMS</strong><br>Sensor: VIIRS_NOAA20_NRT<br>Fecha UTC: 2026-09-27T02:13:00Z<br>Confianza: nominal<br>FRP: 3.15 MW,-5.10277,36.64706
315.15,0.39,0.36,2026-09-27,0213,N20,VIIRS,n,2.0NRT,262.29,8.21,N,VIIRS_NOAA20_NRT,2026-09-27T02:13:00Z,30.7,nominal,<strong>NASA FIRMS</strong><br>Sensor: VIIRS_NOAA20_NRT<br>Fecha UTC: 2026-09-27T02:13:00Z<br>Confianza: nominal<br>FRP: 8.21 MW,-5.09771,36.64972
331.08,0.39,0.36,2026-09-27,0213,N20,VIIRS,n,2.0NRT,265.13,3.15,N,VIIRS_NOAA20_NRT,2026-09-27T02:13:00Z,30.7,nominal,<strong>NASA FIRMS</strong><br>Sensor: VIIRS_NOAA20_NRT<br>Fecha UTC: 2026-09-27T02:13:00Z<br>Confianza: nominal<br>FRP: 3.15 MW,-5.10203,36.65036
304.67,0.44,0.46,2026-09-27,0213,N20,VIIRS,n,2.0NRT,291.19,0.67,N,VIIRS_NOAA20_NRT,2026-09-27T02:13:00Z,30.7,nominal,<strong>NASA FIRMS</strong><br>Sensor: VIIRS_NOAA20_NRT<br>Fecha UTC: 2026-09-27T02:13:00Z<br>Confianza: nominal<br>FRP: 0.67 MW,3.12496,36.68266
310.47,0.43,0.46,2026-09-27,0213,N20,VIIRS,n,2.0NRT,292.52,1.62,N,VIIRS_NOAA20_NRT,2026-09-27T02:13:00Z,30.7,nominal,<strong>NASA FIRMS</strong><br>Sensor: VIIRS_NOAA20_NRT<br>Fecha UTC: 2026-09-27T02:13:00Z<br>Confianza: nominal<br>FRP: 1.62 MW,3.08186,36.74956
312.43,0.41,0.37,2026-09-27,0213,N20,VIIRS,n,2.0NRT,291.66,1.26,N,VIIRS_NOAA20_NRT,2026-09-27T02:13:00Z,30.7,nominal,<strong>NASA FIRMS</strong><br>Sensor: VIIRS_NOAA20_NRT<br>Fecha UTC: 2026-09-27T02:13:00Z<br>Confianza: nominal<br>FRP: 1.26 MW,-1.90463,36.96646
304.92,0.43,0.38,2026-09-27,0213,N20,VIIRS,n,2.0NRT,285.4,0.87,N,VIIRS_NOAA20_NRT,2026-09-27T02:13:00Z,30.7,nominal,<strong>NASA FIRMS</strong><br>Sensor: VIIRS_NOAA20_NRT<br>Fecha UTC: 2026-09-27T02:13:00Z<br>Confianza: nominal<br>FRP: 0.87 MW,-0.54288,38.37706
298.52,0.45,0.39,2026-09-27,0213,N20,VIIRS,n,2.0NRT,284.28,0.96,N,VIIRS_NOAA20_NRT,2026-09-27T02:13:00Z,30.7,nominal,<strong>NASA FIRMS</strong><br>Sensor: VIIRS_NOAA20_NRT<br>Fecha UTC: 2026-09-27T02:13:00Z<br>Confianza: nominal<br>FRP: 0.96 MW,1.76287,42.69825
297.24,0.44,0.38,2026-09-27,0213,N20,VIIRS,n,2.0NRT,286.44,0.96,N,VIIRS_NOAA20_NRT,2026-09-27T02:13:00Z,30.7,nominal,<strong>NASA FIRMS</strong><br>Sensor: VIIRS_NOAA20_NRT<br>Fecha UTC: 2026-09-27T02:13:00Z<br>Confianza: nominal<br>FRP: 0.96 MW,1.50703,42.90237
335.07,0.44,0.38,2026-09-27,0213,N20,VIIRS,n,2.0NRT,296.63,8.28,N,VIIRS_NOAA20_NRT,2026-09-27T02:13:00Z,30.7,nominal,<strong>NASA FIRMS</strong><br>Sensor: VIIRS_NOAA20_NRT<br>Fecha UTC: 2026-09-27T02:13:00Z<br>Confianza: nominal<br>FRP: 8.28 MW,1.50179,42.90337
337.36,0.44,0.38,2026-09-27,0213,N20,VIIRS,n,2.0NRT,288.78,8.28,N,VIIRS_NOAA20_NRT,2026-09-27T02:13:00Z,30.7,nominal,<strong>NASA FIRMS</strong><br>Sensor: VIIRS_NOAA20_NRT<br>Fecha UTC: 2026-09-27T02:13:00Z<br>Confianza: nominal<br>FRP: 8.28 MW,1.49663,42.90435
301.39,0.44,0.38,2026-09-27,0213,N20,VIIRS,n,2.0NRT,287.35,1.15,N,VIIRS_NOAA20_NRT,2026-09-27T02:13:00Z,30.7,nominal,<strong>NASA FIRMS</strong><br>Sensor: VIIRS_NOAA20_NRT<br>Fecha UTC: 2026-09-27T02:13:00Z<br>Confianza: nominal<br>FRP: 1.15 MW,1.50302,42.90679
321.48,0.44,0.38,2026-09-27,0213,N20,VIIRS,n,2.0NRT,287.95,1.15,N,VIIRS_NOAA20_NRT,2026-09-27T02:13:00Z,30.7,nominal,<strong>NASA FIRMS</strong><br>Sensor: VIIRS_NOAA20_NRT<br>Fecha UTC: 2026-09-27T02:13:00Z<br>Confianza: nominal<br>FRP: 1.15 MW,1.49797,42.90775
311.13,0.41,0.37,2026-09-27,0213,N20,VIIRS,n,2.0NRT,287.26,1,N,VIIRS_NOAA20_NRT,2026-09-27T02:13:00Z,30.7,nominal,<strong>NASA FIRMS</strong><br>Sensor: VIIRS_NOAA20_NRT<br>Fecha UTC: 2026-09-27T02:13:00Z<br>Confianza: nominal<br>FRP: 1 MW,0.98749,43.88001
310.72,0.51,0.41,2026-09-27,0213,N20,VIIRS,n,2.0NRT,285.65,4.39,N,VIIRS_NOAA20_NRT,2026-09-27T02:13:00Z,30.7,nominal,<strong>NASA FIRMS</strong><br>Sensor: VIIRS_NOAA20_NRT<br>Fecha UTC: 2026-09-27T02:13:00Z<br>Confianza: nominal<br>FRP: 4.39 MW,4.12631,44.56402
328.31,0.51,0.41,2026-09-27,0213,N20,VIIRS,n,2.0NRT,294.64,4.39,N,VIIRS_NOAA20_NRT,2026-09-27T02:13:00Z,30.7,nominal,<strong>NASA FIRMS</strong><br>Sensor: VIIRS_NOAA20_NRT<br>Fecha UTC: 2026-09-27T02:13:00Z<br>Confianza: nominal<br>FRP: 4.39 MW,4.12707,44.56781
312.92,0.5,0.41,2026-09-27,0213,N20,VIIRS,n,2.0NRT,285.09,4.39,N,VIIRS_NOAA20_NRT,2026-09-27T02:13:00Z,30.7,nominal,<strong>NASA FIRMS</strong><br>Sensor: VIIRS_NOAA20_NRT<br>Fecha UTC: 2026-09-27T02:13:00Z<br>Confianza: nominal<br>FRP: 4.39 MW,4.12096,44.56911
307.23,0.51,0.41,2026-09-27,0213,N20,VIIRS,n,2.0NRT,287.03,1.05,N,VIIRS_NOAA20_NRT,2026-09-27T02:13:00Z,30.7,nominal,<strong>NASA FIRMS</strong><br>Sensor: VIIRS_NOAA20_NRT<br>Fecha UTC: 2026-09-27T02:13:00Z<br>Confianza: nominal<br>FRP: 1.05 MW,4.12826,44.57152
304.29,0.42,0.38,2026-09-27,0211,N20,VIIRS,n,2.0NRT,291.97,0.72,N,VIIRS_NOAA20_NRT,2026-09-27T02:11:00Z,30.7,nominal,<strong>NASA FIRMS</strong><br>Sensor: VIIRS_NOAA20_NRT<br>Fecha UTC: 2026-09-27T02:11:00Z<br>Confianza: nominal<br>FRP: 0.72 MW,-0.2478,39.66367
311.32,0.39,0.36,2026-09-27,0211,N20,VIIRS,n,2.0NRT,269.73,1.6,N,VIIRS_NOAA20_NRT,2026-09-27T02:11:00Z,30.7,nominal,<strong>NASA FIRMS</strong><br>Sensor: VIIRS_NOAA20_NRT<br>Fecha UTC: 2026-09-27T02:11:00Z<br>Confianza: nominal<br>FRP: 1.6 MW,-3.47635,40.24491
305.02,0.44,0.38,2026-09-27,0211,N20,VIIRS,n,2.0NRT,291.55,1.01,N,VIIRS_NOAA20_NRT,2026-09-27T02:11:00Z,30.7,nominal,<strong>NASA FIRMS</strong><br>Sensor: VIIRS_NOAA20_NRT<br>Fecha UTC: 2026-09-27T02:11:00Z<br>Confianza: nominal<br>FRP: 1.01 MW,0.5399,40.57774
305.25,0.39,0.36,2026-09-27,0211,N20,VIIRS,n,2.0NRT,288.3,1.15,N,VIIRS_NOAA20_NRT,2026-09-27T02:11:00Z,30.7,nominal,<strong>NASA FIRMS</strong><br>Sensor: VIIRS_NOAA20_NRT<br>Fecha UTC: 2026-09-27T02:11:00Z<br>Confianza: nominal<br>FRP: 1.15 MW,-1.4889,41.47403
351.93,0.52,0.42,2026-09-27,0211,N20,VIIRS,n,2.0NRT,267.56,13.16,N,VIIRS_NOAA20_NRT,2026-09-27T02:11:00Z,30.7,nominal,<strong>NASA FIRMS</strong><br>Sensor: VIIRS_NOAA20_NRT<br>Fecha UTC: 2026-09-27T02:11:00Z<br>Confianza: nominal<br>FRP: 13.16 MW,-8.07587,41.66385
367,0.52,0.42,2026-09-27,0211,N20,VIIRS,h,2.0NRT,268.29,15.19,N,VIIRS_NOAA20_NRT,2026-09-27T02:11:00Z,30.7,alta,<strong>NASA FIRMS</strong><br>Sensor: VIIRS_NOAA20_NRT<br>Fecha UTC: 2026-09-27T02:11:00Z<br>Confianza: alta<br>FRP: 15.19 MW,-8.07647,41.66594
305.76,0.41,0.37,2026-09-27,0211,N20,VIIRS,n,2.0NRT,290.02,0.52,N,VIIRS_NOAA20_NRT,2026-09-27T02:11:00Z,30.7,nominal,<strong>NASA FIRMS</strong><br>Sensor: VIIRS_NOAA20_NRT<br>Fecha UTC: 2026-09-27T02:11:00Z<br>Confianza: nominal<br>FRP: 0.52 MW,0.17679,41.92487
299.38,0.4,0.37,2026-09-27,0211,N20,VIIRS,n,2.0NRT,285.64,0.7,N,VIIRS_NOAA20_NRT,2026-09-27T02:11:00Z,30.7,nominal,<strong>NASA FIRMS</strong><br>Sensor: VIIRS_NOAA20_NRT<br>Fecha UTC: 2026-09-27T02:11:00Z<br>Confianza: nominal<br>FRP: 0.7 MW,-0.40018,42.94635
311.15,0.38,0.36,2026-09-27,0211,N20,VIIRS,n,2.0NRT,279.63,0.65,N,VIIRS_NOAA20_NRT,2026-09-27T02:11:00Z,30.7,nominal,<strong>NASA FIRMS</strong><br>Sensor: VIIRS_NOAA20_NRT<br>Fecha UTC: 2026-09-27T02:11:00Z<br>Confianza: nominal<br>FRP: 0.65 MW,-1.8465,43.08015
299.31,0.39,0.36,2026-09-27,0211,N20,VIIRS,n,2.0NRT,287.75,0.28,N,VIIRS_NOAA20_NRT,2026-09-27T02:11:00Z,30.7,nominal,<strong>NASA FIRMS</strong><br>Sensor: VIIRS_NOAA20_NRT<br>Fecha UTC: 2026-09-27T02:11:00Z<br>Confianza: nominal<br>FRP: 0.28 MW,-2.77217,43.20672
304.47,0.4,0.37,2026-09-27,0211,N20,VIIRS,n,2.0NRT,285.06,1.17,N,VIIRS_NOAA20_NRT,2026-09-27T02:11:00Z,30.7,nominal,<strong>NASA FIRMS</strong><br>Sensor: VIIRS_NOAA20_NRT<br>Fecha UTC: 2026-09-27T02:11:00Z<br>Confianza: nominal<br>FRP: 1.17 MW,-3.84299,43.44392
295.64,0.45,0.39,2026-09-27,0211,N20,VIIRS,n,2.0NRT,271.35,0.97,N,VIIRS_NOAA20_NRT,2026-09-27T02:11:00Z,30.7,nominal,<strong>NASA FIRMS</strong><br>Sensor: VIIRS_NOAA20_NRT<br>Fecha UTC: 2026-09-27T02:11:00Z<br>Confianza: nominal<br>FRP: 0.97 MW,-5.83469,43.53867
297.39,0.53,0.42,2026-09-27,0211,N20,VIIRS,n,2.0NRT,286.58,0.53,N,VIIRS_NOAA20_NRT,2026-09-27T02:11:00Z,30.7,nominal,<strong>NASA FIRMS</strong><br>Sensor: VIIRS_NOAA20_NRT<br>Fecha UTC: 2026-09-27T02:11:00Z<br>Confianza: nominal<br>FRP: 0.53 MW,4.7201,44.57297
312.49,0.75,0.77,2026-09-27,0035,N20,VIIRS,n,2.0NRT,289.24,2.26,N,VIIRS_NOAA20_NRT,2026-09-27T00:35:00Z,32.3,nominal,<strong>NASA FIRMS</strong><br>Sensor: VIIRS_NOAA20_NRT<br>Fecha UTC: 2026-09-27T00:35:00Z<br>Confianza: nominal<br>FRP: 2.26 MW,3.98355,32.27697
311.1,0.75,0.77,2026-09-27,0035,N20,VIIRS,n,2.0NRT,288.88,2.6,N,VIIRS_NOAA20_NRT,2026-09-27T00:35:00Z,32.3,nominal,<strong>NASA FIRMS</strong><br>Sensor: VIIRS_NOAA20_NRT<br>Fecha UTC: 2026-09-27T00:35:00Z<br>Confianza: nominal<br>FRP: 2.6 MW,3.98358,32.28041
304.68,0.75,0.77,2026-09-27,0035,N20,VIIRS,n,2.0NRT,288.51,1.02,N,VIIRS_NOAA20_NRT,2026-09-27T00:35:00Z,32.3,nominal,<strong>NASA FIRMS</strong><br>Sensor: VIIRS_NOAA20_NRT<br>Fecha UTC: 2026-09-27T00:35:00Z<br>Confianza: nominal<br>FRP: 1.02 MW,3.99912,32.40469
302.39,0.75,0.77,2026-09-27,0033,N20,VIIRS,n,2.0NRT,289.15,1.7,N,VIIRS_NOAA20_NRT,2026-09-27T00:33:00Z,32.3,nominal,<strong>NASA FIRMS</strong><br>Sensor: VIIRS_NOAA20_NRT<br>Fecha UTC: 2026-09-27T00:33:00Z<br>Confianza: nominal<br>FRP: 1.7 MW,4.44347,35.88253
