{
  "type": "FeatureCollection",
  "features": [
    {
      "type": "Feature",
      "geometry": {
        "type": "Point",
        "coordinates": [-0.5162, 28.1979]
      },
      "properties": {
        "bright_ti4": 315.55,
        "scan": 0.46,
        "track": 0.63,
        "acq_date": "2026-10-05",
        "acq_time": "0245",
        "satellite": "N",
        "instrument": "VIIRS",
        "confidence": "n",
        "version": "2.0NRT",
        "bright_ti5": 289.59,
        "frp": 1.4,
        "daynight": "N",
        "source_dataset": "VIIRS_SNPP_NRT",
        "acq_datetime_utc": "2026-10-05T02:45:00Z",
        "age_hours": 6.2,
        "confidence_label": "nominal",
        "popup_label": "<strong>NASA FIRMS<\/strong><br>Sensor: VIIRS_SNPP_NRT<br>Fecha UTC: 2026-10-05T02:45:00Z<br>Confianza: nominal<br>FRP: 1.4 MW"
      }
    },
    {
      "type": "Feature",
      "geometry": {
        "type": "Point",
        "coordinates": [-0.158, 28.2106]
      },
      "properties": {
        "bright_ti4": 311.49,
        "scan": 0.48,
        "track": 0.65,
        "acq_date": "2026-10-05",
        "acq_time": "0245",
        "satellite": "N",
        "instrument": "VIIRS",
        "confidence": "n",
        "version": "2.0NRT",
        "bright_ti5": 290.15,
        "frp": 1.1,
        "daynight": "N",
        "source_dataset": "VIIRS_SNPP_NRT",
        "acq_datetime_utc": "2026-10-05T02:45:00Z",
        "age_hours": 6.2,
        "confidence_label": "nominal",
        "popup_label": "<strong>NASA FIRMS<\/strong><br>Sensor: VIIRS_SNPP_NRT<br>Fecha UTC: 2026-10-05T02:45:00Z<br>Confianza: nominal<br>FRP: 1.1 MW"
      }
    },
    {
      "type": "Feature",
      "geometry": {
        "type": "Point",
        "coordinates": [-9.5541, 30.2271]
      },
      "properties": {
        "bright_ti4": 336.01,
        "scan": 0.42,
        "track": 0.38,
        "acq_date": "2026-10-05",
        "acq_time": "0245",
        "satellite": "N",
        "instrument": "VIIRS",
        "confidence": "n",
        "version": "2.0NRT",
        "bright_ti5": 297.25,
        "frp": 13.53,
        "daynight": "N",
        "source_dataset": "VIIRS_SNPP_NRT",
        "acq_datetime_utc": "2026-10-05T02:45:00Z",
        "age_hours": 6.2,
        "confidence_label": "nominal",
        "popup_label": "<strong>NASA FIRMS<\/strong><br>Sensor: VIIRS_SNPP_NRT<br>Fecha UTC: 2026-10-05T02:45:00Z<br>Confianza: nominal<br>FRP: 13.53 MW"
      }
    },
    {
      "type": "Feature",
      "geometry": {
        "type": "Point",
        "coordinates": [-9.5768, 30.2455]
      },
      "properties": {
        "bright_ti4": 315.69,
        "scan": 0.42,
        "track": 0.38,
        "acq_date": "2026-10-05",
        "acq_time": "0245",
        "satellite": "N",
        "instrument": "VIIRS",
        "confidence": "n",
        "version": "2.0NRT",
        "bright_ti5": 292.02,
        "frp": 1.33,
        "daynight": "N",
        "source_dataset": "VIIRS_SNPP_NRT",
        "acq_datetime_utc": "2026-10-05T02:45:00Z",
        "age_hours": 6.2,
        "confidence_label": "nominal",
        "popup_label": "<strong>NASA FIRMS<\/strong><br>Sensor: VIIRS_SNPP_NRT<br>Fecha UTC: 2026-10-05T02:45:00Z<br>Confianza: nominal<br>FRP: 1.33 MW"
      }
    },
    {
      "type": "Feature",
      "geometry": {
        "type": "Point",
        "coordinates": [-9.1793, 30.378]
      },
      "properties": {
        "bright_ti4": 308,
        "scan": 0.43,
        "track": 0.38,
        "acq_date": "2026-10-05",
        "acq_time": "0245",
        "satellite": "N",
        "instrument": "VIIRS",
        "confidence": "n",
        "version": "2.0NRT",
        "bright_ti5": 290.78,
        "frp": 0.82,
        "daynight": "N",
        "source_dataset": "VIIRS_SNPP_NRT",
        "acq_datetime_utc": "2026-10-05T02:45:00Z",
        "age_hours": 6.2,
        "confidence_label": "nominal",
        "popup_label": "<strong>NASA FIRMS<\/strong><br>Sensor: VIIRS_SNPP_NRT<br>Fecha UTC: 2026-10-05T02:45:00Z<br>Confianza: nominal<br>FRP: 0.82 MW"
      }
    },
    {
      "type": "Feature",
      "geometry": {
        "type": "Point",
        "coordinates": [-9.1784, 30.3815]
      },
      "properties": {
        "bright_ti4": 308.6,
        "scan": 0.43,
        "track": 0.38,
        "acq_date": "2026-10-05",
        "acq_time": "0245",
        "satellite": "N",
        "instrument": "VIIRS",
        "confidence": "n",
        "version": "2.0NRT",
        "bright_ti5": 290.91,
        "frp": 0.82,
        "daynight": "N",
        "source_dataset": "VIIRS_SNPP_NRT",
        "acq_datetime_utc": "2026-10-05T02:45:00Z",
        "age_hours": 6.2,
        "confidence_label": "nominal",
        "popup_label": "<strong>NASA FIRMS<\/strong><br>Sensor: VIIRS_SNPP_NRT<br>Fecha UTC: 2026-10-05T02:45:00Z<br>Confianza: nominal<br>FRP: 0.82 MW"
      }
    },
    {
      "type": "Feature",
      "geometry": {
        "type": "Point",
        "coordinates": [1.8996, 30.9096]
      },
      "properties": {
        "bright_ti4": 296.13,
        "scan": 0.54,
        "track": 0.68,
        "acq_date": "2026-10-05",
        "acq_time": "0245",
        "satellite": "N",
        "instrument": "VIIRS",
        "confidence": "n",
        "version": "2.0NRT",
        "bright_ti5": 285.45,
        "frp": 0.73,
        "daynight": "N",
        "source_dataset": "VIIRS_SNPP_NRT",
        "acq_datetime_utc": "2026-10-05T02:45:00Z",
        "age_hours": 6.2,
        "confidence_label": "nominal",
        "popup_label": "<strong>NASA FIRMS<\/strong><br>Sensor: VIIRS_SNPP_NRT<br>Fecha UTC: 2026-10-05T02:45:00Z<br>Confianza: nominal<br>FRP: 0.73 MW"
      }
    },
    {
      "type": "Feature",
      "geometry": {
        "type": "Point",
        "coordinates": [-8.0552, 31.6021]
      },
      "properties": {
        "bright_ti4": 307.38,
        "scan": 0.46,
        "track": 0.39,
        "acq_date": "2026-10-05",
        "acq_time": "0245",
        "satellite": "N",
        "instrument": "VIIRS",
        "confidence": "n",
        "version": "2.0NRT",
        "bright_ti5": 293.38,
        "frp": 0.66,
        "daynight": "N",
        "source_dataset": "VIIRS_SNPP_NRT",
        "acq_datetime_utc": "2026-10-05T02:45:00Z",
        "age_hours": 6.2,
        "confidence_label": "nominal",
        "popup_label": "<strong>NASA FIRMS<\/strong><br>Sensor: VIIRS_SNPP_NRT<br>Fecha UTC: 2026-10-05T02:45:00Z<br>Confianza: nominal<br>FRP: 0.66 MW"
      }
    },
    {
      "type": "Feature",
      "geometry": {
        "type": "Point",
        "coordinates": [3.9888, 32.2728]
      },
      "properties": {
        "bright_ti4": 302.63,
        "scan": 0.65,
        "track": 0.73,
        "acq_date": "2026-10-05",
        "acq_time": "0245",
        "satellite": "N",
        "instrument": "VIIRS",
        "confidence": "n",
        "version": "2.0NRT",
        "bright_ti5": 284.55,
        "frp": 1.73,
        "daynight": "N",
        "source_dataset": "VIIRS_SNPP_NRT",
        "acq_datetime_utc": "2026-10-05T02:45:00Z",
        "age_hours": 6.2,
        "confidence_label": "nominal",
        "popup_label": "<strong>NASA FIRMS<\/strong><br>Sensor: VIIRS_SNPP_NRT<br>Fecha UTC: 2026-10-05T02:45:00Z<br>Confianza: nominal<br>FRP: 1.73 MW"
      }
    },
    {
      "type": "Feature",
      "geometry": {
        "type": "Point",
        "coordinates": [3.9884, 32.2753]
      },
      "properties": {
        "bright_ti4": 315.18,
        "scan": 0.65,
        "track": 0.73,
        "acq_date": "2026-10-05",
        "acq_time": "0245",
        "satellite": "N",
        "instrument": "VIIRS",
        "confidence": "n",
        "version": "2.0NRT",
        "bright_ti5": 285.03,
        "frp": 1.6,
        "daynight": "N",
        "source_dataset": "VIIRS_SNPP_NRT",
        "acq_datetime_utc": "2026-10-05T02:45:00Z",
        "age_hours": 6.2,
        "confidence_label": "nominal",
        "popup_label": "<strong>NASA FIRMS<\/strong><br>Sensor: VIIRS_SNPP_NRT<br>Fecha UTC: 2026-10-05T02:45:00Z<br>Confianza: nominal<br>FRP: 1.6 MW"
      }
    },
    {
      "type": "Feature",
      "geometry": {
        "type": "Point",
        "coordinates": [3.9914, 32.2793]
      },
      "properties": {
        "bright_ti4": 299.72,
        "scan": 0.65,
        "track": 0.73,
        "acq_date": "2026-10-05",
        "acq_time": "0245",
        "satellite": "N",
        "instrument": "VIIRS",
        "confidence": "n",
        "version": "2.0NRT",
        "bright_ti5": 284.13,
        "frp": 0.84,
        "daynight": "N",
        "source_dataset": "VIIRS_SNPP_NRT",
        "acq_datetime_utc": "2026-10-05T02:45:00Z",
        "age_hours": 6.2,
        "confidence_label": "nominal",
        "popup_label": "<strong>NASA FIRMS<\/strong><br>Sensor: VIIRS_SNPP_NRT<br>Fecha UTC: 2026-10-05T02:45:00Z<br>Confianza: nominal<br>FRP: 0.84 MW"
      }
    },
    {
      "type": "Feature",
      "geometry": {
        "type": "Point",
        "coordinates": [4.0095, 32.399]
      },
      "properties": {
        "bright_ti4": 295.18,
        "scan": 0.65,
        "track": 0.73,
        "acq_date": "2026-10-05",
        "acq_time": "0245",
        "satellite": "N",
        "instrument": "VIIRS",
        "confidence": "n",
        "version": "2.0NRT",
        "bright_ti5": 284.38,
        "frp": 0.96,
        "daynight": "N",
        "source_dataset": "VIIRS_SNPP_NRT",
        "acq_datetime_utc": "2026-10-05T02:45:00Z",
        "age_hours": 6.2,
        "confidence_label": "nominal",
        "popup_label": "<strong>NASA FIRMS<\/strong><br>Sensor: VIIRS_SNPP_NRT<br>Fecha UTC: 2026-10-05T02:45:00Z<br>Confianza: nominal<br>FRP: 0.96 MW"
      }
    },
    {
      "type": "Feature",
      "geometry": {
        "type": "Point",
        "coordinates": [4.01, 32.4024]
      },
      "properties": {
        "bright_ti4": 297.76,
        "scan": 0.65,
        "track": 0.73,
        "acq_date": "2026-10-05",
        "acq_time": "0245",
        "satellite": "N",
        "instrument": "VIIRS",
        "confidence": "n",
        "version": "2.0NRT",
        "bright_ti5": 284.66,
        "frp": 1.43,
        "daynight": "N",
        "source_dataset": "VIIRS_SNPP_NRT",
        "acq_datetime_utc": "2026-10-05T02:45:00Z",
        "age_hours": 6.2,
        "confidence_label": "nominal",
        "popup_label": "<strong>NASA FIRMS<\/strong><br>Sensor: VIIRS_SNPP_NRT<br>Fecha UTC: 2026-10-05T02:45:00Z<br>Confianza: nominal<br>FRP: 1.43 MW"
      }
    },
    {
      "type": "Feature",
      "geometry": {
        "type": "Point",
        "coordinates": [-6.6486, 32.4688]
      },
      "properties": {
        "bright_ti4": 303.92,
        "scan": 0.51,
        "track": 0.41,
        "acq_date": "2026-10-05",
        "acq_time": "0245",
        "satellite": "N",
        "instrument": "VIIRS",
        "confidence": "n",
        "version": "2.0NRT",
        "bright_ti5": 285.73,
        "frp": 0.57,
        "daynight": "N",
        "source_dataset": "VIIRS_SNPP_NRT",
        "acq_datetime_utc": "2026-10-05T02:45:00Z",
        "age_hours": 6.2,
        "confidence_label": "nominal",
        "popup_label": "<strong>NASA FIRMS<\/strong><br>Sensor: VIIRS_SNPP_NRT<br>Fecha UTC: 2026-10-05T02:45:00Z<br>Confianza: nominal<br>FRP: 0.57 MW"
      }
    },
    {
      "type": "Feature",
      "geometry": {
        "type": "Point",
        "coordinates": [3.1696, 32.5563]
      },
      "properties": {
        "bright_ti4": 335.01,
        "scan": 0.58,
        "track": 0.7,
        "acq_date": "2026-10-05",
        "acq_time": "0245",
        "satellite": "N",
        "instrument": "VIIRS",
        "confidence": "n",
        "version": "2.0NRT",
        "bright_ti5": 284.33,
        "frp": 4.26,
        "daynight": "N",
        "source_dataset": "VIIRS_SNPP_NRT",
        "acq_datetime_utc": "2026-10-05T02:45:00Z",
        "age_hours": 6.2,
        "confidence_label": "nominal",
        "popup_label": "<strong>NASA FIRMS<\/strong><br>Sensor: VIIRS_SNPP_NRT<br>Fecha UTC: 2026-10-05T02:45:00Z<br>Confianza: nominal<br>FRP: 4.26 MW"
      }
    },
    {
      "type": "Feature",
      "geometry": {
        "type": "Point",
        "coordinates": [3.1692, 32.557]
      },
      "properties": {
        "bright_ti4": 328.52,
        "scan": 0.58,
        "track": 0.69,
        "acq_date": "2026-10-05",
        "acq_time": "0245",
        "satellite": "N",
        "instrument": "VIIRS",
        "confidence": "n",
        "version": "2.0NRT",
        "bright_ti5": 284.52,
        "frp": 2.81,
        "daynight": "N",
        "source_dataset": "VIIRS_SNPP_NRT",
        "acq_datetime_utc": "2026-10-05T02:45:00Z",
        "age_hours": 6.2,
        "confidence_label": "nominal",
        "popup_label": "<strong>NASA FIRMS<\/strong><br>Sensor: VIIRS_SNPP_NRT<br>Fecha UTC: 2026-10-05T02:45:00Z<br>Confianza: nominal<br>FRP: 2.81 MW"
      }
    },
    {
      "type": "Feature",
      "geometry": {
        "type": "Point",
        "coordinates": [3.1835, 32.7469]
      },
      "properties": {
        "bright_ti4": 302.62,
        "scan": 0.57,
        "track": 0.69,
        "acq_date": "2026-10-05",
        "acq_time": "0245",
        "satellite": "N",
        "instrument": "VIIRS",
        "confidence": "n",
        "version": "2.0NRT",
        "bright_ti5": 283.13,
        "frp": 0.83,
        "daynight": "N",
        "source_dataset": "VIIRS_SNPP_NRT",
        "acq_datetime_utc": "2026-10-05T02:45:00Z",
        "age_hours": 6.2,
        "confidence_label": "nominal",
        "popup_label": "<strong>NASA FIRMS<\/strong><br>Sensor: VIIRS_SNPP_NRT<br>Fecha UTC: 2026-10-05T02:45:00Z<br>Confianza: nominal<br>FRP: 0.83 MW"
      }
    },
    {
      "type": "Feature",
      "geometry": {
        "type": "Point",
        "coordinates": [3.1836, 32.7479]
      },
      "properties": {
        "bright_ti4": 302.03,
        "scan": 0.57,
        "track": 0.69,
        "acq_date": "2026-10-05",
        "acq_time": "0245",
        "satellite": "N",
        "instrument": "VIIRS",
        "confidence": "n",
        "version": "2.0NRT",
        "bright_ti5": 282.96,
        "frp": 1.19,
        "daynight": "N",
        "source_dataset": "VIIRS_SNPP_NRT",
        "acq_datetime_utc": "2026-10-05T02:45:00Z",
        "age_hours": 6.2,
        "confidence_label": "nominal",
        "popup_label": "<strong>NASA FIRMS<\/strong><br>Sensor: VIIRS_SNPP_NRT<br>Fecha UTC: 2026-10-05T02:45:00Z<br>Confianza: nominal<br>FRP: 1.19 MW"
      }
    },
    {
      "type": "Feature",
      "geometry": {
        "type": "Point",
        "coordinates": [-0.3448, 33.4719]
      },
      "properties": {
        "bright_ti4": 298.28,
        "scan": 0.35,
        "track": 0.57,
        "acq_date": "2026-10-05",
        "acq_time": "0245",
        "satellite": "N",
        "instrument": "VIIRS",
        "confidence": "n",
        "version": "2.0NRT",
        "bright_ti5": 282.79,
        "frp": 0.93,
        "daynight": "N",
        "source_dataset": "VIIRS_SNPP_NRT",
        "acq_datetime_utc": "2026-10-05T02:45:00Z",
        "age_hours": 6.2,
        "confidence_label": "nominal",
        "popup_label": "<strong>NASA FIRMS<\/strong><br>Sensor: VIIRS_SNPP_NRT<br>Fecha UTC: 2026-10-05T02:45:00Z<br>Confianza: nominal<br>FRP: 0.93 MW"
      }
    },
    {
      "type": "Feature",
      "geometry": {
        "type": "Point",
        "coordinates": [-0.3432, 33.4721]
      },
      "properties": {
        "bright_ti4": 304.81,
        "scan": 0.35,
        "track": 0.57,
        "acq_date": "2026-10-05",
        "acq_time": "0245",
        "satellite": "N",
        "instrument": "VIIRS",
        "confidence": "n",
        "version": "2.0NRT",
        "bright_ti5": 283.32,
        "frp": 0.74,
        "daynight": "N",
        "source_dataset": "VIIRS_SNPP_NRT",
        "acq_datetime_utc": "2026-10-05T02:45:00Z",
        "age_hours": 6.2,
        "confidence_label": "nominal",
        "popup_label": "<strong>NASA FIRMS<\/strong><br>Sensor: VIIRS_SNPP_NRT<br>Fecha UTC: 2026-10-05T02:45:00Z<br>Confianza: nominal<br>FRP: 0.74 MW"
      }
    },
    {
      "type": "Feature",
      "geometry": {
        "type": "Point",
        "coordinates": [3.2303, 32.9284]
      },
      "properties": {
        "bright_ti4": 295.36,
        "scan": 0.57,
        "track": 0.69,
        "acq_date": "2026-10-05",
        "acq_time": "0243",
        "satellite": "N",
        "instrument": "VIIRS",
        "confidence": "n",
        "version": "2.0NRT",
        "bright_ti5": 283.37,
        "frp": 0.74,
        "daynight": "N",
        "source_dataset": "VIIRS_SNPP_NRT",
        "acq_datetime_utc": "2026-10-05T02:43:00Z",
        "age_hours": 6.2,
        "confidence_label": "nominal",
        "popup_label": "<strong>NASA FIRMS<\/strong><br>Sensor: VIIRS_SNPP_NRT<br>Fecha UTC: 2026-10-05T02:43:00Z<br>Confianza: nominal<br>FRP: 0.74 MW"
      }
    },
    {
      "type": "Feature",
      "geometry": {
        "type": "Point",
        "coordinates": [3.2447, 32.9312]
      },
      "properties": {
        "bright_ti4": 295.83,
        "scan": 0.57,
        "track": 0.69,
        "acq_date": "2026-10-05",
        "acq_time": "0243",
        "satellite": "N",
        "instrument": "VIIRS",
        "confidence": "n",
        "version": "2.0NRT",
        "bright_ti5": 283.75,
        "frp": 0.95,
        "daynight": "N",
        "source_dataset": "VIIRS_SNPP_NRT",
        "acq_datetime_utc": "2026-10-05T02:43:00Z",
        "age_hours": 6.2,
        "confidence_label": "nominal",
        "popup_label": "<strong>NASA FIRMS<\/strong><br>Sensor: VIIRS_SNPP_NRT<br>Fecha UTC: 2026-10-05T02:43:00Z<br>Confianza: nominal<br>FRP: 0.95 MW"
      }
    },
    {
      "type": "Feature",
      "geometry": {
        "type": "Point",
        "coordinates": [3.2387, 32.9329]
      },
      "properties": {
        "bright_ti4": 298.99,
        "scan": 0.57,
        "track": 0.69,
        "acq_date": "2026-10-05",
        "acq_time": "0243",
        "satellite": "N",
        "instrument": "VIIRS",
        "confidence": "n",
        "version": "2.0NRT",
        "bright_ti5": 283.6,
        "frp": 0.74,
        "daynight": "N",
        "source_dataset": "VIIRS_SNPP_NRT",
        "acq_datetime_utc": "2026-10-05T02:43:00Z",
        "age_hours": 6.2,
        "confidence_label": "nominal",
        "popup_label": "<strong>NASA FIRMS<\/strong><br>Sensor: VIIRS_SNPP_NRT<br>Fecha UTC: 2026-10-05T02:43:00Z<br>Confianza: nominal<br>FRP: 0.74 MW"
      }
    },
    {
      "type": "Feature",
      "geometry": {
        "type": "Point",
        "coordinates": [3.2328, 32.9346]
      },
      "properties": {
        "bright_ti4": 296.82,
        "scan": 0.57,
        "track": 0.69,
        "acq_date": "2026-10-05",
        "acq_time": "0243",
        "satellite": "N",
        "instrument": "VIIRS",
        "confidence": "n",
        "version": "2.0NRT",
        "bright_ti5": 283.98,
        "frp": 0.74,
        "daynight": "N",
        "source_dataset": "VIIRS_SNPP_NRT",
        "acq_datetime_utc": "2026-10-05T02:43:00Z",
        "age_hours": 6.2,
        "confidence_label": "nominal",
        "popup_label": "<strong>NASA FIRMS<\/strong><br>Sensor: VIIRS_SNPP_NRT<br>Fecha UTC: 2026-10-05T02:43:00Z<br>Confianza: nominal<br>FRP: 0.74 MW"
      }
    },
    {
      "type": "Feature",
      "geometry": {
        "type": "Point",
        "coordinates": [3.2294, 32.9424]
      },
      "properties": {
        "bright_ti4": 297.85,
        "scan": 0.57,
        "track": 0.69,
        "acq_date": "2026-10-05",
        "acq_time": "0243",
        "satellite": "N",
        "instrument": "VIIRS",
        "confidence": "n",
        "version": "2.0NRT",
        "bright_ti5": 284,
        "frp": 0.81,
        "daynight": "N",
        "source_dataset": "VIIRS_SNPP_NRT",
        "acq_datetime_utc": "2026-10-05T02:43:00Z",
        "age_hours": 6.2,
        "confidence_label": "nominal",
        "popup_label": "<strong>NASA FIRMS<\/strong><br>Sensor: VIIRS_SNPP_NRT<br>Fecha UTC: 2026-10-05T02:43:00Z<br>Confianza: nominal<br>FRP: 0.81 MW"
      }
    },
    {
      "type": "Feature",
      "geometry": {
        "type": "Point",
        "coordinates": [3.2323, 32.943]
      },
      "properties": {
        "bright_ti4": 295.63,
        "scan": 0.57,
        "track": 0.69,
        "acq_date": "2026-10-05",
        "acq_time": "0243",
        "satellite": "N",
        "instrument": "VIIRS",
        "confidence": "n",
        "version": "2.0NRT",
        "bright_ti5": 284.35,
        "frp": 1.67,
        "daynight": "N",
        "source_dataset": "VIIRS_SNPP_NRT",
        "acq_datetime_utc": "2026-10-05T02:43:00Z",
        "age_hours": 6.2,
        "confidence_label": "nominal",
        "popup_label": "<strong>NASA FIRMS<\/strong><br>Sensor: VIIRS_SNPP_NRT<br>Fecha UTC: 2026-10-05T02:43:00Z<br>Confianza: nominal<br>FRP: 1.67 MW"
      }
    },
    {
      "type": "Feature",
      "geometry": {
        "type": "Point",
        "coordinates": [3.2265, 32.9447]
      },
      "properties": {
        "bright_ti4": 295.96,
        "scan": 0.57,
        "track": 0.69,
        "acq_date": "2026-10-05",
        "acq_time": "0243",
        "satellite": "N",
        "instrument": "VIIRS",
        "confidence": "n",
        "version": "2.0NRT",
        "bright_ti5": 284.19,
        "frp": 1.18,
        "daynight": "N",
        "source_dataset": "VIIRS_SNPP_NRT",
        "acq_datetime_utc": "2026-10-05T02:43:00Z",
        "age_hours": 6.2,
        "confidence_label": "nominal",
        "popup_label": "<strong>NASA FIRMS<\/strong><br>Sensor: VIIRS_SNPP_NRT<br>Fecha UTC: 2026-10-05T02:43:00Z<br>Confianza: nominal<br>FRP: 1.18 MW"
      }
    },
    {
      "type": "Feature",
      "geometry": {
        "type": "Point",
        "coordinates": [3.2318, 32.9485]
      },
      "properties": {
        "bright_ti4": 300.52,
        "scan": 0.57,
        "track": 0.69,
        "acq_date": "2026-10-05",
        "acq_time": "0243",
        "satellite": "N",
        "instrument": "VIIRS",
        "confidence": "n",
        "version": "2.0NRT",
        "bright_ti5": 284.29,
        "frp": 0.81,
        "daynight": "N",
        "source_dataset": "VIIRS_SNPP_NRT",
        "acq_datetime_utc": "2026-10-05T02:43:00Z",
        "age_hours": 6.2,
        "confidence_label": "nominal",
        "popup_label": "<strong>NASA FIRMS<\/strong><br>Sensor: VIIRS_SNPP_NRT<br>Fecha UTC: 2026-10-05T02:43:00Z<br>Confianza: nominal<br>FRP: 0.81 MW"
      }
    },
    {
      "type": "Feature",
      "geometry": {
        "type": "Point",
        "coordinates": [3.2259, 32.9502]
      },
      "properties": {
        "bright_ti4": 296.94,
        "scan": 0.57,
        "track": 0.69,
        "acq_date": "2026-10-05",
        "acq_time": "0243",
        "satellite": "N",
        "instrument": "VIIRS",
        "confidence": "n",
        "version": "2.0NRT",
        "bright_ti5": 284.18,
        "frp": 0.81,
        "daynight": "N",
        "source_dataset": "VIIRS_SNPP_NRT",
        "acq_datetime_utc": "2026-10-05T02:43:00Z",
        "age_hours": 6.2,
        "confidence_label": "nominal",
        "popup_label": "<strong>NASA FIRMS<\/strong><br>Sensor: VIIRS_SNPP_NRT<br>Fecha UTC: 2026-10-05T02:43:00Z<br>Confianza: nominal<br>FRP: 0.81 MW"
      }
    },
    {
      "type": "Feature",
      "geometry": {
        "type": "Point",
        "coordinates": [3.2288, 32.9508]
      },
      "properties": {
        "bright_ti4": 300.5,
        "scan": 0.57,
        "track": 0.69,
        "acq_date": "2026-10-05",
        "acq_time": "0243",
        "satellite": "N",
        "instrument": "VIIRS",
        "confidence": "n",
        "version": "2.0NRT",
        "bright_ti5": 284.44,
        "frp": 1.18,
        "daynight": "N",
        "source_dataset": "VIIRS_SNPP_NRT",
        "acq_datetime_utc": "2026-10-05T02:43:00Z",
        "age_hours": 6.2,
        "confidence_label": "nominal",
        "popup_label": "<strong>NASA FIRMS<\/strong><br>Sensor: VIIRS_SNPP_NRT<br>Fecha UTC: 2026-10-05T02:43:00Z<br>Confianza: nominal<br>FRP: 1.18 MW"
      }
    },
    {
      "type": "Feature",
      "geometry": {
        "type": "Point",
        "coordinates": [3.3198, 33.1255]
      },
      "properties": {
        "bright_ti4": 318.36,
        "scan": 0.57,
        "track": 0.69,
        "acq_date": "2026-10-05",
        "acq_time": "0243",
        "satellite": "N",
        "instrument": "VIIRS",
        "confidence": "n",
        "version": "2.0NRT",
        "bright_ti5": 284.01,
        "frp": 3.29,
        "daynight": "N",
        "source_dataset": "VIIRS_SNPP_NRT",
        "acq_datetime_utc": "2026-10-05T02:43:00Z",
        "age_hours": 6.2,
        "confidence_label": "nominal",
        "popup_label": "<strong>NASA FIRMS<\/strong><br>Sensor: VIIRS_SNPP_NRT<br>Fecha UTC: 2026-10-05T02:43:00Z<br>Confianza: nominal<br>FRP: 3.29 MW"
      }
    },
    {
      "type": "Feature",
      "geometry": {
        "type": "Point",
        "coordinates": [-1.3453, 35.3102]
      },
      "properties": {
        "bright_ti4": 304.37,
        "scan": 0.56,
        "track": 0.52,
        "acq_date": "2026-10-05",
        "acq_time": "0243",
        "satellite": "N",
        "instrument": "VIIRS",
        "confidence": "n",
        "version": "2.0NRT",
        "bright_ti5": 290.7,
        "frp": 1.01,
        "daynight": "N",
        "source_dataset": "VIIRS_SNPP_NRT",
        "acq_datetime_utc": "2026-10-05T02:43:00Z",
        "age_hours": 6.2,
        "confidence_label": "nominal",
        "popup_label": "<strong>NASA FIRMS<\/strong><br>Sensor: VIIRS_SNPP_NRT<br>Fecha UTC: 2026-10-05T02:43:00Z<br>Confianza: nominal<br>FRP: 1.01 MW"
      }
    },
    {
      "type": "Feature",
      "geometry": {
        "type": "Point",
        "coordinates": [-0.3925, 35.4575]
      },
      "properties": {
        "bright_ti4": 300.85,
        "scan": 0.63,
        "track": 0.54,
        "acq_date": "2026-10-05",
        "acq_time": "0243",
        "satellite": "N",
        "instrument": "VIIRS",
        "confidence": "n",
        "version": "2.0NRT",
        "bright_ti5": 288.83,
        "frp": 1.05,
        "daynight": "N",
        "source_dataset": "VIIRS_SNPP_NRT",
        "acq_datetime_utc": "2026-10-05T02:43:00Z",
        "age_hours": 6.2,
        "confidence_label": "nominal",
        "popup_label": "<strong>NASA FIRMS<\/strong><br>Sensor: VIIRS_SNPP_NRT<br>Fecha UTC: 2026-10-05T02:43:00Z<br>Confianza: nominal<br>FRP: 1.05 MW"
      }
    },
    {
      "type": "Feature",
      "geometry": {
        "type": "Point",
        "coordinates": [-0.2756, 35.5286]
      },
      "properties": {
        "bright_ti4": 302.42,
        "scan": 0.63,
        "track": 0.54,
        "acq_date": "2026-10-05",
        "acq_time": "0243",
        "satellite": "N",
        "instrument": "VIIRS",
        "confidence": "n",
        "version": "2.0NRT",
        "bright_ti5": 289.94,
        "frp": 2.28,
        "daynight": "N",
        "source_dataset": "VIIRS_SNPP_NRT",
        "acq_datetime_utc": "2026-10-05T02:43:00Z",
        "age_hours": 6.2,
        "confidence_label": "nominal",
        "popup_label": "<strong>NASA FIRMS<\/strong><br>Sensor: VIIRS_SNPP_NRT<br>Fecha UTC: 2026-10-05T02:43:00Z<br>Confianza: nominal<br>FRP: 2.28 MW"
      }
    },
    {
      "type": "Feature",
      "geometry": {
        "type": "Point",
        "coordinates": [-0.2664, 35.7696]
      },
      "properties": {
        "bright_ti4": 303.11,
        "scan": 0.63,
        "track": 0.54,
        "acq_date": "2026-10-05",
        "acq_time": "0243",
        "satellite": "N",
        "instrument": "VIIRS",
        "confidence": "n",
        "version": "2.0NRT",
        "bright_ti5": 289.04,
        "frp": 3.02,
        "daynight": "N",
        "source_dataset": "VIIRS_SNPP_NRT",
        "acq_datetime_utc": "2026-10-05T02:43:00Z",
        "age_hours": 6.2,
        "confidence_label": "nominal",
        "popup_label": "<strong>NASA FIRMS<\/strong><br>Sensor: VIIRS_SNPP_NRT<br>Fecha UTC: 2026-10-05T02:43:00Z<br>Confianza: nominal<br>FRP: 3.02 MW"
      }
    },
    {
      "type": "Feature",
      "geometry": {
        "type": "Point",
        "coordinates": [-0.2531, 35.8033]
      },
      "properties": {
        "bright_ti4": 314.71,
        "scan": 0.63,
        "track": 0.54,
        "acq_date": "2026-10-05",
        "acq_time": "0243",
        "satellite": "N",
        "instrument": "VIIRS",
        "confidence": "n",
        "version": "2.0NRT",
        "bright_ti5": 286.61,
        "frp": 1.78,
        "daynight": "N",
        "source_dataset": "VIIRS_SNPP_NRT",
        "acq_datetime_utc": "2026-10-05T02:43:00Z",
        "age_hours": 6.2,
        "confidence_label": "nominal",
        "popup_label": "<strong>NASA FIRMS<\/strong><br>Sensor: VIIRS_SNPP_NRT<br>Fecha UTC: 2026-10-05T02:43:00Z<br>Confianza: nominal<br>FRP: 1.78 MW"
      }
    },
    {
      "type": "Feature",
      "geometry": {
        "type": "Point",
        "coordinates": [-0.2515, 35.8033]
      },
      "properties": {
        "bright_ti4": 308.67,
        "scan": 0.63,
        "track": 0.54,
        "acq_date": "2026-10-05",
        "acq_time": "0243",
        "satellite": "N",
        "instrument": "VIIRS",
        "confidence": "n",
        "version": "2.0NRT",
        "bright_ti5": 286.57,
        "frp": 3.46,
        "daynight": "N",
        "source_dataset": "VIIRS_SNPP_NRT",
        "acq_datetime_utc": "2026-10-05T02:43:00Z",
        "age_hours": 6.2,
        "confidence_label": "nominal",
        "popup_label": "<strong>NASA FIRMS<\/strong><br>Sensor: VIIRS_SNPP_NRT<br>Fecha UTC: 2026-10-05T02:43:00Z<br>Confianza: nominal<br>FRP: 3.46 MW"
      }
    },
    {
      "type": "Feature",
      "geometry": {
        "type": "Point",
        "coordinates": [-0.2583, 35.805]
      },
      "properties": {
        "bright_ti4": 316.96,
        "scan": 0.63,
        "track": 0.54,
        "acq_date": "2026-10-05",
        "acq_time": "0243",
        "satellite": "N",
        "instrument": "VIIRS",
        "confidence": "n",
        "version": "2.0NRT",
        "bright_ti5": 287.32,
        "frp": 3.46,
        "daynight": "N",
        "source_dataset": "VIIRS_SNPP_NRT",
        "acq_datetime_utc": "2026-10-05T02:43:00Z",
        "age_hours": 6.2,
        "confidence_label": "nominal",
        "popup_label": "<strong>NASA FIRMS<\/strong><br>Sensor: VIIRS_SNPP_NRT<br>Fecha UTC: 2026-10-05T02:43:00Z<br>Confianza: nominal<br>FRP: 3.46 MW"
      }
    },
    {
      "type": "Feature",
      "geometry": {
        "type": "Point",
        "coordinates": [-0.2493, 35.808]
      },
      "properties": {
        "bright_ti4": 313.93,
        "scan": 0.63,
        "track": 0.54,
        "acq_date": "2026-10-05",
        "acq_time": "0243",
        "satellite": "N",
        "instrument": "VIIRS",
        "confidence": "n",
        "version": "2.0NRT",
        "bright_ti5": 287.56,
        "frp": 3.46,
        "daynight": "N",
        "source_dataset": "VIIRS_SNPP_NRT",
        "acq_datetime_utc": "2026-10-05T02:43:00Z",
        "age_hours": 6.2,
        "confidence_label": "nominal",
        "popup_label": "<strong>NASA FIRMS<\/strong><br>Sensor: VIIRS_SNPP_NRT<br>Fecha UTC: 2026-10-05T02:43:00Z<br>Confianza: nominal<br>FRP: 3.46 MW"
      }
    },
    {
      "type": "Feature",
      "geometry": {
        "type": "Point",
        "coordinates": [-0.2562, 35.8098]
      },
      "properties": {
        "bright_ti4": 334.04,
        "scan": 0.63,
        "track": 0.54,
        "acq_date": "2026-10-05",
        "acq_time": "0243",
        "satellite": "N",
        "instrument": "VIIRS",
        "confidence": "n",
        "version": "2.0NRT",
        "bright_ti5": 288.55,
        "frp": 3.46,
        "daynight": "N",
        "source_dataset": "VIIRS_SNPP_NRT",
        "acq_datetime_utc": "2026-10-05T02:43:00Z",
        "age_hours": 6.2,
        "confidence_label": "nominal",
        "popup_label": "<strong>NASA FIRMS<\/strong><br>Sensor: VIIRS_SNPP_NRT<br>Fecha UTC: 2026-10-05T02:43:00Z<br>Confianza: nominal<br>FRP: 3.46 MW"
      }
    },
    {
      "type": "Feature",
      "geometry": {
        "type": "Point",
        "coordinates": [-0.2698, 35.8131]
      },
      "properties": {
        "bright_ti4": 305.96,
        "scan": 0.62,
        "track": 0.54,
        "acq_date": "2026-10-05",
        "acq_time": "0243",
        "satellite": "N",
        "instrument": "VIIRS",
        "confidence": "n",
        "version": "2.0NRT",
        "bright_ti5": 287.66,
        "frp": 2.04,
        "daynight": "N",
        "source_dataset": "VIIRS_SNPP_NRT",
        "acq_datetime_utc": "2026-10-05T02:43:00Z",
        "age_hours": 6.2,
        "confidence_label": "nominal",
        "popup_label": "<strong>NASA FIRMS<\/strong><br>Sensor: VIIRS_SNPP_NRT<br>Fecha UTC: 2026-10-05T02:43:00Z<br>Confianza: nominal<br>FRP: 2.04 MW"
      }
    },
    {
      "type": "Feature",
      "geometry": {
        "type": "Point",
        "coordinates": [4.4502, 35.8778]
      },
      "properties": {
        "bright_ti4": 296.35,
        "scan": 0.55,
        "track": 0.68,
        "acq_date": "2026-10-05",
        "acq_time": "0243",
        "satellite": "N",
        "instrument": "VIIRS",
        "confidence": "n",
        "version": "2.0NRT",
        "bright_ti5": 275.8,
        "frp": 0.85,
        "daynight": "N",
        "source_dataset": "VIIRS_SNPP_NRT",
        "acq_datetime_utc": "2026-10-05T02:43:00Z",
        "age_hours": 6.2,
        "confidence_label": "nominal",
        "popup_label": "<strong>NASA FIRMS<\/strong><br>Sensor: VIIRS_SNPP_NRT<br>Fecha UTC: 2026-10-05T02:43:00Z<br>Confianza: nominal<br>FRP: 0.85 MW"
      }
    },
    {
      "type": "Feature",
      "geometry": {
        "type": "Point",
        "coordinates": [1.2417, 36.1265]
      },
      "properties": {
        "bright_ti4": 310.69,
        "scan": 0.37,
        "track": 0.58,
        "acq_date": "2026-10-05",
        "acq_time": "0243",
        "satellite": "N",
        "instrument": "VIIRS",
        "confidence": "n",
        "version": "2.0NRT",
        "bright_ti5": 282.31,
        "frp": 1.42,
        "daynight": "N",
        "source_dataset": "VIIRS_SNPP_NRT",
        "acq_datetime_utc": "2026-10-05T02:43:00Z",
        "age_hours": 6.2,
        "confidence_label": "nominal",
        "popup_label": "<strong>NASA FIRMS<\/strong><br>Sensor: VIIRS_SNPP_NRT<br>Fecha UTC: 2026-10-05T02:43:00Z<br>Confianza: nominal<br>FRP: 1.42 MW"
      }
    },
    {
      "type": "Feature",
      "geometry": {
        "type": "Point",
        "coordinates": [3.7495, 36.1804]
      },
      "properties": {
        "bright_ti4": 310.49,
        "scan": 0.5,
        "track": 0.66,
        "acq_date": "2026-10-05",
        "acq_time": "0243",
        "satellite": "N",
        "instrument": "VIIRS",
        "confidence": "n",
        "version": "2.0NRT",
        "bright_ti5": 280.81,
        "frp": 1.46,
        "daynight": "N",
        "source_dataset": "VIIRS_SNPP_NRT",
        "acq_datetime_utc": "2026-10-05T02:43:00Z",
        "age_hours": 6.2,
        "confidence_label": "nominal",
        "popup_label": "<strong>NASA FIRMS<\/strong><br>Sensor: VIIRS_SNPP_NRT<br>Fecha UTC: 2026-10-05T02:43:00Z<br>Confianza: nominal<br>FRP: 1.46 MW"
      }
    },
    {
      "type": "Feature",
      "geometry": {
        "type": "Point",
        "coordinates": [3.7473, 36.1817]
      },
      "properties": {
        "bright_ti4": 298.42,
        "scan": 0.5,
        "track": 0.66,
        "acq_date": "2026-10-05",
        "acq_time": "0243",
        "satellite": "N",
        "instrument": "VIIRS",
        "confidence": "n",
        "version": "2.0NRT",
        "bright_ti5": 279.85,
        "frp": 1.58,
        "daynight": "N",
        "source_dataset": "VIIRS_SNPP_NRT",
        "acq_datetime_utc": "2026-10-05T02:43:00Z",
        "age_hours": 6.2,
        "confidence_label": "nominal",
        "popup_label": "<strong>NASA FIRMS<\/strong><br>Sensor: VIIRS_SNPP_NRT<br>Fecha UTC: 2026-10-05T02:43:00Z<br>Confianza: nominal<br>FRP: 1.58 MW"
      }
    },
    {
      "type": "Feature",
      "geometry": {
        "type": "Point",
        "coordinates": [2.898, 36.6039]
      },
      "properties": {
        "bright_ti4": 297.27,
        "scan": 0.44,
        "track": 0.62,
        "acq_date": "2026-10-05",
        "acq_time": "0243",
        "satellite": "N",
        "instrument": "VIIRS",
        "confidence": "n",
        "version": "2.0NRT",
        "bright_ti5": 269.1,
        "frp": 0.78,
        "daynight": "N",
        "source_dataset": "VIIRS_SNPP_NRT",
        "acq_datetime_utc": "2026-10-05T02:43:00Z",
        "age_hours": 6.2,
        "confidence_label": "nominal",
        "popup_label": "<strong>NASA FIRMS<\/strong><br>Sensor: VIIRS_SNPP_NRT<br>Fecha UTC: 2026-10-05T02:43:00Z<br>Confianza: nominal<br>FRP: 0.78 MW"
      }
    },
    {
      "type": "Feature",
      "geometry": {
        "type": "Point",
        "coordinates": [-0.5451, 38.3781]
      },
      "properties": {
        "bright_ti4": 300.94,
        "scan": 0.53,
        "track": 0.5,
        "acq_date": "2026-10-05",
        "acq_time": "0243",
        "satellite": "N",
        "instrument": "VIIRS",
        "confidence": "n",
        "version": "2.0NRT",
        "bright_ti5": 286.08,
        "frp": 1.3,
        "daynight": "N",
        "source_dataset": "VIIRS_SNPP_NRT",
        "acq_datetime_utc": "2026-10-05T02:43:00Z",
        "age_hours": 6.2,
        "confidence_label": "nominal",
        "popup_label": "<strong>NASA FIRMS<\/strong><br>Sensor: VIIRS_SNPP_NRT<br>Fecha UTC: 2026-10-05T02:43:00Z<br>Confianza: nominal<br>FRP: 1.3 MW"
      }
    },
    {
      "type": "Feature",
      "geometry": {
        "type": "Point",
        "coordinates": [-3.743, 39.9376]
      },
      "properties": {
        "bright_ti4": 296.25,
        "scan": 0.52,
        "track": 0.41,
        "acq_date": "2026-10-05",
        "acq_time": "0243",
        "satellite": "N",
        "instrument": "VIIRS",
        "confidence": "n",
        "version": "2.0NRT",
        "bright_ti5": 285.75,
        "frp": 1.08,
        "daynight": "N",
        "source_dataset": "VIIRS_SNPP_NRT",
        "acq_datetime_utc": "2026-10-05T02:43:00Z",
        "age_hours": 6.2,
        "confidence_label": "nominal",
        "popup_label": "<strong>NASA FIRMS<\/strong><br>Sensor: VIIRS_SNPP_NRT<br>Fecha UTC: 2026-10-05T02:43:00Z<br>Confianza: nominal<br>FRP: 1.08 MW"
      }
    },
    {
      "type": "Feature",
      "geometry": {
        "type": "Point",
        "coordinates": [-3.4732, 40.2447]
      },
      "properties": {
        "bright_ti4": 317.2,
        "scan": 0.52,
        "track": 0.42,
        "acq_date": "2026-10-05",
        "acq_time": "0243",
        "satellite": "N",
        "instrument": "VIIRS",
        "confidence": "n",
        "version": "2.0NRT",
        "bright_ti5": 286.94,
        "frp": 3.23,
        "daynight": "N",
        "source_dataset": "VIIRS_SNPP_NRT",
        "acq_datetime_utc": "2026-10-05T02:43:00Z",
        "age_hours": 6.2,
        "confidence_label": "nominal",
        "popup_label": "<strong>NASA FIRMS<\/strong><br>Sensor: VIIRS_SNPP_NRT<br>Fecha UTC: 2026-10-05T02:43:00Z<br>Confianza: nominal<br>FRP: 3.23 MW"
      }
    },
    {
      "type": "Feature",
      "geometry": {
        "type": "Point",
        "coordinates": [-8.4201, 40.2897]
      },
      "properties": {
        "bright_ti4": 299.44,
        "scan": 0.39,
        "track": 0.36,
        "acq_date": "2026-10-05",
        "acq_time": "0243",
        "satellite": "N",
        "instrument": "VIIRS",
        "confidence": "n",
        "version": "2.0NRT",
        "bright_ti5": 288.81,
        "frp": 0.59,
        "daynight": "N",
        "source_dataset": "VIIRS_SNPP_NRT",
        "acq_datetime_utc": "2026-10-05T02:43:00Z",
        "age_hours": 6.2,
        "confidence_label": "nominal",
        "popup_label": "<strong>NASA FIRMS<\/strong><br>Sensor: VIIRS_SNPP_NRT<br>Fecha UTC: 2026-10-05T02:43:00Z<br>Confianza: nominal<br>FRP: 0.59 MW"
      }
    },
    {
      "type": "Feature",
      "geometry": {
        "type": "Point",
        "coordinates": [0.8842, 41.5042]
      },
      "properties": {
        "bright_ti4": 295.39,
        "scan": 0.52,
        "track": 0.5,
        "acq_date": "2026-10-05",
        "acq_time": "0241",
        "satellite": "N",
        "instrument": "VIIRS",
        "confidence": "n",
        "version": "2.0NRT",
        "bright_ti5": 283.63,
        "frp": 0.84,
        "daynight": "N",
        "source_dataset": "VIIRS_SNPP_NRT",
        "acq_datetime_utc": "2026-10-05T02:41:00Z",
        "age_hours": 6.2,
        "confidence_label": "nominal",
        "popup_label": "<strong>NASA FIRMS<\/strong><br>Sensor: VIIRS_SNPP_NRT<br>Fecha UTC: 2026-10-05T02:41:00Z<br>Confianza: nominal<br>FRP: 0.84 MW"
      }
    },
    {
      "type": "Feature",
      "geometry": {
        "type": "Point",
        "coordinates": [0.8783, 41.5057]
      },
      "properties": {
        "bright_ti4": 297.21,
        "scan": 0.52,
        "track": 0.5,
        "acq_date": "2026-10-05",
        "acq_time": "0241",
        "satellite": "N",
        "instrument": "VIIRS",
        "confidence": "n",
        "version": "2.0NRT",
        "bright_ti5": 283.85,
        "frp": 0.84,
        "daynight": "N",
        "source_dataset": "VIIRS_SNPP_NRT",
        "acq_datetime_utc": "2026-10-05T02:41:00Z",
        "age_hours": 6.2,
        "confidence_label": "nominal",
        "popup_label": "<strong>NASA FIRMS<\/strong><br>Sensor: VIIRS_SNPP_NRT<br>Fecha UTC: 2026-10-05T02:41:00Z<br>Confianza: nominal<br>FRP: 0.84 MW"
      }
    },
    {
      "type": "Feature",
      "geometry": {
        "type": "Point",
        "coordinates": [0.1825, 41.9248]
      },
      "properties": {
        "bright_ti4": 301.05,
        "scan": 0.47,
        "track": 0.48,
        "acq_date": "2026-10-05",
        "acq_time": "0241",
        "satellite": "N",
        "instrument": "VIIRS",
        "confidence": "n",
        "version": "2.0NRT",
        "bright_ti5": 283.45,
        "frp": 0.48,
        "daynight": "N",
        "source_dataset": "VIIRS_SNPP_NRT",
        "acq_datetime_utc": "2026-10-05T02:41:00Z",
        "age_hours": 6.2,
        "confidence_label": "nominal",
        "popup_label": "<strong>NASA FIRMS<\/strong><br>Sensor: VIIRS_SNPP_NRT<br>Fecha UTC: 2026-10-05T02:41:00Z<br>Confianza: nominal<br>FRP: 0.48 MW"
      }
    },
    {
      "type": "Feature",
      "geometry": {
        "type": "Point",
        "coordinates": [0.1778, 41.9259]
      },
      "properties": {
        "bright_ti4": 307.1,
        "scan": 0.47,
        "track": 0.48,
        "acq_date": "2026-10-05",
        "acq_time": "0241",
        "satellite": "N",
        "instrument": "VIIRS",
        "confidence": "n",
        "version": "2.0NRT",
        "bright_ti5": 283.63,
        "frp": 1.12,
        "daynight": "N",
        "source_dataset": "VIIRS_SNPP_NRT",
        "acq_datetime_utc": "2026-10-05T02:41:00Z",
        "age_hours": 6.2,
        "confidence_label": "nominal",
        "popup_label": "<strong>NASA FIRMS<\/strong><br>Sensor: VIIRS_SNPP_NRT<br>Fecha UTC: 2026-10-05T02:41:00Z<br>Confianza: nominal<br>FRP: 1.12 MW"
      }
    },
    {
      "type": "Feature",
      "geometry": {
        "type": "Point",
        "coordinates": [-3.0262, 43.3064]
      },
      "properties": {
        "bright_ti4": 299.34,
        "scan": 0.48,
        "track": 0.4,
        "acq_date": "2026-10-05",
        "acq_time": "0241",
        "satellite": "N",
        "instrument": "VIIRS",
        "confidence": "n",
        "version": "2.0NRT",
        "bright_ti5": 287.12,
        "frp": 0.66,
        "daynight": "N",
        "source_dataset": "VIIRS_SNPP_NRT",
        "acq_datetime_utc": "2026-10-05T02:41:00Z",
        "age_hours": 6.2,
        "confidence_label": "nominal",
        "popup_label": "<strong>NASA FIRMS<\/strong><br>Sensor: VIIRS_SNPP_NRT<br>Fecha UTC: 2026-10-05T02:41:00Z<br>Confianza: nominal<br>FRP: 0.66 MW"
      }
    },
    {
      "type": "Feature",
      "geometry": {
        "type": "Point",
        "coordinates": [-3.0249, 43.31]
      },
      "properties": {
        "bright_ti4": 310.23,
        "scan": 0.48,
        "track": 0.4,
        "acq_date": "2026-10-05",
        "acq_time": "0241",
        "satellite": "N",
        "instrument": "VIIRS",
        "confidence": "n",
        "version": "2.0NRT",
        "bright_ti5": 287.17,
        "frp": 1.18,
        "daynight": "N",
        "source_dataset": "VIIRS_SNPP_NRT",
        "acq_datetime_utc": "2026-10-05T02:41:00Z",
        "age_hours": 6.2,
        "confidence_label": "nominal",
        "popup_label": "<strong>NASA FIRMS<\/strong><br>Sensor: VIIRS_SNPP_NRT<br>Fecha UTC: 2026-10-05T02:41:00Z<br>Confianza: nominal<br>FRP: 1.18 MW"
      }
    },
    {
      "type": "Feature",
      "geometry": {
        "type": "Point",
        "coordinates": [-5.8294, 43.538]
      },
      "properties": {
        "bright_ti4": 303.67,
        "scan": 0.4,
        "track": 0.37,
        "acq_date": "2026-10-05",
        "acq_time": "0241",
        "satellite": "N",
        "instrument": "VIIRS",
        "confidence": "n",
        "version": "2.0NRT",
        "bright_ti5": 284.74,
        "frp": 1.29,
        "daynight": "N",
        "source_dataset": "VIIRS_SNPP_NRT",
        "acq_datetime_utc": "2026-10-05T02:41:00Z",
        "age_hours": 6.2,
        "confidence_label": "nominal",
        "popup_label": "<strong>NASA FIRMS<\/strong><br>Sensor: VIIRS_SNPP_NRT<br>Fecha UTC: 2026-10-05T02:41:00Z<br>Confianza: nominal<br>FRP: 1.29 MW"
      }
    },
    {
      "type": "Feature",
      "geometry": {
        "type": "Point",
        "coordinates": [1.8996, 30.9137]
      },
      "properties": {
        "bright_ti4": 300.37,
        "scan": 0.42,
        "track": 0.61,
        "acq_date": "2026-10-05",
        "acq_time": "0107",
        "satellite": "N",
        "instrument": "VIIRS",
        "confidence": "n",
        "version": "2.0NRT",
        "bright_ti5": 286.84,
        "frp": 0.93,
        "daynight": "N",
        "source_dataset": "VIIRS_SNPP_NRT",
        "acq_datetime_utc": "2026-10-05T01:07:00Z",
        "age_hours": 7.8,
        "confidence_label": "nominal",
        "popup_label": "<strong>NASA FIRMS<\/strong><br>Sensor: VIIRS_SNPP_NRT<br>Fecha UTC: 2026-10-05T01:07:00Z<br>Confianza: nominal<br>FRP: 0.93 MW"
      }
    },
    {
      "type": "Feature",
      "geometry": {
        "type": "Point",
        "coordinates": [-0.5172, 28.1972]
      },
      "properties": {
        "bright_ti4": 303.9,
        "scan": 0.56,
        "track": 0.69,
        "acq_date": "2026-10-05",
        "acq_time": "0105",
        "satellite": "N",
        "instrument": "VIIRS",
        "confidence": "n",
        "version": "2.0NRT",
        "bright_ti5": 290.21,
        "frp": 1.1,
        "daynight": "N",
        "source_dataset": "VIIRS_SNPP_NRT",
        "acq_datetime_utc": "2026-10-05T01:05:00Z",
        "age_hours": 7.8,
        "confidence_label": "nominal",
        "popup_label": "<strong>NASA FIRMS<\/strong><br>Sensor: VIIRS_SNPP_NRT<br>Fecha UTC: 2026-10-05T01:05:00Z<br>Confianza: nominal<br>FRP: 1.1 MW"
      }
    },
    {
      "type": "Feature",
      "geometry": {
        "type": "Point",
        "coordinates": [-0.1584, 28.2135]
      },
      "properties": {
        "bright_ti4": 305.26,
        "scan": 0.53,
        "track": 0.67,
        "acq_date": "2026-10-05",
        "acq_time": "0105",
        "satellite": "N",
        "instrument": "VIIRS",
        "confidence": "n",
        "version": "2.0NRT",
        "bright_ti5": 290.02,
        "frp": 1.25,
        "daynight": "N",
        "source_dataset": "VIIRS_SNPP_NRT",
        "acq_datetime_utc": "2026-10-05T01:05:00Z",
        "age_hours": 7.8,
        "confidence_label": "nominal",
        "popup_label": "<strong>NASA FIRMS<\/strong><br>Sensor: VIIRS_SNPP_NRT<br>Fecha UTC: 2026-10-05T01:05:00Z<br>Confianza: nominal<br>FRP: 1.25 MW"
      }
    },
    {
      "type": "Feature",
      "geometry": {
        "type": "Point",
        "coordinates": [3.9864, 32.2739]
      },
      "properties": {
        "bright_ti4": 319.32,
        "scan": 0.33,
        "track": 0.55,
        "acq_date": "2026-10-05",
        "acq_time": "0105",
        "satellite": "N",
        "instrument": "VIIRS",
        "confidence": "n",
        "version": "2.0NRT",
        "bright_ti5": 286.95,
        "frp": 1.31,
        "daynight": "N",
        "source_dataset": "VIIRS_SNPP_NRT",
        "acq_datetime_utc": "2026-10-05T01:05:00Z",
        "age_hours": 7.8,
        "confidence_label": "nominal",
        "popup_label": "<strong>NASA FIRMS<\/strong><br>Sensor: VIIRS_SNPP_NRT<br>Fecha UTC: 2026-10-05T01:05:00Z<br>Confianza: nominal<br>FRP: 1.31 MW"
      }
    },
    {
      "type": "Feature",
      "geometry": {
        "type": "Point",
        "coordinates": [3.987, 32.279]
      },
      "properties": {
        "bright_ti4": 326.13,
        "scan": 0.33,
        "track": 0.55,
        "acq_date": "2026-10-05",
        "acq_time": "0105",
        "satellite": "N",
        "instrument": "VIIRS",
        "confidence": "n",
        "version": "2.0NRT",
        "bright_ti5": 288.23,
        "frp": 1.07,
        "daynight": "N",
        "source_dataset": "VIIRS_SNPP_NRT",
        "acq_datetime_utc": "2026-10-05T01:05:00Z",
        "age_hours": 7.8,
        "confidence_label": "nominal",
        "popup_label": "<strong>NASA FIRMS<\/strong><br>Sensor: VIIRS_SNPP_NRT<br>Fecha UTC: 2026-10-05T01:05:00Z<br>Confianza: nominal<br>FRP: 1.07 MW"
      }
    },
    {
      "type": "Feature",
      "geometry": {
        "type": "Point",
        "coordinates": [4.0077, 32.4038]
      },
      "properties": {
        "bright_ti4": 301.74,
        "scan": 0.33,
        "track": 0.55,
        "acq_date": "2026-10-05",
        "acq_time": "0105",
        "satellite": "N",
        "instrument": "VIIRS",
        "confidence": "n",
        "version": "2.0NRT",
        "bright_ti5": 287.29,
        "frp": 0.43,
        "daynight": "N",
        "source_dataset": "VIIRS_SNPP_NRT",
        "acq_datetime_utc": "2026-10-05T01:05:00Z",
        "age_hours": 7.8,
        "confidence_label": "nominal",
        "popup_label": "<strong>NASA FIRMS<\/strong><br>Sensor: VIIRS_SNPP_NRT<br>Fecha UTC: 2026-10-05T01:05:00Z<br>Confianza: nominal<br>FRP: 0.43 MW"
      }
    },
    {
      "type": "Feature",
      "geometry": {
        "type": "Point",
        "coordinates": [3.1711, 32.5543]
      },
      "properties": {
        "bright_ti4": 300.77,
        "scan": 0.37,
        "track": 0.58,
        "acq_date": "2026-10-05",
        "acq_time": "0105",
        "satellite": "N",
        "instrument": "VIIRS",
        "confidence": "n",
        "version": "2.0NRT",
        "bright_ti5": 285.24,
        "frp": 1.61,
        "daynight": "N",
        "source_dataset": "VIIRS_SNPP_NRT",
        "acq_datetime_utc": "2026-10-05T01:05:00Z",
        "age_hours": 7.8,
        "confidence_label": "nominal",
        "popup_label": "<strong>NASA FIRMS<\/strong><br>Sensor: VIIRS_SNPP_NRT<br>Fecha UTC: 2026-10-05T01:05:00Z<br>Confianza: nominal<br>FRP: 1.61 MW"
      }
    },
    {
      "type": "Feature",
      "geometry": {
        "type": "Point",
        "coordinates": [3.1671, 32.5546]
      },
      "properties": {
        "bright_ti4": 334.29,
        "scan": 0.37,
        "track": 0.58,
        "acq_date": "2026-10-05",
        "acq_time": "0105",
        "satellite": "N",
        "instrument": "VIIRS",
        "confidence": "n",
        "version": "2.0NRT",
        "bright_ti5": 287.3,
        "frp": 3.33,
        "daynight": "N",
        "source_dataset": "VIIRS_SNPP_NRT",
        "acq_datetime_utc": "2026-10-05T01:05:00Z",
        "age_hours": 7.8,
        "confidence_label": "nominal",
        "popup_label": "<strong>NASA FIRMS<\/strong><br>Sensor: VIIRS_SNPP_NRT<br>Fecha UTC: 2026-10-05T01:05:00Z<br>Confianza: nominal<br>FRP: 3.33 MW"
      }
    },
    {
      "type": "Feature",
      "geometry": {
        "type": "Point",
        "coordinates": [3.1802, 32.7408]
      },
      "properties": {
        "bright_ti4": 295.9,
        "scan": 0.37,
        "track": 0.58,
        "acq_date": "2026-10-05",
        "acq_time": "0105",
        "satellite": "N",
        "instrument": "VIIRS",
        "confidence": "n",
        "version": "2.0NRT",
        "bright_ti5": 284.4,
        "frp": 0.87,
        "daynight": "N",
        "source_dataset": "VIIRS_SNPP_NRT",
        "acq_datetime_utc": "2026-10-05T01:05:00Z",
        "age_hours": 7.8,
        "confidence_label": "nominal",
        "popup_label": "<strong>NASA FIRMS<\/strong><br>Sensor: VIIRS_SNPP_NRT<br>Fecha UTC: 2026-10-05T01:05:00Z<br>Confianza: nominal<br>FRP: 0.87 MW"
      }
    },
    {
      "type": "Feature",
      "geometry": {
        "type": "Point",
        "coordinates": [3.1819, 32.7419]
      },
      "properties": {
        "bright_ti4": 297.72,
        "scan": 0.37,
        "track": 0.58,
        "acq_date": "2026-10-05",
        "acq_time": "0105",
        "satellite": "N",
        "instrument": "VIIRS",
        "confidence": "n",
        "version": "2.0NRT",
        "bright_ti5": 284.89,
        "frp": 0.56,
        "daynight": "N",
        "source_dataset": "VIIRS_SNPP_NRT",
        "acq_datetime_utc": "2026-10-05T01:05:00Z",
        "age_hours": 7.8,
        "confidence_label": "nominal",
        "popup_label": "<strong>NASA FIRMS<\/strong><br>Sensor: VIIRS_SNPP_NRT<br>Fecha UTC: 2026-10-05T01:05:00Z<br>Confianza: nominal<br>FRP: 0.56 MW"
      }
    },
    {
      "type": "Feature",
      "geometry": {
        "type": "Point",
        "coordinates": [3.1738, 32.7425]
      },
      "properties": {
        "bright_ti4": 295.79,
        "scan": 0.37,
        "track": 0.58,
        "acq_date": "2026-10-05",
        "acq_time": "0105",
        "satellite": "N",
        "instrument": "VIIRS",
        "confidence": "n",
        "version": "2.0NRT",
        "bright_ti5": 285.68,
        "frp": 0.73,
        "daynight": "N",
        "source_dataset": "VIIRS_SNPP_NRT",
        "acq_datetime_utc": "2026-10-05T01:05:00Z",
        "age_hours": 7.8,
        "confidence_label": "nominal",
        "popup_label": "<strong>NASA FIRMS<\/strong><br>Sensor: VIIRS_SNPP_NRT<br>Fecha UTC: 2026-10-05T01:05:00Z<br>Confianza: nominal<br>FRP: 0.73 MW"
      }
    },
    {
      "type": "Feature",
      "geometry": {
        "type": "Point",
        "coordinates": [3.1848, 32.7459]
      },
      "properties": {
        "bright_ti4": 296.21,
        "scan": 0.37,
        "track": 0.58,
        "acq_date": "2026-10-05",
        "acq_time": "0105",
        "satellite": "N",
        "instrument": "VIIRS",
        "confidence": "n",
        "version": "2.0NRT",
        "bright_ti5": 284.95,
        "frp": 0.74,
        "daynight": "N",
        "source_dataset": "VIIRS_SNPP_NRT",
        "acq_datetime_utc": "2026-10-05T01:05:00Z",
        "age_hours": 7.8,
        "confidence_label": "nominal",
        "popup_label": "<strong>NASA FIRMS<\/strong><br>Sensor: VIIRS_SNPP_NRT<br>Fecha UTC: 2026-10-05T01:05:00Z<br>Confianza: nominal<br>FRP: 0.74 MW"
      }
    },
    {
      "type": "Feature",
      "geometry": {
        "type": "Point",
        "coordinates": [3.1808, 32.7462]
      },
      "properties": {
        "bright_ti4": 308.05,
        "scan": 0.37,
        "track": 0.58,
        "acq_date": "2026-10-05",
        "acq_time": "0105",
        "satellite": "N",
        "instrument": "VIIRS",
        "confidence": "n",
        "version": "2.0NRT",
        "bright_ti5": 285.02,
        "frp": 0.87,
        "daynight": "N",
        "source_dataset": "VIIRS_SNPP_NRT",
        "acq_datetime_utc": "2026-10-05T01:05:00Z",
        "age_hours": 7.8,
        "confidence_label": "nominal",
        "popup_label": "<strong>NASA FIRMS<\/strong><br>Sensor: VIIRS_SNPP_NRT<br>Fecha UTC: 2026-10-05T01:05:00Z<br>Confianza: nominal<br>FRP: 0.87 MW"
      }
    },
    {
      "type": "Feature",
      "geometry": {
        "type": "Point",
        "coordinates": [3.1825, 32.7473]
      },
      "properties": {
        "bright_ti4": 313.59,
        "scan": 0.37,
        "track": 0.58,
        "acq_date": "2026-10-05",
        "acq_time": "0105",
        "satellite": "N",
        "instrument": "VIIRS",
        "confidence": "n",
        "version": "2.0NRT",
        "bright_ti5": 284.98,
        "frp": 0.94,
        "daynight": "N",
        "source_dataset": "VIIRS_SNPP_NRT",
        "acq_datetime_utc": "2026-10-05T01:05:00Z",
        "age_hours": 7.8,
        "confidence_label": "nominal",
        "popup_label": "<strong>NASA FIRMS<\/strong><br>Sensor: VIIRS_SNPP_NRT<br>Fecha UTC: 2026-10-05T01:05:00Z<br>Confianza: nominal<br>FRP: 0.94 MW"
      }
    },
    {
      "type": "Feature",
      "geometry": {
        "type": "Point",
        "coordinates": [3.2405, 32.8359]
      },
      "properties": {
        "bright_ti4": 296.58,
        "scan": 0.37,
        "track": 0.58,
        "acq_date": "2026-10-05",
        "acq_time": "0105",
        "satellite": "N",
        "instrument": "VIIRS",
        "confidence": "n",
        "version": "2.0NRT",
        "bright_ti5": 284.44,
        "frp": 0.21,
        "daynight": "N",
        "source_dataset": "VIIRS_SNPP_NRT",
        "acq_datetime_utc": "2026-10-05T01:05:00Z",
        "age_hours": 7.8,
        "confidence_label": "nominal",
        "popup_label": "<strong>NASA FIRMS<\/strong><br>Sensor: VIIRS_SNPP_NRT<br>Fecha UTC: 2026-10-05T01:05:00Z<br>Confianza: nominal<br>FRP: 0.21 MW"
      }
    },
    {
      "type": "Feature",
      "geometry": {
        "type": "Point",
        "coordinates": [3.2387, 32.8379]
      },
      "properties": {
        "bright_ti4": 298.74,
        "scan": 0.37,
        "track": 0.58,
        "acq_date": "2026-10-05",
        "acq_time": "0105",
        "satellite": "N",
        "instrument": "VIIRS",
        "confidence": "n",
        "version": "2.0NRT",
        "bright_ti5": 284.29,
        "frp": 0.4,
        "daynight": "N",
        "source_dataset": "VIIRS_SNPP_NRT",
        "acq_datetime_utc": "2026-10-05T01:05:00Z",
        "age_hours": 7.8,
        "confidence_label": "nominal",
        "popup_label": "<strong>NASA FIRMS<\/strong><br>Sensor: VIIRS_SNPP_NRT<br>Fecha UTC: 2026-10-05T01:05:00Z<br>Confianza: nominal<br>FRP: 0.4 MW"
      }
    },
    {
      "type": "Feature",
      "geometry": {
        "type": "Point",
        "coordinates": [3.2443, 32.9301]
      },
      "properties": {
        "bright_ti4": 300.49,
        "scan": 0.37,
        "track": 0.58,
        "acq_date": "2026-10-05",
        "acq_time": "0105",
        "satellite": "N",
        "instrument": "VIIRS",
        "confidence": "n",
        "version": "2.0NRT",
        "bright_ti5": 285.83,
        "frp": 0.58,
        "daynight": "N",
        "source_dataset": "VIIRS_SNPP_NRT",
        "acq_datetime_utc": "2026-10-05T01:05:00Z",
        "age_hours": 7.8,
        "confidence_label": "nominal",
        "popup_label": "<strong>NASA FIRMS<\/strong><br>Sensor: VIIRS_SNPP_NRT<br>Fecha UTC: 2026-10-05T01:05:00Z<br>Confianza: nominal<br>FRP: 0.58 MW"
      }
    },
    {
      "type": "Feature",
      "geometry": {
        "type": "Point",
        "coordinates": [3.2362, 32.9307]
      },
      "properties": {
        "bright_ti4": 295.48,
        "scan": 0.37,
        "track": 0.58,
        "acq_date": "2026-10-05",
        "acq_time": "0105",
        "satellite": "N",
        "instrument": "VIIRS",
        "confidence": "n",
        "version": "2.0NRT",
        "bright_ti5": 285.09,
        "frp": 0.32,
        "daynight": "N",
        "source_dataset": "VIIRS_SNPP_NRT",
        "acq_datetime_utc": "2026-10-05T01:05:00Z",
        "age_hours": 7.8,
        "confidence_label": "nominal",
        "popup_label": "<strong>NASA FIRMS<\/strong><br>Sensor: VIIRS_SNPP_NRT<br>Fecha UTC: 2026-10-05T01:05:00Z<br>Confianza: nominal<br>FRP: 0.32 MW"
      }
    },
    {
      "type": "Feature",
      "geometry": {
        "type": "Point",
        "coordinates": [3.2321, 32.931]
      },
      "properties": {
        "bright_ti4": 299.27,
        "scan": 0.37,
        "track": 0.58,
        "acq_date": "2026-10-05",
        "acq_time": "0105",
        "satellite": "N",
        "instrument": "VIIRS",
        "confidence": "n",
        "version": "2.0NRT",
        "bright_ti5": 285.06,
        "frp": 0.32,
        "daynight": "N",
        "source_dataset": "VIIRS_SNPP_NRT",
        "acq_datetime_utc": "2026-10-05T01:05:00Z",
        "age_hours": 7.8,
        "confidence_label": "nominal",
        "popup_label": "<strong>NASA FIRMS<\/strong><br>Sensor: VIIRS_SNPP_NRT<br>Fecha UTC: 2026-10-05T01:05:00Z<br>Confianza: nominal<br>FRP: 0.32 MW"
      }
    },
    {
      "type": "Feature",
      "geometry": {
        "type": "Point",
        "coordinates": [3.2281, 32.9313]
      },
      "properties": {
        "bright_ti4": 298.59,
        "scan": 0.37,
        "track": 0.58,
        "acq_date": "2026-10-05",
        "acq_time": "0105",
        "satellite": "N",
        "instrument": "VIIRS",
        "confidence": "n",
        "version": "2.0NRT",
        "bright_ti5": 284.75,
        "frp": 0.44,
        "daynight": "N",
        "source_dataset": "VIIRS_SNPP_NRT",
        "acq_datetime_utc": "2026-10-05T01:05:00Z",
        "age_hours": 7.8,
        "confidence_label": "nominal",
        "popup_label": "<strong>NASA FIRMS<\/strong><br>Sensor: VIIRS_SNPP_NRT<br>Fecha UTC: 2026-10-05T01:05:00Z<br>Confianza: nominal<br>FRP: 0.44 MW"
      }
    },
    {
      "type": "Feature",
      "geometry": {
        "type": "Point",
        "coordinates": [3.224, 32.9316]
      },
      "properties": {
        "bright_ti4": 298.84,
        "scan": 0.37,
        "track": 0.58,
        "acq_date": "2026-10-05",
        "acq_time": "0105",
        "satellite": "N",
        "instrument": "VIIRS",
        "confidence": "n",
        "version": "2.0NRT",
        "bright_ti5": 285.46,
        "frp": 0.44,
        "daynight": "N",
        "source_dataset": "VIIRS_SNPP_NRT",
        "acq_datetime_utc": "2026-10-05T01:05:00Z",
        "age_hours": 7.8,
        "confidence_label": "nominal",
        "popup_label": "<strong>NASA FIRMS<\/strong><br>Sensor: VIIRS_SNPP_NRT<br>Fecha UTC: 2026-10-05T01:05:00Z<br>Confianza: nominal<br>FRP: 0.44 MW"
      }
    },
    {
      "type": "Feature",
      "geometry": {
        "type": "Point",
        "coordinates": [3.2327, 32.9364]
      },
      "properties": {
        "bright_ti4": 307.43,
        "scan": 0.37,
        "track": 0.58,
        "acq_date": "2026-10-05",
        "acq_time": "0105",
        "satellite": "N",
        "instrument": "VIIRS",
        "confidence": "n",
        "version": "2.0NRT",
        "bright_ti5": 285.74,
        "frp": 1.59,
        "daynight": "N",
        "source_dataset": "VIIRS_SNPP_NRT",
        "acq_datetime_utc": "2026-10-05T01:05:00Z",
        "age_hours": 7.8,
        "confidence_label": "nominal",
        "popup_label": "<strong>NASA FIRMS<\/strong><br>Sensor: VIIRS_SNPP_NRT<br>Fecha UTC: 2026-10-05T01:05:00Z<br>Confianza: nominal<br>FRP: 1.59 MW"
      }
    },
    {
      "type": "Feature",
      "geometry": {
        "type": "Point",
        "coordinates": [3.2292, 32.9421]
      },
      "properties": {
        "bright_ti4": 298.07,
        "scan": 0.37,
        "track": 0.58,
        "acq_date": "2026-10-05",
        "acq_time": "0105",
        "satellite": "N",
        "instrument": "VIIRS",
        "confidence": "n",
        "version": "2.0NRT",
        "bright_ti5": 285.76,
        "frp": 1.07,
        "daynight": "N",
        "source_dataset": "VIIRS_SNPP_NRT",
        "acq_datetime_utc": "2026-10-05T01:05:00Z",
        "age_hours": 7.8,
        "confidence_label": "nominal",
        "popup_label": "<strong>NASA FIRMS<\/strong><br>Sensor: VIIRS_SNPP_NRT<br>Fecha UTC: 2026-10-05T01:05:00Z<br>Confianza: nominal<br>FRP: 1.07 MW"
      }
    },
    {
      "type": "Feature",
      "geometry": {
        "type": "Point",
        "coordinates": [3.231, 32.9433]
      },
      "properties": {
        "bright_ti4": 299.19,
        "scan": 0.37,
        "track": 0.58,
        "acq_date": "2026-10-05",
        "acq_time": "0105",
        "satellite": "N",
        "instrument": "VIIRS",
        "confidence": "n",
        "version": "2.0NRT",
        "bright_ti5": 286.07,
        "frp": 2.46,
        "daynight": "N",
        "source_dataset": "VIIRS_SNPP_NRT",
        "acq_datetime_utc": "2026-10-05T01:05:00Z",
        "age_hours": 7.8,
        "confidence_label": "nominal",
        "popup_label": "<strong>NASA FIRMS<\/strong><br>Sensor: VIIRS_SNPP_NRT<br>Fecha UTC: 2026-10-05T01:05:00Z<br>Confianza: nominal<br>FRP: 2.46 MW"
      }
    },
    {
      "type": "Feature",
      "geometry": {
        "type": "Point",
        "coordinates": [3.2269, 32.9436]
      },
      "properties": {
        "bright_ti4": 301.9,
        "scan": 0.37,
        "track": 0.58,
        "acq_date": "2026-10-05",
        "acq_time": "0105",
        "satellite": "N",
        "instrument": "VIIRS",
        "confidence": "n",
        "version": "2.0NRT",
        "bright_ti5": 285.31,
        "frp": 2.78,
        "daynight": "N",
        "source_dataset": "VIIRS_SNPP_NRT",
        "acq_datetime_utc": "2026-10-05T01:05:00Z",
        "age_hours": 7.8,
        "confidence_label": "nominal",
        "popup_label": "<strong>NASA FIRMS<\/strong><br>Sensor: VIIRS_SNPP_NRT<br>Fecha UTC: 2026-10-05T01:05:00Z<br>Confianza: nominal<br>FRP: 2.78 MW"
      }
    },
    {
      "type": "Feature",
      "geometry": {
        "type": "Point",
        "coordinates": [3.2298, 32.9475]
      },
      "properties": {
        "bright_ti4": 367,
        "scan": 0.37,
        "track": 0.58,
        "acq_date": "2026-10-05",
        "acq_time": "0105",
        "satellite": "N",
        "instrument": "VIIRS",
        "confidence": "h",
        "version": "2.0NRT",
        "bright_ti5": 287.84,
        "frp": 4.29,
        "daynight": "N",
        "source_dataset": "VIIRS_SNPP_NRT",
        "acq_datetime_utc": "2026-10-05T01:05:00Z",
        "age_hours": 7.8,
        "confidence_label": "alta",
        "popup_label": "<strong>NASA FIRMS<\/strong><br>Sensor: VIIRS_SNPP_NRT<br>Fecha UTC: 2026-10-05T01:05:00Z<br>Confianza: alta<br>FRP: 4.29 MW"
      }
    },
    {
      "type": "Feature",
      "geometry": {
        "type": "Point",
        "coordinates": [3.2257, 32.9478]
      },
      "properties": {
        "bright_ti4": 304.76,
        "scan": 0.37,
        "track": 0.58,
        "acq_date": "2026-10-05",
        "acq_time": "0105",
        "satellite": "N",
        "instrument": "VIIRS",
        "confidence": "n",
        "version": "2.0NRT",
        "bright_ti5": 285.65,
        "frp": 4.29,
        "daynight": "N",
        "source_dataset": "VIIRS_SNPP_NRT",
        "acq_datetime_utc": "2026-10-05T01:05:00Z",
        "age_hours": 7.8,
        "confidence_label": "nominal",
        "popup_label": "<strong>NASA FIRMS<\/strong><br>Sensor: VIIRS_SNPP_NRT<br>Fecha UTC: 2026-10-05T01:05:00Z<br>Confianza: nominal<br>FRP: 4.29 MW"
      }
    },
    {
      "type": "Feature",
      "geometry": {
        "type": "Point",
        "coordinates": [3.2216, 32.9481]
      },
      "properties": {
        "bright_ti4": 303.45,
        "scan": 0.37,
        "track": 0.58,
        "acq_date": "2026-10-05",
        "acq_time": "0105",
        "satellite": "N",
        "instrument": "VIIRS",
        "confidence": "n",
        "version": "2.0NRT",
        "bright_ti5": 285.39,
        "frp": 1.31,
        "daynight": "N",
        "source_dataset": "VIIRS_SNPP_NRT",
        "acq_datetime_utc": "2026-10-05T01:05:00Z",
        "age_hours": 7.8,
        "confidence_label": "nominal",
        "popup_label": "<strong>NASA FIRMS<\/strong><br>Sensor: VIIRS_SNPP_NRT<br>Fecha UTC: 2026-10-05T01:05:00Z<br>Confianza: nominal<br>FRP: 1.31 MW"
      }
    },
    {
      "type": "Feature",
      "geometry": {
        "type": "Point",
        "coordinates": [3.2316, 32.9487]
      },
      "properties": {
        "bright_ti4": 327.51,
        "scan": 0.37,
        "track": 0.58,
        "acq_date": "2026-10-05",
        "acq_time": "0105",
        "satellite": "N",
        "instrument": "VIIRS",
        "confidence": "n",
        "version": "2.0NRT",
        "bright_ti5": 286.15,
        "frp": 2.46,
        "daynight": "N",
        "source_dataset": "VIIRS_SNPP_NRT",
        "acq_datetime_utc": "2026-10-05T01:05:00Z",
        "age_hours": 7.8,
        "confidence_label": "nominal",
        "popup_label": "<strong>NASA FIRMS<\/strong><br>Sensor: VIIRS_SNPP_NRT<br>Fecha UTC: 2026-10-05T01:05:00Z<br>Confianza: nominal<br>FRP: 2.46 MW"
      }
    },
    {
      "type": "Feature",
      "geometry": {
        "type": "Point",
        "coordinates": [3.2275, 32.949]
      },
      "properties": {
        "bright_ti4": 348.45,
        "scan": 0.37,
        "track": 0.58,
        "acq_date": "2026-10-05",
        "acq_time": "0105",
        "satellite": "N",
        "instrument": "VIIRS",
        "confidence": "n",
        "version": "2.0NRT",
        "bright_ti5": 287.13,
        "frp": 2.78,
        "daynight": "N",
        "source_dataset": "VIIRS_SNPP_NRT",
        "acq_datetime_utc": "2026-10-05T01:05:00Z",
        "age_hours": 7.8,
        "confidence_label": "nominal",
        "popup_label": "<strong>NASA FIRMS<\/strong><br>Sensor: VIIRS_SNPP_NRT<br>Fecha UTC: 2026-10-05T01:05:00Z<br>Confianza: nominal<br>FRP: 2.78 MW"
      }
    },
    {
      "type": "Feature",
      "geometry": {
        "type": "Point",
        "coordinates": [3.2235, 32.9492]
      },
      "properties": {
        "bright_ti4": 299.56,
        "scan": 0.37,
        "track": 0.58,
        "acq_date": "2026-10-05",
        "acq_time": "0105",
        "satellite": "N",
        "instrument": "VIIRS",
        "confidence": "n",
        "version": "2.0NRT",
        "bright_ti5": 285.68,
        "frp": 2.78,
        "daynight": "N",
        "source_dataset": "VIIRS_SNPP_NRT",
        "acq_datetime_utc": "2026-10-05T01:05:00Z",
        "age_hours": 7.8,
        "confidence_label": "nominal",
        "popup_label": "<strong>NASA FIRMS<\/strong><br>Sensor: VIIRS_SNPP_NRT<br>Fecha UTC: 2026-10-05T01:05:00Z<br>Confianza: nominal<br>FRP: 2.78 MW"
      }
    },
    {
      "type": "Feature",
      "geometry": {
        "type": "Point",
        "coordinates": [3.2194, 32.9495]
      },
      "properties": {
        "bright_ti4": 296.31,
        "scan": 0.37,
        "track": 0.58,
        "acq_date": "2026-10-05",
        "acq_time": "0105",
        "satellite": "N",
        "instrument": "VIIRS",
        "confidence": "n",
        "version": "2.0NRT",
        "bright_ti5": 285.52,
        "frp": 0.84,
        "daynight": "N",
        "source_dataset": "VIIRS_SNPP_NRT",
        "acq_datetime_utc": "2026-10-05T01:05:00Z",
        "age_hours": 7.8,
        "confidence_label": "nominal",
        "popup_label": "<strong>NASA FIRMS<\/strong><br>Sensor: VIIRS_SNPP_NRT<br>Fecha UTC: 2026-10-05T01:05:00Z<br>Confianza: nominal<br>FRP: 0.84 MW"
      }
    },
    {
      "type": "Feature",
      "geometry": {
        "type": "Point",
        "coordinates": [3.3198, 33.1242]
      },
      "properties": {
        "bright_ti4": 316.03,
        "scan": 0.37,
        "track": 0.58,
        "acq_date": "2026-10-05",
        "acq_time": "0105",
        "satellite": "N",
        "instrument": "VIIRS",
        "confidence": "n",
        "version": "2.0NRT",
        "bright_ti5": 285.08,
        "frp": 0.77,
        "daynight": "N",
        "source_dataset": "VIIRS_SNPP_NRT",
        "acq_datetime_utc": "2026-10-05T01:05:00Z",
        "age_hours": 7.8,
        "confidence_label": "nominal",
        "popup_label": "<strong>NASA FIRMS<\/strong><br>Sensor: VIIRS_SNPP_NRT<br>Fecha UTC: 2026-10-05T01:05:00Z<br>Confianza: nominal<br>FRP: 0.77 MW"
      }
    },
    {
      "type": "Feature",
      "geometry": {
        "type": "Point",
        "coordinates": [3.3157, 33.1244]
      },
      "properties": {
        "bright_ti4": 301.26,
        "scan": 0.37,
        "track": 0.58,
        "acq_date": "2026-10-05",
        "acq_time": "0105",
        "satellite": "N",
        "instrument": "VIIRS",
        "confidence": "n",
        "version": "2.0NRT",
        "bright_ti5": 284.89,
        "frp": 0.77,
        "daynight": "N",
        "source_dataset": "VIIRS_SNPP_NRT",
        "acq_datetime_utc": "2026-10-05T01:05:00Z",
        "age_hours": 7.8,
        "confidence_label": "nominal",
        "popup_label": "<strong>NASA FIRMS<\/strong><br>Sensor: VIIRS_SNPP_NRT<br>Fecha UTC: 2026-10-05T01:05:00Z<br>Confianza: nominal<br>FRP: 0.77 MW"
      }
    },
    {
      "type": "Feature",
      "geometry": {
        "type": "Point",
        "coordinates": [3.3162, 33.1298]
      },
      "properties": {
        "bright_ti4": 300.97,
        "scan": 0.37,
        "track": 0.58,
        "acq_date": "2026-10-05",
        "acq_time": "0105",
        "satellite": "N",
        "instrument": "VIIRS",
        "confidence": "n",
        "version": "2.0NRT",
        "bright_ti5": 285.21,
        "frp": 0.75,
        "daynight": "N",
        "source_dataset": "VIIRS_SNPP_NRT",
        "acq_datetime_utc": "2026-10-05T01:05:00Z",
        "age_hours": 7.8,
        "confidence_label": "nominal",
        "popup_label": "<strong>NASA FIRMS<\/strong><br>Sensor: VIIRS_SNPP_NRT<br>Fecha UTC: 2026-10-05T01:05:00Z<br>Confianza: nominal<br>FRP: 0.75 MW"
      }
    },
    {
      "type": "Feature",
      "geometry": {
        "type": "Point",
        "coordinates": [3.3694, 33.1368]
      },
      "properties": {
        "bright_ti4": 298.55,
        "scan": 0.36,
        "track": 0.58,
        "acq_date": "2026-10-05",
        "acq_time": "0105",
        "satellite": "N",
        "instrument": "VIIRS",
        "confidence": "n",
        "version": "2.0NRT",
        "bright_ti5": 284.93,
        "frp": 0.76,
        "daynight": "N",
        "source_dataset": "VIIRS_SNPP_NRT",
        "acq_datetime_utc": "2026-10-05T01:05:00Z",
        "age_hours": 7.8,
        "confidence_label": "nominal",
        "popup_label": "<strong>NASA FIRMS<\/strong><br>Sensor: VIIRS_SNPP_NRT<br>Fecha UTC: 2026-10-05T01:05:00Z<br>Confianza: nominal<br>FRP: 0.76 MW"
      }
    },
    {
      "type": "Feature",
      "geometry": {
        "type": "Point",
        "coordinates": [4.4773, 35.7085]
      },
      "properties": {
        "bright_ti4": 302.41,
        "scan": 0.33,
        "track": 0.56,
        "acq_date": "2026-10-05",
        "acq_time": "0105",
        "satellite": "N",
        "instrument": "VIIRS",
        "confidence": "n",
        "version": "2.0NRT",
        "bright_ti5": 287.04,
        "frp": 0.67,
        "daynight": "N",
        "source_dataset": "VIIRS_SNPP_NRT",
        "acq_datetime_utc": "2026-10-05T01:05:00Z",
        "age_hours": 7.8,
        "confidence_label": "nominal",
        "popup_label": "<strong>NASA FIRMS<\/strong><br>Sensor: VIIRS_SNPP_NRT<br>Fecha UTC: 2026-10-05T01:05:00Z<br>Confianza: nominal<br>FRP: 0.67 MW"
      }
    },
    {
      "type": "Feature",
      "geometry": {
        "type": "Point",
        "coordinates": [4.4764, 35.7098]
      },
      "properties": {
        "bright_ti4": 305.9,
        "scan": 0.33,
        "track": 0.56,
        "acq_date": "2026-10-05",
        "acq_time": "0105",
        "satellite": "N",
        "instrument": "VIIRS",
        "confidence": "n",
        "version": "2.0NRT",
        "bright_ti5": 287.57,
        "frp": 0.61,
        "daynight": "N",
        "source_dataset": "VIIRS_SNPP_NRT",
        "acq_datetime_utc": "2026-10-05T01:05:00Z",
        "age_hours": 7.8,
        "confidence_label": "nominal",
        "popup_label": "<strong>NASA FIRMS<\/strong><br>Sensor: VIIRS_SNPP_NRT<br>Fecha UTC: 2026-10-05T01:05:00Z<br>Confianza: nominal<br>FRP: 0.61 MW"
      }
    },
    {
      "type": "Feature",
      "geometry": {
        "type": "Point",
        "coordinates": [-0.2517, 35.807]
      },
      "properties": {
        "bright_ti4": 313.67,
        "scan": 0.61,
        "track": 0.71,
        "acq_date": "2026-10-05",
        "acq_time": "0105",
        "satellite": "N",
        "instrument": "VIIRS",
        "confidence": "n",
        "version": "2.0NRT",
        "bright_ti5": 277.31,
        "frp": 3.34,
        "daynight": "N",
        "source_dataset": "VIIRS_SNPP_NRT",
        "acq_datetime_utc": "2026-10-05T01:05:00Z",
        "age_hours": 7.8,
        "confidence_label": "nominal",
        "popup_label": "<strong>NASA FIRMS<\/strong><br>Sensor: VIIRS_SNPP_NRT<br>Fecha UTC: 2026-10-05T01:05:00Z<br>Confianza: nominal<br>FRP: 3.34 MW"
      }
    },
    {
      "type": "Feature",
      "geometry": {
        "type": "Point",
        "coordinates": [-0.2586, 35.8073]
      },
      "properties": {
        "bright_ti4": 318.43,
        "scan": 0.61,
        "track": 0.71,
        "acq_date": "2026-10-05",
        "acq_time": "0105",
        "satellite": "N",
        "instrument": "VIIRS",
        "confidence": "n",
        "version": "2.0NRT",
        "bright_ti5": 277.27,
        "frp": 2.53,
        "daynight": "N",
        "source_dataset": "VIIRS_SNPP_NRT",
        "acq_datetime_utc": "2026-10-05T01:05:00Z",
        "age_hours": 7.8,
        "confidence_label": "nominal",
        "popup_label": "<strong>NASA FIRMS<\/strong><br>Sensor: VIIRS_SNPP_NRT<br>Fecha UTC: 2026-10-05T01:05:00Z<br>Confianza: nominal<br>FRP: 2.53 MW"
      }
    },
    {
      "type": "Feature",
      "geometry": {
        "type": "Point",
        "coordinates": [-0.2654, 35.8075]
      },
      "properties": {
        "bright_ti4": 297.07,
        "scan": 0.61,
        "track": 0.71,
        "acq_date": "2026-10-05",
        "acq_time": "0105",
        "satellite": "N",
        "instrument": "VIIRS",
        "confidence": "n",
        "version": "2.0NRT",
        "bright_ti5": 276.25,
        "frp": 2.53,
        "daynight": "N",
        "source_dataset": "VIIRS_SNPP_NRT",
        "acq_datetime_utc": "2026-10-05T01:05:00Z",
        "age_hours": 7.8,
        "confidence_label": "nominal",
        "popup_label": "<strong>NASA FIRMS<\/strong><br>Sensor: VIIRS_SNPP_NRT<br>Fecha UTC: 2026-10-05T01:05:00Z<br>Confianza: nominal<br>FRP: 2.53 MW"
      }
    },
    {
      "type": "Feature",
      "geometry": {
        "type": "Point",
        "coordinates": [-0.3276, 35.8229]
      },
      "properties": {
        "bright_ti4": 298.76,
        "scan": 0.62,
        "track": 0.71,
        "acq_date": "2026-10-05",
        "acq_time": "0105",
        "satellite": "N",
        "instrument": "VIIRS",
        "confidence": "n",
        "version": "2.0NRT",
        "bright_ti5": 280.46,
        "frp": 1.12,
        "daynight": "N",
        "source_dataset": "VIIRS_SNPP_NRT",
        "acq_datetime_utc": "2026-10-05T01:05:00Z",
        "age_hours": 7.8,
        "confidence_label": "nominal",
        "popup_label": "<strong>NASA FIRMS<\/strong><br>Sensor: VIIRS_SNPP_NRT<br>Fecha UTC: 2026-10-05T01:05:00Z<br>Confianza: nominal<br>FRP: 1.12 MW"
      }
    },
    {
      "type": "Feature",
      "geometry": {
        "type": "Point",
        "coordinates": [4.4493, 35.8794]
      },
      "properties": {
        "bright_ti4": 303.98,
        "scan": 0.34,
        "track": 0.56,
        "acq_date": "2026-10-05",
        "acq_time": "0105",
        "satellite": "N",
        "instrument": "VIIRS",
        "confidence": "n",
        "version": "2.0NRT",
        "bright_ti5": 286.34,
        "frp": 0.91,
        "daynight": "N",
        "source_dataset": "VIIRS_SNPP_NRT",
        "acq_datetime_utc": "2026-10-05T01:05:00Z",
        "age_hours": 7.8,
        "confidence_label": "nominal",
        "popup_label": "<strong>NASA FIRMS<\/strong><br>Sensor: VIIRS_SNPP_NRT<br>Fecha UTC: 2026-10-05T01:05:00Z<br>Confianza: nominal<br>FRP: 0.91 MW"
      }
    },
    {
      "type": "Feature",
      "geometry": {
        "type": "Point",
        "coordinates": [4.4454, 35.8797]
      },
      "properties": {
        "bright_ti4": 302.43,
        "scan": 0.34,
        "track": 0.56,
        "acq_date": "2026-10-05",
        "acq_time": "0105",
        "satellite": "N",
        "instrument": "VIIRS",
        "confidence": "n",
        "version": "2.0NRT",
        "bright_ti5": 287.05,
        "frp": 1.18,
        "daynight": "N",
        "source_dataset": "VIIRS_SNPP_NRT",
        "acq_datetime_utc": "2026-10-05T01:05:00Z",
        "age_hours": 7.8,
        "confidence_label": "nominal",
        "popup_label": "<strong>NASA FIRMS<\/strong><br>Sensor: VIIRS_SNPP_NRT<br>Fecha UTC: 2026-10-05T01:05:00Z<br>Confianza: nominal<br>FRP: 1.18 MW"
      }
    },
    {
      "type": "Feature",
      "geometry": {
        "type": "Point",
        "coordinates": [3.7476, 36.1765]
      },
      "properties": {
        "bright_ti4": 302.84,
        "scan": 0.37,
        "track": 0.58,
        "acq_date": "2026-10-05",
        "acq_time": "0105",
        "satellite": "N",
        "instrument": "VIIRS",
        "confidence": "n",
        "version": "2.0NRT",
        "bright_ti5": 281.73,
        "frp": 0.85,
        "daynight": "N",
        "source_dataset": "VIIRS_SNPP_NRT",
        "acq_datetime_utc": "2026-10-05T01:05:00Z",
        "age_hours": 7.8,
        "confidence_label": "nominal",
        "popup_label": "<strong>NASA FIRMS<\/strong><br>Sensor: VIIRS_SNPP_NRT<br>Fecha UTC: 2026-10-05T01:05:00Z<br>Confianza: nominal<br>FRP: 0.85 MW"
      }
    },
    {
      "type": "Feature",
      "geometry": {
        "type": "Point",
        "coordinates": [3.7496, 36.1802]
      },
      "properties": {
        "bright_ti4": 309.39,
        "scan": 0.37,
        "track": 0.58,
        "acq_date": "2026-10-05",
        "acq_time": "0105",
        "satellite": "N",
        "instrument": "VIIRS",
        "confidence": "n",
        "version": "2.0NRT",
        "bright_ti5": 283.28,
        "frp": 1.68,
        "daynight": "N",
        "source_dataset": "VIIRS_SNPP_NRT",
        "acq_datetime_utc": "2026-10-05T01:05:00Z",
        "age_hours": 7.8,
        "confidence_label": "nominal",
        "popup_label": "<strong>NASA FIRMS<\/strong><br>Sensor: VIIRS_SNPP_NRT<br>Fecha UTC: 2026-10-05T01:05:00Z<br>Confianza: nominal<br>FRP: 1.68 MW"
      }
    },
    {
      "type": "Feature",
      "geometry": {
        "type": "Point",
        "coordinates": [3.7477, 36.1819]
      },
      "properties": {
        "bright_ti4": 304.94,
        "scan": 0.37,
        "track": 0.58,
        "acq_date": "2026-10-05",
        "acq_time": "0105",
        "satellite": "N",
        "instrument": "VIIRS",
        "confidence": "n",
        "version": "2.0NRT",
        "bright_ti5": 283.22,
        "frp": 0.85,
        "daynight": "N",
        "source_dataset": "VIIRS_SNPP_NRT",
        "acq_datetime_utc": "2026-10-05T01:05:00Z",
        "age_hours": 7.8,
        "confidence_label": "nominal",
        "popup_label": "<strong>NASA FIRMS<\/strong><br>Sensor: VIIRS_SNPP_NRT<br>Fecha UTC: 2026-10-05T01:05:00Z<br>Confianza: nominal<br>FRP: 0.85 MW"
      }
    },
    {
      "type": "Feature",
      "geometry": {
        "type": "Point",
        "coordinates": [2.8773, 36.596]
      },
      "properties": {
        "bright_ti4": 303.46,
        "scan": 0.42,
        "track": 0.61,
        "acq_date": "2026-10-05",
        "acq_time": "0105",
        "satellite": "N",
        "instrument": "VIIRS",
        "confidence": "n",
        "version": "2.0NRT",
        "bright_ti5": 281.51,
        "frp": 0.8,
        "daynight": "N",
        "source_dataset": "VIIRS_SNPP_NRT",
        "acq_datetime_utc": "2026-10-05T01:05:00Z",
        "age_hours": 7.8,
        "confidence_label": "nominal",
        "popup_label": "<strong>NASA FIRMS<\/strong><br>Sensor: VIIRS_SNPP_NRT<br>Fecha UTC: 2026-10-05T01:05:00Z<br>Confianza: nominal<br>FRP: 0.8 MW"
      }
    },
    {
      "type": "Feature",
      "geometry": {
        "type": "Point",
        "coordinates": [3.2319, 36.6305]
      },
      "properties": {
        "bright_ti4": 300.23,
        "scan": 0.4,
        "track": 0.6,
        "acq_date": "2026-10-05",
        "acq_time": "0105",
        "satellite": "N",
        "instrument": "VIIRS",
        "confidence": "n",
        "version": "2.0NRT",
        "bright_ti5": 277.77,
        "frp": 0.62,
        "daynight": "N",
        "source_dataset": "VIIRS_SNPP_NRT",
        "acq_datetime_utc": "2026-10-05T01:05:00Z",
        "age_hours": 7.8,
        "confidence_label": "nominal",
        "popup_label": "<strong>NASA FIRMS<\/strong><br>Sensor: VIIRS_SNPP_NRT<br>Fecha UTC: 2026-10-05T01:05:00Z<br>Confianza: nominal<br>FRP: 0.62 MW"
      }
    },
    {
      "type": "Feature",
      "geometry": {
        "type": "Point",
        "coordinates": [0.8811, 41.5022]
      },
      "properties": {
        "bright_ti4": 301.34,
        "scan": 0.58,
        "track": 0.69,
        "acq_date": "2026-10-05",
        "acq_time": "0102",
        "satellite": "N",
        "instrument": "VIIRS",
        "confidence": "n",
        "version": "2.0NRT",
        "bright_ti5": 279.49,
        "frp": 0.83,
        "daynight": "N",
        "source_dataset": "VIIRS_SNPP_NRT",
        "acq_datetime_utc": "2026-10-05T01:02:00Z",
        "age_hours": 7.9,
        "confidence_label": "nominal",
        "popup_label": "<strong>NASA FIRMS<\/strong><br>Sensor: VIIRS_SNPP_NRT<br>Fecha UTC: 2026-10-05T01:02:00Z<br>Confianza: nominal<br>FRP: 0.83 MW"
      }
    },
    {
      "type": "Feature",
      "geometry": {
        "type": "Point",
        "coordinates": [0.8786, 41.5031]
      },
      "properties": {
        "bright_ti4": 301.2,
        "scan": 0.58,
        "track": 0.69,
        "acq_date": "2026-10-05",
        "acq_time": "0102",
        "satellite": "N",
        "instrument": "VIIRS",
        "confidence": "n",
        "version": "2.0NRT",
        "bright_ti5": 279.41,
        "frp": 1.8,
        "daynight": "N",
        "source_dataset": "VIIRS_SNPP_NRT",
        "acq_datetime_utc": "2026-10-05T01:02:00Z",
        "age_hours": 7.9,
        "confidence_label": "nominal",
        "popup_label": "<strong>NASA FIRMS<\/strong><br>Sensor: VIIRS_SNPP_NRT<br>Fecha UTC: 2026-10-05T01:02:00Z<br>Confianza: nominal<br>FRP: 1.8 MW"
      }
    },
    {
      "type": "Feature",
      "geometry": {
        "type": "Point",
        "coordinates": [0.8813, 41.5087]
      },
      "properties": {
        "bright_ti4": 301.62,
        "scan": 0.58,
        "track": 0.69,
        "acq_date": "2026-10-05",
        "acq_time": "0102",
        "satellite": "N",
        "instrument": "VIIRS",
        "confidence": "n",
        "version": "2.0NRT",
        "bright_ti5": 279.42,
        "frp": 0.83,
        "daynight": "N",
        "source_dataset": "VIIRS_SNPP_NRT",
        "acq_datetime_utc": "2026-10-05T01:02:00Z",
        "age_hours": 7.9,
        "confidence_label": "nominal",
        "popup_label": "<strong>NASA FIRMS<\/strong><br>Sensor: VIIRS_SNPP_NRT<br>Fecha UTC: 2026-10-05T01:02:00Z<br>Confianza: nominal<br>FRP: 0.83 MW"
      }
    },
    {
      "type": "Feature",
      "geometry": {
        "type": "Point",
        "coordinates": [-5.2939, 34.9888]
      },
      "properties": {
        "bright_ti4": 331.46,
        "scan": 0.44,
        "track": 0.63,
        "acq_date": "2026-10-04",
        "acq_time": "1425",
        "satellite": "N",
        "instrument": "VIIRS",
        "confidence": "n",
        "version": "2.0NRT",
        "bright_ti5": 285.02,
        "frp": 2.35,
        "daynight": "D",
        "source_dataset": "VIIRS_SNPP_NRT",
        "acq_datetime_utc": "2026-10-04T14:25:00Z",
        "age_hours": 18.5,
        "confidence_label": "nominal",
        "popup_label": "<strong>NASA FIRMS<\/strong><br>Sensor: VIIRS_SNPP_NRT<br>Fecha UTC: 2026-10-04T14:25:00Z<br>Confianza: nominal<br>FRP: 2.35 MW"
      }
    },
    {
      "type": "Feature",
      "geometry": {
        "type": "Point",
        "coordinates": [-8.4121, 32.4669]
      },
      "properties": {
        "bright_ti4": 344.08,
        "scan": 0.55,
        "track": 0.51,
        "acq_date": "2026-10-04",
        "acq_time": "1422",
        "satellite": "N",
        "instrument": "VIIRS",
        "confidence": "n",
        "version": "2.0NRT",
        "bright_ti5": 304.41,
        "frp": 8.76,
        "daynight": "D",
        "source_dataset": "VIIRS_SNPP_NRT",
        "acq_datetime_utc": "2026-10-04T14:22:00Z",
        "age_hours": 18.6,
        "confidence_label": "nominal",
        "popup_label": "<strong>NASA FIRMS<\/strong><br>Sensor: VIIRS_SNPP_NRT<br>Fecha UTC: 2026-10-04T14:22:00Z<br>Confianza: nominal<br>FRP: 8.76 MW"
      }
    },
    {
      "type": "Feature",
      "geometry": {
        "type": "Point",
        "coordinates": [1.0962, 35.4169]
      },
      "properties": {
        "bright_ti4": 344,
        "scan": 0.4,
        "track": 0.44,
        "acq_date": "2026-10-04",
        "acq_time": "1244",
        "satellite": "N",
        "instrument": "VIIRS",
        "confidence": "n",
        "version": "2.0NRT",
        "bright_ti5": 307.43,
        "frp": 35.69,
        "daynight": "D",
        "source_dataset": "VIIRS_SNPP_NRT",
        "acq_datetime_utc": "2026-10-04T12:44:00Z",
        "age_hours": 20.2,
        "confidence_label": "nominal",
        "popup_label": "<strong>NASA FIRMS<\/strong><br>Sensor: VIIRS_SNPP_NRT<br>Fecha UTC: 2026-10-04T12:44:00Z<br>Confianza: nominal<br>FRP: 35.69 MW"
      }
    },
    {
      "type": "Feature",
      "geometry": {
        "type": "Point",
        "coordinates": [1.1005, 35.4179]
      },
      "properties": {
        "bright_ti4": 346.59,
        "scan": 0.4,
        "track": 0.44,
        "acq_date": "2026-10-04",
        "acq_time": "1244",
        "satellite": "N",
        "instrument": "VIIRS",
        "confidence": "n",
        "version": "2.0NRT",
        "bright_ti5": 316.19,
        "frp": 35.69,
        "daynight": "D",
        "source_dataset": "VIIRS_SNPP_NRT",
        "acq_datetime_utc": "2026-10-04T12:44:00Z",
        "age_hours": 20.2,
        "confidence_label": "nominal",
        "popup_label": "<strong>NASA FIRMS<\/strong><br>Sensor: VIIRS_SNPP_NRT<br>Fecha UTC: 2026-10-04T12:44:00Z<br>Confianza: nominal<br>FRP: 35.69 MW"
      }
    },
    {
      "type": "Feature",
      "geometry": {
        "type": "Point",
        "coordinates": [1.0947, 35.4209]
      },
      "properties": {
        "bright_ti4": 341.72,
        "scan": 0.4,
        "track": 0.44,
        "acq_date": "2026-10-04",
        "acq_time": "1244",
        "satellite": "N",
        "instrument": "VIIRS",
        "confidence": "n",
        "version": "2.0NRT",
        "bright_ti5": 300.28,
        "frp": 35.69,
        "daynight": "D",
        "source_dataset": "VIIRS_SNPP_NRT",
        "acq_datetime_utc": "2026-10-04T12:44:00Z",
        "age_hours": 20.2,
        "confidence_label": "nominal",
        "popup_label": "<strong>NASA FIRMS<\/strong><br>Sensor: VIIRS_SNPP_NRT<br>Fecha UTC: 2026-10-04T12:44:00Z<br>Confianza: nominal<br>FRP: 35.69 MW"
      }
    },
    {
      "type": "Feature",
      "geometry": {
        "type": "Point",
        "coordinates": [-0.1928, 35.6781]
      },
      "properties": {
        "bright_ti4": 339.28,
        "scan": 0.46,
        "track": 0.47,
        "acq_date": "2026-10-04",
        "acq_time": "1244",
        "satellite": "N",
        "instrument": "VIIRS",
        "confidence": "n",
        "version": "2.0NRT",
        "bright_ti5": 305,
        "frp": 3.45,
        "daynight": "D",
        "source_dataset": "VIIRS_SNPP_NRT",
        "acq_datetime_utc": "2026-10-04T12:44:00Z",
        "age_hours": 20.2,
        "confidence_label": "nominal",
        "popup_label": "<strong>NASA FIRMS<\/strong><br>Sensor: VIIRS_SNPP_NRT<br>Fecha UTC: 2026-10-04T12:44:00Z<br>Confianza: nominal<br>FRP: 3.45 MW"
      }
    },
    {
      "type": "Feature",
      "geometry": {
        "type": "Point",
        "coordinates": [-0.2592, 35.8054]
      },
      "properties": {
        "bright_ti4": 341.29,
        "scan": 0.46,
        "track": 0.47,
        "acq_date": "2026-10-04",
        "acq_time": "1244",
        "satellite": "N",
        "instrument": "VIIRS",
        "confidence": "n",
        "version": "2.0NRT",
        "bright_ti5": 299.65,
        "frp": 3.61,
        "daynight": "D",
        "source_dataset": "VIIRS_SNPP_NRT",
        "acq_datetime_utc": "2026-10-04T12:44:00Z",
        "age_hours": 20.2,
        "confidence_label": "nominal",
        "popup_label": "<strong>NASA FIRMS<\/strong><br>Sensor: VIIRS_SNPP_NRT<br>Fecha UTC: 2026-10-04T12:44:00Z<br>Confianza: nominal<br>FRP: 3.61 MW"
      }
    },
    {
      "type": "Feature",
      "geometry": {
        "type": "Point",
        "coordinates": [-0.2543, 35.8065]
      },
      "properties": {
        "bright_ti4": 343.19,
        "scan": 0.46,
        "track": 0.47,
        "acq_date": "2026-10-04",
        "acq_time": "1244",
        "satellite": "N",
        "instrument": "VIIRS",
        "confidence": "n",
        "version": "2.0NRT",
        "bright_ti5": 300.11,
        "frp": 9.84,
        "daynight": "D",
        "source_dataset": "VIIRS_SNPP_NRT",
        "acq_datetime_utc": "2026-10-04T12:44:00Z",
        "age_hours": 20.2,
        "confidence_label": "nominal",
        "popup_label": "<strong>NASA FIRMS<\/strong><br>Sensor: VIIRS_SNPP_NRT<br>Fecha UTC: 2026-10-04T12:44:00Z<br>Confianza: nominal<br>FRP: 9.84 MW"
      }
    },
    {
      "type": "Feature",
      "geometry": {
        "type": "Point",
        "coordinates": [-0.3269, 35.8236]
      },
      "properties": {
        "bright_ti4": 334.1,
        "scan": 0.46,
        "track": 0.47,
        "acq_date": "2026-10-04",
        "acq_time": "1244",
        "satellite": "N",
        "instrument": "VIIRS",
        "confidence": "n",
        "version": "2.0NRT",
        "bright_ti5": 301.74,
        "frp": 1.75,
        "daynight": "D",
        "source_dataset": "VIIRS_SNPP_NRT",
        "acq_datetime_utc": "2026-10-04T12:44:00Z",
        "age_hours": 20.2,
        "confidence_label": "nominal",
        "popup_label": "<strong>NASA FIRMS<\/strong><br>Sensor: VIIRS_SNPP_NRT<br>Fecha UTC: 2026-10-04T12:44:00Z<br>Confianza: nominal<br>FRP: 1.75 MW"
      }
    },
    {
      "type": "Feature",
      "geometry": {
        "type": "Point",
        "coordinates": [0.1272, 36.0171]
      },
      "properties": {
        "bright_ti4": 332.2,
        "scan": 0.43,
        "track": 0.46,
        "acq_date": "2026-10-04",
        "acq_time": "1244",
        "satellite": "N",
        "instrument": "VIIRS",
        "confidence": "n",
        "version": "2.0NRT",
        "bright_ti5": 296.98,
        "frp": 2.26,
        "daynight": "D",
        "source_dataset": "VIIRS_SNPP_NRT",
        "acq_datetime_utc": "2026-10-04T12:44:00Z",
        "age_hours": 20.2,
        "confidence_label": "nominal",
        "popup_label": "<strong>NASA FIRMS<\/strong><br>Sensor: VIIRS_SNPP_NRT<br>Fecha UTC: 2026-10-04T12:44:00Z<br>Confianza: nominal<br>FRP: 2.26 MW"
      }
    },
    {
      "type": "Feature",
      "geometry": {
        "type": "Point",
        "coordinates": [0.1254, 36.0174]
      },
      "properties": {
        "bright_ti4": 330.13,
        "scan": 0.43,
        "track": 0.46,
        "acq_date": "2026-10-04",
        "acq_time": "1244",
        "satellite": "N",
        "instrument": "VIIRS",
        "confidence": "n",
        "version": "2.0NRT",
        "bright_ti5": 296.96,
        "frp": 1.72,
        "daynight": "D",
        "source_dataset": "VIIRS_SNPP_NRT",
        "acq_datetime_utc": "2026-10-04T12:44:00Z",
        "age_hours": 20.2,
        "confidence_label": "nominal",
        "popup_label": "<strong>NASA FIRMS<\/strong><br>Sensor: VIIRS_SNPP_NRT<br>Fecha UTC: 2026-10-04T12:44:00Z<br>Confianza: nominal<br>FRP: 1.72 MW"
      }
    },
    {
      "type": "Feature",
      "geometry": {
        "type": "Point",
        "coordinates": [3.0448, 36.2716]
      },
      "properties": {
        "bright_ti4": 332.99,
        "scan": 0.47,
        "track": 0.4,
        "acq_date": "2026-10-04",
        "acq_time": "1244",
        "satellite": "N",
        "instrument": "VIIRS",
        "confidence": "n",
        "version": "2.0NRT",
        "bright_ti5": 299.58,
        "frp": 3.82,
        "daynight": "D",
        "source_dataset": "VIIRS_SNPP_NRT",
        "acq_datetime_utc": "2026-10-04T12:44:00Z",
        "age_hours": 20.2,
        "confidence_label": "nominal",
        "popup_label": "<strong>NASA FIRMS<\/strong><br>Sensor: VIIRS_SNPP_NRT<br>Fecha UTC: 2026-10-04T12:44:00Z<br>Confianza: nominal<br>FRP: 3.82 MW"
      }
    },
    {
      "type": "Feature",
      "geometry": {
        "type": "Point",
        "coordinates": [3.1236, 36.6798]
      },
      "properties": {
        "bright_ti4": 336.46,
        "scan": 0.46,
        "track": 0.39,
        "acq_date": "2026-10-04",
        "acq_time": "1244",
        "satellite": "N",
        "instrument": "VIIRS",
        "confidence": "n",
        "version": "2.0NRT",
        "bright_ti5": 302.95,
        "frp": 3.56,
        "daynight": "D",
        "source_dataset": "VIIRS_SNPP_NRT",
        "acq_datetime_utc": "2026-10-04T12:44:00Z",
        "age_hours": 20.2,
        "confidence_label": "nominal",
        "popup_label": "<strong>NASA FIRMS<\/strong><br>Sensor: VIIRS_SNPP_NRT<br>Fecha UTC: 2026-10-04T12:44:00Z<br>Confianza: nominal<br>FRP: 3.56 MW"
      }
    },
    {
      "type": "Feature",
      "geometry": {
        "type": "Point",
        "coordinates": [4.4114, 36.8385]
      },
      "properties": {
        "bright_ti4": 331.35,
        "scan": 0.42,
        "track": 0.38,
        "acq_date": "2026-10-04",
        "acq_time": "1244",
        "satellite": "N",
        "instrument": "VIIRS",
        "confidence": "n",
        "version": "2.0NRT",
        "bright_ti5": 296.45,
        "frp": 3.53,
        "daynight": "D",
        "source_dataset": "VIIRS_SNPP_NRT",
        "acq_datetime_utc": "2026-10-04T12:44:00Z",
        "age_hours": 20.2,
        "confidence_label": "nominal",
        "popup_label": "<strong>NASA FIRMS<\/strong><br>Sensor: VIIRS_SNPP_NRT<br>Fecha UTC: 2026-10-04T12:44:00Z<br>Confianza: nominal<br>FRP: 3.53 MW"
      }
    },
    {
      "type": "Feature",
      "geometry": {
        "type": "Point",
        "coordinates": [3.0932, 39.3641]
      },
      "properties": {
        "bright_ti4": 347.6,
        "scan": 0.43,
        "track": 0.38,
        "acq_date": "2026-10-04",
        "acq_time": "1244",
        "satellite": "N",
        "instrument": "VIIRS",
        "confidence": "n",
        "version": "2.0NRT",
        "bright_ti5": 299.68,
        "frp": 4.8,
        "daynight": "D",
        "source_dataset": "VIIRS_SNPP_NRT",
        "acq_datetime_utc": "2026-10-04T12:44:00Z",
        "age_hours": 20.2,
        "confidence_label": "nominal",
        "popup_label": "<strong>NASA FIRMS<\/strong><br>Sensor: VIIRS_SNPP_NRT<br>Fecha UTC: 2026-10-04T12:44:00Z<br>Confianza: nominal<br>FRP: 4.8 MW"
      }
    },
    {
      "type": "Feature",
      "geometry": {
        "type": "Point",
        "coordinates": [3.1177, 39.3685]
      },
      "properties": {
        "bright_ti4": 335.37,
        "scan": 0.43,
        "track": 0.38,
        "acq_date": "2026-10-04",
        "acq_time": "1244",
        "satellite": "N",
        "instrument": "VIIRS",
        "confidence": "n",
        "version": "2.0NRT",
        "bright_ti5": 300.77,
        "frp": 3.22,
        "daynight": "D",
        "source_dataset": "VIIRS_SNPP_NRT",
        "acq_datetime_utc": "2026-10-04T12:44:00Z",
        "age_hours": 20.2,
        "confidence_label": "nominal",
        "popup_label": "<strong>NASA FIRMS<\/strong><br>Sensor: VIIRS_SNPP_NRT<br>Fecha UTC: 2026-10-04T12:44:00Z<br>Confianza: nominal<br>FRP: 3.22 MW"
      }
    },
    {
      "type": "Feature",
      "geometry": {
        "type": "Point",
        "coordinates": [3.3674, 39.5748]
      },
      "properties": {
        "bright_ti4": 348.39,
        "scan": 0.42,
        "track": 0.38,
        "acq_date": "2026-10-04",
        "acq_time": "1244",
        "satellite": "N",
        "instrument": "VIIRS",
        "confidence": "n",
        "version": "2.0NRT",
        "bright_ti5": 297.08,
        "frp": 5.55,
        "daynight": "D",
        "source_dataset": "VIIRS_SNPP_NRT",
        "acq_datetime_utc": "2026-10-04T12:44:00Z",
        "age_hours": 20.2,
        "confidence_label": "nominal",
        "popup_label": "<strong>NASA FIRMS<\/strong><br>Sensor: VIIRS_SNPP_NRT<br>Fecha UTC: 2026-10-04T12:44:00Z<br>Confianza: nominal<br>FRP: 5.55 MW"
      }
    },
    {
      "type": "Feature",
      "geometry": {
        "type": "Point",
        "coordinates": [3.3664, 39.5782]
      },
      "properties": {
        "bright_ti4": 343.66,
        "scan": 0.42,
        "track": 0.38,
        "acq_date": "2026-10-04",
        "acq_time": "1244",
        "satellite": "N",
        "instrument": "VIIRS",
        "confidence": "n",
        "version": "2.0NRT",
        "bright_ti5": 295.78,
        "frp": 3.72,
        "daynight": "D",
        "source_dataset": "VIIRS_SNPP_NRT",
        "acq_datetime_utc": "2026-10-04T12:44:00Z",
        "age_hours": 20.2,
        "confidence_label": "nominal",
        "popup_label": "<strong>NASA FIRMS<\/strong><br>Sensor: VIIRS_SNPP_NRT<br>Fecha UTC: 2026-10-04T12:44:00Z<br>Confianza: nominal<br>FRP: 3.72 MW"
      }
    },
    {
      "type": "Feature",
      "geometry": {
        "type": "Point",
        "coordinates": [3.1449, 39.7539]
      },
      "properties": {
        "bright_ti4": 336.2,
        "scan": 0.42,
        "track": 0.38,
        "acq_date": "2026-10-04",
        "acq_time": "1244",
        "satellite": "N",
        "instrument": "VIIRS",
        "confidence": "n",
        "version": "2.0NRT",
        "bright_ti5": 298.95,
        "frp": 2.44,
        "daynight": "D",
        "source_dataset": "VIIRS_SNPP_NRT",
        "acq_datetime_utc": "2026-10-04T12:44:00Z",
        "age_hours": 20.2,
        "confidence_label": "nominal",
        "popup_label": "<strong>NASA FIRMS<\/strong><br>Sensor: VIIRS_SNPP_NRT<br>Fecha UTC: 2026-10-04T12:44:00Z<br>Confianza: nominal<br>FRP: 2.44 MW"
      }
    },
    {
      "type": "Feature",
      "geometry": {
        "type": "Point",
        "coordinates": [2.9301, 30.1302]
      },
      "properties": {
        "bright_ti4": 350.56,
        "scan": 0.4,
        "track": 0.45,
        "acq_date": "2026-10-04",
        "acq_time": "1242",
        "satellite": "N",
        "instrument": "VIIRS",
        "confidence": "n",
        "version": "2.0NRT",
        "bright_ti5": 316.24,
        "frp": 34.71,
        "daynight": "D",
        "source_dataset": "VIIRS_SNPP_NRT",
        "acq_datetime_utc": "2026-10-04T12:42:00Z",
        "age_hours": 20.2,
        "confidence_label": "nominal",
        "popup_label": "<strong>NASA FIRMS<\/strong><br>Sensor: VIIRS_SNPP_NRT<br>Fecha UTC: 2026-10-04T12:42:00Z<br>Confianza: nominal<br>FRP: 34.71 MW"
      }
    },
    {
      "type": "Feature",
      "geometry": {
        "type": "Point",
        "coordinates": [2.9343, 30.131]
      },
      "properties": {
        "bright_ti4": 343.26,
        "scan": 0.4,
        "track": 0.44,
        "acq_date": "2026-10-04",
        "acq_time": "1242",
        "satellite": "N",
        "instrument": "VIIRS",
        "confidence": "n",
        "version": "2.0NRT",
        "bright_ti5": 306.93,
        "frp": 14.31,
        "daynight": "D",
        "source_dataset": "VIIRS_SNPP_NRT",
        "acq_datetime_utc": "2026-10-04T12:42:00Z",
        "age_hours": 20.2,
        "confidence_label": "nominal",
        "popup_label": "<strong>NASA FIRMS<\/strong><br>Sensor: VIIRS_SNPP_NRT<br>Fecha UTC: 2026-10-04T12:42:00Z<br>Confianza: nominal<br>FRP: 14.31 MW"
      }
    },
    {
      "type": "Feature",
      "geometry": {
        "type": "Point",
        "coordinates": [3.9894, 32.2777]
      },
      "properties": {
        "bright_ti4": 337.87,
        "scan": 0.49,
        "track": 0.41,
        "acq_date": "2026-10-04",
        "acq_time": "1242",
        "satellite": "N",
        "instrument": "VIIRS",
        "confidence": "n",
        "version": "2.0NRT",
        "bright_ti5": 304.22,
        "frp": 5.58,
        "daynight": "D",
        "source_dataset": "VIIRS_SNPP_NRT",
        "acq_datetime_utc": "2026-10-04T12:42:00Z",
        "age_hours": 20.2,
        "confidence_label": "nominal",
        "popup_label": "<strong>NASA FIRMS<\/strong><br>Sensor: VIIRS_SNPP_NRT<br>Fecha UTC: 2026-10-04T12:42:00Z<br>Confianza: nominal<br>FRP: 5.58 MW"
      }
    },
    {
      "type": "Feature",
      "geometry": {
        "type": "Point",
        "coordinates": [3.1661, 32.5535]
      },
      "properties": {
        "bright_ti4": 336.66,
        "scan": 0.53,
        "track": 0.42,
        "acq_date": "2026-10-04",
        "acq_time": "1242",
        "satellite": "N",
        "instrument": "VIIRS",
        "confidence": "n",
        "version": "2.0NRT",
        "bright_ti5": 302.06,
        "frp": 3.22,
        "daynight": "D",
        "source_dataset": "VIIRS_SNPP_NRT",
        "acq_datetime_utc": "2026-10-04T12:42:00Z",
        "age_hours": 20.2,
        "confidence_label": "nominal",
        "popup_label": "<strong>NASA FIRMS<\/strong><br>Sensor: VIIRS_SNPP_NRT<br>Fecha UTC: 2026-10-04T12:42:00Z<br>Confianza: nominal<br>FRP: 3.22 MW"
      }
    },
    {
      "type": "Feature",
      "geometry": {
        "type": "Point",
        "coordinates": [3.1717, 32.5546]
      },
      "properties": {
        "bright_ti4": 335.9,
        "scan": 0.53,
        "track": 0.42,
        "acq_date": "2026-10-04",
        "acq_time": "1242",
        "satellite": "N",
        "instrument": "VIIRS",
        "confidence": "n",
        "version": "2.0NRT",
        "bright_ti5": 302.47,
        "frp": 3.22,
        "daynight": "D",
        "source_dataset": "VIIRS_SNPP_NRT",
        "acq_datetime_utc": "2026-10-04T12:42:00Z",
        "age_hours": 20.2,
        "confidence_label": "nominal",
        "popup_label": "<strong>NASA FIRMS<\/strong><br>Sensor: VIIRS_SNPP_NRT<br>Fecha UTC: 2026-10-04T12:42:00Z<br>Confianza: nominal<br>FRP: 3.22 MW"
      }
    },
    {
      "type": "Feature",
      "geometry": {
        "type": "Point",
        "coordinates": [3.3942, 32.844]
      },
      "properties": {
        "bright_ti4": 338.08,
        "scan": 0.52,
        "track": 0.41,
        "acq_date": "2026-10-04",
        "acq_time": "1242",
        "satellite": "N",
        "instrument": "VIIRS",
        "confidence": "n",
        "version": "2.0NRT",
        "bright_ti5": 300.87,
        "frp": 3.24,
        "daynight": "D",
        "source_dataset": "VIIRS_SNPP_NRT",
        "acq_datetime_utc": "2026-10-04T12:42:00Z",
        "age_hours": 20.2,
        "confidence_label": "nominal",
        "popup_label": "<strong>NASA FIRMS<\/strong><br>Sensor: VIIRS_SNPP_NRT<br>Fecha UTC: 2026-10-04T12:42:00Z<br>Confianza: nominal<br>FRP: 3.24 MW"
      }
    },
    {
      "type": "Feature",
      "geometry": {
        "type": "Point",
        "coordinates": [3.3326, 33.118]
      },
      "properties": {
        "bright_ti4": 336.13,
        "scan": 0.51,
        "track": 0.41,
        "acq_date": "2026-10-04",
        "acq_time": "1242",
        "satellite": "N",
        "instrument": "VIIRS",
        "confidence": "n",
        "version": "2.0NRT",
        "bright_ti5": 302.92,
        "frp": 9.39,
        "daynight": "D",
        "source_dataset": "VIIRS_SNPP_NRT",
        "acq_datetime_utc": "2026-10-04T12:42:00Z",
        "age_hours": 20.2,
        "confidence_label": "nominal",
        "popup_label": "<strong>NASA FIRMS<\/strong><br>Sensor: VIIRS_SNPP_NRT<br>Fecha UTC: 2026-10-04T12:42:00Z<br>Confianza: nominal<br>FRP: 9.39 MW"
      }
    },
    {
      "type": "Feature",
      "geometry": {
        "type": "Point",
        "coordinates": [-0.5179, 28.2017]
      },
      "properties": {
        "bright_ti4": 348.99,
        "scan": 0.35,
        "track": 0.57,
        "acq_date": "2026-10-04",
        "acq_time": "1240",
        "satellite": "N",
        "instrument": "VIIRS",
        "confidence": "n",
        "version": "2.0NRT",
        "bright_ti5": 308.71,
        "frp": 2.13,
        "daynight": "D",
        "source_dataset": "VIIRS_SNPP_NRT",
        "acq_datetime_utc": "2026-10-04T12:40:00Z",
        "age_hours": 20.3,
        "confidence_label": "nominal",
        "popup_label": "<strong>NASA FIRMS<\/strong><br>Sensor: VIIRS_SNPP_NRT<br>Fecha UTC: 2026-10-04T12:40:00Z<br>Confianza: nominal<br>FRP: 2.13 MW"
      }
    },
    {
      "type": "Feature",
      "geometry": {
        "type": "Point",
        "coordinates": [-0.1595, 28.213]
      },
      "properties": {
        "bright_ti4": 340.87,
        "scan": 0.33,
        "track": 0.55,
        "acq_date": "2026-10-04",
        "acq_time": "1240",
        "satellite": "N",
        "instrument": "VIIRS",
        "confidence": "n",
        "version": "2.0NRT",
        "bright_ti5": 309,
        "frp": 1.51,
        "daynight": "D",
        "source_dataset": "VIIRS_SNPP_NRT",
        "acq_datetime_utc": "2026-10-04T12:40:00Z",
        "age_hours": 20.3,
        "confidence_label": "nominal",
        "popup_label": "<strong>NASA FIRMS<\/strong><br>Sensor: VIIRS_SNPP_NRT<br>Fecha UTC: 2026-10-04T12:40:00Z<br>Confianza: nominal<br>FRP: 1.51 MW"
      }
    },
    {
      "type": "Feature",
      "geometry": {
        "type": "Point",
        "coordinates": [-1.3403, 35.3098]
      },
      "properties": {
        "bright_ti4": 300.64,
        "scan": 0.5,
        "track": 0.66,
        "acq_date": "2026-10-04",
        "acq_time": "0304",
        "satellite": "N",
        "instrument": "VIIRS",
        "confidence": "n",
        "version": "2.0NRT",
        "bright_ti5": 288.36,
        "frp": 0.97,
        "daynight": "N",
        "source_dataset": "VIIRS_SNPP_NRT",
        "acq_datetime_utc": "2026-10-04T03:04:00Z",
        "age_hours": 29.9,
        "confidence_label": "nominal",
        "popup_label": "<strong>NASA FIRMS<\/strong><br>Sensor: VIIRS_SNPP_NRT<br>Fecha UTC: 2026-10-04T03:04:00Z<br>Confianza: nominal<br>FRP: 0.97 MW"
      }
    },
    {
      "type": "Feature",
      "geometry": {
        "type": "Point",
        "coordinates": [-0.3946, 35.4599]
      },
      "properties": {
        "bright_ti4": 304.05,
        "scan": 0.56,
        "track": 0.69,
        "acq_date": "2026-10-04",
        "acq_time": "0304",
        "satellite": "N",
        "instrument": "VIIRS",
        "confidence": "n",
        "version": "2.0NRT",
        "bright_ti5": 282.91,
        "frp": 1.02,
        "daynight": "N",
        "source_dataset": "VIIRS_SNPP_NRT",
        "acq_datetime_utc": "2026-10-04T03:04:00Z",
        "age_hours": 29.9,
        "confidence_label": "nominal",
        "popup_label": "<strong>NASA FIRMS<\/strong><br>Sensor: VIIRS_SNPP_NRT<br>Fecha UTC: 2026-10-04T03:04:00Z<br>Confianza: nominal<br>FRP: 1.02 MW"
      }
    },
    {
      "type": "Feature",
      "geometry": {
        "type": "Point",
        "coordinates": [-0.3936, 35.4624]
      },
      "properties": {
        "bright_ti4": 297.86,
        "scan": 0.56,
        "track": 0.69,
        "acq_date": "2026-10-04",
        "acq_time": "0304",
        "satellite": "N",
        "instrument": "VIIRS",
        "confidence": "n",
        "version": "2.0NRT",
        "bright_ti5": 280.2,
        "frp": 0.39,
        "daynight": "N",
        "source_dataset": "VIIRS_SNPP_NRT",
        "acq_datetime_utc": "2026-10-04T03:04:00Z",
        "age_hours": 29.9,
        "confidence_label": "nominal",
        "popup_label": "<strong>NASA FIRMS<\/strong><br>Sensor: VIIRS_SNPP_NRT<br>Fecha UTC: 2026-10-04T03:04:00Z<br>Confianza: nominal<br>FRP: 0.39 MW"
      }
    },
    {
      "type": "Feature",
      "geometry": {
        "type": "Point",
        "coordinates": [-0.2635, 35.7667]
      },
      "properties": {
        "bright_ti4": 300.31,
        "scan": 0.56,
        "track": 0.69,
        "acq_date": "2026-10-04",
        "acq_time": "0304",
        "satellite": "N",
        "instrument": "VIIRS",
        "confidence": "n",
        "version": "2.0NRT",
        "bright_ti5": 280.38,
        "frp": 2.1,
        "daynight": "N",
        "source_dataset": "VIIRS_SNPP_NRT",
        "acq_datetime_utc": "2026-10-04T03:04:00Z",
        "age_hours": 29.9,
        "confidence_label": "nominal",
        "popup_label": "<strong>NASA FIRMS<\/strong><br>Sensor: VIIRS_SNPP_NRT<br>Fecha UTC: 2026-10-04T03:04:00Z<br>Confianza: nominal<br>FRP: 2.1 MW"
      }
    },
    {
      "type": "Feature",
      "geometry": {
        "type": "Point",
        "coordinates": [-0.2521, 35.8044]
      },
      "properties": {
        "bright_ti4": 353.11,
        "scan": 0.56,
        "track": 0.69,
        "acq_date": "2026-10-04",
        "acq_time": "0304",
        "satellite": "N",
        "instrument": "VIIRS",
        "confidence": "n",
        "version": "2.0NRT",
        "bright_ti5": 282.54,
        "frp": 7.25,
        "daynight": "N",
        "source_dataset": "VIIRS_SNPP_NRT",
        "acq_datetime_utc": "2026-10-04T03:04:00Z",
        "age_hours": 29.9,
        "confidence_label": "nominal",
        "popup_label": "<strong>NASA FIRMS<\/strong><br>Sensor: VIIRS_SNPP_NRT<br>Fecha UTC: 2026-10-04T03:04:00Z<br>Confianza: nominal<br>FRP: 7.25 MW"
      }
    },
    {
      "type": "Feature",
      "geometry": {
        "type": "Point",
        "coordinates": [-0.2582, 35.8062]
      },
      "properties": {
        "bright_ti4": 298.21,
        "scan": 0.56,
        "track": 0.69,
        "acq_date": "2026-10-04",
        "acq_time": "0304",
        "satellite": "N",
        "instrument": "VIIRS",
        "confidence": "n",
        "version": "2.0NRT",
        "bright_ti5": 282.47,
        "frp": 5.17,
        "daynight": "N",
        "source_dataset": "VIIRS_SNPP_NRT",
        "acq_datetime_utc": "2026-10-04T03:04:00Z",
        "age_hours": 29.9,
        "confidence_label": "nominal",
        "popup_label": "<strong>NASA FIRMS<\/strong><br>Sensor: VIIRS_SNPP_NRT<br>Fecha UTC: 2026-10-04T03:04:00Z<br>Confianza: nominal<br>FRP: 5.17 MW"
      }
    },
    {
      "type": "Feature",
      "geometry": {
        "type": "Point",
        "coordinates": [-0.2489, 35.8103]
      },
      "properties": {
        "bright_ti4": 313.47,
        "scan": 0.56,
        "track": 0.69,
        "acq_date": "2026-10-04",
        "acq_time": "0304",
        "satellite": "N",
        "instrument": "VIIRS",
        "confidence": "n",
        "version": "2.0NRT",
        "bright_ti5": 282.62,
        "frp": 3.43,
        "daynight": "N",
        "source_dataset": "VIIRS_SNPP_NRT",
        "acq_datetime_utc": "2026-10-04T03:04:00Z",
        "age_hours": 29.9,
        "confidence_label": "nominal",
        "popup_label": "<strong>NASA FIRMS<\/strong><br>Sensor: VIIRS_SNPP_NRT<br>Fecha UTC: 2026-10-04T03:04:00Z<br>Confianza: nominal<br>FRP: 3.43 MW"
      }
    },
    {
      "type": "Feature",
      "geometry": {
        "type": "Point",
        "coordinates": [-0.255, 35.8122]
      },
      "properties": {
        "bright_ti4": 300.26,
        "scan": 0.56,
        "track": 0.69,
        "acq_date": "2026-10-04",
        "acq_time": "0304",
        "satellite": "N",
        "instrument": "VIIRS",
        "confidence": "n",
        "version": "2.0NRT",
        "bright_ti5": 282.48,
        "frp": 3.26,
        "daynight": "N",
        "source_dataset": "VIIRS_SNPP_NRT",
        "acq_datetime_utc": "2026-10-04T03:04:00Z",
        "age_hours": 29.9,
        "confidence_label": "nominal",
        "popup_label": "<strong>NASA FIRMS<\/strong><br>Sensor: VIIRS_SNPP_NRT<br>Fecha UTC: 2026-10-04T03:04:00Z<br>Confianza: nominal<br>FRP: 3.26 MW"
      }
    },
    {
      "type": "Feature",
      "geometry": {
        "type": "Point",
        "coordinates": [-0.267, 35.8157]
      },
      "properties": {
        "bright_ti4": 306.52,
        "scan": 0.56,
        "track": 0.68,
        "acq_date": "2026-10-04",
        "acq_time": "0304",
        "satellite": "N",
        "instrument": "VIIRS",
        "confidence": "n",
        "version": "2.0NRT",
        "bright_ti5": 283.19,
        "frp": 2.02,
        "daynight": "N",
        "source_dataset": "VIIRS_SNPP_NRT",
        "acq_datetime_utc": "2026-10-04T03:04:00Z",
        "age_hours": 29.9,
        "confidence_label": "nominal",
        "popup_label": "<strong>NASA FIRMS<\/strong><br>Sensor: VIIRS_SNPP_NRT<br>Fecha UTC: 2026-10-04T03:04:00Z<br>Confianza: nominal<br>FRP: 2.02 MW"
      }
    },
    {
      "type": "Feature",
      "geometry": {
        "type": "Point",
        "coordinates": [1.2461, 36.1247]
      },
      "properties": {
        "bright_ti4": 300.82,
        "scan": 0.65,
        "track": 0.73,
        "acq_date": "2026-10-04",
        "acq_time": "0302",
        "satellite": "N",
        "instrument": "VIIRS",
        "confidence": "n",
        "version": "2.0NRT",
        "bright_ti5": 284.64,
        "frp": 1.31,
        "daynight": "N",
        "source_dataset": "VIIRS_SNPP_NRT",
        "acq_datetime_utc": "2026-10-04T03:02:00Z",
        "age_hours": 29.9,
        "confidence_label": "nominal",
        "popup_label": "<strong>NASA FIRMS<\/strong><br>Sensor: VIIRS_SNPP_NRT<br>Fecha UTC: 2026-10-04T03:02:00Z<br>Confianza: nominal<br>FRP: 1.31 MW"
      }
    },
    {
      "type": "Feature",
      "geometry": {
        "type": "Point",
        "coordinates": [-0.5422, 38.379]
      },
      "properties": {
        "bright_ti4": 298.72,
        "scan": 0.46,
        "track": 0.63,
        "acq_date": "2026-10-04",
        "acq_time": "0302",
        "satellite": "N",
        "instrument": "VIIRS",
        "confidence": "n",
        "version": "2.0NRT",
        "bright_ti5": 281.81,
        "frp": 0.36,
        "daynight": "N",
        "source_dataset": "VIIRS_SNPP_NRT",
        "acq_datetime_utc": "2026-10-04T03:02:00Z",
        "age_hours": 29.9,
        "confidence_label": "nominal",
        "popup_label": "<strong>NASA FIRMS<\/strong><br>Sensor: VIIRS_SNPP_NRT<br>Fecha UTC: 2026-10-04T03:02:00Z<br>Confianza: nominal<br>FRP: 0.36 MW"
      }
    },
    {
      "type": "Feature",
      "geometry": {
        "type": "Point",
        "coordinates": [-8.4342, 43.3459]
      },
      "properties": {
        "bright_ti4": 304.34,
        "scan": 0.46,
        "track": 0.39,
        "acq_date": "2026-10-04",
        "acq_time": "0302",
        "satellite": "N",
        "instrument": "VIIRS",
        "confidence": "n",
        "version": "2.0NRT",
        "bright_ti5": 286.72,
        "frp": 0.77,
        "daynight": "N",
        "source_dataset": "VIIRS_SNPP_NRT",
        "acq_datetime_utc": "2026-10-04T03:02:00Z",
        "age_hours": 29.9,
        "confidence_label": "nominal",
        "popup_label": "<strong>NASA FIRMS<\/strong><br>Sensor: VIIRS_SNPP_NRT<br>Fecha UTC: 2026-10-04T03:02:00Z<br>Confianza: nominal<br>FRP: 0.77 MW"
      }
    },
    {
      "type": "Feature",
      "geometry": {
        "type": "Point",
        "coordinates": [4.8978, 43.4337]
      },
      "properties": {
        "bright_ti4": 299.04,
        "scan": 0.59,
        "track": 0.7,
        "acq_date": "2026-10-04",
        "acq_time": "0300",
        "satellite": "N",
        "instrument": "VIIRS",
        "confidence": "n",
        "version": "2.0NRT",
        "bright_ti5": 283.02,
        "frp": 1.53,
        "daynight": "N",
        "source_dataset": "VIIRS_SNPP_NRT",
        "acq_datetime_utc": "2026-10-04T03:00:00Z",
        "age_hours": 29.9,
        "confidence_label": "nominal",
        "popup_label": "<strong>NASA FIRMS<\/strong><br>Sensor: VIIRS_SNPP_NRT<br>Fecha UTC: 2026-10-04T03:00:00Z<br>Confianza: nominal<br>FRP: 1.53 MW"
      }
    },
    {
      "type": "Feature",
      "geometry": {
        "type": "Point",
        "coordinates": [4.8959, 43.4337]
      },
      "properties": {
        "bright_ti4": 299.74,
        "scan": 0.59,
        "track": 0.7,
        "acq_date": "2026-10-04",
        "acq_time": "0300",
        "satellite": "N",
        "instrument": "VIIRS",
        "confidence": "n",
        "version": "2.0NRT",
        "bright_ti5": 283.42,
        "frp": 1.89,
        "daynight": "N",
        "source_dataset": "VIIRS_SNPP_NRT",
        "acq_datetime_utc": "2026-10-04T03:00:00Z",
        "age_hours": 29.9,
        "confidence_label": "nominal",
        "popup_label": "<strong>NASA FIRMS<\/strong><br>Sensor: VIIRS_SNPP_NRT<br>Fecha UTC: 2026-10-04T03:00:00Z<br>Confianza: nominal<br>FRP: 1.89 MW"
      }
    },
    {
      "type": "Feature",
      "geometry": {
        "type": "Point",
        "coordinates": [4.8909, 43.436]
      },
      "properties": {
        "bright_ti4": 310.27,
        "scan": 0.59,
        "track": 0.7,
        "acq_date": "2026-10-04",
        "acq_time": "0300",
        "satellite": "N",
        "instrument": "VIIRS",
        "confidence": "n",
        "version": "2.0NRT",
        "bright_ti5": 284.3,
        "frp": 1.53,
        "daynight": "N",
        "source_dataset": "VIIRS_SNPP_NRT",
        "acq_datetime_utc": "2026-10-04T03:00:00Z",
        "age_hours": 29.9,
        "confidence_label": "nominal",
        "popup_label": "<strong>NASA FIRMS<\/strong><br>Sensor: VIIRS_SNPP_NRT<br>Fecha UTC: 2026-10-04T03:00:00Z<br>Confianza: nominal<br>FRP: 1.53 MW"
      }
    },
    {
      "type": "Feature",
      "geometry": {
        "type": "Point",
        "coordinates": [4.889, 43.436]
      },
      "properties": {
        "bright_ti4": 308.53,
        "scan": 0.59,
        "track": 0.7,
        "acq_date": "2026-10-04",
        "acq_time": "0300",
        "satellite": "N",
        "instrument": "VIIRS",
        "confidence": "n",
        "version": "2.0NRT",
        "bright_ti5": 284.25,
        "frp": 2.94,
        "daynight": "N",
        "source_dataset": "VIIRS_SNPP_NRT",
        "acq_datetime_utc": "2026-10-04T03:00:00Z",
        "age_hours": 29.9,
        "confidence_label": "nominal",
        "popup_label": "<strong>NASA FIRMS<\/strong><br>Sensor: VIIRS_SNPP_NRT<br>Fecha UTC: 2026-10-04T03:00:00Z<br>Confianza: nominal<br>FRP: 2.94 MW"
      }
    },
    {
      "type": "Feature",
      "geometry": {
        "type": "Point",
        "coordinates": [4.9016, 43.4396]
      },
      "properties": {
        "bright_ti4": 299.49,
        "scan": 0.59,
        "track": 0.7,
        "acq_date": "2026-10-04",
        "acq_time": "0300",
        "satellite": "N",
        "instrument": "VIIRS",
        "confidence": "n",
        "version": "2.0NRT",
        "bright_ti5": 281.87,
        "frp": 1.13,
        "daynight": "N",
        "source_dataset": "VIIRS_SNPP_NRT",
        "acq_datetime_utc": "2026-10-04T03:00:00Z",
        "age_hours": 29.9,
        "confidence_label": "nominal",
        "popup_label": "<strong>NASA FIRMS<\/strong><br>Sensor: VIIRS_SNPP_NRT<br>Fecha UTC: 2026-10-04T03:00:00Z<br>Confianza: nominal<br>FRP: 1.13 MW"
      }
    },
    {
      "type": "Feature",
      "geometry": {
        "type": "Point",
        "coordinates": [4.8997, 43.4397]
      },
      "properties": {
        "bright_ti4": 297.85,
        "scan": 0.59,
        "track": 0.7,
        "acq_date": "2026-10-04",
        "acq_time": "0300",
        "satellite": "N",
        "instrument": "VIIRS",
        "confidence": "n",
        "version": "2.0NRT",
        "bright_ti5": 282.25,
        "frp": 0.97,
        "daynight": "N",
        "source_dataset": "VIIRS_SNPP_NRT",
        "acq_datetime_utc": "2026-10-04T03:00:00Z",
        "age_hours": 29.9,
        "confidence_label": "nominal",
        "popup_label": "<strong>NASA FIRMS<\/strong><br>Sensor: VIIRS_SNPP_NRT<br>Fecha UTC: 2026-10-04T03:00:00Z<br>Confianza: nominal<br>FRP: 0.97 MW"
      }
    },
    {
      "type": "Feature",
      "geometry": {
        "type": "Point",
        "coordinates": [4.8946, 43.4419]
      },
      "properties": {
        "bright_ti4": 301.79,
        "scan": 0.59,
        "track": 0.7,
        "acq_date": "2026-10-04",
        "acq_time": "0300",
        "satellite": "N",
        "instrument": "VIIRS",
        "confidence": "n",
        "version": "2.0NRT",
        "bright_ti5": 282.86,
        "frp": 1.13,
        "daynight": "N",
        "source_dataset": "VIIRS_SNPP_NRT",
        "acq_datetime_utc": "2026-10-04T03:00:00Z",
        "age_hours": 29.9,
        "confidence_label": "nominal",
        "popup_label": "<strong>NASA FIRMS<\/strong><br>Sensor: VIIRS_SNPP_NRT<br>Fecha UTC: 2026-10-04T03:00:00Z<br>Confianza: nominal<br>FRP: 1.13 MW"
      }
    },
    {
      "type": "Feature",
      "geometry": {
        "type": "Point",
        "coordinates": [4.8928, 43.442]
      },
      "properties": {
        "bright_ti4": 299.79,
        "scan": 0.59,
        "track": 0.7,
        "acq_date": "2026-10-04",
        "acq_time": "0300",
        "satellite": "N",
        "instrument": "VIIRS",
        "confidence": "n",
        "version": "2.0NRT",
        "bright_ti5": 282.95,
        "frp": 1.48,
        "daynight": "N",
        "source_dataset": "VIIRS_SNPP_NRT",
        "acq_datetime_utc": "2026-10-04T03:00:00Z",
        "age_hours": 29.9,
        "confidence_label": "nominal",
        "popup_label": "<strong>NASA FIRMS<\/strong><br>Sensor: VIIRS_SNPP_NRT<br>Fecha UTC: 2026-10-04T03:00:00Z<br>Confianza: nominal<br>FRP: 1.48 MW"
      }
    },
    {
      "type": "Feature",
      "geometry": {
        "type": "Point",
        "coordinates": [4.9034, 43.4457]
      },
      "properties": {
        "bright_ti4": 305.24,
        "scan": 0.59,
        "track": 0.7,
        "acq_date": "2026-10-04",
        "acq_time": "0300",
        "satellite": "N",
        "instrument": "VIIRS",
        "confidence": "n",
        "version": "2.0NRT",
        "bright_ti5": 282.63,
        "frp": 0.97,
        "daynight": "N",
        "source_dataset": "VIIRS_SNPP_NRT",
        "acq_datetime_utc": "2026-10-04T03:00:00Z",
        "age_hours": 29.9,
        "confidence_label": "nominal",
        "popup_label": "<strong>NASA FIRMS<\/strong><br>Sensor: VIIRS_SNPP_NRT<br>Fecha UTC: 2026-10-04T03:00:00Z<br>Confianza: nominal<br>FRP: 0.97 MW"
      }
    },
    {
      "type": "Feature",
      "geometry": {
        "type": "Point",
        "coordinates": [4.8985, 43.4479]
      },
      "properties": {
        "bright_ti4": 306.52,
        "scan": 0.59,
        "track": 0.7,
        "acq_date": "2026-10-04",
        "acq_time": "0300",
        "satellite": "N",
        "instrument": "VIIRS",
        "confidence": "n",
        "version": "2.0NRT",
        "bright_ti5": 283.13,
        "frp": 1.13,
        "daynight": "N",
        "source_dataset": "VIIRS_SNPP_NRT",
        "acq_datetime_utc": "2026-10-04T03:00:00Z",
        "age_hours": 29.9,
        "confidence_label": "nominal",
        "popup_label": "<strong>NASA FIRMS<\/strong><br>Sensor: VIIRS_SNPP_NRT<br>Fecha UTC: 2026-10-04T03:00:00Z<br>Confianza: nominal<br>FRP: 1.13 MW"
      }
    },
    {
      "type": "Feature",
      "geometry": {
        "type": "Point",
        "coordinates": [4.8965, 43.448]
      },
      "properties": {
        "bright_ti4": 301.99,
        "scan": 0.59,
        "track": 0.7,
        "acq_date": "2026-10-04",
        "acq_time": "0300",
        "satellite": "N",
        "instrument": "VIIRS",
        "confidence": "n",
        "version": "2.0NRT",
        "bright_ti5": 282.63,
        "frp": 1.48,
        "daynight": "N",
        "source_dataset": "VIIRS_SNPP_NRT",
        "acq_datetime_utc": "2026-10-04T03:00:00Z",
        "age_hours": 29.9,
        "confidence_label": "nominal",
        "popup_label": "<strong>NASA FIRMS<\/strong><br>Sensor: VIIRS_SNPP_NRT<br>Fecha UTC: 2026-10-04T03:00:00Z<br>Confianza: nominal<br>FRP: 1.48 MW"
      }
    },
    {
      "type": "Feature",
      "geometry": {
        "type": "Point",
        "coordinates": [0.2373, 27.8221]
      },
      "properties": {
        "bright_ti4": 338.44,
        "scan": 0.51,
        "track": 0.49,
        "acq_date": "2026-10-04",
        "acq_time": "0126",
        "satellite": "N",
        "instrument": "VIIRS",
        "confidence": "n",
        "version": "2.0NRT",
        "bright_ti5": 292.06,
        "frp": 8.7,
        "daynight": "N",
        "source_dataset": "VIIRS_SNPP_NRT",
        "acq_datetime_utc": "2026-10-04T01:26:00Z",
        "age_hours": 31.5,
        "confidence_label": "nominal",
        "popup_label": "<strong>NASA FIRMS<\/strong><br>Sensor: VIIRS_SNPP_NRT<br>Fecha UTC: 2026-10-04T01:26:00Z<br>Confianza: nominal<br>FRP: 8.7 MW"
      }
    },
    {
      "type": "Feature",
      "geometry": {
        "type": "Point",
        "coordinates": [-0.5172, 28.1975]
      },
      "properties": {
        "bright_ti4": 311.68,
        "scan": 0.57,
        "track": 0.52,
        "acq_date": "2026-10-04",
        "acq_time": "0126",
        "satellite": "N",
        "instrument": "VIIRS",
        "confidence": "n",
        "version": "2.0NRT",
        "bright_ti5": 290.83,
        "frp": 1.57,
        "daynight": "N",
        "source_dataset": "VIIRS_SNPP_NRT",
        "acq_datetime_utc": "2026-10-04T01:26:00Z",
        "age_hours": 31.5,
        "confidence_label": "nominal",
        "popup_label": "<strong>NASA FIRMS<\/strong><br>Sensor: VIIRS_SNPP_NRT<br>Fecha UTC: 2026-10-04T01:26:00Z<br>Confianza: nominal<br>FRP: 1.57 MW"
      }
    },
    {
      "type": "Feature",
      "geometry": {
        "type": "Point",
        "coordinates": [-0.5166, 28.2023]
      },
      "properties": {
        "bright_ti4": 303.6,
        "scan": 0.57,
        "track": 0.52,
        "acq_date": "2026-10-04",
        "acq_time": "0126",
        "satellite": "N",
        "instrument": "VIIRS",
        "confidence": "n",
        "version": "2.0NRT",
        "bright_ti5": 290.94,
        "frp": 1.57,
        "daynight": "N",
        "source_dataset": "VIIRS_SNPP_NRT",
        "acq_datetime_utc": "2026-10-04T01:26:00Z",
        "age_hours": 31.5,
        "confidence_label": "nominal",
        "popup_label": "<strong>NASA FIRMS<\/strong><br>Sensor: VIIRS_SNPP_NRT<br>Fecha UTC: 2026-10-04T01:26:00Z<br>Confianza: nominal<br>FRP: 1.57 MW"
      }
    },
    {
      "type": "Feature",
      "geometry": {
        "type": "Point",
        "coordinates": [-0.159, 28.2104]
      },
      "properties": {
        "bright_ti4": 305.88,
        "scan": 0.54,
        "track": 0.51,
        "acq_date": "2026-10-04",
        "acq_time": "0126",
        "satellite": "N",
        "instrument": "VIIRS",
        "confidence": "n",
        "version": "2.0NRT",
        "bright_ti5": 291.47,
        "frp": 1,
        "daynight": "N",
        "source_dataset": "VIIRS_SNPP_NRT",
        "acq_datetime_utc": "2026-10-04T01:26:00Z",
        "age_hours": 31.5,
        "confidence_label": "nominal",
        "popup_label": "<strong>NASA FIRMS<\/strong><br>Sensor: VIIRS_SNPP_NRT<br>Fecha UTC: 2026-10-04T01:26:00Z<br>Confianza: nominal<br>FRP: 1 MW"
      }
    },
    {
      "type": "Feature",
      "geometry": {
        "type": "Point",
        "coordinates": [-0.1583, 28.2111]
      },
      "properties": {
        "bright_ti4": 310.32,
        "scan": 0.54,
        "track": 0.51,
        "acq_date": "2026-10-04",
        "acq_time": "0126",
        "satellite": "N",
        "instrument": "VIIRS",
        "confidence": "n",
        "version": "2.0NRT",
        "bright_ti5": 291.65,
        "frp": 1.3,
        "daynight": "N",
        "source_dataset": "VIIRS_SNPP_NRT",
        "acq_datetime_utc": "2026-10-04T01:26:00Z",
        "age_hours": 31.5,
        "confidence_label": "nominal",
        "popup_label": "<strong>NASA FIRMS<\/strong><br>Sensor: VIIRS_SNPP_NRT<br>Fecha UTC: 2026-10-04T01:26:00Z<br>Confianza: nominal<br>FRP: 1.3 MW"
      }
    },
    {
      "type": "Feature",
      "geometry": {
        "type": "Point",
        "coordinates": [3.9871, 32.2751]
      },
      "properties": {
        "bright_ti4": 319.18,
        "scan": 0.54,
        "track": 0.42,
        "acq_date": "2026-10-04",
        "acq_time": "0124",
        "satellite": "N",
        "instrument": "VIIRS",
        "confidence": "n",
        "version": "2.0NRT",
        "bright_ti5": 288.83,
        "frp": 2.36,
        "daynight": "N",
        "source_dataset": "VIIRS_SNPP_NRT",
        "acq_datetime_utc": "2026-10-04T01:24:00Z",
        "age_hours": 31.5,
        "confidence_label": "nominal",
        "popup_label": "<strong>NASA FIRMS<\/strong><br>Sensor: VIIRS_SNPP_NRT<br>Fecha UTC: 2026-10-04T01:24:00Z<br>Confianza: nominal<br>FRP: 2.36 MW"
      }
    },
    {
      "type": "Feature",
      "geometry": {
        "type": "Point",
        "coordinates": [3.9877, 32.279]
      },
      "properties": {
        "bright_ti4": 303.46,
        "scan": 0.54,
        "track": 0.42,
        "acq_date": "2026-10-04",
        "acq_time": "0124",
        "satellite": "N",
        "instrument": "VIIRS",
        "confidence": "n",
        "version": "2.0NRT",
        "bright_ti5": 288.69,
        "frp": 0.52,
        "daynight": "N",
        "source_dataset": "VIIRS_SNPP_NRT",
        "acq_datetime_utc": "2026-10-04T01:24:00Z",
        "age_hours": 31.5,
        "confidence_label": "nominal",
        "popup_label": "<strong>NASA FIRMS<\/strong><br>Sensor: VIIRS_SNPP_NRT<br>Fecha UTC: 2026-10-04T01:24:00Z<br>Confianza: nominal<br>FRP: 0.52 MW"
      }
    },
    {
      "type": "Feature",
      "geometry": {
        "type": "Point",
        "coordinates": [4.0026, 32.4004]
      },
      "properties": {
        "bright_ti4": 299.47,
        "scan": 0.54,
        "track": 0.42,
        "acq_date": "2026-10-04",
        "acq_time": "0124",
        "satellite": "N",
        "instrument": "VIIRS",
        "confidence": "n",
        "version": "2.0NRT",
        "bright_ti5": 288.34,
        "frp": 1.36,
        "daynight": "N",
        "source_dataset": "VIIRS_SNPP_NRT",
        "acq_datetime_utc": "2026-10-04T01:24:00Z",
        "age_hours": 31.5,
        "confidence_label": "nominal",
        "popup_label": "<strong>NASA FIRMS<\/strong><br>Sensor: VIIRS_SNPP_NRT<br>Fecha UTC: 2026-10-04T01:24:00Z<br>Confianza: nominal<br>FRP: 1.36 MW"
      }
    },
    {
      "type": "Feature",
      "geometry": {
        "type": "Point",
        "coordinates": [3.1696, 32.5516]
      },
      "properties": {
        "bright_ti4": 297.26,
        "scan": 0.4,
        "track": 0.44,
        "acq_date": "2026-10-04",
        "acq_time": "0124",
        "satellite": "N",
        "instrument": "VIIRS",
        "confidence": "n",
        "version": "2.0NRT",
        "bright_ti5": 286.31,
        "frp": 1.99,
        "daynight": "N",
        "source_dataset": "VIIRS_SNPP_NRT",
        "acq_datetime_utc": "2026-10-04T01:24:00Z",
        "age_hours": 31.5,
        "confidence_label": "nominal",
        "popup_label": "<strong>NASA FIRMS<\/strong><br>Sensor: VIIRS_SNPP_NRT<br>Fecha UTC: 2026-10-04T01:24:00Z<br>Confianza: nominal<br>FRP: 1.99 MW"
      }
    },
    {
      "type": "Feature",
      "geometry": {
        "type": "Point",
        "coordinates": [3.1702, 32.5557]
      },
      "properties": {
        "bright_ti4": 330.23,
        "scan": 0.4,
        "track": 0.44,
        "acq_date": "2026-10-04",
        "acq_time": "0124",
        "satellite": "N",
        "instrument": "VIIRS",
        "confidence": "n",
        "version": "2.0NRT",
        "bright_ti5": 287.71,
        "frp": 1.99,
        "daynight": "N",
        "source_dataset": "VIIRS_SNPP_NRT",
        "acq_datetime_utc": "2026-10-04T01:24:00Z",
        "age_hours": 31.5,
        "confidence_label": "nominal",
        "popup_label": "<strong>NASA FIRMS<\/strong><br>Sensor: VIIRS_SNPP_NRT<br>Fecha UTC: 2026-10-04T01:24:00Z<br>Confianza: nominal<br>FRP: 1.99 MW"
      }
    },
    {
      "type": "Feature",
      "geometry": {
        "type": "Point",
        "coordinates": [3.166, 32.5561]
      },
      "properties": {
        "bright_ti4": 318.29,
        "scan": 0.4,
        "track": 0.44,
        "acq_date": "2026-10-04",
        "acq_time": "0124",
        "satellite": "N",
        "instrument": "VIIRS",
        "confidence": "n",
        "version": "2.0NRT",
        "bright_ti5": 287.66,
        "frp": 1.99,
        "daynight": "N",
        "source_dataset": "VIIRS_SNPP_NRT",
        "acq_datetime_utc": "2026-10-04T01:24:00Z",
        "age_hours": 31.5,
        "confidence_label": "nominal",
        "popup_label": "<strong>NASA FIRMS<\/strong><br>Sensor: VIIRS_SNPP_NRT<br>Fecha UTC: 2026-10-04T01:24:00Z<br>Confianza: nominal<br>FRP: 1.99 MW"
      }
    },
    {
      "type": "Feature",
      "geometry": {
        "type": "Point",
        "coordinates": [3.1812, 32.7445]
      },
      "properties": {
        "bright_ti4": 301.11,
        "scan": 0.4,
        "track": 0.44,
        "acq_date": "2026-10-04",
        "acq_time": "0124",
        "satellite": "N",
        "instrument": "VIIRS",
        "confidence": "n",
        "version": "2.0NRT",
        "bright_ti5": 286.34,
        "frp": 1.3,
        "daynight": "N",
        "source_dataset": "VIIRS_SNPP_NRT",
        "acq_datetime_utc": "2026-10-04T01:24:00Z",
        "age_hours": 31.5,
        "confidence_label": "nominal",
        "popup_label": "<strong>NASA FIRMS<\/strong><br>Sensor: VIIRS_SNPP_NRT<br>Fecha UTC: 2026-10-04T01:24:00Z<br>Confianza: nominal<br>FRP: 1.3 MW"
      }
    },
    {
      "type": "Feature",
      "geometry": {
        "type": "Point",
        "coordinates": [3.1819, 32.7486]
      },
      "properties": {
        "bright_ti4": 304.78,
        "scan": 0.4,
        "track": 0.44,
        "acq_date": "2026-10-04",
        "acq_time": "0124",
        "satellite": "N",
        "instrument": "VIIRS",
        "confidence": "n",
        "version": "2.0NRT",
        "bright_ti5": 286.46,
        "frp": 0.5,
        "daynight": "N",
        "source_dataset": "VIIRS_SNPP_NRT",
        "acq_datetime_utc": "2026-10-04T01:24:00Z",
        "age_hours": 31.5,
        "confidence_label": "nominal",
        "popup_label": "<strong>NASA FIRMS<\/strong><br>Sensor: VIIRS_SNPP_NRT<br>Fecha UTC: 2026-10-04T01:24:00Z<br>Confianza: nominal<br>FRP: 0.5 MW"
      }
    },
    {
      "type": "Feature",
      "geometry": {
        "type": "Point",
        "coordinates": [3.2407, 32.8362]
      },
      "properties": {
        "bright_ti4": 295.9,
        "scan": 0.4,
        "track": 0.44,
        "acq_date": "2026-10-04",
        "acq_time": "0124",
        "satellite": "N",
        "instrument": "VIIRS",
        "confidence": "n",
        "version": "2.0NRT",
        "bright_ti5": 285.48,
        "frp": 0.28,
        "daynight": "N",
        "source_dataset": "VIIRS_SNPP_NRT",
        "acq_datetime_utc": "2026-10-04T01:24:00Z",
        "age_hours": 31.5,
        "confidence_label": "nominal",
        "popup_label": "<strong>NASA FIRMS<\/strong><br>Sensor: VIIRS_SNPP_NRT<br>Fecha UTC: 2026-10-04T01:24:00Z<br>Confianza: nominal<br>FRP: 0.28 MW"
      }
    },
    {
      "type": "Feature",
      "geometry": {
        "type": "Point",
        "coordinates": [3.2459, 32.9303]
      },
      "properties": {
        "bright_ti4": 301.85,
        "scan": 0.4,
        "track": 0.44,
        "acq_date": "2026-10-04",
        "acq_time": "0124",
        "satellite": "N",
        "instrument": "VIIRS",
        "confidence": "n",
        "version": "2.0NRT",
        "bright_ti5": 286.34,
        "frp": 0.49,
        "daynight": "N",
        "source_dataset": "VIIRS_SNPP_NRT",
        "acq_datetime_utc": "2026-10-04T01:24:00Z",
        "age_hours": 31.5,
        "confidence_label": "nominal",
        "popup_label": "<strong>NASA FIRMS<\/strong><br>Sensor: VIIRS_SNPP_NRT<br>Fecha UTC: 2026-10-04T01:24:00Z<br>Confianza: nominal<br>FRP: 0.49 MW"
      }
    },
    {
      "type": "Feature",
      "geometry": {
        "type": "Point",
        "coordinates": [3.2373, 32.9313]
      },
      "properties": {
        "bright_ti4": 296.97,
        "scan": 0.4,
        "track": 0.44,
        "acq_date": "2026-10-04",
        "acq_time": "0124",
        "satellite": "N",
        "instrument": "VIIRS",
        "confidence": "n",
        "version": "2.0NRT",
        "bright_ti5": 286.28,
        "frp": 0.64,
        "daynight": "N",
        "source_dataset": "VIIRS_SNPP_NRT",
        "acq_datetime_utc": "2026-10-04T01:24:00Z",
        "age_hours": 31.5,
        "confidence_label": "nominal",
        "popup_label": "<strong>NASA FIRMS<\/strong><br>Sensor: VIIRS_SNPP_NRT<br>Fecha UTC: 2026-10-04T01:24:00Z<br>Confianza: nominal<br>FRP: 0.64 MW"
      }
    },
    {
      "type": "Feature",
      "geometry": {
        "type": "Point",
        "coordinates": [3.233, 32.9317]
      },
      "properties": {
        "bright_ti4": 297.78,
        "scan": 0.4,
        "track": 0.44,
        "acq_date": "2026-10-04",
        "acq_time": "0124",
        "satellite": "N",
        "instrument": "VIIRS",
        "confidence": "n",
        "version": "2.0NRT",
        "bright_ti5": 286.34,
        "frp": 0.55,
        "daynight": "N",
        "source_dataset": "VIIRS_SNPP_NRT",
        "acq_datetime_utc": "2026-10-04T01:24:00Z",
        "age_hours": 31.5,
        "confidence_label": "nominal",
        "popup_label": "<strong>NASA FIRMS<\/strong><br>Sensor: VIIRS_SNPP_NRT<br>Fecha UTC: 2026-10-04T01:24:00Z<br>Confianza: nominal<br>FRP: 0.55 MW"
      }
    },
    {
      "type": "Feature",
      "geometry": {
        "type": "Point",
        "coordinates": [3.2287, 32.9322]
      },
      "properties": {
        "bright_ti4": 300.84,
        "scan": 0.4,
        "track": 0.44,
        "acq_date": "2026-10-04",
        "acq_time": "0124",
        "satellite": "N",
        "instrument": "VIIRS",
        "confidence": "n",
        "version": "2.0NRT",
        "bright_ti5": 286.39,
        "frp": 0.55,
        "daynight": "N",
        "source_dataset": "VIIRS_SNPP_NRT",
        "acq_datetime_utc": "2026-10-04T01:24:00Z",
        "age_hours": 31.5,
        "confidence_label": "nominal",
        "popup_label": "<strong>NASA FIRMS<\/strong><br>Sensor: VIIRS_SNPP_NRT<br>Fecha UTC: 2026-10-04T01:24:00Z<br>Confianza: nominal<br>FRP: 0.55 MW"
      }
    },
    {
      "type": "Feature",
      "geometry": {
        "type": "Point",
        "coordinates": [3.2244, 32.9327]
      },
      "properties": {
        "bright_ti4": 307.25,
        "scan": 0.4,
        "track": 0.44,
        "acq_date": "2026-10-04",
        "acq_time": "0124",
        "satellite": "N",
        "instrument": "VIIRS",
        "confidence": "n",
        "version": "2.0NRT",
        "bright_ti5": 287.55,
        "frp": 1.35,
        "daynight": "N",
        "source_dataset": "VIIRS_SNPP_NRT",
        "acq_datetime_utc": "2026-10-04T01:24:00Z",
        "age_hours": 31.5,
        "confidence_label": "nominal",
        "popup_label": "<strong>NASA FIRMS<\/strong><br>Sensor: VIIRS_SNPP_NRT<br>Fecha UTC: 2026-10-04T01:24:00Z<br>Confianza: nominal<br>FRP: 1.35 MW"
      }
    },
    {
      "type": "Feature",
      "geometry": {
        "type": "Point",
        "coordinates": [3.2337, 32.9358]
      },
      "properties": {
        "bright_ti4": 309.12,
        "scan": 0.4,
        "track": 0.44,
        "acq_date": "2026-10-04",
        "acq_time": "0124",
        "satellite": "N",
        "instrument": "VIIRS",
        "confidence": "n",
        "version": "2.0NRT",
        "bright_ti5": 287.1,
        "frp": 0.55,
        "daynight": "N",
        "source_dataset": "VIIRS_SNPP_NRT",
        "acq_datetime_utc": "2026-10-04T01:24:00Z",
        "age_hours": 31.5,
        "confidence_label": "nominal",
        "popup_label": "<strong>NASA FIRMS<\/strong><br>Sensor: VIIRS_SNPP_NRT<br>Fecha UTC: 2026-10-04T01:24:00Z<br>Confianza: nominal<br>FRP: 0.55 MW"
      }
    },
    {
      "type": "Feature",
      "geometry": {
        "type": "Point",
        "coordinates": [3.2343, 32.9399]
      },
      "properties": {
        "bright_ti4": 298.3,
        "scan": 0.4,
        "track": 0.44,
        "acq_date": "2026-10-04",
        "acq_time": "0124",
        "satellite": "N",
        "instrument": "VIIRS",
        "confidence": "n",
        "version": "2.0NRT",
        "bright_ti5": 288.26,
        "frp": 0.56,
        "daynight": "N",
        "source_dataset": "VIIRS_SNPP_NRT",
        "acq_datetime_utc": "2026-10-04T01:24:00Z",
        "age_hours": 31.5,
        "confidence_label": "nominal",
        "popup_label": "<strong>NASA FIRMS<\/strong><br>Sensor: VIIRS_SNPP_NRT<br>Fecha UTC: 2026-10-04T01:24:00Z<br>Confianza: nominal<br>FRP: 0.56 MW"
      }
    },
    {
      "type": "Feature",
      "geometry": {
        "type": "Point",
        "coordinates": [3.2306, 32.9444]
      },
      "properties": {
        "bright_ti4": 299.61,
        "scan": 0.4,
        "track": 0.44,
        "acq_date": "2026-10-04",
        "acq_time": "0124",
        "satellite": "N",
        "instrument": "VIIRS",
        "confidence": "n",
        "version": "2.0NRT",
        "bright_ti5": 287.07,
        "frp": 0.56,
        "daynight": "N",
        "source_dataset": "VIIRS_SNPP_NRT",
        "acq_datetime_utc": "2026-10-04T01:24:00Z",
        "age_hours": 31.5,
        "confidence_label": "nominal",
        "popup_label": "<strong>NASA FIRMS<\/strong><br>Sensor: VIIRS_SNPP_NRT<br>Fecha UTC: 2026-10-04T01:24:00Z<br>Confianza: nominal<br>FRP: 0.56 MW"
      }
    },
    {
      "type": "Feature",
      "geometry": {
        "type": "Point",
        "coordinates": [3.2263, 32.9449]
      },
      "properties": {
        "bright_ti4": 298.55,
        "scan": 0.4,
        "track": 0.44,
        "acq_date": "2026-10-04",
        "acq_time": "0124",
        "satellite": "N",
        "instrument": "VIIRS",
        "confidence": "n",
        "version": "2.0NRT",
        "bright_ti5": 286.9,
        "frp": 0.69,
        "daynight": "N",
        "source_dataset": "VIIRS_SNPP_NRT",
        "acq_datetime_utc": "2026-10-04T01:24:00Z",
        "age_hours": 31.5,
        "confidence_label": "nominal",
        "popup_label": "<strong>NASA FIRMS<\/strong><br>Sensor: VIIRS_SNPP_NRT<br>Fecha UTC: 2026-10-04T01:24:00Z<br>Confianza: nominal<br>FRP: 0.69 MW"
      }
    },
    {
      "type": "Feature",
      "geometry": {
        "type": "Point",
        "coordinates": [3.2313, 32.9485]
      },
      "properties": {
        "bright_ti4": 304.19,
        "scan": 0.4,
        "track": 0.44,
        "acq_date": "2026-10-04",
        "acq_time": "0124",
        "satellite": "N",
        "instrument": "VIIRS",
        "confidence": "n",
        "version": "2.0NRT",
        "bright_ti5": 287.08,
        "frp": 0.51,
        "daynight": "N",
        "source_dataset": "VIIRS_SNPP_NRT",
        "acq_datetime_utc": "2026-10-04T01:24:00Z",
        "age_hours": 31.5,
        "confidence_label": "nominal",
        "popup_label": "<strong>NASA FIRMS<\/strong><br>Sensor: VIIRS_SNPP_NRT<br>Fecha UTC: 2026-10-04T01:24:00Z<br>Confianza: nominal<br>FRP: 0.51 MW"
      }
    },
    {
      "type": "Feature",
      "geometry": {
        "type": "Point",
        "coordinates": [3.3197, 33.1235]
      },
      "properties": {
        "bright_ti4": 299.7,
        "scan": 0.39,
        "track": 0.44,
        "acq_date": "2026-10-04",
        "acq_time": "0124",
        "satellite": "N",
        "instrument": "VIIRS",
        "confidence": "n",
        "version": "2.0NRT",
        "bright_ti5": 286.22,
        "frp": 0.44,
        "daynight": "N",
        "source_dataset": "VIIRS_SNPP_NRT",
        "acq_datetime_utc": "2026-10-04T01:24:00Z",
        "age_hours": 31.5,
        "confidence_label": "nominal",
        "popup_label": "<strong>NASA FIRMS<\/strong><br>Sensor: VIIRS_SNPP_NRT<br>Fecha UTC: 2026-10-04T01:24:00Z<br>Confianza: nominal<br>FRP: 0.44 MW"
      }
    },
    {
      "type": "Feature",
      "geometry": {
        "type": "Point",
        "coordinates": [3.3154, 33.124]
      },
      "properties": {
        "bright_ti4": 298.51,
        "scan": 0.39,
        "track": 0.44,
        "acq_date": "2026-10-04",
        "acq_time": "0124",
        "satellite": "N",
        "instrument": "VIIRS",
        "confidence": "n",
        "version": "2.0NRT",
        "bright_ti5": 285.94,
        "frp": 0.44,
        "daynight": "N",
        "source_dataset": "VIIRS_SNPP_NRT",
        "acq_datetime_utc": "2026-10-04T01:24:00Z",
        "age_hours": 31.5,
        "confidence_label": "nominal",
        "popup_label": "<strong>NASA FIRMS<\/strong><br>Sensor: VIIRS_SNPP_NRT<br>Fecha UTC: 2026-10-04T01:24:00Z<br>Confianza: nominal<br>FRP: 0.44 MW"
      }
    },
    {
      "type": "Feature",
      "geometry": {
        "type": "Point",
        "coordinates": [3.3203, 33.1275]
      },
      "properties": {
        "bright_ti4": 305.92,
        "scan": 0.39,
        "track": 0.44,
        "acq_date": "2026-10-04",
        "acq_time": "0124",
        "satellite": "N",
        "instrument": "VIIRS",
        "confidence": "n",
        "version": "2.0NRT",
        "bright_ti5": 286.6,
        "frp": 0.75,
        "daynight": "N",
        "source_dataset": "VIIRS_SNPP_NRT",
        "acq_datetime_utc": "2026-10-04T01:24:00Z",
        "age_hours": 31.5,
        "confidence_label": "nominal",
        "popup_label": "<strong>NASA FIRMS<\/strong><br>Sensor: VIIRS_SNPP_NRT<br>Fecha UTC: 2026-10-04T01:24:00Z<br>Confianza: nominal<br>FRP: 0.75 MW"
      }
    },
    {
      "type": "Feature",
      "geometry": {
        "type": "Point",
        "coordinates": [3.3161, 33.128]
      },
      "properties": {
        "bright_ti4": 302.66,
        "scan": 0.39,
        "track": 0.44,
        "acq_date": "2026-10-04",
        "acq_time": "0124",
        "satellite": "N",
        "instrument": "VIIRS",
        "confidence": "n",
        "version": "2.0NRT",
        "bright_ti5": 286.27,
        "frp": 0.75,
        "daynight": "N",
        "source_dataset": "VIIRS_SNPP_NRT",
        "acq_datetime_utc": "2026-10-04T01:24:00Z",
        "age_hours": 31.5,
        "confidence_label": "nominal",
        "popup_label": "<strong>NASA FIRMS<\/strong><br>Sensor: VIIRS_SNPP_NRT<br>Fecha UTC: 2026-10-04T01:24:00Z<br>Confianza: nominal<br>FRP: 0.75 MW"
      }
    },
    {
      "type": "Feature",
      "geometry": {
        "type": "Point",
        "coordinates": [3.3689, 33.1346]
      },
      "properties": {
        "bright_ti4": 306.37,
        "scan": 0.39,
        "track": 0.44,
        "acq_date": "2026-10-04",
        "acq_time": "0124",
        "satellite": "N",
        "instrument": "VIIRS",
        "confidence": "n",
        "version": "2.0NRT",
        "bright_ti5": 286.19,
        "frp": 0.54,
        "daynight": "N",
        "source_dataset": "VIIRS_SNPP_NRT",
        "acq_datetime_utc": "2026-10-04T01:24:00Z",
        "age_hours": 31.5,
        "confidence_label": "nominal",
        "popup_label": "<strong>NASA FIRMS<\/strong><br>Sensor: VIIRS_SNPP_NRT<br>Fecha UTC: 2026-10-04T01:24:00Z<br>Confianza: nominal<br>FRP: 0.54 MW"
      }
    },
    {
      "type": "Feature",
      "geometry": {
        "type": "Point",
        "coordinates": [-0.3965, 35.4579]
      },
      "properties": {
        "bright_ti4": 301.2,
        "scan": 0.34,
        "track": 0.56,
        "acq_date": "2026-10-04",
        "acq_time": "0122",
        "satellite": "N",
        "instrument": "VIIRS",
        "confidence": "n",
        "version": "2.0NRT",
        "bright_ti5": 286.24,
        "frp": 0.24,
        "daynight": "N",
        "source_dataset": "VIIRS_SNPP_NRT",
        "acq_datetime_utc": "2026-10-04T01:22:00Z",
        "age_hours": 31.6,
        "confidence_label": "nominal",
        "popup_label": "<strong>NASA FIRMS<\/strong><br>Sensor: VIIRS_SNPP_NRT<br>Fecha UTC: 2026-10-04T01:22:00Z<br>Confianza: nominal<br>FRP: 0.24 MW"
      }
    },
    {
      "type": "Feature",
      "geometry": {
        "type": "Point",
        "coordinates": [-0.939, 35.5649]
      },
      "properties": {
        "bright_ti4": 305.17,
        "scan": 0.36,
        "track": 0.57,
        "acq_date": "2026-10-04",
        "acq_time": "0122",
        "satellite": "N",
        "instrument": "VIIRS",
        "confidence": "n",
        "version": "2.0NRT",
        "bright_ti5": 289.66,
        "frp": 0.69,
        "daynight": "N",
        "source_dataset": "VIIRS_SNPP_NRT",
        "acq_datetime_utc": "2026-10-04T01:22:00Z",
        "age_hours": 31.6,
        "confidence_label": "nominal",
        "popup_label": "<strong>NASA FIRMS<\/strong><br>Sensor: VIIRS_SNPP_NRT<br>Fecha UTC: 2026-10-04T01:22:00Z<br>Confianza: nominal<br>FRP: 0.69 MW"
      }
    },
    {
      "type": "Feature",
      "geometry": {
        "type": "Point",
        "coordinates": [-0.9381, 35.5675]
      },
      "properties": {
        "bright_ti4": 301.29,
        "scan": 0.36,
        "track": 0.58,
        "acq_date": "2026-10-04",
        "acq_time": "0122",
        "satellite": "N",
        "instrument": "VIIRS",
        "confidence": "n",
        "version": "2.0NRT",
        "bright_ti5": 289.2,
        "frp": 0.36,
        "daynight": "N",
        "source_dataset": "VIIRS_SNPP_NRT",
        "acq_datetime_utc": "2026-10-04T01:22:00Z",
        "age_hours": 31.6,
        "confidence_label": "nominal",
        "popup_label": "<strong>NASA FIRMS<\/strong><br>Sensor: VIIRS_SNPP_NRT<br>Fecha UTC: 2026-10-04T01:22:00Z<br>Confianza: nominal<br>FRP: 0.36 MW"
      }
    },
    {
      "type": "Feature",
      "geometry": {
        "type": "Point",
        "coordinates": [4.4749, 35.7074]
      },
      "properties": {
        "bright_ti4": 304.11,
        "scan": 0.55,
        "track": 0.43,
        "acq_date": "2026-10-04",
        "acq_time": "0122",
        "satellite": "N",
        "instrument": "VIIRS",
        "confidence": "n",
        "version": "2.0NRT",
        "bright_ti5": 288.12,
        "frp": 1.15,
        "daynight": "N",
        "source_dataset": "VIIRS_SNPP_NRT",
        "acq_datetime_utc": "2026-10-04T01:22:00Z",
        "age_hours": 31.6,
        "confidence_label": "nominal",
        "popup_label": "<strong>NASA FIRMS<\/strong><br>Sensor: VIIRS_SNPP_NRT<br>Fecha UTC: 2026-10-04T01:22:00Z<br>Confianza: nominal<br>FRP: 1.15 MW"
      }
    },
    {
      "type": "Feature",
      "geometry": {
        "type": "Point",
        "coordinates": [4.4747, 35.7088]
      },
      "properties": {
        "bright_ti4": 305.44,
        "scan": 0.55,
        "track": 0.43,
        "acq_date": "2026-10-04",
        "acq_time": "0122",
        "satellite": "N",
        "instrument": "VIIRS",
        "confidence": "n",
        "version": "2.0NRT",
        "bright_ti5": 288.06,
        "frp": 1.32,
        "daynight": "N",
        "source_dataset": "VIIRS_SNPP_NRT",
        "acq_datetime_utc": "2026-10-04T01:22:00Z",
        "age_hours": 31.6,
        "confidence_label": "nominal",
        "popup_label": "<strong>NASA FIRMS<\/strong><br>Sensor: VIIRS_SNPP_NRT<br>Fecha UTC: 2026-10-04T01:22:00Z<br>Confianza: nominal<br>FRP: 1.32 MW"
      }
    },
    {
      "type": "Feature",
      "geometry": {
        "type": "Point",
        "coordinates": [-0.2433, 35.8049]
      },
      "properties": {
        "bright_ti4": 301.2,
        "scan": 0.33,
        "track": 0.55,
        "acq_date": "2026-10-04",
        "acq_time": "0122",
        "satellite": "N",
        "instrument": "VIIRS",
        "confidence": "n",
        "version": "2.0NRT",
        "bright_ti5": 282.99,
        "frp": 0.51,
        "daynight": "N",
        "source_dataset": "VIIRS_SNPP_NRT",
        "acq_datetime_utc": "2026-10-04T01:22:00Z",
        "age_hours": 31.6,
        "confidence_label": "nominal",
        "popup_label": "<strong>NASA FIRMS<\/strong><br>Sensor: VIIRS_SNPP_NRT<br>Fecha UTC: 2026-10-04T01:22:00Z<br>Confianza: nominal<br>FRP: 0.51 MW"
      }
    },
    {
      "type": "Feature",
      "geometry": {
        "type": "Point",
        "coordinates": [-0.247, 35.8052]
      },
      "properties": {
        "bright_ti4": 296.67,
        "scan": 0.33,
        "track": 0.55,
        "acq_date": "2026-10-04",
        "acq_time": "0122",
        "satellite": "N",
        "instrument": "VIIRS",
        "confidence": "n",
        "version": "2.0NRT",
        "bright_ti5": 283.23,
        "frp": 0.51,
        "daynight": "N",
        "source_dataset": "VIIRS_SNPP_NRT",
        "acq_datetime_utc": "2026-10-04T01:22:00Z",
        "age_hours": 31.6,
        "confidence_label": "nominal",
        "popup_label": "<strong>NASA FIRMS<\/strong><br>Sensor: VIIRS_SNPP_NRT<br>Fecha UTC: 2026-10-04T01:22:00Z<br>Confianza: nominal<br>FRP: 0.51 MW"
      }
    },
    {
      "type": "Feature",
      "geometry": {
        "type": "Point",
        "coordinates": [-0.2544, 35.8057]
      },
      "properties": {
        "bright_ti4": 322.66,
        "scan": 0.33,
        "track": 0.55,
        "acq_date": "2026-10-04",
        "acq_time": "0122",
        "satellite": "N",
        "instrument": "VIIRS",
        "confidence": "n",
        "version": "2.0NRT",
        "bright_ti5": 289.8,
        "frp": 2.36,
        "daynight": "N",
        "source_dataset": "VIIRS_SNPP_NRT",
        "acq_datetime_utc": "2026-10-04T01:22:00Z",
        "age_hours": 31.6,
        "confidence_label": "nominal",
        "popup_label": "<strong>NASA FIRMS<\/strong><br>Sensor: VIIRS_SNPP_NRT<br>Fecha UTC: 2026-10-04T01:22:00Z<br>Confianza: nominal<br>FRP: 2.36 MW"
      }
    },
    {
      "type": "Feature",
      "geometry": {
        "type": "Point",
        "coordinates": [-0.2582, 35.806]
      },
      "properties": {
        "bright_ti4": 356.99,
        "scan": 0.33,
        "track": 0.55,
        "acq_date": "2026-10-04",
        "acq_time": "0122",
        "satellite": "N",
        "instrument": "VIIRS",
        "confidence": "n",
        "version": "2.0NRT",
        "bright_ti5": 290.73,
        "frp": 3.28,
        "daynight": "N",
        "source_dataset": "VIIRS_SNPP_NRT",
        "acq_datetime_utc": "2026-10-04T01:22:00Z",
        "age_hours": 31.6,
        "confidence_label": "nominal",
        "popup_label": "<strong>NASA FIRMS<\/strong><br>Sensor: VIIRS_SNPP_NRT<br>Fecha UTC: 2026-10-04T01:22:00Z<br>Confianza: nominal<br>FRP: 3.28 MW"
      }
    },
    {
      "type": "Feature",
      "geometry": {
        "type": "Point",
        "coordinates": [-0.2619, 35.8062]
      },
      "properties": {
        "bright_ti4": 319.55,
        "scan": 0.33,
        "track": 0.55,
        "acq_date": "2026-10-04",
        "acq_time": "0122",
        "satellite": "N",
        "instrument": "VIIRS",
        "confidence": "n",
        "version": "2.0NRT",
        "bright_ti5": 289.96,
        "frp": 3.28,
        "daynight": "N",
        "source_dataset": "VIIRS_SNPP_NRT",
        "acq_datetime_utc": "2026-10-04T01:22:00Z",
        "age_hours": 31.6,
        "confidence_label": "nominal",
        "popup_label": "<strong>NASA FIRMS<\/strong><br>Sensor: VIIRS_SNPP_NRT<br>Fecha UTC: 2026-10-04T01:22:00Z<br>Confianza: nominal<br>FRP: 3.28 MW"
      }
    },
    {
      "type": "Feature",
      "geometry": {
        "type": "Point",
        "coordinates": [-0.2541, 35.8109]
      },
      "properties": {
        "bright_ti4": 331.32,
        "scan": 0.33,
        "track": 0.55,
        "acq_date": "2026-10-04",
        "acq_time": "0122",
        "satellite": "N",
        "instrument": "VIIRS",
        "confidence": "n",
        "version": "2.0NRT",
        "bright_ti5": 288.82,
        "frp": 2.36,
        "daynight": "N",
        "source_dataset": "VIIRS_SNPP_NRT",
        "acq_datetime_utc": "2026-10-04T01:22:00Z",
        "age_hours": 31.6,
        "confidence_label": "nominal",
        "popup_label": "<strong>NASA FIRMS<\/strong><br>Sensor: VIIRS_SNPP_NRT<br>Fecha UTC: 2026-10-04T01:22:00Z<br>Confianza: nominal<br>FRP: 2.36 MW"
      }
    },
    {
      "type": "Feature",
      "geometry": {
        "type": "Point",
        "coordinates": [-0.2578, 35.8112]
      },
      "properties": {
        "bright_ti4": 303.68,
        "scan": 0.33,
        "track": 0.55,
        "acq_date": "2026-10-04",
        "acq_time": "0122",
        "satellite": "N",
        "instrument": "VIIRS",
        "confidence": "n",
        "version": "2.0NRT",
        "bright_ti5": 289.91,
        "frp": 3.28,
        "daynight": "N",
        "source_dataset": "VIIRS_SNPP_NRT",
        "acq_datetime_utc": "2026-10-04T01:22:00Z",
        "age_hours": 31.6,
        "confidence_label": "nominal",
        "popup_label": "<strong>NASA FIRMS<\/strong><br>Sensor: VIIRS_SNPP_NRT<br>Fecha UTC: 2026-10-04T01:22:00Z<br>Confianza: nominal<br>FRP: 3.28 MW"
      }
    },
    {
      "type": "Feature",
      "geometry": {
        "type": "Point",
        "coordinates": [4.4487, 35.8773]
      },
      "properties": {
        "bright_ti4": 299.72,
        "scan": 0.56,
        "track": 0.43,
        "acq_date": "2026-10-04",
        "acq_time": "0122",
        "satellite": "N",
        "instrument": "VIIRS",
        "confidence": "n",
        "version": "2.0NRT",
        "bright_ti5": 282.08,
        "frp": 0.84,
        "daynight": "N",
        "source_dataset": "VIIRS_SNPP_NRT",
        "acq_datetime_utc": "2026-10-04T01:22:00Z",
        "age_hours": 31.6,
        "confidence_label": "nominal",
        "popup_label": "<strong>NASA FIRMS<\/strong><br>Sensor: VIIRS_SNPP_NRT<br>Fecha UTC: 2026-10-04T01:22:00Z<br>Confianza: nominal<br>FRP: 0.84 MW"
      }
    },
    {
      "type": "Feature",
      "geometry": {
        "type": "Point",
        "coordinates": [-0.5448, 38.3771]
      },
      "properties": {
        "bright_ti4": 302.96,
        "scan": 0.36,
        "track": 0.58,
        "acq_date": "2026-10-04",
        "acq_time": "0122",
        "satellite": "N",
        "instrument": "VIIRS",
        "confidence": "n",
        "version": "2.0NRT",
        "bright_ti5": 286.74,
        "frp": 0.44,
        "daynight": "N",
        "source_dataset": "VIIRS_SNPP_NRT",
        "acq_datetime_utc": "2026-10-04T01:22:00Z",
        "age_hours": 31.6,
        "confidence_label": "nominal",
        "popup_label": "<strong>NASA FIRMS<\/strong><br>Sensor: VIIRS_SNPP_NRT<br>Fecha UTC: 2026-10-04T01:22:00Z<br>Confianza: nominal<br>FRP: 0.44 MW"
      }
    },
    {
      "type": "Feature",
      "geometry": {
        "type": "Point",
        "coordinates": [-3.7452, 39.9369]
      },
      "properties": {
        "bright_ti4": 295.84,
        "scan": 0.56,
        "track": 0.68,
        "acq_date": "2026-10-04",
        "acq_time": "0122",
        "satellite": "N",
        "instrument": "VIIRS",
        "confidence": "n",
        "version": "2.0NRT",
        "bright_ti5": 282.75,
        "frp": 0.68,
        "daynight": "N",
        "source_dataset": "VIIRS_SNPP_NRT",
        "acq_datetime_utc": "2026-10-04T01:22:00Z",
        "age_hours": 31.6,
        "confidence_label": "nominal",
        "popup_label": "<strong>NASA FIRMS<\/strong><br>Sensor: VIIRS_SNPP_NRT<br>Fecha UTC: 2026-10-04T01:22:00Z<br>Confianza: nominal<br>FRP: 0.68 MW"
      }
    },
    {
      "type": "Feature",
      "geometry": {
        "type": "Point",
        "coordinates": [-0.003, 39.9521]
      },
      "properties": {
        "bright_ti4": 300.15,
        "scan": 0.35,
        "track": 0.57,
        "acq_date": "2026-10-04",
        "acq_time": "0122",
        "satellite": "N",
        "instrument": "VIIRS",
        "confidence": "n",
        "version": "2.0NRT",
        "bright_ti5": 287.33,
        "frp": 0.77,
        "daynight": "N",
        "source_dataset": "VIIRS_SNPP_NRT",
        "acq_datetime_utc": "2026-10-04T01:22:00Z",
        "age_hours": 31.6,
        "confidence_label": "nominal",
        "popup_label": "<strong>NASA FIRMS<\/strong><br>Sensor: VIIRS_SNPP_NRT<br>Fecha UTC: 2026-10-04T01:22:00Z<br>Confianza: nominal<br>FRP: 0.77 MW"
      }
    },
    {
      "type": "Feature",
      "geometry": {
        "type": "Point",
        "coordinates": [-3.473, 40.2419]
      },
      "properties": {
        "bright_ti4": 304.38,
        "scan": 0.54,
        "track": 0.68,
        "acq_date": "2026-10-04",
        "acq_time": "0122",
        "satellite": "N",
        "instrument": "VIIRS",
        "confidence": "n",
        "version": "2.0NRT",
        "bright_ti5": 281.09,
        "frp": 1.38,
        "daynight": "N",
        "source_dataset": "VIIRS_SNPP_NRT",
        "acq_datetime_utc": "2026-10-04T01:22:00Z",
        "age_hours": 31.6,
        "confidence_label": "nominal",
        "popup_label": "<strong>NASA FIRMS<\/strong><br>Sensor: VIIRS_SNPP_NRT<br>Fecha UTC: 2026-10-04T01:22:00Z<br>Confianza: nominal<br>FRP: 1.38 MW"
      }
    },
    {
      "type": "Feature",
      "geometry": {
        "type": "Point",
        "coordinates": [-3.4751, 40.2463]
      },
      "properties": {
        "bright_ti4": 312.56,
        "scan": 0.54,
        "track": 0.68,
        "acq_date": "2026-10-04",
        "acq_time": "0122",
        "satellite": "N",
        "instrument": "VIIRS",
        "confidence": "n",
        "version": "2.0NRT",
        "bright_ti5": 279.92,
        "frp": 2.62,
        "daynight": "N",
        "source_dataset": "VIIRS_SNPP_NRT",
        "acq_datetime_utc": "2026-10-04T01:22:00Z",
        "age_hours": 31.6,
        "confidence_label": "nominal",
        "popup_label": "<strong>NASA FIRMS<\/strong><br>Sensor: VIIRS_SNPP_NRT<br>Fecha UTC: 2026-10-04T01:22:00Z<br>Confianza: nominal<br>FRP: 2.62 MW"
      }
    },
    {
      "type": "Feature",
      "geometry": {
        "type": "Point",
        "coordinates": [4.9691, 43.4301]
      },
      "properties": {
        "bright_ti4": 300.1,
        "scan": 0.43,
        "track": 0.46,
        "acq_date": "2026-10-04",
        "acq_time": "0120",
        "satellite": "N",
        "instrument": "VIIRS",
        "confidence": "n",
        "version": "2.0NRT",
        "bright_ti5": 285.58,
        "frp": 0.91,
        "daynight": "N",
        "source_dataset": "VIIRS_SNPP_NRT",
        "acq_datetime_utc": "2026-10-04T01:20:00Z",
        "age_hours": 31.6,
        "confidence_label": "nominal",
        "popup_label": "<strong>NASA FIRMS<\/strong><br>Sensor: VIIRS_SNPP_NRT<br>Fecha UTC: 2026-10-04T01:20:00Z<br>Confianza: nominal<br>FRP: 0.91 MW"
      }
    },
    {
      "type": "Feature",
      "geometry": {
        "type": "Point",
        "coordinates": [4.8879, 43.4331]
      },
      "properties": {
        "bright_ti4": 317.35,
        "scan": 0.43,
        "track": 0.46,
        "acq_date": "2026-10-04",
        "acq_time": "0120",
        "satellite": "N",
        "instrument": "VIIRS",
        "confidence": "n",
        "version": "2.0NRT",
        "bright_ti5": 285.92,
        "frp": 1.83,
        "daynight": "N",
        "source_dataset": "VIIRS_SNPP_NRT",
        "acq_datetime_utc": "2026-10-04T01:20:00Z",
        "age_hours": 31.6,
        "confidence_label": "nominal",
        "popup_label": "<strong>NASA FIRMS<\/strong><br>Sensor: VIIRS_SNPP_NRT<br>Fecha UTC: 2026-10-04T01:20:00Z<br>Confianza: nominal<br>FRP: 1.83 MW"
      }
    },
    {
      "type": "Feature",
      "geometry": {
        "type": "Point",
        "coordinates": [4.894, 43.4369]
      },
      "properties": {
        "bright_ti4": 302.46,
        "scan": 0.43,
        "track": 0.46,
        "acq_date": "2026-10-04",
        "acq_time": "0120",
        "satellite": "N",
        "instrument": "VIIRS",
        "confidence": "n",
        "version": "2.0NRT",
        "bright_ti5": 285.19,
        "frp": 1.83,
        "daynight": "N",
        "source_dataset": "VIIRS_SNPP_NRT",
        "acq_datetime_utc": "2026-10-04T01:20:00Z",
        "age_hours": 31.6,
        "confidence_label": "nominal",
        "popup_label": "<strong>NASA FIRMS<\/strong><br>Sensor: VIIRS_SNPP_NRT<br>Fecha UTC: 2026-10-04T01:20:00Z<br>Confianza: nominal<br>FRP: 1.83 MW"
      }
    },
    {
      "type": "Feature",
      "geometry": {
        "type": "Point",
        "coordinates": [4.8886, 43.4374]
      },
      "properties": {
        "bright_ti4": 329.47,
        "scan": 0.43,
        "track": 0.46,
        "acq_date": "2026-10-04",
        "acq_time": "0120",
        "satellite": "N",
        "instrument": "VIIRS",
        "confidence": "n",
        "version": "2.0NRT",
        "bright_ti5": 286.72,
        "frp": 1.83,
        "daynight": "N",
        "source_dataset": "VIIRS_SNPP_NRT",
        "acq_datetime_utc": "2026-10-04T01:20:00Z",
        "age_hours": 31.6,
        "confidence_label": "nominal",
        "popup_label": "<strong>NASA FIRMS<\/strong><br>Sensor: VIIRS_SNPP_NRT<br>Fecha UTC: 2026-10-04T01:20:00Z<br>Confianza: nominal<br>FRP: 1.83 MW"
      }
    },
    {
      "type": "Feature",
      "geometry": {
        "type": "Point",
        "coordinates": [4.9001, 43.4406]
      },
      "properties": {
        "bright_ti4": 309.32,
        "scan": 0.43,
        "track": 0.46,
        "acq_date": "2026-10-04",
        "acq_time": "0120",
        "satellite": "N",
        "instrument": "VIIRS",
        "confidence": "n",
        "version": "2.0NRT",
        "bright_ti5": 284.13,
        "frp": 1.07,
        "daynight": "N",
        "source_dataset": "VIIRS_SNPP_NRT",
        "acq_datetime_utc": "2026-10-04T01:20:00Z",
        "age_hours": 31.6,
        "confidence_label": "nominal",
        "popup_label": "<strong>NASA FIRMS<\/strong><br>Sensor: VIIRS_SNPP_NRT<br>Fecha UTC: 2026-10-04T01:20:00Z<br>Confianza: nominal<br>FRP: 1.07 MW"
      }
    },
    {
      "type": "Feature",
      "geometry": {
        "type": "Point",
        "coordinates": [4.9008, 43.4449]
      },
      "properties": {
        "bright_ti4": 320.22,
        "scan": 0.43,
        "track": 0.46,
        "acq_date": "2026-10-04",
        "acq_time": "0120",
        "satellite": "N",
        "instrument": "VIIRS",
        "confidence": "n",
        "version": "2.0NRT",
        "bright_ti5": 284.95,
        "frp": 1.07,
        "daynight": "N",
        "source_dataset": "VIIRS_SNPP_NRT",
        "acq_datetime_utc": "2026-10-04T01:20:00Z",
        "age_hours": 31.6,
        "confidence_label": "nominal",
        "popup_label": "<strong>NASA FIRMS<\/strong><br>Sensor: VIIRS_SNPP_NRT<br>Fecha UTC: 2026-10-04T01:20:00Z<br>Confianza: nominal<br>FRP: 1.07 MW"
      }
    },
    {
      "type": "Feature",
      "geometry": {
        "type": "Point",
        "coordinates": [4.8954, 43.4454]
      },
      "properties": {
        "bright_ti4": 316.97,
        "scan": 0.43,
        "track": 0.46,
        "acq_date": "2026-10-04",
        "acq_time": "0120",
        "satellite": "N",
        "instrument": "VIIRS",
        "confidence": "n",
        "version": "2.0NRT",
        "bright_ti5": 286.22,
        "frp": 3.54,
        "daynight": "N",
        "source_dataset": "VIIRS_SNPP_NRT",
        "acq_datetime_utc": "2026-10-04T01:20:00Z",
        "age_hours": 31.6,
        "confidence_label": "nominal",
        "popup_label": "<strong>NASA FIRMS<\/strong><br>Sensor: VIIRS_SNPP_NRT<br>Fecha UTC: 2026-10-04T01:20:00Z<br>Confianza: nominal<br>FRP: 3.54 MW"
      }
    },
    {
      "type": "Feature",
      "geometry": {
        "type": "Point",
        "coordinates": [-9.5561, 30.2257]
      },
      "properties": {
        "bright_ti4": 349.34,
        "scan": 0.6,
        "track": 0.53,
        "acq_date": "2026-10-05",
        "acq_time": "0306",
        "satellite": "N20",
        "instrument": "VIIRS",
        "confidence": "n",
        "version": "2.0NRT",
        "bright_ti5": 293.54,
        "frp": 12.99,
        "daynight": "N",
        "source_dataset": "VIIRS_NOAA20_NRT",
        "acq_datetime_utc": "2026-10-05T03:06:00Z",
        "age_hours": 5.8,
        "confidence_label": "nominal",
        "popup_label": "<strong>NASA FIRMS<\/strong><br>Sensor: VIIRS_NOAA20_NRT<br>Fecha UTC: 2026-10-05T03:06:00Z<br>Confianza: nominal<br>FRP: 12.99 MW"
      }
    },
    {
      "type": "Feature",
      "geometry": {
        "type": "Point",
        "coordinates": [-9.5805, 30.2454]
      },
      "properties": {
        "bright_ti4": 310.02,
        "scan": 0.6,
        "track": 0.53,
        "acq_date": "2026-10-05",
        "acq_time": "0306",
        "satellite": "N20",
        "instrument": "VIIRS",
        "confidence": "n",
        "version": "2.0NRT",
        "bright_ti5": 290.11,
        "frp": 1.25,
        "daynight": "N",
        "source_dataset": "VIIRS_NOAA20_NRT",
        "acq_datetime_utc": "2026-10-05T03:06:00Z",
        "age_hours": 5.8,
        "confidence_label": "nominal",
        "popup_label": "<strong>NASA FIRMS<\/strong><br>Sensor: VIIRS_NOAA20_NRT<br>Fecha UTC: 2026-10-05T03:06:00Z<br>Confianza: nominal<br>FRP: 1.25 MW"
      }
    },
    {
      "type": "Feature",
      "geometry": {
        "type": "Point",
        "coordinates": [-9.1802, 30.3805]
      },
      "properties": {
        "bright_ti4": 303.84,
        "scan": 0.63,
        "track": 0.54,
        "acq_date": "2026-10-05",
        "acq_time": "0306",
        "satellite": "N20",
        "instrument": "VIIRS",
        "confidence": "n",
        "version": "2.0NRT",
        "bright_ti5": 290.27,
        "frp": 1.06,
        "daynight": "N",
        "source_dataset": "VIIRS_NOAA20_NRT",
        "acq_datetime_utc": "2026-10-05T03:06:00Z",
        "age_hours": 5.8,
        "confidence_label": "nominal",
        "popup_label": "<strong>NASA FIRMS<\/strong><br>Sensor: VIIRS_NOAA20_NRT<br>Fecha UTC: 2026-10-05T03:06:00Z<br>Confianza: nominal<br>FRP: 1.06 MW"
      }
    },
    {
      "type": "Feature",
      "geometry": {
        "type": "Point",
        "coordinates": [-9.1799, 30.3821]
      },
      "properties": {
        "bright_ti4": 304.34,
        "scan": 0.63,
        "track": 0.54,
        "acq_date": "2026-10-05",
        "acq_time": "0306",
        "satellite": "N20",
        "instrument": "VIIRS",
        "confidence": "n",
        "version": "2.0NRT",
        "bright_ti5": 290.04,
        "frp": 0.98,
        "daynight": "N",
        "source_dataset": "VIIRS_NOAA20_NRT",
        "acq_datetime_utc": "2026-10-05T03:06:00Z",
        "age_hours": 5.8,
        "confidence_label": "nominal",
        "popup_label": "<strong>NASA FIRMS<\/strong><br>Sensor: VIIRS_NOAA20_NRT<br>Fecha UTC: 2026-10-05T03:06:00Z<br>Confianza: nominal<br>FRP: 0.98 MW"
      }
    },
    {
      "type": "Feature",
      "geometry": {
        "type": "Point",
        "coordinates": [-0.2768, 35.5318]
      },
      "properties": {
        "bright_ti4": 300.77,
        "scan": 0.73,
        "track": 0.76,
        "acq_date": "2026-10-05",
        "acq_time": "0304",
        "satellite": "N20",
        "instrument": "VIIRS",
        "confidence": "n",
        "version": "2.0NRT",
        "bright_ti5": 286.68,
        "frp": 1.25,
        "daynight": "N",
        "source_dataset": "VIIRS_NOAA20_NRT",
        "acq_datetime_utc": "2026-10-05T03:04:00Z",
        "age_hours": 5.9,
        "confidence_label": "nominal",
        "popup_label": "<strong>NASA FIRMS<\/strong><br>Sensor: VIIRS_NOAA20_NRT<br>Fecha UTC: 2026-10-05T03:04:00Z<br>Confianza: nominal<br>FRP: 1.25 MW"
      }
    },
    {
      "type": "Feature",
      "geometry": {
        "type": "Point",
        "coordinates": [-0.2726, 35.7636]
      },
      "properties": {
        "bright_ti4": 297.5,
        "scan": 0.72,
        "track": 0.75,
        "acq_date": "2026-10-05",
        "acq_time": "0304",
        "satellite": "N20",
        "instrument": "VIIRS",
        "confidence": "n",
        "version": "2.0NRT",
        "bright_ti5": 284.94,
        "frp": 1.33,
        "daynight": "N",
        "source_dataset": "VIIRS_NOAA20_NRT",
        "acq_datetime_utc": "2026-10-05T03:04:00Z",
        "age_hours": 5.9,
        "confidence_label": "nominal",
        "popup_label": "<strong>NASA FIRMS<\/strong><br>Sensor: VIIRS_NOAA20_NRT<br>Fecha UTC: 2026-10-05T03:04:00Z<br>Confianza: nominal<br>FRP: 1.33 MW"
      }
    },
    {
      "type": "Feature",
      "geometry": {
        "type": "Point",
        "coordinates": [-0.2711, 35.7642]
      },
      "properties": {
        "bright_ti4": 298.78,
        "scan": 0.72,
        "track": 0.75,
        "acq_date": "2026-10-05",
        "acq_time": "0304",
        "satellite": "N20",
        "instrument": "VIIRS",
        "confidence": "n",
        "version": "2.0NRT",
        "bright_ti5": 285.9,
        "frp": 1.57,
        "daynight": "N",
        "source_dataset": "VIIRS_NOAA20_NRT",
        "acq_datetime_utc": "2026-10-05T03:04:00Z",
        "age_hours": 5.9,
        "confidence_label": "nominal",
        "popup_label": "<strong>NASA FIRMS<\/strong><br>Sensor: VIIRS_NOAA20_NRT<br>Fecha UTC: 2026-10-05T03:04:00Z<br>Confianza: nominal<br>FRP: 1.57 MW"
      }
    },
    {
      "type": "Feature",
      "geometry": {
        "type": "Point",
        "coordinates": [-0.262, 35.7678]
      },
      "properties": {
        "bright_ti4": 298.69,
        "scan": 0.72,
        "track": 0.75,
        "acq_date": "2026-10-05",
        "acq_time": "0304",
        "satellite": "N20",
        "instrument": "VIIRS",
        "confidence": "n",
        "version": "2.0NRT",
        "bright_ti5": 286.44,
        "frp": 1.33,
        "daynight": "N",
        "source_dataset": "VIIRS_NOAA20_NRT",
        "acq_datetime_utc": "2026-10-05T03:04:00Z",
        "age_hours": 5.9,
        "confidence_label": "nominal",
        "popup_label": "<strong>NASA FIRMS<\/strong><br>Sensor: VIIRS_NOAA20_NRT<br>Fecha UTC: 2026-10-05T03:04:00Z<br>Confianza: nominal<br>FRP: 1.33 MW"
      }
    },
    {
      "type": "Feature",
      "geometry": {
        "type": "Point",
        "coordinates": [-0.2693, 35.77]
      },
      "properties": {
        "bright_ti4": 302.8,
        "scan": 0.72,
        "track": 0.75,
        "acq_date": "2026-10-05",
        "acq_time": "0304",
        "satellite": "N20",
        "instrument": "VIIRS",
        "confidence": "n",
        "version": "2.0NRT",
        "bright_ti5": 285.45,
        "frp": 1.33,
        "daynight": "N",
        "source_dataset": "VIIRS_NOAA20_NRT",
        "acq_datetime_utc": "2026-10-05T03:04:00Z",
        "age_hours": 5.9,
        "confidence_label": "nominal",
        "popup_label": "<strong>NASA FIRMS<\/strong><br>Sensor: VIIRS_NOAA20_NRT<br>Fecha UTC: 2026-10-05T03:04:00Z<br>Confianza: nominal<br>FRP: 1.33 MW"
      }
    },
    {
      "type": "Feature",
      "geometry": {
        "type": "Point",
        "coordinates": [-0.268, 35.7707]
      },
      "properties": {
        "bright_ti4": 307.97,
        "scan": 0.72,
        "track": 0.75,
        "acq_date": "2026-10-05",
        "acq_time": "0304",
        "satellite": "N20",
        "instrument": "VIIRS",
        "confidence": "n",
        "version": "2.0NRT",
        "bright_ti5": 286,
        "frp": 2.28,
        "daynight": "N",
        "source_dataset": "VIIRS_NOAA20_NRT",
        "acq_datetime_utc": "2026-10-05T03:04:00Z",
        "age_hours": 5.9,
        "confidence_label": "nominal",
        "popup_label": "<strong>NASA FIRMS<\/strong><br>Sensor: VIIRS_NOAA20_NRT<br>Fecha UTC: 2026-10-05T03:04:00Z<br>Confianza: nominal<br>FRP: 2.28 MW"
      }
    },
    {
      "type": "Feature",
      "geometry": {
        "type": "Point",
        "coordinates": [-0.2591, 35.8053]
      },
      "properties": {
        "bright_ti4": 325.83,
        "scan": 0.71,
        "track": 0.75,
        "acq_date": "2026-10-05",
        "acq_time": "0304",
        "satellite": "N20",
        "instrument": "VIIRS",
        "confidence": "n",
        "version": "2.0NRT",
        "bright_ti5": 284.97,
        "frp": 5.06,
        "daynight": "N",
        "source_dataset": "VIIRS_NOAA20_NRT",
        "acq_datetime_utc": "2026-10-05T03:04:00Z",
        "age_hours": 5.9,
        "confidence_label": "nominal",
        "popup_label": "<strong>NASA FIRMS<\/strong><br>Sensor: VIIRS_NOAA20_NRT<br>Fecha UTC: 2026-10-05T03:04:00Z<br>Confianza: nominal<br>FRP: 5.06 MW"
      }
    },
    {
      "type": "Feature",
      "geometry": {
        "type": "Point",
        "coordinates": [-0.2478, 35.8092]
      },
      "properties": {
        "bright_ti4": 301.5,
        "scan": 0.72,
        "track": 0.75,
        "acq_date": "2026-10-05",
        "acq_time": "0304",
        "satellite": "N20",
        "instrument": "VIIRS",
        "confidence": "n",
        "version": "2.0NRT",
        "bright_ti5": 284.63,
        "frp": 5.36,
        "daynight": "N",
        "source_dataset": "VIIRS_NOAA20_NRT",
        "acq_datetime_utc": "2026-10-05T03:04:00Z",
        "age_hours": 5.9,
        "confidence_label": "nominal",
        "popup_label": "<strong>NASA FIRMS<\/strong><br>Sensor: VIIRS_NOAA20_NRT<br>Fecha UTC: 2026-10-05T03:04:00Z<br>Confianza: nominal<br>FRP: 5.36 MW"
      }
    },
    {
      "type": "Feature",
      "geometry": {
        "type": "Point",
        "coordinates": [-0.2554, 35.8116]
      },
      "properties": {
        "bright_ti4": 345.64,
        "scan": 0.71,
        "track": 0.75,
        "acq_date": "2026-10-05",
        "acq_time": "0304",
        "satellite": "N20",
        "instrument": "VIIRS",
        "confidence": "n",
        "version": "2.0NRT",
        "bright_ti5": 285.35,
        "frp": 5.36,
        "daynight": "N",
        "source_dataset": "VIIRS_NOAA20_NRT",
        "acq_datetime_utc": "2026-10-05T03:04:00Z",
        "age_hours": 5.9,
        "confidence_label": "nominal",
        "popup_label": "<strong>NASA FIRMS<\/strong><br>Sensor: VIIRS_NOAA20_NRT<br>Fecha UTC: 2026-10-05T03:04:00Z<br>Confianza: nominal<br>FRP: 5.36 MW"
      }
    },
    {
      "type": "Feature",
      "geometry": {
        "type": "Point",
        "coordinates": [-0.2702, 35.8163]
      },
      "properties": {
        "bright_ti4": 305.03,
        "scan": 0.71,
        "track": 0.75,
        "acq_date": "2026-10-05",
        "acq_time": "0304",
        "satellite": "N20",
        "instrument": "VIIRS",
        "confidence": "n",
        "version": "2.0NRT",
        "bright_ti5": 285.35,
        "frp": 4.57,
        "daynight": "N",
        "source_dataset": "VIIRS_NOAA20_NRT",
        "acq_datetime_utc": "2026-10-05T03:04:00Z",
        "age_hours": 5.9,
        "confidence_label": "nominal",
        "popup_label": "<strong>NASA FIRMS<\/strong><br>Sensor: VIIRS_NOAA20_NRT<br>Fecha UTC: 2026-10-05T03:04:00Z<br>Confianza: nominal<br>FRP: 4.57 MW"
      }
    },
    {
      "type": "Feature",
      "geometry": {
        "type": "Point",
        "coordinates": [-8.9073, 39.6874]
      },
      "properties": {
        "bright_ti4": 301.15,
        "scan": 0.41,
        "track": 0.45,
        "acq_date": "2026-10-05",
        "acq_time": "0304",
        "satellite": "N20",
        "instrument": "VIIRS",
        "confidence": "n",
        "version": "2.0NRT",
        "bright_ti5": 289.29,
        "frp": 0.84,
        "daynight": "N",
        "source_dataset": "VIIRS_NOAA20_NRT",
        "acq_datetime_utc": "2026-10-05T03:04:00Z",
        "age_hours": 5.9,
        "confidence_label": "nominal",
        "popup_label": "<strong>NASA FIRMS<\/strong><br>Sensor: VIIRS_NOAA20_NRT<br>Fecha UTC: 2026-10-05T03:04:00Z<br>Confianza: nominal<br>FRP: 0.84 MW"
      }
    },
    {
      "type": "Feature",
      "geometry": {
        "type": "Point",
        "coordinates": [-8.4183, 40.2904]
      },
      "properties": {
        "bright_ti4": 303.26,
        "scan": 0.42,
        "track": 0.45,
        "acq_date": "2026-10-05",
        "acq_time": "0304",
        "satellite": "N20",
        "instrument": "VIIRS",
        "confidence": "n",
        "version": "2.0NRT",
        "bright_ti5": 289.05,
        "frp": 1.06,
        "daynight": "N",
        "source_dataset": "VIIRS_NOAA20_NRT",
        "acq_datetime_utc": "2026-10-05T03:04:00Z",
        "age_hours": 5.9,
        "confidence_label": "nominal",
        "popup_label": "<strong>NASA FIRMS<\/strong><br>Sensor: VIIRS_NOAA20_NRT<br>Fecha UTC: 2026-10-05T03:04:00Z<br>Confianza: nominal<br>FRP: 1.06 MW"
      }
    },
    {
      "type": "Feature",
      "geometry": {
        "type": "Point",
        "coordinates": [-3.7461, 39.9364]
      },
      "properties": {
        "bright_ti4": 298.84,
        "scan": 0.36,
        "track": 0.58,
        "acq_date": "2026-10-05",
        "acq_time": "0302",
        "satellite": "N20",
        "instrument": "VIIRS",
        "confidence": "n",
        "version": "2.0NRT",
        "bright_ti5": 285.07,
        "frp": 0.44,
        "daynight": "N",
        "source_dataset": "VIIRS_NOAA20_NRT",
        "acq_datetime_utc": "2026-10-05T03:02:00Z",
        "age_hours": 5.9,
        "confidence_label": "nominal",
        "popup_label": "<strong>NASA FIRMS<\/strong><br>Sensor: VIIRS_NOAA20_NRT<br>Fecha UTC: 2026-10-05T03:02:00Z<br>Confianza: nominal<br>FRP: 0.44 MW"
      }
    },
    {
      "type": "Feature",
      "geometry": {
        "type": "Point",
        "coordinates": [-3.4762, 40.2471]
      },
      "properties": {
        "bright_ti4": 319.35,
        "scan": 0.37,
        "track": 0.58,
        "acq_date": "2026-10-05",
        "acq_time": "0302",
        "satellite": "N20",
        "instrument": "VIIRS",
        "confidence": "n",
        "version": "2.0NRT",
        "bright_ti5": 285.06,
        "frp": 2,
        "daynight": "N",
        "source_dataset": "VIIRS_NOAA20_NRT",
        "acq_datetime_utc": "2026-10-05T03:02:00Z",
        "age_hours": 5.9,
        "confidence_label": "nominal",
        "popup_label": "<strong>NASA FIRMS<\/strong><br>Sensor: VIIRS_NOAA20_NRT<br>Fecha UTC: 2026-10-05T03:02:00Z<br>Confianza: nominal<br>FRP: 2 MW"
      }
    },
    {
      "type": "Feature",
      "geometry": {
        "type": "Point",
        "coordinates": [-3.0246, 43.3105]
      },
      "properties": {
        "bright_ti4": 307.53,
        "scan": 0.32,
        "track": 0.54,
        "acq_date": "2026-10-05",
        "acq_time": "0302",
        "satellite": "N20",
        "instrument": "VIIRS",
        "confidence": "n",
        "version": "2.0NRT",
        "bright_ti5": 286.2,
        "frp": 2.6,
        "daynight": "N",
        "source_dataset": "VIIRS_NOAA20_NRT",
        "acq_datetime_utc": "2026-10-05T03:02:00Z",
        "age_hours": 5.9,
        "confidence_label": "nominal",
        "popup_label": "<strong>NASA FIRMS<\/strong><br>Sensor: VIIRS_NOAA20_NRT<br>Fecha UTC: 2026-10-05T03:02:00Z<br>Confianza: nominal<br>FRP: 2.6 MW"
      }
    },
    {
      "type": "Feature",
      "geometry": {
        "type": "Point",
        "coordinates": [-0.5157, 28.1999]
      },
      "properties": {
        "bright_ti4": 302.64,
        "scan": 0.45,
        "track": 0.47,
        "acq_date": "2026-10-05",
        "acq_time": "0126",
        "satellite": "N20",
        "instrument": "VIIRS",
        "confidence": "n",
        "version": "2.0NRT",
        "bright_ti5": 291.93,
        "frp": 1.81,
        "daynight": "N",
        "source_dataset": "VIIRS_NOAA20_NRT",
        "acq_datetime_utc": "2026-10-05T01:26:00Z",
        "age_hours": 7.5,
        "confidence_label": "nominal",
        "popup_label": "<strong>NASA FIRMS<\/strong><br>Sensor: VIIRS_NOAA20_NRT<br>Fecha UTC: 2026-10-05T01:26:00Z<br>Confianza: nominal<br>FRP: 1.81 MW"
      }
    },
    {
      "type": "Feature",
      "geometry": {
        "type": "Point",
        "coordinates": [-0.5202, 28.2004]
      },
      "properties": {
        "bright_ti4": 325.12,
        "scan": 0.45,
        "track": 0.47,
        "acq_date": "2026-10-05",
        "acq_time": "0126",
        "satellite": "N20",
        "instrument": "VIIRS",
        "confidence": "n",
        "version": "2.0NRT",
        "bright_ti5": 291.61,
        "frp": 1.81,
        "daynight": "N",
        "source_dataset": "VIIRS_NOAA20_NRT",
        "acq_datetime_utc": "2026-10-05T01:26:00Z",
        "age_hours": 7.5,
        "confidence_label": "nominal",
        "popup_label": "<strong>NASA FIRMS<\/strong><br>Sensor: VIIRS_NOAA20_NRT<br>Fecha UTC: 2026-10-05T01:26:00Z<br>Confianza: nominal<br>FRP: 1.81 MW"
      }
    },
    {
      "type": "Feature",
      "geometry": {
        "type": "Point",
        "coordinates": [-0.1594, 28.2121]
      },
      "properties": {
        "bright_ti4": 324.52,
        "scan": 0.43,
        "track": 0.46,
        "acq_date": "2026-10-05",
        "acq_time": "0126",
        "satellite": "N20",
        "instrument": "VIIRS",
        "confidence": "n",
        "version": "2.0NRT",
        "bright_ti5": 292.74,
        "frp": 1.57,
        "daynight": "N",
        "source_dataset": "VIIRS_NOAA20_NRT",
        "acq_datetime_utc": "2026-10-05T01:26:00Z",
        "age_hours": 7.5,
        "confidence_label": "nominal",
        "popup_label": "<strong>NASA FIRMS<\/strong><br>Sensor: VIIRS_NOAA20_NRT<br>Fecha UTC: 2026-10-05T01:26:00Z<br>Confianza: nominal<br>FRP: 1.57 MW"
      }
    },
    {
      "type": "Feature",
      "geometry": {
        "type": "Point",
        "coordinates": [1.8987, 30.9107]
      },
      "properties": {
        "bright_ti4": 300.25,
        "scan": 0.53,
        "track": 0.42,
        "acq_date": "2026-10-05",
        "acq_time": "0126",
        "satellite": "N20",
        "instrument": "VIIRS",
        "confidence": "n",
        "version": "2.0NRT",
        "bright_ti5": 288.7,
        "frp": 0.9,
        "daynight": "N",
        "source_dataset": "VIIRS_NOAA20_NRT",
        "acq_datetime_utc": "2026-10-05T01:26:00Z",
        "age_hours": 7.5,
        "confidence_label": "nominal",
        "popup_label": "<strong>NASA FIRMS<\/strong><br>Sensor: VIIRS_NOAA20_NRT<br>Fecha UTC: 2026-10-05T01:26:00Z<br>Confianza: nominal<br>FRP: 0.9 MW"
      }
    },
    {
      "type": "Feature",
      "geometry": {
        "type": "Point",
        "coordinates": [3.9838, 32.2753]
      },
      "properties": {
        "bright_ti4": 316.11,
        "scan": 0.45,
        "track": 0.39,
        "acq_date": "2026-10-05",
        "acq_time": "0124",
        "satellite": "N20",
        "instrument": "VIIRS",
        "confidence": "n",
        "version": "2.0NRT",
        "bright_ti5": 288.73,
        "frp": 1.85,
        "daynight": "N",
        "source_dataset": "VIIRS_NOAA20_NRT",
        "acq_datetime_utc": "2026-10-05T01:24:00Z",
        "age_hours": 7.5,
        "confidence_label": "nominal",
        "popup_label": "<strong>NASA FIRMS<\/strong><br>Sensor: VIIRS_NOAA20_NRT<br>Fecha UTC: 2026-10-05T01:24:00Z<br>Confianza: nominal<br>FRP: 1.85 MW"
      }
    },
    {
      "type": "Feature",
      "geometry": {
        "type": "Point",
        "coordinates": [3.9892, 32.2782]
      },
      "properties": {
        "bright_ti4": 306.96,
        "scan": 0.44,
        "track": 0.39,
        "acq_date": "2026-10-05",
        "acq_time": "0124",
        "satellite": "N20",
        "instrument": "VIIRS",
        "confidence": "n",
        "version": "2.0NRT",
        "bright_ti5": 289.26,
        "frp": 0.67,
        "daynight": "N",
        "source_dataset": "VIIRS_NOAA20_NRT",
        "acq_datetime_utc": "2026-10-05T01:24:00Z",
        "age_hours": 7.5,
        "confidence_label": "nominal",
        "popup_label": "<strong>NASA FIRMS<\/strong><br>Sensor: VIIRS_NOAA20_NRT<br>Fecha UTC: 2026-10-05T01:24:00Z<br>Confianza: nominal<br>FRP: 0.67 MW"
      }
    },
    {
      "type": "Feature",
      "geometry": {
        "type": "Point",
        "coordinates": [3.9845, 32.2788]
      },
      "properties": {
        "bright_ti4": 302.63,
        "scan": 0.45,
        "track": 0.39,
        "acq_date": "2026-10-05",
        "acq_time": "0124",
        "satellite": "N20",
        "instrument": "VIIRS",
        "confidence": "n",
        "version": "2.0NRT",
        "bright_ti5": 288.65,
        "frp": 0.67,
        "daynight": "N",
        "source_dataset": "VIIRS_NOAA20_NRT",
        "acq_datetime_utc": "2026-10-05T01:24:00Z",
        "age_hours": 7.5,
        "confidence_label": "nominal",
        "popup_label": "<strong>NASA FIRMS<\/strong><br>Sensor: VIIRS_NOAA20_NRT<br>Fecha UTC: 2026-10-05T01:24:00Z<br>Confianza: nominal<br>FRP: 0.67 MW"
      }
    },
    {
      "type": "Feature",
      "geometry": {
        "type": "Point",
        "coordinates": [4.0041, 32.4025]
      },
      "properties": {
        "bright_ti4": 310.42,
        "scan": 0.45,
        "track": 0.39,
        "acq_date": "2026-10-05",
        "acq_time": "0124",
        "satellite": "N20",
        "instrument": "VIIRS",
        "confidence": "n",
        "version": "2.0NRT",
        "bright_ti5": 289.13,
        "frp": 1.18,
        "daynight": "N",
        "source_dataset": "VIIRS_NOAA20_NRT",
        "acq_datetime_utc": "2026-10-05T01:24:00Z",
        "age_hours": 7.5,
        "confidence_label": "nominal",
        "popup_label": "<strong>NASA FIRMS<\/strong><br>Sensor: VIIRS_NOAA20_NRT<br>Fecha UTC: 2026-10-05T01:24:00Z<br>Confianza: nominal<br>FRP: 1.18 MW"
      }
    },
    {
      "type": "Feature",
      "geometry": {
        "type": "Point",
        "coordinates": [3.1694, 32.5542]
      },
      "properties": {
        "bright_ti4": 326.71,
        "scan": 0.48,
        "track": 0.4,
        "acq_date": "2026-10-05",
        "acq_time": "0124",
        "satellite": "N20",
        "instrument": "VIIRS",
        "confidence": "n",
        "version": "2.0NRT",
        "bright_ti5": 289.97,
        "frp": 2.89,
        "daynight": "N",
        "source_dataset": "VIIRS_NOAA20_NRT",
        "acq_datetime_utc": "2026-10-05T01:24:00Z",
        "age_hours": 7.5,
        "confidence_label": "nominal",
        "popup_label": "<strong>NASA FIRMS<\/strong><br>Sensor: VIIRS_NOAA20_NRT<br>Fecha UTC: 2026-10-05T01:24:00Z<br>Confianza: nominal<br>FRP: 2.89 MW"
      }
    },
    {
      "type": "Feature",
      "geometry": {
        "type": "Point",
        "coordinates": [3.1643, 32.5548]
      },
      "properties": {
        "bright_ti4": 299.72,
        "scan": 0.48,
        "track": 0.4,
        "acq_date": "2026-10-05",
        "acq_time": "0124",
        "satellite": "N20",
        "instrument": "VIIRS",
        "confidence": "n",
        "version": "2.0NRT",
        "bright_ti5": 286.38,
        "frp": 2.89,
        "daynight": "N",
        "source_dataset": "VIIRS_NOAA20_NRT",
        "acq_datetime_utc": "2026-10-05T01:24:00Z",
        "age_hours": 7.5,
        "confidence_label": "nominal",
        "popup_label": "<strong>NASA FIRMS<\/strong><br>Sensor: VIIRS_NOAA20_NRT<br>Fecha UTC: 2026-10-05T01:24:00Z<br>Confianza: nominal<br>FRP: 2.89 MW"
      }
    },
    {
      "type": "Feature",
      "geometry": {
        "type": "Point",
        "coordinates": [3.1807, 32.7459]
      },
      "properties": {
        "bright_ti4": 303.57,
        "scan": 0.49,
        "track": 0.4,
        "acq_date": "2026-10-05",
        "acq_time": "0124",
        "satellite": "N20",
        "instrument": "VIIRS",
        "confidence": "n",
        "version": "2.0NRT",
        "bright_ti5": 286.7,
        "frp": 0.85,
        "daynight": "N",
        "source_dataset": "VIIRS_NOAA20_NRT",
        "acq_datetime_utc": "2026-10-05T01:24:00Z",
        "age_hours": 7.5,
        "confidence_label": "nominal",
        "popup_label": "<strong>NASA FIRMS<\/strong><br>Sensor: VIIRS_NOAA20_NRT<br>Fecha UTC: 2026-10-05T01:24:00Z<br>Confianza: nominal<br>FRP: 0.85 MW"
      }
    },
    {
      "type": "Feature",
      "geometry": {
        "type": "Point",
        "coordinates": [3.1846, 32.7467]
      },
      "properties": {
        "bright_ti4": 296.48,
        "scan": 0.48,
        "track": 0.4,
        "acq_date": "2026-10-05",
        "acq_time": "0124",
        "satellite": "N20",
        "instrument": "VIIRS",
        "confidence": "n",
        "version": "2.0NRT",
        "bright_ti5": 286.38,
        "frp": 0.84,
        "daynight": "N",
        "source_dataset": "VIIRS_NOAA20_NRT",
        "acq_datetime_utc": "2026-10-05T01:24:00Z",
        "age_hours": 7.5,
        "confidence_label": "nominal",
        "popup_label": "<strong>NASA FIRMS<\/strong><br>Sensor: VIIRS_NOAA20_NRT<br>Fecha UTC: 2026-10-05T01:24:00Z<br>Confianza: nominal<br>FRP: 0.84 MW"
      }
    },
    {
      "type": "Feature",
      "geometry": {
        "type": "Point",
        "coordinates": [3.1795, 32.7474]
      },
      "properties": {
        "bright_ti4": 310.76,
        "scan": 0.48,
        "track": 0.4,
        "acq_date": "2026-10-05",
        "acq_time": "0124",
        "satellite": "N20",
        "instrument": "VIIRS",
        "confidence": "n",
        "version": "2.0NRT",
        "bright_ti5": 287.77,
        "frp": 1.78,
        "daynight": "N",
        "source_dataset": "VIIRS_NOAA20_NRT",
        "acq_datetime_utc": "2026-10-05T01:24:00Z",
        "age_hours": 7.5,
        "confidence_label": "nominal",
        "popup_label": "<strong>NASA FIRMS<\/strong><br>Sensor: VIIRS_NOAA20_NRT<br>Fecha UTC: 2026-10-05T01:24:00Z<br>Confianza: nominal<br>FRP: 1.78 MW"
      }
    },
    {
      "type": "Feature",
      "geometry": {
        "type": "Point",
        "coordinates": [3.1814, 32.7495]
      },
      "properties": {
        "bright_ti4": 301.02,
        "scan": 0.49,
        "track": 0.4,
        "acq_date": "2026-10-05",
        "acq_time": "0124",
        "satellite": "N20",
        "instrument": "VIIRS",
        "confidence": "n",
        "version": "2.0NRT",
        "bright_ti5": 286.22,
        "frp": 0.85,
        "daynight": "N",
        "source_dataset": "VIIRS_NOAA20_NRT",
        "acq_datetime_utc": "2026-10-05T01:24:00Z",
        "age_hours": 7.5,
        "confidence_label": "nominal",
        "popup_label": "<strong>NASA FIRMS<\/strong><br>Sensor: VIIRS_NOAA20_NRT<br>Fecha UTC: 2026-10-05T01:24:00Z<br>Confianza: nominal<br>FRP: 0.85 MW"
      }
    },
    {
      "type": "Feature",
      "geometry": {
        "type": "Point",
        "coordinates": [3.2394, 32.8401]
      },
      "properties": {
        "bright_ti4": 298.85,
        "scan": 0.48,
        "track": 0.4,
        "acq_date": "2026-10-05",
        "acq_time": "0124",
        "satellite": "N20",
        "instrument": "VIIRS",
        "confidence": "n",
        "version": "2.0NRT",
        "bright_ti5": 286.07,
        "frp": 0.75,
        "daynight": "N",
        "source_dataset": "VIIRS_NOAA20_NRT",
        "acq_datetime_utc": "2026-10-05T01:24:00Z",
        "age_hours": 7.5,
        "confidence_label": "nominal",
        "popup_label": "<strong>NASA FIRMS<\/strong><br>Sensor: VIIRS_NOAA20_NRT<br>Fecha UTC: 2026-10-05T01:24:00Z<br>Confianza: nominal<br>FRP: 0.75 MW"
      }
    },
    {
      "type": "Feature",
      "geometry": {
        "type": "Point",
        "coordinates": [3.231, 32.9303]
      },
      "properties": {
        "bright_ti4": 302.42,
        "scan": 0.48,
        "track": 0.4,
        "acq_date": "2026-10-05",
        "acq_time": "0124",
        "satellite": "N20",
        "instrument": "VIIRS",
        "confidence": "n",
        "version": "2.0NRT",
        "bright_ti5": 286.63,
        "frp": 0.89,
        "daynight": "N",
        "source_dataset": "VIIRS_NOAA20_NRT",
        "acq_datetime_utc": "2026-10-05T01:24:00Z",
        "age_hours": 7.5,
        "confidence_label": "nominal",
        "popup_label": "<strong>NASA FIRMS<\/strong><br>Sensor: VIIRS_NOAA20_NRT<br>Fecha UTC: 2026-10-05T01:24:00Z<br>Confianza: nominal<br>FRP: 0.89 MW"
      }
    },
    {
      "type": "Feature",
      "geometry": {
        "type": "Point",
        "coordinates": [3.2471, 32.9321]
      },
      "properties": {
        "bright_ti4": 297.55,
        "scan": 0.48,
        "track": 0.4,
        "acq_date": "2026-10-05",
        "acq_time": "0124",
        "satellite": "N20",
        "instrument": "VIIRS",
        "confidence": "n",
        "version": "2.0NRT",
        "bright_ti5": 286.78,
        "frp": 0.75,
        "daynight": "N",
        "source_dataset": "VIIRS_NOAA20_NRT",
        "acq_datetime_utc": "2026-10-05T01:24:00Z",
        "age_hours": 7.5,
        "confidence_label": "nominal",
        "popup_label": "<strong>NASA FIRMS<\/strong><br>Sensor: VIIRS_NOAA20_NRT<br>Fecha UTC: 2026-10-05T01:24:00Z<br>Confianza: nominal<br>FRP: 0.75 MW"
      }
    },
    {
      "type": "Feature",
      "geometry": {
        "type": "Point",
        "coordinates": [3.2212, 32.9353]
      },
      "properties": {
        "bright_ti4": 303.73,
        "scan": 0.49,
        "track": 0.4,
        "acq_date": "2026-10-05",
        "acq_time": "0124",
        "satellite": "N20",
        "instrument": "VIIRS",
        "confidence": "n",
        "version": "2.0NRT",
        "bright_ti5": 287.71,
        "frp": 1.57,
        "daynight": "N",
        "source_dataset": "VIIRS_NOAA20_NRT",
        "acq_datetime_utc": "2026-10-05T01:24:00Z",
        "age_hours": 7.5,
        "confidence_label": "nominal",
        "popup_label": "<strong>NASA FIRMS<\/strong><br>Sensor: VIIRS_NOAA20_NRT<br>Fecha UTC: 2026-10-05T01:24:00Z<br>Confianza: nominal<br>FRP: 1.57 MW"
      }
    },
    {
      "type": "Feature",
      "geometry": {
        "type": "Point",
        "coordinates": [3.2322, 32.9377]
      },
      "properties": {
        "bright_ti4": 307.91,
        "scan": 0.48,
        "track": 0.4,
        "acq_date": "2026-10-05",
        "acq_time": "0124",
        "satellite": "N20",
        "instrument": "VIIRS",
        "confidence": "n",
        "version": "2.0NRT",
        "bright_ti5": 287.82,
        "frp": 1.68,
        "daynight": "N",
        "source_dataset": "VIIRS_NOAA20_NRT",
        "acq_datetime_utc": "2026-10-05T01:24:00Z",
        "age_hours": 7.5,
        "confidence_label": "nominal",
        "popup_label": "<strong>NASA FIRMS<\/strong><br>Sensor: VIIRS_NOAA20_NRT<br>Fecha UTC: 2026-10-05T01:24:00Z<br>Confianza: nominal<br>FRP: 1.68 MW"
      }
    },
    {
      "type": "Feature",
      "geometry": {
        "type": "Point",
        "coordinates": [3.2283, 32.9457]
      },
      "properties": {
        "bright_ti4": 304.47,
        "scan": 0.48,
        "track": 0.4,
        "acq_date": "2026-10-05",
        "acq_time": "0124",
        "satellite": "N20",
        "instrument": "VIIRS",
        "confidence": "n",
        "version": "2.0NRT",
        "bright_ti5": 287.6,
        "frp": 5.79,
        "daynight": "N",
        "source_dataset": "VIIRS_NOAA20_NRT",
        "acq_datetime_utc": "2026-10-05T01:24:00Z",
        "age_hours": 7.5,
        "confidence_label": "nominal",
        "popup_label": "<strong>NASA FIRMS<\/strong><br>Sensor: VIIRS_NOAA20_NRT<br>Fecha UTC: 2026-10-05T01:24:00Z<br>Confianza: nominal<br>FRP: 5.79 MW"
      }
    },
    {
      "type": "Feature",
      "geometry": {
        "type": "Point",
        "coordinates": [3.229, 32.9494]
      },
      "properties": {
        "bright_ti4": 331.6,
        "scan": 0.48,
        "track": 0.4,
        "acq_date": "2026-10-05",
        "acq_time": "0124",
        "satellite": "N20",
        "instrument": "VIIRS",
        "confidence": "n",
        "version": "2.0NRT",
        "bright_ti5": 290.37,
        "frp": 5.79,
        "daynight": "N",
        "source_dataset": "VIIRS_NOAA20_NRT",
        "acq_datetime_utc": "2026-10-05T01:24:00Z",
        "age_hours": 7.5,
        "confidence_label": "nominal",
        "popup_label": "<strong>NASA FIRMS<\/strong><br>Sensor: VIIRS_NOAA20_NRT<br>Fecha UTC: 2026-10-05T01:24:00Z<br>Confianza: nominal<br>FRP: 5.79 MW"
      }
    },
    {
      "type": "Feature",
      "geometry": {
        "type": "Point",
        "coordinates": [3.3155, 33.1243]
      },
      "properties": {
        "bright_ti4": 296.84,
        "scan": 0.48,
        "track": 0.4,
        "acq_date": "2026-10-05",
        "acq_time": "0124",
        "satellite": "N20",
        "instrument": "VIIRS",
        "confidence": "n",
        "version": "2.0NRT",
        "bright_ti5": 286.46,
        "frp": 0.43,
        "daynight": "N",
        "source_dataset": "VIIRS_NOAA20_NRT",
        "acq_datetime_utc": "2026-10-05T01:24:00Z",
        "age_hours": 7.5,
        "confidence_label": "nominal",
        "popup_label": "<strong>NASA FIRMS<\/strong><br>Sensor: VIIRS_NOAA20_NRT<br>Fecha UTC: 2026-10-05T01:24:00Z<br>Confianza: nominal<br>FRP: 0.43 MW"
      }
    },
    {
      "type": "Feature",
      "geometry": {
        "type": "Point",
        "coordinates": [3.3213, 33.1273]
      },
      "properties": {
        "bright_ti4": 315.37,
        "scan": 0.48,
        "track": 0.4,
        "acq_date": "2026-10-05",
        "acq_time": "0124",
        "satellite": "N20",
        "instrument": "VIIRS",
        "confidence": "n",
        "version": "2.0NRT",
        "bright_ti5": 287.85,
        "frp": 2.19,
        "daynight": "N",
        "source_dataset": "VIIRS_NOAA20_NRT",
        "acq_datetime_utc": "2026-10-05T01:24:00Z",
        "age_hours": 7.5,
        "confidence_label": "nominal",
        "popup_label": "<strong>NASA FIRMS<\/strong><br>Sensor: VIIRS_NOAA20_NRT<br>Fecha UTC: 2026-10-05T01:24:00Z<br>Confianza: nominal<br>FRP: 2.19 MW"
      }
    },
    {
      "type": "Feature",
      "geometry": {
        "type": "Point",
        "coordinates": [3.3161, 33.1279]
      },
      "properties": {
        "bright_ti4": 299.71,
        "scan": 0.48,
        "track": 0.4,
        "acq_date": "2026-10-05",
        "acq_time": "0124",
        "satellite": "N20",
        "instrument": "VIIRS",
        "confidence": "n",
        "version": "2.0NRT",
        "bright_ti5": 286.65,
        "frp": 1.06,
        "daynight": "N",
        "source_dataset": "VIIRS_NOAA20_NRT",
        "acq_datetime_utc": "2026-10-05T01:24:00Z",
        "age_hours": 7.5,
        "confidence_label": "nominal",
        "popup_label": "<strong>NASA FIRMS<\/strong><br>Sensor: VIIRS_NOAA20_NRT<br>Fecha UTC: 2026-10-05T01:24:00Z<br>Confianza: nominal<br>FRP: 1.06 MW"
      }
    },
    {
      "type": "Feature",
      "geometry": {
        "type": "Point",
        "coordinates": [3.3701, 33.1362]
      },
      "properties": {
        "bright_ti4": 303.86,
        "scan": 0.48,
        "track": 0.4,
        "acq_date": "2026-10-05",
        "acq_time": "0124",
        "satellite": "N20",
        "instrument": "VIIRS",
        "confidence": "n",
        "version": "2.0NRT",
        "bright_ti5": 286.59,
        "frp": 1.16,
        "daynight": "N",
        "source_dataset": "VIIRS_NOAA20_NRT",
        "acq_datetime_utc": "2026-10-05T01:24:00Z",
        "age_hours": 7.5,
        "confidence_label": "nominal",
        "popup_label": "<strong>NASA FIRMS<\/strong><br>Sensor: VIIRS_NOAA20_NRT<br>Fecha UTC: 2026-10-05T01:24:00Z<br>Confianza: nominal<br>FRP: 1.16 MW"
      }
    },
    {
      "type": "Feature",
      "geometry": {
        "type": "Point",
        "coordinates": [2.0592, 34.4389]
      },
      "properties": {
        "bright_ti4": 303.34,
        "scan": 0.57,
        "track": 0.43,
        "acq_date": "2026-10-05",
        "acq_time": "0124",
        "satellite": "N20",
        "instrument": "VIIRS",
        "confidence": "n",
        "version": "2.0NRT",
        "bright_ti5": 286.26,
        "frp": 2.08,
        "daynight": "N",
        "source_dataset": "VIIRS_NOAA20_NRT",
        "acq_datetime_utc": "2026-10-05T01:24:00Z",
        "age_hours": 7.5,
        "confidence_label": "nominal",
        "popup_label": "<strong>NASA FIRMS<\/strong><br>Sensor: VIIRS_NOAA20_NRT<br>Fecha UTC: 2026-10-05T01:24:00Z<br>Confianza: nominal<br>FRP: 2.08 MW"
      }
    },
    {
      "type": "Feature",
      "geometry": {
        "type": "Point",
        "coordinates": [4.4781, 35.7098]
      },
      "properties": {
        "bright_ti4": 304.15,
        "scan": 0.46,
        "track": 0.39,
        "acq_date": "2026-10-05",
        "acq_time": "0124",
        "satellite": "N20",
        "instrument": "VIIRS",
        "confidence": "n",
        "version": "2.0NRT",
        "bright_ti5": 288.76,
        "frp": 0.59,
        "daynight": "N",
        "source_dataset": "VIIRS_NOAA20_NRT",
        "acq_datetime_utc": "2026-10-05T01:24:00Z",
        "age_hours": 7.5,
        "confidence_label": "nominal",
        "popup_label": "<strong>NASA FIRMS<\/strong><br>Sensor: VIIRS_NOAA20_NRT<br>Fecha UTC: 2026-10-05T01:24:00Z<br>Confianza: nominal<br>FRP: 0.59 MW"
      }
    },
    {
      "type": "Feature",
      "geometry": {
        "type": "Point",
        "coordinates": [-0.2475, 35.8062]
      },
      "properties": {
        "bright_ti4": 301.99,
        "scan": 0.53,
        "track": 0.5,
        "acq_date": "2026-10-05",
        "acq_time": "0124",
        "satellite": "N20",
        "instrument": "VIIRS",
        "confidence": "n",
        "version": "2.0NRT",
        "bright_ti5": 285.83,
        "frp": 2.16,
        "daynight": "N",
        "source_dataset": "VIIRS_NOAA20_NRT",
        "acq_datetime_utc": "2026-10-05T01:24:00Z",
        "age_hours": 7.5,
        "confidence_label": "nominal",
        "popup_label": "<strong>NASA FIRMS<\/strong><br>Sensor: VIIRS_NOAA20_NRT<br>Fecha UTC: 2026-10-05T01:24:00Z<br>Confianza: nominal<br>FRP: 2.16 MW"
      }
    },
    {
      "type": "Feature",
      "geometry": {
        "type": "Point",
        "coordinates": [-0.2592, 35.8072]
      },
      "properties": {
        "bright_ti4": 339.6,
        "scan": 0.53,
        "track": 0.5,
        "acq_date": "2026-10-05",
        "acq_time": "0124",
        "satellite": "N20",
        "instrument": "VIIRS",
        "confidence": "n",
        "version": "2.0NRT",
        "bright_ti5": 286.98,
        "frp": 3.74,
        "daynight": "N",
        "source_dataset": "VIIRS_NOAA20_NRT",
        "acq_datetime_utc": "2026-10-05T01:24:00Z",
        "age_hours": 7.5,
        "confidence_label": "nominal",
        "popup_label": "<strong>NASA FIRMS<\/strong><br>Sensor: VIIRS_NOAA20_NRT<br>Fecha UTC: 2026-10-05T01:24:00Z<br>Confianza: nominal<br>FRP: 3.74 MW"
      }
    },
    {
      "type": "Feature",
      "geometry": {
        "type": "Point",
        "coordinates": [-0.2529, 35.8113]
      },
      "properties": {
        "bright_ti4": 327.98,
        "scan": 0.53,
        "track": 0.5,
        "acq_date": "2026-10-05",
        "acq_time": "0124",
        "satellite": "N20",
        "instrument": "VIIRS",
        "confidence": "n",
        "version": "2.0NRT",
        "bright_ti5": 285.99,
        "frp": 2.16,
        "daynight": "N",
        "source_dataset": "VIIRS_NOAA20_NRT",
        "acq_datetime_utc": "2026-10-05T01:24:00Z",
        "age_hours": 7.5,
        "confidence_label": "nominal",
        "popup_label": "<strong>NASA FIRMS<\/strong><br>Sensor: VIIRS_NOAA20_NRT<br>Fecha UTC: 2026-10-05T01:24:00Z<br>Confianza: nominal<br>FRP: 2.16 MW"
      }
    },
    {
      "type": "Feature",
      "geometry": {
        "type": "Point",
        "coordinates": [-0.2588, 35.8118]
      },
      "properties": {
        "bright_ti4": 307.49,
        "scan": 0.53,
        "track": 0.5,
        "acq_date": "2026-10-05",
        "acq_time": "0124",
        "satellite": "N20",
        "instrument": "VIIRS",
        "confidence": "n",
        "version": "2.0NRT",
        "bright_ti5": 285.75,
        "frp": 3.74,
        "daynight": "N",
        "source_dataset": "VIIRS_NOAA20_NRT",
        "acq_datetime_utc": "2026-10-05T01:24:00Z",
        "age_hours": 7.5,
        "confidence_label": "nominal",
        "popup_label": "<strong>NASA FIRMS<\/strong><br>Sensor: VIIRS_NOAA20_NRT<br>Fecha UTC: 2026-10-05T01:24:00Z<br>Confianza: nominal<br>FRP: 3.74 MW"
      }
    },
    {
      "type": "Feature",
      "geometry": {
        "type": "Point",
        "coordinates": [4.4474, 35.8781]
      },
      "properties": {
        "bright_ti4": 316.81,
        "scan": 0.46,
        "track": 0.39,
        "acq_date": "2026-10-05",
        "acq_time": "0124",
        "satellite": "N20",
        "instrument": "VIIRS",
        "confidence": "n",
        "version": "2.0NRT",
        "bright_ti5": 288.74,
        "frp": 2.7,
        "daynight": "N",
        "source_dataset": "VIIRS_NOAA20_NRT",
        "acq_datetime_utc": "2026-10-05T01:24:00Z",
        "age_hours": 7.5,
        "confidence_label": "nominal",
        "popup_label": "<strong>NASA FIRMS<\/strong><br>Sensor: VIIRS_NOAA20_NRT<br>Fecha UTC: 2026-10-05T01:24:00Z<br>Confianza: nominal<br>FRP: 2.7 MW"
      }
    },
    {
      "type": "Feature",
      "geometry": {
        "type": "Point",
        "coordinates": [2.9257, 36.1414]
      },
      "properties": {
        "bright_ti4": 298.78,
        "scan": 0.54,
        "track": 0.42,
        "acq_date": "2026-10-05",
        "acq_time": "0124",
        "satellite": "N20",
        "instrument": "VIIRS",
        "confidence": "n",
        "version": "2.0NRT",
        "bright_ti5": 286.29,
        "frp": 0.52,
        "daynight": "N",
        "source_dataset": "VIIRS_NOAA20_NRT",
        "acq_datetime_utc": "2026-10-05T01:24:00Z",
        "age_hours": 7.5,
        "confidence_label": "nominal",
        "popup_label": "<strong>NASA FIRMS<\/strong><br>Sensor: VIIRS_NOAA20_NRT<br>Fecha UTC: 2026-10-05T01:24:00Z<br>Confianza: nominal<br>FRP: 0.52 MW"
      }
    },
    {
      "type": "Feature",
      "geometry": {
        "type": "Point",
        "coordinates": [3.746, 36.1788]
      },
      "properties": {
        "bright_ti4": 312.06,
        "scan": 0.5,
        "track": 0.41,
        "acq_date": "2026-10-05",
        "acq_time": "0124",
        "satellite": "N20",
        "instrument": "VIIRS",
        "confidence": "n",
        "version": "2.0NRT",
        "bright_ti5": 283.94,
        "frp": 1.66,
        "daynight": "N",
        "source_dataset": "VIIRS_NOAA20_NRT",
        "acq_datetime_utc": "2026-10-05T01:24:00Z",
        "age_hours": 7.5,
        "confidence_label": "nominal",
        "popup_label": "<strong>NASA FIRMS<\/strong><br>Sensor: VIIRS_NOAA20_NRT<br>Fecha UTC: 2026-10-05T01:24:00Z<br>Confianza: nominal<br>FRP: 1.66 MW"
      }
    },
    {
      "type": "Feature",
      "geometry": {
        "type": "Point",
        "coordinates": [2.8752, 36.5963]
      },
      "properties": {
        "bright_ti4": 310.19,
        "scan": 0.55,
        "track": 0.43,
        "acq_date": "2026-10-05",
        "acq_time": "0124",
        "satellite": "N20",
        "instrument": "VIIRS",
        "confidence": "n",
        "version": "2.0NRT",
        "bright_ti5": 285.47,
        "frp": 1.39,
        "daynight": "N",
        "source_dataset": "VIIRS_NOAA20_NRT",
        "acq_datetime_utc": "2026-10-05T01:24:00Z",
        "age_hours": 7.5,
        "confidence_label": "nominal",
        "popup_label": "<strong>NASA FIRMS<\/strong><br>Sensor: VIIRS_NOAA20_NRT<br>Fecha UTC: 2026-10-05T01:24:00Z<br>Confianza: nominal<br>FRP: 1.39 MW"
      }
    },
    {
      "type": "Feature",
      "geometry": {
        "type": "Point",
        "coordinates": [3.2696, 36.6287]
      },
      "properties": {
        "bright_ti4": 304.74,
        "scan": 0.53,
        "track": 0.42,
        "acq_date": "2026-10-05",
        "acq_time": "0124",
        "satellite": "N20",
        "instrument": "VIIRS",
        "confidence": "n",
        "version": "2.0NRT",
        "bright_ti5": 282.21,
        "frp": 0.92,
        "daynight": "N",
        "source_dataset": "VIIRS_NOAA20_NRT",
        "acq_datetime_utc": "2026-10-05T01:24:00Z",
        "age_hours": 7.5,
        "confidence_label": "nominal",
        "popup_label": "<strong>NASA FIRMS<\/strong><br>Sensor: VIIRS_NOAA20_NRT<br>Fecha UTC: 2026-10-05T01:24:00Z<br>Confianza: nominal<br>FRP: 0.92 MW"
      }
    },
    {
      "type": "Feature",
      "geometry": {
        "type": "Point",
        "coordinates": [3.1195, 36.6807]
      },
      "properties": {
        "bright_ti4": 306.1,
        "scan": 0.54,
        "track": 0.42,
        "acq_date": "2026-10-05",
        "acq_time": "0124",
        "satellite": "N20",
        "instrument": "VIIRS",
        "confidence": "n",
        "version": "2.0NRT",
        "bright_ti5": 281.85,
        "frp": 1.28,
        "daynight": "N",
        "source_dataset": "VIIRS_NOAA20_NRT",
        "acq_datetime_utc": "2026-10-05T01:24:00Z",
        "age_hours": 7.5,
        "confidence_label": "nominal",
        "popup_label": "<strong>NASA FIRMS<\/strong><br>Sensor: VIIRS_NOAA20_NRT<br>Fecha UTC: 2026-10-05T01:24:00Z<br>Confianza: nominal<br>FRP: 1.28 MW"
      }
    },
    {
      "type": "Feature",
      "geometry": {
        "type": "Point",
        "coordinates": [-1.907, 36.9669]
      },
      "properties": {
        "bright_ti4": 300.94,
        "scan": 0.34,
        "track": 0.56,
        "acq_date": "2026-10-05",
        "acq_time": "0124",
        "satellite": "N20",
        "instrument": "VIIRS",
        "confidence": "n",
        "version": "2.0NRT",
        "bright_ti5": 277.03,
        "frp": 0.62,
        "daynight": "N",
        "source_dataset": "VIIRS_NOAA20_NRT",
        "acq_datetime_utc": "2026-10-05T01:24:00Z",
        "age_hours": 7.5,
        "confidence_label": "nominal",
        "popup_label": "<strong>NASA FIRMS<\/strong><br>Sensor: VIIRS_NOAA20_NRT<br>Fecha UTC: 2026-10-05T01:24:00Z<br>Confianza: nominal<br>FRP: 0.62 MW"
      }
    },
    {
      "type": "Feature",
      "geometry": {
        "type": "Point",
        "coordinates": [-1.9073, 36.9689]
      },
      "properties": {
        "bright_ti4": 300.87,
        "scan": 0.34,
        "track": 0.56,
        "acq_date": "2026-10-05",
        "acq_time": "0124",
        "satellite": "N20",
        "instrument": "VIIRS",
        "confidence": "n",
        "version": "2.0NRT",
        "bright_ti5": 276.68,
        "frp": 0.92,
        "daynight": "N",
        "source_dataset": "VIIRS_NOAA20_NRT",
        "acq_datetime_utc": "2026-10-05T01:24:00Z",
        "age_hours": 7.5,
        "confidence_label": "nominal",
        "popup_label": "<strong>NASA FIRMS<\/strong><br>Sensor: VIIRS_NOAA20_NRT<br>Fecha UTC: 2026-10-05T01:24:00Z<br>Confianza: nominal<br>FRP: 0.92 MW"
      }
    },
    {
      "type": "Feature",
      "geometry": {
        "type": "Point",
        "coordinates": [-3.7491, 39.9356]
      },
      "properties": {
        "bright_ti4": 299.98,
        "scan": 0.45,
        "track": 0.63,
        "acq_date": "2026-10-05",
        "acq_time": "0122",
        "satellite": "N20",
        "instrument": "VIIRS",
        "confidence": "n",
        "version": "2.0NRT",
        "bright_ti5": 284.15,
        "frp": 0.98,
        "daynight": "N",
        "source_dataset": "VIIRS_NOAA20_NRT",
        "acq_datetime_utc": "2026-10-05T01:22:00Z",
        "age_hours": 7.6,
        "confidence_label": "nominal",
        "popup_label": "<strong>NASA FIRMS<\/strong><br>Sensor: VIIRS_NOAA20_NRT<br>Fecha UTC: 2026-10-05T01:22:00Z<br>Confianza: nominal<br>FRP: 0.98 MW"
      }
    },
    {
      "type": "Feature",
      "geometry": {
        "type": "Point",
        "coordinates": [-3.4777, 40.2445]
      },
      "properties": {
        "bright_ti4": 326.39,
        "scan": 0.44,
        "track": 0.62,
        "acq_date": "2026-10-05",
        "acq_time": "0122",
        "satellite": "N20",
        "instrument": "VIIRS",
        "confidence": "n",
        "version": "2.0NRT",
        "bright_ti5": 283.92,
        "frp": 2.96,
        "daynight": "N",
        "source_dataset": "VIIRS_NOAA20_NRT",
        "acq_datetime_utc": "2026-10-05T01:22:00Z",
        "age_hours": 7.6,
        "confidence_label": "nominal",
        "popup_label": "<strong>NASA FIRMS<\/strong><br>Sensor: VIIRS_NOAA20_NRT<br>Fecha UTC: 2026-10-05T01:22:00Z<br>Confianza: nominal<br>FRP: 2.96 MW"
      }
    },
    {
      "type": "Feature",
      "geometry": {
        "type": "Point",
        "coordinates": [0.88, 41.506]
      },
      "properties": {
        "bright_ti4": 320.95,
        "scan": 0.53,
        "track": 0.5,
        "acq_date": "2026-10-05",
        "acq_time": "0122",
        "satellite": "N20",
        "instrument": "VIIRS",
        "confidence": "n",
        "version": "2.0NRT",
        "bright_ti5": 284.66,
        "frp": 3.2,
        "daynight": "N",
        "source_dataset": "VIIRS_NOAA20_NRT",
        "acq_datetime_utc": "2026-10-05T01:22:00Z",
        "age_hours": 7.6,
        "confidence_label": "nominal",
        "popup_label": "<strong>NASA FIRMS<\/strong><br>Sensor: VIIRS_NOAA20_NRT<br>Fecha UTC: 2026-10-05T01:22:00Z<br>Confianza: nominal<br>FRP: 3.2 MW"
      }
    },
    {
      "type": "Feature",
      "geometry": {
        "type": "Point",
        "coordinates": [-3.0289, 43.3083]
      },
      "properties": {
        "bright_ti4": 310.33,
        "scan": 0.43,
        "track": 0.62,
        "acq_date": "2026-10-05",
        "acq_time": "0122",
        "satellite": "N20",
        "instrument": "VIIRS",
        "confidence": "n",
        "version": "2.0NRT",
        "bright_ti5": 283.65,
        "frp": 1.24,
        "daynight": "N",
        "source_dataset": "VIIRS_NOAA20_NRT",
        "acq_datetime_utc": "2026-10-05T01:22:00Z",
        "age_hours": 7.6,
        "confidence_label": "nominal",
        "popup_label": "<strong>NASA FIRMS<\/strong><br>Sensor: VIIRS_NOAA20_NRT<br>Fecha UTC: 2026-10-05T01:22:00Z<br>Confianza: nominal<br>FRP: 1.24 MW"
      }
    },
    {
      "type": "Feature",
      "geometry": {
        "type": "Point",
        "coordinates": [4.8928, 43.4352]
      },
      "properties": {
        "bright_ti4": 303.38,
        "scan": 0.53,
        "track": 0.42,
        "acq_date": "2026-10-05",
        "acq_time": "0122",
        "satellite": "N20",
        "instrument": "VIIRS",
        "confidence": "n",
        "version": "2.0NRT",
        "bright_ti5": 286.48,
        "frp": 2.52,
        "daynight": "N",
        "source_dataset": "VIIRS_NOAA20_NRT",
        "acq_datetime_utc": "2026-10-05T01:22:00Z",
        "age_hours": 7.6,
        "confidence_label": "nominal",
        "popup_label": "<strong>NASA FIRMS<\/strong><br>Sensor: VIIRS_NOAA20_NRT<br>Fecha UTC: 2026-10-05T01:22:00Z<br>Confianza: nominal<br>FRP: 2.52 MW"
      }
    },
    {
      "type": "Feature",
      "geometry": {
        "type": "Point",
        "coordinates": [4.8862, 43.4359]
      },
      "properties": {
        "bright_ti4": 310.12,
        "scan": 0.53,
        "track": 0.42,
        "acq_date": "2026-10-05",
        "acq_time": "0122",
        "satellite": "N20",
        "instrument": "VIIRS",
        "confidence": "n",
        "version": "2.0NRT",
        "bright_ti5": 285.19,
        "frp": 2.33,
        "daynight": "N",
        "source_dataset": "VIIRS_NOAA20_NRT",
        "acq_datetime_utc": "2026-10-05T01:22:00Z",
        "age_hours": 7.6,
        "confidence_label": "nominal",
        "popup_label": "<strong>NASA FIRMS<\/strong><br>Sensor: VIIRS_NOAA20_NRT<br>Fecha UTC: 2026-10-05T01:22:00Z<br>Confianza: nominal<br>FRP: 2.33 MW"
      }
    },
    {
      "type": "Feature",
      "geometry": {
        "type": "Point",
        "coordinates": [4.8936, 43.4391]
      },
      "properties": {
        "bright_ti4": 304.52,
        "scan": 0.53,
        "track": 0.42,
        "acq_date": "2026-10-05",
        "acq_time": "0122",
        "satellite": "N20",
        "instrument": "VIIRS",
        "confidence": "n",
        "version": "2.0NRT",
        "bright_ti5": 284.57,
        "frp": 2.2,
        "daynight": "N",
        "source_dataset": "VIIRS_NOAA20_NRT",
        "acq_datetime_utc": "2026-10-05T01:22:00Z",
        "age_hours": 7.6,
        "confidence_label": "nominal",
        "popup_label": "<strong>NASA FIRMS<\/strong><br>Sensor: VIIRS_NOAA20_NRT<br>Fecha UTC: 2026-10-05T01:22:00Z<br>Confianza: nominal<br>FRP: 2.2 MW"
      }
    },
    {
      "type": "Feature",
      "geometry": {
        "type": "Point",
        "coordinates": [-1.6868, 38.2601]
      },
      "properties": {
        "bright_ti4": 335.45,
        "scan": 0.4,
        "track": 0.37,
        "acq_date": "2026-10-04",
        "acq_time": "1304",
        "satellite": "N20",
        "instrument": "VIIRS",
        "confidence": "n",
        "version": "2.0NRT",
        "bright_ti5": 285.06,
        "frp": 1.89,
        "daynight": "D",
        "source_dataset": "VIIRS_NOAA20_NRT",
        "acq_datetime_utc": "2026-10-04T13:04:00Z",
        "age_hours": 19.9,
        "confidence_label": "nominal",
        "popup_label": "<strong>NASA FIRMS<\/strong><br>Sensor: VIIRS_NOAA20_NRT<br>Fecha UTC: 2026-10-04T13:04:00Z<br>Confianza: nominal<br>FRP: 1.89 MW"
      }
    },
    {
      "type": "Feature",
      "geometry": {
        "type": "Point",
        "coordinates": [-3.6562, 39.5398]
      },
      "properties": {
        "bright_ti4": 326.01,
        "scan": 0.43,
        "track": 0.38,
        "acq_date": "2026-10-04",
        "acq_time": "1304",
        "satellite": "N20",
        "instrument": "VIIRS",
        "confidence": "n",
        "version": "2.0NRT",
        "bright_ti5": 292.14,
        "frp": 2.27,
        "daynight": "D",
        "source_dataset": "VIIRS_NOAA20_NRT",
        "acq_datetime_utc": "2026-10-04T13:04:00Z",
        "age_hours": 19.9,
        "confidence_label": "nominal",
        "popup_label": "<strong>NASA FIRMS<\/strong><br>Sensor: VIIRS_NOAA20_NRT<br>Fecha UTC: 2026-10-04T13:04:00Z<br>Confianza: nominal<br>FRP: 2.27 MW"
      }
    },
    {
      "type": "Feature",
      "geometry": {
        "type": "Point",
        "coordinates": [0.1795, 41.9214]
      },
      "properties": {
        "bright_ti4": 328.97,
        "scan": 0.39,
        "track": 0.36,
        "acq_date": "2026-10-04",
        "acq_time": "1304",
        "satellite": "N20",
        "instrument": "VIIRS",
        "confidence": "n",
        "version": "2.0NRT",
        "bright_ti5": 296.41,
        "frp": 1.65,
        "daynight": "D",
        "source_dataset": "VIIRS_NOAA20_NRT",
        "acq_datetime_utc": "2026-10-04T13:04:00Z",
        "age_hours": 19.9,
        "confidence_label": "nominal",
        "popup_label": "<strong>NASA FIRMS<\/strong><br>Sensor: VIIRS_NOAA20_NRT<br>Fecha UTC: 2026-10-04T13:04:00Z<br>Confianza: nominal<br>FRP: 1.65 MW"
      }
    },
    {
      "type": "Feature",
      "geometry": {
        "type": "Point",
        "coordinates": [3.9888, 32.2776]
      },
      "properties": {
        "bright_ti4": 339.5,
        "scan": 0.41,
        "track": 0.37,
        "acq_date": "2026-10-04",
        "acq_time": "1301",
        "satellite": "N20",
        "instrument": "VIIRS",
        "confidence": "n",
        "version": "2.0NRT",
        "bright_ti5": 305.38,
        "frp": 3.1,
        "daynight": "D",
        "source_dataset": "VIIRS_NOAA20_NRT",
        "acq_datetime_utc": "2026-10-04T13:01:00Z",
        "age_hours": 19.9,
        "confidence_label": "nominal",
        "popup_label": "<strong>NASA FIRMS<\/strong><br>Sensor: VIIRS_NOAA20_NRT<br>Fecha UTC: 2026-10-04T13:01:00Z<br>Confianza: nominal<br>FRP: 3.1 MW"
      }
    },
    {
      "type": "Feature",
      "geometry": {
        "type": "Point",
        "coordinates": [3.1693, 32.5544]
      },
      "properties": {
        "bright_ti4": 340.26,
        "scan": 0.4,
        "track": 0.37,
        "acq_date": "2026-10-04",
        "acq_time": "1301",
        "satellite": "N20",
        "instrument": "VIIRS",
        "confidence": "n",
        "version": "2.0NRT",
        "bright_ti5": 305.58,
        "frp": 5.49,
        "daynight": "D",
        "source_dataset": "VIIRS_NOAA20_NRT",
        "acq_datetime_utc": "2026-10-04T13:01:00Z",
        "age_hours": 19.9,
        "confidence_label": "nominal",
        "popup_label": "<strong>NASA FIRMS<\/strong><br>Sensor: VIIRS_NOAA20_NRT<br>Fecha UTC: 2026-10-04T13:01:00Z<br>Confianza: nominal<br>FRP: 5.49 MW"
      }
    },
    {
      "type": "Feature",
      "geometry": {
        "type": "Point",
        "coordinates": [3.392, 32.8426]
      },
      "properties": {
        "bright_ti4": 335.73,
        "scan": 0.4,
        "track": 0.37,
        "acq_date": "2026-10-04",
        "acq_time": "1301",
        "satellite": "N20",
        "instrument": "VIIRS",
        "confidence": "n",
        "version": "2.0NRT",
        "bright_ti5": 302.68,
        "frp": 2.26,
        "daynight": "D",
        "source_dataset": "VIIRS_NOAA20_NRT",
        "acq_datetime_utc": "2026-10-04T13:01:00Z",
        "age_hours": 19.9,
        "confidence_label": "nominal",
        "popup_label": "<strong>NASA FIRMS<\/strong><br>Sensor: VIIRS_NOAA20_NRT<br>Fecha UTC: 2026-10-04T13:01:00Z<br>Confianza: nominal<br>FRP: 2.26 MW"
      }
    },
    {
      "type": "Feature",
      "geometry": {
        "type": "Point",
        "coordinates": [3.3312, 33.12]
      },
      "properties": {
        "bright_ti4": 335.79,
        "scan": 0.4,
        "track": 0.37,
        "acq_date": "2026-10-04",
        "acq_time": "1301",
        "satellite": "N20",
        "instrument": "VIIRS",
        "confidence": "l",
        "version": "2.0NRT",
        "bright_ti5": 305.99,
        "frp": 13.16,
        "daynight": "D",
        "source_dataset": "VIIRS_NOAA20_NRT",
        "acq_datetime_utc": "2026-10-04T13:01:00Z",
        "age_hours": 19.9,
        "confidence_label": "baja",
        "popup_label": "<strong>NASA FIRMS<\/strong><br>Sensor: VIIRS_NOAA20_NRT<br>Fecha UTC: 2026-10-04T13:01:00Z<br>Confianza: baja<br>FRP: 13.16 MW"
      }
    },
    {
      "type": "Feature",
      "geometry": {
        "type": "Point",
        "coordinates": [-0.1914, 35.6775]
      },
      "properties": {
        "bright_ti4": 340.03,
        "scan": 0.39,
        "track": 0.36,
        "acq_date": "2026-10-04",
        "acq_time": "1301",
        "satellite": "N20",
        "instrument": "VIIRS",
        "confidence": "n",
        "version": "2.0NRT",
        "bright_ti5": 307.33,
        "frp": 4.16,
        "daynight": "D",
        "source_dataset": "VIIRS_NOAA20_NRT",
        "acq_datetime_utc": "2026-10-04T13:01:00Z",
        "age_hours": 19.9,
        "confidence_label": "nominal",
        "popup_label": "<strong>NASA FIRMS<\/strong><br>Sensor: VIIRS_NOAA20_NRT<br>Fecha UTC: 2026-10-04T13:01:00Z<br>Confianza: nominal<br>FRP: 4.16 MW"
      }
    },
    {
      "type": "Feature",
      "geometry": {
        "type": "Point",
        "coordinates": [-0.2571, 35.807]
      },
      "properties": {
        "bright_ti4": 338.85,
        "scan": 0.39,
        "track": 0.36,
        "acq_date": "2026-10-04",
        "acq_time": "1301",
        "satellite": "N20",
        "instrument": "VIIRS",
        "confidence": "n",
        "version": "2.0NRT",
        "bright_ti5": 303.85,
        "frp": 3.43,
        "daynight": "D",
        "source_dataset": "VIIRS_NOAA20_NRT",
        "acq_datetime_utc": "2026-10-04T13:01:00Z",
        "age_hours": 19.9,
        "confidence_label": "nominal",
        "popup_label": "<strong>NASA FIRMS<\/strong><br>Sensor: VIIRS_NOAA20_NRT<br>Fecha UTC: 2026-10-04T13:01:00Z<br>Confianza: nominal<br>FRP: 3.43 MW"
      }
    },
    {
      "type": "Feature",
      "geometry": {
        "type": "Point",
        "coordinates": [-0.2528, 35.8077]
      },
      "properties": {
        "bright_ti4": 336.96,
        "scan": 0.39,
        "track": 0.36,
        "acq_date": "2026-10-04",
        "acq_time": "1301",
        "satellite": "N20",
        "instrument": "VIIRS",
        "confidence": "n",
        "version": "2.0NRT",
        "bright_ti5": 303.29,
        "frp": 3.43,
        "daynight": "D",
        "source_dataset": "VIIRS_NOAA20_NRT",
        "acq_datetime_utc": "2026-10-04T13:01:00Z",
        "age_hours": 19.9,
        "confidence_label": "nominal",
        "popup_label": "<strong>NASA FIRMS<\/strong><br>Sensor: VIIRS_NOAA20_NRT<br>Fecha UTC: 2026-10-04T13:01:00Z<br>Confianza: nominal<br>FRP: 3.43 MW"
      }
    },
    {
      "type": "Feature",
      "geometry": {
        "type": "Point",
        "coordinates": [-0.3232, 35.8237]
      },
      "properties": {
        "bright_ti4": 334.57,
        "scan": 0.39,
        "track": 0.36,
        "acq_date": "2026-10-04",
        "acq_time": "1301",
        "satellite": "N20",
        "instrument": "VIIRS",
        "confidence": "n",
        "version": "2.0NRT",
        "bright_ti5": 303.47,
        "frp": 1.56,
        "daynight": "D",
        "source_dataset": "VIIRS_NOAA20_NRT",
        "acq_datetime_utc": "2026-10-04T13:01:00Z",
        "age_hours": 19.9,
        "confidence_label": "nominal",
        "popup_label": "<strong>NASA FIRMS<\/strong><br>Sensor: VIIRS_NOAA20_NRT<br>Fecha UTC: 2026-10-04T13:01:00Z<br>Confianza: nominal<br>FRP: 1.56 MW"
      }
    },
    {
      "type": "Feature",
      "geometry": {
        "type": "Point",
        "coordinates": [1.2427, 36.1253]
      },
      "properties": {
        "bright_ti4": 334.02,
        "scan": 0.39,
        "track": 0.36,
        "acq_date": "2026-10-04",
        "acq_time": "1301",
        "satellite": "N20",
        "instrument": "VIIRS",
        "confidence": "l",
        "version": "2.0NRT",
        "bright_ti5": 305.39,
        "frp": 1.84,
        "daynight": "D",
        "source_dataset": "VIIRS_NOAA20_NRT",
        "acq_datetime_utc": "2026-10-04T13:01:00Z",
        "age_hours": 19.9,
        "confidence_label": "baja",
        "popup_label": "<strong>NASA FIRMS<\/strong><br>Sensor: VIIRS_NOAA20_NRT<br>Fecha UTC: 2026-10-04T13:01:00Z<br>Confianza: baja<br>FRP: 1.84 MW"
      }
    },
    {
      "type": "Feature",
      "geometry": {
        "type": "Point",
        "coordinates": [2.9421, 36.5742]
      },
      "properties": {
        "bright_ti4": 330.06,
        "scan": 0.41,
        "track": 0.37,
        "acq_date": "2026-10-04",
        "acq_time": "1301",
        "satellite": "N20",
        "instrument": "VIIRS",
        "confidence": "n",
        "version": "2.0NRT",
        "bright_ti5": 294.64,
        "frp": 2.59,
        "daynight": "D",
        "source_dataset": "VIIRS_NOAA20_NRT",
        "acq_datetime_utc": "2026-10-04T13:01:00Z",
        "age_hours": 19.9,
        "confidence_label": "nominal",
        "popup_label": "<strong>NASA FIRMS<\/strong><br>Sensor: VIIRS_NOAA20_NRT<br>Fecha UTC: 2026-10-04T13:01:00Z<br>Confianza: nominal<br>FRP: 2.59 MW"
      }
    },
    {
      "type": "Feature",
      "geometry": {
        "type": "Point",
        "coordinates": [3.1252, 36.6793]
      },
      "properties": {
        "bright_ti4": 338.26,
        "scan": 0.42,
        "track": 0.38,
        "acq_date": "2026-10-04",
        "acq_time": "1301",
        "satellite": "N20",
        "instrument": "VIIRS",
        "confidence": "n",
        "version": "2.0NRT",
        "bright_ti5": 305.36,
        "frp": 3.53,
        "daynight": "D",
        "source_dataset": "VIIRS_NOAA20_NRT",
        "acq_datetime_utc": "2026-10-04T13:01:00Z",
        "age_hours": 19.9,
        "confidence_label": "nominal",
        "popup_label": "<strong>NASA FIRMS<\/strong><br>Sensor: VIIRS_NOAA20_NRT<br>Fecha UTC: 2026-10-04T13:01:00Z<br>Confianza: nominal<br>FRP: 3.53 MW"
      }
    },
    {
      "type": "Feature",
      "geometry": {
        "type": "Point",
        "coordinates": [3.122, 36.6816]
      },
      "properties": {
        "bright_ti4": 335.7,
        "scan": 0.42,
        "track": 0.38,
        "acq_date": "2026-10-04",
        "acq_time": "1301",
        "satellite": "N20",
        "instrument": "VIIRS",
        "confidence": "n",
        "version": "2.0NRT",
        "bright_ti5": 304.94,
        "frp": 2.53,
        "daynight": "D",
        "source_dataset": "VIIRS_NOAA20_NRT",
        "acq_datetime_utc": "2026-10-04T13:01:00Z",
        "age_hours": 19.9,
        "confidence_label": "nominal",
        "popup_label": "<strong>NASA FIRMS<\/strong><br>Sensor: VIIRS_NOAA20_NRT<br>Fecha UTC: 2026-10-04T13:01:00Z<br>Confianza: nominal<br>FRP: 2.53 MW"
      }
    },
    {
      "type": "Feature",
      "geometry": {
        "type": "Point",
        "coordinates": [4.7255, 36.7218]
      },
      "properties": {
        "bright_ti4": 332.06,
        "scan": 0.48,
        "track": 0.4,
        "acq_date": "2026-10-04",
        "acq_time": "1301",
        "satellite": "N20",
        "instrument": "VIIRS",
        "confidence": "n",
        "version": "2.0NRT",
        "bright_ti5": 298.29,
        "frp": 4.58,
        "daynight": "D",
        "source_dataset": "VIIRS_NOAA20_NRT",
        "acq_datetime_utc": "2026-10-04T13:01:00Z",
        "age_hours": 19.9,
        "confidence_label": "nominal",
        "popup_label": "<strong>NASA FIRMS<\/strong><br>Sensor: VIIRS_NOAA20_NRT<br>Fecha UTC: 2026-10-04T13:01:00Z<br>Confianza: nominal<br>FRP: 4.58 MW"
      }
    },
    {
      "type": "Feature",
      "geometry": {
        "type": "Point",
        "coordinates": [-0.5188, 28.2004]
      },
      "properties": {
        "bright_ti4": 339.06,
        "scan": 0.46,
        "track": 0.39,
        "acq_date": "2026-10-04",
        "acq_time": "1259",
        "satellite": "N20",
        "instrument": "VIIRS",
        "confidence": "l",
        "version": "2.0NRT",
        "bright_ti5": 312.21,
        "frp": 1.75,
        "daynight": "D",
        "source_dataset": "VIIRS_NOAA20_NRT",
        "acq_datetime_utc": "2026-10-04T12:59:00Z",
        "age_hours": 19.9,
        "confidence_label": "baja",
        "popup_label": "<strong>NASA FIRMS<\/strong><br>Sensor: VIIRS_NOAA20_NRT<br>Fecha UTC: 2026-10-04T12:59:00Z<br>Confianza: baja<br>FRP: 1.75 MW"
      }
    },
    {
      "type": "Feature",
      "geometry": {
        "type": "Point",
        "coordinates": [-0.1592, 28.21]
      },
      "properties": {
        "bright_ti4": 338.83,
        "scan": 0.44,
        "track": 0.39,
        "acq_date": "2026-10-04",
        "acq_time": "1259",
        "satellite": "N20",
        "instrument": "VIIRS",
        "confidence": "l",
        "version": "2.0NRT",
        "bright_ti5": 312.4,
        "frp": 2,
        "daynight": "D",
        "source_dataset": "VIIRS_NOAA20_NRT",
        "acq_datetime_utc": "2026-10-04T12:59:00Z",
        "age_hours": 19.9,
        "confidence_label": "baja",
        "popup_label": "<strong>NASA FIRMS<\/strong><br>Sensor: VIIRS_NOAA20_NRT<br>Fecha UTC: 2026-10-04T12:59:00Z<br>Confianza: baja<br>FRP: 2 MW"
      }
    },
    {
      "type": "Feature",
      "geometry": {
        "type": "Point",
        "coordinates": [-8.9091, 39.6856]
      },
      "properties": {
        "bright_ti4": 300.06,
        "scan": 0.35,
        "track": 0.57,
        "acq_date": "2026-10-04",
        "acq_time": "0321",
        "satellite": "N20",
        "instrument": "VIIRS",
        "confidence": "n",
        "version": "2.0NRT",
        "bright_ti5": 287.03,
        "frp": 0.64,
        "daynight": "N",
        "source_dataset": "VIIRS_NOAA20_NRT",
        "acq_datetime_utc": "2026-10-04T03:21:00Z",
        "age_hours": 29.6,
        "confidence_label": "nominal",
        "popup_label": "<strong>NASA FIRMS<\/strong><br>Sensor: VIIRS_NOAA20_NRT<br>Fecha UTC: 2026-10-04T03:21:00Z<br>Confianza: nominal<br>FRP: 0.64 MW"
      }
    },
    {
      "type": "Feature",
      "geometry": {
        "type": "Point",
        "coordinates": [-8.4214, 40.288]
      },
      "properties": {
        "bright_ti4": 306.75,
        "scan": 0.36,
        "track": 0.57,
        "acq_date": "2026-10-04",
        "acq_time": "0321",
        "satellite": "N20",
        "instrument": "VIIRS",
        "confidence": "n",
        "version": "2.0NRT",
        "bright_ti5": 288.23,
        "frp": 1.06,
        "daynight": "N",
        "source_dataset": "VIIRS_NOAA20_NRT",
        "acq_datetime_utc": "2026-10-04T03:21:00Z",
        "age_hours": 29.6,
        "confidence_label": "nominal",
        "popup_label": "<strong>NASA FIRMS<\/strong><br>Sensor: VIIRS_NOAA20_NRT<br>Fecha UTC: 2026-10-04T03:21:00Z<br>Confianza: nominal<br>FRP: 1.06 MW"
      }
    },
    {
      "type": "Feature",
      "geometry": {
        "type": "Point",
        "coordinates": [-8.4225, 40.2887]
      },
      "properties": {
        "bright_ti4": 302.88,
        "scan": 0.36,
        "track": 0.57,
        "acq_date": "2026-10-04",
        "acq_time": "0321",
        "satellite": "N20",
        "instrument": "VIIRS",
        "confidence": "n",
        "version": "2.0NRT",
        "bright_ti5": 287.79,
        "frp": 0.85,
        "daynight": "N",
        "source_dataset": "VIIRS_NOAA20_NRT",
        "acq_datetime_utc": "2026-10-04T03:21:00Z",
        "age_hours": 29.6,
        "confidence_label": "nominal",
        "popup_label": "<strong>NASA FIRMS<\/strong><br>Sensor: VIIRS_NOAA20_NRT<br>Fecha UTC: 2026-10-04T03:21:00Z<br>Confianza: nominal<br>FRP: 0.85 MW"
      }
    },
    {
      "type": "Feature",
      "geometry": {
        "type": "Point",
        "coordinates": [-8.4379, 43.3484]
      },
      "properties": {
        "bright_ti4": 296.17,
        "scan": 0.59,
        "track": 0.53,
        "acq_date": "2026-10-04",
        "acq_time": "0321",
        "satellite": "N20",
        "instrument": "VIIRS",
        "confidence": "n",
        "version": "2.0NRT",
        "bright_ti5": 285.7,
        "frp": 0.75,
        "daynight": "N",
        "source_dataset": "VIIRS_NOAA20_NRT",
        "acq_datetime_utc": "2026-10-04T03:21:00Z",
        "age_hours": 29.6,
        "confidence_label": "nominal",
        "popup_label": "<strong>NASA FIRMS<\/strong><br>Sensor: VIIRS_NOAA20_NRT<br>Fecha UTC: 2026-10-04T03:21:00Z<br>Confianza: nominal<br>FRP: 0.75 MW"
      }
    },
    {
      "type": "Feature",
      "geometry": {
        "type": "Point",
        "coordinates": [0.2367, 27.8238]
      },
      "properties": {
        "bright_ti4": 320.2,
        "scan": 0.39,
        "track": 0.36,
        "acq_date": "2026-10-04",
        "acq_time": "0143",
        "satellite": "N20",
        "instrument": "VIIRS",
        "confidence": "n",
        "version": "2.0NRT",
        "bright_ti5": 295.88,
        "frp": 5.04,
        "daynight": "N",
        "source_dataset": "VIIRS_NOAA20_NRT",
        "acq_datetime_utc": "2026-10-04T01:43:00Z",
        "age_hours": 31.2,
        "confidence_label": "nominal",
        "popup_label": "<strong>NASA FIRMS<\/strong><br>Sensor: VIIRS_NOAA20_NRT<br>Fecha UTC: 2026-10-04T01:43:00Z<br>Confianza: nominal<br>FRP: 5.04 MW"
      }
    },
    {
      "type": "Feature",
      "geometry": {
        "type": "Point",
        "coordinates": [0.2328, 27.8244]
      },
      "properties": {
        "bright_ti4": 315.04,
        "scan": 0.39,
        "track": 0.36,
        "acq_date": "2026-10-04",
        "acq_time": "0143",
        "satellite": "N20",
        "instrument": "VIIRS",
        "confidence": "n",
        "version": "2.0NRT",
        "bright_ti5": 292.18,
        "frp": 5.04,
        "daynight": "N",
        "source_dataset": "VIIRS_NOAA20_NRT",
        "acq_datetime_utc": "2026-10-04T01:43:00Z",
        "age_hours": 31.2,
        "confidence_label": "nominal",
        "popup_label": "<strong>NASA FIRMS<\/strong><br>Sensor: VIIRS_NOAA20_NRT<br>Fecha UTC: 2026-10-04T01:43:00Z<br>Confianza: nominal<br>FRP: 5.04 MW"
      }
    },
    {
      "type": "Feature",
      "geometry": {
        "type": "Point",
        "coordinates": [-0.5173, 28.2019]
      },
      "properties": {
        "bright_ti4": 328.02,
        "scan": 0.41,
        "track": 0.37,
        "acq_date": "2026-10-04",
        "acq_time": "0143",
        "satellite": "N20",
        "instrument": "VIIRS",
        "confidence": "n",
        "version": "2.0NRT",
        "bright_ti5": 292.44,
        "frp": 2.63,
        "daynight": "N",
        "source_dataset": "VIIRS_NOAA20_NRT",
        "acq_datetime_utc": "2026-10-04T01:43:00Z",
        "age_hours": 31.2,
        "confidence_label": "nominal",
        "popup_label": "<strong>NASA FIRMS<\/strong><br>Sensor: VIIRS_NOAA20_NRT<br>Fecha UTC: 2026-10-04T01:43:00Z<br>Confianza: nominal<br>FRP: 2.63 MW"
      }
    },
    {
      "type": "Feature",
      "geometry": {
        "type": "Point",
        "coordinates": [1.898, 30.9112]
      },
      "properties": {
        "bright_ti4": 301.79,
        "scan": 0.38,
        "track": 0.36,
        "acq_date": "2026-10-04",
        "acq_time": "0143",
        "satellite": "N20",
        "instrument": "VIIRS",
        "confidence": "n",
        "version": "2.0NRT",
        "bright_ti5": 289.13,
        "frp": 0.57,
        "daynight": "N",
        "source_dataset": "VIIRS_NOAA20_NRT",
        "acq_datetime_utc": "2026-10-04T01:43:00Z",
        "age_hours": 31.2,
        "confidence_label": "nominal",
        "popup_label": "<strong>NASA FIRMS<\/strong><br>Sensor: VIIRS_NOAA20_NRT<br>Fecha UTC: 2026-10-04T01:43:00Z<br>Confianza: nominal<br>FRP: 0.57 MW"
      }
    },
    {
      "type": "Feature",
      "geometry": {
        "type": "Point",
        "coordinates": [3.988, 32.2756]
      },
      "properties": {
        "bright_ti4": 320.23,
        "scan": 0.4,
        "track": 0.37,
        "acq_date": "2026-10-04",
        "acq_time": "0143",
        "satellite": "N20",
        "instrument": "VIIRS",
        "confidence": "n",
        "version": "2.0NRT",
        "bright_ti5": 289.43,
        "frp": 1.27,
        "daynight": "N",
        "source_dataset": "VIIRS_NOAA20_NRT",
        "acq_datetime_utc": "2026-10-04T01:43:00Z",
        "age_hours": 31.2,
        "confidence_label": "nominal",
        "popup_label": "<strong>NASA FIRMS<\/strong><br>Sensor: VIIRS_NOAA20_NRT<br>Fecha UTC: 2026-10-04T01:43:00Z<br>Confianza: nominal<br>FRP: 1.27 MW"
      }
    },
    {
      "type": "Feature",
      "geometry": {
        "type": "Point",
        "coordinates": [3.9867, 32.2782]
      },
      "properties": {
        "bright_ti4": 327.82,
        "scan": 0.4,
        "track": 0.37,
        "acq_date": "2026-10-04",
        "acq_time": "0143",
        "satellite": "N20",
        "instrument": "VIIRS",
        "confidence": "n",
        "version": "2.0NRT",
        "bright_ti5": 290.04,
        "frp": 1.63,
        "daynight": "N",
        "source_dataset": "VIIRS_NOAA20_NRT",
        "acq_datetime_utc": "2026-10-04T01:43:00Z",
        "age_hours": 31.2,
        "confidence_label": "nominal",
        "popup_label": "<strong>NASA FIRMS<\/strong><br>Sensor: VIIRS_NOAA20_NRT<br>Fecha UTC: 2026-10-04T01:43:00Z<br>Confianza: nominal<br>FRP: 1.63 MW"
      }
    },
    {
      "type": "Feature",
      "geometry": {
        "type": "Point",
        "coordinates": [4.0057, 32.4015]
      },
      "properties": {
        "bright_ti4": 310.85,
        "scan": 0.4,
        "track": 0.37,
        "acq_date": "2026-10-04",
        "acq_time": "0143",
        "satellite": "N20",
        "instrument": "VIIRS",
        "confidence": "n",
        "version": "2.0NRT",
        "bright_ti5": 289.31,
        "frp": 0.9,
        "daynight": "N",
        "source_dataset": "VIIRS_NOAA20_NRT",
        "acq_datetime_utc": "2026-10-04T01:43:00Z",
        "age_hours": 31.2,
        "confidence_label": "nominal",
        "popup_label": "<strong>NASA FIRMS<\/strong><br>Sensor: VIIRS_NOAA20_NRT<br>Fecha UTC: 2026-10-04T01:43:00Z<br>Confianza: nominal<br>FRP: 0.9 MW"
      }
    },
    {
      "type": "Feature",
      "geometry": {
        "type": "Point",
        "coordinates": [3.1674, 32.5551]
      },
      "properties": {
        "bright_ti4": 336.09,
        "scan": 0.39,
        "track": 0.36,
        "acq_date": "2026-10-04",
        "acq_time": "0143",
        "satellite": "N20",
        "instrument": "VIIRS",
        "confidence": "n",
        "version": "2.0NRT",
        "bright_ti5": 290.72,
        "frp": 6.33,
        "daynight": "N",
        "source_dataset": "VIIRS_NOAA20_NRT",
        "acq_datetime_utc": "2026-10-04T01:43:00Z",
        "age_hours": 31.2,
        "confidence_label": "nominal",
        "popup_label": "<strong>NASA FIRMS<\/strong><br>Sensor: VIIRS_NOAA20_NRT<br>Fecha UTC: 2026-10-04T01:43:00Z<br>Confianza: nominal<br>FRP: 6.33 MW"
      }
    },
    {
      "type": "Feature",
      "geometry": {
        "type": "Point",
        "coordinates": [3.1737, 32.7418]
      },
      "properties": {
        "bright_ti4": 297.74,
        "scan": 0.39,
        "track": 0.36,
        "acq_date": "2026-10-04",
        "acq_time": "0143",
        "satellite": "N20",
        "instrument": "VIIRS",
        "confidence": "n",
        "version": "2.0NRT",
        "bright_ti5": 287.08,
        "frp": 1.01,
        "daynight": "N",
        "source_dataset": "VIIRS_NOAA20_NRT",
        "acq_datetime_utc": "2026-10-04T01:43:00Z",
        "age_hours": 31.2,
        "confidence_label": "nominal",
        "popup_label": "<strong>NASA FIRMS<\/strong><br>Sensor: VIIRS_NOAA20_NRT<br>Fecha UTC: 2026-10-04T01:43:00Z<br>Confianza: nominal<br>FRP: 1.01 MW"
      }
    },
    {
      "type": "Feature",
      "geometry": {
        "type": "Point",
        "coordinates": [3.1826, 32.7437]
      },
      "properties": {
        "bright_ti4": 300.07,
        "scan": 0.39,
        "track": 0.36,
        "acq_date": "2026-10-04",
        "acq_time": "0143",
        "satellite": "N20",
        "instrument": "VIIRS",
        "confidence": "n",
        "version": "2.0NRT",
        "bright_ti5": 287.21,
        "frp": 0.77,
        "daynight": "N",
        "source_dataset": "VIIRS_NOAA20_NRT",
        "acq_datetime_utc": "2026-10-04T01:43:00Z",
        "age_hours": 31.2,
        "confidence_label": "nominal",
        "popup_label": "<strong>NASA FIRMS<\/strong><br>Sensor: VIIRS_NOAA20_NRT<br>Fecha UTC: 2026-10-04T01:43:00Z<br>Confianza: nominal<br>FRP: 0.77 MW"
      }
    },
    {
      "type": "Feature",
      "geometry": {
        "type": "Point",
        "coordinates": [3.1833, 32.747]
      },
      "properties": {
        "bright_ti4": 309.66,
        "scan": 0.39,
        "track": 0.36,
        "acq_date": "2026-10-04",
        "acq_time": "0143",
        "satellite": "N20",
        "instrument": "VIIRS",
        "confidence": "n",
        "version": "2.0NRT",
        "bright_ti5": 287.2,
        "frp": 0.6,
        "daynight": "N",
        "source_dataset": "VIIRS_NOAA20_NRT",
        "acq_datetime_utc": "2026-10-04T01:43:00Z",
        "age_hours": 31.2,
        "confidence_label": "nominal",
        "popup_label": "<strong>NASA FIRMS<\/strong><br>Sensor: VIIRS_NOAA20_NRT<br>Fecha UTC: 2026-10-04T01:43:00Z<br>Confianza: nominal<br>FRP: 0.6 MW"
      }
    },
    {
      "type": "Feature",
      "geometry": {
        "type": "Point",
        "coordinates": [3.1793, 32.7477]
      },
      "properties": {
        "bright_ti4": 300.56,
        "scan": 0.39,
        "track": 0.36,
        "acq_date": "2026-10-04",
        "acq_time": "0143",
        "satellite": "N20",
        "instrument": "VIIRS",
        "confidence": "n",
        "version": "2.0NRT",
        "bright_ti5": 287.54,
        "frp": 0.6,
        "daynight": "N",
        "source_dataset": "VIIRS_NOAA20_NRT",
        "acq_datetime_utc": "2026-10-04T01:43:00Z",
        "age_hours": 31.2,
        "confidence_label": "nominal",
        "popup_label": "<strong>NASA FIRMS<\/strong><br>Sensor: VIIRS_NOAA20_NRT<br>Fecha UTC: 2026-10-04T01:43:00Z<br>Confianza: nominal<br>FRP: 0.6 MW"
      }
    },
    {
      "type": "Feature",
      "geometry": {
        "type": "Point",
        "coordinates": [3.2376, 32.8369]
      },
      "properties": {
        "bright_ti4": 296.97,
        "scan": 0.39,
        "track": 0.36,
        "acq_date": "2026-10-04",
        "acq_time": "0143",
        "satellite": "N20",
        "instrument": "VIIRS",
        "confidence": "n",
        "version": "2.0NRT",
        "bright_ti5": 286.57,
        "frp": 0.29,
        "daynight": "N",
        "source_dataset": "VIIRS_NOAA20_NRT",
        "acq_datetime_utc": "2026-10-04T01:43:00Z",
        "age_hours": 31.2,
        "confidence_label": "nominal",
        "popup_label": "<strong>NASA FIRMS<\/strong><br>Sensor: VIIRS_NOAA20_NRT<br>Fecha UTC: 2026-10-04T01:43:00Z<br>Confianza: nominal<br>FRP: 0.29 MW"
      }
    },
    {
      "type": "Feature",
      "geometry": {
        "type": "Point",
        "coordinates": [3.2447, 32.928]
      },
      "properties": {
        "bright_ti4": 298,
        "scan": 0.39,
        "track": 0.36,
        "acq_date": "2026-10-04",
        "acq_time": "0143",
        "satellite": "N20",
        "instrument": "VIIRS",
        "confidence": "n",
        "version": "2.0NRT",
        "bright_ti5": 287,
        "frp": 0.26,
        "daynight": "N",
        "source_dataset": "VIIRS_NOAA20_NRT",
        "acq_datetime_utc": "2026-10-04T01:43:00Z",
        "age_hours": 31.2,
        "confidence_label": "nominal",
        "popup_label": "<strong>NASA FIRMS<\/strong><br>Sensor: VIIRS_NOAA20_NRT<br>Fecha UTC: 2026-10-04T01:43:00Z<br>Confianza: nominal<br>FRP: 0.26 MW"
      }
    },
    {
      "type": "Feature",
      "geometry": {
        "type": "Point",
        "coordinates": [3.2284, 32.9306]
      },
      "properties": {
        "bright_ti4": 302.46,
        "scan": 0.39,
        "track": 0.36,
        "acq_date": "2026-10-04",
        "acq_time": "0143",
        "satellite": "N20",
        "instrument": "VIIRS",
        "confidence": "n",
        "version": "2.0NRT",
        "bright_ti5": 287.15,
        "frp": 0.82,
        "daynight": "N",
        "source_dataset": "VIIRS_NOAA20_NRT",
        "acq_datetime_utc": "2026-10-04T01:43:00Z",
        "age_hours": 31.2,
        "confidence_label": "nominal",
        "popup_label": "<strong>NASA FIRMS<\/strong><br>Sensor: VIIRS_NOAA20_NRT<br>Fecha UTC: 2026-10-04T01:43:00Z<br>Confianza: nominal<br>FRP: 0.82 MW"
      }
    },
    {
      "type": "Feature",
      "geometry": {
        "type": "Point",
        "coordinates": [3.2454, 32.9312]
      },
      "properties": {
        "bright_ti4": 302.6,
        "scan": 0.39,
        "track": 0.36,
        "acq_date": "2026-10-04",
        "acq_time": "0143",
        "satellite": "N20",
        "instrument": "VIIRS",
        "confidence": "n",
        "version": "2.0NRT",
        "bright_ti5": 286.82,
        "frp": 0.26,
        "daynight": "N",
        "source_dataset": "VIIRS_NOAA20_NRT",
        "acq_datetime_utc": "2026-10-04T01:43:00Z",
        "age_hours": 31.2,
        "confidence_label": "nominal",
        "popup_label": "<strong>NASA FIRMS<\/strong><br>Sensor: VIIRS_NOAA20_NRT<br>Fecha UTC: 2026-10-04T01:43:00Z<br>Confianza: nominal<br>FRP: 0.26 MW"
      }
    },
    {
      "type": "Feature",
      "geometry": {
        "type": "Point",
        "coordinates": [3.2251, 32.9346]
      },
      "properties": {
        "bright_ti4": 310.04,
        "scan": 0.39,
        "track": 0.36,
        "acq_date": "2026-10-04",
        "acq_time": "0143",
        "satellite": "N20",
        "instrument": "VIIRS",
        "confidence": "n",
        "version": "2.0NRT",
        "bright_ti5": 288.46,
        "frp": 1.56,
        "daynight": "N",
        "source_dataset": "VIIRS_NOAA20_NRT",
        "acq_datetime_utc": "2026-10-04T01:43:00Z",
        "age_hours": 31.2,
        "confidence_label": "nominal",
        "popup_label": "<strong>NASA FIRMS<\/strong><br>Sensor: VIIRS_NOAA20_NRT<br>Fecha UTC: 2026-10-04T01:43:00Z<br>Confianza: nominal<br>FRP: 1.56 MW"
      }
    },
    {
      "type": "Feature",
      "geometry": {
        "type": "Point",
        "coordinates": [3.234, 32.9365]
      },
      "properties": {
        "bright_ti4": 310.66,
        "scan": 0.39,
        "track": 0.36,
        "acq_date": "2026-10-04",
        "acq_time": "0143",
        "satellite": "N20",
        "instrument": "VIIRS",
        "confidence": "n",
        "version": "2.0NRT",
        "bright_ti5": 287.02,
        "frp": 0.61,
        "daynight": "N",
        "source_dataset": "VIIRS_NOAA20_NRT",
        "acq_datetime_utc": "2026-10-04T01:43:00Z",
        "age_hours": 31.2,
        "confidence_label": "nominal",
        "popup_label": "<strong>NASA FIRMS<\/strong><br>Sensor: VIIRS_NOAA20_NRT<br>Fecha UTC: 2026-10-04T01:43:00Z<br>Confianza: nominal<br>FRP: 0.61 MW"
      }
    },
    {
      "type": "Feature",
      "geometry": {
        "type": "Point",
        "coordinates": [3.2347, 32.9398]
      },
      "properties": {
        "bright_ti4": 300.17,
        "scan": 0.39,
        "track": 0.36,
        "acq_date": "2026-10-04",
        "acq_time": "0143",
        "satellite": "N20",
        "instrument": "VIIRS",
        "confidence": "n",
        "version": "2.0NRT",
        "bright_ti5": 289.08,
        "frp": 0.61,
        "daynight": "N",
        "source_dataset": "VIIRS_NOAA20_NRT",
        "acq_datetime_utc": "2026-10-04T01:43:00Z",
        "age_hours": 31.2,
        "confidence_label": "nominal",
        "popup_label": "<strong>NASA FIRMS<\/strong><br>Sensor: VIIRS_NOAA20_NRT<br>Fecha UTC: 2026-10-04T01:43:00Z<br>Confianza: nominal<br>FRP: 0.61 MW"
      }
    },
    {
      "type": "Feature",
      "geometry": {
        "type": "Point",
        "coordinates": [3.2273, 32.9444]
      },
      "properties": {
        "bright_ti4": 298.82,
        "scan": 0.39,
        "track": 0.36,
        "acq_date": "2026-10-04",
        "acq_time": "0143",
        "satellite": "N20",
        "instrument": "VIIRS",
        "confidence": "n",
        "version": "2.0NRT",
        "bright_ti5": 287.19,
        "frp": 0.47,
        "daynight": "N",
        "source_dataset": "VIIRS_NOAA20_NRT",
        "acq_datetime_utc": "2026-10-04T01:43:00Z",
        "age_hours": 31.2,
        "confidence_label": "nominal",
        "popup_label": "<strong>NASA FIRMS<\/strong><br>Sensor: VIIRS_NOAA20_NRT<br>Fecha UTC: 2026-10-04T01:43:00Z<br>Confianza: nominal<br>FRP: 0.47 MW"
      }
    },
    {
      "type": "Feature",
      "geometry": {
        "type": "Point",
        "coordinates": [3.2281, 32.9477]
      },
      "properties": {
        "bright_ti4": 308.4,
        "scan": 0.39,
        "track": 0.36,
        "acq_date": "2026-10-04",
        "acq_time": "0143",
        "satellite": "N20",
        "instrument": "VIIRS",
        "confidence": "n",
        "version": "2.0NRT",
        "bright_ti5": 287.95,
        "frp": 0.47,
        "daynight": "N",
        "source_dataset": "VIIRS_NOAA20_NRT",
        "acq_datetime_utc": "2026-10-04T01:43:00Z",
        "age_hours": 31.2,
        "confidence_label": "nominal",
        "popup_label": "<strong>NASA FIRMS<\/strong><br>Sensor: VIIRS_NOAA20_NRT<br>Fecha UTC: 2026-10-04T01:43:00Z<br>Confianza: nominal<br>FRP: 0.47 MW"
      }
    },
    {
      "type": "Feature",
      "geometry": {
        "type": "Point",
        "coordinates": [3.224, 32.9483]
      },
      "properties": {
        "bright_ti4": 299.69,
        "scan": 0.39,
        "track": 0.36,
        "acq_date": "2026-10-04",
        "acq_time": "0143",
        "satellite": "N20",
        "instrument": "VIIRS",
        "confidence": "n",
        "version": "2.0NRT",
        "bright_ti5": 287.59,
        "frp": 0.47,
        "daynight": "N",
        "source_dataset": "VIIRS_NOAA20_NRT",
        "acq_datetime_utc": "2026-10-04T01:43:00Z",
        "age_hours": 31.2,
        "confidence_label": "nominal",
        "popup_label": "<strong>NASA FIRMS<\/strong><br>Sensor: VIIRS_NOAA20_NRT<br>Fecha UTC: 2026-10-04T01:43:00Z<br>Confianza: nominal<br>FRP: 0.47 MW"
      }
    },
    {
      "type": "Feature",
      "geometry": {
        "type": "Point",
        "coordinates": [3.2199, 32.949]
      },
      "properties": {
        "bright_ti4": 302.13,
        "scan": 0.39,
        "track": 0.36,
        "acq_date": "2026-10-04",
        "acq_time": "0143",
        "satellite": "N20",
        "instrument": "VIIRS",
        "confidence": "n",
        "version": "2.0NRT",
        "bright_ti5": 287.69,
        "frp": 0.46,
        "daynight": "N",
        "source_dataset": "VIIRS_NOAA20_NRT",
        "acq_datetime_utc": "2026-10-04T01:43:00Z",
        "age_hours": 31.2,
        "confidence_label": "nominal",
        "popup_label": "<strong>NASA FIRMS<\/strong><br>Sensor: VIIRS_NOAA20_NRT<br>Fecha UTC: 2026-10-04T01:43:00Z<br>Confianza: nominal<br>FRP: 0.46 MW"
      }
    },
    {
      "type": "Feature",
      "geometry": {
        "type": "Point",
        "coordinates": [3.2269, 32.9514]
      },
      "properties": {
        "bright_ti4": 298.14,
        "scan": 0.39,
        "track": 0.36,
        "acq_date": "2026-10-04",
        "acq_time": "0143",
        "satellite": "N20",
        "instrument": "VIIRS",
        "confidence": "n",
        "version": "2.0NRT",
        "bright_ti5": 287.29,
        "frp": 0.42,
        "daynight": "N",
        "source_dataset": "VIIRS_NOAA20_NRT",
        "acq_datetime_utc": "2026-10-04T01:43:00Z",
        "age_hours": 31.2,
        "confidence_label": "nominal",
        "popup_label": "<strong>NASA FIRMS<\/strong><br>Sensor: VIIRS_NOAA20_NRT<br>Fecha UTC: 2026-10-04T01:43:00Z<br>Confianza: nominal<br>FRP: 0.42 MW"
      }
    },
    {
      "type": "Feature",
      "geometry": {
        "type": "Point",
        "coordinates": [3.3329, 33.0672]
      },
      "properties": {
        "bright_ti4": 296.81,
        "scan": 0.39,
        "track": 0.36,
        "acq_date": "2026-10-04",
        "acq_time": "0143",
        "satellite": "N20",
        "instrument": "VIIRS",
        "confidence": "n",
        "version": "2.0NRT",
        "bright_ti5": 286.51,
        "frp": 0.39,
        "daynight": "N",
        "source_dataset": "VIIRS_NOAA20_NRT",
        "acq_datetime_utc": "2026-10-04T01:43:00Z",
        "age_hours": 31.2,
        "confidence_label": "nominal",
        "popup_label": "<strong>NASA FIRMS<\/strong><br>Sensor: VIIRS_NOAA20_NRT<br>Fecha UTC: 2026-10-04T01:43:00Z<br>Confianza: nominal<br>FRP: 0.39 MW"
      }
    },
    {
      "type": "Feature",
      "geometry": {
        "type": "Point",
        "coordinates": [3.3164, 33.1244]
      },
      "properties": {
        "bright_ti4": 305.44,
        "scan": 0.39,
        "track": 0.36,
        "acq_date": "2026-10-04",
        "acq_time": "0143",
        "satellite": "N20",
        "instrument": "VIIRS",
        "confidence": "n",
        "version": "2.0NRT",
        "bright_ti5": 286.93,
        "frp": 0.55,
        "daynight": "N",
        "source_dataset": "VIIRS_NOAA20_NRT",
        "acq_datetime_utc": "2026-10-04T01:43:00Z",
        "age_hours": 31.2,
        "confidence_label": "nominal",
        "popup_label": "<strong>NASA FIRMS<\/strong><br>Sensor: VIIRS_NOAA20_NRT<br>Fecha UTC: 2026-10-04T01:43:00Z<br>Confianza: nominal<br>FRP: 0.55 MW"
      }
    },
    {
      "type": "Feature",
      "geometry": {
        "type": "Point",
        "coordinates": [3.3212, 33.127]
      },
      "properties": {
        "bright_ti4": 312.81,
        "scan": 0.39,
        "track": 0.36,
        "acq_date": "2026-10-04",
        "acq_time": "0143",
        "satellite": "N20",
        "instrument": "VIIRS",
        "confidence": "n",
        "version": "2.0NRT",
        "bright_ti5": 287.9,
        "frp": 0.93,
        "daynight": "N",
        "source_dataset": "VIIRS_NOAA20_NRT",
        "acq_datetime_utc": "2026-10-04T01:43:00Z",
        "age_hours": 31.2,
        "confidence_label": "nominal",
        "popup_label": "<strong>NASA FIRMS<\/strong><br>Sensor: VIIRS_NOAA20_NRT<br>Fecha UTC: 2026-10-04T01:43:00Z<br>Confianza: nominal<br>FRP: 0.93 MW"
      }
    },
    {
      "type": "Feature",
      "geometry": {
        "type": "Point",
        "coordinates": [3.3171, 33.1277]
      },
      "properties": {
        "bright_ti4": 303.9,
        "scan": 0.39,
        "track": 0.36,
        "acq_date": "2026-10-04",
        "acq_time": "0143",
        "satellite": "N20",
        "instrument": "VIIRS",
        "confidence": "n",
        "version": "2.0NRT",
        "bright_ti5": 287.05,
        "frp": 0.95,
        "daynight": "N",
        "source_dataset": "VIIRS_NOAA20_NRT",
        "acq_datetime_utc": "2026-10-04T01:43:00Z",
        "age_hours": 31.2,
        "confidence_label": "nominal",
        "popup_label": "<strong>NASA FIRMS<\/strong><br>Sensor: VIIRS_NOAA20_NRT<br>Fecha UTC: 2026-10-04T01:43:00Z<br>Confianza: nominal<br>FRP: 0.95 MW"
      }
    },
    {
      "type": "Feature",
      "geometry": {
        "type": "Point",
        "coordinates": [3.322, 33.1303]
      },
      "properties": {
        "bright_ti4": 297.74,
        "scan": 0.39,
        "track": 0.36,
        "acq_date": "2026-10-04",
        "acq_time": "0143",
        "satellite": "N20",
        "instrument": "VIIRS",
        "confidence": "n",
        "version": "2.0NRT",
        "bright_ti5": 286.84,
        "frp": 0.93,
        "daynight": "N",
        "source_dataset": "VIIRS_NOAA20_NRT",
        "acq_datetime_utc": "2026-10-04T01:43:00Z",
        "age_hours": 31.2,
        "confidence_label": "nominal",
        "popup_label": "<strong>NASA FIRMS<\/strong><br>Sensor: VIIRS_NOAA20_NRT<br>Fecha UTC: 2026-10-04T01:43:00Z<br>Confianza: nominal<br>FRP: 0.93 MW"
      }
    },
    {
      "type": "Feature",
      "geometry": {
        "type": "Point",
        "coordinates": [3.37, 33.1361]
      },
      "properties": {
        "bright_ti4": 307.49,
        "scan": 0.39,
        "track": 0.36,
        "acq_date": "2026-10-04",
        "acq_time": "0143",
        "satellite": "N20",
        "instrument": "VIIRS",
        "confidence": "n",
        "version": "2.0NRT",
        "bright_ti5": 286.62,
        "frp": 1.17,
        "daynight": "N",
        "source_dataset": "VIIRS_NOAA20_NRT",
        "acq_datetime_utc": "2026-10-04T01:43:00Z",
        "age_hours": 31.2,
        "confidence_label": "nominal",
        "popup_label": "<strong>NASA FIRMS<\/strong><br>Sensor: VIIRS_NOAA20_NRT<br>Fecha UTC: 2026-10-04T01:43:00Z<br>Confianza: nominal<br>FRP: 1.17 MW"
      }
    },
    {
      "type": "Feature",
      "geometry": {
        "type": "Point",
        "coordinates": [1.237, 33.3601]
      },
      "properties": {
        "bright_ti4": 305.2,
        "scan": 0.4,
        "track": 0.37,
        "acq_date": "2026-10-04",
        "acq_time": "0143",
        "satellite": "N20",
        "instrument": "VIIRS",
        "confidence": "n",
        "version": "2.0NRT",
        "bright_ti5": 285.23,
        "frp": 0.51,
        "daynight": "N",
        "source_dataset": "VIIRS_NOAA20_NRT",
        "acq_datetime_utc": "2026-10-04T01:43:00Z",
        "age_hours": 31.2,
        "confidence_label": "nominal",
        "popup_label": "<strong>NASA FIRMS<\/strong><br>Sensor: VIIRS_NOAA20_NRT<br>Fecha UTC: 2026-10-04T01:43:00Z<br>Confianza: nominal<br>FRP: 0.51 MW"
      }
    },
    {
      "type": "Feature",
      "geometry": {
        "type": "Point",
        "coordinates": [-0.5477, 38.3771]
      },
      "properties": {
        "bright_ti4": 300.37,
        "scan": 0.5,
        "track": 0.41,
        "acq_date": "2026-10-04",
        "acq_time": "0143",
        "satellite": "N20",
        "instrument": "VIIRS",
        "confidence": "n",
        "version": "2.0NRT",
        "bright_ti5": 288.59,
        "frp": 0.63,
        "daynight": "N",
        "source_dataset": "VIIRS_NOAA20_NRT",
        "acq_datetime_utc": "2026-10-04T01:43:00Z",
        "age_hours": 31.2,
        "confidence_label": "nominal",
        "popup_label": "<strong>NASA FIRMS<\/strong><br>Sensor: VIIRS_NOAA20_NRT<br>Fecha UTC: 2026-10-04T01:43:00Z<br>Confianza: nominal<br>FRP: 0.63 MW"
      }
    },
    {
      "type": "Feature",
      "geometry": {
        "type": "Point",
        "coordinates": [-3.7447, 39.9369]
      },
      "properties": {
        "bright_ti4": 296.59,
        "scan": 0.5,
        "track": 0.49,
        "acq_date": "2026-10-04",
        "acq_time": "0143",
        "satellite": "N20",
        "instrument": "VIIRS",
        "confidence": "n",
        "version": "2.0NRT",
        "bright_ti5": 279.44,
        "frp": 0.8,
        "daynight": "N",
        "source_dataset": "VIIRS_NOAA20_NRT",
        "acq_datetime_utc": "2026-10-04T01:43:00Z",
        "age_hours": 31.2,
        "confidence_label": "nominal",
        "popup_label": "<strong>NASA FIRMS<\/strong><br>Sensor: VIIRS_NOAA20_NRT<br>Fecha UTC: 2026-10-04T01:43:00Z<br>Confianza: nominal<br>FRP: 0.8 MW"
      }
    },
    {
      "type": "Feature",
      "geometry": {
        "type": "Point",
        "coordinates": [-3.4773, 40.2452]
      },
      "properties": {
        "bright_ti4": 320.56,
        "scan": 0.49,
        "track": 0.48,
        "acq_date": "2026-10-04",
        "acq_time": "0143",
        "satellite": "N20",
        "instrument": "VIIRS",
        "confidence": "n",
        "version": "2.0NRT",
        "bright_ti5": 286.5,
        "frp": 3.5,
        "daynight": "N",
        "source_dataset": "VIIRS_NOAA20_NRT",
        "acq_datetime_utc": "2026-10-04T01:43:00Z",
        "age_hours": 31.2,
        "confidence_label": "nominal",
        "popup_label": "<strong>NASA FIRMS<\/strong><br>Sensor: VIIRS_NOAA20_NRT<br>Fecha UTC: 2026-10-04T01:43:00Z<br>Confianza: nominal<br>FRP: 3.5 MW"
      }
    },
    {
      "type": "Feature",
      "geometry": {
        "type": "Point",
        "coordinates": [-3.4775, 40.2473]
      },
      "properties": {
        "bright_ti4": 320.74,
        "scan": 0.49,
        "track": 0.48,
        "acq_date": "2026-10-04",
        "acq_time": "0143",
        "satellite": "N20",
        "instrument": "VIIRS",
        "confidence": "n",
        "version": "2.0NRT",
        "bright_ti5": 285.49,
        "frp": 2.12,
        "daynight": "N",
        "source_dataset": "VIIRS_NOAA20_NRT",
        "acq_datetime_utc": "2026-10-04T01:43:00Z",
        "age_hours": 31.2,
        "confidence_label": "nominal",
        "popup_label": "<strong>NASA FIRMS<\/strong><br>Sensor: VIIRS_NOAA20_NRT<br>Fecha UTC: 2026-10-04T01:43:00Z<br>Confianza: nominal<br>FRP: 2.12 MW"
      }
    },
    {
      "type": "Feature",
      "geometry": {
        "type": "Point",
        "coordinates": [2.0572, 34.438]
      },
      "properties": {
        "bright_ti4": 301.49,
        "scan": 0.39,
        "track": 0.36,
        "acq_date": "2026-10-04",
        "acq_time": "0141",
        "satellite": "N20",
        "instrument": "VIIRS",
        "confidence": "n",
        "version": "2.0NRT",
        "bright_ti5": 280.98,
        "frp": 0.97,
        "daynight": "N",
        "source_dataset": "VIIRS_NOAA20_NRT",
        "acq_datetime_utc": "2026-10-04T01:41:00Z",
        "age_hours": 31.2,
        "confidence_label": "nominal",
        "popup_label": "<strong>NASA FIRMS<\/strong><br>Sensor: VIIRS_NOAA20_NRT<br>Fecha UTC: 2026-10-04T01:41:00Z<br>Confianza: nominal<br>FRP: 0.97 MW"
      }
    },
    {
      "type": "Feature",
      "geometry": {
        "type": "Point",
        "coordinates": [-1.3417, 35.3127]
      },
      "properties": {
        "bright_ti4": 304.12,
        "scan": 0.5,
        "track": 0.41,
        "acq_date": "2026-10-04",
        "acq_time": "0141",
        "satellite": "N20",
        "instrument": "VIIRS",
        "confidence": "n",
        "version": "2.0NRT",
        "bright_ti5": 291.42,
        "frp": 0.6,
        "daynight": "N",
        "source_dataset": "VIIRS_NOAA20_NRT",
        "acq_datetime_utc": "2026-10-04T01:41:00Z",
        "age_hours": 31.2,
        "confidence_label": "nominal",
        "popup_label": "<strong>NASA FIRMS<\/strong><br>Sensor: VIIRS_NOAA20_NRT<br>Fecha UTC: 2026-10-04T01:41:00Z<br>Confianza: nominal<br>FRP: 0.6 MW"
      }
    },
    {
      "type": "Feature",
      "geometry": {
        "type": "Point",
        "coordinates": [-0.3941, 35.4602]
      },
      "properties": {
        "bright_ti4": 308.48,
        "scan": 0.46,
        "track": 0.39,
        "acq_date": "2026-10-04",
        "acq_time": "0141",
        "satellite": "N20",
        "instrument": "VIIRS",
        "confidence": "n",
        "version": "2.0NRT",
        "bright_ti5": 291.52,
        "frp": 1.11,
        "daynight": "N",
        "source_dataset": "VIIRS_NOAA20_NRT",
        "acq_datetime_utc": "2026-10-04T01:41:00Z",
        "age_hours": 31.2,
        "confidence_label": "nominal",
        "popup_label": "<strong>NASA FIRMS<\/strong><br>Sensor: VIIRS_NOAA20_NRT<br>Fecha UTC: 2026-10-04T01:41:00Z<br>Confianza: nominal<br>FRP: 1.11 MW"
      }
    },
    {
      "type": "Feature",
      "geometry": {
        "type": "Point",
        "coordinates": [-0.2755, 35.5314]
      },
      "properties": {
        "bright_ti4": 296.81,
        "scan": 0.46,
        "track": 0.39,
        "acq_date": "2026-10-04",
        "acq_time": "0141",
        "satellite": "N20",
        "instrument": "VIIRS",
        "confidence": "n",
        "version": "2.0NRT",
        "bright_ti5": 280.22,
        "frp": 0.69,
        "daynight": "N",
        "source_dataset": "VIIRS_NOAA20_NRT",
        "acq_datetime_utc": "2026-10-04T01:41:00Z",
        "age_hours": 31.2,
        "confidence_label": "nominal",
        "popup_label": "<strong>NASA FIRMS<\/strong><br>Sensor: VIIRS_NOAA20_NRT<br>Fecha UTC: 2026-10-04T01:41:00Z<br>Confianza: nominal<br>FRP: 0.69 MW"
      }
    },
    {
      "type": "Feature",
      "geometry": {
        "type": "Point",
        "coordinates": [-0.9406, 35.5684]
      },
      "properties": {
        "bright_ti4": 306.83,
        "scan": 0.49,
        "track": 0.4,
        "acq_date": "2026-10-04",
        "acq_time": "0141",
        "satellite": "N20",
        "instrument": "VIIRS",
        "confidence": "n",
        "version": "2.0NRT",
        "bright_ti5": 290.34,
        "frp": 1.23,
        "daynight": "N",
        "source_dataset": "VIIRS_NOAA20_NRT",
        "acq_datetime_utc": "2026-10-04T01:41:00Z",
        "age_hours": 31.2,
        "confidence_label": "nominal",
        "popup_label": "<strong>NASA FIRMS<\/strong><br>Sensor: VIIRS_NOAA20_NRT<br>Fecha UTC: 2026-10-04T01:41:00Z<br>Confianza: nominal<br>FRP: 1.23 MW"
      }
    },
    {
      "type": "Feature",
      "geometry": {
        "type": "Point",
        "coordinates": [4.4766, 35.7091]
      },
      "properties": {
        "bright_ti4": 307.94,
        "scan": 0.39,
        "track": 0.36,
        "acq_date": "2026-10-04",
        "acq_time": "0141",
        "satellite": "N20",
        "instrument": "VIIRS",
        "confidence": "n",
        "version": "2.0NRT",
        "bright_ti5": 281.64,
        "frp": 1.42,
        "daynight": "N",
        "source_dataset": "VIIRS_NOAA20_NRT",
        "acq_datetime_utc": "2026-10-04T01:41:00Z",
        "age_hours": 31.2,
        "confidence_label": "nominal",
        "popup_label": "<strong>NASA FIRMS<\/strong><br>Sensor: VIIRS_NOAA20_NRT<br>Fecha UTC: 2026-10-04T01:41:00Z<br>Confianza: nominal<br>FRP: 1.42 MW"
      }
    },
    {
      "type": "Feature",
      "geometry": {
        "type": "Point",
        "coordinates": [-0.181, 35.7978]
      },
      "properties": {
        "bright_ti4": 299.28,
        "scan": 0.46,
        "track": 0.39,
        "acq_date": "2026-10-04",
        "acq_time": "0141",
        "satellite": "N20",
        "instrument": "VIIRS",
        "confidence": "n",
        "version": "2.0NRT",
        "bright_ti5": 281.15,
        "frp": 0.69,
        "daynight": "N",
        "source_dataset": "VIIRS_NOAA20_NRT",
        "acq_datetime_utc": "2026-10-04T01:41:00Z",
        "age_hours": 31.2,
        "confidence_label": "nominal",
        "popup_label": "<strong>NASA FIRMS<\/strong><br>Sensor: VIIRS_NOAA20_NRT<br>Fecha UTC: 2026-10-04T01:41:00Z<br>Confianza: nominal<br>FRP: 0.69 MW"
      }
    },
    {
      "type": "Feature",
      "geometry": {
        "type": "Point",
        "coordinates": [-0.2417, 35.8055]
      },
      "properties": {
        "bright_ti4": 301.26,
        "scan": 0.46,
        "track": 0.39,
        "acq_date": "2026-10-04",
        "acq_time": "0141",
        "satellite": "N20",
        "instrument": "VIIRS",
        "confidence": "n",
        "version": "2.0NRT",
        "bright_ti5": 280.66,
        "frp": 1.62,
        "daynight": "N",
        "source_dataset": "VIIRS_NOAA20_NRT",
        "acq_datetime_utc": "2026-10-04T01:41:00Z",
        "age_hours": 31.2,
        "confidence_label": "nominal",
        "popup_label": "<strong>NASA FIRMS<\/strong><br>Sensor: VIIRS_NOAA20_NRT<br>Fecha UTC: 2026-10-04T01:41:00Z<br>Confianza: nominal<br>FRP: 1.62 MW"
      }
    },
    {
      "type": "Feature",
      "geometry": {
        "type": "Point",
        "coordinates": [-0.2569, 35.8074]
      },
      "properties": {
        "bright_ti4": 336.55,
        "scan": 0.46,
        "track": 0.39,
        "acq_date": "2026-10-04",
        "acq_time": "0141",
        "satellite": "N20",
        "instrument": "VIIRS",
        "confidence": "n",
        "version": "2.0NRT",
        "bright_ti5": 279.46,
        "frp": 6.03,
        "daynight": "N",
        "source_dataset": "VIIRS_NOAA20_NRT",
        "acq_datetime_utc": "2026-10-04T01:41:00Z",
        "age_hours": 31.2,
        "confidence_label": "nominal",
        "popup_label": "<strong>NASA FIRMS<\/strong><br>Sensor: VIIRS_NOAA20_NRT<br>Fecha UTC: 2026-10-04T01:41:00Z<br>Confianza: nominal<br>FRP: 6.03 MW"
      }
    },
    {
      "type": "Feature",
      "geometry": {
        "type": "Point",
        "coordinates": [-0.2563, 35.811]
      },
      "properties": {
        "bright_ti4": 321.23,
        "scan": 0.46,
        "track": 0.39,
        "acq_date": "2026-10-04",
        "acq_time": "0141",
        "satellite": "N20",
        "instrument": "VIIRS",
        "confidence": "n",
        "version": "2.0NRT",
        "bright_ti5": 270.33,
        "frp": 2.77,
        "daynight": "N",
        "source_dataset": "VIIRS_NOAA20_NRT",
        "acq_datetime_utc": "2026-10-04T01:41:00Z",
        "age_hours": 31.2,
        "confidence_label": "nominal",
        "popup_label": "<strong>NASA FIRMS<\/strong><br>Sensor: VIIRS_NOAA20_NRT<br>Fecha UTC: 2026-10-04T01:41:00Z<br>Confianza: nominal<br>FRP: 2.77 MW"
      }
    },
    {
      "type": "Feature",
      "geometry": {
        "type": "Point",
        "coordinates": [4.4462, 35.8782]
      },
      "properties": {
        "bright_ti4": 307.2,
        "scan": 0.39,
        "track": 0.36,
        "acq_date": "2026-10-04",
        "acq_time": "0141",
        "satellite": "N20",
        "instrument": "VIIRS",
        "confidence": "n",
        "version": "2.0NRT",
        "bright_ti5": 278.96,
        "frp": 1.1,
        "daynight": "N",
        "source_dataset": "VIIRS_NOAA20_NRT",
        "acq_datetime_utc": "2026-10-04T01:41:00Z",
        "age_hours": 31.2,
        "confidence_label": "nominal",
        "popup_label": "<strong>NASA FIRMS<\/strong><br>Sensor: VIIRS_NOAA20_NRT<br>Fecha UTC: 2026-10-04T01:41:00Z<br>Confianza: nominal<br>FRP: 1.1 MW"
      }
    },
    {
      "type": "Feature",
      "geometry": {
        "type": "Point",
        "coordinates": [0.1273, 36.017]
      },
      "properties": {
        "bright_ti4": 305.77,
        "scan": 0.45,
        "track": 0.39,
        "acq_date": "2026-10-04",
        "acq_time": "0141",
        "satellite": "N20",
        "instrument": "VIIRS",
        "confidence": "n",
        "version": "2.0NRT",
        "bright_ti5": 291.3,
        "frp": 0.79,
        "daynight": "N",
        "source_dataset": "VIIRS_NOAA20_NRT",
        "acq_datetime_utc": "2026-10-04T01:41:00Z",
        "age_hours": 31.2,
        "confidence_label": "nominal",
        "popup_label": "<strong>NASA FIRMS<\/strong><br>Sensor: VIIRS_NOAA20_NRT<br>Fecha UTC: 2026-10-04T01:41:00Z<br>Confianza: nominal<br>FRP: 0.79 MW"
      }
    },
    {
      "type": "Feature",
      "geometry": {
        "type": "Point",
        "coordinates": [0.1223, 36.0176]
      },
      "properties": {
        "bright_ti4": 305.81,
        "scan": 0.45,
        "track": 0.39,
        "acq_date": "2026-10-04",
        "acq_time": "0141",
        "satellite": "N20",
        "instrument": "VIIRS",
        "confidence": "n",
        "version": "2.0NRT",
        "bright_ti5": 291.04,
        "frp": 0.79,
        "daynight": "N",
        "source_dataset": "VIIRS_NOAA20_NRT",
        "acq_datetime_utc": "2026-10-04T01:41:00Z",
        "age_hours": 31.2,
        "confidence_label": "nominal",
        "popup_label": "<strong>NASA FIRMS<\/strong><br>Sensor: VIIRS_NOAA20_NRT<br>Fecha UTC: 2026-10-04T01:41:00Z<br>Confianza: nominal<br>FRP: 0.79 MW"
      }
    },
    {
      "type": "Feature",
      "geometry": {
        "type": "Point",
        "coordinates": [1.2413, 36.1256]
      },
      "properties": {
        "bright_ti4": 308.04,
        "scan": 0.41,
        "track": 0.37,
        "acq_date": "2026-10-04",
        "acq_time": "0141",
        "satellite": "N20",
        "instrument": "VIIRS",
        "confidence": "n",
        "version": "2.0NRT",
        "bright_ti5": 286.59,
        "frp": 1.24,
        "daynight": "N",
        "source_dataset": "VIIRS_NOAA20_NRT",
        "acq_datetime_utc": "2026-10-04T01:41:00Z",
        "age_hours": 31.2,
        "confidence_label": "nominal",
        "popup_label": "<strong>NASA FIRMS<\/strong><br>Sensor: VIIRS_NOAA20_NRT<br>Fecha UTC: 2026-10-04T01:41:00Z<br>Confianza: nominal<br>FRP: 1.24 MW"
      }
    },
    {
      "type": "Feature",
      "geometry": {
        "type": "Point",
        "coordinates": [1.242, 36.129]
      },
      "properties": {
        "bright_ti4": 307.56,
        "scan": 0.41,
        "track": 0.37,
        "acq_date": "2026-10-04",
        "acq_time": "0141",
        "satellite": "N20",
        "instrument": "VIIRS",
        "confidence": "n",
        "version": "2.0NRT",
        "bright_ti5": 288.01,
        "frp": 1.24,
        "daynight": "N",
        "source_dataset": "VIIRS_NOAA20_NRT",
        "acq_datetime_utc": "2026-10-04T01:41:00Z",
        "age_hours": 31.2,
        "confidence_label": "nominal",
        "popup_label": "<strong>NASA FIRMS<\/strong><br>Sensor: VIIRS_NOAA20_NRT<br>Fecha UTC: 2026-10-04T01:41:00Z<br>Confianza: nominal<br>FRP: 1.24 MW"
      }
    },
    {
      "type": "Feature",
      "geometry": {
        "type": "Point",
        "coordinates": [1.2374, 36.1297]
      },
      "properties": {
        "bright_ti4": 304.29,
        "scan": 0.41,
        "track": 0.37,
        "acq_date": "2026-10-04",
        "acq_time": "0141",
        "satellite": "N20",
        "instrument": "VIIRS",
        "confidence": "n",
        "version": "2.0NRT",
        "bright_ti5": 286.32,
        "frp": 0.65,
        "daynight": "N",
        "source_dataset": "VIIRS_NOAA20_NRT",
        "acq_datetime_utc": "2026-10-04T01:41:00Z",
        "age_hours": 31.2,
        "confidence_label": "nominal",
        "popup_label": "<strong>NASA FIRMS<\/strong><br>Sensor: VIIRS_NOAA20_NRT<br>Fecha UTC: 2026-10-04T01:41:00Z<br>Confianza: nominal<br>FRP: 0.65 MW"
      }
    },
    {
      "type": "Feature",
      "geometry": {
        "type": "Point",
        "coordinates": [-1.9084, 36.9672]
      },
      "properties": {
        "bright_ti4": 307.39,
        "scan": 0.56,
        "track": 0.43,
        "acq_date": "2026-10-04",
        "acq_time": "0141",
        "satellite": "N20",
        "instrument": "VIIRS",
        "confidence": "n",
        "version": "2.0NRT",
        "bright_ti5": 290.23,
        "frp": 0.85,
        "daynight": "N",
        "source_dataset": "VIIRS_NOAA20_NRT",
        "acq_datetime_utc": "2026-10-04T01:41:00Z",
        "age_hours": 31.2,
        "confidence_label": "nominal",
        "popup_label": "<strong>NASA FIRMS<\/strong><br>Sensor: VIIRS_NOAA20_NRT<br>Fecha UTC: 2026-10-04T01:41:00Z<br>Confianza: nominal<br>FRP: 0.85 MW"
      }
    },
    {
      "type": "Feature",
      "geometry": {
        "type": "Point",
        "coordinates": [4.8907, 43.4282]
      },
      "properties": {
        "bright_ti4": 300.35,
        "scan": 0.39,
        "track": 0.36,
        "acq_date": "2026-10-04",
        "acq_time": "0141",
        "satellite": "N20",
        "instrument": "VIIRS",
        "confidence": "n",
        "version": "2.0NRT",
        "bright_ti5": 286.98,
        "frp": 0.91,
        "daynight": "N",
        "source_dataset": "VIIRS_NOAA20_NRT",
        "acq_datetime_utc": "2026-10-04T01:41:00Z",
        "age_hours": 31.2,
        "confidence_label": "nominal",
        "popup_label": "<strong>NASA FIRMS<\/strong><br>Sensor: VIIRS_NOAA20_NRT<br>Fecha UTC: 2026-10-04T01:41:00Z<br>Confianza: nominal<br>FRP: 0.91 MW"
      }
    },
    {
      "type": "Feature",
      "geometry": {
        "type": "Point",
        "coordinates": [4.8925, 43.4348]
      },
      "properties": {
        "bright_ti4": 301.4,
        "scan": 0.39,
        "track": 0.36,
        "acq_date": "2026-10-04",
        "acq_time": "0141",
        "satellite": "N20",
        "instrument": "VIIRS",
        "confidence": "n",
        "version": "2.0NRT",
        "bright_ti5": 286.54,
        "frp": 4.15,
        "daynight": "N",
        "source_dataset": "VIIRS_NOAA20_NRT",
        "acq_datetime_utc": "2026-10-04T01:41:00Z",
        "age_hours": 31.2,
        "confidence_label": "nominal",
        "popup_label": "<strong>NASA FIRMS<\/strong><br>Sensor: VIIRS_NOAA20_NRT<br>Fecha UTC: 2026-10-04T01:41:00Z<br>Confianza: nominal<br>FRP: 4.15 MW"
      }
    },
    {
      "type": "Feature",
      "geometry": {
        "type": "Point",
        "coordinates": [4.8877, 43.4355]
      },
      "properties": {
        "bright_ti4": 341.73,
        "scan": 0.39,
        "track": 0.36,
        "acq_date": "2026-10-04",
        "acq_time": "0141",
        "satellite": "N20",
        "instrument": "VIIRS",
        "confidence": "n",
        "version": "2.0NRT",
        "bright_ti5": 289.9,
        "frp": 4.15,
        "daynight": "N",
        "source_dataset": "VIIRS_NOAA20_NRT",
        "acq_datetime_utc": "2026-10-04T01:41:00Z",
        "age_hours": 31.2,
        "confidence_label": "nominal",
        "popup_label": "<strong>NASA FIRMS<\/strong><br>Sensor: VIIRS_NOAA20_NRT<br>Fecha UTC: 2026-10-04T01:41:00Z<br>Confianza: nominal<br>FRP: 4.15 MW"
      }
    },
    {
      "type": "Feature",
      "geometry": {
        "type": "Point",
        "coordinates": [4.8782, 43.4369]
      },
      "properties": {
        "bright_ti4": 300.55,
        "scan": 0.39,
        "track": 0.36,
        "acq_date": "2026-10-04",
        "acq_time": "0141",
        "satellite": "N20",
        "instrument": "VIIRS",
        "confidence": "n",
        "version": "2.0NRT",
        "bright_ti5": 286.92,
        "frp": 1.6,
        "daynight": "N",
        "source_dataset": "VIIRS_NOAA20_NRT",
        "acq_datetime_utc": "2026-10-04T01:41:00Z",
        "age_hours": 31.2,
        "confidence_label": "nominal",
        "popup_label": "<strong>NASA FIRMS<\/strong><br>Sensor: VIIRS_NOAA20_NRT<br>Fecha UTC: 2026-10-04T01:41:00Z<br>Confianza: nominal<br>FRP: 1.6 MW"
      }
    },
    {
      "type": "Feature",
      "geometry": {
        "type": "Point",
        "coordinates": [4.8887, 43.4388]
      },
      "properties": {
        "bright_ti4": 303.43,
        "scan": 0.39,
        "track": 0.36,
        "acq_date": "2026-10-04",
        "acq_time": "0141",
        "satellite": "N20",
        "instrument": "VIIRS",
        "confidence": "n",
        "version": "2.0NRT",
        "bright_ti5": 286.08,
        "frp": 1.1,
        "daynight": "N",
        "source_dataset": "VIIRS_NOAA20_NRT",
        "acq_datetime_utc": "2026-10-04T01:41:00Z",
        "age_hours": 31.2,
        "confidence_label": "nominal",
        "popup_label": "<strong>NASA FIRMS<\/strong><br>Sensor: VIIRS_NOAA20_NRT<br>Fecha UTC: 2026-10-04T01:41:00Z<br>Confianza: nominal<br>FRP: 1.1 MW"
      }
    },
    {
      "type": "Feature",
      "geometry": {
        "type": "Point",
        "coordinates": [4.8991, 43.4407]
      },
      "properties": {
        "bright_ti4": 296.45,
        "scan": 0.39,
        "track": 0.36,
        "acq_date": "2026-10-04",
        "acq_time": "0141",
        "satellite": "N20",
        "instrument": "VIIRS",
        "confidence": "n",
        "version": "2.0NRT",
        "bright_ti5": 284.43,
        "frp": 0.25,
        "daynight": "N",
        "source_dataset": "VIIRS_NOAA20_NRT",
        "acq_datetime_utc": "2026-10-04T01:41:00Z",
        "age_hours": 31.2,
        "confidence_label": "nominal",
        "popup_label": "<strong>NASA FIRMS<\/strong><br>Sensor: VIIRS_NOAA20_NRT<br>Fecha UTC: 2026-10-04T01:41:00Z<br>Confianza: nominal<br>FRP: 0.25 MW"
      }
    },
    {
      "type": "Feature",
      "geometry": {
        "type": "Point",
        "coordinates": [4.9, 43.444]
      },
      "properties": {
        "bright_ti4": 330.02,
        "scan": 0.39,
        "track": 0.36,
        "acq_date": "2026-10-04",
        "acq_time": "0141",
        "satellite": "N20",
        "instrument": "VIIRS",
        "confidence": "n",
        "version": "2.0NRT",
        "bright_ti5": 286.95,
        "frp": 2.63,
        "daynight": "N",
        "source_dataset": "VIIRS_NOAA20_NRT",
        "acq_datetime_utc": "2026-10-04T01:41:00Z",
        "age_hours": 31.2,
        "confidence_label": "nominal",
        "popup_label": "<strong>NASA FIRMS<\/strong><br>Sensor: VIIRS_NOAA20_NRT<br>Fecha UTC: 2026-10-04T01:41:00Z<br>Confianza: nominal<br>FRP: 2.63 MW"
      }
    },
    {
      "type": "Feature",
      "geometry": {
        "type": "Point",
        "coordinates": [4.8953, 43.4447]
      },
      "properties": {
        "bright_ti4": 326.21,
        "scan": 0.39,
        "track": 0.36,
        "acq_date": "2026-10-04",
        "acq_time": "0141",
        "satellite": "N20",
        "instrument": "VIIRS",
        "confidence": "n",
        "version": "2.0NRT",
        "bright_ti5": 287.55,
        "frp": 1.52,
        "daynight": "N",
        "source_dataset": "VIIRS_NOAA20_NRT",
        "acq_datetime_utc": "2026-10-04T01:41:00Z",
        "age_hours": 31.2,
        "confidence_label": "nominal",
        "popup_label": "<strong>NASA FIRMS<\/strong><br>Sensor: VIIRS_NOAA20_NRT<br>Fecha UTC: 2026-10-04T01:41:00Z<br>Confianza: nominal<br>FRP: 1.52 MW"
      }
    },
    {
      "type": "Feature",
      "geometry": {
        "type": "Point",
        "coordinates": [4.8905, 43.4454]
      },
      "properties": {
        "bright_ti4": 298.45,
        "scan": 0.39,
        "track": 0.36,
        "acq_date": "2026-10-04",
        "acq_time": "0141",
        "satellite": "N20",
        "instrument": "VIIRS",
        "confidence": "n",
        "version": "2.0NRT",
        "bright_ti5": 285.11,
        "frp": 1.52,
        "daynight": "N",
        "source_dataset": "VIIRS_NOAA20_NRT",
        "acq_datetime_utc": "2026-10-04T01:41:00Z",
        "age_hours": 31.2,
        "confidence_label": "nominal",
        "popup_label": "<strong>NASA FIRMS<\/strong><br>Sensor: VIIRS_NOAA20_NRT<br>Fecha UTC: 2026-10-04T01:41:00Z<br>Confianza: nominal<br>FRP: 1.52 MW"
      }
    },
    {
      "type": "Feature",
      "geometry": {
        "type": "Point",
        "coordinates": [4.8962, 43.448]
      },
      "properties": {
        "bright_ti4": 314.76,
        "scan": 0.39,
        "track": 0.36,
        "acq_date": "2026-10-04",
        "acq_time": "0141",
        "satellite": "N20",
        "instrument": "VIIRS",
        "confidence": "n",
        "version": "2.0NRT",
        "bright_ti5": 287.42,
        "frp": 1.52,
        "daynight": "N",
        "source_dataset": "VIIRS_NOAA20_NRT",
        "acq_datetime_utc": "2026-10-04T01:41:00Z",
        "age_hours": 31.2,
        "confidence_label": "nominal",
        "popup_label": "<strong>NASA FIRMS<\/strong><br>Sensor: VIIRS_NOAA20_NRT<br>Fecha UTC: 2026-10-04T01:41:00Z<br>Confianza: nominal<br>FRP: 1.52 MW"
      }
    }
  ]
}
