{
  "type": "FeatureCollection",
  "features": [
    {
      "type": "Feature",
      "geometry": {
        "type": "Point",
        "coordinates": [4.8835, 43.4405]
      },
      "properties": {
        "bright_ti4": 332.65,
        "scan": 0.55,
        "track": 0.68,
        "acq_date": "2026-10-06",
        "acq_time": "1348",
        "satellite": "N",
        "instrument": "VIIRS",
        "confidence": "n",
        "version": "2.0NRT",
        "bright_ti5": 288.52,
        "frp": 5.31,
        "daynight": "D",
        "source_dataset": "VIIRS_SNPP_NRT",
        "acq_datetime_utc": "2026-10-06T13:48:00Z",
        "age_hours": 3.2,
        "confidence_label": "nominal",
        "popup_label": "<strong>NASA FIRMS<\/strong><br>Sensor: VIIRS_SNPP_NRT<br>Fecha UTC: 2026-10-06T13:48:00Z<br>Confianza: nominal<br>FRP: 5.31 MW"
      }
    },
    {
      "type": "Feature",
      "geometry": {
        "type": "Point",
        "coordinates": [-6.9441, 32.8475]
      },
      "properties": {
        "bright_ti4": 345.45,
        "scan": 0.39,
        "track": 0.36,
        "acq_date": "2026-10-06",
        "acq_time": "1346",
        "satellite": "N",
        "instrument": "VIIRS",
        "confidence": "n",
        "version": "2.0NRT",
        "bright_ti5": 309.98,
        "frp": 6.04,
        "daynight": "D",
        "source_dataset": "VIIRS_SNPP_NRT",
        "acq_datetime_utc": "2026-10-06T13:46:00Z",
        "age_hours": 3.2,
        "confidence_label": "nominal",
        "popup_label": "<strong>NASA FIRMS<\/strong><br>Sensor: VIIRS_SNPP_NRT<br>Fecha UTC: 2026-10-06T13:46:00Z<br>Confianza: nominal<br>FRP: 6.04 MW"
      }
    },
    {
      "type": "Feature",
      "geometry": {
        "type": "Point",
        "coordinates": [-6.94, 32.8481]
      },
      "properties": {
        "bright_ti4": 347.27,
        "scan": 0.39,
        "track": 0.36,
        "acq_date": "2026-10-06",
        "acq_time": "1346",
        "satellite": "N",
        "instrument": "VIIRS",
        "confidence": "n",
        "version": "2.0NRT",
        "bright_ti5": 310.66,
        "frp": 6.04,
        "daynight": "D",
        "source_dataset": "VIIRS_SNPP_NRT",
        "acq_datetime_utc": "2026-10-06T13:46:00Z",
        "age_hours": 3.2,
        "confidence_label": "nominal",
        "popup_label": "<strong>NASA FIRMS<\/strong><br>Sensor: VIIRS_SNPP_NRT<br>Fecha UTC: 2026-10-06T13:46:00Z<br>Confianza: nominal<br>FRP: 6.04 MW"
      }
    },
    {
      "type": "Feature",
      "geometry": {
        "type": "Point",
        "coordinates": [3.3168, 33.126]
      },
      "properties": {
        "bright_ti4": 338.48,
        "scan": 0.38,
        "track": 0.59,
        "acq_date": "2026-10-06",
        "acq_time": "1346",
        "satellite": "N",
        "instrument": "VIIRS",
        "confidence": "n",
        "version": "2.0NRT",
        "bright_ti5": 301.77,
        "frp": 2.35,
        "daynight": "D",
        "source_dataset": "VIIRS_SNPP_NRT",
        "acq_datetime_utc": "2026-10-06T13:46:00Z",
        "age_hours": 3.2,
        "confidence_label": "nominal",
        "popup_label": "<strong>NASA FIRMS<\/strong><br>Sensor: VIIRS_SNPP_NRT<br>Fecha UTC: 2026-10-06T13:46:00Z<br>Confianza: nominal<br>FRP: 2.35 MW"
      }
    },
    {
      "type": "Feature",
      "geometry": {
        "type": "Point",
        "coordinates": [3.3209, 33.1263]
      },
      "properties": {
        "bright_ti4": 337.36,
        "scan": 0.38,
        "track": 0.59,
        "acq_date": "2026-10-06",
        "acq_time": "1346",
        "satellite": "N",
        "instrument": "VIIRS",
        "confidence": "n",
        "version": "2.0NRT",
        "bright_ti5": 302.02,
        "frp": 2.35,
        "daynight": "D",
        "source_dataset": "VIIRS_SNPP_NRT",
        "acq_datetime_utc": "2026-10-06T13:46:00Z",
        "age_hours": 3.2,
        "confidence_label": "nominal",
        "popup_label": "<strong>NASA FIRMS<\/strong><br>Sensor: VIIRS_SNPP_NRT<br>Fecha UTC: 2026-10-06T13:46:00Z<br>Confianza: nominal<br>FRP: 2.35 MW"
      }
    },
    {
      "type": "Feature",
      "geometry": {
        "type": "Point",
        "coordinates": [3.321, 33.1275]
      },
      "properties": {
        "bright_ti4": 335.37,
        "scan": 0.38,
        "track": 0.59,
        "acq_date": "2026-10-06",
        "acq_time": "1346",
        "satellite": "N",
        "instrument": "VIIRS",
        "confidence": "n",
        "version": "2.0NRT",
        "bright_ti5": 301.65,
        "frp": 4.16,
        "daynight": "D",
        "source_dataset": "VIIRS_SNPP_NRT",
        "acq_datetime_utc": "2026-10-06T13:46:00Z",
        "age_hours": 3.2,
        "confidence_label": "nominal",
        "popup_label": "<strong>NASA FIRMS<\/strong><br>Sensor: VIIRS_SNPP_NRT<br>Fecha UTC: 2026-10-06T13:46:00Z<br>Confianza: nominal<br>FRP: 4.16 MW"
      }
    },
    {
      "type": "Feature",
      "geometry": {
        "type": "Point",
        "coordinates": [1.1015, 35.3698]
      },
      "properties": {
        "bright_ti4": 342.33,
        "scan": 0.59,
        "track": 0.53,
        "acq_date": "2026-10-06",
        "acq_time": "1346",
        "satellite": "N",
        "instrument": "VIIRS",
        "confidence": "n",
        "version": "2.0NRT",
        "bright_ti5": 298.16,
        "frp": 10.06,
        "daynight": "D",
        "source_dataset": "VIIRS_SNPP_NRT",
        "acq_datetime_utc": "2026-10-06T13:46:00Z",
        "age_hours": 3.2,
        "confidence_label": "nominal",
        "popup_label": "<strong>NASA FIRMS<\/strong><br>Sensor: VIIRS_SNPP_NRT<br>Fecha UTC: 2026-10-06T13:46:00Z<br>Confianza: nominal<br>FRP: 10.06 MW"
      }
    },
    {
      "type": "Feature",
      "geometry": {
        "type": "Point",
        "coordinates": [1.0998, 35.3713]
      },
      "properties": {
        "bright_ti4": 341.65,
        "scan": 0.59,
        "track": 0.53,
        "acq_date": "2026-10-06",
        "acq_time": "1346",
        "satellite": "N",
        "instrument": "VIIRS",
        "confidence": "n",
        "version": "2.0NRT",
        "bright_ti5": 296.41,
        "frp": 6.29,
        "daynight": "D",
        "source_dataset": "VIIRS_SNPP_NRT",
        "acq_datetime_utc": "2026-10-06T13:46:00Z",
        "age_hours": 3.2,
        "confidence_label": "nominal",
        "popup_label": "<strong>NASA FIRMS<\/strong><br>Sensor: VIIRS_SNPP_NRT<br>Fecha UTC: 2026-10-06T13:46:00Z<br>Confianza: nominal<br>FRP: 6.29 MW"
      }
    },
    {
      "type": "Feature",
      "geometry": {
        "type": "Point",
        "coordinates": [1.1062, 35.3717]
      },
      "properties": {
        "bright_ti4": 335.94,
        "scan": 0.59,
        "track": 0.53,
        "acq_date": "2026-10-06",
        "acq_time": "1346",
        "satellite": "N",
        "instrument": "VIIRS",
        "confidence": "n",
        "version": "2.0NRT",
        "bright_ti5": 295.66,
        "frp": 7.25,
        "daynight": "D",
        "source_dataset": "VIIRS_SNPP_NRT",
        "acq_datetime_utc": "2026-10-06T13:46:00Z",
        "age_hours": 3.2,
        "confidence_label": "nominal",
        "popup_label": "<strong>NASA FIRMS<\/strong><br>Sensor: VIIRS_SNPP_NRT<br>Fecha UTC: 2026-10-06T13:46:00Z<br>Confianza: nominal<br>FRP: 7.25 MW"
      }
    },
    {
      "type": "Feature",
      "geometry": {
        "type": "Point",
        "coordinates": [1.6503, 35.5975]
      },
      "properties": {
        "bright_ti4": 352.06,
        "scan": 0.32,
        "track": 0.55,
        "acq_date": "2026-10-06",
        "acq_time": "1346",
        "satellite": "N",
        "instrument": "VIIRS",
        "confidence": "n",
        "version": "2.0NRT",
        "bright_ti5": 288.74,
        "frp": 5.31,
        "daynight": "D",
        "source_dataset": "VIIRS_SNPP_NRT",
        "acq_datetime_utc": "2026-10-06T13:46:00Z",
        "age_hours": 3.2,
        "confidence_label": "nominal",
        "popup_label": "<strong>NASA FIRMS<\/strong><br>Sensor: VIIRS_SNPP_NRT<br>Fecha UTC: 2026-10-06T13:46:00Z<br>Confianza: nominal<br>FRP: 5.31 MW"
      }
    },
    {
      "type": "Feature",
      "geometry": {
        "type": "Point",
        "coordinates": [1.6539, 35.5978]
      },
      "properties": {
        "bright_ti4": 357.24,
        "scan": 0.32,
        "track": 0.55,
        "acq_date": "2026-10-06",
        "acq_time": "1346",
        "satellite": "N",
        "instrument": "VIIRS",
        "confidence": "l",
        "version": "2.0NRT",
        "bright_ti5": 288.78,
        "frp": 5.31,
        "daynight": "D",
        "source_dataset": "VIIRS_SNPP_NRT",
        "acq_datetime_utc": "2026-10-06T13:46:00Z",
        "age_hours": 3.2,
        "confidence_label": "baja",
        "popup_label": "<strong>NASA FIRMS<\/strong><br>Sensor: VIIRS_SNPP_NRT<br>Fecha UTC: 2026-10-06T13:46:00Z<br>Confianza: baja<br>FRP: 5.31 MW"
      }
    },
    {
      "type": "Feature",
      "geometry": {
        "type": "Point",
        "coordinates": [-0.2581, 35.8084]
      },
      "properties": {
        "bright_ti4": 335.65,
        "scan": 0.5,
        "track": 0.49,
        "acq_date": "2026-10-06",
        "acq_time": "1346",
        "satellite": "N",
        "instrument": "VIIRS",
        "confidence": "n",
        "version": "2.0NRT",
        "bright_ti5": 279.51,
        "frp": 3.47,
        "daynight": "D",
        "source_dataset": "VIIRS_SNPP_NRT",
        "acq_datetime_utc": "2026-10-06T13:46:00Z",
        "age_hours": 3.2,
        "confidence_label": "nominal",
        "popup_label": "<strong>NASA FIRMS<\/strong><br>Sensor: VIIRS_SNPP_NRT<br>Fecha UTC: 2026-10-06T13:46:00Z<br>Confianza: nominal<br>FRP: 3.47 MW"
      }
    },
    {
      "type": "Feature",
      "geometry": {
        "type": "Point",
        "coordinates": [-0.2547, 35.8091]
      },
      "properties": {
        "bright_ti4": 346.61,
        "scan": 0.5,
        "track": 0.49,
        "acq_date": "2026-10-06",
        "acq_time": "1346",
        "satellite": "N",
        "instrument": "VIIRS",
        "confidence": "n",
        "version": "2.0NRT",
        "bright_ti5": 279.29,
        "frp": 6.11,
        "daynight": "D",
        "source_dataset": "VIIRS_SNPP_NRT",
        "acq_datetime_utc": "2026-10-06T13:46:00Z",
        "age_hours": 3.2,
        "confidence_label": "nominal",
        "popup_label": "<strong>NASA FIRMS<\/strong><br>Sensor: VIIRS_SNPP_NRT<br>Fecha UTC: 2026-10-06T13:46:00Z<br>Confianza: nominal<br>FRP: 6.11 MW"
      }
    },
    {
      "type": "Feature",
      "geometry": {
        "type": "Point",
        "coordinates": [-7.8941, 37.1633]
      },
      "properties": {
        "bright_ti4": 330.17,
        "scan": 0.39,
        "track": 0.36,
        "acq_date": "2026-10-06",
        "acq_time": "1346",
        "satellite": "N",
        "instrument": "VIIRS",
        "confidence": "n",
        "version": "2.0NRT",
        "bright_ti5": 299.86,
        "frp": 3.08,
        "daynight": "D",
        "source_dataset": "VIIRS_SNPP_NRT",
        "acq_datetime_utc": "2026-10-06T13:46:00Z",
        "age_hours": 3.2,
        "confidence_label": "nominal",
        "popup_label": "<strong>NASA FIRMS<\/strong><br>Sensor: VIIRS_SNPP_NRT<br>Fecha UTC: 2026-10-06T13:46:00Z<br>Confianza: nominal<br>FRP: 3.08 MW"
      }
    },
    {
      "type": "Feature",
      "geometry": {
        "type": "Point",
        "coordinates": [-8.5598, 38.4231]
      },
      "properties": {
        "bright_ti4": 341.22,
        "scan": 0.39,
        "track": 0.36,
        "acq_date": "2026-10-06",
        "acq_time": "1346",
        "satellite": "N",
        "instrument": "VIIRS",
        "confidence": "n",
        "version": "2.0NRT",
        "bright_ti5": 296.36,
        "frp": 4.86,
        "daynight": "D",
        "source_dataset": "VIIRS_SNPP_NRT",
        "acq_datetime_utc": "2026-10-06T13:46:00Z",
        "age_hours": 3.2,
        "confidence_label": "nominal",
        "popup_label": "<strong>NASA FIRMS<\/strong><br>Sensor: VIIRS_SNPP_NRT<br>Fecha UTC: 2026-10-06T13:46:00Z<br>Confianza: nominal<br>FRP: 4.86 MW"
      }
    },
    {
      "type": "Feature",
      "geometry": {
        "type": "Point",
        "coordinates": [-0.5182, 28.2002]
      },
      "properties": {
        "bright_ti4": 340.77,
        "scan": 0.4,
        "track": 0.44,
        "acq_date": "2026-10-06",
        "acq_time": "1344",
        "satellite": "N",
        "instrument": "VIIRS",
        "confidence": "n",
        "version": "2.0NRT",
        "bright_ti5": 302.93,
        "frp": 2.4,
        "daynight": "D",
        "source_dataset": "VIIRS_SNPP_NRT",
        "acq_datetime_utc": "2026-10-06T13:44:00Z",
        "age_hours": 3.2,
        "confidence_label": "nominal",
        "popup_label": "<strong>NASA FIRMS<\/strong><br>Sensor: VIIRS_SNPP_NRT<br>Fecha UTC: 2026-10-06T13:44:00Z<br>Confianza: nominal<br>FRP: 2.4 MW"
      }
    },
    {
      "type": "Feature",
      "geometry": {
        "type": "Point",
        "coordinates": [-0.1563, 28.2115]
      },
      "properties": {
        "bright_ti4": 335.03,
        "scan": 0.42,
        "track": 0.45,
        "acq_date": "2026-10-06",
        "acq_time": "1344",
        "satellite": "N",
        "instrument": "VIIRS",
        "confidence": "n",
        "version": "2.0NRT",
        "bright_ti5": 306.21,
        "frp": 2.06,
        "daynight": "D",
        "source_dataset": "VIIRS_SNPP_NRT",
        "acq_datetime_utc": "2026-10-06T13:44:00Z",
        "age_hours": 3.2,
        "confidence_label": "nominal",
        "popup_label": "<strong>NASA FIRMS<\/strong><br>Sensor: VIIRS_SNPP_NRT<br>Fecha UTC: 2026-10-06T13:44:00Z<br>Confianza: nominal<br>FRP: 2.06 MW"
      }
    },
    {
      "type": "Feature",
      "geometry": {
        "type": "Point",
        "coordinates": [-9.5893, 31.174]
      },
      "properties": {
        "bright_ti4": 335.96,
        "scan": 0.42,
        "track": 0.38,
        "acq_date": "2026-10-06",
        "acq_time": "1344",
        "satellite": "N",
        "instrument": "VIIRS",
        "confidence": "n",
        "version": "2.0NRT",
        "bright_ti5": 307.89,
        "frp": 3.65,
        "daynight": "D",
        "source_dataset": "VIIRS_SNPP_NRT",
        "acq_datetime_utc": "2026-10-06T13:44:00Z",
        "age_hours": 3.2,
        "confidence_label": "nominal",
        "popup_label": "<strong>NASA FIRMS<\/strong><br>Sensor: VIIRS_SNPP_NRT<br>Fecha UTC: 2026-10-06T13:44:00Z<br>Confianza: nominal<br>FRP: 3.65 MW"
      }
    },
    {
      "type": "Feature",
      "geometry": {
        "type": "Point",
        "coordinates": [3.9866, 32.2753]
      },
      "properties": {
        "bright_ti4": 341.92,
        "scan": 0.41,
        "track": 0.6,
        "acq_date": "2026-10-06",
        "acq_time": "1344",
        "satellite": "N",
        "instrument": "VIIRS",
        "confidence": "n",
        "version": "2.0NRT",
        "bright_ti5": 304.71,
        "frp": 1.97,
        "daynight": "D",
        "source_dataset": "VIIRS_SNPP_NRT",
        "acq_datetime_utc": "2026-10-06T13:44:00Z",
        "age_hours": 3.2,
        "confidence_label": "nominal",
        "popup_label": "<strong>NASA FIRMS<\/strong><br>Sensor: VIIRS_SNPP_NRT<br>Fecha UTC: 2026-10-06T13:44:00Z<br>Confianza: nominal<br>FRP: 1.97 MW"
      }
    },
    {
      "type": "Feature",
      "geometry": {
        "type": "Point",
        "coordinates": [4.8869, 43.4365]
      },
      "properties": {
        "bright_ti4": 342.61,
        "scan": 0.5,
        "track": 0.49,
        "acq_date": "2026-10-06",
        "acq_time": "1208",
        "satellite": "N",
        "instrument": "VIIRS",
        "confidence": "n",
        "version": "2.0NRT",
        "bright_ti5": 293.12,
        "frp": 11.56,
        "daynight": "D",
        "source_dataset": "VIIRS_SNPP_NRT",
        "acq_datetime_utc": "2026-10-06T12:08:00Z",
        "age_hours": 4.8,
        "confidence_label": "nominal",
        "popup_label": "<strong>NASA FIRMS<\/strong><br>Sensor: VIIRS_SNPP_NRT<br>Fecha UTC: 2026-10-06T12:08:00Z<br>Confianza: nominal<br>FRP: 11.56 MW"
      }
    },
    {
      "type": "Feature",
      "geometry": {
        "type": "Point",
        "coordinates": [4.8789, 43.4393]
      },
      "properties": {
        "bright_ti4": 336.44,
        "scan": 0.5,
        "track": 0.49,
        "acq_date": "2026-10-06",
        "acq_time": "1208",
        "satellite": "N",
        "instrument": "VIIRS",
        "confidence": "n",
        "version": "2.0NRT",
        "bright_ti5": 291.89,
        "frp": 3.72,
        "daynight": "D",
        "source_dataset": "VIIRS_SNPP_NRT",
        "acq_datetime_utc": "2026-10-06T12:08:00Z",
        "age_hours": 4.8,
        "confidence_label": "nominal",
        "popup_label": "<strong>NASA FIRMS<\/strong><br>Sensor: VIIRS_SNPP_NRT<br>Fecha UTC: 2026-10-06T12:08:00Z<br>Confianza: nominal<br>FRP: 3.72 MW"
      }
    },
    {
      "type": "Feature",
      "geometry": {
        "type": "Point",
        "coordinates": [3.357, 44.5927]
      },
      "properties": {
        "bright_ti4": 325.68,
        "scan": 0.55,
        "track": 0.51,
        "acq_date": "2026-10-06",
        "acq_time": "1208",
        "satellite": "N",
        "instrument": "VIIRS",
        "confidence": "n",
        "version": "2.0NRT",
        "bright_ti5": 284.1,
        "frp": 3.29,
        "daynight": "D",
        "source_dataset": "VIIRS_SNPP_NRT",
        "acq_datetime_utc": "2026-10-06T12:08:00Z",
        "age_hours": 4.8,
        "confidence_label": "nominal",
        "popup_label": "<strong>NASA FIRMS<\/strong><br>Sensor: VIIRS_SNPP_NRT<br>Fecha UTC: 2026-10-06T12:08:00Z<br>Confianza: nominal<br>FRP: 3.29 MW"
      }
    },
    {
      "type": "Feature",
      "geometry": {
        "type": "Point",
        "coordinates": [3.3551, 44.5934]
      },
      "properties": {
        "bright_ti4": 327.8,
        "scan": 0.55,
        "track": 0.51,
        "acq_date": "2026-10-06",
        "acq_time": "1208",
        "satellite": "N",
        "instrument": "VIIRS",
        "confidence": "n",
        "version": "2.0NRT",
        "bright_ti5": 284.82,
        "frp": 4.6,
        "daynight": "D",
        "source_dataset": "VIIRS_SNPP_NRT",
        "acq_datetime_utc": "2026-10-06T12:08:00Z",
        "age_hours": 4.8,
        "confidence_label": "nominal",
        "popup_label": "<strong>NASA FIRMS<\/strong><br>Sensor: VIIRS_SNPP_NRT<br>Fecha UTC: 2026-10-06T12:08:00Z<br>Confianza: nominal<br>FRP: 4.6 MW"
      }
    },
    {
      "type": "Feature",
      "geometry": {
        "type": "Point",
        "coordinates": [3.9868, 32.2779]
      },
      "properties": {
        "bright_ti4": 349.65,
        "scan": 0.54,
        "track": 0.68,
        "acq_date": "2026-10-06",
        "acq_time": "1204",
        "satellite": "N",
        "instrument": "VIIRS",
        "confidence": "n",
        "version": "2.0NRT",
        "bright_ti5": 301.89,
        "frp": 5.35,
        "daynight": "D",
        "source_dataset": "VIIRS_SNPP_NRT",
        "acq_datetime_utc": "2026-10-06T12:04:00Z",
        "age_hours": 4.9,
        "confidence_label": "nominal",
        "popup_label": "<strong>NASA FIRMS<\/strong><br>Sensor: VIIRS_SNPP_NRT<br>Fecha UTC: 2026-10-06T12:04:00Z<br>Confianza: nominal<br>FRP: 5.35 MW"
      }
    },
    {
      "type": "Feature",
      "geometry": {
        "type": "Point",
        "coordinates": [3.1703, 32.556]
      },
      "properties": {
        "bright_ti4": 337.44,
        "scan": 0.59,
        "track": 0.7,
        "acq_date": "2026-10-06",
        "acq_time": "1204",
        "satellite": "N",
        "instrument": "VIIRS",
        "confidence": "n",
        "version": "2.0NRT",
        "bright_ti5": 300.97,
        "frp": 3.7,
        "daynight": "D",
        "source_dataset": "VIIRS_SNPP_NRT",
        "acq_datetime_utc": "2026-10-06T12:04:00Z",
        "age_hours": 4.9,
        "confidence_label": "nominal",
        "popup_label": "<strong>NASA FIRMS<\/strong><br>Sensor: VIIRS_SNPP_NRT<br>Fecha UTC: 2026-10-06T12:04:00Z<br>Confianza: nominal<br>FRP: 3.7 MW"
      }
    },
    {
      "type": "Feature",
      "geometry": {
        "type": "Point",
        "coordinates": [3.1682, 32.5565]
      },
      "properties": {
        "bright_ti4": 341.42,
        "scan": 0.59,
        "track": 0.7,
        "acq_date": "2026-10-06",
        "acq_time": "1204",
        "satellite": "N",
        "instrument": "VIIRS",
        "confidence": "n",
        "version": "2.0NRT",
        "bright_ti5": 300.93,
        "frp": 3.33,
        "daynight": "D",
        "source_dataset": "VIIRS_SNPP_NRT",
        "acq_datetime_utc": "2026-10-06T12:04:00Z",
        "age_hours": 4.9,
        "confidence_label": "nominal",
        "popup_label": "<strong>NASA FIRMS<\/strong><br>Sensor: VIIRS_SNPP_NRT<br>Fecha UTC: 2026-10-06T12:04:00Z<br>Confianza: nominal<br>FRP: 3.33 MW"
      }
    },
    {
      "type": "Feature",
      "geometry": {
        "type": "Point",
        "coordinates": [-0.5175, 28.2007]
      },
      "properties": {
        "bright_ti4": 329.73,
        "scan": 0.48,
        "track": 0.48,
        "acq_date": "2026-10-06",
        "acq_time": "0228",
        "satellite": "N",
        "instrument": "VIIRS",
        "confidence": "n",
        "version": "2.0NRT",
        "bright_ti5": 291.16,
        "frp": 3.29,
        "daynight": "N",
        "source_dataset": "VIIRS_SNPP_NRT",
        "acq_datetime_utc": "2026-10-06T02:28:00Z",
        "age_hours": 14.5,
        "confidence_label": "nominal",
        "popup_label": "<strong>NASA FIRMS<\/strong><br>Sensor: VIIRS_SNPP_NRT<br>Fecha UTC: 2026-10-06T02:28:00Z<br>Confianza: nominal<br>FRP: 3.29 MW"
      }
    },
    {
      "type": "Feature",
      "geometry": {
        "type": "Point",
        "coordinates": [3.9876, 32.277]
      },
      "properties": {
        "bright_ti4": 320.89,
        "scan": 0.36,
        "track": 0.57,
        "acq_date": "2026-10-06",
        "acq_time": "0226",
        "satellite": "N",
        "instrument": "VIIRS",
        "confidence": "n",
        "version": "2.0NRT",
        "bright_ti5": 278.56,
        "frp": 1.66,
        "daynight": "N",
        "source_dataset": "VIIRS_SNPP_NRT",
        "acq_datetime_utc": "2026-10-06T02:26:00Z",
        "age_hours": 14.5,
        "confidence_label": "nominal",
        "popup_label": "<strong>NASA FIRMS<\/strong><br>Sensor: VIIRS_SNPP_NRT<br>Fecha UTC: 2026-10-06T02:26:00Z<br>Confianza: nominal<br>FRP: 1.66 MW"
      }
    },
    {
      "type": "Feature",
      "geometry": {
        "type": "Point",
        "coordinates": [3.1682, 32.5528]
      },
      "properties": {
        "bright_ti4": 306.15,
        "scan": 0.63,
        "track": 0.54,
        "acq_date": "2026-10-06",
        "acq_time": "0226",
        "satellite": "N",
        "instrument": "VIIRS",
        "confidence": "n",
        "version": "2.0NRT",
        "bright_ti5": 279.79,
        "frp": 2.07,
        "daynight": "N",
        "source_dataset": "VIIRS_SNPP_NRT",
        "acq_datetime_utc": "2026-10-06T02:26:00Z",
        "age_hours": 14.5,
        "confidence_label": "nominal",
        "popup_label": "<strong>NASA FIRMS<\/strong><br>Sensor: VIIRS_SNPP_NRT<br>Fecha UTC: 2026-10-06T02:26:00Z<br>Confianza: nominal<br>FRP: 2.07 MW"
      }
    },
    {
      "type": "Feature",
      "geometry": {
        "type": "Point",
        "coordinates": [3.1666, 32.553]
      },
      "properties": {
        "bright_ti4": 307.04,
        "scan": 0.63,
        "track": 0.54,
        "acq_date": "2026-10-06",
        "acq_time": "0226",
        "satellite": "N",
        "instrument": "VIIRS",
        "confidence": "n",
        "version": "2.0NRT",
        "bright_ti5": 279.81,
        "frp": 1.7,
        "daynight": "N",
        "source_dataset": "VIIRS_SNPP_NRT",
        "acq_datetime_utc": "2026-10-06T02:26:00Z",
        "age_hours": 14.5,
        "confidence_label": "nominal",
        "popup_label": "<strong>NASA FIRMS<\/strong><br>Sensor: VIIRS_SNPP_NRT<br>Fecha UTC: 2026-10-06T02:26:00Z<br>Confianza: nominal<br>FRP: 1.7 MW"
      }
    },
    {
      "type": "Feature",
      "geometry": {
        "type": "Point",
        "coordinates": [3.1699, 32.5576]
      },
      "properties": {
        "bright_ti4": 311.38,
        "scan": 0.63,
        "track": 0.54,
        "acq_date": "2026-10-06",
        "acq_time": "0226",
        "satellite": "N",
        "instrument": "VIIRS",
        "confidence": "n",
        "version": "2.0NRT",
        "bright_ti5": 280.39,
        "frp": 2.07,
        "daynight": "N",
        "source_dataset": "VIIRS_SNPP_NRT",
        "acq_datetime_utc": "2026-10-06T02:26:00Z",
        "age_hours": 14.5,
        "confidence_label": "nominal",
        "popup_label": "<strong>NASA FIRMS<\/strong><br>Sensor: VIIRS_SNPP_NRT<br>Fecha UTC: 2026-10-06T02:26:00Z<br>Confianza: nominal<br>FRP: 2.07 MW"
      }
    },
    {
      "type": "Feature",
      "geometry": {
        "type": "Point",
        "coordinates": [3.1682, 32.5578]
      },
      "properties": {
        "bright_ti4": 325.3,
        "scan": 0.63,
        "track": 0.54,
        "acq_date": "2026-10-06",
        "acq_time": "0226",
        "satellite": "N",
        "instrument": "VIIRS",
        "confidence": "n",
        "version": "2.0NRT",
        "bright_ti5": 281.32,
        "frp": 3.74,
        "daynight": "N",
        "source_dataset": "VIIRS_SNPP_NRT",
        "acq_datetime_utc": "2026-10-06T02:26:00Z",
        "age_hours": 14.5,
        "confidence_label": "nominal",
        "popup_label": "<strong>NASA FIRMS<\/strong><br>Sensor: VIIRS_SNPP_NRT<br>Fecha UTC: 2026-10-06T02:26:00Z<br>Confianza: nominal<br>FRP: 3.74 MW"
      }
    },
    {
      "type": "Feature",
      "geometry": {
        "type": "Point",
        "coordinates": [3.1832, 32.7487]
      },
      "properties": {
        "bright_ti4": 299.19,
        "scan": 0.63,
        "track": 0.54,
        "acq_date": "2026-10-06",
        "acq_time": "0226",
        "satellite": "N",
        "instrument": "VIIRS",
        "confidence": "n",
        "version": "2.0NRT",
        "bright_ti5": 283.29,
        "frp": 1.93,
        "daynight": "N",
        "source_dataset": "VIIRS_SNPP_NRT",
        "acq_datetime_utc": "2026-10-06T02:26:00Z",
        "age_hours": 14.5,
        "confidence_label": "nominal",
        "popup_label": "<strong>NASA FIRMS<\/strong><br>Sensor: VIIRS_SNPP_NRT<br>Fecha UTC: 2026-10-06T02:26:00Z<br>Confianza: nominal<br>FRP: 1.93 MW"
      }
    },
    {
      "type": "Feature",
      "geometry": {
        "type": "Point",
        "coordinates": [3.2376, 32.9305]
      },
      "properties": {
        "bright_ti4": 295.36,
        "scan": 0.62,
        "track": 0.54,
        "acq_date": "2026-10-06",
        "acq_time": "0226",
        "satellite": "N",
        "instrument": "VIIRS",
        "confidence": "n",
        "version": "2.0NRT",
        "bright_ti5": 280.06,
        "frp": 1.65,
        "daynight": "N",
        "source_dataset": "VIIRS_SNPP_NRT",
        "acq_datetime_utc": "2026-10-06T02:26:00Z",
        "age_hours": 14.5,
        "confidence_label": "nominal",
        "popup_label": "<strong>NASA FIRMS<\/strong><br>Sensor: VIIRS_SNPP_NRT<br>Fecha UTC: 2026-10-06T02:26:00Z<br>Confianza: nominal<br>FRP: 1.65 MW"
      }
    },
    {
      "type": "Feature",
      "geometry": {
        "type": "Point",
        "coordinates": [3.2311, 32.9321]
      },
      "properties": {
        "bright_ti4": 297.25,
        "scan": 0.62,
        "track": 0.54,
        "acq_date": "2026-10-06",
        "acq_time": "0226",
        "satellite": "N",
        "instrument": "VIIRS",
        "confidence": "n",
        "version": "2.0NRT",
        "bright_ti5": 280.17,
        "frp": 2,
        "daynight": "N",
        "source_dataset": "VIIRS_SNPP_NRT",
        "acq_datetime_utc": "2026-10-06T02:26:00Z",
        "age_hours": 14.5,
        "confidence_label": "nominal",
        "popup_label": "<strong>NASA FIRMS<\/strong><br>Sensor: VIIRS_SNPP_NRT<br>Fecha UTC: 2026-10-06T02:26:00Z<br>Confianza: nominal<br>FRP: 2 MW"
      }
    },
    {
      "type": "Feature",
      "geometry": {
        "type": "Point",
        "coordinates": [3.2295, 32.9482]
      },
      "properties": {
        "bright_ti4": 302.8,
        "scan": 0.62,
        "track": 0.54,
        "acq_date": "2026-10-06",
        "acq_time": "0226",
        "satellite": "N",
        "instrument": "VIIRS",
        "confidence": "n",
        "version": "2.0NRT",
        "bright_ti5": 279.91,
        "frp": 2.1,
        "daynight": "N",
        "source_dataset": "VIIRS_SNPP_NRT",
        "acq_datetime_utc": "2026-10-06T02:26:00Z",
        "age_hours": 14.5,
        "confidence_label": "nominal",
        "popup_label": "<strong>NASA FIRMS<\/strong><br>Sensor: VIIRS_SNPP_NRT<br>Fecha UTC: 2026-10-06T02:26:00Z<br>Confianza: nominal<br>FRP: 2.1 MW"
      }
    },
    {
      "type": "Feature",
      "geometry": {
        "type": "Point",
        "coordinates": [-7.5331, 33.056]
      },
      "properties": {
        "bright_ti4": 303.3,
        "scan": 0.39,
        "track": 0.36,
        "acq_date": "2026-10-06",
        "acq_time": "0226",
        "satellite": "N",
        "instrument": "VIIRS",
        "confidence": "n",
        "version": "2.0NRT",
        "bright_ti5": 292.59,
        "frp": 0.71,
        "daynight": "N",
        "source_dataset": "VIIRS_SNPP_NRT",
        "acq_datetime_utc": "2026-10-06T02:26:00Z",
        "age_hours": 14.5,
        "confidence_label": "nominal",
        "popup_label": "<strong>NASA FIRMS<\/strong><br>Sensor: VIIRS_SNPP_NRT<br>Fecha UTC: 2026-10-06T02:26:00Z<br>Confianza: nominal<br>FRP: 0.71 MW"
      }
    },
    {
      "type": "Feature",
      "geometry": {
        "type": "Point",
        "coordinates": [3.3202, 33.1264]
      },
      "properties": {
        "bright_ti4": 307.41,
        "scan": 0.62,
        "track": 0.54,
        "acq_date": "2026-10-06",
        "acq_time": "0226",
        "satellite": "N",
        "instrument": "VIIRS",
        "confidence": "n",
        "version": "2.0NRT",
        "bright_ti5": 280.11,
        "frp": 1.74,
        "daynight": "N",
        "source_dataset": "VIIRS_SNPP_NRT",
        "acq_datetime_utc": "2026-10-06T02:26:00Z",
        "age_hours": 14.5,
        "confidence_label": "nominal",
        "popup_label": "<strong>NASA FIRMS<\/strong><br>Sensor: VIIRS_SNPP_NRT<br>Fecha UTC: 2026-10-06T02:26:00Z<br>Confianza: nominal<br>FRP: 1.74 MW"
      }
    },
    {
      "type": "Feature",
      "geometry": {
        "type": "Point",
        "coordinates": [-7.7484, 33.3682]
      },
      "properties": {
        "bright_ti4": 307.2,
        "scan": 0.39,
        "track": 0.36,
        "acq_date": "2026-10-06",
        "acq_time": "0226",
        "satellite": "N",
        "instrument": "VIIRS",
        "confidence": "n",
        "version": "2.0NRT",
        "bright_ti5": 292,
        "frp": 1.17,
        "daynight": "N",
        "source_dataset": "VIIRS_SNPP_NRT",
        "acq_datetime_utc": "2026-10-06T02:26:00Z",
        "age_hours": 14.5,
        "confidence_label": "nominal",
        "popup_label": "<strong>NASA FIRMS<\/strong><br>Sensor: VIIRS_SNPP_NRT<br>Fecha UTC: 2026-10-06T02:26:00Z<br>Confianza: nominal<br>FRP: 1.17 MW"
      }
    },
    {
      "type": "Feature",
      "geometry": {
        "type": "Point",
        "coordinates": [-2.3477, 34.5951]
      },
      "properties": {
        "bright_ti4": 302.03,
        "scan": 0.46,
        "track": 0.39,
        "acq_date": "2026-10-06",
        "acq_time": "0226",
        "satellite": "N",
        "instrument": "VIIRS",
        "confidence": "n",
        "version": "2.0NRT",
        "bright_ti5": 285.25,
        "frp": 1.34,
        "daynight": "N",
        "source_dataset": "VIIRS_SNPP_NRT",
        "acq_datetime_utc": "2026-10-06T02:26:00Z",
        "age_hours": 14.5,
        "confidence_label": "nominal",
        "popup_label": "<strong>NASA FIRMS<\/strong><br>Sensor: VIIRS_SNPP_NRT<br>Fecha UTC: 2026-10-06T02:26:00Z<br>Confianza: nominal<br>FRP: 1.34 MW"
      }
    },
    {
      "type": "Feature",
      "geometry": {
        "type": "Point",
        "coordinates": [-0.3976, 35.4608]
      },
      "properties": {
        "bright_ti4": 307.58,
        "scan": 0.53,
        "track": 0.42,
        "acq_date": "2026-10-06",
        "acq_time": "0226",
        "satellite": "N",
        "instrument": "VIIRS",
        "confidence": "n",
        "version": "2.0NRT",
        "bright_ti5": 289.13,
        "frp": 1.99,
        "daynight": "N",
        "source_dataset": "VIIRS_SNPP_NRT",
        "acq_datetime_utc": "2026-10-06T02:26:00Z",
        "age_hours": 14.5,
        "confidence_label": "nominal",
        "popup_label": "<strong>NASA FIRMS<\/strong><br>Sensor: VIIRS_SNPP_NRT<br>Fecha UTC: 2026-10-06T02:26:00Z<br>Confianza: nominal<br>FRP: 1.99 MW"
      }
    },
    {
      "type": "Feature",
      "geometry": {
        "type": "Point",
        "coordinates": [-0.2763, 35.5291]
      },
      "properties": {
        "bright_ti4": 300.05,
        "scan": 0.54,
        "track": 0.42,
        "acq_date": "2026-10-06",
        "acq_time": "0226",
        "satellite": "N",
        "instrument": "VIIRS",
        "confidence": "n",
        "version": "2.0NRT",
        "bright_ti5": 288.71,
        "frp": 0.87,
        "daynight": "N",
        "source_dataset": "VIIRS_SNPP_NRT",
        "acq_datetime_utc": "2026-10-06T02:26:00Z",
        "age_hours": 14.5,
        "confidence_label": "nominal",
        "popup_label": "<strong>NASA FIRMS<\/strong><br>Sensor: VIIRS_SNPP_NRT<br>Fecha UTC: 2026-10-06T02:26:00Z<br>Confianza: nominal<br>FRP: 0.87 MW"
      }
    },
    {
      "type": "Feature",
      "geometry": {
        "type": "Point",
        "coordinates": [-0.2753, 35.5296]
      },
      "properties": {
        "bright_ti4": 301.25,
        "scan": 0.54,
        "track": 0.42,
        "acq_date": "2026-10-06",
        "acq_time": "0226",
        "satellite": "N",
        "instrument": "VIIRS",
        "confidence": "n",
        "version": "2.0NRT",
        "bright_ti5": 288.96,
        "frp": 0.64,
        "daynight": "N",
        "source_dataset": "VIIRS_SNPP_NRT",
        "acq_datetime_utc": "2026-10-06T02:26:00Z",
        "age_hours": 14.5,
        "confidence_label": "nominal",
        "popup_label": "<strong>NASA FIRMS<\/strong><br>Sensor: VIIRS_SNPP_NRT<br>Fecha UTC: 2026-10-06T02:26:00Z<br>Confianza: nominal<br>FRP: 0.64 MW"
      }
    },
    {
      "type": "Feature",
      "geometry": {
        "type": "Point",
        "coordinates": [-0.2749, 35.5329]
      },
      "properties": {
        "bright_ti4": 306.14,
        "scan": 0.54,
        "track": 0.42,
        "acq_date": "2026-10-06",
        "acq_time": "0226",
        "satellite": "N",
        "instrument": "VIIRS",
        "confidence": "n",
        "version": "2.0NRT",
        "bright_ti5": 290.09,
        "frp": 0.87,
        "daynight": "N",
        "source_dataset": "VIIRS_SNPP_NRT",
        "acq_datetime_utc": "2026-10-06T02:26:00Z",
        "age_hours": 14.5,
        "confidence_label": "nominal",
        "popup_label": "<strong>NASA FIRMS<\/strong><br>Sensor: VIIRS_SNPP_NRT<br>Fecha UTC: 2026-10-06T02:26:00Z<br>Confianza: nominal<br>FRP: 0.87 MW"
      }
    },
    {
      "type": "Feature",
      "geometry": {
        "type": "Point",
        "coordinates": [-0.274, 35.5334]
      },
      "properties": {
        "bright_ti4": 304.35,
        "scan": 0.54,
        "track": 0.42,
        "acq_date": "2026-10-06",
        "acq_time": "0226",
        "satellite": "N",
        "instrument": "VIIRS",
        "confidence": "n",
        "version": "2.0NRT",
        "bright_ti5": 289.77,
        "frp": 1.1,
        "daynight": "N",
        "source_dataset": "VIIRS_SNPP_NRT",
        "acq_datetime_utc": "2026-10-06T02:26:00Z",
        "age_hours": 14.5,
        "confidence_label": "nominal",
        "popup_label": "<strong>NASA FIRMS<\/strong><br>Sensor: VIIRS_SNPP_NRT<br>Fecha UTC: 2026-10-06T02:26:00Z<br>Confianza: nominal<br>FRP: 1.1 MW"
      }
    },
    {
      "type": "Feature",
      "geometry": {
        "type": "Point",
        "coordinates": [-0.2428, 35.8039]
      },
      "properties": {
        "bright_ti4": 307.15,
        "scan": 0.54,
        "track": 0.42,
        "acq_date": "2026-10-06",
        "acq_time": "0226",
        "satellite": "N",
        "instrument": "VIIRS",
        "confidence": "n",
        "version": "2.0NRT",
        "bright_ti5": 291.42,
        "frp": 1.45,
        "daynight": "N",
        "source_dataset": "VIIRS_SNPP_NRT",
        "acq_datetime_utc": "2026-10-06T02:26:00Z",
        "age_hours": 14.5,
        "confidence_label": "nominal",
        "popup_label": "<strong>NASA FIRMS<\/strong><br>Sensor: VIIRS_SNPP_NRT<br>Fecha UTC: 2026-10-06T02:26:00Z<br>Confianza: nominal<br>FRP: 1.45 MW"
      }
    },
    {
      "type": "Feature",
      "geometry": {
        "type": "Point",
        "coordinates": [-0.2544, 35.8063]
      },
      "properties": {
        "bright_ti4": 308.25,
        "scan": 0.54,
        "track": 0.42,
        "acq_date": "2026-10-06",
        "acq_time": "0226",
        "satellite": "N",
        "instrument": "VIIRS",
        "confidence": "n",
        "version": "2.0NRT",
        "bright_ti5": 290.87,
        "frp": 2.61,
        "daynight": "N",
        "source_dataset": "VIIRS_SNPP_NRT",
        "acq_datetime_utc": "2026-10-06T02:26:00Z",
        "age_hours": 14.5,
        "confidence_label": "nominal",
        "popup_label": "<strong>NASA FIRMS<\/strong><br>Sensor: VIIRS_SNPP_NRT<br>Fecha UTC: 2026-10-06T02:26:00Z<br>Confianza: nominal<br>FRP: 2.61 MW"
      }
    },
    {
      "type": "Feature",
      "geometry": {
        "type": "Point",
        "coordinates": [-0.2532, 35.8101]
      },
      "properties": {
        "bright_ti4": 329.85,
        "scan": 0.54,
        "track": 0.42,
        "acq_date": "2026-10-06",
        "acq_time": "0226",
        "satellite": "N",
        "instrument": "VIIRS",
        "confidence": "n",
        "version": "2.0NRT",
        "bright_ti5": 291.7,
        "frp": 2.61,
        "daynight": "N",
        "source_dataset": "VIIRS_SNPP_NRT",
        "acq_datetime_utc": "2026-10-06T02:26:00Z",
        "age_hours": 14.5,
        "confidence_label": "nominal",
        "popup_label": "<strong>NASA FIRMS<\/strong><br>Sensor: VIIRS_SNPP_NRT<br>Fecha UTC: 2026-10-06T02:26:00Z<br>Confianza: nominal<br>FRP: 2.61 MW"
      }
    },
    {
      "type": "Feature",
      "geometry": {
        "type": "Point",
        "coordinates": [4.448, 35.8795]
      },
      "properties": {
        "bright_ti4": 306.77,
        "scan": 0.62,
        "track": 0.54,
        "acq_date": "2026-10-06",
        "acq_time": "0226",
        "satellite": "N",
        "instrument": "VIIRS",
        "confidence": "n",
        "version": "2.0NRT",
        "bright_ti5": 285.44,
        "frp": 2.03,
        "daynight": "N",
        "source_dataset": "VIIRS_SNPP_NRT",
        "acq_datetime_utc": "2026-10-06T02:26:00Z",
        "age_hours": 14.5,
        "confidence_label": "nominal",
        "popup_label": "<strong>NASA FIRMS<\/strong><br>Sensor: VIIRS_SNPP_NRT<br>Fecha UTC: 2026-10-06T02:26:00Z<br>Confianza: nominal<br>FRP: 2.03 MW"
      }
    },
    {
      "type": "Feature",
      "geometry": {
        "type": "Point",
        "coordinates": [1.2426, 36.1289]
      },
      "properties": {
        "bright_ti4": 310.54,
        "scan": 0.42,
        "track": 0.45,
        "acq_date": "2026-10-06",
        "acq_time": "0226",
        "satellite": "N",
        "instrument": "VIIRS",
        "confidence": "n",
        "version": "2.0NRT",
        "bright_ti5": 284.97,
        "frp": 2.54,
        "daynight": "N",
        "source_dataset": "VIIRS_SNPP_NRT",
        "acq_datetime_utc": "2026-10-06T02:26:00Z",
        "age_hours": 14.5,
        "confidence_label": "nominal",
        "popup_label": "<strong>NASA FIRMS<\/strong><br>Sensor: VIIRS_SNPP_NRT<br>Fecha UTC: 2026-10-06T02:26:00Z<br>Confianza: nominal<br>FRP: 2.54 MW"
      }
    },
    {
      "type": "Feature",
      "geometry": {
        "type": "Point",
        "coordinates": [3.7485, 36.1797]
      },
      "properties": {
        "bright_ti4": 309.69,
        "scan": 0.56,
        "track": 0.51,
        "acq_date": "2026-10-06",
        "acq_time": "0226",
        "satellite": "N",
        "instrument": "VIIRS",
        "confidence": "n",
        "version": "2.0NRT",
        "bright_ti5": 286.19,
        "frp": 2.03,
        "daynight": "N",
        "source_dataset": "VIIRS_SNPP_NRT",
        "acq_datetime_utc": "2026-10-06T02:26:00Z",
        "age_hours": 14.5,
        "confidence_label": "nominal",
        "popup_label": "<strong>NASA FIRMS<\/strong><br>Sensor: VIIRS_SNPP_NRT<br>Fecha UTC: 2026-10-06T02:26:00Z<br>Confianza: nominal<br>FRP: 2.03 MW"
      }
    },
    {
      "type": "Feature",
      "geometry": {
        "type": "Point",
        "coordinates": [3.7493, 36.1805]
      },
      "properties": {
        "bright_ti4": 308.59,
        "scan": 0.56,
        "track": 0.51,
        "acq_date": "2026-10-06",
        "acq_time": "0226",
        "satellite": "N",
        "instrument": "VIIRS",
        "confidence": "n",
        "version": "2.0NRT",
        "bright_ti5": 286.26,
        "frp": 1.56,
        "daynight": "N",
        "source_dataset": "VIIRS_SNPP_NRT",
        "acq_datetime_utc": "2026-10-06T02:26:00Z",
        "age_hours": 14.5,
        "confidence_label": "nominal",
        "popup_label": "<strong>NASA FIRMS<\/strong><br>Sensor: VIIRS_SNPP_NRT<br>Fecha UTC: 2026-10-06T02:26:00Z<br>Confianza: nominal<br>FRP: 1.56 MW"
      }
    },
    {
      "type": "Feature",
      "geometry": {
        "type": "Point",
        "coordinates": [3.2342, 36.6284]
      },
      "properties": {
        "bright_ti4": 295.9,
        "scan": 0.51,
        "track": 0.5,
        "acq_date": "2026-10-06",
        "acq_time": "0226",
        "satellite": "N",
        "instrument": "VIIRS",
        "confidence": "n",
        "version": "2.0NRT",
        "bright_ti5": 278.89,
        "frp": 0.77,
        "daynight": "N",
        "source_dataset": "VIIRS_SNPP_NRT",
        "acq_datetime_utc": "2026-10-06T02:26:00Z",
        "age_hours": 14.5,
        "confidence_label": "nominal",
        "popup_label": "<strong>NASA FIRMS<\/strong><br>Sensor: VIIRS_SNPP_NRT<br>Fecha UTC: 2026-10-06T02:26:00Z<br>Confianza: nominal<br>FRP: 0.77 MW"
      }
    },
    {
      "type": "Feature",
      "geometry": {
        "type": "Point",
        "coordinates": [3.1226, 36.6834]
      },
      "properties": {
        "bright_ti4": 297.62,
        "scan": 0.5,
        "track": 0.49,
        "acq_date": "2026-10-06",
        "acq_time": "0226",
        "satellite": "N",
        "instrument": "VIIRS",
        "confidence": "n",
        "version": "2.0NRT",
        "bright_ti5": 282.04,
        "frp": 0.42,
        "daynight": "N",
        "source_dataset": "VIIRS_SNPP_NRT",
        "acq_datetime_utc": "2026-10-06T02:26:00Z",
        "age_hours": 14.5,
        "confidence_label": "nominal",
        "popup_label": "<strong>NASA FIRMS<\/strong><br>Sensor: VIIRS_SNPP_NRT<br>Fecha UTC: 2026-10-06T02:26:00Z<br>Confianza: nominal<br>FRP: 0.42 MW"
      }
    },
    {
      "type": "Feature",
      "geometry": {
        "type": "Point",
        "coordinates": [-3.5626, 39.0268]
      },
      "properties": {
        "bright_ti4": 330.28,
        "scan": 0.39,
        "track": 0.36,
        "acq_date": "2026-10-06",
        "acq_time": "0226",
        "satellite": "N",
        "instrument": "VIIRS",
        "confidence": "n",
        "version": "2.0NRT",
        "bright_ti5": 272.37,
        "frp": 4.14,
        "daynight": "N",
        "source_dataset": "VIIRS_SNPP_NRT",
        "acq_datetime_utc": "2026-10-06T02:26:00Z",
        "age_hours": 14.5,
        "confidence_label": "nominal",
        "popup_label": "<strong>NASA FIRMS<\/strong><br>Sensor: VIIRS_SNPP_NRT<br>Fecha UTC: 2026-10-06T02:26:00Z<br>Confianza: nominal<br>FRP: 4.14 MW"
      }
    },
    {
      "type": "Feature",
      "geometry": {
        "type": "Point",
        "coordinates": [-2.2184, 43.0357]
      },
      "properties": {
        "bright_ti4": 303.57,
        "scan": 0.39,
        "track": 0.36,
        "acq_date": "2026-10-06",
        "acq_time": "0224",
        "satellite": "N",
        "instrument": "VIIRS",
        "confidence": "n",
        "version": "2.0NRT",
        "bright_ti5": 285.69,
        "frp": 1,
        "daynight": "N",
        "source_dataset": "VIIRS_SNPP_NRT",
        "acq_datetime_utc": "2026-10-06T02:24:00Z",
        "age_hours": 14.6,
        "confidence_label": "nominal",
        "popup_label": "<strong>NASA FIRMS<\/strong><br>Sensor: VIIRS_SNPP_NRT<br>Fecha UTC: 2026-10-06T02:24:00Z<br>Confianza: nominal<br>FRP: 1 MW"
      }
    },
    {
      "type": "Feature",
      "geometry": {
        "type": "Point",
        "coordinates": [4.8943, 43.4327]
      },
      "properties": {
        "bright_ti4": 300.77,
        "scan": 0.43,
        "track": 0.46,
        "acq_date": "2026-10-06",
        "acq_time": "0224",
        "satellite": "N",
        "instrument": "VIIRS",
        "confidence": "n",
        "version": "2.0NRT",
        "bright_ti5": 287.39,
        "frp": 0.97,
        "daynight": "N",
        "source_dataset": "VIIRS_SNPP_NRT",
        "acq_datetime_utc": "2026-10-06T02:24:00Z",
        "age_hours": 14.6,
        "confidence_label": "nominal",
        "popup_label": "<strong>NASA FIRMS<\/strong><br>Sensor: VIIRS_SNPP_NRT<br>Fecha UTC: 2026-10-06T02:24:00Z<br>Confianza: nominal<br>FRP: 0.97 MW"
      }
    },
    {
      "type": "Feature",
      "geometry": {
        "type": "Point",
        "coordinates": [4.8891, 43.4339]
      },
      "properties": {
        "bright_ti4": 329.64,
        "scan": 0.43,
        "track": 0.46,
        "acq_date": "2026-10-06",
        "acq_time": "0224",
        "satellite": "N",
        "instrument": "VIIRS",
        "confidence": "n",
        "version": "2.0NRT",
        "bright_ti5": 288.11,
        "frp": 2.25,
        "daynight": "N",
        "source_dataset": "VIIRS_SNPP_NRT",
        "acq_datetime_utc": "2026-10-06T02:24:00Z",
        "age_hours": 14.6,
        "confidence_label": "nominal",
        "popup_label": "<strong>NASA FIRMS<\/strong><br>Sensor: VIIRS_SNPP_NRT<br>Fecha UTC: 2026-10-06T02:24:00Z<br>Confianza: nominal<br>FRP: 2.25 MW"
      }
    },
    {
      "type": "Feature",
      "geometry": {
        "type": "Point",
        "coordinates": [4.8839, 43.4351]
      },
      "properties": {
        "bright_ti4": 312.31,
        "scan": 0.43,
        "track": 0.46,
        "acq_date": "2026-10-06",
        "acq_time": "0224",
        "satellite": "N",
        "instrument": "VIIRS",
        "confidence": "n",
        "version": "2.0NRT",
        "bright_ti5": 286.88,
        "frp": 2.25,
        "daynight": "N",
        "source_dataset": "VIIRS_SNPP_NRT",
        "acq_datetime_utc": "2026-10-06T02:24:00Z",
        "age_hours": 14.6,
        "confidence_label": "nominal",
        "popup_label": "<strong>NASA FIRMS<\/strong><br>Sensor: VIIRS_SNPP_NRT<br>Fecha UTC: 2026-10-06T02:24:00Z<br>Confianza: nominal<br>FRP: 2.25 MW"
      }
    },
    {
      "type": "Feature",
      "geometry": {
        "type": "Point",
        "coordinates": [4.8909, 43.438]
      },
      "properties": {
        "bright_ti4": 318.56,
        "scan": 0.43,
        "track": 0.46,
        "acq_date": "2026-10-06",
        "acq_time": "0224",
        "satellite": "N",
        "instrument": "VIIRS",
        "confidence": "n",
        "version": "2.0NRT",
        "bright_ti5": 287.72,
        "frp": 2.25,
        "daynight": "N",
        "source_dataset": "VIIRS_SNPP_NRT",
        "acq_datetime_utc": "2026-10-06T02:24:00Z",
        "age_hours": 14.6,
        "confidence_label": "nominal",
        "popup_label": "<strong>NASA FIRMS<\/strong><br>Sensor: VIIRS_SNPP_NRT<br>Fecha UTC: 2026-10-06T02:24:00Z<br>Confianza: nominal<br>FRP: 2.25 MW"
      }
    },
    {
      "type": "Feature",
      "geometry": {
        "type": "Point",
        "coordinates": [4.8857, 43.4392]
      },
      "properties": {
        "bright_ti4": 303.38,
        "scan": 0.43,
        "track": 0.46,
        "acq_date": "2026-10-06",
        "acq_time": "0224",
        "satellite": "N",
        "instrument": "VIIRS",
        "confidence": "n",
        "version": "2.0NRT",
        "bright_ti5": 287.07,
        "frp": 2.25,
        "daynight": "N",
        "source_dataset": "VIIRS_SNPP_NRT",
        "acq_datetime_utc": "2026-10-06T02:24:00Z",
        "age_hours": 14.6,
        "confidence_label": "nominal",
        "popup_label": "<strong>NASA FIRMS<\/strong><br>Sensor: VIIRS_SNPP_NRT<br>Fecha UTC: 2026-10-06T02:24:00Z<br>Confianza: nominal<br>FRP: 2.25 MW"
      }
    },
    {
      "type": "Feature",
      "geometry": {
        "type": "Point",
        "coordinates": [4.8806, 43.4404]
      },
      "properties": {
        "bright_ti4": 301.78,
        "scan": 0.43,
        "track": 0.46,
        "acq_date": "2026-10-06",
        "acq_time": "0224",
        "satellite": "N",
        "instrument": "VIIRS",
        "confidence": "n",
        "version": "2.0NRT",
        "bright_ti5": 287.39,
        "frp": 0.84,
        "daynight": "N",
        "source_dataset": "VIIRS_SNPP_NRT",
        "acq_datetime_utc": "2026-10-06T02:24:00Z",
        "age_hours": 14.6,
        "confidence_label": "nominal",
        "popup_label": "<strong>NASA FIRMS<\/strong><br>Sensor: VIIRS_SNPP_NRT<br>Fecha UTC: 2026-10-06T02:24:00Z<br>Confianza: nominal<br>FRP: 0.84 MW"
      }
    },
    {
      "type": "Feature",
      "geometry": {
        "type": "Point",
        "coordinates": [4.8927, 43.4421]
      },
      "properties": {
        "bright_ti4": 299.47,
        "scan": 0.43,
        "track": 0.46,
        "acq_date": "2026-10-06",
        "acq_time": "0224",
        "satellite": "N",
        "instrument": "VIIRS",
        "confidence": "n",
        "version": "2.0NRT",
        "bright_ti5": 287.18,
        "frp": 1.57,
        "daynight": "N",
        "source_dataset": "VIIRS_SNPP_NRT",
        "acq_datetime_utc": "2026-10-06T02:24:00Z",
        "age_hours": 14.6,
        "confidence_label": "nominal",
        "popup_label": "<strong>NASA FIRMS<\/strong><br>Sensor: VIIRS_SNPP_NRT<br>Fecha UTC: 2026-10-06T02:24:00Z<br>Confianza: nominal<br>FRP: 1.57 MW"
      }
    },
    {
      "type": "Feature",
      "geometry": {
        "type": "Point",
        "coordinates": [4.8824, 43.4445]
      },
      "properties": {
        "bright_ti4": 301.9,
        "scan": 0.43,
        "track": 0.46,
        "acq_date": "2026-10-06",
        "acq_time": "0224",
        "satellite": "N",
        "instrument": "VIIRS",
        "confidence": "n",
        "version": "2.0NRT",
        "bright_ti5": 286.76,
        "frp": 0.53,
        "daynight": "N",
        "source_dataset": "VIIRS_SNPP_NRT",
        "acq_datetime_utc": "2026-10-06T02:24:00Z",
        "age_hours": 14.6,
        "confidence_label": "nominal",
        "popup_label": "<strong>NASA FIRMS<\/strong><br>Sensor: VIIRS_SNPP_NRT<br>Fecha UTC: 2026-10-06T02:24:00Z<br>Confianza: nominal<br>FRP: 0.53 MW"
      }
    },
    {
      "type": "Feature",
      "geometry": {
        "type": "Point",
        "coordinates": [4.8997, 43.4449]
      },
      "properties": {
        "bright_ti4": 320.61,
        "scan": 0.43,
        "track": 0.46,
        "acq_date": "2026-10-06",
        "acq_time": "0224",
        "satellite": "N",
        "instrument": "VIIRS",
        "confidence": "n",
        "version": "2.0NRT",
        "bright_ti5": 287.71,
        "frp": 2.19,
        "daynight": "N",
        "source_dataset": "VIIRS_SNPP_NRT",
        "acq_datetime_utc": "2026-10-06T02:24:00Z",
        "age_hours": 14.6,
        "confidence_label": "nominal",
        "popup_label": "<strong>NASA FIRMS<\/strong><br>Sensor: VIIRS_SNPP_NRT<br>Fecha UTC: 2026-10-06T02:24:00Z<br>Confianza: nominal<br>FRP: 2.19 MW"
      }
    },
    {
      "type": "Feature",
      "geometry": {
        "type": "Point",
        "coordinates": [4.8945, 43.4461]
      },
      "properties": {
        "bright_ti4": 312.99,
        "scan": 0.43,
        "track": 0.46,
        "acq_date": "2026-10-06",
        "acq_time": "0224",
        "satellite": "N",
        "instrument": "VIIRS",
        "confidence": "n",
        "version": "2.0NRT",
        "bright_ti5": 287.65,
        "frp": 1.57,
        "daynight": "N",
        "source_dataset": "VIIRS_SNPP_NRT",
        "acq_datetime_utc": "2026-10-06T02:24:00Z",
        "age_hours": 14.6,
        "confidence_label": "nominal",
        "popup_label": "<strong>NASA FIRMS<\/strong><br>Sensor: VIIRS_SNPP_NRT<br>Fecha UTC: 2026-10-06T02:24:00Z<br>Confianza: nominal<br>FRP: 1.57 MW"
      }
    },
    {
      "type": "Feature",
      "geometry": {
        "type": "Point",
        "coordinates": [4.8963, 43.4502]
      },
      "properties": {
        "bright_ti4": 305.05,
        "scan": 0.43,
        "track": 0.46,
        "acq_date": "2026-10-06",
        "acq_time": "0224",
        "satellite": "N",
        "instrument": "VIIRS",
        "confidence": "n",
        "version": "2.0NRT",
        "bright_ti5": 286.69,
        "frp": 0.67,
        "daynight": "N",
        "source_dataset": "VIIRS_SNPP_NRT",
        "acq_datetime_utc": "2026-10-06T02:24:00Z",
        "age_hours": 14.6,
        "confidence_label": "nominal",
        "popup_label": "<strong>NASA FIRMS<\/strong><br>Sensor: VIIRS_SNPP_NRT<br>Fecha UTC: 2026-10-06T02:24:00Z<br>Confianza: nominal<br>FRP: 0.67 MW"
      }
    },
    {
      "type": "Feature",
      "geometry": {
        "type": "Point",
        "coordinates": [4.8514, 43.4516]
      },
      "properties": {
        "bright_ti4": 298.66,
        "scan": 0.43,
        "track": 0.46,
        "acq_date": "2026-10-06",
        "acq_time": "0224",
        "satellite": "N",
        "instrument": "VIIRS",
        "confidence": "n",
        "version": "2.0NRT",
        "bright_ti5": 287.33,
        "frp": 0.47,
        "daynight": "N",
        "source_dataset": "VIIRS_SNPP_NRT",
        "acq_datetime_utc": "2026-10-06T02:24:00Z",
        "age_hours": 14.6,
        "confidence_label": "nominal",
        "popup_label": "<strong>NASA FIRMS<\/strong><br>Sensor: VIIRS_SNPP_NRT<br>Fecha UTC: 2026-10-06T02:24:00Z<br>Confianza: nominal<br>FRP: 0.47 MW"
      }
    },
    {
      "type": "Feature",
      "geometry": {
        "type": "Point",
        "coordinates": [3.9853, 32.2739]
      },
      "properties": {
        "bright_ti4": 312.98,
        "scan": 0.62,
        "track": 0.72,
        "acq_date": "2026-10-06",
        "acq_time": "0045",
        "satellite": "N",
        "instrument": "VIIRS",
        "confidence": "n",
        "version": "2.0NRT",
        "bright_ti5": 278.94,
        "frp": 1.76,
        "daynight": "N",
        "source_dataset": "VIIRS_SNPP_NRT",
        "acq_datetime_utc": "2026-10-06T00:45:00Z",
        "age_hours": 16.2,
        "confidence_label": "nominal",
        "popup_label": "<strong>NASA FIRMS<\/strong><br>Sensor: VIIRS_SNPP_NRT<br>Fecha UTC: 2026-10-06T00:45:00Z<br>Confianza: nominal<br>FRP: 1.76 MW"
      }
    },
    {
      "type": "Feature",
      "geometry": {
        "type": "Point",
        "coordinates": [3.9859, 32.2806]
      },
      "properties": {
        "bright_ti4": 296.9,
        "scan": 0.62,
        "track": 0.72,
        "acq_date": "2026-10-06",
        "acq_time": "0045",
        "satellite": "N",
        "instrument": "VIIRS",
        "confidence": "n",
        "version": "2.0NRT",
        "bright_ti5": 278.46,
        "frp": 0.37,
        "daynight": "N",
        "source_dataset": "VIIRS_SNPP_NRT",
        "acq_datetime_utc": "2026-10-06T00:45:00Z",
        "age_hours": 16.2,
        "confidence_label": "nominal",
        "popup_label": "<strong>NASA FIRMS<\/strong><br>Sensor: VIIRS_SNPP_NRT<br>Fecha UTC: 2026-10-06T00:45:00Z<br>Confianza: nominal<br>FRP: 0.37 MW"
      }
    },
    {
      "type": "Feature",
      "geometry": {
        "type": "Point",
        "coordinates": [4.0049, 32.4034]
      },
      "properties": {
        "bright_ti4": 300.15,
        "scan": 0.62,
        "track": 0.71,
        "acq_date": "2026-10-06",
        "acq_time": "0045",
        "satellite": "N",
        "instrument": "VIIRS",
        "confidence": "n",
        "version": "2.0NRT",
        "bright_ti5": 280.81,
        "frp": 0.91,
        "daynight": "N",
        "source_dataset": "VIIRS_SNPP_NRT",
        "acq_datetime_utc": "2026-10-06T00:45:00Z",
        "age_hours": 16.2,
        "confidence_label": "nominal",
        "popup_label": "<strong>NASA FIRMS<\/strong><br>Sensor: VIIRS_SNPP_NRT<br>Fecha UTC: 2026-10-06T00:45:00Z<br>Confianza: nominal<br>FRP: 0.91 MW"
      }
    },
    {
      "type": "Feature",
      "geometry": {
        "type": "Point",
        "coordinates": [3.1676, 32.551]
      },
      "properties": {
        "bright_ti4": 303.29,
        "scan": 0.7,
        "track": 0.75,
        "acq_date": "2026-10-06",
        "acq_time": "0045",
        "satellite": "N",
        "instrument": "VIIRS",
        "confidence": "n",
        "version": "2.0NRT",
        "bright_ti5": 280.24,
        "frp": 2.19,
        "daynight": "N",
        "source_dataset": "VIIRS_SNPP_NRT",
        "acq_datetime_utc": "2026-10-06T00:45:00Z",
        "age_hours": 16.2,
        "confidence_label": "nominal",
        "popup_label": "<strong>NASA FIRMS<\/strong><br>Sensor: VIIRS_SNPP_NRT<br>Fecha UTC: 2026-10-06T00:45:00Z<br>Confianza: nominal<br>FRP: 2.19 MW"
      }
    },
    {
      "type": "Feature",
      "geometry": {
        "type": "Point",
        "coordinates": [3.1713, 32.5534]
      },
      "properties": {
        "bright_ti4": 307.96,
        "scan": 0.7,
        "track": 0.75,
        "acq_date": "2026-10-06",
        "acq_time": "0045",
        "satellite": "N",
        "instrument": "VIIRS",
        "confidence": "n",
        "version": "2.0NRT",
        "bright_ti5": 280.4,
        "frp": 2.15,
        "daynight": "N",
        "source_dataset": "VIIRS_SNPP_NRT",
        "acq_datetime_utc": "2026-10-06T00:45:00Z",
        "age_hours": 16.2,
        "confidence_label": "nominal",
        "popup_label": "<strong>NASA FIRMS<\/strong><br>Sensor: VIIRS_SNPP_NRT<br>Fecha UTC: 2026-10-06T00:45:00Z<br>Confianza: nominal<br>FRP: 2.15 MW"
      }
    },
    {
      "type": "Feature",
      "geometry": {
        "type": "Point",
        "coordinates": [3.1637, 32.5537]
      },
      "properties": {
        "bright_ti4": 308.51,
        "scan": 0.7,
        "track": 0.75,
        "acq_date": "2026-10-06",
        "acq_time": "0045",
        "satellite": "N",
        "instrument": "VIIRS",
        "confidence": "n",
        "version": "2.0NRT",
        "bright_ti5": 280.28,
        "frp": 3.1,
        "daynight": "N",
        "source_dataset": "VIIRS_SNPP_NRT",
        "acq_datetime_utc": "2026-10-06T00:45:00Z",
        "age_hours": 16.2,
        "confidence_label": "nominal",
        "popup_label": "<strong>NASA FIRMS<\/strong><br>Sensor: VIIRS_SNPP_NRT<br>Fecha UTC: 2026-10-06T00:45:00Z<br>Confianza: nominal<br>FRP: 3.1 MW"
      }
    },
    {
      "type": "Feature",
      "geometry": {
        "type": "Point",
        "coordinates": [3.168, 32.558]
      },
      "properties": {
        "bright_ti4": 315.52,
        "scan": 0.7,
        "track": 0.75,
        "acq_date": "2026-10-06",
        "acq_time": "0045",
        "satellite": "N",
        "instrument": "VIIRS",
        "confidence": "n",
        "version": "2.0NRT",
        "bright_ti5": 281.11,
        "frp": 2.19,
        "daynight": "N",
        "source_dataset": "VIIRS_SNPP_NRT",
        "acq_datetime_utc": "2026-10-06T00:45:00Z",
        "age_hours": 16.2,
        "confidence_label": "nominal",
        "popup_label": "<strong>NASA FIRMS<\/strong><br>Sensor: VIIRS_SNPP_NRT<br>Fecha UTC: 2026-10-06T00:45:00Z<br>Confianza: nominal<br>FRP: 2.19 MW"
      }
    },
    {
      "type": "Feature",
      "geometry": {
        "type": "Point",
        "coordinates": [3.1792, 32.7429]
      },
      "properties": {
        "bright_ti4": 296.09,
        "scan": 0.7,
        "track": 0.75,
        "acq_date": "2026-10-06",
        "acq_time": "0045",
        "satellite": "N",
        "instrument": "VIIRS",
        "confidence": "n",
        "version": "2.0NRT",
        "bright_ti5": 280.17,
        "frp": 1.07,
        "daynight": "N",
        "source_dataset": "VIIRS_SNPP_NRT",
        "acq_datetime_utc": "2026-10-06T00:45:00Z",
        "age_hours": 16.2,
        "confidence_label": "nominal",
        "popup_label": "<strong>NASA FIRMS<\/strong><br>Sensor: VIIRS_SNPP_NRT<br>Fecha UTC: 2026-10-06T00:45:00Z<br>Confianza: nominal<br>FRP: 1.07 MW"
      }
    },
    {
      "type": "Feature",
      "geometry": {
        "type": "Point",
        "coordinates": [3.1831, 32.7454]
      },
      "properties": {
        "bright_ti4": 299.99,
        "scan": 0.7,
        "track": 0.75,
        "acq_date": "2026-10-06",
        "acq_time": "0045",
        "satellite": "N",
        "instrument": "VIIRS",
        "confidence": "n",
        "version": "2.0NRT",
        "bright_ti5": 280.28,
        "frp": 1.24,
        "daynight": "N",
        "source_dataset": "VIIRS_SNPP_NRT",
        "acq_datetime_utc": "2026-10-06T00:45:00Z",
        "age_hours": 16.2,
        "confidence_label": "nominal",
        "popup_label": "<strong>NASA FIRMS<\/strong><br>Sensor: VIIRS_SNPP_NRT<br>Fecha UTC: 2026-10-06T00:45:00Z<br>Confianza: nominal<br>FRP: 1.24 MW"
      }
    },
    {
      "type": "Feature",
      "geometry": {
        "type": "Point",
        "coordinates": [3.1796, 32.75]
      },
      "properties": {
        "bright_ti4": 297.61,
        "scan": 0.7,
        "track": 0.75,
        "acq_date": "2026-10-06",
        "acq_time": "0045",
        "satellite": "N",
        "instrument": "VIIRS",
        "confidence": "n",
        "version": "2.0NRT",
        "bright_ti5": 280.13,
        "frp": 1.07,
        "daynight": "N",
        "source_dataset": "VIIRS_SNPP_NRT",
        "acq_datetime_utc": "2026-10-06T00:45:00Z",
        "age_hours": 16.2,
        "confidence_label": "nominal",
        "popup_label": "<strong>NASA FIRMS<\/strong><br>Sensor: VIIRS_SNPP_NRT<br>Fecha UTC: 2026-10-06T00:45:00Z<br>Confianza: nominal<br>FRP: 1.07 MW"
      }
    },
    {
      "type": "Feature",
      "geometry": {
        "type": "Point",
        "coordinates": [3.239, 32.8394]
      },
      "properties": {
        "bright_ti4": 297.25,
        "scan": 0.69,
        "track": 0.74,
        "acq_date": "2026-10-06",
        "acq_time": "0045",
        "satellite": "N",
        "instrument": "VIIRS",
        "confidence": "n",
        "version": "2.0NRT",
        "bright_ti5": 278.99,
        "frp": 0.6,
        "daynight": "N",
        "source_dataset": "VIIRS_SNPP_NRT",
        "acq_datetime_utc": "2026-10-06T00:45:00Z",
        "age_hours": 16.2,
        "confidence_label": "nominal",
        "popup_label": "<strong>NASA FIRMS<\/strong><br>Sensor: VIIRS_SNPP_NRT<br>Fecha UTC: 2026-10-06T00:45:00Z<br>Confianza: nominal<br>FRP: 0.6 MW"
      }
    },
    {
      "type": "Feature",
      "geometry": {
        "type": "Point",
        "coordinates": [3.2428, 32.9288]
      },
      "properties": {
        "bright_ti4": 295.53,
        "scan": 0.69,
        "track": 0.74,
        "acq_date": "2026-10-06",
        "acq_time": "0045",
        "satellite": "N",
        "instrument": "VIIRS",
        "confidence": "n",
        "version": "2.0NRT",
        "bright_ti5": 278.95,
        "frp": 1.13,
        "daynight": "N",
        "source_dataset": "VIIRS_SNPP_NRT",
        "acq_datetime_utc": "2026-10-06T00:45:00Z",
        "age_hours": 16.2,
        "confidence_label": "nominal",
        "popup_label": "<strong>NASA FIRMS<\/strong><br>Sensor: VIIRS_SNPP_NRT<br>Fecha UTC: 2026-10-06T00:45:00Z<br>Confianza: nominal<br>FRP: 1.13 MW"
      }
    },
    {
      "type": "Feature",
      "geometry": {
        "type": "Point",
        "coordinates": [3.2272, 32.9294]
      },
      "properties": {
        "bright_ti4": 296.65,
        "scan": 0.69,
        "track": 0.75,
        "acq_date": "2026-10-06",
        "acq_time": "0045",
        "satellite": "N",
        "instrument": "VIIRS",
        "confidence": "n",
        "version": "2.0NRT",
        "bright_ti5": 278.83,
        "frp": 2.51,
        "daynight": "N",
        "source_dataset": "VIIRS_SNPP_NRT",
        "acq_datetime_utc": "2026-10-06T00:45:00Z",
        "age_hours": 16.2,
        "confidence_label": "nominal",
        "popup_label": "<strong>NASA FIRMS<\/strong><br>Sensor: VIIRS_SNPP_NRT<br>Fecha UTC: 2026-10-06T00:45:00Z<br>Confianza: nominal<br>FRP: 2.51 MW"
      }
    },
    {
      "type": "Feature",
      "geometry": {
        "type": "Point",
        "coordinates": [3.2354, 32.9361]
      },
      "properties": {
        "bright_ti4": 295.72,
        "scan": 0.69,
        "track": 0.75,
        "acq_date": "2026-10-06",
        "acq_time": "0045",
        "satellite": "N",
        "instrument": "VIIRS",
        "confidence": "n",
        "version": "2.0NRT",
        "bright_ti5": 279.43,
        "frp": 1.13,
        "daynight": "N",
        "source_dataset": "VIIRS_SNPP_NRT",
        "acq_datetime_utc": "2026-10-06T00:45:00Z",
        "age_hours": 16.2,
        "confidence_label": "nominal",
        "popup_label": "<strong>NASA FIRMS<\/strong><br>Sensor: VIIRS_SNPP_NRT<br>Fecha UTC: 2026-10-06T00:45:00Z<br>Confianza: nominal<br>FRP: 1.13 MW"
      }
    },
    {
      "type": "Feature",
      "geometry": {
        "type": "Point",
        "coordinates": [3.2279, 32.9434]
      },
      "properties": {
        "bright_ti4": 298.73,
        "scan": 0.69,
        "track": 0.75,
        "acq_date": "2026-10-06",
        "acq_time": "0045",
        "satellite": "N",
        "instrument": "VIIRS",
        "confidence": "n",
        "version": "2.0NRT",
        "bright_ti5": 277.77,
        "frp": 3.46,
        "daynight": "N",
        "source_dataset": "VIIRS_SNPP_NRT",
        "acq_datetime_utc": "2026-10-06T00:45:00Z",
        "age_hours": 16.2,
        "confidence_label": "nominal",
        "popup_label": "<strong>NASA FIRMS<\/strong><br>Sensor: VIIRS_SNPP_NRT<br>Fecha UTC: 2026-10-06T00:45:00Z<br>Confianza: nominal<br>FRP: 3.46 MW"
      }
    },
    {
      "type": "Feature",
      "geometry": {
        "type": "Point",
        "coordinates": [3.2323, 32.9479]
      },
      "properties": {
        "bright_ti4": 316.28,
        "scan": 0.69,
        "track": 0.75,
        "acq_date": "2026-10-06",
        "acq_time": "0045",
        "satellite": "N",
        "instrument": "VIIRS",
        "confidence": "n",
        "version": "2.0NRT",
        "bright_ti5": 277.9,
        "frp": 5.07,
        "daynight": "N",
        "source_dataset": "VIIRS_SNPP_NRT",
        "acq_datetime_utc": "2026-10-06T00:45:00Z",
        "age_hours": 16.2,
        "confidence_label": "nominal",
        "popup_label": "<strong>NASA FIRMS<\/strong><br>Sensor: VIIRS_SNPP_NRT<br>Fecha UTC: 2026-10-06T00:45:00Z<br>Confianza: nominal<br>FRP: 5.07 MW"
      }
    },
    {
      "type": "Feature",
      "geometry": {
        "type": "Point",
        "coordinates": [3.2244, 32.9481]
      },
      "properties": {
        "bright_ti4": 332.17,
        "scan": 0.7,
        "track": 0.75,
        "acq_date": "2026-10-06",
        "acq_time": "0045",
        "satellite": "N",
        "instrument": "VIIRS",
        "confidence": "n",
        "version": "2.0NRT",
        "bright_ti5": 277.67,
        "frp": 5.07,
        "daynight": "N",
        "source_dataset": "VIIRS_SNPP_NRT",
        "acq_datetime_utc": "2026-10-06T00:45:00Z",
        "age_hours": 16.2,
        "confidence_label": "nominal",
        "popup_label": "<strong>NASA FIRMS<\/strong><br>Sensor: VIIRS_SNPP_NRT<br>Fecha UTC: 2026-10-06T00:45:00Z<br>Confianza: nominal<br>FRP: 5.07 MW"
      }
    },
    {
      "type": "Feature",
      "geometry": {
        "type": "Point",
        "coordinates": [3.2284, 32.9504]
      },
      "properties": {
        "bright_ti4": 343.95,
        "scan": 0.69,
        "track": 0.75,
        "acq_date": "2026-10-06",
        "acq_time": "0045",
        "satellite": "N",
        "instrument": "VIIRS",
        "confidence": "n",
        "version": "2.0NRT",
        "bright_ti5": 278.49,
        "frp": 3.46,
        "daynight": "N",
        "source_dataset": "VIIRS_SNPP_NRT",
        "acq_datetime_utc": "2026-10-06T00:45:00Z",
        "age_hours": 16.2,
        "confidence_label": "nominal",
        "popup_label": "<strong>NASA FIRMS<\/strong><br>Sensor: VIIRS_SNPP_NRT<br>Fecha UTC: 2026-10-06T00:45:00Z<br>Confianza: nominal<br>FRP: 3.46 MW"
      }
    },
    {
      "type": "Feature",
      "geometry": {
        "type": "Point",
        "coordinates": [3.2206, 32.9507]
      },
      "properties": {
        "bright_ti4": 295.71,
        "scan": 0.7,
        "track": 0.75,
        "acq_date": "2026-10-06",
        "acq_time": "0045",
        "satellite": "N",
        "instrument": "VIIRS",
        "confidence": "n",
        "version": "2.0NRT",
        "bright_ti5": 276.78,
        "frp": 3.46,
        "daynight": "N",
        "source_dataset": "VIIRS_SNPP_NRT",
        "acq_datetime_utc": "2026-10-06T00:45:00Z",
        "age_hours": 16.2,
        "confidence_label": "nominal",
        "popup_label": "<strong>NASA FIRMS<\/strong><br>Sensor: VIIRS_SNPP_NRT<br>Fecha UTC: 2026-10-06T00:45:00Z<br>Confianza: nominal<br>FRP: 3.46 MW"
      }
    },
    {
      "type": "Feature",
      "geometry": {
        "type": "Point",
        "coordinates": [3.3179, 33.1258]
      },
      "properties": {
        "bright_ti4": 308.15,
        "scan": 0.69,
        "track": 0.74,
        "acq_date": "2026-10-06",
        "acq_time": "0045",
        "satellite": "N",
        "instrument": "VIIRS",
        "confidence": "n",
        "version": "2.0NRT",
        "bright_ti5": 278.92,
        "frp": 2.38,
        "daynight": "N",
        "source_dataset": "VIIRS_SNPP_NRT",
        "acq_datetime_utc": "2026-10-06T00:45:00Z",
        "age_hours": 16.2,
        "confidence_label": "nominal",
        "popup_label": "<strong>NASA FIRMS<\/strong><br>Sensor: VIIRS_SNPP_NRT<br>Fecha UTC: 2026-10-06T00:45:00Z<br>Confianza: nominal<br>FRP: 2.38 MW"
      }
    },
    {
      "type": "Feature",
      "geometry": {
        "type": "Point",
        "coordinates": [3.3102, 33.126]
      },
      "properties": {
        "bright_ti4": 295.35,
        "scan": 0.69,
        "track": 0.74,
        "acq_date": "2026-10-06",
        "acq_time": "0045",
        "satellite": "N",
        "instrument": "VIIRS",
        "confidence": "n",
        "version": "2.0NRT",
        "bright_ti5": 279.16,
        "frp": 1.45,
        "daynight": "N",
        "source_dataset": "VIIRS_SNPP_NRT",
        "acq_datetime_utc": "2026-10-06T00:45:00Z",
        "age_hours": 16.2,
        "confidence_label": "nominal",
        "popup_label": "<strong>NASA FIRMS<\/strong><br>Sensor: VIIRS_SNPP_NRT<br>Fecha UTC: 2026-10-06T00:45:00Z<br>Confianza: nominal<br>FRP: 1.45 MW"
      }
    },
    {
      "type": "Feature",
      "geometry": {
        "type": "Point",
        "coordinates": [4.4453, 35.8789]
      },
      "properties": {
        "bright_ti4": 304.95,
        "scan": 0.62,
        "track": 0.71,
        "acq_date": "2026-10-06",
        "acq_time": "0043",
        "satellite": "N",
        "instrument": "VIIRS",
        "confidence": "n",
        "version": "2.0NRT",
        "bright_ti5": 286.62,
        "frp": 1.2,
        "daynight": "N",
        "source_dataset": "VIIRS_SNPP_NRT",
        "acq_datetime_utc": "2026-10-06T00:43:00Z",
        "age_hours": 16.2,
        "confidence_label": "nominal",
        "popup_label": "<strong>NASA FIRMS<\/strong><br>Sensor: VIIRS_SNPP_NRT<br>Fecha UTC: 2026-10-06T00:43:00Z<br>Confianza: nominal<br>FRP: 1.2 MW"
      }
    },
    {
      "type": "Feature",
      "geometry": {
        "type": "Point",
        "coordinates": [3.7449, 36.1807]
      },
      "properties": {
        "bright_ti4": 297.77,
        "scan": 0.68,
        "track": 0.74,
        "acq_date": "2026-10-06",
        "acq_time": "0043",
        "satellite": "N",
        "instrument": "VIIRS",
        "confidence": "n",
        "version": "2.0NRT",
        "bright_ti5": 284.92,
        "frp": 1.17,
        "daynight": "N",
        "source_dataset": "VIIRS_SNPP_NRT",
        "acq_datetime_utc": "2026-10-06T00:43:00Z",
        "age_hours": 16.2,
        "confidence_label": "nominal",
        "popup_label": "<strong>NASA FIRMS<\/strong><br>Sensor: VIIRS_SNPP_NRT<br>Fecha UTC: 2026-10-06T00:43:00Z<br>Confianza: nominal<br>FRP: 1.17 MW"
      }
    },
    {
      "type": "Feature",
      "geometry": {
        "type": "Point",
        "coordinates": [3.1191, 36.6833]
      },
      "properties": {
        "bright_ti4": 302.1,
        "scan": 0.74,
        "track": 0.76,
        "acq_date": "2026-10-06",
        "acq_time": "0043",
        "satellite": "N",
        "instrument": "VIIRS",
        "confidence": "n",
        "version": "2.0NRT",
        "bright_ti5": 281.99,
        "frp": 0.67,
        "daynight": "N",
        "source_dataset": "VIIRS_SNPP_NRT",
        "acq_datetime_utc": "2026-10-06T00:43:00Z",
        "age_hours": 16.2,
        "confidence_label": "nominal",
        "popup_label": "<strong>NASA FIRMS<\/strong><br>Sensor: VIIRS_SNPP_NRT<br>Fecha UTC: 2026-10-06T00:43:00Z<br>Confianza: nominal<br>FRP: 0.67 MW"
      }
    },
    {
      "type": "Feature",
      "geometry": {
        "type": "Point",
        "coordinates": [0.3154, 43.6927]
      },
      "properties": {
        "bright_ti4": 349.72,
        "scan": 0.56,
        "track": 0.69,
        "acq_date": "2026-10-05",
        "acq_time": "1408",
        "satellite": "N",
        "instrument": "VIIRS",
        "confidence": "n",
        "version": "2.0NRT",
        "bright_ti5": 291.67,
        "frp": 7.75,
        "daynight": "D",
        "source_dataset": "VIIRS_SNPP_NRT",
        "acq_datetime_utc": "2026-10-05T14:08:00Z",
        "age_hours": 26.8,
        "confidence_label": "nominal",
        "popup_label": "<strong>NASA FIRMS<\/strong><br>Sensor: VIIRS_SNPP_NRT<br>Fecha UTC: 2026-10-05T14:08:00Z<br>Confianza: nominal<br>FRP: 7.75 MW"
      }
    },
    {
      "type": "Feature",
      "geometry": {
        "type": "Point",
        "coordinates": [0.313, 43.6927]
      },
      "properties": {
        "bright_ti4": 341.56,
        "scan": 0.56,
        "track": 0.69,
        "acq_date": "2026-10-05",
        "acq_time": "1408",
        "satellite": "N",
        "instrument": "VIIRS",
        "confidence": "n",
        "version": "2.0NRT",
        "bright_ti5": 291.89,
        "frp": 5.3,
        "daynight": "D",
        "source_dataset": "VIIRS_SNPP_NRT",
        "acq_datetime_utc": "2026-10-05T14:08:00Z",
        "age_hours": 26.8,
        "confidence_label": "nominal",
        "popup_label": "<strong>NASA FIRMS<\/strong><br>Sensor: VIIRS_SNPP_NRT<br>Fecha UTC: 2026-10-05T14:08:00Z<br>Confianza: nominal<br>FRP: 5.3 MW"
      }
    },
    {
      "type": "Feature",
      "geometry": {
        "type": "Point",
        "coordinates": [-0.5146, 28.1996]
      },
      "properties": {
        "bright_ti4": 335.57,
        "scan": 0.38,
        "track": 0.59,
        "acq_date": "2026-10-05",
        "acq_time": "1401",
        "satellite": "N",
        "instrument": "VIIRS",
        "confidence": "l",
        "version": "2.0NRT",
        "bright_ti5": 308.44,
        "frp": 1.65,
        "daynight": "D",
        "source_dataset": "VIIRS_SNPP_NRT",
        "acq_datetime_utc": "2026-10-05T14:01:00Z",
        "age_hours": 26.9,
        "confidence_label": "baja",
        "popup_label": "<strong>NASA FIRMS<\/strong><br>Sensor: VIIRS_SNPP_NRT<br>Fecha UTC: 2026-10-05T14:01:00Z<br>Confianza: baja<br>FRP: 1.65 MW"
      }
    },
    {
      "type": "Feature",
      "geometry": {
        "type": "Point",
        "coordinates": [4.8874, 43.4363]
      },
      "properties": {
        "bright_ti4": 337.57,
        "scan": 0.47,
        "track": 0.4,
        "acq_date": "2026-10-05",
        "acq_time": "1225",
        "satellite": "N",
        "instrument": "VIIRS",
        "confidence": "n",
        "version": "2.0NRT",
        "bright_ti5": 295.97,
        "frp": 9,
        "daynight": "D",
        "source_dataset": "VIIRS_SNPP_NRT",
        "acq_datetime_utc": "2026-10-05T12:25:00Z",
        "age_hours": 28.5,
        "confidence_label": "nominal",
        "popup_label": "<strong>NASA FIRMS<\/strong><br>Sensor: VIIRS_SNPP_NRT<br>Fecha UTC: 2026-10-05T12:25:00Z<br>Confianza: nominal<br>FRP: 9 MW"
      }
    },
    {
      "type": "Feature",
      "geometry": {
        "type": "Point",
        "coordinates": [4.8892, 43.4369]
      },
      "properties": {
        "bright_ti4": 342.62,
        "scan": 0.47,
        "track": 0.4,
        "acq_date": "2026-10-05",
        "acq_time": "1225",
        "satellite": "N",
        "instrument": "VIIRS",
        "confidence": "n",
        "version": "2.0NRT",
        "bright_ti5": 295.88,
        "frp": 9.69,
        "daynight": "D",
        "source_dataset": "VIIRS_SNPP_NRT",
        "acq_datetime_utc": "2026-10-05T12:25:00Z",
        "age_hours": 28.5,
        "confidence_label": "nominal",
        "popup_label": "<strong>NASA FIRMS<\/strong><br>Sensor: VIIRS_SNPP_NRT<br>Fecha UTC: 2026-10-05T12:25:00Z<br>Confianza: nominal<br>FRP: 9.69 MW"
      }
    },
    {
      "type": "Feature",
      "geometry": {
        "type": "Point",
        "coordinates": [4.8993, 43.4427]
      },
      "properties": {
        "bright_ti4": 335.26,
        "scan": 0.47,
        "track": 0.4,
        "acq_date": "2026-10-05",
        "acq_time": "1225",
        "satellite": "N",
        "instrument": "VIIRS",
        "confidence": "n",
        "version": "2.0NRT",
        "bright_ti5": 295.77,
        "frp": 3.52,
        "daynight": "D",
        "source_dataset": "VIIRS_SNPP_NRT",
        "acq_datetime_utc": "2026-10-05T12:25:00Z",
        "age_hours": 28.5,
        "confidence_label": "nominal",
        "popup_label": "<strong>NASA FIRMS<\/strong><br>Sensor: VIIRS_SNPP_NRT<br>Fecha UTC: 2026-10-05T12:25:00Z<br>Confianza: nominal<br>FRP: 3.52 MW"
      }
    },
    {
      "type": "Feature",
      "geometry": {
        "type": "Point",
        "coordinates": [4.8962, 43.4457]
      },
      "properties": {
        "bright_ti4": 332.73,
        "scan": 0.47,
        "track": 0.4,
        "acq_date": "2026-10-05",
        "acq_time": "1225",
        "satellite": "N",
        "instrument": "VIIRS",
        "confidence": "n",
        "version": "2.0NRT",
        "bright_ti5": 295.67,
        "frp": 5.34,
        "daynight": "D",
        "source_dataset": "VIIRS_SNPP_NRT",
        "acq_datetime_utc": "2026-10-05T12:25:00Z",
        "age_hours": 28.5,
        "confidence_label": "nominal",
        "popup_label": "<strong>NASA FIRMS<\/strong><br>Sensor: VIIRS_SNPP_NRT<br>Fecha UTC: 2026-10-05T12:25:00Z<br>Confianza: nominal<br>FRP: 5.34 MW"
      }
    },
    {
      "type": "Feature",
      "geometry": {
        "type": "Point",
        "coordinates": [3.9844, 32.2761]
      },
      "properties": {
        "bright_ti4": 337.01,
        "scan": 0.59,
        "track": 0.53,
        "acq_date": "2026-10-05",
        "acq_time": "1223",
        "satellite": "N",
        "instrument": "VIIRS",
        "confidence": "n",
        "version": "2.0NRT",
        "bright_ti5": 302.74,
        "frp": 1.92,
        "daynight": "D",
        "source_dataset": "VIIRS_SNPP_NRT",
        "acq_datetime_utc": "2026-10-05T12:23:00Z",
        "age_hours": 28.6,
        "confidence_label": "nominal",
        "popup_label": "<strong>NASA FIRMS<\/strong><br>Sensor: VIIRS_SNPP_NRT<br>Fecha UTC: 2026-10-05T12:23:00Z<br>Confianza: nominal<br>FRP: 1.92 MW"
      }
    },
    {
      "type": "Feature",
      "geometry": {
        "type": "Point",
        "coordinates": [3.1699, 32.5523]
      },
      "properties": {
        "bright_ti4": 339.42,
        "scan": 0.32,
        "track": 0.55,
        "acq_date": "2026-10-05",
        "acq_time": "1223",
        "satellite": "N",
        "instrument": "VIIRS",
        "confidence": "n",
        "version": "2.0NRT",
        "bright_ti5": 301.79,
        "frp": 2.07,
        "daynight": "D",
        "source_dataset": "VIIRS_SNPP_NRT",
        "acq_datetime_utc": "2026-10-05T12:23:00Z",
        "age_hours": 28.6,
        "confidence_label": "nominal",
        "popup_label": "<strong>NASA FIRMS<\/strong><br>Sensor: VIIRS_SNPP_NRT<br>Fecha UTC: 2026-10-05T12:23:00Z<br>Confianza: nominal<br>FRP: 2.07 MW"
      }
    },
    {
      "type": "Feature",
      "geometry": {
        "type": "Point",
        "coordinates": [3.1694, 32.5533]
      },
      "properties": {
        "bright_ti4": 351.23,
        "scan": 0.32,
        "track": 0.55,
        "acq_date": "2026-10-05",
        "acq_time": "1223",
        "satellite": "N",
        "instrument": "VIIRS",
        "confidence": "n",
        "version": "2.0NRT",
        "bright_ti5": 302.51,
        "frp": 2.78,
        "daynight": "D",
        "source_dataset": "VIIRS_SNPP_NRT",
        "acq_datetime_utc": "2026-10-05T12:23:00Z",
        "age_hours": 28.6,
        "confidence_label": "nominal",
        "popup_label": "<strong>NASA FIRMS<\/strong><br>Sensor: VIIRS_SNPP_NRT<br>Fecha UTC: 2026-10-05T12:23:00Z<br>Confianza: nominal<br>FRP: 2.78 MW"
      }
    },
    {
      "type": "Feature",
      "geometry": {
        "type": "Point",
        "coordinates": [3.1683, 32.5572]
      },
      "properties": {
        "bright_ti4": 345.6,
        "scan": 0.32,
        "track": 0.55,
        "acq_date": "2026-10-05",
        "acq_time": "1223",
        "satellite": "N",
        "instrument": "VIIRS",
        "confidence": "n",
        "version": "2.0NRT",
        "bright_ti5": 299.74,
        "frp": 2.07,
        "daynight": "D",
        "source_dataset": "VIIRS_SNPP_NRT",
        "acq_datetime_utc": "2026-10-05T12:23:00Z",
        "age_hours": 28.6,
        "confidence_label": "nominal",
        "popup_label": "<strong>NASA FIRMS<\/strong><br>Sensor: VIIRS_SNPP_NRT<br>Fecha UTC: 2026-10-05T12:23:00Z<br>Confianza: nominal<br>FRP: 2.07 MW"
      }
    },
    {
      "type": "Feature",
      "geometry": {
        "type": "Point",
        "coordinates": [1.0881, 35.3763]
      },
      "properties": {
        "bright_ti4": 346.83,
        "scan": 0.36,
        "track": 0.57,
        "acq_date": "2026-10-05",
        "acq_time": "1223",
        "satellite": "N",
        "instrument": "VIIRS",
        "confidence": "n",
        "version": "2.0NRT",
        "bright_ti5": 298.5,
        "frp": 3.68,
        "daynight": "D",
        "source_dataset": "VIIRS_SNPP_NRT",
        "acq_datetime_utc": "2026-10-05T12:23:00Z",
        "age_hours": 28.6,
        "confidence_label": "nominal",
        "popup_label": "<strong>NASA FIRMS<\/strong><br>Sensor: VIIRS_SNPP_NRT<br>Fecha UTC: 2026-10-05T12:23:00Z<br>Confianza: nominal<br>FRP: 3.68 MW"
      }
    },
    {
      "type": "Feature",
      "geometry": {
        "type": "Point",
        "coordinates": [-0.5162, 28.1979]
      },
      "properties": {
        "bright_ti4": 315.55,
        "scan": 0.46,
        "track": 0.63,
        "acq_date": "2026-10-05",
        "acq_time": "0245",
        "satellite": "N",
        "instrument": "VIIRS",
        "confidence": "n",
        "version": "2.0NRT",
        "bright_ti5": 289.59,
        "frp": 1.4,
        "daynight": "N",
        "source_dataset": "VIIRS_SNPP_NRT",
        "acq_datetime_utc": "2026-10-05T02:45:00Z",
        "age_hours": 38.2,
        "confidence_label": "nominal",
        "popup_label": "<strong>NASA FIRMS<\/strong><br>Sensor: VIIRS_SNPP_NRT<br>Fecha UTC: 2026-10-05T02:45:00Z<br>Confianza: nominal<br>FRP: 1.4 MW"
      }
    },
    {
      "type": "Feature",
      "geometry": {
        "type": "Point",
        "coordinates": [-0.158, 28.2106]
      },
      "properties": {
        "bright_ti4": 311.49,
        "scan": 0.48,
        "track": 0.65,
        "acq_date": "2026-10-05",
        "acq_time": "0245",
        "satellite": "N",
        "instrument": "VIIRS",
        "confidence": "n",
        "version": "2.0NRT",
        "bright_ti5": 290.15,
        "frp": 1.1,
        "daynight": "N",
        "source_dataset": "VIIRS_SNPP_NRT",
        "acq_datetime_utc": "2026-10-05T02:45:00Z",
        "age_hours": 38.2,
        "confidence_label": "nominal",
        "popup_label": "<strong>NASA FIRMS<\/strong><br>Sensor: VIIRS_SNPP_NRT<br>Fecha UTC: 2026-10-05T02:45:00Z<br>Confianza: nominal<br>FRP: 1.1 MW"
      }
    },
    {
      "type": "Feature",
      "geometry": {
        "type": "Point",
        "coordinates": [-9.5541, 30.2271]
      },
      "properties": {
        "bright_ti4": 336.01,
        "scan": 0.42,
        "track": 0.38,
        "acq_date": "2026-10-05",
        "acq_time": "0245",
        "satellite": "N",
        "instrument": "VIIRS",
        "confidence": "n",
        "version": "2.0NRT",
        "bright_ti5": 297.25,
        "frp": 13.53,
        "daynight": "N",
        "source_dataset": "VIIRS_SNPP_NRT",
        "acq_datetime_utc": "2026-10-05T02:45:00Z",
        "age_hours": 38.2,
        "confidence_label": "nominal",
        "popup_label": "<strong>NASA FIRMS<\/strong><br>Sensor: VIIRS_SNPP_NRT<br>Fecha UTC: 2026-10-05T02:45:00Z<br>Confianza: nominal<br>FRP: 13.53 MW"
      }
    },
    {
      "type": "Feature",
      "geometry": {
        "type": "Point",
        "coordinates": [-9.5768, 30.2455]
      },
      "properties": {
        "bright_ti4": 315.69,
        "scan": 0.42,
        "track": 0.38,
        "acq_date": "2026-10-05",
        "acq_time": "0245",
        "satellite": "N",
        "instrument": "VIIRS",
        "confidence": "n",
        "version": "2.0NRT",
        "bright_ti5": 292.02,
        "frp": 1.33,
        "daynight": "N",
        "source_dataset": "VIIRS_SNPP_NRT",
        "acq_datetime_utc": "2026-10-05T02:45:00Z",
        "age_hours": 38.2,
        "confidence_label": "nominal",
        "popup_label": "<strong>NASA FIRMS<\/strong><br>Sensor: VIIRS_SNPP_NRT<br>Fecha UTC: 2026-10-05T02:45:00Z<br>Confianza: nominal<br>FRP: 1.33 MW"
      }
    },
    {
      "type": "Feature",
      "geometry": {
        "type": "Point",
        "coordinates": [-9.1793, 30.378]
      },
      "properties": {
        "bright_ti4": 308,
        "scan": 0.43,
        "track": 0.38,
        "acq_date": "2026-10-05",
        "acq_time": "0245",
        "satellite": "N",
        "instrument": "VIIRS",
        "confidence": "n",
        "version": "2.0NRT",
        "bright_ti5": 290.78,
        "frp": 0.82,
        "daynight": "N",
        "source_dataset": "VIIRS_SNPP_NRT",
        "acq_datetime_utc": "2026-10-05T02:45:00Z",
        "age_hours": 38.2,
        "confidence_label": "nominal",
        "popup_label": "<strong>NASA FIRMS<\/strong><br>Sensor: VIIRS_SNPP_NRT<br>Fecha UTC: 2026-10-05T02:45:00Z<br>Confianza: nominal<br>FRP: 0.82 MW"
      }
    },
    {
      "type": "Feature",
      "geometry": {
        "type": "Point",
        "coordinates": [-9.1784, 30.3815]
      },
      "properties": {
        "bright_ti4": 308.6,
        "scan": 0.43,
        "track": 0.38,
        "acq_date": "2026-10-05",
        "acq_time": "0245",
        "satellite": "N",
        "instrument": "VIIRS",
        "confidence": "n",
        "version": "2.0NRT",
        "bright_ti5": 290.91,
        "frp": 0.82,
        "daynight": "N",
        "source_dataset": "VIIRS_SNPP_NRT",
        "acq_datetime_utc": "2026-10-05T02:45:00Z",
        "age_hours": 38.2,
        "confidence_label": "nominal",
        "popup_label": "<strong>NASA FIRMS<\/strong><br>Sensor: VIIRS_SNPP_NRT<br>Fecha UTC: 2026-10-05T02:45:00Z<br>Confianza: nominal<br>FRP: 0.82 MW"
      }
    },
    {
      "type": "Feature",
      "geometry": {
        "type": "Point",
        "coordinates": [1.8996, 30.9096]
      },
      "properties": {
        "bright_ti4": 296.13,
        "scan": 0.54,
        "track": 0.68,
        "acq_date": "2026-10-05",
        "acq_time": "0245",
        "satellite": "N",
        "instrument": "VIIRS",
        "confidence": "n",
        "version": "2.0NRT",
        "bright_ti5": 285.45,
        "frp": 0.73,
        "daynight": "N",
        "source_dataset": "VIIRS_SNPP_NRT",
        "acq_datetime_utc": "2026-10-05T02:45:00Z",
        "age_hours": 38.2,
        "confidence_label": "nominal",
        "popup_label": "<strong>NASA FIRMS<\/strong><br>Sensor: VIIRS_SNPP_NRT<br>Fecha UTC: 2026-10-05T02:45:00Z<br>Confianza: nominal<br>FRP: 0.73 MW"
      }
    },
    {
      "type": "Feature",
      "geometry": {
        "type": "Point",
        "coordinates": [-8.0552, 31.6021]
      },
      "properties": {
        "bright_ti4": 307.38,
        "scan": 0.46,
        "track": 0.39,
        "acq_date": "2026-10-05",
        "acq_time": "0245",
        "satellite": "N",
        "instrument": "VIIRS",
        "confidence": "n",
        "version": "2.0NRT",
        "bright_ti5": 293.38,
        "frp": 0.66,
        "daynight": "N",
        "source_dataset": "VIIRS_SNPP_NRT",
        "acq_datetime_utc": "2026-10-05T02:45:00Z",
        "age_hours": 38.2,
        "confidence_label": "nominal",
        "popup_label": "<strong>NASA FIRMS<\/strong><br>Sensor: VIIRS_SNPP_NRT<br>Fecha UTC: 2026-10-05T02:45:00Z<br>Confianza: nominal<br>FRP: 0.66 MW"
      }
    },
    {
      "type": "Feature",
      "geometry": {
        "type": "Point",
        "coordinates": [3.9888, 32.2728]
      },
      "properties": {
        "bright_ti4": 302.63,
        "scan": 0.65,
        "track": 0.73,
        "acq_date": "2026-10-05",
        "acq_time": "0245",
        "satellite": "N",
        "instrument": "VIIRS",
        "confidence": "n",
        "version": "2.0NRT",
        "bright_ti5": 284.55,
        "frp": 1.73,
        "daynight": "N",
        "source_dataset": "VIIRS_SNPP_NRT",
        "acq_datetime_utc": "2026-10-05T02:45:00Z",
        "age_hours": 38.2,
        "confidence_label": "nominal",
        "popup_label": "<strong>NASA FIRMS<\/strong><br>Sensor: VIIRS_SNPP_NRT<br>Fecha UTC: 2026-10-05T02:45:00Z<br>Confianza: nominal<br>FRP: 1.73 MW"
      }
    },
    {
      "type": "Feature",
      "geometry": {
        "type": "Point",
        "coordinates": [3.9884, 32.2753]
      },
      "properties": {
        "bright_ti4": 315.18,
        "scan": 0.65,
        "track": 0.73,
        "acq_date": "2026-10-05",
        "acq_time": "0245",
        "satellite": "N",
        "instrument": "VIIRS",
        "confidence": "n",
        "version": "2.0NRT",
        "bright_ti5": 285.03,
        "frp": 1.6,
        "daynight": "N",
        "source_dataset": "VIIRS_SNPP_NRT",
        "acq_datetime_utc": "2026-10-05T02:45:00Z",
        "age_hours": 38.2,
        "confidence_label": "nominal",
        "popup_label": "<strong>NASA FIRMS<\/strong><br>Sensor: VIIRS_SNPP_NRT<br>Fecha UTC: 2026-10-05T02:45:00Z<br>Confianza: nominal<br>FRP: 1.6 MW"
      }
    },
    {
      "type": "Feature",
      "geometry": {
        "type": "Point",
        "coordinates": [3.9914, 32.2793]
      },
      "properties": {
        "bright_ti4": 299.72,
        "scan": 0.65,
        "track": 0.73,
        "acq_date": "2026-10-05",
        "acq_time": "0245",
        "satellite": "N",
        "instrument": "VIIRS",
        "confidence": "n",
        "version": "2.0NRT",
        "bright_ti5": 284.13,
        "frp": 0.84,
        "daynight": "N",
        "source_dataset": "VIIRS_SNPP_NRT",
        "acq_datetime_utc": "2026-10-05T02:45:00Z",
        "age_hours": 38.2,
        "confidence_label": "nominal",
        "popup_label": "<strong>NASA FIRMS<\/strong><br>Sensor: VIIRS_SNPP_NRT<br>Fecha UTC: 2026-10-05T02:45:00Z<br>Confianza: nominal<br>FRP: 0.84 MW"
      }
    },
    {
      "type": "Feature",
      "geometry": {
        "type": "Point",
        "coordinates": [4.0095, 32.399]
      },
      "properties": {
        "bright_ti4": 295.18,
        "scan": 0.65,
        "track": 0.73,
        "acq_date": "2026-10-05",
        "acq_time": "0245",
        "satellite": "N",
        "instrument": "VIIRS",
        "confidence": "n",
        "version": "2.0NRT",
        "bright_ti5": 284.38,
        "frp": 0.96,
        "daynight": "N",
        "source_dataset": "VIIRS_SNPP_NRT",
        "acq_datetime_utc": "2026-10-05T02:45:00Z",
        "age_hours": 38.2,
        "confidence_label": "nominal",
        "popup_label": "<strong>NASA FIRMS<\/strong><br>Sensor: VIIRS_SNPP_NRT<br>Fecha UTC: 2026-10-05T02:45:00Z<br>Confianza: nominal<br>FRP: 0.96 MW"
      }
    },
    {
      "type": "Feature",
      "geometry": {
        "type": "Point",
        "coordinates": [4.01, 32.4024]
      },
      "properties": {
        "bright_ti4": 297.76,
        "scan": 0.65,
        "track": 0.73,
        "acq_date": "2026-10-05",
        "acq_time": "0245",
        "satellite": "N",
        "instrument": "VIIRS",
        "confidence": "n",
        "version": "2.0NRT",
        "bright_ti5": 284.66,
        "frp": 1.43,
        "daynight": "N",
        "source_dataset": "VIIRS_SNPP_NRT",
        "acq_datetime_utc": "2026-10-05T02:45:00Z",
        "age_hours": 38.2,
        "confidence_label": "nominal",
        "popup_label": "<strong>NASA FIRMS<\/strong><br>Sensor: VIIRS_SNPP_NRT<br>Fecha UTC: 2026-10-05T02:45:00Z<br>Confianza: nominal<br>FRP: 1.43 MW"
      }
    },
    {
      "type": "Feature",
      "geometry": {
        "type": "Point",
        "coordinates": [-6.6486, 32.4688]
      },
      "properties": {
        "bright_ti4": 303.92,
        "scan": 0.51,
        "track": 0.41,
        "acq_date": "2026-10-05",
        "acq_time": "0245",
        "satellite": "N",
        "instrument": "VIIRS",
        "confidence": "n",
        "version": "2.0NRT",
        "bright_ti5": 285.73,
        "frp": 0.57,
        "daynight": "N",
        "source_dataset": "VIIRS_SNPP_NRT",
        "acq_datetime_utc": "2026-10-05T02:45:00Z",
        "age_hours": 38.2,
        "confidence_label": "nominal",
        "popup_label": "<strong>NASA FIRMS<\/strong><br>Sensor: VIIRS_SNPP_NRT<br>Fecha UTC: 2026-10-05T02:45:00Z<br>Confianza: nominal<br>FRP: 0.57 MW"
      }
    },
    {
      "type": "Feature",
      "geometry": {
        "type": "Point",
        "coordinates": [3.1696, 32.5563]
      },
      "properties": {
        "bright_ti4": 335.01,
        "scan": 0.58,
        "track": 0.7,
        "acq_date": "2026-10-05",
        "acq_time": "0245",
        "satellite": "N",
        "instrument": "VIIRS",
        "confidence": "n",
        "version": "2.0NRT",
        "bright_ti5": 284.33,
        "frp": 4.26,
        "daynight": "N",
        "source_dataset": "VIIRS_SNPP_NRT",
        "acq_datetime_utc": "2026-10-05T02:45:00Z",
        "age_hours": 38.2,
        "confidence_label": "nominal",
        "popup_label": "<strong>NASA FIRMS<\/strong><br>Sensor: VIIRS_SNPP_NRT<br>Fecha UTC: 2026-10-05T02:45:00Z<br>Confianza: nominal<br>FRP: 4.26 MW"
      }
    },
    {
      "type": "Feature",
      "geometry": {
        "type": "Point",
        "coordinates": [3.1692, 32.557]
      },
      "properties": {
        "bright_ti4": 328.52,
        "scan": 0.58,
        "track": 0.69,
        "acq_date": "2026-10-05",
        "acq_time": "0245",
        "satellite": "N",
        "instrument": "VIIRS",
        "confidence": "n",
        "version": "2.0NRT",
        "bright_ti5": 284.52,
        "frp": 2.81,
        "daynight": "N",
        "source_dataset": "VIIRS_SNPP_NRT",
        "acq_datetime_utc": "2026-10-05T02:45:00Z",
        "age_hours": 38.2,
        "confidence_label": "nominal",
        "popup_label": "<strong>NASA FIRMS<\/strong><br>Sensor: VIIRS_SNPP_NRT<br>Fecha UTC: 2026-10-05T02:45:00Z<br>Confianza: nominal<br>FRP: 2.81 MW"
      }
    },
    {
      "type": "Feature",
      "geometry": {
        "type": "Point",
        "coordinates": [3.1835, 32.7469]
      },
      "properties": {
        "bright_ti4": 302.62,
        "scan": 0.57,
        "track": 0.69,
        "acq_date": "2026-10-05",
        "acq_time": "0245",
        "satellite": "N",
        "instrument": "VIIRS",
        "confidence": "n",
        "version": "2.0NRT",
        "bright_ti5": 283.13,
        "frp": 0.83,
        "daynight": "N",
        "source_dataset": "VIIRS_SNPP_NRT",
        "acq_datetime_utc": "2026-10-05T02:45:00Z",
        "age_hours": 38.2,
        "confidence_label": "nominal",
        "popup_label": "<strong>NASA FIRMS<\/strong><br>Sensor: VIIRS_SNPP_NRT<br>Fecha UTC: 2026-10-05T02:45:00Z<br>Confianza: nominal<br>FRP: 0.83 MW"
      }
    },
    {
      "type": "Feature",
      "geometry": {
        "type": "Point",
        "coordinates": [3.1836, 32.7479]
      },
      "properties": {
        "bright_ti4": 302.03,
        "scan": 0.57,
        "track": 0.69,
        "acq_date": "2026-10-05",
        "acq_time": "0245",
        "satellite": "N",
        "instrument": "VIIRS",
        "confidence": "n",
        "version": "2.0NRT",
        "bright_ti5": 282.96,
        "frp": 1.19,
        "daynight": "N",
        "source_dataset": "VIIRS_SNPP_NRT",
        "acq_datetime_utc": "2026-10-05T02:45:00Z",
        "age_hours": 38.2,
        "confidence_label": "nominal",
        "popup_label": "<strong>NASA FIRMS<\/strong><br>Sensor: VIIRS_SNPP_NRT<br>Fecha UTC: 2026-10-05T02:45:00Z<br>Confianza: nominal<br>FRP: 1.19 MW"
      }
    },
    {
      "type": "Feature",
      "geometry": {
        "type": "Point",
        "coordinates": [-0.3448, 33.4719]
      },
      "properties": {
        "bright_ti4": 298.28,
        "scan": 0.35,
        "track": 0.57,
        "acq_date": "2026-10-05",
        "acq_time": "0245",
        "satellite": "N",
        "instrument": "VIIRS",
        "confidence": "n",
        "version": "2.0NRT",
        "bright_ti5": 282.79,
        "frp": 0.93,
        "daynight": "N",
        "source_dataset": "VIIRS_SNPP_NRT",
        "acq_datetime_utc": "2026-10-05T02:45:00Z",
        "age_hours": 38.2,
        "confidence_label": "nominal",
        "popup_label": "<strong>NASA FIRMS<\/strong><br>Sensor: VIIRS_SNPP_NRT<br>Fecha UTC: 2026-10-05T02:45:00Z<br>Confianza: nominal<br>FRP: 0.93 MW"
      }
    },
    {
      "type": "Feature",
      "geometry": {
        "type": "Point",
        "coordinates": [-0.3432, 33.4721]
      },
      "properties": {
        "bright_ti4": 304.81,
        "scan": 0.35,
        "track": 0.57,
        "acq_date": "2026-10-05",
        "acq_time": "0245",
        "satellite": "N",
        "instrument": "VIIRS",
        "confidence": "n",
        "version": "2.0NRT",
        "bright_ti5": 283.32,
        "frp": 0.74,
        "daynight": "N",
        "source_dataset": "VIIRS_SNPP_NRT",
        "acq_datetime_utc": "2026-10-05T02:45:00Z",
        "age_hours": 38.2,
        "confidence_label": "nominal",
        "popup_label": "<strong>NASA FIRMS<\/strong><br>Sensor: VIIRS_SNPP_NRT<br>Fecha UTC: 2026-10-05T02:45:00Z<br>Confianza: nominal<br>FRP: 0.74 MW"
      }
    },
    {
      "type": "Feature",
      "geometry": {
        "type": "Point",
        "coordinates": [3.2303, 32.9284]
      },
      "properties": {
        "bright_ti4": 295.36,
        "scan": 0.57,
        "track": 0.69,
        "acq_date": "2026-10-05",
        "acq_time": "0243",
        "satellite": "N",
        "instrument": "VIIRS",
        "confidence": "n",
        "version": "2.0NRT",
        "bright_ti5": 283.37,
        "frp": 0.74,
        "daynight": "N",
        "source_dataset": "VIIRS_SNPP_NRT",
        "acq_datetime_utc": "2026-10-05T02:43:00Z",
        "age_hours": 38.2,
        "confidence_label": "nominal",
        "popup_label": "<strong>NASA FIRMS<\/strong><br>Sensor: VIIRS_SNPP_NRT<br>Fecha UTC: 2026-10-05T02:43:00Z<br>Confianza: nominal<br>FRP: 0.74 MW"
      }
    },
    {
      "type": "Feature",
      "geometry": {
        "type": "Point",
        "coordinates": [3.2447, 32.9312]
      },
      "properties": {
        "bright_ti4": 295.83,
        "scan": 0.57,
        "track": 0.69,
        "acq_date": "2026-10-05",
        "acq_time": "0243",
        "satellite": "N",
        "instrument": "VIIRS",
        "confidence": "n",
        "version": "2.0NRT",
        "bright_ti5": 283.75,
        "frp": 0.95,
        "daynight": "N",
        "source_dataset": "VIIRS_SNPP_NRT",
        "acq_datetime_utc": "2026-10-05T02:43:00Z",
        "age_hours": 38.2,
        "confidence_label": "nominal",
        "popup_label": "<strong>NASA FIRMS<\/strong><br>Sensor: VIIRS_SNPP_NRT<br>Fecha UTC: 2026-10-05T02:43:00Z<br>Confianza: nominal<br>FRP: 0.95 MW"
      }
    },
    {
      "type": "Feature",
      "geometry": {
        "type": "Point",
        "coordinates": [3.2387, 32.9329]
      },
      "properties": {
        "bright_ti4": 298.99,
        "scan": 0.57,
        "track": 0.69,
        "acq_date": "2026-10-05",
        "acq_time": "0243",
        "satellite": "N",
        "instrument": "VIIRS",
        "confidence": "n",
        "version": "2.0NRT",
        "bright_ti5": 283.6,
        "frp": 0.74,
        "daynight": "N",
        "source_dataset": "VIIRS_SNPP_NRT",
        "acq_datetime_utc": "2026-10-05T02:43:00Z",
        "age_hours": 38.2,
        "confidence_label": "nominal",
        "popup_label": "<strong>NASA FIRMS<\/strong><br>Sensor: VIIRS_SNPP_NRT<br>Fecha UTC: 2026-10-05T02:43:00Z<br>Confianza: nominal<br>FRP: 0.74 MW"
      }
    },
    {
      "type": "Feature",
      "geometry": {
        "type": "Point",
        "coordinates": [3.2328, 32.9346]
      },
      "properties": {
        "bright_ti4": 296.82,
        "scan": 0.57,
        "track": 0.69,
        "acq_date": "2026-10-05",
        "acq_time": "0243",
        "satellite": "N",
        "instrument": "VIIRS",
        "confidence": "n",
        "version": "2.0NRT",
        "bright_ti5": 283.98,
        "frp": 0.74,
        "daynight": "N",
        "source_dataset": "VIIRS_SNPP_NRT",
        "acq_datetime_utc": "2026-10-05T02:43:00Z",
        "age_hours": 38.2,
        "confidence_label": "nominal",
        "popup_label": "<strong>NASA FIRMS<\/strong><br>Sensor: VIIRS_SNPP_NRT<br>Fecha UTC: 2026-10-05T02:43:00Z<br>Confianza: nominal<br>FRP: 0.74 MW"
      }
    },
    {
      "type": "Feature",
      "geometry": {
        "type": "Point",
        "coordinates": [3.2294, 32.9424]
      },
      "properties": {
        "bright_ti4": 297.85,
        "scan": 0.57,
        "track": 0.69,
        "acq_date": "2026-10-05",
        "acq_time": "0243",
        "satellite": "N",
        "instrument": "VIIRS",
        "confidence": "n",
        "version": "2.0NRT",
        "bright_ti5": 284,
        "frp": 0.81,
        "daynight": "N",
        "source_dataset": "VIIRS_SNPP_NRT",
        "acq_datetime_utc": "2026-10-05T02:43:00Z",
        "age_hours": 38.2,
        "confidence_label": "nominal",
        "popup_label": "<strong>NASA FIRMS<\/strong><br>Sensor: VIIRS_SNPP_NRT<br>Fecha UTC: 2026-10-05T02:43:00Z<br>Confianza: nominal<br>FRP: 0.81 MW"
      }
    },
    {
      "type": "Feature",
      "geometry": {
        "type": "Point",
        "coordinates": [3.2323, 32.943]
      },
      "properties": {
        "bright_ti4": 295.63,
        "scan": 0.57,
        "track": 0.69,
        "acq_date": "2026-10-05",
        "acq_time": "0243",
        "satellite": "N",
        "instrument": "VIIRS",
        "confidence": "n",
        "version": "2.0NRT",
        "bright_ti5": 284.35,
        "frp": 1.67,
        "daynight": "N",
        "source_dataset": "VIIRS_SNPP_NRT",
        "acq_datetime_utc": "2026-10-05T02:43:00Z",
        "age_hours": 38.2,
        "confidence_label": "nominal",
        "popup_label": "<strong>NASA FIRMS<\/strong><br>Sensor: VIIRS_SNPP_NRT<br>Fecha UTC: 2026-10-05T02:43:00Z<br>Confianza: nominal<br>FRP: 1.67 MW"
      }
    },
    {
      "type": "Feature",
      "geometry": {
        "type": "Point",
        "coordinates": [3.2265, 32.9447]
      },
      "properties": {
        "bright_ti4": 295.96,
        "scan": 0.57,
        "track": 0.69,
        "acq_date": "2026-10-05",
        "acq_time": "0243",
        "satellite": "N",
        "instrument": "VIIRS",
        "confidence": "n",
        "version": "2.0NRT",
        "bright_ti5": 284.19,
        "frp": 1.18,
        "daynight": "N",
        "source_dataset": "VIIRS_SNPP_NRT",
        "acq_datetime_utc": "2026-10-05T02:43:00Z",
        "age_hours": 38.2,
        "confidence_label": "nominal",
        "popup_label": "<strong>NASA FIRMS<\/strong><br>Sensor: VIIRS_SNPP_NRT<br>Fecha UTC: 2026-10-05T02:43:00Z<br>Confianza: nominal<br>FRP: 1.18 MW"
      }
    },
    {
      "type": "Feature",
      "geometry": {
        "type": "Point",
        "coordinates": [3.2318, 32.9485]
      },
      "properties": {
        "bright_ti4": 300.52,
        "scan": 0.57,
        "track": 0.69,
        "acq_date": "2026-10-05",
        "acq_time": "0243",
        "satellite": "N",
        "instrument": "VIIRS",
        "confidence": "n",
        "version": "2.0NRT",
        "bright_ti5": 284.29,
        "frp": 0.81,
        "daynight": "N",
        "source_dataset": "VIIRS_SNPP_NRT",
        "acq_datetime_utc": "2026-10-05T02:43:00Z",
        "age_hours": 38.2,
        "confidence_label": "nominal",
        "popup_label": "<strong>NASA FIRMS<\/strong><br>Sensor: VIIRS_SNPP_NRT<br>Fecha UTC: 2026-10-05T02:43:00Z<br>Confianza: nominal<br>FRP: 0.81 MW"
      }
    },
    {
      "type": "Feature",
      "geometry": {
        "type": "Point",
        "coordinates": [3.2259, 32.9502]
      },
      "properties": {
        "bright_ti4": 296.94,
        "scan": 0.57,
        "track": 0.69,
        "acq_date": "2026-10-05",
        "acq_time": "0243",
        "satellite": "N",
        "instrument": "VIIRS",
        "confidence": "n",
        "version": "2.0NRT",
        "bright_ti5": 284.18,
        "frp": 0.81,
        "daynight": "N",
        "source_dataset": "VIIRS_SNPP_NRT",
        "acq_datetime_utc": "2026-10-05T02:43:00Z",
        "age_hours": 38.2,
        "confidence_label": "nominal",
        "popup_label": "<strong>NASA FIRMS<\/strong><br>Sensor: VIIRS_SNPP_NRT<br>Fecha UTC: 2026-10-05T02:43:00Z<br>Confianza: nominal<br>FRP: 0.81 MW"
      }
    },
    {
      "type": "Feature",
      "geometry": {
        "type": "Point",
        "coordinates": [3.2288, 32.9508]
      },
      "properties": {
        "bright_ti4": 300.5,
        "scan": 0.57,
        "track": 0.69,
        "acq_date": "2026-10-05",
        "acq_time": "0243",
        "satellite": "N",
        "instrument": "VIIRS",
        "confidence": "n",
        "version": "2.0NRT",
        "bright_ti5": 284.44,
        "frp": 1.18,
        "daynight": "N",
        "source_dataset": "VIIRS_SNPP_NRT",
        "acq_datetime_utc": "2026-10-05T02:43:00Z",
        "age_hours": 38.2,
        "confidence_label": "nominal",
        "popup_label": "<strong>NASA FIRMS<\/strong><br>Sensor: VIIRS_SNPP_NRT<br>Fecha UTC: 2026-10-05T02:43:00Z<br>Confianza: nominal<br>FRP: 1.18 MW"
      }
    },
    {
      "type": "Feature",
      "geometry": {
        "type": "Point",
        "coordinates": [3.3198, 33.1255]
      },
      "properties": {
        "bright_ti4": 318.36,
        "scan": 0.57,
        "track": 0.69,
        "acq_date": "2026-10-05",
        "acq_time": "0243",
        "satellite": "N",
        "instrument": "VIIRS",
        "confidence": "n",
        "version": "2.0NRT",
        "bright_ti5": 284.01,
        "frp": 3.29,
        "daynight": "N",
        "source_dataset": "VIIRS_SNPP_NRT",
        "acq_datetime_utc": "2026-10-05T02:43:00Z",
        "age_hours": 38.2,
        "confidence_label": "nominal",
        "popup_label": "<strong>NASA FIRMS<\/strong><br>Sensor: VIIRS_SNPP_NRT<br>Fecha UTC: 2026-10-05T02:43:00Z<br>Confianza: nominal<br>FRP: 3.29 MW"
      }
    },
    {
      "type": "Feature",
      "geometry": {
        "type": "Point",
        "coordinates": [-1.3453, 35.3102]
      },
      "properties": {
        "bright_ti4": 304.37,
        "scan": 0.56,
        "track": 0.52,
        "acq_date": "2026-10-05",
        "acq_time": "0243",
        "satellite": "N",
        "instrument": "VIIRS",
        "confidence": "n",
        "version": "2.0NRT",
        "bright_ti5": 290.7,
        "frp": 1.01,
        "daynight": "N",
        "source_dataset": "VIIRS_SNPP_NRT",
        "acq_datetime_utc": "2026-10-05T02:43:00Z",
        "age_hours": 38.2,
        "confidence_label": "nominal",
        "popup_label": "<strong>NASA FIRMS<\/strong><br>Sensor: VIIRS_SNPP_NRT<br>Fecha UTC: 2026-10-05T02:43:00Z<br>Confianza: nominal<br>FRP: 1.01 MW"
      }
    },
    {
      "type": "Feature",
      "geometry": {
        "type": "Point",
        "coordinates": [-0.3925, 35.4575]
      },
      "properties": {
        "bright_ti4": 300.85,
        "scan": 0.63,
        "track": 0.54,
        "acq_date": "2026-10-05",
        "acq_time": "0243",
        "satellite": "N",
        "instrument": "VIIRS",
        "confidence": "n",
        "version": "2.0NRT",
        "bright_ti5": 288.83,
        "frp": 1.05,
        "daynight": "N",
        "source_dataset": "VIIRS_SNPP_NRT",
        "acq_datetime_utc": "2026-10-05T02:43:00Z",
        "age_hours": 38.2,
        "confidence_label": "nominal",
        "popup_label": "<strong>NASA FIRMS<\/strong><br>Sensor: VIIRS_SNPP_NRT<br>Fecha UTC: 2026-10-05T02:43:00Z<br>Confianza: nominal<br>FRP: 1.05 MW"
      }
    },
    {
      "type": "Feature",
      "geometry": {
        "type": "Point",
        "coordinates": [-0.2756, 35.5286]
      },
      "properties": {
        "bright_ti4": 302.42,
        "scan": 0.63,
        "track": 0.54,
        "acq_date": "2026-10-05",
        "acq_time": "0243",
        "satellite": "N",
        "instrument": "VIIRS",
        "confidence": "n",
        "version": "2.0NRT",
        "bright_ti5": 289.94,
        "frp": 2.28,
        "daynight": "N",
        "source_dataset": "VIIRS_SNPP_NRT",
        "acq_datetime_utc": "2026-10-05T02:43:00Z",
        "age_hours": 38.2,
        "confidence_label": "nominal",
        "popup_label": "<strong>NASA FIRMS<\/strong><br>Sensor: VIIRS_SNPP_NRT<br>Fecha UTC: 2026-10-05T02:43:00Z<br>Confianza: nominal<br>FRP: 2.28 MW"
      }
    },
    {
      "type": "Feature",
      "geometry": {
        "type": "Point",
        "coordinates": [-0.2664, 35.7696]
      },
      "properties": {
        "bright_ti4": 303.11,
        "scan": 0.63,
        "track": 0.54,
        "acq_date": "2026-10-05",
        "acq_time": "0243",
        "satellite": "N",
        "instrument": "VIIRS",
        "confidence": "n",
        "version": "2.0NRT",
        "bright_ti5": 289.04,
        "frp": 3.02,
        "daynight": "N",
        "source_dataset": "VIIRS_SNPP_NRT",
        "acq_datetime_utc": "2026-10-05T02:43:00Z",
        "age_hours": 38.2,
        "confidence_label": "nominal",
        "popup_label": "<strong>NASA FIRMS<\/strong><br>Sensor: VIIRS_SNPP_NRT<br>Fecha UTC: 2026-10-05T02:43:00Z<br>Confianza: nominal<br>FRP: 3.02 MW"
      }
    },
    {
      "type": "Feature",
      "geometry": {
        "type": "Point",
        "coordinates": [-0.2531, 35.8033]
      },
      "properties": {
        "bright_ti4": 314.71,
        "scan": 0.63,
        "track": 0.54,
        "acq_date": "2026-10-05",
        "acq_time": "0243",
        "satellite": "N",
        "instrument": "VIIRS",
        "confidence": "n",
        "version": "2.0NRT",
        "bright_ti5": 286.61,
        "frp": 1.78,
        "daynight": "N",
        "source_dataset": "VIIRS_SNPP_NRT",
        "acq_datetime_utc": "2026-10-05T02:43:00Z",
        "age_hours": 38.2,
        "confidence_label": "nominal",
        "popup_label": "<strong>NASA FIRMS<\/strong><br>Sensor: VIIRS_SNPP_NRT<br>Fecha UTC: 2026-10-05T02:43:00Z<br>Confianza: nominal<br>FRP: 1.78 MW"
      }
    },
    {
      "type": "Feature",
      "geometry": {
        "type": "Point",
        "coordinates": [-0.2515, 35.8033]
      },
      "properties": {
        "bright_ti4": 308.67,
        "scan": 0.63,
        "track": 0.54,
        "acq_date": "2026-10-05",
        "acq_time": "0243",
        "satellite": "N",
        "instrument": "VIIRS",
        "confidence": "n",
        "version": "2.0NRT",
        "bright_ti5": 286.57,
        "frp": 3.46,
        "daynight": "N",
        "source_dataset": "VIIRS_SNPP_NRT",
        "acq_datetime_utc": "2026-10-05T02:43:00Z",
        "age_hours": 38.2,
        "confidence_label": "nominal",
        "popup_label": "<strong>NASA FIRMS<\/strong><br>Sensor: VIIRS_SNPP_NRT<br>Fecha UTC: 2026-10-05T02:43:00Z<br>Confianza: nominal<br>FRP: 3.46 MW"
      }
    },
    {
      "type": "Feature",
      "geometry": {
        "type": "Point",
        "coordinates": [-0.2583, 35.805]
      },
      "properties": {
        "bright_ti4": 316.96,
        "scan": 0.63,
        "track": 0.54,
        "acq_date": "2026-10-05",
        "acq_time": "0243",
        "satellite": "N",
        "instrument": "VIIRS",
        "confidence": "n",
        "version": "2.0NRT",
        "bright_ti5": 287.32,
        "frp": 3.46,
        "daynight": "N",
        "source_dataset": "VIIRS_SNPP_NRT",
        "acq_datetime_utc": "2026-10-05T02:43:00Z",
        "age_hours": 38.2,
        "confidence_label": "nominal",
        "popup_label": "<strong>NASA FIRMS<\/strong><br>Sensor: VIIRS_SNPP_NRT<br>Fecha UTC: 2026-10-05T02:43:00Z<br>Confianza: nominal<br>FRP: 3.46 MW"
      }
    },
    {
      "type": "Feature",
      "geometry": {
        "type": "Point",
        "coordinates": [-0.2493, 35.808]
      },
      "properties": {
        "bright_ti4": 313.93,
        "scan": 0.63,
        "track": 0.54,
        "acq_date": "2026-10-05",
        "acq_time": "0243",
        "satellite": "N",
        "instrument": "VIIRS",
        "confidence": "n",
        "version": "2.0NRT",
        "bright_ti5": 287.56,
        "frp": 3.46,
        "daynight": "N",
        "source_dataset": "VIIRS_SNPP_NRT",
        "acq_datetime_utc": "2026-10-05T02:43:00Z",
        "age_hours": 38.2,
        "confidence_label": "nominal",
        "popup_label": "<strong>NASA FIRMS<\/strong><br>Sensor: VIIRS_SNPP_NRT<br>Fecha UTC: 2026-10-05T02:43:00Z<br>Confianza: nominal<br>FRP: 3.46 MW"
      }
    },
    {
      "type": "Feature",
      "geometry": {
        "type": "Point",
        "coordinates": [-0.2562, 35.8098]
      },
      "properties": {
        "bright_ti4": 334.04,
        "scan": 0.63,
        "track": 0.54,
        "acq_date": "2026-10-05",
        "acq_time": "0243",
        "satellite": "N",
        "instrument": "VIIRS",
        "confidence": "n",
        "version": "2.0NRT",
        "bright_ti5": 288.55,
        "frp": 3.46,
        "daynight": "N",
        "source_dataset": "VIIRS_SNPP_NRT",
        "acq_datetime_utc": "2026-10-05T02:43:00Z",
        "age_hours": 38.2,
        "confidence_label": "nominal",
        "popup_label": "<strong>NASA FIRMS<\/strong><br>Sensor: VIIRS_SNPP_NRT<br>Fecha UTC: 2026-10-05T02:43:00Z<br>Confianza: nominal<br>FRP: 3.46 MW"
      }
    },
    {
      "type": "Feature",
      "geometry": {
        "type": "Point",
        "coordinates": [-0.2698, 35.8131]
      },
      "properties": {
        "bright_ti4": 305.96,
        "scan": 0.62,
        "track": 0.54,
        "acq_date": "2026-10-05",
        "acq_time": "0243",
        "satellite": "N",
        "instrument": "VIIRS",
        "confidence": "n",
        "version": "2.0NRT",
        "bright_ti5": 287.66,
        "frp": 2.04,
        "daynight": "N",
        "source_dataset": "VIIRS_SNPP_NRT",
        "acq_datetime_utc": "2026-10-05T02:43:00Z",
        "age_hours": 38.2,
        "confidence_label": "nominal",
        "popup_label": "<strong>NASA FIRMS<\/strong><br>Sensor: VIIRS_SNPP_NRT<br>Fecha UTC: 2026-10-05T02:43:00Z<br>Confianza: nominal<br>FRP: 2.04 MW"
      }
    },
    {
      "type": "Feature",
      "geometry": {
        "type": "Point",
        "coordinates": [4.4502, 35.8778]
      },
      "properties": {
        "bright_ti4": 296.35,
        "scan": 0.55,
        "track": 0.68,
        "acq_date": "2026-10-05",
        "acq_time": "0243",
        "satellite": "N",
        "instrument": "VIIRS",
        "confidence": "n",
        "version": "2.0NRT",
        "bright_ti5": 275.8,
        "frp": 0.85,
        "daynight": "N",
        "source_dataset": "VIIRS_SNPP_NRT",
        "acq_datetime_utc": "2026-10-05T02:43:00Z",
        "age_hours": 38.2,
        "confidence_label": "nominal",
        "popup_label": "<strong>NASA FIRMS<\/strong><br>Sensor: VIIRS_SNPP_NRT<br>Fecha UTC: 2026-10-05T02:43:00Z<br>Confianza: nominal<br>FRP: 0.85 MW"
      }
    },
    {
      "type": "Feature",
      "geometry": {
        "type": "Point",
        "coordinates": [1.2417, 36.1265]
      },
      "properties": {
        "bright_ti4": 310.69,
        "scan": 0.37,
        "track": 0.58,
        "acq_date": "2026-10-05",
        "acq_time": "0243",
        "satellite": "N",
        "instrument": "VIIRS",
        "confidence": "n",
        "version": "2.0NRT",
        "bright_ti5": 282.31,
        "frp": 1.42,
        "daynight": "N",
        "source_dataset": "VIIRS_SNPP_NRT",
        "acq_datetime_utc": "2026-10-05T02:43:00Z",
        "age_hours": 38.2,
        "confidence_label": "nominal",
        "popup_label": "<strong>NASA FIRMS<\/strong><br>Sensor: VIIRS_SNPP_NRT<br>Fecha UTC: 2026-10-05T02:43:00Z<br>Confianza: nominal<br>FRP: 1.42 MW"
      }
    },
    {
      "type": "Feature",
      "geometry": {
        "type": "Point",
        "coordinates": [3.7495, 36.1804]
      },
      "properties": {
        "bright_ti4": 310.49,
        "scan": 0.5,
        "track": 0.66,
        "acq_date": "2026-10-05",
        "acq_time": "0243",
        "satellite": "N",
        "instrument": "VIIRS",
        "confidence": "n",
        "version": "2.0NRT",
        "bright_ti5": 280.81,
        "frp": 1.46,
        "daynight": "N",
        "source_dataset": "VIIRS_SNPP_NRT",
        "acq_datetime_utc": "2026-10-05T02:43:00Z",
        "age_hours": 38.2,
        "confidence_label": "nominal",
        "popup_label": "<strong>NASA FIRMS<\/strong><br>Sensor: VIIRS_SNPP_NRT<br>Fecha UTC: 2026-10-05T02:43:00Z<br>Confianza: nominal<br>FRP: 1.46 MW"
      }
    },
    {
      "type": "Feature",
      "geometry": {
        "type": "Point",
        "coordinates": [3.7473, 36.1817]
      },
      "properties": {
        "bright_ti4": 298.42,
        "scan": 0.5,
        "track": 0.66,
        "acq_date": "2026-10-05",
        "acq_time": "0243",
        "satellite": "N",
        "instrument": "VIIRS",
        "confidence": "n",
        "version": "2.0NRT",
        "bright_ti5": 279.85,
        "frp": 1.58,
        "daynight": "N",
        "source_dataset": "VIIRS_SNPP_NRT",
        "acq_datetime_utc": "2026-10-05T02:43:00Z",
        "age_hours": 38.2,
        "confidence_label": "nominal",
        "popup_label": "<strong>NASA FIRMS<\/strong><br>Sensor: VIIRS_SNPP_NRT<br>Fecha UTC: 2026-10-05T02:43:00Z<br>Confianza: nominal<br>FRP: 1.58 MW"
      }
    },
    {
      "type": "Feature",
      "geometry": {
        "type": "Point",
        "coordinates": [2.898, 36.6039]
      },
      "properties": {
        "bright_ti4": 297.27,
        "scan": 0.44,
        "track": 0.62,
        "acq_date": "2026-10-05",
        "acq_time": "0243",
        "satellite": "N",
        "instrument": "VIIRS",
        "confidence": "n",
        "version": "2.0NRT",
        "bright_ti5": 269.1,
        "frp": 0.78,
        "daynight": "N",
        "source_dataset": "VIIRS_SNPP_NRT",
        "acq_datetime_utc": "2026-10-05T02:43:00Z",
        "age_hours": 38.2,
        "confidence_label": "nominal",
        "popup_label": "<strong>NASA FIRMS<\/strong><br>Sensor: VIIRS_SNPP_NRT<br>Fecha UTC: 2026-10-05T02:43:00Z<br>Confianza: nominal<br>FRP: 0.78 MW"
      }
    },
    {
      "type": "Feature",
      "geometry": {
        "type": "Point",
        "coordinates": [-0.5451, 38.3781]
      },
      "properties": {
        "bright_ti4": 300.94,
        "scan": 0.53,
        "track": 0.5,
        "acq_date": "2026-10-05",
        "acq_time": "0243",
        "satellite": "N",
        "instrument": "VIIRS",
        "confidence": "n",
        "version": "2.0NRT",
        "bright_ti5": 286.08,
        "frp": 1.3,
        "daynight": "N",
        "source_dataset": "VIIRS_SNPP_NRT",
        "acq_datetime_utc": "2026-10-05T02:43:00Z",
        "age_hours": 38.2,
        "confidence_label": "nominal",
        "popup_label": "<strong>NASA FIRMS<\/strong><br>Sensor: VIIRS_SNPP_NRT<br>Fecha UTC: 2026-10-05T02:43:00Z<br>Confianza: nominal<br>FRP: 1.3 MW"
      }
    },
    {
      "type": "Feature",
      "geometry": {
        "type": "Point",
        "coordinates": [-3.743, 39.9376]
      },
      "properties": {
        "bright_ti4": 296.25,
        "scan": 0.52,
        "track": 0.41,
        "acq_date": "2026-10-05",
        "acq_time": "0243",
        "satellite": "N",
        "instrument": "VIIRS",
        "confidence": "n",
        "version": "2.0NRT",
        "bright_ti5": 285.75,
        "frp": 1.08,
        "daynight": "N",
        "source_dataset": "VIIRS_SNPP_NRT",
        "acq_datetime_utc": "2026-10-05T02:43:00Z",
        "age_hours": 38.2,
        "confidence_label": "nominal",
        "popup_label": "<strong>NASA FIRMS<\/strong><br>Sensor: VIIRS_SNPP_NRT<br>Fecha UTC: 2026-10-05T02:43:00Z<br>Confianza: nominal<br>FRP: 1.08 MW"
      }
    },
    {
      "type": "Feature",
      "geometry": {
        "type": "Point",
        "coordinates": [-3.4732, 40.2447]
      },
      "properties": {
        "bright_ti4": 317.2,
        "scan": 0.52,
        "track": 0.42,
        "acq_date": "2026-10-05",
        "acq_time": "0243",
        "satellite": "N",
        "instrument": "VIIRS",
        "confidence": "n",
        "version": "2.0NRT",
        "bright_ti5": 286.94,
        "frp": 3.23,
        "daynight": "N",
        "source_dataset": "VIIRS_SNPP_NRT",
        "acq_datetime_utc": "2026-10-05T02:43:00Z",
        "age_hours": 38.2,
        "confidence_label": "nominal",
        "popup_label": "<strong>NASA FIRMS<\/strong><br>Sensor: VIIRS_SNPP_NRT<br>Fecha UTC: 2026-10-05T02:43:00Z<br>Confianza: nominal<br>FRP: 3.23 MW"
      }
    },
    {
      "type": "Feature",
      "geometry": {
        "type": "Point",
        "coordinates": [-8.4201, 40.2897]
      },
      "properties": {
        "bright_ti4": 299.44,
        "scan": 0.39,
        "track": 0.36,
        "acq_date": "2026-10-05",
        "acq_time": "0243",
        "satellite": "N",
        "instrument": "VIIRS",
        "confidence": "n",
        "version": "2.0NRT",
        "bright_ti5": 288.81,
        "frp": 0.59,
        "daynight": "N",
        "source_dataset": "VIIRS_SNPP_NRT",
        "acq_datetime_utc": "2026-10-05T02:43:00Z",
        "age_hours": 38.2,
        "confidence_label": "nominal",
        "popup_label": "<strong>NASA FIRMS<\/strong><br>Sensor: VIIRS_SNPP_NRT<br>Fecha UTC: 2026-10-05T02:43:00Z<br>Confianza: nominal<br>FRP: 0.59 MW"
      }
    },
    {
      "type": "Feature",
      "geometry": {
        "type": "Point",
        "coordinates": [0.8842, 41.5042]
      },
      "properties": {
        "bright_ti4": 295.39,
        "scan": 0.52,
        "track": 0.5,
        "acq_date": "2026-10-05",
        "acq_time": "0241",
        "satellite": "N",
        "instrument": "VIIRS",
        "confidence": "n",
        "version": "2.0NRT",
        "bright_ti5": 283.63,
        "frp": 0.84,
        "daynight": "N",
        "source_dataset": "VIIRS_SNPP_NRT",
        "acq_datetime_utc": "2026-10-05T02:41:00Z",
        "age_hours": 38.3,
        "confidence_label": "nominal",
        "popup_label": "<strong>NASA FIRMS<\/strong><br>Sensor: VIIRS_SNPP_NRT<br>Fecha UTC: 2026-10-05T02:41:00Z<br>Confianza: nominal<br>FRP: 0.84 MW"
      }
    },
    {
      "type": "Feature",
      "geometry": {
        "type": "Point",
        "coordinates": [0.8783, 41.5057]
      },
      "properties": {
        "bright_ti4": 297.21,
        "scan": 0.52,
        "track": 0.5,
        "acq_date": "2026-10-05",
        "acq_time": "0241",
        "satellite": "N",
        "instrument": "VIIRS",
        "confidence": "n",
        "version": "2.0NRT",
        "bright_ti5": 283.85,
        "frp": 0.84,
        "daynight": "N",
        "source_dataset": "VIIRS_SNPP_NRT",
        "acq_datetime_utc": "2026-10-05T02:41:00Z",
        "age_hours": 38.3,
        "confidence_label": "nominal",
        "popup_label": "<strong>NASA FIRMS<\/strong><br>Sensor: VIIRS_SNPP_NRT<br>Fecha UTC: 2026-10-05T02:41:00Z<br>Confianza: nominal<br>FRP: 0.84 MW"
      }
    },
    {
      "type": "Feature",
      "geometry": {
        "type": "Point",
        "coordinates": [0.1825, 41.9248]
      },
      "properties": {
        "bright_ti4": 301.05,
        "scan": 0.47,
        "track": 0.48,
        "acq_date": "2026-10-05",
        "acq_time": "0241",
        "satellite": "N",
        "instrument": "VIIRS",
        "confidence": "n",
        "version": "2.0NRT",
        "bright_ti5": 283.45,
        "frp": 0.48,
        "daynight": "N",
        "source_dataset": "VIIRS_SNPP_NRT",
        "acq_datetime_utc": "2026-10-05T02:41:00Z",
        "age_hours": 38.3,
        "confidence_label": "nominal",
        "popup_label": "<strong>NASA FIRMS<\/strong><br>Sensor: VIIRS_SNPP_NRT<br>Fecha UTC: 2026-10-05T02:41:00Z<br>Confianza: nominal<br>FRP: 0.48 MW"
      }
    },
    {
      "type": "Feature",
      "geometry": {
        "type": "Point",
        "coordinates": [0.1778, 41.9259]
      },
      "properties": {
        "bright_ti4": 307.1,
        "scan": 0.47,
        "track": 0.48,
        "acq_date": "2026-10-05",
        "acq_time": "0241",
        "satellite": "N",
        "instrument": "VIIRS",
        "confidence": "n",
        "version": "2.0NRT",
        "bright_ti5": 283.63,
        "frp": 1.12,
        "daynight": "N",
        "source_dataset": "VIIRS_SNPP_NRT",
        "acq_datetime_utc": "2026-10-05T02:41:00Z",
        "age_hours": 38.3,
        "confidence_label": "nominal",
        "popup_label": "<strong>NASA FIRMS<\/strong><br>Sensor: VIIRS_SNPP_NRT<br>Fecha UTC: 2026-10-05T02:41:00Z<br>Confianza: nominal<br>FRP: 1.12 MW"
      }
    },
    {
      "type": "Feature",
      "geometry": {
        "type": "Point",
        "coordinates": [-3.0262, 43.3064]
      },
      "properties": {
        "bright_ti4": 299.34,
        "scan": 0.48,
        "track": 0.4,
        "acq_date": "2026-10-05",
        "acq_time": "0241",
        "satellite": "N",
        "instrument": "VIIRS",
        "confidence": "n",
        "version": "2.0NRT",
        "bright_ti5": 287.12,
        "frp": 0.66,
        "daynight": "N",
        "source_dataset": "VIIRS_SNPP_NRT",
        "acq_datetime_utc": "2026-10-05T02:41:00Z",
        "age_hours": 38.3,
        "confidence_label": "nominal",
        "popup_label": "<strong>NASA FIRMS<\/strong><br>Sensor: VIIRS_SNPP_NRT<br>Fecha UTC: 2026-10-05T02:41:00Z<br>Confianza: nominal<br>FRP: 0.66 MW"
      }
    },
    {
      "type": "Feature",
      "geometry": {
        "type": "Point",
        "coordinates": [-3.0249, 43.31]
      },
      "properties": {
        "bright_ti4": 310.23,
        "scan": 0.48,
        "track": 0.4,
        "acq_date": "2026-10-05",
        "acq_time": "0241",
        "satellite": "N",
        "instrument": "VIIRS",
        "confidence": "n",
        "version": "2.0NRT",
        "bright_ti5": 287.17,
        "frp": 1.18,
        "daynight": "N",
        "source_dataset": "VIIRS_SNPP_NRT",
        "acq_datetime_utc": "2026-10-05T02:41:00Z",
        "age_hours": 38.3,
        "confidence_label": "nominal",
        "popup_label": "<strong>NASA FIRMS<\/strong><br>Sensor: VIIRS_SNPP_NRT<br>Fecha UTC: 2026-10-05T02:41:00Z<br>Confianza: nominal<br>FRP: 1.18 MW"
      }
    },
    {
      "type": "Feature",
      "geometry": {
        "type": "Point",
        "coordinates": [-5.8294, 43.538]
      },
      "properties": {
        "bright_ti4": 303.67,
        "scan": 0.4,
        "track": 0.37,
        "acq_date": "2026-10-05",
        "acq_time": "0241",
        "satellite": "N",
        "instrument": "VIIRS",
        "confidence": "n",
        "version": "2.0NRT",
        "bright_ti5": 284.74,
        "frp": 1.29,
        "daynight": "N",
        "source_dataset": "VIIRS_SNPP_NRT",
        "acq_datetime_utc": "2026-10-05T02:41:00Z",
        "age_hours": 38.3,
        "confidence_label": "nominal",
        "popup_label": "<strong>NASA FIRMS<\/strong><br>Sensor: VIIRS_SNPP_NRT<br>Fecha UTC: 2026-10-05T02:41:00Z<br>Confianza: nominal<br>FRP: 1.29 MW"
      }
    },
    {
      "type": "Feature",
      "geometry": {
        "type": "Point",
        "coordinates": [1.8996, 30.9137]
      },
      "properties": {
        "bright_ti4": 300.37,
        "scan": 0.42,
        "track": 0.61,
        "acq_date": "2026-10-05",
        "acq_time": "0107",
        "satellite": "N",
        "instrument": "VIIRS",
        "confidence": "n",
        "version": "2.0NRT",
        "bright_ti5": 286.84,
        "frp": 0.93,
        "daynight": "N",
        "source_dataset": "VIIRS_SNPP_NRT",
        "acq_datetime_utc": "2026-10-05T01:07:00Z",
        "age_hours": 39.8,
        "confidence_label": "nominal",
        "popup_label": "<strong>NASA FIRMS<\/strong><br>Sensor: VIIRS_SNPP_NRT<br>Fecha UTC: 2026-10-05T01:07:00Z<br>Confianza: nominal<br>FRP: 0.93 MW"
      }
    },
    {
      "type": "Feature",
      "geometry": {
        "type": "Point",
        "coordinates": [-0.5172, 28.1972]
      },
      "properties": {
        "bright_ti4": 303.9,
        "scan": 0.56,
        "track": 0.69,
        "acq_date": "2026-10-05",
        "acq_time": "0105",
        "satellite": "N",
        "instrument": "VIIRS",
        "confidence": "n",
        "version": "2.0NRT",
        "bright_ti5": 290.21,
        "frp": 1.1,
        "daynight": "N",
        "source_dataset": "VIIRS_SNPP_NRT",
        "acq_datetime_utc": "2026-10-05T01:05:00Z",
        "age_hours": 39.9,
        "confidence_label": "nominal",
        "popup_label": "<strong>NASA FIRMS<\/strong><br>Sensor: VIIRS_SNPP_NRT<br>Fecha UTC: 2026-10-05T01:05:00Z<br>Confianza: nominal<br>FRP: 1.1 MW"
      }
    },
    {
      "type": "Feature",
      "geometry": {
        "type": "Point",
        "coordinates": [-0.1584, 28.2135]
      },
      "properties": {
        "bright_ti4": 305.26,
        "scan": 0.53,
        "track": 0.67,
        "acq_date": "2026-10-05",
        "acq_time": "0105",
        "satellite": "N",
        "instrument": "VIIRS",
        "confidence": "n",
        "version": "2.0NRT",
        "bright_ti5": 290.02,
        "frp": 1.25,
        "daynight": "N",
        "source_dataset": "VIIRS_SNPP_NRT",
        "acq_datetime_utc": "2026-10-05T01:05:00Z",
        "age_hours": 39.9,
        "confidence_label": "nominal",
        "popup_label": "<strong>NASA FIRMS<\/strong><br>Sensor: VIIRS_SNPP_NRT<br>Fecha UTC: 2026-10-05T01:05:00Z<br>Confianza: nominal<br>FRP: 1.25 MW"
      }
    },
    {
      "type": "Feature",
      "geometry": {
        "type": "Point",
        "coordinates": [3.9864, 32.2739]
      },
      "properties": {
        "bright_ti4": 319.32,
        "scan": 0.33,
        "track": 0.55,
        "acq_date": "2026-10-05",
        "acq_time": "0105",
        "satellite": "N",
        "instrument": "VIIRS",
        "confidence": "n",
        "version": "2.0NRT",
        "bright_ti5": 286.95,
        "frp": 1.31,
        "daynight": "N",
        "source_dataset": "VIIRS_SNPP_NRT",
        "acq_datetime_utc": "2026-10-05T01:05:00Z",
        "age_hours": 39.9,
        "confidence_label": "nominal",
        "popup_label": "<strong>NASA FIRMS<\/strong><br>Sensor: VIIRS_SNPP_NRT<br>Fecha UTC: 2026-10-05T01:05:00Z<br>Confianza: nominal<br>FRP: 1.31 MW"
      }
    },
    {
      "type": "Feature",
      "geometry": {
        "type": "Point",
        "coordinates": [3.987, 32.279]
      },
      "properties": {
        "bright_ti4": 326.13,
        "scan": 0.33,
        "track": 0.55,
        "acq_date": "2026-10-05",
        "acq_time": "0105",
        "satellite": "N",
        "instrument": "VIIRS",
        "confidence": "n",
        "version": "2.0NRT",
        "bright_ti5": 288.23,
        "frp": 1.07,
        "daynight": "N",
        "source_dataset": "VIIRS_SNPP_NRT",
        "acq_datetime_utc": "2026-10-05T01:05:00Z",
        "age_hours": 39.9,
        "confidence_label": "nominal",
        "popup_label": "<strong>NASA FIRMS<\/strong><br>Sensor: VIIRS_SNPP_NRT<br>Fecha UTC: 2026-10-05T01:05:00Z<br>Confianza: nominal<br>FRP: 1.07 MW"
      }
    },
    {
      "type": "Feature",
      "geometry": {
        "type": "Point",
        "coordinates": [4.0077, 32.4038]
      },
      "properties": {
        "bright_ti4": 301.74,
        "scan": 0.33,
        "track": 0.55,
        "acq_date": "2026-10-05",
        "acq_time": "0105",
        "satellite": "N",
        "instrument": "VIIRS",
        "confidence": "n",
        "version": "2.0NRT",
        "bright_ti5": 287.29,
        "frp": 0.43,
        "daynight": "N",
        "source_dataset": "VIIRS_SNPP_NRT",
        "acq_datetime_utc": "2026-10-05T01:05:00Z",
        "age_hours": 39.9,
        "confidence_label": "nominal",
        "popup_label": "<strong>NASA FIRMS<\/strong><br>Sensor: VIIRS_SNPP_NRT<br>Fecha UTC: 2026-10-05T01:05:00Z<br>Confianza: nominal<br>FRP: 0.43 MW"
      }
    },
    {
      "type": "Feature",
      "geometry": {
        "type": "Point",
        "coordinates": [3.1711, 32.5543]
      },
      "properties": {
        "bright_ti4": 300.77,
        "scan": 0.37,
        "track": 0.58,
        "acq_date": "2026-10-05",
        "acq_time": "0105",
        "satellite": "N",
        "instrument": "VIIRS",
        "confidence": "n",
        "version": "2.0NRT",
        "bright_ti5": 285.24,
        "frp": 1.61,
        "daynight": "N",
        "source_dataset": "VIIRS_SNPP_NRT",
        "acq_datetime_utc": "2026-10-05T01:05:00Z",
        "age_hours": 39.9,
        "confidence_label": "nominal",
        "popup_label": "<strong>NASA FIRMS<\/strong><br>Sensor: VIIRS_SNPP_NRT<br>Fecha UTC: 2026-10-05T01:05:00Z<br>Confianza: nominal<br>FRP: 1.61 MW"
      }
    },
    {
      "type": "Feature",
      "geometry": {
        "type": "Point",
        "coordinates": [3.1671, 32.5546]
      },
      "properties": {
        "bright_ti4": 334.29,
        "scan": 0.37,
        "track": 0.58,
        "acq_date": "2026-10-05",
        "acq_time": "0105",
        "satellite": "N",
        "instrument": "VIIRS",
        "confidence": "n",
        "version": "2.0NRT",
        "bright_ti5": 287.3,
        "frp": 3.33,
        "daynight": "N",
        "source_dataset": "VIIRS_SNPP_NRT",
        "acq_datetime_utc": "2026-10-05T01:05:00Z",
        "age_hours": 39.9,
        "confidence_label": "nominal",
        "popup_label": "<strong>NASA FIRMS<\/strong><br>Sensor: VIIRS_SNPP_NRT<br>Fecha UTC: 2026-10-05T01:05:00Z<br>Confianza: nominal<br>FRP: 3.33 MW"
      }
    },
    {
      "type": "Feature",
      "geometry": {
        "type": "Point",
        "coordinates": [3.1802, 32.7408]
      },
      "properties": {
        "bright_ti4": 295.9,
        "scan": 0.37,
        "track": 0.58,
        "acq_date": "2026-10-05",
        "acq_time": "0105",
        "satellite": "N",
        "instrument": "VIIRS",
        "confidence": "n",
        "version": "2.0NRT",
        "bright_ti5": 284.4,
        "frp": 0.87,
        "daynight": "N",
        "source_dataset": "VIIRS_SNPP_NRT",
        "acq_datetime_utc": "2026-10-05T01:05:00Z",
        "age_hours": 39.9,
        "confidence_label": "nominal",
        "popup_label": "<strong>NASA FIRMS<\/strong><br>Sensor: VIIRS_SNPP_NRT<br>Fecha UTC: 2026-10-05T01:05:00Z<br>Confianza: nominal<br>FRP: 0.87 MW"
      }
    },
    {
      "type": "Feature",
      "geometry": {
        "type": "Point",
        "coordinates": [3.1819, 32.7419]
      },
      "properties": {
        "bright_ti4": 297.72,
        "scan": 0.37,
        "track": 0.58,
        "acq_date": "2026-10-05",
        "acq_time": "0105",
        "satellite": "N",
        "instrument": "VIIRS",
        "confidence": "n",
        "version": "2.0NRT",
        "bright_ti5": 284.89,
        "frp": 0.56,
        "daynight": "N",
        "source_dataset": "VIIRS_SNPP_NRT",
        "acq_datetime_utc": "2026-10-05T01:05:00Z",
        "age_hours": 39.9,
        "confidence_label": "nominal",
        "popup_label": "<strong>NASA FIRMS<\/strong><br>Sensor: VIIRS_SNPP_NRT<br>Fecha UTC: 2026-10-05T01:05:00Z<br>Confianza: nominal<br>FRP: 0.56 MW"
      }
    },
    {
      "type": "Feature",
      "geometry": {
        "type": "Point",
        "coordinates": [3.1738, 32.7425]
      },
      "properties": {
        "bright_ti4": 295.79,
        "scan": 0.37,
        "track": 0.58,
        "acq_date": "2026-10-05",
        "acq_time": "0105",
        "satellite": "N",
        "instrument": "VIIRS",
        "confidence": "n",
        "version": "2.0NRT",
        "bright_ti5": 285.68,
        "frp": 0.73,
        "daynight": "N",
        "source_dataset": "VIIRS_SNPP_NRT",
        "acq_datetime_utc": "2026-10-05T01:05:00Z",
        "age_hours": 39.9,
        "confidence_label": "nominal",
        "popup_label": "<strong>NASA FIRMS<\/strong><br>Sensor: VIIRS_SNPP_NRT<br>Fecha UTC: 2026-10-05T01:05:00Z<br>Confianza: nominal<br>FRP: 0.73 MW"
      }
    },
    {
      "type": "Feature",
      "geometry": {
        "type": "Point",
        "coordinates": [3.1848, 32.7459]
      },
      "properties": {
        "bright_ti4": 296.21,
        "scan": 0.37,
        "track": 0.58,
        "acq_date": "2026-10-05",
        "acq_time": "0105",
        "satellite": "N",
        "instrument": "VIIRS",
        "confidence": "n",
        "version": "2.0NRT",
        "bright_ti5": 284.95,
        "frp": 0.74,
        "daynight": "N",
        "source_dataset": "VIIRS_SNPP_NRT",
        "acq_datetime_utc": "2026-10-05T01:05:00Z",
        "age_hours": 39.9,
        "confidence_label": "nominal",
        "popup_label": "<strong>NASA FIRMS<\/strong><br>Sensor: VIIRS_SNPP_NRT<br>Fecha UTC: 2026-10-05T01:05:00Z<br>Confianza: nominal<br>FRP: 0.74 MW"
      }
    },
    {
      "type": "Feature",
      "geometry": {
        "type": "Point",
        "coordinates": [3.1808, 32.7462]
      },
      "properties": {
        "bright_ti4": 308.05,
        "scan": 0.37,
        "track": 0.58,
        "acq_date": "2026-10-05",
        "acq_time": "0105",
        "satellite": "N",
        "instrument": "VIIRS",
        "confidence": "n",
        "version": "2.0NRT",
        "bright_ti5": 285.02,
        "frp": 0.87,
        "daynight": "N",
        "source_dataset": "VIIRS_SNPP_NRT",
        "acq_datetime_utc": "2026-10-05T01:05:00Z",
        "age_hours": 39.9,
        "confidence_label": "nominal",
        "popup_label": "<strong>NASA FIRMS<\/strong><br>Sensor: VIIRS_SNPP_NRT<br>Fecha UTC: 2026-10-05T01:05:00Z<br>Confianza: nominal<br>FRP: 0.87 MW"
      }
    },
    {
      "type": "Feature",
      "geometry": {
        "type": "Point",
        "coordinates": [3.1825, 32.7473]
      },
      "properties": {
        "bright_ti4": 313.59,
        "scan": 0.37,
        "track": 0.58,
        "acq_date": "2026-10-05",
        "acq_time": "0105",
        "satellite": "N",
        "instrument": "VIIRS",
        "confidence": "n",
        "version": "2.0NRT",
        "bright_ti5": 284.98,
        "frp": 0.94,
        "daynight": "N",
        "source_dataset": "VIIRS_SNPP_NRT",
        "acq_datetime_utc": "2026-10-05T01:05:00Z",
        "age_hours": 39.9,
        "confidence_label": "nominal",
        "popup_label": "<strong>NASA FIRMS<\/strong><br>Sensor: VIIRS_SNPP_NRT<br>Fecha UTC: 2026-10-05T01:05:00Z<br>Confianza: nominal<br>FRP: 0.94 MW"
      }
    },
    {
      "type": "Feature",
      "geometry": {
        "type": "Point",
        "coordinates": [3.2405, 32.8359]
      },
      "properties": {
        "bright_ti4": 296.58,
        "scan": 0.37,
        "track": 0.58,
        "acq_date": "2026-10-05",
        "acq_time": "0105",
        "satellite": "N",
        "instrument": "VIIRS",
        "confidence": "n",
        "version": "2.0NRT",
        "bright_ti5": 284.44,
        "frp": 0.21,
        "daynight": "N",
        "source_dataset": "VIIRS_SNPP_NRT",
        "acq_datetime_utc": "2026-10-05T01:05:00Z",
        "age_hours": 39.9,
        "confidence_label": "nominal",
        "popup_label": "<strong>NASA FIRMS<\/strong><br>Sensor: VIIRS_SNPP_NRT<br>Fecha UTC: 2026-10-05T01:05:00Z<br>Confianza: nominal<br>FRP: 0.21 MW"
      }
    },
    {
      "type": "Feature",
      "geometry": {
        "type": "Point",
        "coordinates": [3.2387, 32.8379]
      },
      "properties": {
        "bright_ti4": 298.74,
        "scan": 0.37,
        "track": 0.58,
        "acq_date": "2026-10-05",
        "acq_time": "0105",
        "satellite": "N",
        "instrument": "VIIRS",
        "confidence": "n",
        "version": "2.0NRT",
        "bright_ti5": 284.29,
        "frp": 0.4,
        "daynight": "N",
        "source_dataset": "VIIRS_SNPP_NRT",
        "acq_datetime_utc": "2026-10-05T01:05:00Z",
        "age_hours": 39.9,
        "confidence_label": "nominal",
        "popup_label": "<strong>NASA FIRMS<\/strong><br>Sensor: VIIRS_SNPP_NRT<br>Fecha UTC: 2026-10-05T01:05:00Z<br>Confianza: nominal<br>FRP: 0.4 MW"
      }
    },
    {
      "type": "Feature",
      "geometry": {
        "type": "Point",
        "coordinates": [3.2443, 32.9301]
      },
      "properties": {
        "bright_ti4": 300.49,
        "scan": 0.37,
        "track": 0.58,
        "acq_date": "2026-10-05",
        "acq_time": "0105",
        "satellite": "N",
        "instrument": "VIIRS",
        "confidence": "n",
        "version": "2.0NRT",
        "bright_ti5": 285.83,
        "frp": 0.58,
        "daynight": "N",
        "source_dataset": "VIIRS_SNPP_NRT",
        "acq_datetime_utc": "2026-10-05T01:05:00Z",
        "age_hours": 39.9,
        "confidence_label": "nominal",
        "popup_label": "<strong>NASA FIRMS<\/strong><br>Sensor: VIIRS_SNPP_NRT<br>Fecha UTC: 2026-10-05T01:05:00Z<br>Confianza: nominal<br>FRP: 0.58 MW"
      }
    },
    {
      "type": "Feature",
      "geometry": {
        "type": "Point",
        "coordinates": [3.2362, 32.9307]
      },
      "properties": {
        "bright_ti4": 295.48,
        "scan": 0.37,
        "track": 0.58,
        "acq_date": "2026-10-05",
        "acq_time": "0105",
        "satellite": "N",
        "instrument": "VIIRS",
        "confidence": "n",
        "version": "2.0NRT",
        "bright_ti5": 285.09,
        "frp": 0.32,
        "daynight": "N",
        "source_dataset": "VIIRS_SNPP_NRT",
        "acq_datetime_utc": "2026-10-05T01:05:00Z",
        "age_hours": 39.9,
        "confidence_label": "nominal",
        "popup_label": "<strong>NASA FIRMS<\/strong><br>Sensor: VIIRS_SNPP_NRT<br>Fecha UTC: 2026-10-05T01:05:00Z<br>Confianza: nominal<br>FRP: 0.32 MW"
      }
    },
    {
      "type": "Feature",
      "geometry": {
        "type": "Point",
        "coordinates": [3.2321, 32.931]
      },
      "properties": {
        "bright_ti4": 299.27,
        "scan": 0.37,
        "track": 0.58,
        "acq_date": "2026-10-05",
        "acq_time": "0105",
        "satellite": "N",
        "instrument": "VIIRS",
        "confidence": "n",
        "version": "2.0NRT",
        "bright_ti5": 285.06,
        "frp": 0.32,
        "daynight": "N",
        "source_dataset": "VIIRS_SNPP_NRT",
        "acq_datetime_utc": "2026-10-05T01:05:00Z",
        "age_hours": 39.9,
        "confidence_label": "nominal",
        "popup_label": "<strong>NASA FIRMS<\/strong><br>Sensor: VIIRS_SNPP_NRT<br>Fecha UTC: 2026-10-05T01:05:00Z<br>Confianza: nominal<br>FRP: 0.32 MW"
      }
    },
    {
      "type": "Feature",
      "geometry": {
        "type": "Point",
        "coordinates": [3.2281, 32.9313]
      },
      "properties": {
        "bright_ti4": 298.59,
        "scan": 0.37,
        "track": 0.58,
        "acq_date": "2026-10-05",
        "acq_time": "0105",
        "satellite": "N",
        "instrument": "VIIRS",
        "confidence": "n",
        "version": "2.0NRT",
        "bright_ti5": 284.75,
        "frp": 0.44,
        "daynight": "N",
        "source_dataset": "VIIRS_SNPP_NRT",
        "acq_datetime_utc": "2026-10-05T01:05:00Z",
        "age_hours": 39.9,
        "confidence_label": "nominal",
        "popup_label": "<strong>NASA FIRMS<\/strong><br>Sensor: VIIRS_SNPP_NRT<br>Fecha UTC: 2026-10-05T01:05:00Z<br>Confianza: nominal<br>FRP: 0.44 MW"
      }
    },
    {
      "type": "Feature",
      "geometry": {
        "type": "Point",
        "coordinates": [3.224, 32.9316]
      },
      "properties": {
        "bright_ti4": 298.84,
        "scan": 0.37,
        "track": 0.58,
        "acq_date": "2026-10-05",
        "acq_time": "0105",
        "satellite": "N",
        "instrument": "VIIRS",
        "confidence": "n",
        "version": "2.0NRT",
        "bright_ti5": 285.46,
        "frp": 0.44,
        "daynight": "N",
        "source_dataset": "VIIRS_SNPP_NRT",
        "acq_datetime_utc": "2026-10-05T01:05:00Z",
        "age_hours": 39.9,
        "confidence_label": "nominal",
        "popup_label": "<strong>NASA FIRMS<\/strong><br>Sensor: VIIRS_SNPP_NRT<br>Fecha UTC: 2026-10-05T01:05:00Z<br>Confianza: nominal<br>FRP: 0.44 MW"
      }
    },
    {
      "type": "Feature",
      "geometry": {
        "type": "Point",
        "coordinates": [3.2327, 32.9364]
      },
      "properties": {
        "bright_ti4": 307.43,
        "scan": 0.37,
        "track": 0.58,
        "acq_date": "2026-10-05",
        "acq_time": "0105",
        "satellite": "N",
        "instrument": "VIIRS",
        "confidence": "n",
        "version": "2.0NRT",
        "bright_ti5": 285.74,
        "frp": 1.59,
        "daynight": "N",
        "source_dataset": "VIIRS_SNPP_NRT",
        "acq_datetime_utc": "2026-10-05T01:05:00Z",
        "age_hours": 39.9,
        "confidence_label": "nominal",
        "popup_label": "<strong>NASA FIRMS<\/strong><br>Sensor: VIIRS_SNPP_NRT<br>Fecha UTC: 2026-10-05T01:05:00Z<br>Confianza: nominal<br>FRP: 1.59 MW"
      }
    },
    {
      "type": "Feature",
      "geometry": {
        "type": "Point",
        "coordinates": [3.2292, 32.9421]
      },
      "properties": {
        "bright_ti4": 298.07,
        "scan": 0.37,
        "track": 0.58,
        "acq_date": "2026-10-05",
        "acq_time": "0105",
        "satellite": "N",
        "instrument": "VIIRS",
        "confidence": "n",
        "version": "2.0NRT",
        "bright_ti5": 285.76,
        "frp": 1.07,
        "daynight": "N",
        "source_dataset": "VIIRS_SNPP_NRT",
        "acq_datetime_utc": "2026-10-05T01:05:00Z",
        "age_hours": 39.9,
        "confidence_label": "nominal",
        "popup_label": "<strong>NASA FIRMS<\/strong><br>Sensor: VIIRS_SNPP_NRT<br>Fecha UTC: 2026-10-05T01:05:00Z<br>Confianza: nominal<br>FRP: 1.07 MW"
      }
    },
    {
      "type": "Feature",
      "geometry": {
        "type": "Point",
        "coordinates": [3.231, 32.9433]
      },
      "properties": {
        "bright_ti4": 299.19,
        "scan": 0.37,
        "track": 0.58,
        "acq_date": "2026-10-05",
        "acq_time": "0105",
        "satellite": "N",
        "instrument": "VIIRS",
        "confidence": "n",
        "version": "2.0NRT",
        "bright_ti5": 286.07,
        "frp": 2.46,
        "daynight": "N",
        "source_dataset": "VIIRS_SNPP_NRT",
        "acq_datetime_utc": "2026-10-05T01:05:00Z",
        "age_hours": 39.9,
        "confidence_label": "nominal",
        "popup_label": "<strong>NASA FIRMS<\/strong><br>Sensor: VIIRS_SNPP_NRT<br>Fecha UTC: 2026-10-05T01:05:00Z<br>Confianza: nominal<br>FRP: 2.46 MW"
      }
    },
    {
      "type": "Feature",
      "geometry": {
        "type": "Point",
        "coordinates": [3.2269, 32.9436]
      },
      "properties": {
        "bright_ti4": 301.9,
        "scan": 0.37,
        "track": 0.58,
        "acq_date": "2026-10-05",
        "acq_time": "0105",
        "satellite": "N",
        "instrument": "VIIRS",
        "confidence": "n",
        "version": "2.0NRT",
        "bright_ti5": 285.31,
        "frp": 2.78,
        "daynight": "N",
        "source_dataset": "VIIRS_SNPP_NRT",
        "acq_datetime_utc": "2026-10-05T01:05:00Z",
        "age_hours": 39.9,
        "confidence_label": "nominal",
        "popup_label": "<strong>NASA FIRMS<\/strong><br>Sensor: VIIRS_SNPP_NRT<br>Fecha UTC: 2026-10-05T01:05:00Z<br>Confianza: nominal<br>FRP: 2.78 MW"
      }
    },
    {
      "type": "Feature",
      "geometry": {
        "type": "Point",
        "coordinates": [3.2298, 32.9475]
      },
      "properties": {
        "bright_ti4": 367,
        "scan": 0.37,
        "track": 0.58,
        "acq_date": "2026-10-05",
        "acq_time": "0105",
        "satellite": "N",
        "instrument": "VIIRS",
        "confidence": "h",
        "version": "2.0NRT",
        "bright_ti5": 287.84,
        "frp": 4.29,
        "daynight": "N",
        "source_dataset": "VIIRS_SNPP_NRT",
        "acq_datetime_utc": "2026-10-05T01:05:00Z",
        "age_hours": 39.9,
        "confidence_label": "alta",
        "popup_label": "<strong>NASA FIRMS<\/strong><br>Sensor: VIIRS_SNPP_NRT<br>Fecha UTC: 2026-10-05T01:05:00Z<br>Confianza: alta<br>FRP: 4.29 MW"
      }
    },
    {
      "type": "Feature",
      "geometry": {
        "type": "Point",
        "coordinates": [3.2257, 32.9478]
      },
      "properties": {
        "bright_ti4": 304.76,
        "scan": 0.37,
        "track": 0.58,
        "acq_date": "2026-10-05",
        "acq_time": "0105",
        "satellite": "N",
        "instrument": "VIIRS",
        "confidence": "n",
        "version": "2.0NRT",
        "bright_ti5": 285.65,
        "frp": 4.29,
        "daynight": "N",
        "source_dataset": "VIIRS_SNPP_NRT",
        "acq_datetime_utc": "2026-10-05T01:05:00Z",
        "age_hours": 39.9,
        "confidence_label": "nominal",
        "popup_label": "<strong>NASA FIRMS<\/strong><br>Sensor: VIIRS_SNPP_NRT<br>Fecha UTC: 2026-10-05T01:05:00Z<br>Confianza: nominal<br>FRP: 4.29 MW"
      }
    },
    {
      "type": "Feature",
      "geometry": {
        "type": "Point",
        "coordinates": [3.2216, 32.9481]
      },
      "properties": {
        "bright_ti4": 303.45,
        "scan": 0.37,
        "track": 0.58,
        "acq_date": "2026-10-05",
        "acq_time": "0105",
        "satellite": "N",
        "instrument": "VIIRS",
        "confidence": "n",
        "version": "2.0NRT",
        "bright_ti5": 285.39,
        "frp": 1.31,
        "daynight": "N",
        "source_dataset": "VIIRS_SNPP_NRT",
        "acq_datetime_utc": "2026-10-05T01:05:00Z",
        "age_hours": 39.9,
        "confidence_label": "nominal",
        "popup_label": "<strong>NASA FIRMS<\/strong><br>Sensor: VIIRS_SNPP_NRT<br>Fecha UTC: 2026-10-05T01:05:00Z<br>Confianza: nominal<br>FRP: 1.31 MW"
      }
    },
    {
      "type": "Feature",
      "geometry": {
        "type": "Point",
        "coordinates": [3.2316, 32.9487]
      },
      "properties": {
        "bright_ti4": 327.51,
        "scan": 0.37,
        "track": 0.58,
        "acq_date": "2026-10-05",
        "acq_time": "0105",
        "satellite": "N",
        "instrument": "VIIRS",
        "confidence": "n",
        "version": "2.0NRT",
        "bright_ti5": 286.15,
        "frp": 2.46,
        "daynight": "N",
        "source_dataset": "VIIRS_SNPP_NRT",
        "acq_datetime_utc": "2026-10-05T01:05:00Z",
        "age_hours": 39.9,
        "confidence_label": "nominal",
        "popup_label": "<strong>NASA FIRMS<\/strong><br>Sensor: VIIRS_SNPP_NRT<br>Fecha UTC: 2026-10-05T01:05:00Z<br>Confianza: nominal<br>FRP: 2.46 MW"
      }
    },
    {
      "type": "Feature",
      "geometry": {
        "type": "Point",
        "coordinates": [3.2275, 32.949]
      },
      "properties": {
        "bright_ti4": 348.45,
        "scan": 0.37,
        "track": 0.58,
        "acq_date": "2026-10-05",
        "acq_time": "0105",
        "satellite": "N",
        "instrument": "VIIRS",
        "confidence": "n",
        "version": "2.0NRT",
        "bright_ti5": 287.13,
        "frp": 2.78,
        "daynight": "N",
        "source_dataset": "VIIRS_SNPP_NRT",
        "acq_datetime_utc": "2026-10-05T01:05:00Z",
        "age_hours": 39.9,
        "confidence_label": "nominal",
        "popup_label": "<strong>NASA FIRMS<\/strong><br>Sensor: VIIRS_SNPP_NRT<br>Fecha UTC: 2026-10-05T01:05:00Z<br>Confianza: nominal<br>FRP: 2.78 MW"
      }
    },
    {
      "type": "Feature",
      "geometry": {
        "type": "Point",
        "coordinates": [3.2235, 32.9492]
      },
      "properties": {
        "bright_ti4": 299.56,
        "scan": 0.37,
        "track": 0.58,
        "acq_date": "2026-10-05",
        "acq_time": "0105",
        "satellite": "N",
        "instrument": "VIIRS",
        "confidence": "n",
        "version": "2.0NRT",
        "bright_ti5": 285.68,
        "frp": 2.78,
        "daynight": "N",
        "source_dataset": "VIIRS_SNPP_NRT",
        "acq_datetime_utc": "2026-10-05T01:05:00Z",
        "age_hours": 39.9,
        "confidence_label": "nominal",
        "popup_label": "<strong>NASA FIRMS<\/strong><br>Sensor: VIIRS_SNPP_NRT<br>Fecha UTC: 2026-10-05T01:05:00Z<br>Confianza: nominal<br>FRP: 2.78 MW"
      }
    },
    {
      "type": "Feature",
      "geometry": {
        "type": "Point",
        "coordinates": [3.2194, 32.9495]
      },
      "properties": {
        "bright_ti4": 296.31,
        "scan": 0.37,
        "track": 0.58,
        "acq_date": "2026-10-05",
        "acq_time": "0105",
        "satellite": "N",
        "instrument": "VIIRS",
        "confidence": "n",
        "version": "2.0NRT",
        "bright_ti5": 285.52,
        "frp": 0.84,
        "daynight": "N",
        "source_dataset": "VIIRS_SNPP_NRT",
        "acq_datetime_utc": "2026-10-05T01:05:00Z",
        "age_hours": 39.9,
        "confidence_label": "nominal",
        "popup_label": "<strong>NASA FIRMS<\/strong><br>Sensor: VIIRS_SNPP_NRT<br>Fecha UTC: 2026-10-05T01:05:00Z<br>Confianza: nominal<br>FRP: 0.84 MW"
      }
    },
    {
      "type": "Feature",
      "geometry": {
        "type": "Point",
        "coordinates": [3.3198, 33.1242]
      },
      "properties": {
        "bright_ti4": 316.03,
        "scan": 0.37,
        "track": 0.58,
        "acq_date": "2026-10-05",
        "acq_time": "0105",
        "satellite": "N",
        "instrument": "VIIRS",
        "confidence": "n",
        "version": "2.0NRT",
        "bright_ti5": 285.08,
        "frp": 0.77,
        "daynight": "N",
        "source_dataset": "VIIRS_SNPP_NRT",
        "acq_datetime_utc": "2026-10-05T01:05:00Z",
        "age_hours": 39.9,
        "confidence_label": "nominal",
        "popup_label": "<strong>NASA FIRMS<\/strong><br>Sensor: VIIRS_SNPP_NRT<br>Fecha UTC: 2026-10-05T01:05:00Z<br>Confianza: nominal<br>FRP: 0.77 MW"
      }
    },
    {
      "type": "Feature",
      "geometry": {
        "type": "Point",
        "coordinates": [3.3157, 33.1244]
      },
      "properties": {
        "bright_ti4": 301.26,
        "scan": 0.37,
        "track": 0.58,
        "acq_date": "2026-10-05",
        "acq_time": "0105",
        "satellite": "N",
        "instrument": "VIIRS",
        "confidence": "n",
        "version": "2.0NRT",
        "bright_ti5": 284.89,
        "frp": 0.77,
        "daynight": "N",
        "source_dataset": "VIIRS_SNPP_NRT",
        "acq_datetime_utc": "2026-10-05T01:05:00Z",
        "age_hours": 39.9,
        "confidence_label": "nominal",
        "popup_label": "<strong>NASA FIRMS<\/strong><br>Sensor: VIIRS_SNPP_NRT<br>Fecha UTC: 2026-10-05T01:05:00Z<br>Confianza: nominal<br>FRP: 0.77 MW"
      }
    },
    {
      "type": "Feature",
      "geometry": {
        "type": "Point",
        "coordinates": [3.3162, 33.1298]
      },
      "properties": {
        "bright_ti4": 300.97,
        "scan": 0.37,
        "track": 0.58,
        "acq_date": "2026-10-05",
        "acq_time": "0105",
        "satellite": "N",
        "instrument": "VIIRS",
        "confidence": "n",
        "version": "2.0NRT",
        "bright_ti5": 285.21,
        "frp": 0.75,
        "daynight": "N",
        "source_dataset": "VIIRS_SNPP_NRT",
        "acq_datetime_utc": "2026-10-05T01:05:00Z",
        "age_hours": 39.9,
        "confidence_label": "nominal",
        "popup_label": "<strong>NASA FIRMS<\/strong><br>Sensor: VIIRS_SNPP_NRT<br>Fecha UTC: 2026-10-05T01:05:00Z<br>Confianza: nominal<br>FRP: 0.75 MW"
      }
    },
    {
      "type": "Feature",
      "geometry": {
        "type": "Point",
        "coordinates": [3.3694, 33.1368]
      },
      "properties": {
        "bright_ti4": 298.55,
        "scan": 0.36,
        "track": 0.58,
        "acq_date": "2026-10-05",
        "acq_time": "0105",
        "satellite": "N",
        "instrument": "VIIRS",
        "confidence": "n",
        "version": "2.0NRT",
        "bright_ti5": 284.93,
        "frp": 0.76,
        "daynight": "N",
        "source_dataset": "VIIRS_SNPP_NRT",
        "acq_datetime_utc": "2026-10-05T01:05:00Z",
        "age_hours": 39.9,
        "confidence_label": "nominal",
        "popup_label": "<strong>NASA FIRMS<\/strong><br>Sensor: VIIRS_SNPP_NRT<br>Fecha UTC: 2026-10-05T01:05:00Z<br>Confianza: nominal<br>FRP: 0.76 MW"
      }
    },
    {
      "type": "Feature",
      "geometry": {
        "type": "Point",
        "coordinates": [4.4773, 35.7085]
      },
      "properties": {
        "bright_ti4": 302.41,
        "scan": 0.33,
        "track": 0.56,
        "acq_date": "2026-10-05",
        "acq_time": "0105",
        "satellite": "N",
        "instrument": "VIIRS",
        "confidence": "n",
        "version": "2.0NRT",
        "bright_ti5": 287.04,
        "frp": 0.67,
        "daynight": "N",
        "source_dataset": "VIIRS_SNPP_NRT",
        "acq_datetime_utc": "2026-10-05T01:05:00Z",
        "age_hours": 39.9,
        "confidence_label": "nominal",
        "popup_label": "<strong>NASA FIRMS<\/strong><br>Sensor: VIIRS_SNPP_NRT<br>Fecha UTC: 2026-10-05T01:05:00Z<br>Confianza: nominal<br>FRP: 0.67 MW"
      }
    },
    {
      "type": "Feature",
      "geometry": {
        "type": "Point",
        "coordinates": [4.4764, 35.7098]
      },
      "properties": {
        "bright_ti4": 305.9,
        "scan": 0.33,
        "track": 0.56,
        "acq_date": "2026-10-05",
        "acq_time": "0105",
        "satellite": "N",
        "instrument": "VIIRS",
        "confidence": "n",
        "version": "2.0NRT",
        "bright_ti5": 287.57,
        "frp": 0.61,
        "daynight": "N",
        "source_dataset": "VIIRS_SNPP_NRT",
        "acq_datetime_utc": "2026-10-05T01:05:00Z",
        "age_hours": 39.9,
        "confidence_label": "nominal",
        "popup_label": "<strong>NASA FIRMS<\/strong><br>Sensor: VIIRS_SNPP_NRT<br>Fecha UTC: 2026-10-05T01:05:00Z<br>Confianza: nominal<br>FRP: 0.61 MW"
      }
    },
    {
      "type": "Feature",
      "geometry": {
        "type": "Point",
        "coordinates": [-0.2517, 35.807]
      },
      "properties": {
        "bright_ti4": 313.67,
        "scan": 0.61,
        "track": 0.71,
        "acq_date": "2026-10-05",
        "acq_time": "0105",
        "satellite": "N",
        "instrument": "VIIRS",
        "confidence": "n",
        "version": "2.0NRT",
        "bright_ti5": 277.31,
        "frp": 3.34,
        "daynight": "N",
        "source_dataset": "VIIRS_SNPP_NRT",
        "acq_datetime_utc": "2026-10-05T01:05:00Z",
        "age_hours": 39.9,
        "confidence_label": "nominal",
        "popup_label": "<strong>NASA FIRMS<\/strong><br>Sensor: VIIRS_SNPP_NRT<br>Fecha UTC: 2026-10-05T01:05:00Z<br>Confianza: nominal<br>FRP: 3.34 MW"
      }
    },
    {
      "type": "Feature",
      "geometry": {
        "type": "Point",
        "coordinates": [-0.2586, 35.8073]
      },
      "properties": {
        "bright_ti4": 318.43,
        "scan": 0.61,
        "track": 0.71,
        "acq_date": "2026-10-05",
        "acq_time": "0105",
        "satellite": "N",
        "instrument": "VIIRS",
        "confidence": "n",
        "version": "2.0NRT",
        "bright_ti5": 277.27,
        "frp": 2.53,
        "daynight": "N",
        "source_dataset": "VIIRS_SNPP_NRT",
        "acq_datetime_utc": "2026-10-05T01:05:00Z",
        "age_hours": 39.9,
        "confidence_label": "nominal",
        "popup_label": "<strong>NASA FIRMS<\/strong><br>Sensor: VIIRS_SNPP_NRT<br>Fecha UTC: 2026-10-05T01:05:00Z<br>Confianza: nominal<br>FRP: 2.53 MW"
      }
    },
    {
      "type": "Feature",
      "geometry": {
        "type": "Point",
        "coordinates": [-0.2654, 35.8075]
      },
      "properties": {
        "bright_ti4": 297.07,
        "scan": 0.61,
        "track": 0.71,
        "acq_date": "2026-10-05",
        "acq_time": "0105",
        "satellite": "N",
        "instrument": "VIIRS",
        "confidence": "n",
        "version": "2.0NRT",
        "bright_ti5": 276.25,
        "frp": 2.53,
        "daynight": "N",
        "source_dataset": "VIIRS_SNPP_NRT",
        "acq_datetime_utc": "2026-10-05T01:05:00Z",
        "age_hours": 39.9,
        "confidence_label": "nominal",
        "popup_label": "<strong>NASA FIRMS<\/strong><br>Sensor: VIIRS_SNPP_NRT<br>Fecha UTC: 2026-10-05T01:05:00Z<br>Confianza: nominal<br>FRP: 2.53 MW"
      }
    },
    {
      "type": "Feature",
      "geometry": {
        "type": "Point",
        "coordinates": [-0.3276, 35.8229]
      },
      "properties": {
        "bright_ti4": 298.76,
        "scan": 0.62,
        "track": 0.71,
        "acq_date": "2026-10-05",
        "acq_time": "0105",
        "satellite": "N",
        "instrument": "VIIRS",
        "confidence": "n",
        "version": "2.0NRT",
        "bright_ti5": 280.46,
        "frp": 1.12,
        "daynight": "N",
        "source_dataset": "VIIRS_SNPP_NRT",
        "acq_datetime_utc": "2026-10-05T01:05:00Z",
        "age_hours": 39.9,
        "confidence_label": "nominal",
        "popup_label": "<strong>NASA FIRMS<\/strong><br>Sensor: VIIRS_SNPP_NRT<br>Fecha UTC: 2026-10-05T01:05:00Z<br>Confianza: nominal<br>FRP: 1.12 MW"
      }
    },
    {
      "type": "Feature",
      "geometry": {
        "type": "Point",
        "coordinates": [4.4493, 35.8794]
      },
      "properties": {
        "bright_ti4": 303.98,
        "scan": 0.34,
        "track": 0.56,
        "acq_date": "2026-10-05",
        "acq_time": "0105",
        "satellite": "N",
        "instrument": "VIIRS",
        "confidence": "n",
        "version": "2.0NRT",
        "bright_ti5": 286.34,
        "frp": 0.91,
        "daynight": "N",
        "source_dataset": "VIIRS_SNPP_NRT",
        "acq_datetime_utc": "2026-10-05T01:05:00Z",
        "age_hours": 39.9,
        "confidence_label": "nominal",
        "popup_label": "<strong>NASA FIRMS<\/strong><br>Sensor: VIIRS_SNPP_NRT<br>Fecha UTC: 2026-10-05T01:05:00Z<br>Confianza: nominal<br>FRP: 0.91 MW"
      }
    },
    {
      "type": "Feature",
      "geometry": {
        "type": "Point",
        "coordinates": [4.4454, 35.8797]
      },
      "properties": {
        "bright_ti4": 302.43,
        "scan": 0.34,
        "track": 0.56,
        "acq_date": "2026-10-05",
        "acq_time": "0105",
        "satellite": "N",
        "instrument": "VIIRS",
        "confidence": "n",
        "version": "2.0NRT",
        "bright_ti5": 287.05,
        "frp": 1.18,
        "daynight": "N",
        "source_dataset": "VIIRS_SNPP_NRT",
        "acq_datetime_utc": "2026-10-05T01:05:00Z",
        "age_hours": 39.9,
        "confidence_label": "nominal",
        "popup_label": "<strong>NASA FIRMS<\/strong><br>Sensor: VIIRS_SNPP_NRT<br>Fecha UTC: 2026-10-05T01:05:00Z<br>Confianza: nominal<br>FRP: 1.18 MW"
      }
    },
    {
      "type": "Feature",
      "geometry": {
        "type": "Point",
        "coordinates": [3.7476, 36.1765]
      },
      "properties": {
        "bright_ti4": 302.84,
        "scan": 0.37,
        "track": 0.58,
        "acq_date": "2026-10-05",
        "acq_time": "0105",
        "satellite": "N",
        "instrument": "VIIRS",
        "confidence": "n",
        "version": "2.0NRT",
        "bright_ti5": 281.73,
        "frp": 0.85,
        "daynight": "N",
        "source_dataset": "VIIRS_SNPP_NRT",
        "acq_datetime_utc": "2026-10-05T01:05:00Z",
        "age_hours": 39.9,
        "confidence_label": "nominal",
        "popup_label": "<strong>NASA FIRMS<\/strong><br>Sensor: VIIRS_SNPP_NRT<br>Fecha UTC: 2026-10-05T01:05:00Z<br>Confianza: nominal<br>FRP: 0.85 MW"
      }
    },
    {
      "type": "Feature",
      "geometry": {
        "type": "Point",
        "coordinates": [3.7496, 36.1802]
      },
      "properties": {
        "bright_ti4": 309.39,
        "scan": 0.37,
        "track": 0.58,
        "acq_date": "2026-10-05",
        "acq_time": "0105",
        "satellite": "N",
        "instrument": "VIIRS",
        "confidence": "n",
        "version": "2.0NRT",
        "bright_ti5": 283.28,
        "frp": 1.68,
        "daynight": "N",
        "source_dataset": "VIIRS_SNPP_NRT",
        "acq_datetime_utc": "2026-10-05T01:05:00Z",
        "age_hours": 39.9,
        "confidence_label": "nominal",
        "popup_label": "<strong>NASA FIRMS<\/strong><br>Sensor: VIIRS_SNPP_NRT<br>Fecha UTC: 2026-10-05T01:05:00Z<br>Confianza: nominal<br>FRP: 1.68 MW"
      }
    },
    {
      "type": "Feature",
      "geometry": {
        "type": "Point",
        "coordinates": [3.7477, 36.1819]
      },
      "properties": {
        "bright_ti4": 304.94,
        "scan": 0.37,
        "track": 0.58,
        "acq_date": "2026-10-05",
        "acq_time": "0105",
        "satellite": "N",
        "instrument": "VIIRS",
        "confidence": "n",
        "version": "2.0NRT",
        "bright_ti5": 283.22,
        "frp": 0.85,
        "daynight": "N",
        "source_dataset": "VIIRS_SNPP_NRT",
        "acq_datetime_utc": "2026-10-05T01:05:00Z",
        "age_hours": 39.9,
        "confidence_label": "nominal",
        "popup_label": "<strong>NASA FIRMS<\/strong><br>Sensor: VIIRS_SNPP_NRT<br>Fecha UTC: 2026-10-05T01:05:00Z<br>Confianza: nominal<br>FRP: 0.85 MW"
      }
    },
    {
      "type": "Feature",
      "geometry": {
        "type": "Point",
        "coordinates": [2.8773, 36.596]
      },
      "properties": {
        "bright_ti4": 303.46,
        "scan": 0.42,
        "track": 0.61,
        "acq_date": "2026-10-05",
        "acq_time": "0105",
        "satellite": "N",
        "instrument": "VIIRS",
        "confidence": "n",
        "version": "2.0NRT",
        "bright_ti5": 281.51,
        "frp": 0.8,
        "daynight": "N",
        "source_dataset": "VIIRS_SNPP_NRT",
        "acq_datetime_utc": "2026-10-05T01:05:00Z",
        "age_hours": 39.9,
        "confidence_label": "nominal",
        "popup_label": "<strong>NASA FIRMS<\/strong><br>Sensor: VIIRS_SNPP_NRT<br>Fecha UTC: 2026-10-05T01:05:00Z<br>Confianza: nominal<br>FRP: 0.8 MW"
      }
    },
    {
      "type": "Feature",
      "geometry": {
        "type": "Point",
        "coordinates": [3.2319, 36.6305]
      },
      "properties": {
        "bright_ti4": 300.23,
        "scan": 0.4,
        "track": 0.6,
        "acq_date": "2026-10-05",
        "acq_time": "0105",
        "satellite": "N",
        "instrument": "VIIRS",
        "confidence": "n",
        "version": "2.0NRT",
        "bright_ti5": 277.77,
        "frp": 0.62,
        "daynight": "N",
        "source_dataset": "VIIRS_SNPP_NRT",
        "acq_datetime_utc": "2026-10-05T01:05:00Z",
        "age_hours": 39.9,
        "confidence_label": "nominal",
        "popup_label": "<strong>NASA FIRMS<\/strong><br>Sensor: VIIRS_SNPP_NRT<br>Fecha UTC: 2026-10-05T01:05:00Z<br>Confianza: nominal<br>FRP: 0.62 MW"
      }
    },
    {
      "type": "Feature",
      "geometry": {
        "type": "Point",
        "coordinates": [0.8811, 41.5022]
      },
      "properties": {
        "bright_ti4": 301.34,
        "scan": 0.58,
        "track": 0.69,
        "acq_date": "2026-10-05",
        "acq_time": "0102",
        "satellite": "N",
        "instrument": "VIIRS",
        "confidence": "n",
        "version": "2.0NRT",
        "bright_ti5": 279.49,
        "frp": 0.83,
        "daynight": "N",
        "source_dataset": "VIIRS_SNPP_NRT",
        "acq_datetime_utc": "2026-10-05T01:02:00Z",
        "age_hours": 39.9,
        "confidence_label": "nominal",
        "popup_label": "<strong>NASA FIRMS<\/strong><br>Sensor: VIIRS_SNPP_NRT<br>Fecha UTC: 2026-10-05T01:02:00Z<br>Confianza: nominal<br>FRP: 0.83 MW"
      }
    },
    {
      "type": "Feature",
      "geometry": {
        "type": "Point",
        "coordinates": [0.8786, 41.5031]
      },
      "properties": {
        "bright_ti4": 301.2,
        "scan": 0.58,
        "track": 0.69,
        "acq_date": "2026-10-05",
        "acq_time": "0102",
        "satellite": "N",
        "instrument": "VIIRS",
        "confidence": "n",
        "version": "2.0NRT",
        "bright_ti5": 279.41,
        "frp": 1.8,
        "daynight": "N",
        "source_dataset": "VIIRS_SNPP_NRT",
        "acq_datetime_utc": "2026-10-05T01:02:00Z",
        "age_hours": 39.9,
        "confidence_label": "nominal",
        "popup_label": "<strong>NASA FIRMS<\/strong><br>Sensor: VIIRS_SNPP_NRT<br>Fecha UTC: 2026-10-05T01:02:00Z<br>Confianza: nominal<br>FRP: 1.8 MW"
      }
    },
    {
      "type": "Feature",
      "geometry": {
        "type": "Point",
        "coordinates": [0.8813, 41.5087]
      },
      "properties": {
        "bright_ti4": 301.62,
        "scan": 0.58,
        "track": 0.69,
        "acq_date": "2026-10-05",
        "acq_time": "0102",
        "satellite": "N",
        "instrument": "VIIRS",
        "confidence": "n",
        "version": "2.0NRT",
        "bright_ti5": 279.42,
        "frp": 0.83,
        "daynight": "N",
        "source_dataset": "VIIRS_SNPP_NRT",
        "acq_datetime_utc": "2026-10-05T01:02:00Z",
        "age_hours": 39.9,
        "confidence_label": "nominal",
        "popup_label": "<strong>NASA FIRMS<\/strong><br>Sensor: VIIRS_SNPP_NRT<br>Fecha UTC: 2026-10-05T01:02:00Z<br>Confianza: nominal<br>FRP: 0.83 MW"
      }
    },
    {
      "type": "Feature",
      "geometry": {
        "type": "Point",
        "coordinates": [-3.4715, 40.246]
      },
      "properties": {
        "bright_ti4": 325.17,
        "scan": 0.43,
        "track": 0.62,
        "acq_date": "2026-10-06",
        "acq_time": "1408",
        "satellite": "N20",
        "instrument": "VIIRS",
        "confidence": "n",
        "version": "2.0NRT",
        "bright_ti5": 290.18,
        "frp": 2.39,
        "daynight": "D",
        "source_dataset": "VIIRS_NOAA20_NRT",
        "acq_datetime_utc": "2026-10-06T14:08:00Z",
        "age_hours": 2.8,
        "confidence_label": "nominal",
        "popup_label": "<strong>NASA FIRMS<\/strong><br>Sensor: VIIRS_NOAA20_NRT<br>Fecha UTC: 2026-10-06T14:08:00Z<br>Confianza: nominal<br>FRP: 2.39 MW"
      }
    },
    {
      "type": "Feature",
      "geometry": {
        "type": "Point",
        "coordinates": [-8.5601, 38.4228]
      },
      "properties": {
        "bright_ti4": 341.07,
        "scan": 0.44,
        "track": 0.46,
        "acq_date": "2026-10-06",
        "acq_time": "1405",
        "satellite": "N20",
        "instrument": "VIIRS",
        "confidence": "n",
        "version": "2.0NRT",
        "bright_ti5": 295.89,
        "frp": 6.66,
        "daynight": "D",
        "source_dataset": "VIIRS_NOAA20_NRT",
        "acq_datetime_utc": "2026-10-06T14:05:00Z",
        "age_hours": 2.9,
        "confidence_label": "nominal",
        "popup_label": "<strong>NASA FIRMS<\/strong><br>Sensor: VIIRS_NOAA20_NRT<br>Fecha UTC: 2026-10-06T14:05:00Z<br>Confianza: nominal<br>FRP: 6.66 MW"
      }
    },
    {
      "type": "Feature",
      "geometry": {
        "type": "Point",
        "coordinates": [-8.555, 38.4233]
      },
      "properties": {
        "bright_ti4": 339,
        "scan": 0.44,
        "track": 0.46,
        "acq_date": "2026-10-06",
        "acq_time": "1405",
        "satellite": "N20",
        "instrument": "VIIRS",
        "confidence": "n",
        "version": "2.0NRT",
        "bright_ti5": 294.13,
        "frp": 5.44,
        "daynight": "D",
        "source_dataset": "VIIRS_NOAA20_NRT",
        "acq_datetime_utc": "2026-10-06T14:05:00Z",
        "age_hours": 2.9,
        "confidence_label": "nominal",
        "popup_label": "<strong>NASA FIRMS<\/strong><br>Sensor: VIIRS_NOAA20_NRT<br>Fecha UTC: 2026-10-06T14:05:00Z<br>Confianza: nominal<br>FRP: 5.44 MW"
      }
    },
    {
      "type": "Feature",
      "geometry": {
        "type": "Point",
        "coordinates": [0.3071, 28.6549]
      },
      "properties": {
        "bright_ti4": 345.69,
        "scan": 0.57,
        "track": 0.69,
        "acq_date": "2026-10-06",
        "acq_time": "1403",
        "satellite": "N20",
        "instrument": "VIIRS",
        "confidence": "n",
        "version": "2.0NRT",
        "bright_ti5": 304.76,
        "frp": 4.82,
        "daynight": "D",
        "source_dataset": "VIIRS_NOAA20_NRT",
        "acq_datetime_utc": "2026-10-06T14:03:00Z",
        "age_hours": 2.9,
        "confidence_label": "nominal",
        "popup_label": "<strong>NASA FIRMS<\/strong><br>Sensor: VIIRS_NOAA20_NRT<br>Fecha UTC: 2026-10-06T14:03:00Z<br>Confianza: nominal<br>FRP: 4.82 MW"
      }
    },
    {
      "type": "Feature",
      "geometry": {
        "type": "Point",
        "coordinates": [-6.9411, 32.8458]
      },
      "properties": {
        "bright_ti4": 338.88,
        "scan": 0.46,
        "track": 0.47,
        "acq_date": "2026-10-06",
        "acq_time": "1403",
        "satellite": "N20",
        "instrument": "VIIRS",
        "confidence": "n",
        "version": "2.0NRT",
        "bright_ti5": 306.38,
        "frp": 4.98,
        "daynight": "D",
        "source_dataset": "VIIRS_NOAA20_NRT",
        "acq_datetime_utc": "2026-10-06T14:03:00Z",
        "age_hours": 2.9,
        "confidence_label": "nominal",
        "popup_label": "<strong>NASA FIRMS<\/strong><br>Sensor: VIIRS_NOAA20_NRT<br>Fecha UTC: 2026-10-06T14:03:00Z<br>Confianza: nominal<br>FRP: 4.98 MW"
      }
    },
    {
      "type": "Feature",
      "geometry": {
        "type": "Point",
        "coordinates": [-6.9417, 32.8501]
      },
      "properties": {
        "bright_ti4": 336.66,
        "scan": 0.46,
        "track": 0.47,
        "acq_date": "2026-10-06",
        "acq_time": "1403",
        "satellite": "N20",
        "instrument": "VIIRS",
        "confidence": "n",
        "version": "2.0NRT",
        "bright_ti5": 305.73,
        "frp": 3.54,
        "daynight": "D",
        "source_dataset": "VIIRS_NOAA20_NRT",
        "acq_datetime_utc": "2026-10-06T14:03:00Z",
        "age_hours": 2.9,
        "confidence_label": "nominal",
        "popup_label": "<strong>NASA FIRMS<\/strong><br>Sensor: VIIRS_NOAA20_NRT<br>Fecha UTC: 2026-10-06T14:03:00Z<br>Confianza: nominal<br>FRP: 3.54 MW"
      }
    },
    {
      "type": "Feature",
      "geometry": {
        "type": "Point",
        "coordinates": [3.36, 44.5928]
      },
      "properties": {
        "bright_ti4": 329.36,
        "scan": 0.45,
        "track": 0.39,
        "acq_date": "2026-10-06",
        "acq_time": "1227",
        "satellite": "N20",
        "instrument": "VIIRS",
        "confidence": "n",
        "version": "2.0NRT",
        "bright_ti5": 288.84,
        "frp": 5.54,
        "daynight": "D",
        "source_dataset": "VIIRS_NOAA20_NRT",
        "acq_datetime_utc": "2026-10-06T12:27:00Z",
        "age_hours": 4.5,
        "confidence_label": "nominal",
        "popup_label": "<strong>NASA FIRMS<\/strong><br>Sensor: VIIRS_NOAA20_NRT<br>Fecha UTC: 2026-10-06T12:27:00Z<br>Confianza: nominal<br>FRP: 5.54 MW"
      }
    },
    {
      "type": "Feature",
      "geometry": {
        "type": "Point",
        "coordinates": [4.8902, 43.4361]
      },
      "properties": {
        "bright_ti4": 331.36,
        "scan": 0.42,
        "track": 0.38,
        "acq_date": "2026-10-06",
        "acq_time": "1225",
        "satellite": "N20",
        "instrument": "VIIRS",
        "confidence": "n",
        "version": "2.0NRT",
        "bright_ti5": 296.07,
        "frp": 7.8,
        "daynight": "D",
        "source_dataset": "VIIRS_NOAA20_NRT",
        "acq_datetime_utc": "2026-10-06T12:25:00Z",
        "age_hours": 4.5,
        "confidence_label": "nominal",
        "popup_label": "<strong>NASA FIRMS<\/strong><br>Sensor: VIIRS_NOAA20_NRT<br>Fecha UTC: 2026-10-06T12:25:00Z<br>Confianza: nominal<br>FRP: 7.8 MW"
      }
    },
    {
      "type": "Feature",
      "geometry": {
        "type": "Point",
        "coordinates": [4.8941, 43.4404]
      },
      "properties": {
        "bright_ti4": 334.78,
        "scan": 0.42,
        "track": 0.37,
        "acq_date": "2026-10-06",
        "acq_time": "1225",
        "satellite": "N20",
        "instrument": "VIIRS",
        "confidence": "n",
        "version": "2.0NRT",
        "bright_ti5": 295,
        "frp": 5.2,
        "daynight": "D",
        "source_dataset": "VIIRS_NOAA20_NRT",
        "acq_datetime_utc": "2026-10-06T12:25:00Z",
        "age_hours": 4.5,
        "confidence_label": "nominal",
        "popup_label": "<strong>NASA FIRMS<\/strong><br>Sensor: VIIRS_NOAA20_NRT<br>Fecha UTC: 2026-10-06T12:25:00Z<br>Confianza: nominal<br>FRP: 5.2 MW"
      }
    },
    {
      "type": "Feature",
      "geometry": {
        "type": "Point",
        "coordinates": [4.9492, 43.8451]
      },
      "properties": {
        "bright_ti4": 331.4,
        "scan": 0.41,
        "track": 0.37,
        "acq_date": "2026-10-06",
        "acq_time": "1225",
        "satellite": "N20",
        "instrument": "VIIRS",
        "confidence": "n",
        "version": "2.0NRT",
        "bright_ti5": 293.88,
        "frp": 5.58,
        "daynight": "D",
        "source_dataset": "VIIRS_NOAA20_NRT",
        "acq_datetime_utc": "2026-10-06T12:25:00Z",
        "age_hours": 4.5,
        "confidence_label": "nominal",
        "popup_label": "<strong>NASA FIRMS<\/strong><br>Sensor: VIIRS_NOAA20_NRT<br>Fecha UTC: 2026-10-06T12:25:00Z<br>Confianza: nominal<br>FRP: 5.58 MW"
      }
    },
    {
      "type": "Feature",
      "geometry": {
        "type": "Point",
        "coordinates": [0.6679, 29.4758]
      },
      "properties": {
        "bright_ti4": 343.54,
        "scan": 0.42,
        "track": 0.61,
        "acq_date": "2026-10-06",
        "acq_time": "1223",
        "satellite": "N20",
        "instrument": "VIIRS",
        "confidence": "n",
        "version": "2.0NRT",
        "bright_ti5": 309.41,
        "frp": 3.27,
        "daynight": "D",
        "source_dataset": "VIIRS_NOAA20_NRT",
        "acq_datetime_utc": "2026-10-06T12:23:00Z",
        "age_hours": 4.6,
        "confidence_label": "nominal",
        "popup_label": "<strong>NASA FIRMS<\/strong><br>Sensor: VIIRS_NOAA20_NRT<br>Fecha UTC: 2026-10-06T12:23:00Z<br>Confianza: nominal<br>FRP: 3.27 MW"
      }
    },
    {
      "type": "Feature",
      "geometry": {
        "type": "Point",
        "coordinates": [3.7567, 31.7453]
      },
      "properties": {
        "bright_ti4": 341.29,
        "scan": 0.49,
        "track": 0.49,
        "acq_date": "2026-10-06",
        "acq_time": "1223",
        "satellite": "N20",
        "instrument": "VIIRS",
        "confidence": "n",
        "version": "2.0NRT",
        "bright_ti5": 311.18,
        "frp": 13.9,
        "daynight": "D",
        "source_dataset": "VIIRS_NOAA20_NRT",
        "acq_datetime_utc": "2026-10-06T12:23:00Z",
        "age_hours": 4.6,
        "confidence_label": "nominal",
        "popup_label": "<strong>NASA FIRMS<\/strong><br>Sensor: VIIRS_NOAA20_NRT<br>Fecha UTC: 2026-10-06T12:23:00Z<br>Confianza: nominal<br>FRP: 13.9 MW"
      }
    },
    {
      "type": "Feature",
      "geometry": {
        "type": "Point",
        "coordinates": [3.7618, 31.7464]
      },
      "properties": {
        "bright_ti4": 353.3,
        "scan": 0.49,
        "track": 0.49,
        "acq_date": "2026-10-06",
        "acq_time": "1223",
        "satellite": "N20",
        "instrument": "VIIRS",
        "confidence": "n",
        "version": "2.0NRT",
        "bright_ti5": 312.86,
        "frp": 23.48,
        "daynight": "D",
        "source_dataset": "VIIRS_NOAA20_NRT",
        "acq_datetime_utc": "2026-10-06T12:23:00Z",
        "age_hours": 4.6,
        "confidence_label": "nominal",
        "popup_label": "<strong>NASA FIRMS<\/strong><br>Sensor: VIIRS_NOAA20_NRT<br>Fecha UTC: 2026-10-06T12:23:00Z<br>Confianza: nominal<br>FRP: 23.48 MW"
      }
    },
    {
      "type": "Feature",
      "geometry": {
        "type": "Point",
        "coordinates": [3.9858, 32.2736]
      },
      "properties": {
        "bright_ti4": 339.23,
        "scan": 0.47,
        "track": 0.48,
        "acq_date": "2026-10-06",
        "acq_time": "1223",
        "satellite": "N20",
        "instrument": "VIIRS",
        "confidence": "n",
        "version": "2.0NRT",
        "bright_ti5": 307.38,
        "frp": 6.11,
        "daynight": "D",
        "source_dataset": "VIIRS_NOAA20_NRT",
        "acq_datetime_utc": "2026-10-06T12:23:00Z",
        "age_hours": 4.6,
        "confidence_label": "nominal",
        "popup_label": "<strong>NASA FIRMS<\/strong><br>Sensor: VIIRS_NOAA20_NRT<br>Fecha UTC: 2026-10-06T12:23:00Z<br>Confianza: nominal<br>FRP: 6.11 MW"
      }
    },
    {
      "type": "Feature",
      "geometry": {
        "type": "Point",
        "coordinates": [4.1383, 32.374]
      },
      "properties": {
        "bright_ti4": 336.6,
        "scan": 0.46,
        "track": 0.47,
        "acq_date": "2026-10-06",
        "acq_time": "1223",
        "satellite": "N20",
        "instrument": "VIIRS",
        "confidence": "l",
        "version": "2.0NRT",
        "bright_ti5": 307.12,
        "frp": 1.9,
        "daynight": "D",
        "source_dataset": "VIIRS_NOAA20_NRT",
        "acq_datetime_utc": "2026-10-06T12:23:00Z",
        "age_hours": 4.6,
        "confidence_label": "baja",
        "popup_label": "<strong>NASA FIRMS<\/strong><br>Sensor: VIIRS_NOAA20_NRT<br>Fecha UTC: 2026-10-06T12:23:00Z<br>Confianza: baja<br>FRP: 1.9 MW"
      }
    },
    {
      "type": "Feature",
      "geometry": {
        "type": "Point",
        "coordinates": [4.0184, 32.3958]
      },
      "properties": {
        "bright_ti4": 343.79,
        "scan": 0.46,
        "track": 0.47,
        "acq_date": "2026-10-06",
        "acq_time": "1223",
        "satellite": "N20",
        "instrument": "VIIRS",
        "confidence": "n",
        "version": "2.0NRT",
        "bright_ti5": 306.36,
        "frp": 3.67,
        "daynight": "D",
        "source_dataset": "VIIRS_NOAA20_NRT",
        "acq_datetime_utc": "2026-10-06T12:23:00Z",
        "age_hours": 4.6,
        "confidence_label": "nominal",
        "popup_label": "<strong>NASA FIRMS<\/strong><br>Sensor: VIIRS_NOAA20_NRT<br>Fecha UTC: 2026-10-06T12:23:00Z<br>Confianza: nominal<br>FRP: 3.67 MW"
      }
    },
    {
      "type": "Feature",
      "geometry": {
        "type": "Point",
        "coordinates": [4.0064, 32.4023]
      },
      "properties": {
        "bright_ti4": 345.99,
        "scan": 0.46,
        "track": 0.47,
        "acq_date": "2026-10-06",
        "acq_time": "1223",
        "satellite": "N20",
        "instrument": "VIIRS",
        "confidence": "n",
        "version": "2.0NRT",
        "bright_ti5": 307.03,
        "frp": 4.51,
        "daynight": "D",
        "source_dataset": "VIIRS_NOAA20_NRT",
        "acq_datetime_utc": "2026-10-06T12:23:00Z",
        "age_hours": 4.6,
        "confidence_label": "nominal",
        "popup_label": "<strong>NASA FIRMS<\/strong><br>Sensor: VIIRS_NOAA20_NRT<br>Fecha UTC: 2026-10-06T12:23:00Z<br>Confianza: nominal<br>FRP: 4.51 MW"
      }
    },
    {
      "type": "Feature",
      "geometry": {
        "type": "Point",
        "coordinates": [3.1716, 32.5544]
      },
      "properties": {
        "bright_ti4": 342.8,
        "scan": 0.51,
        "track": 0.49,
        "acq_date": "2026-10-06",
        "acq_time": "1223",
        "satellite": "N20",
        "instrument": "VIIRS",
        "confidence": "n",
        "version": "2.0NRT",
        "bright_ti5": 307.22,
        "frp": 4.68,
        "daynight": "D",
        "source_dataset": "VIIRS_NOAA20_NRT",
        "acq_datetime_utc": "2026-10-06T12:23:00Z",
        "age_hours": 4.6,
        "confidence_label": "nominal",
        "popup_label": "<strong>NASA FIRMS<\/strong><br>Sensor: VIIRS_NOAA20_NRT<br>Fecha UTC: 2026-10-06T12:23:00Z<br>Confianza: nominal<br>FRP: 4.68 MW"
      }
    },
    {
      "type": "Feature",
      "geometry": {
        "type": "Point",
        "coordinates": [3.2336, 32.9329]
      },
      "properties": {
        "bright_ti4": 338.24,
        "scan": 0.5,
        "track": 0.49,
        "acq_date": "2026-10-06",
        "acq_time": "1223",
        "satellite": "N20",
        "instrument": "VIIRS",
        "confidence": "n",
        "version": "2.0NRT",
        "bright_ti5": 304.51,
        "frp": 4.79,
        "daynight": "D",
        "source_dataset": "VIIRS_NOAA20_NRT",
        "acq_datetime_utc": "2026-10-06T12:23:00Z",
        "age_hours": 4.6,
        "confidence_label": "nominal",
        "popup_label": "<strong>NASA FIRMS<\/strong><br>Sensor: VIIRS_NOAA20_NRT<br>Fecha UTC: 2026-10-06T12:23:00Z<br>Confianza: nominal<br>FRP: 4.79 MW"
      }
    },
    {
      "type": "Feature",
      "geometry": {
        "type": "Point",
        "coordinates": [-0.5214, 28.2018]
      },
      "properties": {
        "bright_ti4": 308.1,
        "scan": 0.6,
        "track": 0.71,
        "acq_date": "2026-10-06",
        "acq_time": "0247",
        "satellite": "N20",
        "instrument": "VIIRS",
        "confidence": "n",
        "version": "2.0NRT",
        "bright_ti5": 275.4,
        "frp": 1.91,
        "daynight": "N",
        "source_dataset": "VIIRS_NOAA20_NRT",
        "acq_datetime_utc": "2026-10-06T02:47:00Z",
        "age_hours": 14.2,
        "confidence_label": "nominal",
        "popup_label": "<strong>NASA FIRMS<\/strong><br>Sensor: VIIRS_NOAA20_NRT<br>Fecha UTC: 2026-10-06T02:47:00Z<br>Confianza: nominal<br>FRP: 1.91 MW"
      }
    },
    {
      "type": "Feature",
      "geometry": {
        "type": "Point",
        "coordinates": [3.1704, 32.5535]
      },
      "properties": {
        "bright_ti4": 298.18,
        "scan": 0.75,
        "track": 0.77,
        "acq_date": "2026-10-06",
        "acq_time": "0245",
        "satellite": "N20",
        "instrument": "VIIRS",
        "confidence": "n",
        "version": "2.0NRT",
        "bright_ti5": 282.04,
        "frp": 2.89,
        "daynight": "N",
        "source_dataset": "VIIRS_NOAA20_NRT",
        "acq_datetime_utc": "2026-10-06T02:45:00Z",
        "age_hours": 14.2,
        "confidence_label": "nominal",
        "popup_label": "<strong>NASA FIRMS<\/strong><br>Sensor: VIIRS_NOAA20_NRT<br>Fecha UTC: 2026-10-06T02:45:00Z<br>Confianza: nominal<br>FRP: 2.89 MW"
      }
    },
    {
      "type": "Feature",
      "geometry": {
        "type": "Point",
        "coordinates": [3.1659, 32.5557]
      },
      "properties": {
        "bright_ti4": 334.19,
        "scan": 0.75,
        "track": 0.77,
        "acq_date": "2026-10-06",
        "acq_time": "0245",
        "satellite": "N20",
        "instrument": "VIIRS",
        "confidence": "n",
        "version": "2.0NRT",
        "bright_ti5": 282.17,
        "frp": 5.64,
        "daynight": "N",
        "source_dataset": "VIIRS_NOAA20_NRT",
        "acq_datetime_utc": "2026-10-06T02:45:00Z",
        "age_hours": 14.2,
        "confidence_label": "nominal",
        "popup_label": "<strong>NASA FIRMS<\/strong><br>Sensor: VIIRS_NOAA20_NRT<br>Fecha UTC: 2026-10-06T02:45:00Z<br>Confianza: nominal<br>FRP: 5.64 MW"
      }
    },
    {
      "type": "Feature",
      "geometry": {
        "type": "Point",
        "coordinates": [3.1628, 32.5559]
      },
      "properties": {
        "bright_ti4": 319.83,
        "scan": 0.75,
        "track": 0.77,
        "acq_date": "2026-10-06",
        "acq_time": "0245",
        "satellite": "N20",
        "instrument": "VIIRS",
        "confidence": "n",
        "version": "2.0NRT",
        "bright_ti5": 281.99,
        "frp": 4.01,
        "daynight": "N",
        "source_dataset": "VIIRS_NOAA20_NRT",
        "acq_datetime_utc": "2026-10-06T02:45:00Z",
        "age_hours": 14.2,
        "confidence_label": "nominal",
        "popup_label": "<strong>NASA FIRMS<\/strong><br>Sensor: VIIRS_NOAA20_NRT<br>Fecha UTC: 2026-10-06T02:45:00Z<br>Confianza: nominal<br>FRP: 4.01 MW"
      }
    },
    {
      "type": "Feature",
      "geometry": {
        "type": "Point",
        "coordinates": [-6.1376, 32.5685]
      },
      "properties": {
        "bright_ti4": 301.91,
        "scan": 0.45,
        "track": 0.47,
        "acq_date": "2026-10-06",
        "acq_time": "0245",
        "satellite": "N20",
        "instrument": "VIIRS",
        "confidence": "n",
        "version": "2.0NRT",
        "bright_ti5": 291.09,
        "frp": 0.67,
        "daynight": "N",
        "source_dataset": "VIIRS_NOAA20_NRT",
        "acq_datetime_utc": "2026-10-06T02:45:00Z",
        "age_hours": 14.2,
        "confidence_label": "nominal",
        "popup_label": "<strong>NASA FIRMS<\/strong><br>Sensor: VIIRS_NOAA20_NRT<br>Fecha UTC: 2026-10-06T02:45:00Z<br>Confianza: nominal<br>FRP: 0.67 MW"
      }
    },
    {
      "type": "Feature",
      "geometry": {
        "type": "Point",
        "coordinates": [3.1801, 32.745]
      },
      "properties": {
        "bright_ti4": 298.85,
        "scan": 0.74,
        "track": 0.76,
        "acq_date": "2026-10-06",
        "acq_time": "0245",
        "satellite": "N20",
        "instrument": "VIIRS",
        "confidence": "n",
        "version": "2.0NRT",
        "bright_ti5": 281.12,
        "frp": 1.99,
        "daynight": "N",
        "source_dataset": "VIIRS_NOAA20_NRT",
        "acq_datetime_utc": "2026-10-06T02:45:00Z",
        "age_hours": 14.2,
        "confidence_label": "nominal",
        "popup_label": "<strong>NASA FIRMS<\/strong><br>Sensor: VIIRS_NOAA20_NRT<br>Fecha UTC: 2026-10-06T02:45:00Z<br>Confianza: nominal<br>FRP: 1.99 MW"
      }
    },
    {
      "type": "Feature",
      "geometry": {
        "type": "Point",
        "coordinates": [3.2251, 32.9477]
      },
      "properties": {
        "bright_ti4": 298.91,
        "scan": 0.74,
        "track": 0.76,
        "acq_date": "2026-10-06",
        "acq_time": "0245",
        "satellite": "N20",
        "instrument": "VIIRS",
        "confidence": "n",
        "version": "2.0NRT",
        "bright_ti5": 275.56,
        "frp": 1.82,
        "daynight": "N",
        "source_dataset": "VIIRS_NOAA20_NRT",
        "acq_datetime_utc": "2026-10-06T02:45:00Z",
        "age_hours": 14.2,
        "confidence_label": "nominal",
        "popup_label": "<strong>NASA FIRMS<\/strong><br>Sensor: VIIRS_NOAA20_NRT<br>Fecha UTC: 2026-10-06T02:45:00Z<br>Confianza: nominal<br>FRP: 1.82 MW"
      }
    },
    {
      "type": "Feature",
      "geometry": {
        "type": "Point",
        "coordinates": [3.3152, 33.1294]
      },
      "properties": {
        "bright_ti4": 307.01,
        "scan": 0.74,
        "track": 0.76,
        "acq_date": "2026-10-06",
        "acq_time": "0245",
        "satellite": "N20",
        "instrument": "VIIRS",
        "confidence": "n",
        "version": "2.0NRT",
        "bright_ti5": 274.95,
        "frp": 2.67,
        "daynight": "N",
        "source_dataset": "VIIRS_NOAA20_NRT",
        "acq_datetime_utc": "2026-10-06T02:45:00Z",
        "age_hours": 14.2,
        "confidence_label": "nominal",
        "popup_label": "<strong>NASA FIRMS<\/strong><br>Sensor: VIIRS_NOAA20_NRT<br>Fecha UTC: 2026-10-06T02:45:00Z<br>Confianza: nominal<br>FRP: 2.67 MW"
      }
    },
    {
      "type": "Feature",
      "geometry": {
        "type": "Point",
        "coordinates": [-7.7504, 33.3694]
      },
      "properties": {
        "bright_ti4": 306.42,
        "scan": 0.54,
        "track": 0.42,
        "acq_date": "2026-10-06",
        "acq_time": "0245",
        "satellite": "N20",
        "instrument": "VIIRS",
        "confidence": "n",
        "version": "2.0NRT",
        "bright_ti5": 291.38,
        "frp": 1.37,
        "daynight": "N",
        "source_dataset": "VIIRS_NOAA20_NRT",
        "acq_datetime_utc": "2026-10-06T02:45:00Z",
        "age_hours": 14.2,
        "confidence_label": "nominal",
        "popup_label": "<strong>NASA FIRMS<\/strong><br>Sensor: VIIRS_NOAA20_NRT<br>Fecha UTC: 2026-10-06T02:45:00Z<br>Confianza: nominal<br>FRP: 1.37 MW"
      }
    },
    {
      "type": "Feature",
      "geometry": {
        "type": "Point",
        "coordinates": [-2.3472, 34.5956]
      },
      "properties": {
        "bright_ti4": 296.55,
        "scan": 0.33,
        "track": 0.55,
        "acq_date": "2026-10-06",
        "acq_time": "0245",
        "satellite": "N20",
        "instrument": "VIIRS",
        "confidence": "n",
        "version": "2.0NRT",
        "bright_ti5": 280.75,
        "frp": 0.56,
        "daynight": "N",
        "source_dataset": "VIIRS_NOAA20_NRT",
        "acq_datetime_utc": "2026-10-06T02:45:00Z",
        "age_hours": 14.2,
        "confidence_label": "nominal",
        "popup_label": "<strong>NASA FIRMS<\/strong><br>Sensor: VIIRS_NOAA20_NRT<br>Fecha UTC: 2026-10-06T02:45:00Z<br>Confianza: nominal<br>FRP: 0.56 MW"
      }
    },
    {
      "type": "Feature",
      "geometry": {
        "type": "Point",
        "coordinates": [-0.3952, 35.4587]
      },
      "properties": {
        "bright_ti4": 300.89,
        "scan": 0.4,
        "track": 0.6,
        "acq_date": "2026-10-06",
        "acq_time": "0245",
        "satellite": "N20",
        "instrument": "VIIRS",
        "confidence": "n",
        "version": "2.0NRT",
        "bright_ti5": 282.75,
        "frp": 1.43,
        "daynight": "N",
        "source_dataset": "VIIRS_NOAA20_NRT",
        "acq_datetime_utc": "2026-10-06T02:45:00Z",
        "age_hours": 14.2,
        "confidence_label": "nominal",
        "popup_label": "<strong>NASA FIRMS<\/strong><br>Sensor: VIIRS_NOAA20_NRT<br>Fecha UTC: 2026-10-06T02:45:00Z<br>Confianza: nominal<br>FRP: 1.43 MW"
      }
    },
    {
      "type": "Feature",
      "geometry": {
        "type": "Point",
        "coordinates": [-0.2755, 35.5329]
      },
      "properties": {
        "bright_ti4": 299.37,
        "scan": 0.41,
        "track": 0.6,
        "acq_date": "2026-10-06",
        "acq_time": "0245",
        "satellite": "N20",
        "instrument": "VIIRS",
        "confidence": "n",
        "version": "2.0NRT",
        "bright_ti5": 287.48,
        "frp": 0.8,
        "daynight": "N",
        "source_dataset": "VIIRS_NOAA20_NRT",
        "acq_datetime_utc": "2026-10-06T02:45:00Z",
        "age_hours": 14.2,
        "confidence_label": "nominal",
        "popup_label": "<strong>NASA FIRMS<\/strong><br>Sensor: VIIRS_NOAA20_NRT<br>Fecha UTC: 2026-10-06T02:45:00Z<br>Confianza: nominal<br>FRP: 0.8 MW"
      }
    },
    {
      "type": "Feature",
      "geometry": {
        "type": "Point",
        "coordinates": [-0.4547, 35.6805]
      },
      "properties": {
        "bright_ti4": 298.09,
        "scan": 0.39,
        "track": 0.6,
        "acq_date": "2026-10-06",
        "acq_time": "0245",
        "satellite": "N20",
        "instrument": "VIIRS",
        "confidence": "n",
        "version": "2.0NRT",
        "bright_ti5": 284.39,
        "frp": 0.39,
        "daynight": "N",
        "source_dataset": "VIIRS_NOAA20_NRT",
        "acq_datetime_utc": "2026-10-06T02:45:00Z",
        "age_hours": 14.2,
        "confidence_label": "nominal",
        "popup_label": "<strong>NASA FIRMS<\/strong><br>Sensor: VIIRS_NOAA20_NRT<br>Fecha UTC: 2026-10-06T02:45:00Z<br>Confianza: nominal<br>FRP: 0.39 MW"
      }
    },
    {
      "type": "Feature",
      "geometry": {
        "type": "Point",
        "coordinates": [-0.2619, 35.7658]
      },
      "properties": {
        "bright_ti4": 301.72,
        "scan": 0.4,
        "track": 0.6,
        "acq_date": "2026-10-06",
        "acq_time": "0245",
        "satellite": "N20",
        "instrument": "VIIRS",
        "confidence": "n",
        "version": "2.0NRT",
        "bright_ti5": 288.14,
        "frp": 1.19,
        "daynight": "N",
        "source_dataset": "VIIRS_NOAA20_NRT",
        "acq_datetime_utc": "2026-10-06T02:45:00Z",
        "age_hours": 14.2,
        "confidence_label": "nominal",
        "popup_label": "<strong>NASA FIRMS<\/strong><br>Sensor: VIIRS_NOAA20_NRT<br>Fecha UTC: 2026-10-06T02:45:00Z<br>Confianza: nominal<br>FRP: 1.19 MW"
      }
    },
    {
      "type": "Feature",
      "geometry": {
        "type": "Point",
        "coordinates": [-0.2439, 35.8077]
      },
      "properties": {
        "bright_ti4": 301.29,
        "scan": 0.4,
        "track": 0.6,
        "acq_date": "2026-10-06",
        "acq_time": "0245",
        "satellite": "N20",
        "instrument": "VIIRS",
        "confidence": "n",
        "version": "2.0NRT",
        "bright_ti5": 286.28,
        "frp": 1.34,
        "daynight": "N",
        "source_dataset": "VIIRS_NOAA20_NRT",
        "acq_datetime_utc": "2026-10-06T02:45:00Z",
        "age_hours": 14.2,
        "confidence_label": "nominal",
        "popup_label": "<strong>NASA FIRMS<\/strong><br>Sensor: VIIRS_NOAA20_NRT<br>Fecha UTC: 2026-10-06T02:45:00Z<br>Confianza: nominal<br>FRP: 1.34 MW"
      }
    },
    {
      "type": "Feature",
      "geometry": {
        "type": "Point",
        "coordinates": [-0.2522, 35.8099]
      },
      "properties": {
        "bright_ti4": 304.26,
        "scan": 0.4,
        "track": 0.6,
        "acq_date": "2026-10-06",
        "acq_time": "0245",
        "satellite": "N20",
        "instrument": "VIIRS",
        "confidence": "n",
        "version": "2.0NRT",
        "bright_ti5": 285.47,
        "frp": 2.56,
        "daynight": "N",
        "source_dataset": "VIIRS_NOAA20_NRT",
        "acq_datetime_utc": "2026-10-06T02:45:00Z",
        "age_hours": 14.2,
        "confidence_label": "nominal",
        "popup_label": "<strong>NASA FIRMS<\/strong><br>Sensor: VIIRS_NOAA20_NRT<br>Fecha UTC: 2026-10-06T02:45:00Z<br>Confianza: nominal<br>FRP: 2.56 MW"
      }
    },
    {
      "type": "Feature",
      "geometry": {
        "type": "Point",
        "coordinates": [-0.2565, 35.8111]
      },
      "properties": {
        "bright_ti4": 328.01,
        "scan": 0.4,
        "track": 0.6,
        "acq_date": "2026-10-06",
        "acq_time": "0245",
        "satellite": "N20",
        "instrument": "VIIRS",
        "confidence": "n",
        "version": "2.0NRT",
        "bright_ti5": 283.95,
        "frp": 2.85,
        "daynight": "N",
        "source_dataset": "VIIRS_NOAA20_NRT",
        "acq_datetime_utc": "2026-10-06T02:45:00Z",
        "age_hours": 14.2,
        "confidence_label": "nominal",
        "popup_label": "<strong>NASA FIRMS<\/strong><br>Sensor: VIIRS_NOAA20_NRT<br>Fecha UTC: 2026-10-06T02:45:00Z<br>Confianza: nominal<br>FRP: 2.85 MW"
      }
    },
    {
      "type": "Feature",
      "geometry": {
        "type": "Point",
        "coordinates": [-0.2692, 35.8145]
      },
      "properties": {
        "bright_ti4": 310.45,
        "scan": 0.4,
        "track": 0.6,
        "acq_date": "2026-10-06",
        "acq_time": "0245",
        "satellite": "N20",
        "instrument": "VIIRS",
        "confidence": "n",
        "version": "2.0NRT",
        "bright_ti5": 285.65,
        "frp": 1.99,
        "daynight": "N",
        "source_dataset": "VIIRS_NOAA20_NRT",
        "acq_datetime_utc": "2026-10-06T02:45:00Z",
        "age_hours": 14.2,
        "confidence_label": "nominal",
        "popup_label": "<strong>NASA FIRMS<\/strong><br>Sensor: VIIRS_NOAA20_NRT<br>Fecha UTC: 2026-10-06T02:45:00Z<br>Confianza: nominal<br>FRP: 1.99 MW"
      }
    },
    {
      "type": "Feature",
      "geometry": {
        "type": "Point",
        "coordinates": [-0.3227, 35.8229]
      },
      "properties": {
        "bright_ti4": 302.23,
        "scan": 0.4,
        "track": 0.6,
        "acq_date": "2026-10-06",
        "acq_time": "0245",
        "satellite": "N20",
        "instrument": "VIIRS",
        "confidence": "n",
        "version": "2.0NRT",
        "bright_ti5": 285.66,
        "frp": 0.87,
        "daynight": "N",
        "source_dataset": "VIIRS_NOAA20_NRT",
        "acq_datetime_utc": "2026-10-06T02:45:00Z",
        "age_hours": 14.2,
        "confidence_label": "nominal",
        "popup_label": "<strong>NASA FIRMS<\/strong><br>Sensor: VIIRS_NOAA20_NRT<br>Fecha UTC: 2026-10-06T02:45:00Z<br>Confianza: nominal<br>FRP: 0.87 MW"
      }
    },
    {
      "type": "Feature",
      "geometry": {
        "type": "Point",
        "coordinates": [4.4468, 35.8773]
      },
      "properties": {
        "bright_ti4": 298.25,
        "scan": 0.71,
        "track": 0.75,
        "acq_date": "2026-10-06",
        "acq_time": "0243",
        "satellite": "N20",
        "instrument": "VIIRS",
        "confidence": "n",
        "version": "2.0NRT",
        "bright_ti5": 281.49,
        "frp": 0.79,
        "daynight": "N",
        "source_dataset": "VIIRS_NOAA20_NRT",
        "acq_datetime_utc": "2026-10-06T02:43:00Z",
        "age_hours": 14.2,
        "confidence_label": "nominal",
        "popup_label": "<strong>NASA FIRMS<\/strong><br>Sensor: VIIRS_NOAA20_NRT<br>Fecha UTC: 2026-10-06T02:43:00Z<br>Confianza: nominal<br>FRP: 0.79 MW"
      }
    },
    {
      "type": "Feature",
      "geometry": {
        "type": "Point",
        "coordinates": [4.4464, 35.8787]
      },
      "properties": {
        "bright_ti4": 301.06,
        "scan": 0.71,
        "track": 0.75,
        "acq_date": "2026-10-06",
        "acq_time": "0243",
        "satellite": "N20",
        "instrument": "VIIRS",
        "confidence": "n",
        "version": "2.0NRT",
        "bright_ti5": 282.52,
        "frp": 2.05,
        "daynight": "N",
        "source_dataset": "VIIRS_NOAA20_NRT",
        "acq_datetime_utc": "2026-10-06T02:43:00Z",
        "age_hours": 14.2,
        "confidence_label": "nominal",
        "popup_label": "<strong>NASA FIRMS<\/strong><br>Sensor: VIIRS_NOAA20_NRT<br>Fecha UTC: 2026-10-06T02:43:00Z<br>Confianza: nominal<br>FRP: 2.05 MW"
      }
    },
    {
      "type": "Feature",
      "geometry": {
        "type": "Point",
        "coordinates": [1.2416, 36.13]
      },
      "properties": {
        "bright_ti4": 310.06,
        "scan": 0.47,
        "track": 0.64,
        "acq_date": "2026-10-06",
        "acq_time": "0243",
        "satellite": "N20",
        "instrument": "VIIRS",
        "confidence": "n",
        "version": "2.0NRT",
        "bright_ti5": 281.39,
        "frp": 1.94,
        "daynight": "N",
        "source_dataset": "VIIRS_NOAA20_NRT",
        "acq_datetime_utc": "2026-10-06T02:43:00Z",
        "age_hours": 14.2,
        "confidence_label": "nominal",
        "popup_label": "<strong>NASA FIRMS<\/strong><br>Sensor: VIIRS_NOAA20_NRT<br>Fecha UTC: 2026-10-06T02:43:00Z<br>Confianza: nominal<br>FRP: 1.94 MW"
      }
    },
    {
      "type": "Feature",
      "geometry": {
        "type": "Point",
        "coordinates": [3.7497, 36.1818]
      },
      "properties": {
        "bright_ti4": 300.69,
        "scan": 0.64,
        "track": 0.72,
        "acq_date": "2026-10-06",
        "acq_time": "0243",
        "satellite": "N20",
        "instrument": "VIIRS",
        "confidence": "n",
        "version": "2.0NRT",
        "bright_ti5": 285.05,
        "frp": 1.94,
        "daynight": "N",
        "source_dataset": "VIIRS_NOAA20_NRT",
        "acq_datetime_utc": "2026-10-06T02:43:00Z",
        "age_hours": 14.2,
        "confidence_label": "nominal",
        "popup_label": "<strong>NASA FIRMS<\/strong><br>Sensor: VIIRS_NOAA20_NRT<br>Fecha UTC: 2026-10-06T02:43:00Z<br>Confianza: nominal<br>FRP: 1.94 MW"
      }
    },
    {
      "type": "Feature",
      "geometry": {
        "type": "Point",
        "coordinates": [3.7445, 36.1824]
      },
      "properties": {
        "bright_ti4": 306.13,
        "scan": 0.64,
        "track": 0.72,
        "acq_date": "2026-10-06",
        "acq_time": "0243",
        "satellite": "N20",
        "instrument": "VIIRS",
        "confidence": "n",
        "version": "2.0NRT",
        "bright_ti5": 284.45,
        "frp": 1.43,
        "daynight": "N",
        "source_dataset": "VIIRS_NOAA20_NRT",
        "acq_datetime_utc": "2026-10-06T02:43:00Z",
        "age_hours": 14.2,
        "confidence_label": "nominal",
        "popup_label": "<strong>NASA FIRMS<\/strong><br>Sensor: VIIRS_NOAA20_NRT<br>Fecha UTC: 2026-10-06T02:43:00Z<br>Confianza: nominal<br>FRP: 1.43 MW"
      }
    },
    {
      "type": "Feature",
      "geometry": {
        "type": "Point",
        "coordinates": [3.1218, 36.6815]
      },
      "properties": {
        "bright_ti4": 311.66,
        "scan": 0.57,
        "track": 0.69,
        "acq_date": "2026-10-06",
        "acq_time": "0243",
        "satellite": "N20",
        "instrument": "VIIRS",
        "confidence": "n",
        "version": "2.0NRT",
        "bright_ti5": 280.18,
        "frp": 1.46,
        "daynight": "N",
        "source_dataset": "VIIRS_NOAA20_NRT",
        "acq_datetime_utc": "2026-10-06T02:43:00Z",
        "age_hours": 14.2,
        "confidence_label": "nominal",
        "popup_label": "<strong>NASA FIRMS<\/strong><br>Sensor: VIIRS_NOAA20_NRT<br>Fecha UTC: 2026-10-06T02:43:00Z<br>Confianza: nominal<br>FRP: 1.46 MW"
      }
    },
    {
      "type": "Feature",
      "geometry": {
        "type": "Point",
        "coordinates": [-8.0542, 38.3952]
      },
      "properties": {
        "bright_ti4": 298.59,
        "scan": 0.44,
        "track": 0.38,
        "acq_date": "2026-10-06",
        "acq_time": "0243",
        "satellite": "N20",
        "instrument": "VIIRS",
        "confidence": "n",
        "version": "2.0NRT",
        "bright_ti5": 287.62,
        "frp": 0.5,
        "daynight": "N",
        "source_dataset": "VIIRS_NOAA20_NRT",
        "acq_datetime_utc": "2026-10-06T02:43:00Z",
        "age_hours": 14.2,
        "confidence_label": "nominal",
        "popup_label": "<strong>NASA FIRMS<\/strong><br>Sensor: VIIRS_NOAA20_NRT<br>Fecha UTC: 2026-10-06T02:43:00Z<br>Confianza: nominal<br>FRP: 0.5 MW"
      }
    },
    {
      "type": "Feature",
      "geometry": {
        "type": "Point",
        "coordinates": [-0.2487, 39.6638]
      },
      "properties": {
        "bright_ti4": 298.49,
        "scan": 0.32,
        "track": 0.54,
        "acq_date": "2026-10-06",
        "acq_time": "0243",
        "satellite": "N20",
        "instrument": "VIIRS",
        "confidence": "n",
        "version": "2.0NRT",
        "bright_ti5": 279.69,
        "frp": 1.34,
        "daynight": "N",
        "source_dataset": "VIIRS_NOAA20_NRT",
        "acq_datetime_utc": "2026-10-06T02:43:00Z",
        "age_hours": 14.2,
        "confidence_label": "nominal",
        "popup_label": "<strong>NASA FIRMS<\/strong><br>Sensor: VIIRS_NOAA20_NRT<br>Fecha UTC: 2026-10-06T02:43:00Z<br>Confianza: nominal<br>FRP: 1.34 MW"
      }
    },
    {
      "type": "Feature",
      "geometry": {
        "type": "Point",
        "coordinates": [-8.4351, 43.3465]
      },
      "properties": {
        "bright_ti4": 297.99,
        "scan": 0.39,
        "track": 0.36,
        "acq_date": "2026-10-06",
        "acq_time": "0243",
        "satellite": "N20",
        "instrument": "VIIRS",
        "confidence": "n",
        "version": "2.0NRT",
        "bright_ti5": 287.79,
        "frp": 0.29,
        "daynight": "N",
        "source_dataset": "VIIRS_NOAA20_NRT",
        "acq_datetime_utc": "2026-10-06T02:43:00Z",
        "age_hours": 14.2,
        "confidence_label": "nominal",
        "popup_label": "<strong>NASA FIRMS<\/strong><br>Sensor: VIIRS_NOAA20_NRT<br>Fecha UTC: 2026-10-06T02:43:00Z<br>Confianza: nominal<br>FRP: 0.29 MW"
      }
    },
    {
      "type": "Feature",
      "geometry": {
        "type": "Point",
        "coordinates": [4.8851, 43.4353]
      },
      "properties": {
        "bright_ti4": 342.81,
        "scan": 0.44,
        "track": 0.63,
        "acq_date": "2026-10-06",
        "acq_time": "0241",
        "satellite": "N20",
        "instrument": "VIIRS",
        "confidence": "n",
        "version": "2.0NRT",
        "bright_ti5": 286.34,
        "frp": 5.37,
        "daynight": "N",
        "source_dataset": "VIIRS_NOAA20_NRT",
        "acq_datetime_utc": "2026-10-06T02:41:00Z",
        "age_hours": 14.3,
        "confidence_label": "nominal",
        "popup_label": "<strong>NASA FIRMS<\/strong><br>Sensor: VIIRS_NOAA20_NRT<br>Fecha UTC: 2026-10-06T02:41:00Z<br>Confianza: nominal<br>FRP: 5.37 MW"
      }
    },
    {
      "type": "Feature",
      "geometry": {
        "type": "Point",
        "coordinates": [4.8932, 43.4392]
      },
      "properties": {
        "bright_ti4": 299.45,
        "scan": 0.44,
        "track": 0.63,
        "acq_date": "2026-10-06",
        "acq_time": "0241",
        "satellite": "N20",
        "instrument": "VIIRS",
        "confidence": "n",
        "version": "2.0NRT",
        "bright_ti5": 285.81,
        "frp": 0.99,
        "daynight": "N",
        "source_dataset": "VIIRS_NOAA20_NRT",
        "acq_datetime_utc": "2026-10-06T02:41:00Z",
        "age_hours": 14.3,
        "confidence_label": "nominal",
        "popup_label": "<strong>NASA FIRMS<\/strong><br>Sensor: VIIRS_NOAA20_NRT<br>Fecha UTC: 2026-10-06T02:41:00Z<br>Confianza: nominal<br>FRP: 0.99 MW"
      }
    },
    {
      "type": "Feature",
      "geometry": {
        "type": "Point",
        "coordinates": [4.8882, 43.4407]
      },
      "properties": {
        "bright_ti4": 300.82,
        "scan": 0.44,
        "track": 0.63,
        "acq_date": "2026-10-06",
        "acq_time": "0241",
        "satellite": "N20",
        "instrument": "VIIRS",
        "confidence": "n",
        "version": "2.0NRT",
        "bright_ti5": 285.35,
        "frp": 0.99,
        "daynight": "N",
        "source_dataset": "VIIRS_NOAA20_NRT",
        "acq_datetime_utc": "2026-10-06T02:41:00Z",
        "age_hours": 14.3,
        "confidence_label": "nominal",
        "popup_label": "<strong>NASA FIRMS<\/strong><br>Sensor: VIIRS_NOAA20_NRT<br>Fecha UTC: 2026-10-06T02:41:00Z<br>Confianza: nominal<br>FRP: 0.99 MW"
      }
    },
    {
      "type": "Feature",
      "geometry": {
        "type": "Point",
        "coordinates": [4.883, 43.4422]
      },
      "properties": {
        "bright_ti4": 306.45,
        "scan": 0.44,
        "track": 0.63,
        "acq_date": "2026-10-06",
        "acq_time": "0241",
        "satellite": "N20",
        "instrument": "VIIRS",
        "confidence": "n",
        "version": "2.0NRT",
        "bright_ti5": 285.19,
        "frp": 1.58,
        "daynight": "N",
        "source_dataset": "VIIRS_NOAA20_NRT",
        "acq_datetime_utc": "2026-10-06T02:41:00Z",
        "age_hours": 14.3,
        "confidence_label": "nominal",
        "popup_label": "<strong>NASA FIRMS<\/strong><br>Sensor: VIIRS_NOAA20_NRT<br>Fecha UTC: 2026-10-06T02:41:00Z<br>Confianza: nominal<br>FRP: 1.58 MW"
      }
    },
    {
      "type": "Feature",
      "geometry": {
        "type": "Point",
        "coordinates": [4.8963, 43.4445]
      },
      "properties": {
        "bright_ti4": 312.85,
        "scan": 0.44,
        "track": 0.63,
        "acq_date": "2026-10-06",
        "acq_time": "0241",
        "satellite": "N20",
        "instrument": "VIIRS",
        "confidence": "n",
        "version": "2.0NRT",
        "bright_ti5": 285.98,
        "frp": 0.99,
        "daynight": "N",
        "source_dataset": "VIIRS_NOAA20_NRT",
        "acq_datetime_utc": "2026-10-06T02:41:00Z",
        "age_hours": 14.3,
        "confidence_label": "nominal",
        "popup_label": "<strong>NASA FIRMS<\/strong><br>Sensor: VIIRS_NOAA20_NRT<br>Fecha UTC: 2026-10-06T02:41:00Z<br>Confianza: nominal<br>FRP: 0.99 MW"
      }
    },
    {
      "type": "Feature",
      "geometry": {
        "type": "Point",
        "coordinates": [4.8943, 43.4514]
      },
      "properties": {
        "bright_ti4": 301.14,
        "scan": 0.44,
        "track": 0.63,
        "acq_date": "2026-10-06",
        "acq_time": "0241",
        "satellite": "N20",
        "instrument": "VIIRS",
        "confidence": "n",
        "version": "2.0NRT",
        "bright_ti5": 284.47,
        "frp": 0.78,
        "daynight": "N",
        "source_dataset": "VIIRS_NOAA20_NRT",
        "acq_datetime_utc": "2026-10-06T02:41:00Z",
        "age_hours": 14.3,
        "confidence_label": "nominal",
        "popup_label": "<strong>NASA FIRMS<\/strong><br>Sensor: VIIRS_NOAA20_NRT<br>Fecha UTC: 2026-10-06T02:41:00Z<br>Confianza: nominal<br>FRP: 0.78 MW"
      }
    },
    {
      "type": "Feature",
      "geometry": {
        "type": "Point",
        "coordinates": [3.9847, 32.279]
      },
      "properties": {
        "bright_ti4": 326.9,
        "scan": 0.52,
        "track": 0.5,
        "acq_date": "2026-10-06",
        "acq_time": "0107",
        "satellite": "N20",
        "instrument": "VIIRS",
        "confidence": "n",
        "version": "2.0NRT",
        "bright_ti5": 282.93,
        "frp": 3.42,
        "daynight": "N",
        "source_dataset": "VIIRS_NOAA20_NRT",
        "acq_datetime_utc": "2026-10-06T01:07:00Z",
        "age_hours": 15.8,
        "confidence_label": "nominal",
        "popup_label": "<strong>NASA FIRMS<\/strong><br>Sensor: VIIRS_NOAA20_NRT<br>Fecha UTC: 2026-10-06T01:07:00Z<br>Confianza: nominal<br>FRP: 3.42 MW"
      }
    },
    {
      "type": "Feature",
      "geometry": {
        "type": "Point",
        "coordinates": [4.0036, 32.4025]
      },
      "properties": {
        "bright_ti4": 300.85,
        "scan": 0.52,
        "track": 0.5,
        "acq_date": "2026-10-06",
        "acq_time": "0107",
        "satellite": "N20",
        "instrument": "VIIRS",
        "confidence": "n",
        "version": "2.0NRT",
        "bright_ti5": 280.33,
        "frp": 1.04,
        "daynight": "N",
        "source_dataset": "VIIRS_NOAA20_NRT",
        "acq_datetime_utc": "2026-10-06T01:07:00Z",
        "age_hours": 15.8,
        "confidence_label": "nominal",
        "popup_label": "<strong>NASA FIRMS<\/strong><br>Sensor: VIIRS_NOAA20_NRT<br>Fecha UTC: 2026-10-06T01:07:00Z<br>Confianza: nominal<br>FRP: 1.04 MW"
      }
    },
    {
      "type": "Feature",
      "geometry": {
        "type": "Point",
        "coordinates": [4.0019, 32.4025]
      },
      "properties": {
        "bright_ti4": 295.96,
        "scan": 0.52,
        "track": 0.5,
        "acq_date": "2026-10-06",
        "acq_time": "0107",
        "satellite": "N20",
        "instrument": "VIIRS",
        "confidence": "n",
        "version": "2.0NRT",
        "bright_ti5": 279.89,
        "frp": 0.51,
        "daynight": "N",
        "source_dataset": "VIIRS_NOAA20_NRT",
        "acq_datetime_utc": "2026-10-06T01:07:00Z",
        "age_hours": 15.8,
        "confidence_label": "nominal",
        "popup_label": "<strong>NASA FIRMS<\/strong><br>Sensor: VIIRS_NOAA20_NRT<br>Fecha UTC: 2026-10-06T01:07:00Z<br>Confianza: nominal<br>FRP: 0.51 MW"
      }
    },
    {
      "type": "Feature",
      "geometry": {
        "type": "Point",
        "coordinates": [3.1686, 32.5569]
      },
      "properties": {
        "bright_ti4": 337.07,
        "scan": 0.58,
        "track": 0.52,
        "acq_date": "2026-10-06",
        "acq_time": "0107",
        "satellite": "N20",
        "instrument": "VIIRS",
        "confidence": "n",
        "version": "2.0NRT",
        "bright_ti5": 284.47,
        "frp": 5.35,
        "daynight": "N",
        "source_dataset": "VIIRS_NOAA20_NRT",
        "acq_datetime_utc": "2026-10-06T01:07:00Z",
        "age_hours": 15.8,
        "confidence_label": "nominal",
        "popup_label": "<strong>NASA FIRMS<\/strong><br>Sensor: VIIRS_NOAA20_NRT<br>Fecha UTC: 2026-10-06T01:07:00Z<br>Confianza: nominal<br>FRP: 5.35 MW"
      }
    },
    {
      "type": "Feature",
      "geometry": {
        "type": "Point",
        "coordinates": [3.1801, 32.7441]
      },
      "properties": {
        "bright_ti4": 295.89,
        "scan": 0.58,
        "track": 0.52,
        "acq_date": "2026-10-06",
        "acq_time": "0107",
        "satellite": "N20",
        "instrument": "VIIRS",
        "confidence": "n",
        "version": "2.0NRT",
        "bright_ti5": 284.98,
        "frp": 0.71,
        "daynight": "N",
        "source_dataset": "VIIRS_NOAA20_NRT",
        "acq_datetime_utc": "2026-10-06T01:07:00Z",
        "age_hours": 15.8,
        "confidence_label": "nominal",
        "popup_label": "<strong>NASA FIRMS<\/strong><br>Sensor: VIIRS_NOAA20_NRT<br>Fecha UTC: 2026-10-06T01:07:00Z<br>Confianza: nominal<br>FRP: 0.71 MW"
      }
    },
    {
      "type": "Feature",
      "geometry": {
        "type": "Point",
        "coordinates": [3.1738, 32.7446]
      },
      "properties": {
        "bright_ti4": 297.68,
        "scan": 0.58,
        "track": 0.52,
        "acq_date": "2026-10-06",
        "acq_time": "0107",
        "satellite": "N20",
        "instrument": "VIIRS",
        "confidence": "n",
        "version": "2.0NRT",
        "bright_ti5": 285.74,
        "frp": 0.71,
        "daynight": "N",
        "source_dataset": "VIIRS_NOAA20_NRT",
        "acq_datetime_utc": "2026-10-06T01:07:00Z",
        "age_hours": 15.8,
        "confidence_label": "nominal",
        "popup_label": "<strong>NASA FIRMS<\/strong><br>Sensor: VIIRS_NOAA20_NRT<br>Fecha UTC: 2026-10-06T01:07:00Z<br>Confianza: nominal<br>FRP: 0.71 MW"
      }
    },
    {
      "type": "Feature",
      "geometry": {
        "type": "Point",
        "coordinates": [3.1807, 32.7489]
      },
      "properties": {
        "bright_ti4": 304.96,
        "scan": 0.58,
        "track": 0.52,
        "acq_date": "2026-10-06",
        "acq_time": "0107",
        "satellite": "N20",
        "instrument": "VIIRS",
        "confidence": "n",
        "version": "2.0NRT",
        "bright_ti5": 285.43,
        "frp": 1.53,
        "daynight": "N",
        "source_dataset": "VIIRS_NOAA20_NRT",
        "acq_datetime_utc": "2026-10-06T01:07:00Z",
        "age_hours": 15.8,
        "confidence_label": "nominal",
        "popup_label": "<strong>NASA FIRMS<\/strong><br>Sensor: VIIRS_NOAA20_NRT<br>Fecha UTC: 2026-10-06T01:07:00Z<br>Confianza: nominal<br>FRP: 1.53 MW"
      }
    },
    {
      "type": "Feature",
      "geometry": {
        "type": "Point",
        "coordinates": [3.2363, 32.8406]
      },
      "properties": {
        "bright_ti4": 296.51,
        "scan": 0.58,
        "track": 0.52,
        "acq_date": "2026-10-06",
        "acq_time": "0107",
        "satellite": "N20",
        "instrument": "VIIRS",
        "confidence": "n",
        "version": "2.0NRT",
        "bright_ti5": 281.33,
        "frp": 0.78,
        "daynight": "N",
        "source_dataset": "VIIRS_NOAA20_NRT",
        "acq_datetime_utc": "2026-10-06T01:07:00Z",
        "age_hours": 15.8,
        "confidence_label": "nominal",
        "popup_label": "<strong>NASA FIRMS<\/strong><br>Sensor: VIIRS_NOAA20_NRT<br>Fecha UTC: 2026-10-06T01:07:00Z<br>Confianza: nominal<br>FRP: 0.78 MW"
      }
    },
    {
      "type": "Feature",
      "geometry": {
        "type": "Point",
        "coordinates": [3.2424, 32.9318]
      },
      "properties": {
        "bright_ti4": 300.4,
        "scan": 0.58,
        "track": 0.52,
        "acq_date": "2026-10-06",
        "acq_time": "0107",
        "satellite": "N20",
        "instrument": "VIIRS",
        "confidence": "n",
        "version": "2.0NRT",
        "bright_ti5": 281.84,
        "frp": 1.2,
        "daynight": "N",
        "source_dataset": "VIIRS_NOAA20_NRT",
        "acq_datetime_utc": "2026-10-06T01:07:00Z",
        "age_hours": 15.8,
        "confidence_label": "nominal",
        "popup_label": "<strong>NASA FIRMS<\/strong><br>Sensor: VIIRS_NOAA20_NRT<br>Fecha UTC: 2026-10-06T01:07:00Z<br>Confianza: nominal<br>FRP: 1.2 MW"
      }
    },
    {
      "type": "Feature",
      "geometry": {
        "type": "Point",
        "coordinates": [3.2299, 32.9329]
      },
      "properties": {
        "bright_ti4": 301.98,
        "scan": 0.58,
        "track": 0.52,
        "acq_date": "2026-10-06",
        "acq_time": "0107",
        "satellite": "N20",
        "instrument": "VIIRS",
        "confidence": "n",
        "version": "2.0NRT",
        "bright_ti5": 281.22,
        "frp": 0.84,
        "daynight": "N",
        "source_dataset": "VIIRS_NOAA20_NRT",
        "acq_datetime_utc": "2026-10-06T01:07:00Z",
        "age_hours": 15.8,
        "confidence_label": "nominal",
        "popup_label": "<strong>NASA FIRMS<\/strong><br>Sensor: VIIRS_NOAA20_NRT<br>Fecha UTC: 2026-10-06T01:07:00Z<br>Confianza: nominal<br>FRP: 0.84 MW"
      }
    },
    {
      "type": "Feature",
      "geometry": {
        "type": "Point",
        "coordinates": [3.2236, 32.9334]
      },
      "properties": {
        "bright_ti4": 301.33,
        "scan": 0.58,
        "track": 0.52,
        "acq_date": "2026-10-06",
        "acq_time": "0107",
        "satellite": "N20",
        "instrument": "VIIRS",
        "confidence": "n",
        "version": "2.0NRT",
        "bright_ti5": 281.84,
        "frp": 0.84,
        "daynight": "N",
        "source_dataset": "VIIRS_NOAA20_NRT",
        "acq_datetime_utc": "2026-10-06T01:07:00Z",
        "age_hours": 15.8,
        "confidence_label": "nominal",
        "popup_label": "<strong>NASA FIRMS<\/strong><br>Sensor: VIIRS_NOAA20_NRT<br>Fecha UTC: 2026-10-06T01:07:00Z<br>Confianza: nominal<br>FRP: 0.84 MW"
      }
    },
    {
      "type": "Feature",
      "geometry": {
        "type": "Point",
        "coordinates": [3.2305, 32.9377]
      },
      "properties": {
        "bright_ti4": 302.03,
        "scan": 0.58,
        "track": 0.52,
        "acq_date": "2026-10-06",
        "acq_time": "0107",
        "satellite": "N20",
        "instrument": "VIIRS",
        "confidence": "n",
        "version": "2.0NRT",
        "bright_ti5": 281.92,
        "frp": 1.38,
        "daynight": "N",
        "source_dataset": "VIIRS_NOAA20_NRT",
        "acq_datetime_utc": "2026-10-06T01:07:00Z",
        "age_hours": 15.8,
        "confidence_label": "nominal",
        "popup_label": "<strong>NASA FIRMS<\/strong><br>Sensor: VIIRS_NOAA20_NRT<br>Fecha UTC: 2026-10-06T01:07:00Z<br>Confianza: nominal<br>FRP: 1.38 MW"
      }
    },
    {
      "type": "Feature",
      "geometry": {
        "type": "Point",
        "coordinates": [3.2317, 32.9474]
      },
      "properties": {
        "bright_ti4": 301.42,
        "scan": 0.58,
        "track": 0.52,
        "acq_date": "2026-10-06",
        "acq_time": "0107",
        "satellite": "N20",
        "instrument": "VIIRS",
        "confidence": "n",
        "version": "2.0NRT",
        "bright_ti5": 283.11,
        "frp": 3.25,
        "daynight": "N",
        "source_dataset": "VIIRS_NOAA20_NRT",
        "acq_datetime_utc": "2026-10-06T01:07:00Z",
        "age_hours": 15.8,
        "confidence_label": "nominal",
        "popup_label": "<strong>NASA FIRMS<\/strong><br>Sensor: VIIRS_NOAA20_NRT<br>Fecha UTC: 2026-10-06T01:07:00Z<br>Confianza: nominal<br>FRP: 3.25 MW"
      }
    },
    {
      "type": "Feature",
      "geometry": {
        "type": "Point",
        "coordinates": [3.2254, 32.9479]
      },
      "properties": {
        "bright_ti4": 338.02,
        "scan": 0.58,
        "track": 0.52,
        "acq_date": "2026-10-06",
        "acq_time": "0107",
        "satellite": "N20",
        "instrument": "VIIRS",
        "confidence": "n",
        "version": "2.0NRT",
        "bright_ti5": 282.73,
        "frp": 3.25,
        "daynight": "N",
        "source_dataset": "VIIRS_NOAA20_NRT",
        "acq_datetime_utc": "2026-10-06T01:07:00Z",
        "age_hours": 15.8,
        "confidence_label": "nominal",
        "popup_label": "<strong>NASA FIRMS<\/strong><br>Sensor: VIIRS_NOAA20_NRT<br>Fecha UTC: 2026-10-06T01:07:00Z<br>Confianza: nominal<br>FRP: 3.25 MW"
      }
    },
    {
      "type": "Feature",
      "geometry": {
        "type": "Point",
        "coordinates": [3.2192, 32.9484]
      },
      "properties": {
        "bright_ti4": 296.76,
        "scan": 0.58,
        "track": 0.52,
        "acq_date": "2026-10-06",
        "acq_time": "0107",
        "satellite": "N20",
        "instrument": "VIIRS",
        "confidence": "n",
        "version": "2.0NRT",
        "bright_ti5": 281.73,
        "frp": 1.06,
        "daynight": "N",
        "source_dataset": "VIIRS_NOAA20_NRT",
        "acq_datetime_utc": "2026-10-06T01:07:00Z",
        "age_hours": 15.8,
        "confidence_label": "nominal",
        "popup_label": "<strong>NASA FIRMS<\/strong><br>Sensor: VIIRS_NOAA20_NRT<br>Fecha UTC: 2026-10-06T01:07:00Z<br>Confianza: nominal<br>FRP: 1.06 MW"
      }
    },
    {
      "type": "Feature",
      "geometry": {
        "type": "Point",
        "coordinates": [3.2261, 32.9527]
      },
      "properties": {
        "bright_ti4": 297.33,
        "scan": 0.58,
        "track": 0.52,
        "acq_date": "2026-10-06",
        "acq_time": "0107",
        "satellite": "N20",
        "instrument": "VIIRS",
        "confidence": "n",
        "version": "2.0NRT",
        "bright_ti5": 282.41,
        "frp": 3.25,
        "daynight": "N",
        "source_dataset": "VIIRS_NOAA20_NRT",
        "acq_datetime_utc": "2026-10-06T01:07:00Z",
        "age_hours": 15.8,
        "confidence_label": "nominal",
        "popup_label": "<strong>NASA FIRMS<\/strong><br>Sensor: VIIRS_NOAA20_NRT<br>Fecha UTC: 2026-10-06T01:07:00Z<br>Confianza: nominal<br>FRP: 3.25 MW"
      }
    },
    {
      "type": "Feature",
      "geometry": {
        "type": "Point",
        "coordinates": [3.3187, 33.1282]
      },
      "properties": {
        "bright_ti4": 309.28,
        "scan": 0.58,
        "track": 0.52,
        "acq_date": "2026-10-06",
        "acq_time": "0107",
        "satellite": "N20",
        "instrument": "VIIRS",
        "confidence": "n",
        "version": "2.0NRT",
        "bright_ti5": 282.15,
        "frp": 1.59,
        "daynight": "N",
        "source_dataset": "VIIRS_NOAA20_NRT",
        "acq_datetime_utc": "2026-10-06T01:07:00Z",
        "age_hours": 15.8,
        "confidence_label": "nominal",
        "popup_label": "<strong>NASA FIRMS<\/strong><br>Sensor: VIIRS_NOAA20_NRT<br>Fecha UTC: 2026-10-06T01:07:00Z<br>Confianza: nominal<br>FRP: 1.59 MW"
      }
    },
    {
      "type": "Feature",
      "geometry": {
        "type": "Point",
        "coordinates": [3.3124, 33.1287]
      },
      "properties": {
        "bright_ti4": 307.99,
        "scan": 0.58,
        "track": 0.52,
        "acq_date": "2026-10-06",
        "acq_time": "0107",
        "satellite": "N20",
        "instrument": "VIIRS",
        "confidence": "n",
        "version": "2.0NRT",
        "bright_ti5": 281.23,
        "frp": 1.59,
        "daynight": "N",
        "source_dataset": "VIIRS_NOAA20_NRT",
        "acq_datetime_utc": "2026-10-06T01:07:00Z",
        "age_hours": 15.8,
        "confidence_label": "nominal",
        "popup_label": "<strong>NASA FIRMS<\/strong><br>Sensor: VIIRS_NOAA20_NRT<br>Fecha UTC: 2026-10-06T01:07:00Z<br>Confianza: nominal<br>FRP: 1.59 MW"
      }
    },
    {
      "type": "Feature",
      "geometry": {
        "type": "Point",
        "coordinates": [-0.5197, 28.2029]
      },
      "properties": {
        "bright_ti4": 312.27,
        "scan": 0.44,
        "track": 0.62,
        "acq_date": "2026-10-06",
        "acq_time": "0105",
        "satellite": "N20",
        "instrument": "VIIRS",
        "confidence": "n",
        "version": "2.0NRT",
        "bright_ti5": 281.85,
        "frp": 1.3,
        "daynight": "N",
        "source_dataset": "VIIRS_NOAA20_NRT",
        "acq_datetime_utc": "2026-10-06T01:05:00Z",
        "age_hours": 15.9,
        "confidence_label": "nominal",
        "popup_label": "<strong>NASA FIRMS<\/strong><br>Sensor: VIIRS_NOAA20_NRT<br>Fecha UTC: 2026-10-06T01:05:00Z<br>Confianza: nominal<br>FRP: 1.3 MW"
      }
    },
    {
      "type": "Feature",
      "geometry": {
        "type": "Point",
        "coordinates": [1.8985, 30.9146]
      },
      "properties": {
        "bright_ti4": 295.22,
        "scan": 0.33,
        "track": 0.55,
        "acq_date": "2026-10-06",
        "acq_time": "0105",
        "satellite": "N20",
        "instrument": "VIIRS",
        "confidence": "n",
        "version": "2.0NRT",
        "bright_ti5": 281.89,
        "frp": 0.41,
        "daynight": "N",
        "source_dataset": "VIIRS_NOAA20_NRT",
        "acq_datetime_utc": "2026-10-06T01:05:00Z",
        "age_hours": 15.9,
        "confidence_label": "nominal",
        "popup_label": "<strong>NASA FIRMS<\/strong><br>Sensor: VIIRS_NOAA20_NRT<br>Fecha UTC: 2026-10-06T01:05:00Z<br>Confianza: nominal<br>FRP: 0.41 MW"
      }
    },
    {
      "type": "Feature",
      "geometry": {
        "type": "Point",
        "coordinates": [2.0563, 34.4366]
      },
      "properties": {
        "bright_ti4": 308.87,
        "scan": 0.35,
        "track": 0.57,
        "acq_date": "2026-10-06",
        "acq_time": "0105",
        "satellite": "N20",
        "instrument": "VIIRS",
        "confidence": "n",
        "version": "2.0NRT",
        "bright_ti5": 280.6,
        "frp": 1.15,
        "daynight": "N",
        "source_dataset": "VIIRS_NOAA20_NRT",
        "acq_datetime_utc": "2026-10-06T01:05:00Z",
        "age_hours": 15.9,
        "confidence_label": "nominal",
        "popup_label": "<strong>NASA FIRMS<\/strong><br>Sensor: VIIRS_NOAA20_NRT<br>Fecha UTC: 2026-10-06T01:05:00Z<br>Confianza: nominal<br>FRP: 1.15 MW"
      }
    },
    {
      "type": "Feature",
      "geometry": {
        "type": "Point",
        "coordinates": [-0.3977, 35.4593]
      },
      "properties": {
        "bright_ti4": 296.55,
        "scan": 0.5,
        "track": 0.66,
        "acq_date": "2026-10-06",
        "acq_time": "0105",
        "satellite": "N20",
        "instrument": "VIIRS",
        "confidence": "n",
        "version": "2.0NRT",
        "bright_ti5": 281.72,
        "frp": 0.48,
        "daynight": "N",
        "source_dataset": "VIIRS_NOAA20_NRT",
        "acq_datetime_utc": "2026-10-06T01:05:00Z",
        "age_hours": 15.9,
        "confidence_label": "nominal",
        "popup_label": "<strong>NASA FIRMS<\/strong><br>Sensor: VIIRS_NOAA20_NRT<br>Fecha UTC: 2026-10-06T01:05:00Z<br>Confianza: nominal<br>FRP: 0.48 MW"
      }
    },
    {
      "type": "Feature",
      "geometry": {
        "type": "Point",
        "coordinates": [4.4726, 35.708]
      },
      "properties": {
        "bright_ti4": 305.04,
        "scan": 0.53,
        "track": 0.5,
        "acq_date": "2026-10-06",
        "acq_time": "0105",
        "satellite": "N20",
        "instrument": "VIIRS",
        "confidence": "n",
        "version": "2.0NRT",
        "bright_ti5": 289.24,
        "frp": 0.63,
        "daynight": "N",
        "source_dataset": "VIIRS_NOAA20_NRT",
        "acq_datetime_utc": "2026-10-06T01:05:00Z",
        "age_hours": 15.9,
        "confidence_label": "nominal",
        "popup_label": "<strong>NASA FIRMS<\/strong><br>Sensor: VIIRS_NOAA20_NRT<br>Fecha UTC: 2026-10-06T01:05:00Z<br>Confianza: nominal<br>FRP: 0.63 MW"
      }
    },
    {
      "type": "Feature",
      "geometry": {
        "type": "Point",
        "coordinates": [-0.2585, 35.8103]
      },
      "properties": {
        "bright_ti4": 306.44,
        "scan": 0.49,
        "track": 0.65,
        "acq_date": "2026-10-06",
        "acq_time": "0105",
        "satellite": "N20",
        "instrument": "VIIRS",
        "confidence": "n",
        "version": "2.0NRT",
        "bright_ti5": 267.96,
        "frp": 2.18,
        "daynight": "N",
        "source_dataset": "VIIRS_NOAA20_NRT",
        "acq_datetime_utc": "2026-10-06T01:05:00Z",
        "age_hours": 15.9,
        "confidence_label": "nominal",
        "popup_label": "<strong>NASA FIRMS<\/strong><br>Sensor: VIIRS_NOAA20_NRT<br>Fecha UTC: 2026-10-06T01:05:00Z<br>Confianza: nominal<br>FRP: 2.18 MW"
      }
    },
    {
      "type": "Feature",
      "geometry": {
        "type": "Point",
        "coordinates": [4.4452, 35.8808]
      },
      "properties": {
        "bright_ti4": 309.93,
        "scan": 0.53,
        "track": 0.5,
        "acq_date": "2026-10-06",
        "acq_time": "0105",
        "satellite": "N20",
        "instrument": "VIIRS",
        "confidence": "n",
        "version": "2.0NRT",
        "bright_ti5": 289.62,
        "frp": 2,
        "daynight": "N",
        "source_dataset": "VIIRS_NOAA20_NRT",
        "acq_datetime_utc": "2026-10-06T01:05:00Z",
        "age_hours": 15.9,
        "confidence_label": "nominal",
        "popup_label": "<strong>NASA FIRMS<\/strong><br>Sensor: VIIRS_NOAA20_NRT<br>Fecha UTC: 2026-10-06T01:05:00Z<br>Confianza: nominal<br>FRP: 2 MW"
      }
    },
    {
      "type": "Feature",
      "geometry": {
        "type": "Point",
        "coordinates": [4.4451, 35.8826]
      },
      "properties": {
        "bright_ti4": 305.94,
        "scan": 0.53,
        "track": 0.5,
        "acq_date": "2026-10-06",
        "acq_time": "0105",
        "satellite": "N20",
        "instrument": "VIIRS",
        "confidence": "n",
        "version": "2.0NRT",
        "bright_ti5": 288.51,
        "frp": 1.85,
        "daynight": "N",
        "source_dataset": "VIIRS_NOAA20_NRT",
        "acq_datetime_utc": "2026-10-06T01:05:00Z",
        "age_hours": 15.9,
        "confidence_label": "nominal",
        "popup_label": "<strong>NASA FIRMS<\/strong><br>Sensor: VIIRS_NOAA20_NRT<br>Fecha UTC: 2026-10-06T01:05:00Z<br>Confianza: nominal<br>FRP: 1.85 MW"
      }
    },
    {
      "type": "Feature",
      "geometry": {
        "type": "Point",
        "coordinates": [1.238, 36.131]
      },
      "properties": {
        "bright_ti4": 297.09,
        "scan": 0.41,
        "track": 0.6,
        "acq_date": "2026-10-06",
        "acq_time": "0105",
        "satellite": "N20",
        "instrument": "VIIRS",
        "confidence": "n",
        "version": "2.0NRT",
        "bright_ti5": 275.39,
        "frp": 0.98,
        "daynight": "N",
        "source_dataset": "VIIRS_NOAA20_NRT",
        "acq_datetime_utc": "2026-10-06T01:05:00Z",
        "age_hours": 15.9,
        "confidence_label": "nominal",
        "popup_label": "<strong>NASA FIRMS<\/strong><br>Sensor: VIIRS_NOAA20_NRT<br>Fecha UTC: 2026-10-06T01:05:00Z<br>Confianza: nominal<br>FRP: 0.98 MW"
      }
    },
    {
      "type": "Feature",
      "geometry": {
        "type": "Point",
        "coordinates": [2.9269, 36.1413]
      },
      "properties": {
        "bright_ti4": 298.38,
        "scan": 0.33,
        "track": 0.55,
        "acq_date": "2026-10-06",
        "acq_time": "0105",
        "satellite": "N20",
        "instrument": "VIIRS",
        "confidence": "n",
        "version": "2.0NRT",
        "bright_ti5": 280.52,
        "frp": 0.19,
        "daynight": "N",
        "source_dataset": "VIIRS_NOAA20_NRT",
        "acq_datetime_utc": "2026-10-06T01:05:00Z",
        "age_hours": 15.9,
        "confidence_label": "nominal",
        "popup_label": "<strong>NASA FIRMS<\/strong><br>Sensor: VIIRS_NOAA20_NRT<br>Fecha UTC: 2026-10-06T01:05:00Z<br>Confianza: nominal<br>FRP: 0.19 MW"
      }
    },
    {
      "type": "Feature",
      "geometry": {
        "type": "Point",
        "coordinates": [3.748, 36.1818]
      },
      "properties": {
        "bright_ti4": 309.06,
        "scan": 0.59,
        "track": 0.53,
        "acq_date": "2026-10-06",
        "acq_time": "0105",
        "satellite": "N20",
        "instrument": "VIIRS",
        "confidence": "n",
        "version": "2.0NRT",
        "bright_ti5": 286.61,
        "frp": 2.25,
        "daynight": "N",
        "source_dataset": "VIIRS_NOAA20_NRT",
        "acq_datetime_utc": "2026-10-06T01:05:00Z",
        "age_hours": 15.9,
        "confidence_label": "nominal",
        "popup_label": "<strong>NASA FIRMS<\/strong><br>Sensor: VIIRS_NOAA20_NRT<br>Fecha UTC: 2026-10-06T01:05:00Z<br>Confianza: nominal<br>FRP: 2.25 MW"
      }
    },
    {
      "type": "Feature",
      "geometry": {
        "type": "Point",
        "coordinates": [3.1351, 36.6006]
      },
      "properties": {
        "bright_ti4": 302.9,
        "scan": 0.32,
        "track": 0.55,
        "acq_date": "2026-10-06",
        "acq_time": "0105",
        "satellite": "N20",
        "instrument": "VIIRS",
        "confidence": "n",
        "version": "2.0NRT",
        "bright_ti5": 282.5,
        "frp": 0.45,
        "daynight": "N",
        "source_dataset": "VIIRS_NOAA20_NRT",
        "acq_datetime_utc": "2026-10-06T01:05:00Z",
        "age_hours": 15.9,
        "confidence_label": "nominal",
        "popup_label": "<strong>NASA FIRMS<\/strong><br>Sensor: VIIRS_NOAA20_NRT<br>Fecha UTC: 2026-10-06T01:05:00Z<br>Confianza: nominal<br>FRP: 0.45 MW"
      }
    },
    {
      "type": "Feature",
      "geometry": {
        "type": "Point",
        "coordinates": [3.1208, 36.6819]
      },
      "properties": {
        "bright_ti4": 312.87,
        "scan": 0.32,
        "track": 0.55,
        "acq_date": "2026-10-06",
        "acq_time": "0105",
        "satellite": "N20",
        "instrument": "VIIRS",
        "confidence": "n",
        "version": "2.0NRT",
        "bright_ti5": 282.04,
        "frp": 1.32,
        "daynight": "N",
        "source_dataset": "VIIRS_NOAA20_NRT",
        "acq_datetime_utc": "2026-10-06T01:05:00Z",
        "age_hours": 15.9,
        "confidence_label": "nominal",
        "popup_label": "<strong>NASA FIRMS<\/strong><br>Sensor: VIIRS_NOAA20_NRT<br>Fecha UTC: 2026-10-06T01:05:00Z<br>Confianza: nominal<br>FRP: 1.32 MW"
      }
    },
    {
      "type": "Feature",
      "geometry": {
        "type": "Point",
        "coordinates": [3.0806, 36.7498]
      },
      "properties": {
        "bright_ti4": 306.16,
        "scan": 0.32,
        "track": 0.55,
        "acq_date": "2026-10-06",
        "acq_time": "0105",
        "satellite": "N20",
        "instrument": "VIIRS",
        "confidence": "n",
        "version": "2.0NRT",
        "bright_ti5": 284,
        "frp": 0.68,
        "daynight": "N",
        "source_dataset": "VIIRS_NOAA20_NRT",
        "acq_datetime_utc": "2026-10-06T01:05:00Z",
        "age_hours": 15.9,
        "confidence_label": "nominal",
        "popup_label": "<strong>NASA FIRMS<\/strong><br>Sensor: VIIRS_NOAA20_NRT<br>Fecha UTC: 2026-10-06T01:05:00Z<br>Confianza: nominal<br>FRP: 0.68 MW"
      }
    },
    {
      "type": "Feature",
      "geometry": {
        "type": "Point",
        "coordinates": [0.9856, 43.1869]
      },
      "properties": {
        "bright_ti4": 298.48,
        "scan": 0.47,
        "track": 0.64,
        "acq_date": "2026-10-06",
        "acq_time": "0102",
        "satellite": "N20",
        "instrument": "VIIRS",
        "confidence": "n",
        "version": "2.0NRT",
        "bright_ti5": 284.77,
        "frp": 0.77,
        "daynight": "N",
        "source_dataset": "VIIRS_NOAA20_NRT",
        "acq_datetime_utc": "2026-10-06T01:02:00Z",
        "age_hours": 15.9,
        "confidence_label": "nominal",
        "popup_label": "<strong>NASA FIRMS<\/strong><br>Sensor: VIIRS_NOAA20_NRT<br>Fecha UTC: 2026-10-06T01:02:00Z<br>Confianza: nominal<br>FRP: 0.77 MW"
      }
    },
    {
      "type": "Feature",
      "geometry": {
        "type": "Point",
        "coordinates": [4.8875, 43.4377]
      },
      "properties": {
        "bright_ti4": 312.09,
        "scan": 0.6,
        "track": 0.53,
        "acq_date": "2026-10-06",
        "acq_time": "0102",
        "satellite": "N20",
        "instrument": "VIIRS",
        "confidence": "n",
        "version": "2.0NRT",
        "bright_ti5": 287.43,
        "frp": 3.01,
        "daynight": "N",
        "source_dataset": "VIIRS_NOAA20_NRT",
        "acq_datetime_utc": "2026-10-06T01:02:00Z",
        "age_hours": 15.9,
        "confidence_label": "nominal",
        "popup_label": "<strong>NASA FIRMS<\/strong><br>Sensor: VIIRS_NOAA20_NRT<br>Fecha UTC: 2026-10-06T01:02:00Z<br>Confianza: nominal<br>FRP: 3.01 MW"
      }
    },
    {
      "type": "Feature",
      "geometry": {
        "type": "Point",
        "coordinates": [4.8957, 43.4421]
      },
      "properties": {
        "bright_ti4": 306.53,
        "scan": 0.6,
        "track": 0.53,
        "acq_date": "2026-10-06",
        "acq_time": "0102",
        "satellite": "N20",
        "instrument": "VIIRS",
        "confidence": "n",
        "version": "2.0NRT",
        "bright_ti5": 286.64,
        "frp": 1.91,
        "daynight": "N",
        "source_dataset": "VIIRS_NOAA20_NRT",
        "acq_datetime_utc": "2026-10-06T01:02:00Z",
        "age_hours": 15.9,
        "confidence_label": "nominal",
        "popup_label": "<strong>NASA FIRMS<\/strong><br>Sensor: VIIRS_NOAA20_NRT<br>Fecha UTC: 2026-10-06T01:02:00Z<br>Confianza: nominal<br>FRP: 1.91 MW"
      }
    },
    {
      "type": "Feature",
      "geometry": {
        "type": "Point",
        "coordinates": [4.8806, 43.4431]
      },
      "properties": {
        "bright_ti4": 308.11,
        "scan": 0.6,
        "track": 0.53,
        "acq_date": "2026-10-06",
        "acq_time": "0102",
        "satellite": "N20",
        "instrument": "VIIRS",
        "confidence": "n",
        "version": "2.0NRT",
        "bright_ti5": 286.5,
        "frp": 2.03,
        "daynight": "N",
        "source_dataset": "VIIRS_NOAA20_NRT",
        "acq_datetime_utc": "2026-10-06T01:02:00Z",
        "age_hours": 15.9,
        "confidence_label": "nominal",
        "popup_label": "<strong>NASA FIRMS<\/strong><br>Sensor: VIIRS_NOAA20_NRT<br>Fecha UTC: 2026-10-06T01:02:00Z<br>Confianza: nominal<br>FRP: 2.03 MW"
      }
    },
    {
      "type": "Feature",
      "geometry": {
        "type": "Point",
        "coordinates": [4.8963, 43.447]
      },
      "properties": {
        "bright_ti4": 307.31,
        "scan": 0.6,
        "track": 0.53,
        "acq_date": "2026-10-06",
        "acq_time": "0102",
        "satellite": "N20",
        "instrument": "VIIRS",
        "confidence": "n",
        "version": "2.0NRT",
        "bright_ti5": 287.79,
        "frp": 1.91,
        "daynight": "N",
        "source_dataset": "VIIRS_NOAA20_NRT",
        "acq_datetime_utc": "2026-10-06T01:02:00Z",
        "age_hours": 15.9,
        "confidence_label": "nominal",
        "popup_label": "<strong>NASA FIRMS<\/strong><br>Sensor: VIIRS_NOAA20_NRT<br>Fecha UTC: 2026-10-06T01:02:00Z<br>Confianza: nominal<br>FRP: 1.91 MW"
      }
    },
    {
      "type": "Feature",
      "geometry": {
        "type": "Point",
        "coordinates": [0.0782, 43.4085]
      },
      "properties": {
        "bright_ti4": 344.83,
        "scan": 0.42,
        "track": 0.38,
        "acq_date": "2026-10-05",
        "acq_time": "1246",
        "satellite": "N20",
        "instrument": "VIIRS",
        "confidence": "n",
        "version": "2.0NRT",
        "bright_ti5": 297.8,
        "frp": 3.51,
        "daynight": "D",
        "source_dataset": "VIIRS_NOAA20_NRT",
        "acq_datetime_utc": "2026-10-05T12:46:00Z",
        "age_hours": 28.2,
        "confidence_label": "nominal",
        "popup_label": "<strong>NASA FIRMS<\/strong><br>Sensor: VIIRS_NOAA20_NRT<br>Fecha UTC: 2026-10-05T12:46:00Z<br>Confianza: nominal<br>FRP: 3.51 MW"
      }
    },
    {
      "type": "Feature",
      "geometry": {
        "type": "Point",
        "coordinates": [4.8871, 43.4337]
      },
      "properties": {
        "bright_ti4": 330.24,
        "scan": 0.4,
        "track": 0.37,
        "acq_date": "2026-10-05",
        "acq_time": "1246",
        "satellite": "N20",
        "instrument": "VIIRS",
        "confidence": "n",
        "version": "2.0NRT",
        "bright_ti5": 299.89,
        "frp": 8.59,
        "daynight": "D",
        "source_dataset": "VIIRS_NOAA20_NRT",
        "acq_datetime_utc": "2026-10-05T12:46:00Z",
        "age_hours": 28.2,
        "confidence_label": "nominal",
        "popup_label": "<strong>NASA FIRMS<\/strong><br>Sensor: VIIRS_NOAA20_NRT<br>Fecha UTC: 2026-10-05T12:46:00Z<br>Confianza: nominal<br>FRP: 8.59 MW"
      }
    },
    {
      "type": "Feature",
      "geometry": {
        "type": "Point",
        "coordinates": [4.8854, 43.4404]
      },
      "properties": {
        "bright_ti4": 331.96,
        "scan": 0.4,
        "track": 0.37,
        "acq_date": "2026-10-05",
        "acq_time": "1246",
        "satellite": "N20",
        "instrument": "VIIRS",
        "confidence": "n",
        "version": "2.0NRT",
        "bright_ti5": 295.95,
        "frp": 4.22,
        "daynight": "D",
        "source_dataset": "VIIRS_NOAA20_NRT",
        "acq_datetime_utc": "2026-10-05T12:46:00Z",
        "age_hours": 28.2,
        "confidence_label": "nominal",
        "popup_label": "<strong>NASA FIRMS<\/strong><br>Sensor: VIIRS_NOAA20_NRT<br>Fecha UTC: 2026-10-05T12:46:00Z<br>Confianza: nominal<br>FRP: 4.22 MW"
      }
    },
    {
      "type": "Feature",
      "geometry": {
        "type": "Point",
        "coordinates": [4.9, 43.4424]
      },
      "properties": {
        "bright_ti4": 332.13,
        "scan": 0.4,
        "track": 0.37,
        "acq_date": "2026-10-05",
        "acq_time": "1246",
        "satellite": "N20",
        "instrument": "VIIRS",
        "confidence": "n",
        "version": "2.0NRT",
        "bright_ti5": 297.74,
        "frp": 2.39,
        "daynight": "D",
        "source_dataset": "VIIRS_NOAA20_NRT",
        "acq_datetime_utc": "2026-10-05T12:46:00Z",
        "age_hours": 28.2,
        "confidence_label": "nominal",
        "popup_label": "<strong>NASA FIRMS<\/strong><br>Sensor: VIIRS_NOAA20_NRT<br>Fecha UTC: 2026-10-05T12:46:00Z<br>Confianza: nominal<br>FRP: 2.39 MW"
      }
    },
    {
      "type": "Feature",
      "geometry": {
        "type": "Point",
        "coordinates": [4.8992, 43.4458]
      },
      "properties": {
        "bright_ti4": 332.82,
        "scan": 0.4,
        "track": 0.37,
        "acq_date": "2026-10-05",
        "acq_time": "1246",
        "satellite": "N20",
        "instrument": "VIIRS",
        "confidence": "n",
        "version": "2.0NRT",
        "bright_ti5": 299.12,
        "frp": 3.18,
        "daynight": "D",
        "source_dataset": "VIIRS_NOAA20_NRT",
        "acq_datetime_utc": "2026-10-05T12:46:00Z",
        "age_hours": 28.2,
        "confidence_label": "nominal",
        "popup_label": "<strong>NASA FIRMS<\/strong><br>Sensor: VIIRS_NOAA20_NRT<br>Fecha UTC: 2026-10-05T12:46:00Z<br>Confianza: nominal<br>FRP: 3.18 MW"
      }
    },
    {
      "type": "Feature",
      "geometry": {
        "type": "Point",
        "coordinates": [-5.8313, 43.5397]
      },
      "properties": {
        "bright_ti4": 330.29,
        "scan": 0.47,
        "track": 0.48,
        "acq_date": "2026-10-05",
        "acq_time": "1246",
        "satellite": "N20",
        "instrument": "VIIRS",
        "confidence": "n",
        "version": "2.0NRT",
        "bright_ti5": 293.07,
        "frp": 3.18,
        "daynight": "D",
        "source_dataset": "VIIRS_NOAA20_NRT",
        "acq_datetime_utc": "2026-10-05T12:46:00Z",
        "age_hours": 28.2,
        "confidence_label": "nominal",
        "popup_label": "<strong>NASA FIRMS<\/strong><br>Sensor: VIIRS_NOAA20_NRT<br>Fecha UTC: 2026-10-05T12:46:00Z<br>Confianza: nominal<br>FRP: 3.18 MW"
      }
    },
    {
      "type": "Feature",
      "geometry": {
        "type": "Point",
        "coordinates": [4.085, 43.8102]
      },
      "properties": {
        "bright_ti4": 326.24,
        "scan": 0.39,
        "track": 0.36,
        "acq_date": "2026-10-05",
        "acq_time": "1246",
        "satellite": "N20",
        "instrument": "VIIRS",
        "confidence": "n",
        "version": "2.0NRT",
        "bright_ti5": 294.6,
        "frp": 1.55,
        "daynight": "D",
        "source_dataset": "VIIRS_NOAA20_NRT",
        "acq_datetime_utc": "2026-10-05T12:46:00Z",
        "age_hours": 28.2,
        "confidence_label": "nominal",
        "popup_label": "<strong>NASA FIRMS<\/strong><br>Sensor: VIIRS_NOAA20_NRT<br>Fecha UTC: 2026-10-05T12:46:00Z<br>Confianza: nominal<br>FRP: 1.55 MW"
      }
    },
    {
      "type": "Feature",
      "geometry": {
        "type": "Point",
        "coordinates": [-0.2976, 43.845]
      },
      "properties": {
        "bright_ti4": 339.91,
        "scan": 0.42,
        "track": 0.38,
        "acq_date": "2026-10-05",
        "acq_time": "1246",
        "satellite": "N20",
        "instrument": "VIIRS",
        "confidence": "n",
        "version": "2.0NRT",
        "bright_ti5": 297.29,
        "frp": 2.36,
        "daynight": "D",
        "source_dataset": "VIIRS_NOAA20_NRT",
        "acq_datetime_utc": "2026-10-05T12:46:00Z",
        "age_hours": 28.2,
        "confidence_label": "nominal",
        "popup_label": "<strong>NASA FIRMS<\/strong><br>Sensor: VIIRS_NOAA20_NRT<br>Fecha UTC: 2026-10-05T12:46:00Z<br>Confianza: nominal<br>FRP: 2.36 MW"
      }
    },
    {
      "type": "Feature",
      "geometry": {
        "type": "Point",
        "coordinates": [0.1749, 44.1657]
      },
      "properties": {
        "bright_ti4": 335.57,
        "scan": 0.41,
        "track": 0.37,
        "acq_date": "2026-10-05",
        "acq_time": "1246",
        "satellite": "N20",
        "instrument": "VIIRS",
        "confidence": "n",
        "version": "2.0NRT",
        "bright_ti5": 297.96,
        "frp": 3.49,
        "daynight": "D",
        "source_dataset": "VIIRS_NOAA20_NRT",
        "acq_datetime_utc": "2026-10-05T12:46:00Z",
        "age_hours": 28.2,
        "confidence_label": "nominal",
        "popup_label": "<strong>NASA FIRMS<\/strong><br>Sensor: VIIRS_NOAA20_NRT<br>Fecha UTC: 2026-10-05T12:46:00Z<br>Confianza: nominal<br>FRP: 3.49 MW"
      }
    },
    {
      "type": "Feature",
      "geometry": {
        "type": "Point",
        "coordinates": [-0.5732, 44.4428]
      },
      "properties": {
        "bright_ti4": 335.91,
        "scan": 0.42,
        "track": 0.38,
        "acq_date": "2026-10-05",
        "acq_time": "1246",
        "satellite": "N20",
        "instrument": "VIIRS",
        "confidence": "n",
        "version": "2.0NRT",
        "bright_ti5": 292.8,
        "frp": 6.14,
        "daynight": "D",
        "source_dataset": "VIIRS_NOAA20_NRT",
        "acq_datetime_utc": "2026-10-05T12:46:00Z",
        "age_hours": 28.2,
        "confidence_label": "nominal",
        "popup_label": "<strong>NASA FIRMS<\/strong><br>Sensor: VIIRS_NOAA20_NRT<br>Fecha UTC: 2026-10-05T12:46:00Z<br>Confianza: nominal<br>FRP: 6.14 MW"
      }
    },
    {
      "type": "Feature",
      "geometry": {
        "type": "Point",
        "coordinates": [-0.5714, 44.4446]
      },
      "properties": {
        "bright_ti4": 342.28,
        "scan": 0.42,
        "track": 0.38,
        "acq_date": "2026-10-05",
        "acq_time": "1246",
        "satellite": "N20",
        "instrument": "VIIRS",
        "confidence": "n",
        "version": "2.0NRT",
        "bright_ti5": 294.51,
        "frp": 2.38,
        "daynight": "D",
        "source_dataset": "VIIRS_NOAA20_NRT",
        "acq_datetime_utc": "2026-10-05T12:46:00Z",
        "age_hours": 28.2,
        "confidence_label": "nominal",
        "popup_label": "<strong>NASA FIRMS<\/strong><br>Sensor: VIIRS_NOAA20_NRT<br>Fecha UTC: 2026-10-05T12:46:00Z<br>Confianza: nominal<br>FRP: 2.38 MW"
      }
    },
    {
      "type": "Feature",
      "geometry": {
        "type": "Point",
        "coordinates": [-6.5551, 32.2367]
      },
      "properties": {
        "bright_ti4": 340.99,
        "scan": 0.5,
        "track": 0.66,
        "acq_date": "2026-10-05",
        "acq_time": "1244",
        "satellite": "N20",
        "instrument": "VIIRS",
        "confidence": "n",
        "version": "2.0NRT",
        "bright_ti5": 299.73,
        "frp": 5.56,
        "daynight": "D",
        "source_dataset": "VIIRS_NOAA20_NRT",
        "acq_datetime_utc": "2026-10-05T12:44:00Z",
        "age_hours": 28.2,
        "confidence_label": "nominal",
        "popup_label": "<strong>NASA FIRMS<\/strong><br>Sensor: VIIRS_NOAA20_NRT<br>Fecha UTC: 2026-10-05T12:44:00Z<br>Confianza: nominal<br>FRP: 5.56 MW"
      }
    },
    {
      "type": "Feature",
      "geometry": {
        "type": "Point",
        "coordinates": [-2.241, 34.9786]
      },
      "properties": {
        "bright_ti4": 330.79,
        "scan": 0.49,
        "track": 0.49,
        "acq_date": "2026-10-05",
        "acq_time": "1244",
        "satellite": "N20",
        "instrument": "VIIRS",
        "confidence": "n",
        "version": "2.0NRT",
        "bright_ti5": 286.32,
        "frp": 2.54,
        "daynight": "D",
        "source_dataset": "VIIRS_NOAA20_NRT",
        "acq_datetime_utc": "2026-10-05T12:44:00Z",
        "age_hours": 28.2,
        "confidence_label": "nominal",
        "popup_label": "<strong>NASA FIRMS<\/strong><br>Sensor: VIIRS_NOAA20_NRT<br>Fecha UTC: 2026-10-05T12:44:00Z<br>Confianza: nominal<br>FRP: 2.54 MW"
      }
    },
    {
      "type": "Feature",
      "geometry": {
        "type": "Point",
        "coordinates": [2.9253, 35.038]
      },
      "properties": {
        "bright_ti4": 337.63,
        "scan": 0.43,
        "track": 0.38,
        "acq_date": "2026-10-05",
        "acq_time": "1244",
        "satellite": "N20",
        "instrument": "VIIRS",
        "confidence": "n",
        "version": "2.0NRT",
        "bright_ti5": 306.38,
        "frp": 5.15,
        "daynight": "D",
        "source_dataset": "VIIRS_NOAA20_NRT",
        "acq_datetime_utc": "2026-10-05T12:44:00Z",
        "age_hours": 28.2,
        "confidence_label": "nominal",
        "popup_label": "<strong>NASA FIRMS<\/strong><br>Sensor: VIIRS_NOAA20_NRT<br>Fecha UTC: 2026-10-05T12:44:00Z<br>Confianza: nominal<br>FRP: 5.15 MW"
      }
    },
    {
      "type": "Feature",
      "geometry": {
        "type": "Point",
        "coordinates": [1.0815, 35.3789]
      },
      "properties": {
        "bright_ti4": 340.67,
        "scan": 0.5,
        "track": 0.41,
        "acq_date": "2026-10-05",
        "acq_time": "1244",
        "satellite": "N20",
        "instrument": "VIIRS",
        "confidence": "n",
        "version": "2.0NRT",
        "bright_ti5": 300.76,
        "frp": 5.61,
        "daynight": "D",
        "source_dataset": "VIIRS_NOAA20_NRT",
        "acq_datetime_utc": "2026-10-05T12:44:00Z",
        "age_hours": 28.2,
        "confidence_label": "nominal",
        "popup_label": "<strong>NASA FIRMS<\/strong><br>Sensor: VIIRS_NOAA20_NRT<br>Fecha UTC: 2026-10-05T12:44:00Z<br>Confianza: nominal<br>FRP: 5.61 MW"
      }
    },
    {
      "type": "Feature",
      "geometry": {
        "type": "Point",
        "coordinates": [1.2671, 35.4342]
      },
      "properties": {
        "bright_ti4": 340.31,
        "scan": 0.49,
        "track": 0.4,
        "acq_date": "2026-10-05",
        "acq_time": "1244",
        "satellite": "N20",
        "instrument": "VIIRS",
        "confidence": "n",
        "version": "2.0NRT",
        "bright_ti5": 302.4,
        "frp": 4.43,
        "daynight": "D",
        "source_dataset": "VIIRS_NOAA20_NRT",
        "acq_datetime_utc": "2026-10-05T12:44:00Z",
        "age_hours": 28.2,
        "confidence_label": "nominal",
        "popup_label": "<strong>NASA FIRMS<\/strong><br>Sensor: VIIRS_NOAA20_NRT<br>Fecha UTC: 2026-10-05T12:44:00Z<br>Confianza: nominal<br>FRP: 4.43 MW"
      }
    },
    {
      "type": "Feature",
      "geometry": {
        "type": "Point",
        "coordinates": [3.8089, 35.5052]
      },
      "properties": {
        "bright_ti4": 336.01,
        "scan": 0.4,
        "track": 0.37,
        "acq_date": "2026-10-05",
        "acq_time": "1244",
        "satellite": "N20",
        "instrument": "VIIRS",
        "confidence": "n",
        "version": "2.0NRT",
        "bright_ti5": 306.53,
        "frp": 2.96,
        "daynight": "D",
        "source_dataset": "VIIRS_NOAA20_NRT",
        "acq_datetime_utc": "2026-10-05T12:44:00Z",
        "age_hours": 28.2,
        "confidence_label": "nominal",
        "popup_label": "<strong>NASA FIRMS<\/strong><br>Sensor: VIIRS_NOAA20_NRT<br>Fecha UTC: 2026-10-05T12:44:00Z<br>Confianza: nominal<br>FRP: 2.96 MW"
      }
    },
    {
      "type": "Feature",
      "geometry": {
        "type": "Point",
        "coordinates": [4.4757, 35.7078]
      },
      "properties": {
        "bright_ti4": 335.22,
        "scan": 0.39,
        "track": 0.36,
        "acq_date": "2026-10-05",
        "acq_time": "1244",
        "satellite": "N20",
        "instrument": "VIIRS",
        "confidence": "n",
        "version": "2.0NRT",
        "bright_ti5": 304.64,
        "frp": 1.54,
        "daynight": "D",
        "source_dataset": "VIIRS_NOAA20_NRT",
        "acq_datetime_utc": "2026-10-05T12:44:00Z",
        "age_hours": 28.2,
        "confidence_label": "nominal",
        "popup_label": "<strong>NASA FIRMS<\/strong><br>Sensor: VIIRS_NOAA20_NRT<br>Fecha UTC: 2026-10-05T12:44:00Z<br>Confianza: nominal<br>FRP: 1.54 MW"
      }
    },
    {
      "type": "Feature",
      "geometry": {
        "type": "Point",
        "coordinates": [3.7495, 36.1795]
      },
      "properties": {
        "bright_ti4": 331.15,
        "scan": 0.4,
        "track": 0.37,
        "acq_date": "2026-10-05",
        "acq_time": "1244",
        "satellite": "N20",
        "instrument": "VIIRS",
        "confidence": "n",
        "version": "2.0NRT",
        "bright_ti5": 301.18,
        "frp": 2.21,
        "daynight": "D",
        "source_dataset": "VIIRS_NOAA20_NRT",
        "acq_datetime_utc": "2026-10-05T12:44:00Z",
        "age_hours": 28.2,
        "confidence_label": "nominal",
        "popup_label": "<strong>NASA FIRMS<\/strong><br>Sensor: VIIRS_NOAA20_NRT<br>Fecha UTC: 2026-10-05T12:44:00Z<br>Confianza: nominal<br>FRP: 2.21 MW"
      }
    },
    {
      "type": "Feature",
      "geometry": {
        "type": "Point",
        "coordinates": [3.4477, 36.2485]
      },
      "properties": {
        "bright_ti4": 331.74,
        "scan": 0.4,
        "track": 0.37,
        "acq_date": "2026-10-05",
        "acq_time": "1244",
        "satellite": "N20",
        "instrument": "VIIRS",
        "confidence": "l",
        "version": "2.0NRT",
        "bright_ti5": 304.73,
        "frp": 0.54,
        "daynight": "D",
        "source_dataset": "VIIRS_NOAA20_NRT",
        "acq_datetime_utc": "2026-10-05T12:44:00Z",
        "age_hours": 28.2,
        "confidence_label": "baja",
        "popup_label": "<strong>NASA FIRMS<\/strong><br>Sensor: VIIRS_NOAA20_NRT<br>Fecha UTC: 2026-10-05T12:44:00Z<br>Confianza: baja<br>FRP: 0.54 MW"
      }
    },
    {
      "type": "Feature",
      "geometry": {
        "type": "Point",
        "coordinates": [3.9344, 36.2747]
      },
      "properties": {
        "bright_ti4": 337.88,
        "scan": 0.4,
        "track": 0.37,
        "acq_date": "2026-10-05",
        "acq_time": "1244",
        "satellite": "N20",
        "instrument": "VIIRS",
        "confidence": "n",
        "version": "2.0NRT",
        "bright_ti5": 307.1,
        "frp": 2.56,
        "daynight": "D",
        "source_dataset": "VIIRS_NOAA20_NRT",
        "acq_datetime_utc": "2026-10-05T12:44:00Z",
        "age_hours": 28.2,
        "confidence_label": "nominal",
        "popup_label": "<strong>NASA FIRMS<\/strong><br>Sensor: VIIRS_NOAA20_NRT<br>Fecha UTC: 2026-10-05T12:44:00Z<br>Confianza: nominal<br>FRP: 2.56 MW"
      }
    },
    {
      "type": "Feature",
      "geometry": {
        "type": "Point",
        "coordinates": [4.6674, 36.3974]
      },
      "properties": {
        "bright_ti4": 339.51,
        "scan": 0.39,
        "track": 0.36,
        "acq_date": "2026-10-05",
        "acq_time": "1244",
        "satellite": "N20",
        "instrument": "VIIRS",
        "confidence": "n",
        "version": "2.0NRT",
        "bright_ti5": 299.13,
        "frp": 17.72,
        "daynight": "D",
        "source_dataset": "VIIRS_NOAA20_NRT",
        "acq_datetime_utc": "2026-10-05T12:44:00Z",
        "age_hours": 28.2,
        "confidence_label": "nominal",
        "popup_label": "<strong>NASA FIRMS<\/strong><br>Sensor: VIIRS_NOAA20_NRT<br>Fecha UTC: 2026-10-05T12:44:00Z<br>Confianza: nominal<br>FRP: 17.72 MW"
      }
    },
    {
      "type": "Feature",
      "geometry": {
        "type": "Point",
        "coordinates": [2.8785, 36.5966]
      },
      "properties": {
        "bright_ti4": 333.66,
        "scan": 0.41,
        "track": 0.37,
        "acq_date": "2026-10-05",
        "acq_time": "1244",
        "satellite": "N20",
        "instrument": "VIIRS",
        "confidence": "n",
        "version": "2.0NRT",
        "bright_ti5": 304.5,
        "frp": 2.3,
        "daynight": "D",
        "source_dataset": "VIIRS_NOAA20_NRT",
        "acq_datetime_utc": "2026-10-05T12:44:00Z",
        "age_hours": 28.2,
        "confidence_label": "nominal",
        "popup_label": "<strong>NASA FIRMS<\/strong><br>Sensor: VIIRS_NOAA20_NRT<br>Fecha UTC: 2026-10-05T12:44:00Z<br>Confianza: nominal<br>FRP: 2.3 MW"
      }
    },
    {
      "type": "Feature",
      "geometry": {
        "type": "Point",
        "coordinates": [3.1363, 36.5986]
      },
      "properties": {
        "bright_ti4": 334.76,
        "scan": 0.41,
        "track": 0.37,
        "acq_date": "2026-10-05",
        "acq_time": "1244",
        "satellite": "N20",
        "instrument": "VIIRS",
        "confidence": "n",
        "version": "2.0NRT",
        "bright_ti5": 303.71,
        "frp": 2.44,
        "daynight": "D",
        "source_dataset": "VIIRS_NOAA20_NRT",
        "acq_datetime_utc": "2026-10-05T12:44:00Z",
        "age_hours": 28.2,
        "confidence_label": "nominal",
        "popup_label": "<strong>NASA FIRMS<\/strong><br>Sensor: VIIRS_NOAA20_NRT<br>Fecha UTC: 2026-10-05T12:44:00Z<br>Confianza: nominal<br>FRP: 2.44 MW"
      }
    },
    {
      "type": "Feature",
      "geometry": {
        "type": "Point",
        "coordinates": [2.9195, 36.7698]
      },
      "properties": {
        "bright_ti4": 331.51,
        "scan": 0.41,
        "track": 0.37,
        "acq_date": "2026-10-05",
        "acq_time": "1244",
        "satellite": "N20",
        "instrument": "VIIRS",
        "confidence": "l",
        "version": "2.0NRT",
        "bright_ti5": 302.63,
        "frp": 1.19,
        "daynight": "D",
        "source_dataset": "VIIRS_NOAA20_NRT",
        "acq_datetime_utc": "2026-10-05T12:44:00Z",
        "age_hours": 28.2,
        "confidence_label": "baja",
        "popup_label": "<strong>NASA FIRMS<\/strong><br>Sensor: VIIRS_NOAA20_NRT<br>Fecha UTC: 2026-10-05T12:44:00Z<br>Confianza: baja<br>FRP: 1.19 MW"
      }
    },
    {
      "type": "Feature",
      "geometry": {
        "type": "Point",
        "coordinates": [-0.5132, 28.1978]
      },
      "properties": {
        "bright_ti4": 344.15,
        "scan": 0.55,
        "track": 0.51,
        "acq_date": "2026-10-05",
        "acq_time": "1242",
        "satellite": "N20",
        "instrument": "VIIRS",
        "confidence": "n",
        "version": "2.0NRT",
        "bright_ti5": 310.26,
        "frp": 5.61,
        "daynight": "D",
        "source_dataset": "VIIRS_NOAA20_NRT",
        "acq_datetime_utc": "2026-10-05T12:42:00Z",
        "age_hours": 28.3,
        "confidence_label": "nominal",
        "popup_label": "<strong>NASA FIRMS<\/strong><br>Sensor: VIIRS_NOAA20_NRT<br>Fecha UTC: 2026-10-05T12:42:00Z<br>Confianza: nominal<br>FRP: 5.61 MW"
      }
    },
    {
      "type": "Feature",
      "geometry": {
        "type": "Point",
        "coordinates": [3.9893, 32.2743]
      },
      "properties": {
        "bright_ti4": 337.43,
        "scan": 0.42,
        "track": 0.38,
        "acq_date": "2026-10-05",
        "acq_time": "1242",
        "satellite": "N20",
        "instrument": "VIIRS",
        "confidence": "n",
        "version": "2.0NRT",
        "bright_ti5": 307.29,
        "frp": 2.06,
        "daynight": "D",
        "source_dataset": "VIIRS_NOAA20_NRT",
        "acq_datetime_utc": "2026-10-05T12:42:00Z",
        "age_hours": 28.3,
        "confidence_label": "nominal",
        "popup_label": "<strong>NASA FIRMS<\/strong><br>Sensor: VIIRS_NOAA20_NRT<br>Fecha UTC: 2026-10-05T12:42:00Z<br>Confianza: nominal<br>FRP: 2.06 MW"
      }
    },
    {
      "type": "Feature",
      "geometry": {
        "type": "Point",
        "coordinates": [3.9885, 32.2777]
      },
      "properties": {
        "bright_ti4": 345.21,
        "scan": 0.42,
        "track": 0.38,
        "acq_date": "2026-10-05",
        "acq_time": "1242",
        "satellite": "N20",
        "instrument": "VIIRS",
        "confidence": "n",
        "version": "2.0NRT",
        "bright_ti5": 307.8,
        "frp": 2.06,
        "daynight": "D",
        "source_dataset": "VIIRS_NOAA20_NRT",
        "acq_datetime_utc": "2026-10-05T12:42:00Z",
        "age_hours": 28.3,
        "confidence_label": "nominal",
        "popup_label": "<strong>NASA FIRMS<\/strong><br>Sensor: VIIRS_NOAA20_NRT<br>Fecha UTC: 2026-10-05T12:42:00Z<br>Confianza: nominal<br>FRP: 2.06 MW"
      }
    },
    {
      "type": "Feature",
      "geometry": {
        "type": "Point",
        "coordinates": [3.1691, 32.5531]
      },
      "properties": {
        "bright_ti4": 339.21,
        "scan": 0.45,
        "track": 0.39,
        "acq_date": "2026-10-05",
        "acq_time": "1242",
        "satellite": "N20",
        "instrument": "VIIRS",
        "confidence": "n",
        "version": "2.0NRT",
        "bright_ti5": 303.64,
        "frp": 9.35,
        "daynight": "D",
        "source_dataset": "VIIRS_NOAA20_NRT",
        "acq_datetime_utc": "2026-10-05T12:42:00Z",
        "age_hours": 28.3,
        "confidence_label": "nominal",
        "popup_label": "<strong>NASA FIRMS<\/strong><br>Sensor: VIIRS_NOAA20_NRT<br>Fecha UTC: 2026-10-05T12:42:00Z<br>Confianza: nominal<br>FRP: 9.35 MW"
      }
    },
    {
      "type": "Feature",
      "geometry": {
        "type": "Point",
        "coordinates": [-9.5561, 30.2257]
      },
      "properties": {
        "bright_ti4": 349.34,
        "scan": 0.6,
        "track": 0.53,
        "acq_date": "2026-10-05",
        "acq_time": "0306",
        "satellite": "N20",
        "instrument": "VIIRS",
        "confidence": "n",
        "version": "2.0NRT",
        "bright_ti5": 293.54,
        "frp": 12.99,
        "daynight": "N",
        "source_dataset": "VIIRS_NOAA20_NRT",
        "acq_datetime_utc": "2026-10-05T03:06:00Z",
        "age_hours": 37.9,
        "confidence_label": "nominal",
        "popup_label": "<strong>NASA FIRMS<\/strong><br>Sensor: VIIRS_NOAA20_NRT<br>Fecha UTC: 2026-10-05T03:06:00Z<br>Confianza: nominal<br>FRP: 12.99 MW"
      }
    },
    {
      "type": "Feature",
      "geometry": {
        "type": "Point",
        "coordinates": [-9.5805, 30.2454]
      },
      "properties": {
        "bright_ti4": 310.02,
        "scan": 0.6,
        "track": 0.53,
        "acq_date": "2026-10-05",
        "acq_time": "0306",
        "satellite": "N20",
        "instrument": "VIIRS",
        "confidence": "n",
        "version": "2.0NRT",
        "bright_ti5": 290.11,
        "frp": 1.25,
        "daynight": "N",
        "source_dataset": "VIIRS_NOAA20_NRT",
        "acq_datetime_utc": "2026-10-05T03:06:00Z",
        "age_hours": 37.9,
        "confidence_label": "nominal",
        "popup_label": "<strong>NASA FIRMS<\/strong><br>Sensor: VIIRS_NOAA20_NRT<br>Fecha UTC: 2026-10-05T03:06:00Z<br>Confianza: nominal<br>FRP: 1.25 MW"
      }
    },
    {
      "type": "Feature",
      "geometry": {
        "type": "Point",
        "coordinates": [-9.1802, 30.3805]
      },
      "properties": {
        "bright_ti4": 303.84,
        "scan": 0.63,
        "track": 0.54,
        "acq_date": "2026-10-05",
        "acq_time": "0306",
        "satellite": "N20",
        "instrument": "VIIRS",
        "confidence": "n",
        "version": "2.0NRT",
        "bright_ti5": 290.27,
        "frp": 1.06,
        "daynight": "N",
        "source_dataset": "VIIRS_NOAA20_NRT",
        "acq_datetime_utc": "2026-10-05T03:06:00Z",
        "age_hours": 37.9,
        "confidence_label": "nominal",
        "popup_label": "<strong>NASA FIRMS<\/strong><br>Sensor: VIIRS_NOAA20_NRT<br>Fecha UTC: 2026-10-05T03:06:00Z<br>Confianza: nominal<br>FRP: 1.06 MW"
      }
    },
    {
      "type": "Feature",
      "geometry": {
        "type": "Point",
        "coordinates": [-9.1799, 30.3821]
      },
      "properties": {
        "bright_ti4": 304.34,
        "scan": 0.63,
        "track": 0.54,
        "acq_date": "2026-10-05",
        "acq_time": "0306",
        "satellite": "N20",
        "instrument": "VIIRS",
        "confidence": "n",
        "version": "2.0NRT",
        "bright_ti5": 290.04,
        "frp": 0.98,
        "daynight": "N",
        "source_dataset": "VIIRS_NOAA20_NRT",
        "acq_datetime_utc": "2026-10-05T03:06:00Z",
        "age_hours": 37.9,
        "confidence_label": "nominal",
        "popup_label": "<strong>NASA FIRMS<\/strong><br>Sensor: VIIRS_NOAA20_NRT<br>Fecha UTC: 2026-10-05T03:06:00Z<br>Confianza: nominal<br>FRP: 0.98 MW"
      }
    },
    {
      "type": "Feature",
      "geometry": {
        "type": "Point",
        "coordinates": [-0.2768, 35.5318]
      },
      "properties": {
        "bright_ti4": 300.77,
        "scan": 0.73,
        "track": 0.76,
        "acq_date": "2026-10-05",
        "acq_time": "0304",
        "satellite": "N20",
        "instrument": "VIIRS",
        "confidence": "n",
        "version": "2.0NRT",
        "bright_ti5": 286.68,
        "frp": 1.25,
        "daynight": "N",
        "source_dataset": "VIIRS_NOAA20_NRT",
        "acq_datetime_utc": "2026-10-05T03:04:00Z",
        "age_hours": 37.9,
        "confidence_label": "nominal",
        "popup_label": "<strong>NASA FIRMS<\/strong><br>Sensor: VIIRS_NOAA20_NRT<br>Fecha UTC: 2026-10-05T03:04:00Z<br>Confianza: nominal<br>FRP: 1.25 MW"
      }
    },
    {
      "type": "Feature",
      "geometry": {
        "type": "Point",
        "coordinates": [-0.2726, 35.7636]
      },
      "properties": {
        "bright_ti4": 297.5,
        "scan": 0.72,
        "track": 0.75,
        "acq_date": "2026-10-05",
        "acq_time": "0304",
        "satellite": "N20",
        "instrument": "VIIRS",
        "confidence": "n",
        "version": "2.0NRT",
        "bright_ti5": 284.94,
        "frp": 1.33,
        "daynight": "N",
        "source_dataset": "VIIRS_NOAA20_NRT",
        "acq_datetime_utc": "2026-10-05T03:04:00Z",
        "age_hours": 37.9,
        "confidence_label": "nominal",
        "popup_label": "<strong>NASA FIRMS<\/strong><br>Sensor: VIIRS_NOAA20_NRT<br>Fecha UTC: 2026-10-05T03:04:00Z<br>Confianza: nominal<br>FRP: 1.33 MW"
      }
    },
    {
      "type": "Feature",
      "geometry": {
        "type": "Point",
        "coordinates": [-0.2711, 35.7642]
      },
      "properties": {
        "bright_ti4": 298.78,
        "scan": 0.72,
        "track": 0.75,
        "acq_date": "2026-10-05",
        "acq_time": "0304",
        "satellite": "N20",
        "instrument": "VIIRS",
        "confidence": "n",
        "version": "2.0NRT",
        "bright_ti5": 285.9,
        "frp": 1.57,
        "daynight": "N",
        "source_dataset": "VIIRS_NOAA20_NRT",
        "acq_datetime_utc": "2026-10-05T03:04:00Z",
        "age_hours": 37.9,
        "confidence_label": "nominal",
        "popup_label": "<strong>NASA FIRMS<\/strong><br>Sensor: VIIRS_NOAA20_NRT<br>Fecha UTC: 2026-10-05T03:04:00Z<br>Confianza: nominal<br>FRP: 1.57 MW"
      }
    },
    {
      "type": "Feature",
      "geometry": {
        "type": "Point",
        "coordinates": [-0.262, 35.7678]
      },
      "properties": {
        "bright_ti4": 298.69,
        "scan": 0.72,
        "track": 0.75,
        "acq_date": "2026-10-05",
        "acq_time": "0304",
        "satellite": "N20",
        "instrument": "VIIRS",
        "confidence": "n",
        "version": "2.0NRT",
        "bright_ti5": 286.44,
        "frp": 1.33,
        "daynight": "N",
        "source_dataset": "VIIRS_NOAA20_NRT",
        "acq_datetime_utc": "2026-10-05T03:04:00Z",
        "age_hours": 37.9,
        "confidence_label": "nominal",
        "popup_label": "<strong>NASA FIRMS<\/strong><br>Sensor: VIIRS_NOAA20_NRT<br>Fecha UTC: 2026-10-05T03:04:00Z<br>Confianza: nominal<br>FRP: 1.33 MW"
      }
    },
    {
      "type": "Feature",
      "geometry": {
        "type": "Point",
        "coordinates": [-0.2693, 35.77]
      },
      "properties": {
        "bright_ti4": 302.8,
        "scan": 0.72,
        "track": 0.75,
        "acq_date": "2026-10-05",
        "acq_time": "0304",
        "satellite": "N20",
        "instrument": "VIIRS",
        "confidence": "n",
        "version": "2.0NRT",
        "bright_ti5": 285.45,
        "frp": 1.33,
        "daynight": "N",
        "source_dataset": "VIIRS_NOAA20_NRT",
        "acq_datetime_utc": "2026-10-05T03:04:00Z",
        "age_hours": 37.9,
        "confidence_label": "nominal",
        "popup_label": "<strong>NASA FIRMS<\/strong><br>Sensor: VIIRS_NOAA20_NRT<br>Fecha UTC: 2026-10-05T03:04:00Z<br>Confianza: nominal<br>FRP: 1.33 MW"
      }
    },
    {
      "type": "Feature",
      "geometry": {
        "type": "Point",
        "coordinates": [-0.268, 35.7707]
      },
      "properties": {
        "bright_ti4": 307.97,
        "scan": 0.72,
        "track": 0.75,
        "acq_date": "2026-10-05",
        "acq_time": "0304",
        "satellite": "N20",
        "instrument": "VIIRS",
        "confidence": "n",
        "version": "2.0NRT",
        "bright_ti5": 286,
        "frp": 2.28,
        "daynight": "N",
        "source_dataset": "VIIRS_NOAA20_NRT",
        "acq_datetime_utc": "2026-10-05T03:04:00Z",
        "age_hours": 37.9,
        "confidence_label": "nominal",
        "popup_label": "<strong>NASA FIRMS<\/strong><br>Sensor: VIIRS_NOAA20_NRT<br>Fecha UTC: 2026-10-05T03:04:00Z<br>Confianza: nominal<br>FRP: 2.28 MW"
      }
    },
    {
      "type": "Feature",
      "geometry": {
        "type": "Point",
        "coordinates": [-0.2591, 35.8053]
      },
      "properties": {
        "bright_ti4": 325.83,
        "scan": 0.71,
        "track": 0.75,
        "acq_date": "2026-10-05",
        "acq_time": "0304",
        "satellite": "N20",
        "instrument": "VIIRS",
        "confidence": "n",
        "version": "2.0NRT",
        "bright_ti5": 284.97,
        "frp": 5.06,
        "daynight": "N",
        "source_dataset": "VIIRS_NOAA20_NRT",
        "acq_datetime_utc": "2026-10-05T03:04:00Z",
        "age_hours": 37.9,
        "confidence_label": "nominal",
        "popup_label": "<strong>NASA FIRMS<\/strong><br>Sensor: VIIRS_NOAA20_NRT<br>Fecha UTC: 2026-10-05T03:04:00Z<br>Confianza: nominal<br>FRP: 5.06 MW"
      }
    },
    {
      "type": "Feature",
      "geometry": {
        "type": "Point",
        "coordinates": [-0.2478, 35.8092]
      },
      "properties": {
        "bright_ti4": 301.5,
        "scan": 0.72,
        "track": 0.75,
        "acq_date": "2026-10-05",
        "acq_time": "0304",
        "satellite": "N20",
        "instrument": "VIIRS",
        "confidence": "n",
        "version": "2.0NRT",
        "bright_ti5": 284.63,
        "frp": 5.36,
        "daynight": "N",
        "source_dataset": "VIIRS_NOAA20_NRT",
        "acq_datetime_utc": "2026-10-05T03:04:00Z",
        "age_hours": 37.9,
        "confidence_label": "nominal",
        "popup_label": "<strong>NASA FIRMS<\/strong><br>Sensor: VIIRS_NOAA20_NRT<br>Fecha UTC: 2026-10-05T03:04:00Z<br>Confianza: nominal<br>FRP: 5.36 MW"
      }
    },
    {
      "type": "Feature",
      "geometry": {
        "type": "Point",
        "coordinates": [-0.2554, 35.8116]
      },
      "properties": {
        "bright_ti4": 345.64,
        "scan": 0.71,
        "track": 0.75,
        "acq_date": "2026-10-05",
        "acq_time": "0304",
        "satellite": "N20",
        "instrument": "VIIRS",
        "confidence": "n",
        "version": "2.0NRT",
        "bright_ti5": 285.35,
        "frp": 5.36,
        "daynight": "N",
        "source_dataset": "VIIRS_NOAA20_NRT",
        "acq_datetime_utc": "2026-10-05T03:04:00Z",
        "age_hours": 37.9,
        "confidence_label": "nominal",
        "popup_label": "<strong>NASA FIRMS<\/strong><br>Sensor: VIIRS_NOAA20_NRT<br>Fecha UTC: 2026-10-05T03:04:00Z<br>Confianza: nominal<br>FRP: 5.36 MW"
      }
    },
    {
      "type": "Feature",
      "geometry": {
        "type": "Point",
        "coordinates": [-0.2702, 35.8163]
      },
      "properties": {
        "bright_ti4": 305.03,
        "scan": 0.71,
        "track": 0.75,
        "acq_date": "2026-10-05",
        "acq_time": "0304",
        "satellite": "N20",
        "instrument": "VIIRS",
        "confidence": "n",
        "version": "2.0NRT",
        "bright_ti5": 285.35,
        "frp": 4.57,
        "daynight": "N",
        "source_dataset": "VIIRS_NOAA20_NRT",
        "acq_datetime_utc": "2026-10-05T03:04:00Z",
        "age_hours": 37.9,
        "confidence_label": "nominal",
        "popup_label": "<strong>NASA FIRMS<\/strong><br>Sensor: VIIRS_NOAA20_NRT<br>Fecha UTC: 2026-10-05T03:04:00Z<br>Confianza: nominal<br>FRP: 4.57 MW"
      }
    },
    {
      "type": "Feature",
      "geometry": {
        "type": "Point",
        "coordinates": [-8.9073, 39.6874]
      },
      "properties": {
        "bright_ti4": 301.15,
        "scan": 0.41,
        "track": 0.45,
        "acq_date": "2026-10-05",
        "acq_time": "0304",
        "satellite": "N20",
        "instrument": "VIIRS",
        "confidence": "n",
        "version": "2.0NRT",
        "bright_ti5": 289.29,
        "frp": 0.84,
        "daynight": "N",
        "source_dataset": "VIIRS_NOAA20_NRT",
        "acq_datetime_utc": "2026-10-05T03:04:00Z",
        "age_hours": 37.9,
        "confidence_label": "nominal",
        "popup_label": "<strong>NASA FIRMS<\/strong><br>Sensor: VIIRS_NOAA20_NRT<br>Fecha UTC: 2026-10-05T03:04:00Z<br>Confianza: nominal<br>FRP: 0.84 MW"
      }
    },
    {
      "type": "Feature",
      "geometry": {
        "type": "Point",
        "coordinates": [-8.4183, 40.2904]
      },
      "properties": {
        "bright_ti4": 303.26,
        "scan": 0.42,
        "track": 0.45,
        "acq_date": "2026-10-05",
        "acq_time": "0304",
        "satellite": "N20",
        "instrument": "VIIRS",
        "confidence": "n",
        "version": "2.0NRT",
        "bright_ti5": 289.05,
        "frp": 1.06,
        "daynight": "N",
        "source_dataset": "VIIRS_NOAA20_NRT",
        "acq_datetime_utc": "2026-10-05T03:04:00Z",
        "age_hours": 37.9,
        "confidence_label": "nominal",
        "popup_label": "<strong>NASA FIRMS<\/strong><br>Sensor: VIIRS_NOAA20_NRT<br>Fecha UTC: 2026-10-05T03:04:00Z<br>Confianza: nominal<br>FRP: 1.06 MW"
      }
    },
    {
      "type": "Feature",
      "geometry": {
        "type": "Point",
        "coordinates": [-3.7461, 39.9364]
      },
      "properties": {
        "bright_ti4": 298.84,
        "scan": 0.36,
        "track": 0.58,
        "acq_date": "2026-10-05",
        "acq_time": "0302",
        "satellite": "N20",
        "instrument": "VIIRS",
        "confidence": "n",
        "version": "2.0NRT",
        "bright_ti5": 285.07,
        "frp": 0.44,
        "daynight": "N",
        "source_dataset": "VIIRS_NOAA20_NRT",
        "acq_datetime_utc": "2026-10-05T03:02:00Z",
        "age_hours": 37.9,
        "confidence_label": "nominal",
        "popup_label": "<strong>NASA FIRMS<\/strong><br>Sensor: VIIRS_NOAA20_NRT<br>Fecha UTC: 2026-10-05T03:02:00Z<br>Confianza: nominal<br>FRP: 0.44 MW"
      }
    },
    {
      "type": "Feature",
      "geometry": {
        "type": "Point",
        "coordinates": [-3.4762, 40.2471]
      },
      "properties": {
        "bright_ti4": 319.35,
        "scan": 0.37,
        "track": 0.58,
        "acq_date": "2026-10-05",
        "acq_time": "0302",
        "satellite": "N20",
        "instrument": "VIIRS",
        "confidence": "n",
        "version": "2.0NRT",
        "bright_ti5": 285.06,
        "frp": 2,
        "daynight": "N",
        "source_dataset": "VIIRS_NOAA20_NRT",
        "acq_datetime_utc": "2026-10-05T03:02:00Z",
        "age_hours": 37.9,
        "confidence_label": "nominal",
        "popup_label": "<strong>NASA FIRMS<\/strong><br>Sensor: VIIRS_NOAA20_NRT<br>Fecha UTC: 2026-10-05T03:02:00Z<br>Confianza: nominal<br>FRP: 2 MW"
      }
    },
    {
      "type": "Feature",
      "geometry": {
        "type": "Point",
        "coordinates": [-3.0246, 43.3105]
      },
      "properties": {
        "bright_ti4": 307.53,
        "scan": 0.32,
        "track": 0.54,
        "acq_date": "2026-10-05",
        "acq_time": "0302",
        "satellite": "N20",
        "instrument": "VIIRS",
        "confidence": "n",
        "version": "2.0NRT",
        "bright_ti5": 286.2,
        "frp": 2.6,
        "daynight": "N",
        "source_dataset": "VIIRS_NOAA20_NRT",
        "acq_datetime_utc": "2026-10-05T03:02:00Z",
        "age_hours": 37.9,
        "confidence_label": "nominal",
        "popup_label": "<strong>NASA FIRMS<\/strong><br>Sensor: VIIRS_NOAA20_NRT<br>Fecha UTC: 2026-10-05T03:02:00Z<br>Confianza: nominal<br>FRP: 2.6 MW"
      }
    },
    {
      "type": "Feature",
      "geometry": {
        "type": "Point",
        "coordinates": [-0.5157, 28.1999]
      },
      "properties": {
        "bright_ti4": 302.64,
        "scan": 0.45,
        "track": 0.47,
        "acq_date": "2026-10-05",
        "acq_time": "0126",
        "satellite": "N20",
        "instrument": "VIIRS",
        "confidence": "n",
        "version": "2.0NRT",
        "bright_ti5": 291.93,
        "frp": 1.81,
        "daynight": "N",
        "source_dataset": "VIIRS_NOAA20_NRT",
        "acq_datetime_utc": "2026-10-05T01:26:00Z",
        "age_hours": 39.5,
        "confidence_label": "nominal",
        "popup_label": "<strong>NASA FIRMS<\/strong><br>Sensor: VIIRS_NOAA20_NRT<br>Fecha UTC: 2026-10-05T01:26:00Z<br>Confianza: nominal<br>FRP: 1.81 MW"
      }
    },
    {
      "type": "Feature",
      "geometry": {
        "type": "Point",
        "coordinates": [-0.5202, 28.2004]
      },
      "properties": {
        "bright_ti4": 325.12,
        "scan": 0.45,
        "track": 0.47,
        "acq_date": "2026-10-05",
        "acq_time": "0126",
        "satellite": "N20",
        "instrument": "VIIRS",
        "confidence": "n",
        "version": "2.0NRT",
        "bright_ti5": 291.61,
        "frp": 1.81,
        "daynight": "N",
        "source_dataset": "VIIRS_NOAA20_NRT",
        "acq_datetime_utc": "2026-10-05T01:26:00Z",
        "age_hours": 39.5,
        "confidence_label": "nominal",
        "popup_label": "<strong>NASA FIRMS<\/strong><br>Sensor: VIIRS_NOAA20_NRT<br>Fecha UTC: 2026-10-05T01:26:00Z<br>Confianza: nominal<br>FRP: 1.81 MW"
      }
    },
    {
      "type": "Feature",
      "geometry": {
        "type": "Point",
        "coordinates": [-0.1594, 28.2121]
      },
      "properties": {
        "bright_ti4": 324.52,
        "scan": 0.43,
        "track": 0.46,
        "acq_date": "2026-10-05",
        "acq_time": "0126",
        "satellite": "N20",
        "instrument": "VIIRS",
        "confidence": "n",
        "version": "2.0NRT",
        "bright_ti5": 292.74,
        "frp": 1.57,
        "daynight": "N",
        "source_dataset": "VIIRS_NOAA20_NRT",
        "acq_datetime_utc": "2026-10-05T01:26:00Z",
        "age_hours": 39.5,
        "confidence_label": "nominal",
        "popup_label": "<strong>NASA FIRMS<\/strong><br>Sensor: VIIRS_NOAA20_NRT<br>Fecha UTC: 2026-10-05T01:26:00Z<br>Confianza: nominal<br>FRP: 1.57 MW"
      }
    },
    {
      "type": "Feature",
      "geometry": {
        "type": "Point",
        "coordinates": [1.8987, 30.9107]
      },
      "properties": {
        "bright_ti4": 300.25,
        "scan": 0.53,
        "track": 0.42,
        "acq_date": "2026-10-05",
        "acq_time": "0126",
        "satellite": "N20",
        "instrument": "VIIRS",
        "confidence": "n",
        "version": "2.0NRT",
        "bright_ti5": 288.7,
        "frp": 0.9,
        "daynight": "N",
        "source_dataset": "VIIRS_NOAA20_NRT",
        "acq_datetime_utc": "2026-10-05T01:26:00Z",
        "age_hours": 39.5,
        "confidence_label": "nominal",
        "popup_label": "<strong>NASA FIRMS<\/strong><br>Sensor: VIIRS_NOAA20_NRT<br>Fecha UTC: 2026-10-05T01:26:00Z<br>Confianza: nominal<br>FRP: 0.9 MW"
      }
    },
    {
      "type": "Feature",
      "geometry": {
        "type": "Point",
        "coordinates": [3.9838, 32.2753]
      },
      "properties": {
        "bright_ti4": 316.11,
        "scan": 0.45,
        "track": 0.39,
        "acq_date": "2026-10-05",
        "acq_time": "0124",
        "satellite": "N20",
        "instrument": "VIIRS",
        "confidence": "n",
        "version": "2.0NRT",
        "bright_ti5": 288.73,
        "frp": 1.85,
        "daynight": "N",
        "source_dataset": "VIIRS_NOAA20_NRT",
        "acq_datetime_utc": "2026-10-05T01:24:00Z",
        "age_hours": 39.6,
        "confidence_label": "nominal",
        "popup_label": "<strong>NASA FIRMS<\/strong><br>Sensor: VIIRS_NOAA20_NRT<br>Fecha UTC: 2026-10-05T01:24:00Z<br>Confianza: nominal<br>FRP: 1.85 MW"
      }
    },
    {
      "type": "Feature",
      "geometry": {
        "type": "Point",
        "coordinates": [3.9892, 32.2782]
      },
      "properties": {
        "bright_ti4": 306.96,
        "scan": 0.44,
        "track": 0.39,
        "acq_date": "2026-10-05",
        "acq_time": "0124",
        "satellite": "N20",
        "instrument": "VIIRS",
        "confidence": "n",
        "version": "2.0NRT",
        "bright_ti5": 289.26,
        "frp": 0.67,
        "daynight": "N",
        "source_dataset": "VIIRS_NOAA20_NRT",
        "acq_datetime_utc": "2026-10-05T01:24:00Z",
        "age_hours": 39.6,
        "confidence_label": "nominal",
        "popup_label": "<strong>NASA FIRMS<\/strong><br>Sensor: VIIRS_NOAA20_NRT<br>Fecha UTC: 2026-10-05T01:24:00Z<br>Confianza: nominal<br>FRP: 0.67 MW"
      }
    },
    {
      "type": "Feature",
      "geometry": {
        "type": "Point",
        "coordinates": [3.9845, 32.2788]
      },
      "properties": {
        "bright_ti4": 302.63,
        "scan": 0.45,
        "track": 0.39,
        "acq_date": "2026-10-05",
        "acq_time": "0124",
        "satellite": "N20",
        "instrument": "VIIRS",
        "confidence": "n",
        "version": "2.0NRT",
        "bright_ti5": 288.65,
        "frp": 0.67,
        "daynight": "N",
        "source_dataset": "VIIRS_NOAA20_NRT",
        "acq_datetime_utc": "2026-10-05T01:24:00Z",
        "age_hours": 39.6,
        "confidence_label": "nominal",
        "popup_label": "<strong>NASA FIRMS<\/strong><br>Sensor: VIIRS_NOAA20_NRT<br>Fecha UTC: 2026-10-05T01:24:00Z<br>Confianza: nominal<br>FRP: 0.67 MW"
      }
    },
    {
      "type": "Feature",
      "geometry": {
        "type": "Point",
        "coordinates": [4.0041, 32.4025]
      },
      "properties": {
        "bright_ti4": 310.42,
        "scan": 0.45,
        "track": 0.39,
        "acq_date": "2026-10-05",
        "acq_time": "0124",
        "satellite": "N20",
        "instrument": "VIIRS",
        "confidence": "n",
        "version": "2.0NRT",
        "bright_ti5": 289.13,
        "frp": 1.18,
        "daynight": "N",
        "source_dataset": "VIIRS_NOAA20_NRT",
        "acq_datetime_utc": "2026-10-05T01:24:00Z",
        "age_hours": 39.6,
        "confidence_label": "nominal",
        "popup_label": "<strong>NASA FIRMS<\/strong><br>Sensor: VIIRS_NOAA20_NRT<br>Fecha UTC: 2026-10-05T01:24:00Z<br>Confianza: nominal<br>FRP: 1.18 MW"
      }
    },
    {
      "type": "Feature",
      "geometry": {
        "type": "Point",
        "coordinates": [3.1694, 32.5542]
      },
      "properties": {
        "bright_ti4": 326.71,
        "scan": 0.48,
        "track": 0.4,
        "acq_date": "2026-10-05",
        "acq_time": "0124",
        "satellite": "N20",
        "instrument": "VIIRS",
        "confidence": "n",
        "version": "2.0NRT",
        "bright_ti5": 289.97,
        "frp": 2.89,
        "daynight": "N",
        "source_dataset": "VIIRS_NOAA20_NRT",
        "acq_datetime_utc": "2026-10-05T01:24:00Z",
        "age_hours": 39.6,
        "confidence_label": "nominal",
        "popup_label": "<strong>NASA FIRMS<\/strong><br>Sensor: VIIRS_NOAA20_NRT<br>Fecha UTC: 2026-10-05T01:24:00Z<br>Confianza: nominal<br>FRP: 2.89 MW"
      }
    },
    {
      "type": "Feature",
      "geometry": {
        "type": "Point",
        "coordinates": [3.1643, 32.5548]
      },
      "properties": {
        "bright_ti4": 299.72,
        "scan": 0.48,
        "track": 0.4,
        "acq_date": "2026-10-05",
        "acq_time": "0124",
        "satellite": "N20",
        "instrument": "VIIRS",
        "confidence": "n",
        "version": "2.0NRT",
        "bright_ti5": 286.38,
        "frp": 2.89,
        "daynight": "N",
        "source_dataset": "VIIRS_NOAA20_NRT",
        "acq_datetime_utc": "2026-10-05T01:24:00Z",
        "age_hours": 39.6,
        "confidence_label": "nominal",
        "popup_label": "<strong>NASA FIRMS<\/strong><br>Sensor: VIIRS_NOAA20_NRT<br>Fecha UTC: 2026-10-05T01:24:00Z<br>Confianza: nominal<br>FRP: 2.89 MW"
      }
    },
    {
      "type": "Feature",
      "geometry": {
        "type": "Point",
        "coordinates": [3.1807, 32.7459]
      },
      "properties": {
        "bright_ti4": 303.57,
        "scan": 0.49,
        "track": 0.4,
        "acq_date": "2026-10-05",
        "acq_time": "0124",
        "satellite": "N20",
        "instrument": "VIIRS",
        "confidence": "n",
        "version": "2.0NRT",
        "bright_ti5": 286.7,
        "frp": 0.85,
        "daynight": "N",
        "source_dataset": "VIIRS_NOAA20_NRT",
        "acq_datetime_utc": "2026-10-05T01:24:00Z",
        "age_hours": 39.6,
        "confidence_label": "nominal",
        "popup_label": "<strong>NASA FIRMS<\/strong><br>Sensor: VIIRS_NOAA20_NRT<br>Fecha UTC: 2026-10-05T01:24:00Z<br>Confianza: nominal<br>FRP: 0.85 MW"
      }
    },
    {
      "type": "Feature",
      "geometry": {
        "type": "Point",
        "coordinates": [3.1846, 32.7467]
      },
      "properties": {
        "bright_ti4": 296.48,
        "scan": 0.48,
        "track": 0.4,
        "acq_date": "2026-10-05",
        "acq_time": "0124",
        "satellite": "N20",
        "instrument": "VIIRS",
        "confidence": "n",
        "version": "2.0NRT",
        "bright_ti5": 286.38,
        "frp": 0.84,
        "daynight": "N",
        "source_dataset": "VIIRS_NOAA20_NRT",
        "acq_datetime_utc": "2026-10-05T01:24:00Z",
        "age_hours": 39.6,
        "confidence_label": "nominal",
        "popup_label": "<strong>NASA FIRMS<\/strong><br>Sensor: VIIRS_NOAA20_NRT<br>Fecha UTC: 2026-10-05T01:24:00Z<br>Confianza: nominal<br>FRP: 0.84 MW"
      }
    },
    {
      "type": "Feature",
      "geometry": {
        "type": "Point",
        "coordinates": [3.1795, 32.7474]
      },
      "properties": {
        "bright_ti4": 310.76,
        "scan": 0.48,
        "track": 0.4,
        "acq_date": "2026-10-05",
        "acq_time": "0124",
        "satellite": "N20",
        "instrument": "VIIRS",
        "confidence": "n",
        "version": "2.0NRT",
        "bright_ti5": 287.77,
        "frp": 1.78,
        "daynight": "N",
        "source_dataset": "VIIRS_NOAA20_NRT",
        "acq_datetime_utc": "2026-10-05T01:24:00Z",
        "age_hours": 39.6,
        "confidence_label": "nominal",
        "popup_label": "<strong>NASA FIRMS<\/strong><br>Sensor: VIIRS_NOAA20_NRT<br>Fecha UTC: 2026-10-05T01:24:00Z<br>Confianza: nominal<br>FRP: 1.78 MW"
      }
    },
    {
      "type": "Feature",
      "geometry": {
        "type": "Point",
        "coordinates": [3.1814, 32.7495]
      },
      "properties": {
        "bright_ti4": 301.02,
        "scan": 0.49,
        "track": 0.4,
        "acq_date": "2026-10-05",
        "acq_time": "0124",
        "satellite": "N20",
        "instrument": "VIIRS",
        "confidence": "n",
        "version": "2.0NRT",
        "bright_ti5": 286.22,
        "frp": 0.85,
        "daynight": "N",
        "source_dataset": "VIIRS_NOAA20_NRT",
        "acq_datetime_utc": "2026-10-05T01:24:00Z",
        "age_hours": 39.6,
        "confidence_label": "nominal",
        "popup_label": "<strong>NASA FIRMS<\/strong><br>Sensor: VIIRS_NOAA20_NRT<br>Fecha UTC: 2026-10-05T01:24:00Z<br>Confianza: nominal<br>FRP: 0.85 MW"
      }
    },
    {
      "type": "Feature",
      "geometry": {
        "type": "Point",
        "coordinates": [3.2394, 32.8401]
      },
      "properties": {
        "bright_ti4": 298.85,
        "scan": 0.48,
        "track": 0.4,
        "acq_date": "2026-10-05",
        "acq_time": "0124",
        "satellite": "N20",
        "instrument": "VIIRS",
        "confidence": "n",
        "version": "2.0NRT",
        "bright_ti5": 286.07,
        "frp": 0.75,
        "daynight": "N",
        "source_dataset": "VIIRS_NOAA20_NRT",
        "acq_datetime_utc": "2026-10-05T01:24:00Z",
        "age_hours": 39.6,
        "confidence_label": "nominal",
        "popup_label": "<strong>NASA FIRMS<\/strong><br>Sensor: VIIRS_NOAA20_NRT<br>Fecha UTC: 2026-10-05T01:24:00Z<br>Confianza: nominal<br>FRP: 0.75 MW"
      }
    },
    {
      "type": "Feature",
      "geometry": {
        "type": "Point",
        "coordinates": [3.231, 32.9303]
      },
      "properties": {
        "bright_ti4": 302.42,
        "scan": 0.48,
        "track": 0.4,
        "acq_date": "2026-10-05",
        "acq_time": "0124",
        "satellite": "N20",
        "instrument": "VIIRS",
        "confidence": "n",
        "version": "2.0NRT",
        "bright_ti5": 286.63,
        "frp": 0.89,
        "daynight": "N",
        "source_dataset": "VIIRS_NOAA20_NRT",
        "acq_datetime_utc": "2026-10-05T01:24:00Z",
        "age_hours": 39.6,
        "confidence_label": "nominal",
        "popup_label": "<strong>NASA FIRMS<\/strong><br>Sensor: VIIRS_NOAA20_NRT<br>Fecha UTC: 2026-10-05T01:24:00Z<br>Confianza: nominal<br>FRP: 0.89 MW"
      }
    },
    {
      "type": "Feature",
      "geometry": {
        "type": "Point",
        "coordinates": [3.2471, 32.9321]
      },
      "properties": {
        "bright_ti4": 297.55,
        "scan": 0.48,
        "track": 0.4,
        "acq_date": "2026-10-05",
        "acq_time": "0124",
        "satellite": "N20",
        "instrument": "VIIRS",
        "confidence": "n",
        "version": "2.0NRT",
        "bright_ti5": 286.78,
        "frp": 0.75,
        "daynight": "N",
        "source_dataset": "VIIRS_NOAA20_NRT",
        "acq_datetime_utc": "2026-10-05T01:24:00Z",
        "age_hours": 39.6,
        "confidence_label": "nominal",
        "popup_label": "<strong>NASA FIRMS<\/strong><br>Sensor: VIIRS_NOAA20_NRT<br>Fecha UTC: 2026-10-05T01:24:00Z<br>Confianza: nominal<br>FRP: 0.75 MW"
      }
    },
    {
      "type": "Feature",
      "geometry": {
        "type": "Point",
        "coordinates": [3.2212, 32.9353]
      },
      "properties": {
        "bright_ti4": 303.73,
        "scan": 0.49,
        "track": 0.4,
        "acq_date": "2026-10-05",
        "acq_time": "0124",
        "satellite": "N20",
        "instrument": "VIIRS",
        "confidence": "n",
        "version": "2.0NRT",
        "bright_ti5": 287.71,
        "frp": 1.57,
        "daynight": "N",
        "source_dataset": "VIIRS_NOAA20_NRT",
        "acq_datetime_utc": "2026-10-05T01:24:00Z",
        "age_hours": 39.6,
        "confidence_label": "nominal",
        "popup_label": "<strong>NASA FIRMS<\/strong><br>Sensor: VIIRS_NOAA20_NRT<br>Fecha UTC: 2026-10-05T01:24:00Z<br>Confianza: nominal<br>FRP: 1.57 MW"
      }
    },
    {
      "type": "Feature",
      "geometry": {
        "type": "Point",
        "coordinates": [3.2322, 32.9377]
      },
      "properties": {
        "bright_ti4": 307.91,
        "scan": 0.48,
        "track": 0.4,
        "acq_date": "2026-10-05",
        "acq_time": "0124",
        "satellite": "N20",
        "instrument": "VIIRS",
        "confidence": "n",
        "version": "2.0NRT",
        "bright_ti5": 287.82,
        "frp": 1.68,
        "daynight": "N",
        "source_dataset": "VIIRS_NOAA20_NRT",
        "acq_datetime_utc": "2026-10-05T01:24:00Z",
        "age_hours": 39.6,
        "confidence_label": "nominal",
        "popup_label": "<strong>NASA FIRMS<\/strong><br>Sensor: VIIRS_NOAA20_NRT<br>Fecha UTC: 2026-10-05T01:24:00Z<br>Confianza: nominal<br>FRP: 1.68 MW"
      }
    },
    {
      "type": "Feature",
      "geometry": {
        "type": "Point",
        "coordinates": [3.2283, 32.9457]
      },
      "properties": {
        "bright_ti4": 304.47,
        "scan": 0.48,
        "track": 0.4,
        "acq_date": "2026-10-05",
        "acq_time": "0124",
        "satellite": "N20",
        "instrument": "VIIRS",
        "confidence": "n",
        "version": "2.0NRT",
        "bright_ti5": 287.6,
        "frp": 5.79,
        "daynight": "N",
        "source_dataset": "VIIRS_NOAA20_NRT",
        "acq_datetime_utc": "2026-10-05T01:24:00Z",
        "age_hours": 39.6,
        "confidence_label": "nominal",
        "popup_label": "<strong>NASA FIRMS<\/strong><br>Sensor: VIIRS_NOAA20_NRT<br>Fecha UTC: 2026-10-05T01:24:00Z<br>Confianza: nominal<br>FRP: 5.79 MW"
      }
    },
    {
      "type": "Feature",
      "geometry": {
        "type": "Point",
        "coordinates": [3.229, 32.9494]
      },
      "properties": {
        "bright_ti4": 331.6,
        "scan": 0.48,
        "track": 0.4,
        "acq_date": "2026-10-05",
        "acq_time": "0124",
        "satellite": "N20",
        "instrument": "VIIRS",
        "confidence": "n",
        "version": "2.0NRT",
        "bright_ti5": 290.37,
        "frp": 5.79,
        "daynight": "N",
        "source_dataset": "VIIRS_NOAA20_NRT",
        "acq_datetime_utc": "2026-10-05T01:24:00Z",
        "age_hours": 39.6,
        "confidence_label": "nominal",
        "popup_label": "<strong>NASA FIRMS<\/strong><br>Sensor: VIIRS_NOAA20_NRT<br>Fecha UTC: 2026-10-05T01:24:00Z<br>Confianza: nominal<br>FRP: 5.79 MW"
      }
    },
    {
      "type": "Feature",
      "geometry": {
        "type": "Point",
        "coordinates": [3.3155, 33.1243]
      },
      "properties": {
        "bright_ti4": 296.84,
        "scan": 0.48,
        "track": 0.4,
        "acq_date": "2026-10-05",
        "acq_time": "0124",
        "satellite": "N20",
        "instrument": "VIIRS",
        "confidence": "n",
        "version": "2.0NRT",
        "bright_ti5": 286.46,
        "frp": 0.43,
        "daynight": "N",
        "source_dataset": "VIIRS_NOAA20_NRT",
        "acq_datetime_utc": "2026-10-05T01:24:00Z",
        "age_hours": 39.6,
        "confidence_label": "nominal",
        "popup_label": "<strong>NASA FIRMS<\/strong><br>Sensor: VIIRS_NOAA20_NRT<br>Fecha UTC: 2026-10-05T01:24:00Z<br>Confianza: nominal<br>FRP: 0.43 MW"
      }
    },
    {
      "type": "Feature",
      "geometry": {
        "type": "Point",
        "coordinates": [3.3213, 33.1273]
      },
      "properties": {
        "bright_ti4": 315.37,
        "scan": 0.48,
        "track": 0.4,
        "acq_date": "2026-10-05",
        "acq_time": "0124",
        "satellite": "N20",
        "instrument": "VIIRS",
        "confidence": "n",
        "version": "2.0NRT",
        "bright_ti5": 287.85,
        "frp": 2.19,
        "daynight": "N",
        "source_dataset": "VIIRS_NOAA20_NRT",
        "acq_datetime_utc": "2026-10-05T01:24:00Z",
        "age_hours": 39.6,
        "confidence_label": "nominal",
        "popup_label": "<strong>NASA FIRMS<\/strong><br>Sensor: VIIRS_NOAA20_NRT<br>Fecha UTC: 2026-10-05T01:24:00Z<br>Confianza: nominal<br>FRP: 2.19 MW"
      }
    },
    {
      "type": "Feature",
      "geometry": {
        "type": "Point",
        "coordinates": [3.3161, 33.1279]
      },
      "properties": {
        "bright_ti4": 299.71,
        "scan": 0.48,
        "track": 0.4,
        "acq_date": "2026-10-05",
        "acq_time": "0124",
        "satellite": "N20",
        "instrument": "VIIRS",
        "confidence": "n",
        "version": "2.0NRT",
        "bright_ti5": 286.65,
        "frp": 1.06,
        "daynight": "N",
        "source_dataset": "VIIRS_NOAA20_NRT",
        "acq_datetime_utc": "2026-10-05T01:24:00Z",
        "age_hours": 39.6,
        "confidence_label": "nominal",
        "popup_label": "<strong>NASA FIRMS<\/strong><br>Sensor: VIIRS_NOAA20_NRT<br>Fecha UTC: 2026-10-05T01:24:00Z<br>Confianza: nominal<br>FRP: 1.06 MW"
      }
    },
    {
      "type": "Feature",
      "geometry": {
        "type": "Point",
        "coordinates": [3.3701, 33.1362]
      },
      "properties": {
        "bright_ti4": 303.86,
        "scan": 0.48,
        "track": 0.4,
        "acq_date": "2026-10-05",
        "acq_time": "0124",
        "satellite": "N20",
        "instrument": "VIIRS",
        "confidence": "n",
        "version": "2.0NRT",
        "bright_ti5": 286.59,
        "frp": 1.16,
        "daynight": "N",
        "source_dataset": "VIIRS_NOAA20_NRT",
        "acq_datetime_utc": "2026-10-05T01:24:00Z",
        "age_hours": 39.6,
        "confidence_label": "nominal",
        "popup_label": "<strong>NASA FIRMS<\/strong><br>Sensor: VIIRS_NOAA20_NRT<br>Fecha UTC: 2026-10-05T01:24:00Z<br>Confianza: nominal<br>FRP: 1.16 MW"
      }
    },
    {
      "type": "Feature",
      "geometry": {
        "type": "Point",
        "coordinates": [2.0592, 34.4389]
      },
      "properties": {
        "bright_ti4": 303.34,
        "scan": 0.57,
        "track": 0.43,
        "acq_date": "2026-10-05",
        "acq_time": "0124",
        "satellite": "N20",
        "instrument": "VIIRS",
        "confidence": "n",
        "version": "2.0NRT",
        "bright_ti5": 286.26,
        "frp": 2.08,
        "daynight": "N",
        "source_dataset": "VIIRS_NOAA20_NRT",
        "acq_datetime_utc": "2026-10-05T01:24:00Z",
        "age_hours": 39.6,
        "confidence_label": "nominal",
        "popup_label": "<strong>NASA FIRMS<\/strong><br>Sensor: VIIRS_NOAA20_NRT<br>Fecha UTC: 2026-10-05T01:24:00Z<br>Confianza: nominal<br>FRP: 2.08 MW"
      }
    },
    {
      "type": "Feature",
      "geometry": {
        "type": "Point",
        "coordinates": [4.4781, 35.7098]
      },
      "properties": {
        "bright_ti4": 304.15,
        "scan": 0.46,
        "track": 0.39,
        "acq_date": "2026-10-05",
        "acq_time": "0124",
        "satellite": "N20",
        "instrument": "VIIRS",
        "confidence": "n",
        "version": "2.0NRT",
        "bright_ti5": 288.76,
        "frp": 0.59,
        "daynight": "N",
        "source_dataset": "VIIRS_NOAA20_NRT",
        "acq_datetime_utc": "2026-10-05T01:24:00Z",
        "age_hours": 39.6,
        "confidence_label": "nominal",
        "popup_label": "<strong>NASA FIRMS<\/strong><br>Sensor: VIIRS_NOAA20_NRT<br>Fecha UTC: 2026-10-05T01:24:00Z<br>Confianza: nominal<br>FRP: 0.59 MW"
      }
    },
    {
      "type": "Feature",
      "geometry": {
        "type": "Point",
        "coordinates": [-0.2475, 35.8062]
      },
      "properties": {
        "bright_ti4": 301.99,
        "scan": 0.53,
        "track": 0.5,
        "acq_date": "2026-10-05",
        "acq_time": "0124",
        "satellite": "N20",
        "instrument": "VIIRS",
        "confidence": "n",
        "version": "2.0NRT",
        "bright_ti5": 285.83,
        "frp": 2.16,
        "daynight": "N",
        "source_dataset": "VIIRS_NOAA20_NRT",
        "acq_datetime_utc": "2026-10-05T01:24:00Z",
        "age_hours": 39.6,
        "confidence_label": "nominal",
        "popup_label": "<strong>NASA FIRMS<\/strong><br>Sensor: VIIRS_NOAA20_NRT<br>Fecha UTC: 2026-10-05T01:24:00Z<br>Confianza: nominal<br>FRP: 2.16 MW"
      }
    },
    {
      "type": "Feature",
      "geometry": {
        "type": "Point",
        "coordinates": [-0.2592, 35.8072]
      },
      "properties": {
        "bright_ti4": 339.6,
        "scan": 0.53,
        "track": 0.5,
        "acq_date": "2026-10-05",
        "acq_time": "0124",
        "satellite": "N20",
        "instrument": "VIIRS",
        "confidence": "n",
        "version": "2.0NRT",
        "bright_ti5": 286.98,
        "frp": 3.74,
        "daynight": "N",
        "source_dataset": "VIIRS_NOAA20_NRT",
        "acq_datetime_utc": "2026-10-05T01:24:00Z",
        "age_hours": 39.6,
        "confidence_label": "nominal",
        "popup_label": "<strong>NASA FIRMS<\/strong><br>Sensor: VIIRS_NOAA20_NRT<br>Fecha UTC: 2026-10-05T01:24:00Z<br>Confianza: nominal<br>FRP: 3.74 MW"
      }
    },
    {
      "type": "Feature",
      "geometry": {
        "type": "Point",
        "coordinates": [-0.2529, 35.8113]
      },
      "properties": {
        "bright_ti4": 327.98,
        "scan": 0.53,
        "track": 0.5,
        "acq_date": "2026-10-05",
        "acq_time": "0124",
        "satellite": "N20",
        "instrument": "VIIRS",
        "confidence": "n",
        "version": "2.0NRT",
        "bright_ti5": 285.99,
        "frp": 2.16,
        "daynight": "N",
        "source_dataset": "VIIRS_NOAA20_NRT",
        "acq_datetime_utc": "2026-10-05T01:24:00Z",
        "age_hours": 39.6,
        "confidence_label": "nominal",
        "popup_label": "<strong>NASA FIRMS<\/strong><br>Sensor: VIIRS_NOAA20_NRT<br>Fecha UTC: 2026-10-05T01:24:00Z<br>Confianza: nominal<br>FRP: 2.16 MW"
      }
    },
    {
      "type": "Feature",
      "geometry": {
        "type": "Point",
        "coordinates": [-0.2588, 35.8118]
      },
      "properties": {
        "bright_ti4": 307.49,
        "scan": 0.53,
        "track": 0.5,
        "acq_date": "2026-10-05",
        "acq_time": "0124",
        "satellite": "N20",
        "instrument": "VIIRS",
        "confidence": "n",
        "version": "2.0NRT",
        "bright_ti5": 285.75,
        "frp": 3.74,
        "daynight": "N",
        "source_dataset": "VIIRS_NOAA20_NRT",
        "acq_datetime_utc": "2026-10-05T01:24:00Z",
        "age_hours": 39.6,
        "confidence_label": "nominal",
        "popup_label": "<strong>NASA FIRMS<\/strong><br>Sensor: VIIRS_NOAA20_NRT<br>Fecha UTC: 2026-10-05T01:24:00Z<br>Confianza: nominal<br>FRP: 3.74 MW"
      }
    },
    {
      "type": "Feature",
      "geometry": {
        "type": "Point",
        "coordinates": [4.4474, 35.8781]
      },
      "properties": {
        "bright_ti4": 316.81,
        "scan": 0.46,
        "track": 0.39,
        "acq_date": "2026-10-05",
        "acq_time": "0124",
        "satellite": "N20",
        "instrument": "VIIRS",
        "confidence": "n",
        "version": "2.0NRT",
        "bright_ti5": 288.74,
        "frp": 2.7,
        "daynight": "N",
        "source_dataset": "VIIRS_NOAA20_NRT",
        "acq_datetime_utc": "2026-10-05T01:24:00Z",
        "age_hours": 39.6,
        "confidence_label": "nominal",
        "popup_label": "<strong>NASA FIRMS<\/strong><br>Sensor: VIIRS_NOAA20_NRT<br>Fecha UTC: 2026-10-05T01:24:00Z<br>Confianza: nominal<br>FRP: 2.7 MW"
      }
    },
    {
      "type": "Feature",
      "geometry": {
        "type": "Point",
        "coordinates": [2.9257, 36.1414]
      },
      "properties": {
        "bright_ti4": 298.78,
        "scan": 0.54,
        "track": 0.42,
        "acq_date": "2026-10-05",
        "acq_time": "0124",
        "satellite": "N20",
        "instrument": "VIIRS",
        "confidence": "n",
        "version": "2.0NRT",
        "bright_ti5": 286.29,
        "frp": 0.52,
        "daynight": "N",
        "source_dataset": "VIIRS_NOAA20_NRT",
        "acq_datetime_utc": "2026-10-05T01:24:00Z",
        "age_hours": 39.6,
        "confidence_label": "nominal",
        "popup_label": "<strong>NASA FIRMS<\/strong><br>Sensor: VIIRS_NOAA20_NRT<br>Fecha UTC: 2026-10-05T01:24:00Z<br>Confianza: nominal<br>FRP: 0.52 MW"
      }
    },
    {
      "type": "Feature",
      "geometry": {
        "type": "Point",
        "coordinates": [3.746, 36.1788]
      },
      "properties": {
        "bright_ti4": 312.06,
        "scan": 0.5,
        "track": 0.41,
        "acq_date": "2026-10-05",
        "acq_time": "0124",
        "satellite": "N20",
        "instrument": "VIIRS",
        "confidence": "n",
        "version": "2.0NRT",
        "bright_ti5": 283.94,
        "frp": 1.66,
        "daynight": "N",
        "source_dataset": "VIIRS_NOAA20_NRT",
        "acq_datetime_utc": "2026-10-05T01:24:00Z",
        "age_hours": 39.6,
        "confidence_label": "nominal",
        "popup_label": "<strong>NASA FIRMS<\/strong><br>Sensor: VIIRS_NOAA20_NRT<br>Fecha UTC: 2026-10-05T01:24:00Z<br>Confianza: nominal<br>FRP: 1.66 MW"
      }
    },
    {
      "type": "Feature",
      "geometry": {
        "type": "Point",
        "coordinates": [2.8752, 36.5963]
      },
      "properties": {
        "bright_ti4": 310.19,
        "scan": 0.55,
        "track": 0.43,
        "acq_date": "2026-10-05",
        "acq_time": "0124",
        "satellite": "N20",
        "instrument": "VIIRS",
        "confidence": "n",
        "version": "2.0NRT",
        "bright_ti5": 285.47,
        "frp": 1.39,
        "daynight": "N",
        "source_dataset": "VIIRS_NOAA20_NRT",
        "acq_datetime_utc": "2026-10-05T01:24:00Z",
        "age_hours": 39.6,
        "confidence_label": "nominal",
        "popup_label": "<strong>NASA FIRMS<\/strong><br>Sensor: VIIRS_NOAA20_NRT<br>Fecha UTC: 2026-10-05T01:24:00Z<br>Confianza: nominal<br>FRP: 1.39 MW"
      }
    },
    {
      "type": "Feature",
      "geometry": {
        "type": "Point",
        "coordinates": [3.2696, 36.6287]
      },
      "properties": {
        "bright_ti4": 304.74,
        "scan": 0.53,
        "track": 0.42,
        "acq_date": "2026-10-05",
        "acq_time": "0124",
        "satellite": "N20",
        "instrument": "VIIRS",
        "confidence": "n",
        "version": "2.0NRT",
        "bright_ti5": 282.21,
        "frp": 0.92,
        "daynight": "N",
        "source_dataset": "VIIRS_NOAA20_NRT",
        "acq_datetime_utc": "2026-10-05T01:24:00Z",
        "age_hours": 39.6,
        "confidence_label": "nominal",
        "popup_label": "<strong>NASA FIRMS<\/strong><br>Sensor: VIIRS_NOAA20_NRT<br>Fecha UTC: 2026-10-05T01:24:00Z<br>Confianza: nominal<br>FRP: 0.92 MW"
      }
    },
    {
      "type": "Feature",
      "geometry": {
        "type": "Point",
        "coordinates": [3.1195, 36.6807]
      },
      "properties": {
        "bright_ti4": 306.1,
        "scan": 0.54,
        "track": 0.42,
        "acq_date": "2026-10-05",
        "acq_time": "0124",
        "satellite": "N20",
        "instrument": "VIIRS",
        "confidence": "n",
        "version": "2.0NRT",
        "bright_ti5": 281.85,
        "frp": 1.28,
        "daynight": "N",
        "source_dataset": "VIIRS_NOAA20_NRT",
        "acq_datetime_utc": "2026-10-05T01:24:00Z",
        "age_hours": 39.6,
        "confidence_label": "nominal",
        "popup_label": "<strong>NASA FIRMS<\/strong><br>Sensor: VIIRS_NOAA20_NRT<br>Fecha UTC: 2026-10-05T01:24:00Z<br>Confianza: nominal<br>FRP: 1.28 MW"
      }
    },
    {
      "type": "Feature",
      "geometry": {
        "type": "Point",
        "coordinates": [-1.907, 36.9669]
      },
      "properties": {
        "bright_ti4": 300.94,
        "scan": 0.34,
        "track": 0.56,
        "acq_date": "2026-10-05",
        "acq_time": "0124",
        "satellite": "N20",
        "instrument": "VIIRS",
        "confidence": "n",
        "version": "2.0NRT",
        "bright_ti5": 277.03,
        "frp": 0.62,
        "daynight": "N",
        "source_dataset": "VIIRS_NOAA20_NRT",
        "acq_datetime_utc": "2026-10-05T01:24:00Z",
        "age_hours": 39.6,
        "confidence_label": "nominal",
        "popup_label": "<strong>NASA FIRMS<\/strong><br>Sensor: VIIRS_NOAA20_NRT<br>Fecha UTC: 2026-10-05T01:24:00Z<br>Confianza: nominal<br>FRP: 0.62 MW"
      }
    },
    {
      "type": "Feature",
      "geometry": {
        "type": "Point",
        "coordinates": [-1.9073, 36.9689]
      },
      "properties": {
        "bright_ti4": 300.87,
        "scan": 0.34,
        "track": 0.56,
        "acq_date": "2026-10-05",
        "acq_time": "0124",
        "satellite": "N20",
        "instrument": "VIIRS",
        "confidence": "n",
        "version": "2.0NRT",
        "bright_ti5": 276.68,
        "frp": 0.92,
        "daynight": "N",
        "source_dataset": "VIIRS_NOAA20_NRT",
        "acq_datetime_utc": "2026-10-05T01:24:00Z",
        "age_hours": 39.6,
        "confidence_label": "nominal",
        "popup_label": "<strong>NASA FIRMS<\/strong><br>Sensor: VIIRS_NOAA20_NRT<br>Fecha UTC: 2026-10-05T01:24:00Z<br>Confianza: nominal<br>FRP: 0.92 MW"
      }
    },
    {
      "type": "Feature",
      "geometry": {
        "type": "Point",
        "coordinates": [-3.7491, 39.9356]
      },
      "properties": {
        "bright_ti4": 299.98,
        "scan": 0.45,
        "track": 0.63,
        "acq_date": "2026-10-05",
        "acq_time": "0122",
        "satellite": "N20",
        "instrument": "VIIRS",
        "confidence": "n",
        "version": "2.0NRT",
        "bright_ti5": 284.15,
        "frp": 0.98,
        "daynight": "N",
        "source_dataset": "VIIRS_NOAA20_NRT",
        "acq_datetime_utc": "2026-10-05T01:22:00Z",
        "age_hours": 39.6,
        "confidence_label": "nominal",
        "popup_label": "<strong>NASA FIRMS<\/strong><br>Sensor: VIIRS_NOAA20_NRT<br>Fecha UTC: 2026-10-05T01:22:00Z<br>Confianza: nominal<br>FRP: 0.98 MW"
      }
    },
    {
      "type": "Feature",
      "geometry": {
        "type": "Point",
        "coordinates": [-3.4777, 40.2445]
      },
      "properties": {
        "bright_ti4": 326.39,
        "scan": 0.44,
        "track": 0.62,
        "acq_date": "2026-10-05",
        "acq_time": "0122",
        "satellite": "N20",
        "instrument": "VIIRS",
        "confidence": "n",
        "version": "2.0NRT",
        "bright_ti5": 283.92,
        "frp": 2.96,
        "daynight": "N",
        "source_dataset": "VIIRS_NOAA20_NRT",
        "acq_datetime_utc": "2026-10-05T01:22:00Z",
        "age_hours": 39.6,
        "confidence_label": "nominal",
        "popup_label": "<strong>NASA FIRMS<\/strong><br>Sensor: VIIRS_NOAA20_NRT<br>Fecha UTC: 2026-10-05T01:22:00Z<br>Confianza: nominal<br>FRP: 2.96 MW"
      }
    },
    {
      "type": "Feature",
      "geometry": {
        "type": "Point",
        "coordinates": [0.88, 41.506]
      },
      "properties": {
        "bright_ti4": 320.95,
        "scan": 0.53,
        "track": 0.5,
        "acq_date": "2026-10-05",
        "acq_time": "0122",
        "satellite": "N20",
        "instrument": "VIIRS",
        "confidence": "n",
        "version": "2.0NRT",
        "bright_ti5": 284.66,
        "frp": 3.2,
        "daynight": "N",
        "source_dataset": "VIIRS_NOAA20_NRT",
        "acq_datetime_utc": "2026-10-05T01:22:00Z",
        "age_hours": 39.6,
        "confidence_label": "nominal",
        "popup_label": "<strong>NASA FIRMS<\/strong><br>Sensor: VIIRS_NOAA20_NRT<br>Fecha UTC: 2026-10-05T01:22:00Z<br>Confianza: nominal<br>FRP: 3.2 MW"
      }
    },
    {
      "type": "Feature",
      "geometry": {
        "type": "Point",
        "coordinates": [-3.0289, 43.3083]
      },
      "properties": {
        "bright_ti4": 310.33,
        "scan": 0.43,
        "track": 0.62,
        "acq_date": "2026-10-05",
        "acq_time": "0122",
        "satellite": "N20",
        "instrument": "VIIRS",
        "confidence": "n",
        "version": "2.0NRT",
        "bright_ti5": 283.65,
        "frp": 1.24,
        "daynight": "N",
        "source_dataset": "VIIRS_NOAA20_NRT",
        "acq_datetime_utc": "2026-10-05T01:22:00Z",
        "age_hours": 39.6,
        "confidence_label": "nominal",
        "popup_label": "<strong>NASA FIRMS<\/strong><br>Sensor: VIIRS_NOAA20_NRT<br>Fecha UTC: 2026-10-05T01:22:00Z<br>Confianza: nominal<br>FRP: 1.24 MW"
      }
    },
    {
      "type": "Feature",
      "geometry": {
        "type": "Point",
        "coordinates": [4.8928, 43.4352]
      },
      "properties": {
        "bright_ti4": 303.38,
        "scan": 0.53,
        "track": 0.42,
        "acq_date": "2026-10-05",
        "acq_time": "0122",
        "satellite": "N20",
        "instrument": "VIIRS",
        "confidence": "n",
        "version": "2.0NRT",
        "bright_ti5": 286.48,
        "frp": 2.52,
        "daynight": "N",
        "source_dataset": "VIIRS_NOAA20_NRT",
        "acq_datetime_utc": "2026-10-05T01:22:00Z",
        "age_hours": 39.6,
        "confidence_label": "nominal",
        "popup_label": "<strong>NASA FIRMS<\/strong><br>Sensor: VIIRS_NOAA20_NRT<br>Fecha UTC: 2026-10-05T01:22:00Z<br>Confianza: nominal<br>FRP: 2.52 MW"
      }
    },
    {
      "type": "Feature",
      "geometry": {
        "type": "Point",
        "coordinates": [4.8862, 43.4359]
      },
      "properties": {
        "bright_ti4": 310.12,
        "scan": 0.53,
        "track": 0.42,
        "acq_date": "2026-10-05",
        "acq_time": "0122",
        "satellite": "N20",
        "instrument": "VIIRS",
        "confidence": "n",
        "version": "2.0NRT",
        "bright_ti5": 285.19,
        "frp": 2.33,
        "daynight": "N",
        "source_dataset": "VIIRS_NOAA20_NRT",
        "acq_datetime_utc": "2026-10-05T01:22:00Z",
        "age_hours": 39.6,
        "confidence_label": "nominal",
        "popup_label": "<strong>NASA FIRMS<\/strong><br>Sensor: VIIRS_NOAA20_NRT<br>Fecha UTC: 2026-10-05T01:22:00Z<br>Confianza: nominal<br>FRP: 2.33 MW"
      }
    },
    {
      "type": "Feature",
      "geometry": {
        "type": "Point",
        "coordinates": [4.8936, 43.4391]
      },
      "properties": {
        "bright_ti4": 304.52,
        "scan": 0.53,
        "track": 0.42,
        "acq_date": "2026-10-05",
        "acq_time": "0122",
        "satellite": "N20",
        "instrument": "VIIRS",
        "confidence": "n",
        "version": "2.0NRT",
        "bright_ti5": 284.57,
        "frp": 2.2,
        "daynight": "N",
        "source_dataset": "VIIRS_NOAA20_NRT",
        "acq_datetime_utc": "2026-10-05T01:22:00Z",
        "age_hours": 39.6,
        "confidence_label": "nominal",
        "popup_label": "<strong>NASA FIRMS<\/strong><br>Sensor: VIIRS_NOAA20_NRT<br>Fecha UTC: 2026-10-05T01:22:00Z<br>Confianza: nominal<br>FRP: 2.2 MW"
      }
    }
  ]
}
