{
  "type": "FeatureCollection",
  "features": [
    {
      "type": "Feature",
      "geometry": {
        "type": "Point",
        "coordinates": [-5.6173, 38.3335]
      },
      "properties": {
        "bright_ti4": 338.03,
        "scan": 0.42,
        "track": 0.38,
        "acq_date": "2026-10-02",
        "acq_time": "1323",
        "satellite": "N",
        "instrument": "VIIRS",
        "confidence": "n",
        "version": "2.0NRT",
        "bright_ti5": 300.28,
        "frp": 5.34,
        "daynight": "D",
        "source_dataset": "VIIRS_SNPP_NRT",
        "acq_datetime_utc": "2026-10-02T13:23:00Z",
        "age_hours": 18.6,
        "confidence_label": "nominal",
        "popup_label": "<strong>NASA FIRMS<\/strong><br>Sensor: VIIRS_SNPP_NRT<br>Fecha UTC: 2026-10-02T13:23:00Z<br>Confianza: nominal<br>FRP: 5.34 MW"
      }
    },
    {
      "type": "Feature",
      "geometry": {
        "type": "Point",
        "coordinates": [-5.6126, 38.3343]
      },
      "properties": {
        "bright_ti4": 335.21,
        "scan": 0.42,
        "track": 0.38,
        "acq_date": "2026-10-02",
        "acq_time": "1323",
        "satellite": "N",
        "instrument": "VIIRS",
        "confidence": "n",
        "version": "2.0NRT",
        "bright_ti5": 296.19,
        "frp": 5.34,
        "daynight": "D",
        "source_dataset": "VIIRS_SNPP_NRT",
        "acq_datetime_utc": "2026-10-02T13:23:00Z",
        "age_hours": 18.6,
        "confidence_label": "nominal",
        "popup_label": "<strong>NASA FIRMS<\/strong><br>Sensor: VIIRS_SNPP_NRT<br>Fecha UTC: 2026-10-02T13:23:00Z<br>Confianza: nominal<br>FRP: 5.34 MW"
      }
    },
    {
      "type": "Feature",
      "geometry": {
        "type": "Point",
        "coordinates": [-5.773, 38.948]
      },
      "properties": {
        "bright_ti4": 355.5,
        "scan": 0.42,
        "track": 0.37,
        "acq_date": "2026-10-02",
        "acq_time": "1323",
        "satellite": "N",
        "instrument": "VIIRS",
        "confidence": "n",
        "version": "2.0NRT",
        "bright_ti5": 299.62,
        "frp": 24.82,
        "daynight": "D",
        "source_dataset": "VIIRS_SNPP_NRT",
        "acq_datetime_utc": "2026-10-02T13:23:00Z",
        "age_hours": 18.6,
        "confidence_label": "nominal",
        "popup_label": "<strong>NASA FIRMS<\/strong><br>Sensor: VIIRS_SNPP_NRT<br>Fecha UTC: 2026-10-02T13:23:00Z<br>Confianza: nominal<br>FRP: 24.82 MW"
      }
    },
    {
      "type": "Feature",
      "geometry": {
        "type": "Point",
        "coordinates": [-6.9811, 39.6417]
      },
      "properties": {
        "bright_ti4": 337.5,
        "scan": 0.44,
        "track": 0.39,
        "acq_date": "2026-10-02",
        "acq_time": "1323",
        "satellite": "N",
        "instrument": "VIIRS",
        "confidence": "n",
        "version": "2.0NRT",
        "bright_ti5": 286.45,
        "frp": 3.87,
        "daynight": "D",
        "source_dataset": "VIIRS_SNPP_NRT",
        "acq_datetime_utc": "2026-10-02T13:23:00Z",
        "age_hours": 18.6,
        "confidence_label": "nominal",
        "popup_label": "<strong>NASA FIRMS<\/strong><br>Sensor: VIIRS_SNPP_NRT<br>Fecha UTC: 2026-10-02T13:23:00Z<br>Confianza: nominal<br>FRP: 3.87 MW"
      }
    },
    {
      "type": "Feature",
      "geometry": {
        "type": "Point",
        "coordinates": [-5.6641, 39.8146]
      },
      "properties": {
        "bright_ti4": 340.95,
        "scan": 0.41,
        "track": 0.37,
        "acq_date": "2026-10-02",
        "acq_time": "1323",
        "satellite": "N",
        "instrument": "VIIRS",
        "confidence": "n",
        "version": "2.0NRT",
        "bright_ti5": 299.95,
        "frp": 2.71,
        "daynight": "D",
        "source_dataset": "VIIRS_SNPP_NRT",
        "acq_datetime_utc": "2026-10-02T13:23:00Z",
        "age_hours": 18.6,
        "confidence_label": "nominal",
        "popup_label": "<strong>NASA FIRMS<\/strong><br>Sensor: VIIRS_SNPP_NRT<br>Fecha UTC: 2026-10-02T13:23:00Z<br>Confianza: nominal<br>FRP: 2.71 MW"
      }
    },
    {
      "type": "Feature",
      "geometry": {
        "type": "Point",
        "coordinates": [-5.6594, 39.8154]
      },
      "properties": {
        "bright_ti4": 340.17,
        "scan": 0.41,
        "track": 0.37,
        "acq_date": "2026-10-02",
        "acq_time": "1323",
        "satellite": "N",
        "instrument": "VIIRS",
        "confidence": "n",
        "version": "2.0NRT",
        "bright_ti5": 299.53,
        "frp": 2.71,
        "daynight": "D",
        "source_dataset": "VIIRS_SNPP_NRT",
        "acq_datetime_utc": "2026-10-02T13:23:00Z",
        "age_hours": 18.6,
        "confidence_label": "nominal",
        "popup_label": "<strong>NASA FIRMS<\/strong><br>Sensor: VIIRS_SNPP_NRT<br>Fecha UTC: 2026-10-02T13:23:00Z<br>Confianza: nominal<br>FRP: 2.71 MW"
      }
    },
    {
      "type": "Feature",
      "geometry": {
        "type": "Point",
        "coordinates": [-7.4337, 39.8417]
      },
      "properties": {
        "bright_ti4": 338.92,
        "scan": 0.46,
        "track": 0.39,
        "acq_date": "2026-10-02",
        "acq_time": "1323",
        "satellite": "N",
        "instrument": "VIIRS",
        "confidence": "n",
        "version": "2.0NRT",
        "bright_ti5": 298.48,
        "frp": 3.89,
        "daynight": "D",
        "source_dataset": "VIIRS_SNPP_NRT",
        "acq_datetime_utc": "2026-10-02T13:23:00Z",
        "age_hours": 18.6,
        "confidence_label": "nominal",
        "popup_label": "<strong>NASA FIRMS<\/strong><br>Sensor: VIIRS_SNPP_NRT<br>Fecha UTC: 2026-10-02T13:23:00Z<br>Confianza: nominal<br>FRP: 3.89 MW"
      }
    },
    {
      "type": "Feature",
      "geometry": {
        "type": "Point",
        "coordinates": [-7.4511, 40.1866]
      },
      "properties": {
        "bright_ti4": 343.34,
        "scan": 0.45,
        "track": 0.39,
        "acq_date": "2026-10-02",
        "acq_time": "1323",
        "satellite": "N",
        "instrument": "VIIRS",
        "confidence": "n",
        "version": "2.0NRT",
        "bright_ti5": 299.9,
        "frp": 5.21,
        "daynight": "D",
        "source_dataset": "VIIRS_SNPP_NRT",
        "acq_datetime_utc": "2026-10-02T13:23:00Z",
        "age_hours": 18.6,
        "confidence_label": "nominal",
        "popup_label": "<strong>NASA FIRMS<\/strong><br>Sensor: VIIRS_SNPP_NRT<br>Fecha UTC: 2026-10-02T13:23:00Z<br>Confianza: nominal<br>FRP: 5.21 MW"
      }
    },
    {
      "type": "Feature",
      "geometry": {
        "type": "Point",
        "coordinates": [-7.4764, 40.1967]
      },
      "properties": {
        "bright_ti4": 344.06,
        "scan": 0.45,
        "track": 0.39,
        "acq_date": "2026-10-02",
        "acq_time": "1323",
        "satellite": "N",
        "instrument": "VIIRS",
        "confidence": "n",
        "version": "2.0NRT",
        "bright_ti5": 301.11,
        "frp": 6.81,
        "daynight": "D",
        "source_dataset": "VIIRS_SNPP_NRT",
        "acq_datetime_utc": "2026-10-02T13:23:00Z",
        "age_hours": 18.6,
        "confidence_label": "nominal",
        "popup_label": "<strong>NASA FIRMS<\/strong><br>Sensor: VIIRS_SNPP_NRT<br>Fecha UTC: 2026-10-02T13:23:00Z<br>Confianza: nominal<br>FRP: 6.81 MW"
      }
    },
    {
      "type": "Feature",
      "geometry": {
        "type": "Point",
        "coordinates": [-7.4724, 40.2629]
      },
      "properties": {
        "bright_ti4": 352.62,
        "scan": 0.45,
        "track": 0.39,
        "acq_date": "2026-10-02",
        "acq_time": "1323",
        "satellite": "N",
        "instrument": "VIIRS",
        "confidence": "n",
        "version": "2.0NRT",
        "bright_ti5": 299.78,
        "frp": 4.1,
        "daynight": "D",
        "source_dataset": "VIIRS_SNPP_NRT",
        "acq_datetime_utc": "2026-10-02T13:23:00Z",
        "age_hours": 18.6,
        "confidence_label": "nominal",
        "popup_label": "<strong>NASA FIRMS<\/strong><br>Sensor: VIIRS_SNPP_NRT<br>Fecha UTC: 2026-10-02T13:23:00Z<br>Confianza: nominal<br>FRP: 4.1 MW"
      }
    },
    {
      "type": "Feature",
      "geometry": {
        "type": "Point",
        "coordinates": [-7.4735, 40.2664]
      },
      "properties": {
        "bright_ti4": 338.78,
        "scan": 0.45,
        "track": 0.39,
        "acq_date": "2026-10-02",
        "acq_time": "1323",
        "satellite": "N",
        "instrument": "VIIRS",
        "confidence": "n",
        "version": "2.0NRT",
        "bright_ti5": 297.12,
        "frp": 4.1,
        "daynight": "D",
        "source_dataset": "VIIRS_SNPP_NRT",
        "acq_datetime_utc": "2026-10-02T13:23:00Z",
        "age_hours": 18.6,
        "confidence_label": "nominal",
        "popup_label": "<strong>NASA FIRMS<\/strong><br>Sensor: VIIRS_SNPP_NRT<br>Fecha UTC: 2026-10-02T13:23:00Z<br>Confianza: nominal<br>FRP: 4.1 MW"
      }
    },
    {
      "type": "Feature",
      "geometry": {
        "type": "Point",
        "coordinates": [-7.2441, 40.4379]
      },
      "properties": {
        "bright_ti4": 337.9,
        "scan": 0.44,
        "track": 0.38,
        "acq_date": "2026-10-02",
        "acq_time": "1323",
        "satellite": "N",
        "instrument": "VIIRS",
        "confidence": "n",
        "version": "2.0NRT",
        "bright_ti5": 294.07,
        "frp": 5.5,
        "daynight": "D",
        "source_dataset": "VIIRS_SNPP_NRT",
        "acq_datetime_utc": "2026-10-02T13:23:00Z",
        "age_hours": 18.6,
        "confidence_label": "nominal",
        "popup_label": "<strong>NASA FIRMS<\/strong><br>Sensor: VIIRS_SNPP_NRT<br>Fecha UTC: 2026-10-02T13:23:00Z<br>Confianza: nominal<br>FRP: 5.5 MW"
      }
    },
    {
      "type": "Feature",
      "geometry": {
        "type": "Point",
        "coordinates": [4.8906, 43.4382]
      },
      "properties": {
        "bright_ti4": 327.58,
        "scan": 0.53,
        "track": 0.5,
        "acq_date": "2026-10-02",
        "acq_time": "1323",
        "satellite": "N",
        "instrument": "VIIRS",
        "confidence": "n",
        "version": "2.0NRT",
        "bright_ti5": 293.08,
        "frp": 5.28,
        "daynight": "D",
        "source_dataset": "VIIRS_SNPP_NRT",
        "acq_datetime_utc": "2026-10-02T13:23:00Z",
        "age_hours": 18.6,
        "confidence_label": "nominal",
        "popup_label": "<strong>NASA FIRMS<\/strong><br>Sensor: VIIRS_SNPP_NRT<br>Fecha UTC: 2026-10-02T13:23:00Z<br>Confianza: nominal<br>FRP: 5.28 MW"
      }
    },
    {
      "type": "Feature",
      "geometry": {
        "type": "Point",
        "coordinates": [-5.8293, 43.5394]
      },
      "properties": {
        "bright_ti4": 333.46,
        "scan": 0.39,
        "track": 0.36,
        "acq_date": "2026-10-02",
        "acq_time": "1323",
        "satellite": "N",
        "instrument": "VIIRS",
        "confidence": "n",
        "version": "2.0NRT",
        "bright_ti5": 283.69,
        "frp": 3.97,
        "daynight": "D",
        "source_dataset": "VIIRS_SNPP_NRT",
        "acq_datetime_utc": "2026-10-02T13:23:00Z",
        "age_hours": 18.6,
        "confidence_label": "nominal",
        "popup_label": "<strong>NASA FIRMS<\/strong><br>Sensor: VIIRS_SNPP_NRT<br>Fecha UTC: 2026-10-02T13:23:00Z<br>Confianza: nominal<br>FRP: 3.97 MW"
      }
    },
    {
      "type": "Feature",
      "geometry": {
        "type": "Point",
        "coordinates": [3.9856, 32.2759]
      },
      "properties": {
        "bright_ti4": 338.45,
        "scan": 0.53,
        "track": 0.42,
        "acq_date": "2026-10-02",
        "acq_time": "1321",
        "satellite": "N",
        "instrument": "VIIRS",
        "confidence": "n",
        "version": "2.0NRT",
        "bright_ti5": 306.12,
        "frp": 5.76,
        "daynight": "D",
        "source_dataset": "VIIRS_SNPP_NRT",
        "acq_datetime_utc": "2026-10-02T13:21:00Z",
        "age_hours": 18.7,
        "confidence_label": "nominal",
        "popup_label": "<strong>NASA FIRMS<\/strong><br>Sensor: VIIRS_SNPP_NRT<br>Fecha UTC: 2026-10-02T13:21:00Z<br>Confianza: nominal<br>FRP: 5.76 MW"
      }
    },
    {
      "type": "Feature",
      "geometry": {
        "type": "Point",
        "coordinates": [3.1682, 32.5553]
      },
      "properties": {
        "bright_ti4": 339.86,
        "scan": 0.49,
        "track": 0.4,
        "acq_date": "2026-10-02",
        "acq_time": "1321",
        "satellite": "N",
        "instrument": "VIIRS",
        "confidence": "n",
        "version": "2.0NRT",
        "bright_ti5": 305.02,
        "frp": 5.57,
        "daynight": "D",
        "source_dataset": "VIIRS_SNPP_NRT",
        "acq_datetime_utc": "2026-10-02T13:21:00Z",
        "age_hours": 18.7,
        "confidence_label": "nominal",
        "popup_label": "<strong>NASA FIRMS<\/strong><br>Sensor: VIIRS_SNPP_NRT<br>Fecha UTC: 2026-10-02T13:21:00Z<br>Confianza: nominal<br>FRP: 5.57 MW"
      }
    },
    {
      "type": "Feature",
      "geometry": {
        "type": "Point",
        "coordinates": [3.3934, 32.8423]
      },
      "properties": {
        "bright_ti4": 336,
        "scan": 0.51,
        "track": 0.41,
        "acq_date": "2026-10-02",
        "acq_time": "1321",
        "satellite": "N",
        "instrument": "VIIRS",
        "confidence": "n",
        "version": "2.0NRT",
        "bright_ti5": 297.21,
        "frp": 2.34,
        "daynight": "D",
        "source_dataset": "VIIRS_SNPP_NRT",
        "acq_datetime_utc": "2026-10-02T13:21:00Z",
        "age_hours": 18.7,
        "confidence_label": "nominal",
        "popup_label": "<strong>NASA FIRMS<\/strong><br>Sensor: VIIRS_SNPP_NRT<br>Fecha UTC: 2026-10-02T13:21:00Z<br>Confianza: nominal<br>FRP: 2.34 MW"
      }
    },
    {
      "type": "Feature",
      "geometry": {
        "type": "Point",
        "coordinates": [-0.5154, 28.2007]
      },
      "properties": {
        "bright_ti4": 339.94,
        "scan": 0.39,
        "track": 0.36,
        "acq_date": "2026-10-02",
        "acq_time": "1318",
        "satellite": "N",
        "instrument": "VIIRS",
        "confidence": "l",
        "version": "2.0NRT",
        "bright_ti5": 313.35,
        "frp": 2.48,
        "daynight": "D",
        "source_dataset": "VIIRS_SNPP_NRT",
        "acq_datetime_utc": "2026-10-02T13:18:00Z",
        "age_hours": 18.7,
        "confidence_label": "baja",
        "popup_label": "<strong>NASA FIRMS<\/strong><br>Sensor: VIIRS_SNPP_NRT<br>Fecha UTC: 2026-10-02T13:18:00Z<br>Confianza: baja<br>FRP: 2.48 MW"
      }
    },
    {
      "type": "Feature",
      "geometry": {
        "type": "Point",
        "coordinates": [-8.9069, 39.6862]
      },
      "properties": {
        "bright_ti4": 298.88,
        "scan": 0.48,
        "track": 0.65,
        "acq_date": "2026-10-02",
        "acq_time": "0340",
        "satellite": "N",
        "instrument": "VIIRS",
        "confidence": "n",
        "version": "2.0NRT",
        "bright_ti5": 286.37,
        "frp": 0.72,
        "daynight": "N",
        "source_dataset": "VIIRS_SNPP_NRT",
        "acq_datetime_utc": "2026-10-02T03:40:00Z",
        "age_hours": 28.4,
        "confidence_label": "nominal",
        "popup_label": "<strong>NASA FIRMS<\/strong><br>Sensor: VIIRS_SNPP_NRT<br>Fecha UTC: 2026-10-02T03:40:00Z<br>Confianza: nominal<br>FRP: 0.72 MW"
      }
    },
    {
      "type": "Feature",
      "geometry": {
        "type": "Point",
        "coordinates": [-13.1842, 27.1034]
      },
      "properties": {
        "bright_ti4": 316.63,
        "scan": 0.43,
        "track": 0.62,
        "acq_date": "2026-10-02",
        "acq_time": "0204",
        "satellite": "N",
        "instrument": "VIIRS",
        "confidence": "n",
        "version": "2.0NRT",
        "bright_ti5": 290,
        "frp": 2,
        "daynight": "N",
        "source_dataset": "VIIRS_SNPP_NRT",
        "acq_datetime_utc": "2026-10-02T02:04:00Z",
        "age_hours": 30,
        "confidence_label": "nominal",
        "popup_label": "<strong>NASA FIRMS<\/strong><br>Sensor: VIIRS_SNPP_NRT<br>Fecha UTC: 2026-10-02T02:04:00Z<br>Confianza: nominal<br>FRP: 2 MW"
      }
    },
    {
      "type": "Feature",
      "geometry": {
        "type": "Point",
        "coordinates": [-13.1887, 27.1037]
      },
      "properties": {
        "bright_ti4": 311.66,
        "scan": 0.43,
        "track": 0.62,
        "acq_date": "2026-10-02",
        "acq_time": "0204",
        "satellite": "N",
        "instrument": "VIIRS",
        "confidence": "n",
        "version": "2.0NRT",
        "bright_ti5": 289.98,
        "frp": 2.36,
        "daynight": "N",
        "source_dataset": "VIIRS_SNPP_NRT",
        "acq_datetime_utc": "2026-10-02T02:04:00Z",
        "age_hours": 30,
        "confidence_label": "nominal",
        "popup_label": "<strong>NASA FIRMS<\/strong><br>Sensor: VIIRS_SNPP_NRT<br>Fecha UTC: 2026-10-02T02:04:00Z<br>Confianza: nominal<br>FRP: 2.36 MW"
      }
    },
    {
      "type": "Feature",
      "geometry": {
        "type": "Point",
        "coordinates": [-0.5173, 28.2001]
      },
      "properties": {
        "bright_ti4": 329.67,
        "scan": 0.39,
        "track": 0.36,
        "acq_date": "2026-10-02",
        "acq_time": "0202",
        "satellite": "N",
        "instrument": "VIIRS",
        "confidence": "n",
        "version": "2.0NRT",
        "bright_ti5": 292.91,
        "frp": 3.21,
        "daynight": "N",
        "source_dataset": "VIIRS_SNPP_NRT",
        "acq_datetime_utc": "2026-10-02T02:02:00Z",
        "age_hours": 30,
        "confidence_label": "nominal",
        "popup_label": "<strong>NASA FIRMS<\/strong><br>Sensor: VIIRS_SNPP_NRT<br>Fecha UTC: 2026-10-02T02:02:00Z<br>Confianza: nominal<br>FRP: 3.21 MW"
      }
    },
    {
      "type": "Feature",
      "geometry": {
        "type": "Point",
        "coordinates": [-9.7357, 29.6918]
      },
      "properties": {
        "bright_ti4": 304.3,
        "scan": 0.57,
        "track": 0.52,
        "acq_date": "2026-10-02",
        "acq_time": "0202",
        "satellite": "N",
        "instrument": "VIIRS",
        "confidence": "n",
        "version": "2.0NRT",
        "bright_ti5": 291.57,
        "frp": 1.79,
        "daynight": "N",
        "source_dataset": "VIIRS_SNPP_NRT",
        "acq_datetime_utc": "2026-10-02T02:02:00Z",
        "age_hours": 30,
        "confidence_label": "nominal",
        "popup_label": "<strong>NASA FIRMS<\/strong><br>Sensor: VIIRS_SNPP_NRT<br>Fecha UTC: 2026-10-02T02:02:00Z<br>Confianza: nominal<br>FRP: 1.79 MW"
      }
    },
    {
      "type": "Feature",
      "geometry": {
        "type": "Point",
        "coordinates": [-9.5376, 30.3377]
      },
      "properties": {
        "bright_ti4": 299.72,
        "scan": 0.56,
        "track": 0.52,
        "acq_date": "2026-10-02",
        "acq_time": "0202",
        "satellite": "N",
        "instrument": "VIIRS",
        "confidence": "n",
        "version": "2.0NRT",
        "bright_ti5": 289.34,
        "frp": 0.43,
        "daynight": "N",
        "source_dataset": "VIIRS_SNPP_NRT",
        "acq_datetime_utc": "2026-10-02T02:02:00Z",
        "age_hours": 30,
        "confidence_label": "nominal",
        "popup_label": "<strong>NASA FIRMS<\/strong><br>Sensor: VIIRS_SNPP_NRT<br>Fecha UTC: 2026-10-02T02:02:00Z<br>Confianza: nominal<br>FRP: 0.43 MW"
      }
    },
    {
      "type": "Feature",
      "geometry": {
        "type": "Point",
        "coordinates": [3.9857, 32.2739]
      },
      "properties": {
        "bright_ti4": 300.51,
        "scan": 0.49,
        "track": 0.4,
        "acq_date": "2026-10-02",
        "acq_time": "0202",
        "satellite": "N",
        "instrument": "VIIRS",
        "confidence": "n",
        "version": "2.0NRT",
        "bright_ti5": 289.14,
        "frp": 1.08,
        "daynight": "N",
        "source_dataset": "VIIRS_SNPP_NRT",
        "acq_datetime_utc": "2026-10-02T02:02:00Z",
        "age_hours": 30,
        "confidence_label": "nominal",
        "popup_label": "<strong>NASA FIRMS<\/strong><br>Sensor: VIIRS_SNPP_NRT<br>Fecha UTC: 2026-10-02T02:02:00Z<br>Confianza: nominal<br>FRP: 1.08 MW"
      }
    },
    {
      "type": "Feature",
      "geometry": {
        "type": "Point",
        "coordinates": [3.9867, 32.2776]
      },
      "properties": {
        "bright_ti4": 339.95,
        "scan": 0.49,
        "track": 0.4,
        "acq_date": "2026-10-02",
        "acq_time": "0202",
        "satellite": "N",
        "instrument": "VIIRS",
        "confidence": "n",
        "version": "2.0NRT",
        "bright_ti5": 294.75,
        "frp": 16.42,
        "daynight": "N",
        "source_dataset": "VIIRS_SNPP_NRT",
        "acq_datetime_utc": "2026-10-02T02:02:00Z",
        "age_hours": 30,
        "confidence_label": "nominal",
        "popup_label": "<strong>NASA FIRMS<\/strong><br>Sensor: VIIRS_SNPP_NRT<br>Fecha UTC: 2026-10-02T02:02:00Z<br>Confianza: nominal<br>FRP: 16.42 MW"
      }
    },
    {
      "type": "Feature",
      "geometry": {
        "type": "Point",
        "coordinates": [4.0055, 32.4025]
      },
      "properties": {
        "bright_ti4": 309.88,
        "scan": 0.49,
        "track": 0.4,
        "acq_date": "2026-10-02",
        "acq_time": "0202",
        "satellite": "N",
        "instrument": "VIIRS",
        "confidence": "n",
        "version": "2.0NRT",
        "bright_ti5": 289.96,
        "frp": 1.19,
        "daynight": "N",
        "source_dataset": "VIIRS_SNPP_NRT",
        "acq_datetime_utc": "2026-10-02T02:02:00Z",
        "age_hours": 30,
        "confidence_label": "nominal",
        "popup_label": "<strong>NASA FIRMS<\/strong><br>Sensor: VIIRS_SNPP_NRT<br>Fecha UTC: 2026-10-02T02:02:00Z<br>Confianza: nominal<br>FRP: 1.19 MW"
      }
    },
    {
      "type": "Feature",
      "geometry": {
        "type": "Point",
        "coordinates": [3.1702, 32.5526]
      },
      "properties": {
        "bright_ti4": 299.81,
        "scan": 0.45,
        "track": 0.39,
        "acq_date": "2026-10-02",
        "acq_time": "0202",
        "satellite": "N",
        "instrument": "VIIRS",
        "confidence": "n",
        "version": "2.0NRT",
        "bright_ti5": 287.71,
        "frp": 1.12,
        "daynight": "N",
        "source_dataset": "VIIRS_SNPP_NRT",
        "acq_datetime_utc": "2026-10-02T02:02:00Z",
        "age_hours": 30,
        "confidence_label": "nominal",
        "popup_label": "<strong>NASA FIRMS<\/strong><br>Sensor: VIIRS_SNPP_NRT<br>Fecha UTC: 2026-10-02T02:02:00Z<br>Confianza: nominal<br>FRP: 1.12 MW"
      }
    },
    {
      "type": "Feature",
      "geometry": {
        "type": "Point",
        "coordinates": [3.1711, 32.5561]
      },
      "properties": {
        "bright_ti4": 327.22,
        "scan": 0.45,
        "track": 0.39,
        "acq_date": "2026-10-02",
        "acq_time": "0202",
        "satellite": "N",
        "instrument": "VIIRS",
        "confidence": "n",
        "version": "2.0NRT",
        "bright_ti5": 289.13,
        "frp": 1.78,
        "daynight": "N",
        "source_dataset": "VIIRS_SNPP_NRT",
        "acq_datetime_utc": "2026-10-02T02:02:00Z",
        "age_hours": 30,
        "confidence_label": "nominal",
        "popup_label": "<strong>NASA FIRMS<\/strong><br>Sensor: VIIRS_SNPP_NRT<br>Fecha UTC: 2026-10-02T02:02:00Z<br>Confianza: nominal<br>FRP: 1.78 MW"
      }
    },
    {
      "type": "Feature",
      "geometry": {
        "type": "Point",
        "coordinates": [3.1663, 32.557]
      },
      "properties": {
        "bright_ti4": 307.68,
        "scan": 0.45,
        "track": 0.39,
        "acq_date": "2026-10-02",
        "acq_time": "0202",
        "satellite": "N",
        "instrument": "VIIRS",
        "confidence": "n",
        "version": "2.0NRT",
        "bright_ti5": 288.21,
        "frp": 1.78,
        "daynight": "N",
        "source_dataset": "VIIRS_SNPP_NRT",
        "acq_datetime_utc": "2026-10-02T02:02:00Z",
        "age_hours": 30,
        "confidence_label": "nominal",
        "popup_label": "<strong>NASA FIRMS<\/strong><br>Sensor: VIIRS_SNPP_NRT<br>Fecha UTC: 2026-10-02T02:02:00Z<br>Confianza: nominal<br>FRP: 1.78 MW"
      }
    },
    {
      "type": "Feature",
      "geometry": {
        "type": "Point",
        "coordinates": [3.1847, 32.7464]
      },
      "properties": {
        "bright_ti4": 305.89,
        "scan": 0.45,
        "track": 0.39,
        "acq_date": "2026-10-02",
        "acq_time": "0202",
        "satellite": "N",
        "instrument": "VIIRS",
        "confidence": "n",
        "version": "2.0NRT",
        "bright_ti5": 287.41,
        "frp": 0.92,
        "daynight": "N",
        "source_dataset": "VIIRS_SNPP_NRT",
        "acq_datetime_utc": "2026-10-02T02:02:00Z",
        "age_hours": 30,
        "confidence_label": "nominal",
        "popup_label": "<strong>NASA FIRMS<\/strong><br>Sensor: VIIRS_SNPP_NRT<br>Fecha UTC: 2026-10-02T02:02:00Z<br>Confianza: nominal<br>FRP: 0.92 MW"
      }
    },
    {
      "type": "Feature",
      "geometry": {
        "type": "Point",
        "coordinates": [3.1799, 32.7473]
      },
      "properties": {
        "bright_ti4": 302.81,
        "scan": 0.45,
        "track": 0.39,
        "acq_date": "2026-10-02",
        "acq_time": "0202",
        "satellite": "N",
        "instrument": "VIIRS",
        "confidence": "n",
        "version": "2.0NRT",
        "bright_ti5": 288.69,
        "frp": 0.92,
        "daynight": "N",
        "source_dataset": "VIIRS_SNPP_NRT",
        "acq_datetime_utc": "2026-10-02T02:02:00Z",
        "age_hours": 30,
        "confidence_label": "nominal",
        "popup_label": "<strong>NASA FIRMS<\/strong><br>Sensor: VIIRS_SNPP_NRT<br>Fecha UTC: 2026-10-02T02:02:00Z<br>Confianza: nominal<br>FRP: 0.92 MW"
      }
    },
    {
      "type": "Feature",
      "geometry": {
        "type": "Point",
        "coordinates": [3.2416, 32.838]
      },
      "properties": {
        "bright_ti4": 306.69,
        "scan": 0.45,
        "track": 0.39,
        "acq_date": "2026-10-02",
        "acq_time": "0202",
        "satellite": "N",
        "instrument": "VIIRS",
        "confidence": "n",
        "version": "2.0NRT",
        "bright_ti5": 287.16,
        "frp": 0.63,
        "daynight": "N",
        "source_dataset": "VIIRS_SNPP_NRT",
        "acq_datetime_utc": "2026-10-02T02:02:00Z",
        "age_hours": 30,
        "confidence_label": "nominal",
        "popup_label": "<strong>NASA FIRMS<\/strong><br>Sensor: VIIRS_SNPP_NRT<br>Fecha UTC: 2026-10-02T02:02:00Z<br>Confianza: nominal<br>FRP: 0.63 MW"
      }
    },
    {
      "type": "Feature",
      "geometry": {
        "type": "Point",
        "coordinates": [3.2328, 32.9303]
      },
      "properties": {
        "bright_ti4": 303.53,
        "scan": 0.45,
        "track": 0.39,
        "acq_date": "2026-10-02",
        "acq_time": "0202",
        "satellite": "N",
        "instrument": "VIIRS",
        "confidence": "n",
        "version": "2.0NRT",
        "bright_ti5": 287.66,
        "frp": 1.35,
        "daynight": "N",
        "source_dataset": "VIIRS_SNPP_NRT",
        "acq_datetime_utc": "2026-10-02T02:02:00Z",
        "age_hours": 30,
        "confidence_label": "nominal",
        "popup_label": "<strong>NASA FIRMS<\/strong><br>Sensor: VIIRS_SNPP_NRT<br>Fecha UTC: 2026-10-02T02:02:00Z<br>Confianza: nominal<br>FRP: 1.35 MW"
      }
    },
    {
      "type": "Feature",
      "geometry": {
        "type": "Point",
        "coordinates": [3.2479, 32.9311]
      },
      "properties": {
        "bright_ti4": 299.27,
        "scan": 0.45,
        "track": 0.39,
        "acq_date": "2026-10-02",
        "acq_time": "0202",
        "satellite": "N",
        "instrument": "VIIRS",
        "confidence": "n",
        "version": "2.0NRT",
        "bright_ti5": 288.02,
        "frp": 0.78,
        "daynight": "N",
        "source_dataset": "VIIRS_SNPP_NRT",
        "acq_datetime_utc": "2026-10-02T02:02:00Z",
        "age_hours": 30,
        "confidence_label": "nominal",
        "popup_label": "<strong>NASA FIRMS<\/strong><br>Sensor: VIIRS_SNPP_NRT<br>Fecha UTC: 2026-10-02T02:02:00Z<br>Confianza: nominal<br>FRP: 0.78 MW"
      }
    },
    {
      "type": "Feature",
      "geometry": {
        "type": "Point",
        "coordinates": [3.228, 32.9311]
      },
      "properties": {
        "bright_ti4": 346.17,
        "scan": 0.45,
        "track": 0.39,
        "acq_date": "2026-10-02",
        "acq_time": "0202",
        "satellite": "N",
        "instrument": "VIIRS",
        "confidence": "n",
        "version": "2.0NRT",
        "bright_ti5": 289.73,
        "frp": 2.49,
        "daynight": "N",
        "source_dataset": "VIIRS_SNPP_NRT",
        "acq_datetime_utc": "2026-10-02T02:02:00Z",
        "age_hours": 30,
        "confidence_label": "nominal",
        "popup_label": "<strong>NASA FIRMS<\/strong><br>Sensor: VIIRS_SNPP_NRT<br>Fecha UTC: 2026-10-02T02:02:00Z<br>Confianza: nominal<br>FRP: 2.49 MW"
      }
    },
    {
      "type": "Feature",
      "geometry": {
        "type": "Point",
        "coordinates": [3.2233, 32.932]
      },
      "properties": {
        "bright_ti4": 301.96,
        "scan": 0.45,
        "track": 0.39,
        "acq_date": "2026-10-02",
        "acq_time": "0202",
        "satellite": "N",
        "instrument": "VIIRS",
        "confidence": "n",
        "version": "2.0NRT",
        "bright_ti5": 288.22,
        "frp": 2.49,
        "daynight": "N",
        "source_dataset": "VIIRS_SNPP_NRT",
        "acq_datetime_utc": "2026-10-02T02:02:00Z",
        "age_hours": 30,
        "confidence_label": "nominal",
        "popup_label": "<strong>NASA FIRMS<\/strong><br>Sensor: VIIRS_SNPP_NRT<br>Fecha UTC: 2026-10-02T02:02:00Z<br>Confianza: nominal<br>FRP: 2.49 MW"
      }
    },
    {
      "type": "Feature",
      "geometry": {
        "type": "Point",
        "coordinates": [3.2242, 32.9355]
      },
      "properties": {
        "bright_ti4": 301.68,
        "scan": 0.45,
        "track": 0.39,
        "acq_date": "2026-10-02",
        "acq_time": "0202",
        "satellite": "N",
        "instrument": "VIIRS",
        "confidence": "n",
        "version": "2.0NRT",
        "bright_ti5": 289.69,
        "frp": 2.49,
        "daynight": "N",
        "source_dataset": "VIIRS_SNPP_NRT",
        "acq_datetime_utc": "2026-10-02T02:02:00Z",
        "age_hours": 30,
        "confidence_label": "nominal",
        "popup_label": "<strong>NASA FIRMS<\/strong><br>Sensor: VIIRS_SNPP_NRT<br>Fecha UTC: 2026-10-02T02:02:00Z<br>Confianza: nominal<br>FRP: 2.49 MW"
      }
    },
    {
      "type": "Feature",
      "geometry": {
        "type": "Point",
        "coordinates": [3.2346, 32.9373]
      },
      "properties": {
        "bright_ti4": 306.32,
        "scan": 0.45,
        "track": 0.39,
        "acq_date": "2026-10-02",
        "acq_time": "0202",
        "satellite": "N",
        "instrument": "VIIRS",
        "confidence": "n",
        "version": "2.0NRT",
        "bright_ti5": 289.04,
        "frp": 1.77,
        "daynight": "N",
        "source_dataset": "VIIRS_SNPP_NRT",
        "acq_datetime_utc": "2026-10-02T02:02:00Z",
        "age_hours": 30,
        "confidence_label": "nominal",
        "popup_label": "<strong>NASA FIRMS<\/strong><br>Sensor: VIIRS_SNPP_NRT<br>Fecha UTC: 2026-10-02T02:02:00Z<br>Confianza: nominal<br>FRP: 1.77 MW"
      }
    },
    {
      "type": "Feature",
      "geometry": {
        "type": "Point",
        "coordinates": [3.227, 32.9461]
      },
      "properties": {
        "bright_ti4": 303,
        "scan": 0.45,
        "track": 0.39,
        "acq_date": "2026-10-02",
        "acq_time": "0202",
        "satellite": "N",
        "instrument": "VIIRS",
        "confidence": "n",
        "version": "2.0NRT",
        "bright_ti5": 288.68,
        "frp": 0.9,
        "daynight": "N",
        "source_dataset": "VIIRS_SNPP_NRT",
        "acq_datetime_utc": "2026-10-02T02:02:00Z",
        "age_hours": 30,
        "confidence_label": "nominal",
        "popup_label": "<strong>NASA FIRMS<\/strong><br>Sensor: VIIRS_SNPP_NRT<br>Fecha UTC: 2026-10-02T02:02:00Z<br>Confianza: nominal<br>FRP: 0.9 MW"
      }
    },
    {
      "type": "Feature",
      "geometry": {
        "type": "Point",
        "coordinates": [3.2222, 32.947]
      },
      "properties": {
        "bright_ti4": 298.55,
        "scan": 0.45,
        "track": 0.39,
        "acq_date": "2026-10-02",
        "acq_time": "0202",
        "satellite": "N",
        "instrument": "VIIRS",
        "confidence": "n",
        "version": "2.0NRT",
        "bright_ti5": 288.42,
        "frp": 0.83,
        "daynight": "N",
        "source_dataset": "VIIRS_SNPP_NRT",
        "acq_datetime_utc": "2026-10-02T02:02:00Z",
        "age_hours": 30,
        "confidence_label": "nominal",
        "popup_label": "<strong>NASA FIRMS<\/strong><br>Sensor: VIIRS_SNPP_NRT<br>Fecha UTC: 2026-10-02T02:02:00Z<br>Confianza: nominal<br>FRP: 0.83 MW"
      }
    },
    {
      "type": "Feature",
      "geometry": {
        "type": "Point",
        "coordinates": [3.2279, 32.9496]
      },
      "properties": {
        "bright_ti4": 302.05,
        "scan": 0.45,
        "track": 0.39,
        "acq_date": "2026-10-02",
        "acq_time": "0202",
        "satellite": "N",
        "instrument": "VIIRS",
        "confidence": "n",
        "version": "2.0NRT",
        "bright_ti5": 288.92,
        "frp": 0.9,
        "daynight": "N",
        "source_dataset": "VIIRS_SNPP_NRT",
        "acq_datetime_utc": "2026-10-02T02:02:00Z",
        "age_hours": 30,
        "confidence_label": "nominal",
        "popup_label": "<strong>NASA FIRMS<\/strong><br>Sensor: VIIRS_SNPP_NRT<br>Fecha UTC: 2026-10-02T02:02:00Z<br>Confianza: nominal<br>FRP: 0.9 MW"
      }
    },
    {
      "type": "Feature",
      "geometry": {
        "type": "Point",
        "coordinates": [3.2282, 33.0186]
      },
      "properties": {
        "bright_ti4": 315.12,
        "scan": 0.45,
        "track": 0.39,
        "acq_date": "2026-10-02",
        "acq_time": "0202",
        "satellite": "N",
        "instrument": "VIIRS",
        "confidence": "n",
        "version": "2.0NRT",
        "bright_ti5": 288.09,
        "frp": 1.87,
        "daynight": "N",
        "source_dataset": "VIIRS_SNPP_NRT",
        "acq_datetime_utc": "2026-10-02T02:02:00Z",
        "age_hours": 30,
        "confidence_label": "nominal",
        "popup_label": "<strong>NASA FIRMS<\/strong><br>Sensor: VIIRS_SNPP_NRT<br>Fecha UTC: 2026-10-02T02:02:00Z<br>Confianza: nominal<br>FRP: 1.87 MW"
      }
    },
    {
      "type": "Feature",
      "geometry": {
        "type": "Point",
        "coordinates": [3.3183, 33.1256]
      },
      "properties": {
        "bright_ti4": 318.27,
        "scan": 0.45,
        "track": 0.39,
        "acq_date": "2026-10-02",
        "acq_time": "0202",
        "satellite": "N",
        "instrument": "VIIRS",
        "confidence": "n",
        "version": "2.0NRT",
        "bright_ti5": 288.58,
        "frp": 1.35,
        "daynight": "N",
        "source_dataset": "VIIRS_SNPP_NRT",
        "acq_datetime_utc": "2026-10-02T02:02:00Z",
        "age_hours": 30,
        "confidence_label": "nominal",
        "popup_label": "<strong>NASA FIRMS<\/strong><br>Sensor: VIIRS_SNPP_NRT<br>Fecha UTC: 2026-10-02T02:02:00Z<br>Confianza: nominal<br>FRP: 1.35 MW"
      }
    },
    {
      "type": "Feature",
      "geometry": {
        "type": "Point",
        "coordinates": [3.3192, 33.1292]
      },
      "properties": {
        "bright_ti4": 302.53,
        "scan": 0.45,
        "track": 0.39,
        "acq_date": "2026-10-02",
        "acq_time": "0202",
        "satellite": "N",
        "instrument": "VIIRS",
        "confidence": "n",
        "version": "2.0NRT",
        "bright_ti5": 288.12,
        "frp": 1.35,
        "daynight": "N",
        "source_dataset": "VIIRS_SNPP_NRT",
        "acq_datetime_utc": "2026-10-02T02:02:00Z",
        "age_hours": 30,
        "confidence_label": "nominal",
        "popup_label": "<strong>NASA FIRMS<\/strong><br>Sensor: VIIRS_SNPP_NRT<br>Fecha UTC: 2026-10-02T02:02:00Z<br>Confianza: nominal<br>FRP: 1.35 MW"
      }
    },
    {
      "type": "Feature",
      "geometry": {
        "type": "Point",
        "coordinates": [-0.3445, 33.4736]
      },
      "properties": {
        "bright_ti4": 302.94,
        "scan": 0.38,
        "track": 0.36,
        "acq_date": "2026-10-02",
        "acq_time": "0202",
        "satellite": "N",
        "instrument": "VIIRS",
        "confidence": "n",
        "version": "2.0NRT",
        "bright_ti5": 287.22,
        "frp": 0.81,
        "daynight": "N",
        "source_dataset": "VIIRS_SNPP_NRT",
        "acq_datetime_utc": "2026-10-02T02:02:00Z",
        "age_hours": 30,
        "confidence_label": "nominal",
        "popup_label": "<strong>NASA FIRMS<\/strong><br>Sensor: VIIRS_SNPP_NRT<br>Fecha UTC: 2026-10-02T02:02:00Z<br>Confianza: nominal<br>FRP: 0.81 MW"
      }
    },
    {
      "type": "Feature",
      "geometry": {
        "type": "Point",
        "coordinates": [-0.3438, 33.4769]
      },
      "properties": {
        "bright_ti4": 322.69,
        "scan": 0.38,
        "track": 0.36,
        "acq_date": "2026-10-02",
        "acq_time": "0202",
        "satellite": "N",
        "instrument": "VIIRS",
        "confidence": "n",
        "version": "2.0NRT",
        "bright_ti5": 288.94,
        "frp": 1.88,
        "daynight": "N",
        "source_dataset": "VIIRS_SNPP_NRT",
        "acq_datetime_utc": "2026-10-02T02:02:00Z",
        "age_hours": 30,
        "confidence_label": "nominal",
        "popup_label": "<strong>NASA FIRMS<\/strong><br>Sensor: VIIRS_SNPP_NRT<br>Fecha UTC: 2026-10-02T02:02:00Z<br>Confianza: nominal<br>FRP: 1.88 MW"
      }
    },
    {
      "type": "Feature",
      "geometry": {
        "type": "Point",
        "coordinates": [1.5576, 35.5411]
      },
      "properties": {
        "bright_ti4": 304.3,
        "scan": 0.39,
        "track": 0.36,
        "acq_date": "2026-10-02",
        "acq_time": "0200",
        "satellite": "N",
        "instrument": "VIIRS",
        "confidence": "n",
        "version": "2.0NRT",
        "bright_ti5": 285.81,
        "frp": 0.65,
        "daynight": "N",
        "source_dataset": "VIIRS_SNPP_NRT",
        "acq_datetime_utc": "2026-10-02T02:00:00Z",
        "age_hours": 30,
        "confidence_label": "nominal",
        "popup_label": "<strong>NASA FIRMS<\/strong><br>Sensor: VIIRS_SNPP_NRT<br>Fecha UTC: 2026-10-02T02:00:00Z<br>Confianza: nominal<br>FRP: 0.65 MW"
      }
    },
    {
      "type": "Feature",
      "geometry": {
        "type": "Point",
        "coordinates": [-5.9145, 35.6463]
      },
      "properties": {
        "bright_ti4": 303.13,
        "scan": 0.41,
        "track": 0.45,
        "acq_date": "2026-10-02",
        "acq_time": "0200",
        "satellite": "N",
        "instrument": "VIIRS",
        "confidence": "n",
        "version": "2.0NRT",
        "bright_ti5": 289.69,
        "frp": 0.34,
        "daynight": "N",
        "source_dataset": "VIIRS_SNPP_NRT",
        "acq_datetime_utc": "2026-10-02T02:00:00Z",
        "age_hours": 30,
        "confidence_label": "nominal",
        "popup_label": "<strong>NASA FIRMS<\/strong><br>Sensor: VIIRS_SNPP_NRT<br>Fecha UTC: 2026-10-02T02:00:00Z<br>Confianza: nominal<br>FRP: 0.34 MW"
      }
    },
    {
      "type": "Feature",
      "geometry": {
        "type": "Point",
        "coordinates": [4.4756, 35.7079]
      },
      "properties": {
        "bright_ti4": 308.49,
        "scan": 0.46,
        "track": 0.39,
        "acq_date": "2026-10-02",
        "acq_time": "0200",
        "satellite": "N",
        "instrument": "VIIRS",
        "confidence": "n",
        "version": "2.0NRT",
        "bright_ti5": 290.39,
        "frp": 1.17,
        "daynight": "N",
        "source_dataset": "VIIRS_SNPP_NRT",
        "acq_datetime_utc": "2026-10-02T02:00:00Z",
        "age_hours": 30,
        "confidence_label": "nominal",
        "popup_label": "<strong>NASA FIRMS<\/strong><br>Sensor: VIIRS_SNPP_NRT<br>Fecha UTC: 2026-10-02T02:00:00Z<br>Confianza: nominal<br>FRP: 1.17 MW"
      }
    },
    {
      "type": "Feature",
      "geometry": {
        "type": "Point",
        "coordinates": [4.4478, 35.8801]
      },
      "properties": {
        "bright_ti4": 305.66,
        "scan": 0.46,
        "track": 0.39,
        "acq_date": "2026-10-02",
        "acq_time": "0200",
        "satellite": "N",
        "instrument": "VIIRS",
        "confidence": "n",
        "version": "2.0NRT",
        "bright_ti5": 290.59,
        "frp": 1.01,
        "daynight": "N",
        "source_dataset": "VIIRS_SNPP_NRT",
        "acq_datetime_utc": "2026-10-02T02:00:00Z",
        "age_hours": 30,
        "confidence_label": "nominal",
        "popup_label": "<strong>NASA FIRMS<\/strong><br>Sensor: VIIRS_SNPP_NRT<br>Fecha UTC: 2026-10-02T02:00:00Z<br>Confianza: nominal<br>FRP: 1.01 MW"
      }
    },
    {
      "type": "Feature",
      "geometry": {
        "type": "Point",
        "coordinates": [2.8776, 36.5958]
      },
      "properties": {
        "bright_ti4": 307.4,
        "scan": 0.4,
        "track": 0.37,
        "acq_date": "2026-10-02",
        "acq_time": "0200",
        "satellite": "N",
        "instrument": "VIIRS",
        "confidence": "n",
        "version": "2.0NRT",
        "bright_ti5": 284.1,
        "frp": 0.67,
        "daynight": "N",
        "source_dataset": "VIIRS_SNPP_NRT",
        "acq_datetime_utc": "2026-10-02T02:00:00Z",
        "age_hours": 30,
        "confidence_label": "nominal",
        "popup_label": "<strong>NASA FIRMS<\/strong><br>Sensor: VIIRS_SNPP_NRT<br>Fecha UTC: 2026-10-02T02:00:00Z<br>Confianza: nominal<br>FRP: 0.67 MW"
      }
    },
    {
      "type": "Feature",
      "geometry": {
        "type": "Point",
        "coordinates": [-3.6607, 37.1501]
      },
      "properties": {
        "bright_ti4": 302.66,
        "scan": 0.5,
        "track": 0.41,
        "acq_date": "2026-10-02",
        "acq_time": "0200",
        "satellite": "N",
        "instrument": "VIIRS",
        "confidence": "n",
        "version": "2.0NRT",
        "bright_ti5": 286.71,
        "frp": 0.71,
        "daynight": "N",
        "source_dataset": "VIIRS_SNPP_NRT",
        "acq_datetime_utc": "2026-10-02T02:00:00Z",
        "age_hours": 30,
        "confidence_label": "nominal",
        "popup_label": "<strong>NASA FIRMS<\/strong><br>Sensor: VIIRS_SNPP_NRT<br>Fecha UTC: 2026-10-02T02:00:00Z<br>Confianza: nominal<br>FRP: 0.71 MW"
      }
    },
    {
      "type": "Feature",
      "geometry": {
        "type": "Point",
        "coordinates": [-5.1327, 37.561]
      },
      "properties": {
        "bright_ti4": 302.4,
        "scan": 0.39,
        "track": 0.44,
        "acq_date": "2026-10-02",
        "acq_time": "0200",
        "satellite": "N",
        "instrument": "VIIRS",
        "confidence": "n",
        "version": "2.0NRT",
        "bright_ti5": 289.83,
        "frp": 0.4,
        "daynight": "N",
        "source_dataset": "VIIRS_SNPP_NRT",
        "acq_datetime_utc": "2026-10-02T02:00:00Z",
        "age_hours": 30,
        "confidence_label": "nominal",
        "popup_label": "<strong>NASA FIRMS<\/strong><br>Sensor: VIIRS_SNPP_NRT<br>Fecha UTC: 2026-10-02T02:00:00Z<br>Confianza: nominal<br>FRP: 0.4 MW"
      }
    },
    {
      "type": "Feature",
      "geometry": {
        "type": "Point",
        "coordinates": [-4.5486, 37.7034]
      },
      "properties": {
        "bright_ti4": 308.73,
        "scan": 0.55,
        "track": 0.43,
        "acq_date": "2026-10-02",
        "acq_time": "0200",
        "satellite": "N",
        "instrument": "VIIRS",
        "confidence": "n",
        "version": "2.0NRT",
        "bright_ti5": 289.47,
        "frp": 0.77,
        "daynight": "N",
        "source_dataset": "VIIRS_SNPP_NRT",
        "acq_datetime_utc": "2026-10-02T02:00:00Z",
        "age_hours": 30,
        "confidence_label": "nominal",
        "popup_label": "<strong>NASA FIRMS<\/strong><br>Sensor: VIIRS_SNPP_NRT<br>Fecha UTC: 2026-10-02T02:00:00Z<br>Confianza: nominal<br>FRP: 0.77 MW"
      }
    },
    {
      "type": "Feature",
      "geometry": {
        "type": "Point",
        "coordinates": [-5.5922, 38.193]
      },
      "properties": {
        "bright_ti4": 299.33,
        "scan": 0.42,
        "track": 0.45,
        "acq_date": "2026-10-02",
        "acq_time": "0200",
        "satellite": "N",
        "instrument": "VIIRS",
        "confidence": "n",
        "version": "2.0NRT",
        "bright_ti5": 287.68,
        "frp": 0.7,
        "daynight": "N",
        "source_dataset": "VIIRS_SNPP_NRT",
        "acq_datetime_utc": "2026-10-02T02:00:00Z",
        "age_hours": 30,
        "confidence_label": "nominal",
        "popup_label": "<strong>NASA FIRMS<\/strong><br>Sensor: VIIRS_SNPP_NRT<br>Fecha UTC: 2026-10-02T02:00:00Z<br>Confianza: nominal<br>FRP: 0.7 MW"
      }
    },
    {
      "type": "Feature",
      "geometry": {
        "type": "Point",
        "coordinates": [-5.7172, 38.4351]
      },
      "properties": {
        "bright_ti4": 315.95,
        "scan": 0.43,
        "track": 0.46,
        "acq_date": "2026-10-02",
        "acq_time": "0200",
        "satellite": "N",
        "instrument": "VIIRS",
        "confidence": "n",
        "version": "2.0NRT",
        "bright_ti5": 286.13,
        "frp": 1.03,
        "daynight": "N",
        "source_dataset": "VIIRS_SNPP_NRT",
        "acq_datetime_utc": "2026-10-02T02:00:00Z",
        "age_hours": 30,
        "confidence_label": "nominal",
        "popup_label": "<strong>NASA FIRMS<\/strong><br>Sensor: VIIRS_SNPP_NRT<br>Fecha UTC: 2026-10-02T02:00:00Z<br>Confianza: nominal<br>FRP: 1.03 MW"
      }
    },
    {
      "type": "Feature",
      "geometry": {
        "type": "Point",
        "coordinates": [-3.474, 40.2439]
      },
      "properties": {
        "bright_ti4": 322.59,
        "scan": 0.53,
        "track": 0.42,
        "acq_date": "2026-10-02",
        "acq_time": "0200",
        "satellite": "N",
        "instrument": "VIIRS",
        "confidence": "n",
        "version": "2.0NRT",
        "bright_ti5": 287.9,
        "frp": 3.39,
        "daynight": "N",
        "source_dataset": "VIIRS_SNPP_NRT",
        "acq_datetime_utc": "2026-10-02T02:00:00Z",
        "age_hours": 30,
        "confidence_label": "nominal",
        "popup_label": "<strong>NASA FIRMS<\/strong><br>Sensor: VIIRS_SNPP_NRT<br>Fecha UTC: 2026-10-02T02:00:00Z<br>Confianza: nominal<br>FRP: 3.39 MW"
      }
    },
    {
      "type": "Feature",
      "geometry": {
        "type": "Point",
        "coordinates": [-8.4371, 43.3458]
      },
      "properties": {
        "bright_ti4": 297.58,
        "scan": 0.33,
        "track": 0.55,
        "acq_date": "2026-10-02",
        "acq_time": "0158",
        "satellite": "N",
        "instrument": "VIIRS",
        "confidence": "n",
        "version": "2.0NRT",
        "bright_ti5": 284.83,
        "frp": 0.63,
        "daynight": "N",
        "source_dataset": "VIIRS_SNPP_NRT",
        "acq_datetime_utc": "2026-10-02T01:58:00Z",
        "age_hours": 30.1,
        "confidence_label": "nominal",
        "popup_label": "<strong>NASA FIRMS<\/strong><br>Sensor: VIIRS_SNPP_NRT<br>Fecha UTC: 2026-10-02T01:58:00Z<br>Confianza: nominal<br>FRP: 0.63 MW"
      }
    },
    {
      "type": "Feature",
      "geometry": {
        "type": "Point",
        "coordinates": [-8.4359, 43.3466]
      },
      "properties": {
        "bright_ti4": 299.64,
        "scan": 0.33,
        "track": 0.55,
        "acq_date": "2026-10-02",
        "acq_time": "0158",
        "satellite": "N",
        "instrument": "VIIRS",
        "confidence": "n",
        "version": "2.0NRT",
        "bright_ti5": 284.96,
        "frp": 0.56,
        "daynight": "N",
        "source_dataset": "VIIRS_SNPP_NRT",
        "acq_datetime_utc": "2026-10-02T01:58:00Z",
        "age_hours": 30.1,
        "confidence_label": "nominal",
        "popup_label": "<strong>NASA FIRMS<\/strong><br>Sensor: VIIRS_SNPP_NRT<br>Fecha UTC: 2026-10-02T01:58:00Z<br>Confianza: nominal<br>FRP: 0.56 MW"
      }
    },
    {
      "type": "Feature",
      "geometry": {
        "type": "Point",
        "coordinates": [4.8933, 43.4392]
      },
      "properties": {
        "bright_ti4": 316.51,
        "scan": 0.4,
        "track": 0.37,
        "acq_date": "2026-10-02",
        "acq_time": "0158",
        "satellite": "N",
        "instrument": "VIIRS",
        "confidence": "n",
        "version": "2.0NRT",
        "bright_ti5": 286.3,
        "frp": 1.42,
        "daynight": "N",
        "source_dataset": "VIIRS_SNPP_NRT",
        "acq_datetime_utc": "2026-10-02T01:58:00Z",
        "age_hours": 30.1,
        "confidence_label": "nominal",
        "popup_label": "<strong>NASA FIRMS<\/strong><br>Sensor: VIIRS_SNPP_NRT<br>Fecha UTC: 2026-10-02T01:58:00Z<br>Confianza: nominal<br>FRP: 1.42 MW"
      }
    },
    {
      "type": "Feature",
      "geometry": {
        "type": "Point",
        "coordinates": [4.8884, 43.44]
      },
      "properties": {
        "bright_ti4": 305.72,
        "scan": 0.4,
        "track": 0.37,
        "acq_date": "2026-10-02",
        "acq_time": "0158",
        "satellite": "N",
        "instrument": "VIIRS",
        "confidence": "n",
        "version": "2.0NRT",
        "bright_ti5": 285.54,
        "frp": 1.42,
        "daynight": "N",
        "source_dataset": "VIIRS_SNPP_NRT",
        "acq_datetime_utc": "2026-10-02T01:58:00Z",
        "age_hours": 30.1,
        "confidence_label": "nominal",
        "popup_label": "<strong>NASA FIRMS<\/strong><br>Sensor: VIIRS_SNPP_NRT<br>Fecha UTC: 2026-10-02T01:58:00Z<br>Confianza: nominal<br>FRP: 1.42 MW"
      }
    },
    {
      "type": "Feature",
      "geometry": {
        "type": "Point",
        "coordinates": [4.9002, 43.4449]
      },
      "properties": {
        "bright_ti4": 324.54,
        "scan": 0.4,
        "track": 0.37,
        "acq_date": "2026-10-02",
        "acq_time": "0158",
        "satellite": "N",
        "instrument": "VIIRS",
        "confidence": "n",
        "version": "2.0NRT",
        "bright_ti5": 286.39,
        "frp": 1.74,
        "daynight": "N",
        "source_dataset": "VIIRS_SNPP_NRT",
        "acq_datetime_utc": "2026-10-02T01:58:00Z",
        "age_hours": 30.1,
        "confidence_label": "nominal",
        "popup_label": "<strong>NASA FIRMS<\/strong><br>Sensor: VIIRS_SNPP_NRT<br>Fecha UTC: 2026-10-02T01:58:00Z<br>Confianza: nominal<br>FRP: 1.74 MW"
      }
    },
    {
      "type": "Feature",
      "geometry": {
        "type": "Point",
        "coordinates": [4.8954, 43.4458]
      },
      "properties": {
        "bright_ti4": 310.08,
        "scan": 0.4,
        "track": 0.37,
        "acq_date": "2026-10-02",
        "acq_time": "0158",
        "satellite": "N",
        "instrument": "VIIRS",
        "confidence": "n",
        "version": "2.0NRT",
        "bright_ti5": 286.43,
        "frp": 1.44,
        "daynight": "N",
        "source_dataset": "VIIRS_SNPP_NRT",
        "acq_datetime_utc": "2026-10-02T01:58:00Z",
        "age_hours": 30.1,
        "confidence_label": "nominal",
        "popup_label": "<strong>NASA FIRMS<\/strong><br>Sensor: VIIRS_SNPP_NRT<br>Fecha UTC: 2026-10-02T01:58:00Z<br>Confianza: nominal<br>FRP: 1.44 MW"
      }
    },
    {
      "type": "Feature",
      "geometry": {
        "type": "Point",
        "coordinates": [4.8906, 43.4466]
      },
      "properties": {
        "bright_ti4": 298.96,
        "scan": 0.4,
        "track": 0.37,
        "acq_date": "2026-10-02",
        "acq_time": "0158",
        "satellite": "N",
        "instrument": "VIIRS",
        "confidence": "n",
        "version": "2.0NRT",
        "bright_ti5": 284.9,
        "frp": 1.44,
        "daynight": "N",
        "source_dataset": "VIIRS_SNPP_NRT",
        "acq_datetime_utc": "2026-10-02T01:58:00Z",
        "age_hours": 30.1,
        "confidence_label": "nominal",
        "popup_label": "<strong>NASA FIRMS<\/strong><br>Sensor: VIIRS_SNPP_NRT<br>Fecha UTC: 2026-10-02T01:58:00Z<br>Confianza: nominal<br>FRP: 1.44 MW"
      }
    },
    {
      "type": "Feature",
      "geometry": {
        "type": "Point",
        "coordinates": [4.8965, 43.4491]
      },
      "properties": {
        "bright_ti4": 328.8,
        "scan": 0.4,
        "track": 0.37,
        "acq_date": "2026-10-02",
        "acq_time": "0158",
        "satellite": "N",
        "instrument": "VIIRS",
        "confidence": "n",
        "version": "2.0NRT",
        "bright_ti5": 286,
        "frp": 2.54,
        "daynight": "N",
        "source_dataset": "VIIRS_SNPP_NRT",
        "acq_datetime_utc": "2026-10-02T01:58:00Z",
        "age_hours": 30.1,
        "confidence_label": "nominal",
        "popup_label": "<strong>NASA FIRMS<\/strong><br>Sensor: VIIRS_SNPP_NRT<br>Fecha UTC: 2026-10-02T01:58:00Z<br>Confianza: nominal<br>FRP: 2.54 MW"
      }
    },
    {
      "type": "Feature",
      "geometry": {
        "type": "Point",
        "coordinates": [-5.7316, 43.5284]
      },
      "properties": {
        "bright_ti4": 302.49,
        "scan": 0.49,
        "track": 0.48,
        "acq_date": "2026-10-02",
        "acq_time": "0158",
        "satellite": "N",
        "instrument": "VIIRS",
        "confidence": "n",
        "version": "2.0NRT",
        "bright_ti5": 285.37,
        "frp": 0.99,
        "daynight": "N",
        "source_dataset": "VIIRS_SNPP_NRT",
        "acq_datetime_utc": "2026-10-02T01:58:00Z",
        "age_hours": 30.1,
        "confidence_label": "nominal",
        "popup_label": "<strong>NASA FIRMS<\/strong><br>Sensor: VIIRS_SNPP_NRT<br>Fecha UTC: 2026-10-02T01:58:00Z<br>Confianza: nominal<br>FRP: 0.99 MW"
      }
    },
    {
      "type": "Feature",
      "geometry": {
        "type": "Point",
        "coordinates": [-5.8291, 43.5406]
      },
      "properties": {
        "bright_ti4": 317.27,
        "scan": 0.49,
        "track": 0.49,
        "acq_date": "2026-10-02",
        "acq_time": "0158",
        "satellite": "N",
        "instrument": "VIIRS",
        "confidence": "n",
        "version": "2.0NRT",
        "bright_ti5": 285.64,
        "frp": 3.06,
        "daynight": "N",
        "source_dataset": "VIIRS_SNPP_NRT",
        "acq_datetime_utc": "2026-10-02T01:58:00Z",
        "age_hours": 30.1,
        "confidence_label": "nominal",
        "popup_label": "<strong>NASA FIRMS<\/strong><br>Sensor: VIIRS_SNPP_NRT<br>Fecha UTC: 2026-10-02T01:58:00Z<br>Confianza: nominal<br>FRP: 3.06 MW"
      }
    },
    {
      "type": "Feature",
      "geometry": {
        "type": "Point",
        "coordinates": [-5.8473, 43.5466]
      },
      "properties": {
        "bright_ti4": 296.07,
        "scan": 0.49,
        "track": 0.49,
        "acq_date": "2026-10-02",
        "acq_time": "0158",
        "satellite": "N",
        "instrument": "VIIRS",
        "confidence": "n",
        "version": "2.0NRT",
        "bright_ti5": 284.37,
        "frp": 0.99,
        "daynight": "N",
        "source_dataset": "VIIRS_SNPP_NRT",
        "acq_datetime_utc": "2026-10-02T01:58:00Z",
        "age_hours": 30.1,
        "confidence_label": "nominal",
        "popup_label": "<strong>NASA FIRMS<\/strong><br>Sensor: VIIRS_SNPP_NRT<br>Fecha UTC: 2026-10-02T01:58:00Z<br>Confianza: nominal<br>FRP: 0.99 MW"
      }
    },
    {
      "type": "Feature",
      "geometry": {
        "type": "Point",
        "coordinates": [-5.8593, 43.5522]
      },
      "properties": {
        "bright_ti4": 299.69,
        "scan": 0.49,
        "track": 0.49,
        "acq_date": "2026-10-02",
        "acq_time": "0158",
        "satellite": "N",
        "instrument": "VIIRS",
        "confidence": "n",
        "version": "2.0NRT",
        "bright_ti5": 284.98,
        "frp": 0.81,
        "daynight": "N",
        "source_dataset": "VIIRS_SNPP_NRT",
        "acq_datetime_utc": "2026-10-02T01:58:00Z",
        "age_hours": 30.1,
        "confidence_label": "nominal",
        "popup_label": "<strong>NASA FIRMS<\/strong><br>Sensor: VIIRS_SNPP_NRT<br>Fecha UTC: 2026-10-02T01:58:00Z<br>Confianza: nominal<br>FRP: 0.81 MW"
      }
    },
    {
      "type": "Feature",
      "geometry": {
        "type": "Point",
        "coordinates": [-7.6594, 43.5581]
      },
      "properties": {
        "bright_ti4": 316.38,
        "scan": 0.61,
        "track": 0.53,
        "acq_date": "2026-10-02",
        "acq_time": "0158",
        "satellite": "N",
        "instrument": "VIIRS",
        "confidence": "n",
        "version": "2.0NRT",
        "bright_ti5": 282.61,
        "frp": 2.54,
        "daynight": "N",
        "source_dataset": "VIIRS_SNPP_NRT",
        "acq_datetime_utc": "2026-10-02T01:58:00Z",
        "age_hours": 30.1,
        "confidence_label": "nominal",
        "popup_label": "<strong>NASA FIRMS<\/strong><br>Sensor: VIIRS_SNPP_NRT<br>Fecha UTC: 2026-10-02T01:58:00Z<br>Confianza: nominal<br>FRP: 2.54 MW"
      }
    },
    {
      "type": "Feature",
      "geometry": {
        "type": "Point",
        "coordinates": [-7.6585, 43.5631]
      },
      "properties": {
        "bright_ti4": 329.6,
        "scan": 0.61,
        "track": 0.53,
        "acq_date": "2026-10-02",
        "acq_time": "0158",
        "satellite": "N",
        "instrument": "VIIRS",
        "confidence": "n",
        "version": "2.0NRT",
        "bright_ti5": 284.36,
        "frp": 2.54,
        "daynight": "N",
        "source_dataset": "VIIRS_SNPP_NRT",
        "acq_datetime_utc": "2026-10-02T01:58:00Z",
        "age_hours": 30.1,
        "confidence_label": "nominal",
        "popup_label": "<strong>NASA FIRMS<\/strong><br>Sensor: VIIRS_SNPP_NRT<br>Fecha UTC: 2026-10-02T01:58:00Z<br>Confianza: nominal<br>FRP: 2.54 MW"
      }
    },
    {
      "type": "Feature",
      "geometry": {
        "type": "Point",
        "coordinates": [4.8472, 43.9984]
      },
      "properties": {
        "bright_ti4": 298.74,
        "scan": 0.39,
        "track": 0.36,
        "acq_date": "2026-10-02",
        "acq_time": "0158",
        "satellite": "N",
        "instrument": "VIIRS",
        "confidence": "n",
        "version": "2.0NRT",
        "bright_ti5": 268.21,
        "frp": 0.62,
        "daynight": "N",
        "source_dataset": "VIIRS_SNPP_NRT",
        "acq_datetime_utc": "2026-10-02T01:58:00Z",
        "age_hours": 30.1,
        "confidence_label": "nominal",
        "popup_label": "<strong>NASA FIRMS<\/strong><br>Sensor: VIIRS_SNPP_NRT<br>Fecha UTC: 2026-10-02T01:58:00Z<br>Confianza: nominal<br>FRP: 0.62 MW"
      }
    },
    {
      "type": "Feature",
      "geometry": {
        "type": "Point",
        "coordinates": [-8.4206, 40.2887]
      },
      "properties": {
        "bright_ti4": 296.84,
        "scan": 0.62,
        "track": 0.71,
        "acq_date": "2026-10-03",
        "acq_time": "0340",
        "satellite": "N20",
        "instrument": "VIIRS",
        "confidence": "n",
        "version": "2.0NRT",
        "bright_ti5": 286.84,
        "frp": 0.99,
        "daynight": "N",
        "source_dataset": "VIIRS_NOAA20_NRT",
        "acq_datetime_utc": "2026-10-03T03:40:00Z",
        "age_hours": 4.4,
        "confidence_label": "nominal",
        "popup_label": "<strong>NASA FIRMS<\/strong><br>Sensor: VIIRS_NOAA20_NRT<br>Fecha UTC: 2026-10-03T03:40:00Z<br>Confianza: nominal<br>FRP: 0.99 MW"
      }
    },
    {
      "type": "Feature",
      "geometry": {
        "type": "Point",
        "coordinates": [0.2374, 27.8227]
      },
      "properties": {
        "bright_ti4": 311.68,
        "scan": 0.47,
        "track": 0.4,
        "acq_date": "2026-10-03",
        "acq_time": "0204",
        "satellite": "N20",
        "instrument": "VIIRS",
        "confidence": "n",
        "version": "2.0NRT",
        "bright_ti5": 292.53,
        "frp": 2.83,
        "daynight": "N",
        "source_dataset": "VIIRS_NOAA20_NRT",
        "acq_datetime_utc": "2026-10-03T02:04:00Z",
        "age_hours": 6,
        "confidence_label": "nominal",
        "popup_label": "<strong>NASA FIRMS<\/strong><br>Sensor: VIIRS_NOAA20_NRT<br>Fecha UTC: 2026-10-03T02:04:00Z<br>Confianza: nominal<br>FRP: 2.83 MW"
      }
    },
    {
      "type": "Feature",
      "geometry": {
        "type": "Point",
        "coordinates": [0.2327, 27.8235]
      },
      "properties": {
        "bright_ti4": 328.27,
        "scan": 0.47,
        "track": 0.4,
        "acq_date": "2026-10-03",
        "acq_time": "0204",
        "satellite": "N20",
        "instrument": "VIIRS",
        "confidence": "n",
        "version": "2.0NRT",
        "bright_ti5": 292.65,
        "frp": 3.41,
        "daynight": "N",
        "source_dataset": "VIIRS_NOAA20_NRT",
        "acq_datetime_utc": "2026-10-03T02:04:00Z",
        "age_hours": 6,
        "confidence_label": "nominal",
        "popup_label": "<strong>NASA FIRMS<\/strong><br>Sensor: VIIRS_NOAA20_NRT<br>Fecha UTC: 2026-10-03T02:04:00Z<br>Confianza: nominal<br>FRP: 3.41 MW"
      }
    },
    {
      "type": "Feature",
      "geometry": {
        "type": "Point",
        "coordinates": [-0.5191, 28.2004]
      },
      "properties": {
        "bright_ti4": 327.88,
        "scan": 0.44,
        "track": 0.38,
        "acq_date": "2026-10-03",
        "acq_time": "0204",
        "satellite": "N20",
        "instrument": "VIIRS",
        "confidence": "n",
        "version": "2.0NRT",
        "bright_ti5": 273.44,
        "frp": 2.81,
        "daynight": "N",
        "source_dataset": "VIIRS_NOAA20_NRT",
        "acq_datetime_utc": "2026-10-03T02:04:00Z",
        "age_hours": 6,
        "confidence_label": "nominal",
        "popup_label": "<strong>NASA FIRMS<\/strong><br>Sensor: VIIRS_NOAA20_NRT<br>Fecha UTC: 2026-10-03T02:04:00Z<br>Confianza: nominal<br>FRP: 2.81 MW"
      }
    },
    {
      "type": "Feature",
      "geometry": {
        "type": "Point",
        "coordinates": [-0.5164, 28.201]
      },
      "properties": {
        "bright_ti4": 317.85,
        "scan": 0.44,
        "track": 0.38,
        "acq_date": "2026-10-03",
        "acq_time": "0204",
        "satellite": "N20",
        "instrument": "VIIRS",
        "confidence": "n",
        "version": "2.0NRT",
        "bright_ti5": 272.13,
        "frp": 1.69,
        "daynight": "N",
        "source_dataset": "VIIRS_NOAA20_NRT",
        "acq_datetime_utc": "2026-10-03T02:04:00Z",
        "age_hours": 6,
        "confidence_label": "nominal",
        "popup_label": "<strong>NASA FIRMS<\/strong><br>Sensor: VIIRS_NOAA20_NRT<br>Fecha UTC: 2026-10-03T02:04:00Z<br>Confianza: nominal<br>FRP: 1.69 MW"
      }
    },
    {
      "type": "Feature",
      "geometry": {
        "type": "Point",
        "coordinates": [-0.1585, 28.2124]
      },
      "properties": {
        "bright_ti4": 304.05,
        "scan": 0.45,
        "track": 0.39,
        "acq_date": "2026-10-03",
        "acq_time": "0204",
        "satellite": "N20",
        "instrument": "VIIRS",
        "confidence": "n",
        "version": "2.0NRT",
        "bright_ti5": 285.79,
        "frp": 0.69,
        "daynight": "N",
        "source_dataset": "VIIRS_NOAA20_NRT",
        "acq_datetime_utc": "2026-10-03T02:04:00Z",
        "age_hours": 6,
        "confidence_label": "nominal",
        "popup_label": "<strong>NASA FIRMS<\/strong><br>Sensor: VIIRS_NOAA20_NRT<br>Fecha UTC: 2026-10-03T02:04:00Z<br>Confianza: nominal<br>FRP: 0.69 MW"
      }
    },
    {
      "type": "Feature",
      "geometry": {
        "type": "Point",
        "coordinates": [3.9846, 32.2748]
      },
      "properties": {
        "bright_ti4": 301.39,
        "scan": 0.41,
        "track": 0.45,
        "acq_date": "2026-10-03",
        "acq_time": "0202",
        "satellite": "N20",
        "instrument": "VIIRS",
        "confidence": "n",
        "version": "2.0NRT",
        "bright_ti5": 288.55,
        "frp": 2.73,
        "daynight": "N",
        "source_dataset": "VIIRS_NOAA20_NRT",
        "acq_datetime_utc": "2026-10-03T02:02:00Z",
        "age_hours": 6,
        "confidence_label": "nominal",
        "popup_label": "<strong>NASA FIRMS<\/strong><br>Sensor: VIIRS_NOAA20_NRT<br>Fecha UTC: 2026-10-03T02:02:00Z<br>Confianza: nominal<br>FRP: 2.73 MW"
      }
    },
    {
      "type": "Feature",
      "geometry": {
        "type": "Point",
        "coordinates": [3.9899, 32.2779]
      },
      "properties": {
        "bright_ti4": 299.29,
        "scan": 0.41,
        "track": 0.45,
        "acq_date": "2026-10-03",
        "acq_time": "0202",
        "satellite": "N20",
        "instrument": "VIIRS",
        "confidence": "n",
        "version": "2.0NRT",
        "bright_ti5": 288.56,
        "frp": 3.16,
        "daynight": "N",
        "source_dataset": "VIIRS_NOAA20_NRT",
        "acq_datetime_utc": "2026-10-03T02:02:00Z",
        "age_hours": 6,
        "confidence_label": "nominal",
        "popup_label": "<strong>NASA FIRMS<\/strong><br>Sensor: VIIRS_NOAA20_NRT<br>Fecha UTC: 2026-10-03T02:02:00Z<br>Confianza: nominal<br>FRP: 3.16 MW"
      }
    },
    {
      "type": "Feature",
      "geometry": {
        "type": "Point",
        "coordinates": [3.9857, 32.2788]
      },
      "properties": {
        "bright_ti4": 338.38,
        "scan": 0.41,
        "track": 0.45,
        "acq_date": "2026-10-03",
        "acq_time": "0202",
        "satellite": "N20",
        "instrument": "VIIRS",
        "confidence": "n",
        "version": "2.0NRT",
        "bright_ti5": 290.75,
        "frp": 2.73,
        "daynight": "N",
        "source_dataset": "VIIRS_NOAA20_NRT",
        "acq_datetime_utc": "2026-10-03T02:02:00Z",
        "age_hours": 6,
        "confidence_label": "nominal",
        "popup_label": "<strong>NASA FIRMS<\/strong><br>Sensor: VIIRS_NOAA20_NRT<br>Fecha UTC: 2026-10-03T02:02:00Z<br>Confianza: nominal<br>FRP: 2.73 MW"
      }
    },
    {
      "type": "Feature",
      "geometry": {
        "type": "Point",
        "coordinates": [4.0066, 32.4017]
      },
      "properties": {
        "bright_ti4": 304.79,
        "scan": 0.4,
        "track": 0.45,
        "acq_date": "2026-10-03",
        "acq_time": "0202",
        "satellite": "N20",
        "instrument": "VIIRS",
        "confidence": "n",
        "version": "2.0NRT",
        "bright_ti5": 284.52,
        "frp": 0.49,
        "daynight": "N",
        "source_dataset": "VIIRS_NOAA20_NRT",
        "acq_datetime_utc": "2026-10-03T02:02:00Z",
        "age_hours": 6,
        "confidence_label": "nominal",
        "popup_label": "<strong>NASA FIRMS<\/strong><br>Sensor: VIIRS_NOAA20_NRT<br>Fecha UTC: 2026-10-03T02:02:00Z<br>Confianza: nominal<br>FRP: 0.49 MW"
      }
    },
    {
      "type": "Feature",
      "geometry": {
        "type": "Point",
        "coordinates": [3.1703, 32.5538]
      },
      "properties": {
        "bright_ti4": 318.98,
        "scan": 0.55,
        "track": 0.42,
        "acq_date": "2026-10-03",
        "acq_time": "0202",
        "satellite": "N20",
        "instrument": "VIIRS",
        "confidence": "n",
        "version": "2.0NRT",
        "bright_ti5": 275.93,
        "frp": 1.56,
        "daynight": "N",
        "source_dataset": "VIIRS_NOAA20_NRT",
        "acq_datetime_utc": "2026-10-03T02:02:00Z",
        "age_hours": 6,
        "confidence_label": "nominal",
        "popup_label": "<strong>NASA FIRMS<\/strong><br>Sensor: VIIRS_NOAA20_NRT<br>Fecha UTC: 2026-10-03T02:02:00Z<br>Confianza: nominal<br>FRP: 1.56 MW"
      }
    },
    {
      "type": "Feature",
      "geometry": {
        "type": "Point",
        "coordinates": [3.1646, 32.555]
      },
      "properties": {
        "bright_ti4": 301.01,
        "scan": 0.55,
        "track": 0.42,
        "acq_date": "2026-10-03",
        "acq_time": "0202",
        "satellite": "N20",
        "instrument": "VIIRS",
        "confidence": "n",
        "version": "2.0NRT",
        "bright_ti5": 273.9,
        "frp": 1.56,
        "daynight": "N",
        "source_dataset": "VIIRS_NOAA20_NRT",
        "acq_datetime_utc": "2026-10-03T02:02:00Z",
        "age_hours": 6,
        "confidence_label": "nominal",
        "popup_label": "<strong>NASA FIRMS<\/strong><br>Sensor: VIIRS_NOAA20_NRT<br>Fecha UTC: 2026-10-03T02:02:00Z<br>Confianza: nominal<br>FRP: 1.56 MW"
      }
    },
    {
      "type": "Feature",
      "geometry": {
        "type": "Point",
        "coordinates": [3.166, 32.5557]
      },
      "properties": {
        "bright_ti4": 326.28,
        "scan": 0.55,
        "track": 0.42,
        "acq_date": "2026-10-03",
        "acq_time": "0202",
        "satellite": "N20",
        "instrument": "VIIRS",
        "confidence": "n",
        "version": "2.0NRT",
        "bright_ti5": 275.01,
        "frp": 2.19,
        "daynight": "N",
        "source_dataset": "VIIRS_NOAA20_NRT",
        "acq_datetime_utc": "2026-10-03T02:02:00Z",
        "age_hours": 6,
        "confidence_label": "nominal",
        "popup_label": "<strong>NASA FIRMS<\/strong><br>Sensor: VIIRS_NOAA20_NRT<br>Fecha UTC: 2026-10-03T02:02:00Z<br>Confianza: nominal<br>FRP: 2.19 MW"
      }
    },
    {
      "type": "Feature",
      "geometry": {
        "type": "Point",
        "coordinates": [3.1794, 32.748]
      },
      "properties": {
        "bright_ti4": 295.18,
        "scan": 0.54,
        "track": 0.42,
        "acq_date": "2026-10-03",
        "acq_time": "0202",
        "satellite": "N20",
        "instrument": "VIIRS",
        "confidence": "n",
        "version": "2.0NRT",
        "bright_ti5": 273.66,
        "frp": 0.97,
        "daynight": "N",
        "source_dataset": "VIIRS_NOAA20_NRT",
        "acq_datetime_utc": "2026-10-03T02:02:00Z",
        "age_hours": 6,
        "confidence_label": "nominal",
        "popup_label": "<strong>NASA FIRMS<\/strong><br>Sensor: VIIRS_NOAA20_NRT<br>Fecha UTC: 2026-10-03T02:02:00Z<br>Confianza: nominal<br>FRP: 0.97 MW"
      }
    },
    {
      "type": "Feature",
      "geometry": {
        "type": "Point",
        "coordinates": [3.2351, 32.9369]
      },
      "properties": {
        "bright_ti4": 298.57,
        "scan": 0.54,
        "track": 0.42,
        "acq_date": "2026-10-03",
        "acq_time": "0202",
        "satellite": "N20",
        "instrument": "VIIRS",
        "confidence": "n",
        "version": "2.0NRT",
        "bright_ti5": 276.69,
        "frp": 1.32,
        "daynight": "N",
        "source_dataset": "VIIRS_NOAA20_NRT",
        "acq_datetime_utc": "2026-10-03T02:02:00Z",
        "age_hours": 6,
        "confidence_label": "nominal",
        "popup_label": "<strong>NASA FIRMS<\/strong><br>Sensor: VIIRS_NOAA20_NRT<br>Fecha UTC: 2026-10-03T02:02:00Z<br>Confianza: nominal<br>FRP: 1.32 MW"
      }
    },
    {
      "type": "Feature",
      "geometry": {
        "type": "Point",
        "coordinates": [3.3224, 33.1276]
      },
      "properties": {
        "bright_ti4": 302.27,
        "scan": 0.54,
        "track": 0.42,
        "acq_date": "2026-10-03",
        "acq_time": "0202",
        "satellite": "N20",
        "instrument": "VIIRS",
        "confidence": "n",
        "version": "2.0NRT",
        "bright_ti5": 271.76,
        "frp": 0.99,
        "daynight": "N",
        "source_dataset": "VIIRS_NOAA20_NRT",
        "acq_datetime_utc": "2026-10-03T02:02:00Z",
        "age_hours": 6,
        "confidence_label": "nominal",
        "popup_label": "<strong>NASA FIRMS<\/strong><br>Sensor: VIIRS_NOAA20_NRT<br>Fecha UTC: 2026-10-03T02:02:00Z<br>Confianza: nominal<br>FRP: 0.99 MW"
      }
    },
    {
      "type": "Feature",
      "geometry": {
        "type": "Point",
        "coordinates": [-2.3451, 34.5963]
      },
      "properties": {
        "bright_ti4": 301.58,
        "scan": 0.39,
        "track": 0.36,
        "acq_date": "2026-10-03",
        "acq_time": "0202",
        "satellite": "N20",
        "instrument": "VIIRS",
        "confidence": "n",
        "version": "2.0NRT",
        "bright_ti5": 288.83,
        "frp": 0.79,
        "daynight": "N",
        "source_dataset": "VIIRS_NOAA20_NRT",
        "acq_datetime_utc": "2026-10-03T02:02:00Z",
        "age_hours": 6,
        "confidence_label": "nominal",
        "popup_label": "<strong>NASA FIRMS<\/strong><br>Sensor: VIIRS_NOAA20_NRT<br>Fecha UTC: 2026-10-03T02:02:00Z<br>Confianza: nominal<br>FRP: 0.79 MW"
      }
    },
    {
      "type": "Feature",
      "geometry": {
        "type": "Point",
        "coordinates": [-2.3493, 34.5969]
      },
      "properties": {
        "bright_ti4": 300.96,
        "scan": 0.39,
        "track": 0.36,
        "acq_date": "2026-10-03",
        "acq_time": "0202",
        "satellite": "N20",
        "instrument": "VIIRS",
        "confidence": "n",
        "version": "2.0NRT",
        "bright_ti5": 288.75,
        "frp": 0.79,
        "daynight": "N",
        "source_dataset": "VIIRS_NOAA20_NRT",
        "acq_datetime_utc": "2026-10-03T02:02:00Z",
        "age_hours": 6,
        "confidence_label": "nominal",
        "popup_label": "<strong>NASA FIRMS<\/strong><br>Sensor: VIIRS_NOAA20_NRT<br>Fecha UTC: 2026-10-03T02:02:00Z<br>Confianza: nominal<br>FRP: 0.79 MW"
      }
    },
    {
      "type": "Feature",
      "geometry": {
        "type": "Point",
        "coordinates": [-2.0846, 34.9784]
      },
      "properties": {
        "bright_ti4": 303.43,
        "scan": 0.39,
        "track": 0.36,
        "acq_date": "2026-10-03",
        "acq_time": "0202",
        "satellite": "N20",
        "instrument": "VIIRS",
        "confidence": "n",
        "version": "2.0NRT",
        "bright_ti5": 290.71,
        "frp": 0.44,
        "daynight": "N",
        "source_dataset": "VIIRS_NOAA20_NRT",
        "acq_datetime_utc": "2026-10-03T02:02:00Z",
        "age_hours": 6,
        "confidence_label": "nominal",
        "popup_label": "<strong>NASA FIRMS<\/strong><br>Sensor: VIIRS_NOAA20_NRT<br>Fecha UTC: 2026-10-03T02:02:00Z<br>Confianza: nominal<br>FRP: 0.44 MW"
      }
    },
    {
      "type": "Feature",
      "geometry": {
        "type": "Point",
        "coordinates": [-1.3426, 35.3125]
      },
      "properties": {
        "bright_ti4": 301.5,
        "scan": 0.38,
        "track": 0.36,
        "acq_date": "2026-10-03",
        "acq_time": "0202",
        "satellite": "N20",
        "instrument": "VIIRS",
        "confidence": "n",
        "version": "2.0NRT",
        "bright_ti5": 284.02,
        "frp": 0.38,
        "daynight": "N",
        "source_dataset": "VIIRS_NOAA20_NRT",
        "acq_datetime_utc": "2026-10-03T02:02:00Z",
        "age_hours": 6,
        "confidence_label": "nominal",
        "popup_label": "<strong>NASA FIRMS<\/strong><br>Sensor: VIIRS_NOAA20_NRT<br>Fecha UTC: 2026-10-03T02:02:00Z<br>Confianza: nominal<br>FRP: 0.38 MW"
      }
    },
    {
      "type": "Feature",
      "geometry": {
        "type": "Point",
        "coordinates": [-0.2777, 35.5319]
      },
      "properties": {
        "bright_ti4": 295.36,
        "scan": 0.39,
        "track": 0.36,
        "acq_date": "2026-10-03",
        "acq_time": "0202",
        "satellite": "N20",
        "instrument": "VIIRS",
        "confidence": "n",
        "version": "2.0NRT",
        "bright_ti5": 275.47,
        "frp": 0.53,
        "daynight": "N",
        "source_dataset": "VIIRS_NOAA20_NRT",
        "acq_datetime_utc": "2026-10-03T02:02:00Z",
        "age_hours": 6,
        "confidence_label": "nominal",
        "popup_label": "<strong>NASA FIRMS<\/strong><br>Sensor: VIIRS_NOAA20_NRT<br>Fecha UTC: 2026-10-03T02:02:00Z<br>Confianza: nominal<br>FRP: 0.53 MW"
      }
    },
    {
      "type": "Feature",
      "geometry": {
        "type": "Point",
        "coordinates": [-0.9391, 35.5652]
      },
      "properties": {
        "bright_ti4": 299.24,
        "scan": 0.38,
        "track": 0.36,
        "acq_date": "2026-10-03",
        "acq_time": "0202",
        "satellite": "N20",
        "instrument": "VIIRS",
        "confidence": "n",
        "version": "2.0NRT",
        "bright_ti5": 286.14,
        "frp": 0.48,
        "daynight": "N",
        "source_dataset": "VIIRS_NOAA20_NRT",
        "acq_datetime_utc": "2026-10-03T02:02:00Z",
        "age_hours": 6,
        "confidence_label": "nominal",
        "popup_label": "<strong>NASA FIRMS<\/strong><br>Sensor: VIIRS_NOAA20_NRT<br>Fecha UTC: 2026-10-03T02:02:00Z<br>Confianza: nominal<br>FRP: 0.48 MW"
      }
    },
    {
      "type": "Feature",
      "geometry": {
        "type": "Point",
        "coordinates": [-0.9383, 35.5684]
      },
      "properties": {
        "bright_ti4": 305.78,
        "scan": 0.38,
        "track": 0.36,
        "acq_date": "2026-10-03",
        "acq_time": "0202",
        "satellite": "N20",
        "instrument": "VIIRS",
        "confidence": "n",
        "version": "2.0NRT",
        "bright_ti5": 284.83,
        "frp": 0.48,
        "daynight": "N",
        "source_dataset": "VIIRS_NOAA20_NRT",
        "acq_datetime_utc": "2026-10-03T02:02:00Z",
        "age_hours": 6,
        "confidence_label": "nominal",
        "popup_label": "<strong>NASA FIRMS<\/strong><br>Sensor: VIIRS_NOAA20_NRT<br>Fecha UTC: 2026-10-03T02:02:00Z<br>Confianza: nominal<br>FRP: 0.48 MW"
      }
    },
    {
      "type": "Feature",
      "geometry": {
        "type": "Point",
        "coordinates": [4.4758, 35.7074]
      },
      "properties": {
        "bright_ti4": 298.98,
        "scan": 0.56,
        "track": 0.43,
        "acq_date": "2026-10-03",
        "acq_time": "0202",
        "satellite": "N20",
        "instrument": "VIIRS",
        "confidence": "n",
        "version": "2.0NRT",
        "bright_ti5": 272.47,
        "frp": 0.49,
        "daynight": "N",
        "source_dataset": "VIIRS_NOAA20_NRT",
        "acq_datetime_utc": "2026-10-03T02:02:00Z",
        "age_hours": 6,
        "confidence_label": "nominal",
        "popup_label": "<strong>NASA FIRMS<\/strong><br>Sensor: VIIRS_NOAA20_NRT<br>Fecha UTC: 2026-10-03T02:02:00Z<br>Confianza: nominal<br>FRP: 0.49 MW"
      }
    },
    {
      "type": "Feature",
      "geometry": {
        "type": "Point",
        "coordinates": [4.4772, 35.7074]
      },
      "properties": {
        "bright_ti4": 301.52,
        "scan": 0.56,
        "track": 0.43,
        "acq_date": "2026-10-03",
        "acq_time": "0202",
        "satellite": "N20",
        "instrument": "VIIRS",
        "confidence": "n",
        "version": "2.0NRT",
        "bright_ti5": 275.98,
        "frp": 0.6,
        "daynight": "N",
        "source_dataset": "VIIRS_NOAA20_NRT",
        "acq_datetime_utc": "2026-10-03T02:02:00Z",
        "age_hours": 6,
        "confidence_label": "nominal",
        "popup_label": "<strong>NASA FIRMS<\/strong><br>Sensor: VIIRS_NOAA20_NRT<br>Fecha UTC: 2026-10-03T02:02:00Z<br>Confianza: nominal<br>FRP: 0.6 MW"
      }
    },
    {
      "type": "Feature",
      "geometry": {
        "type": "Point",
        "coordinates": [-0.2586, 35.7646]
      },
      "properties": {
        "bright_ti4": 302.47,
        "scan": 0.39,
        "track": 0.36,
        "acq_date": "2026-10-03",
        "acq_time": "0202",
        "satellite": "N20",
        "instrument": "VIIRS",
        "confidence": "n",
        "version": "2.0NRT",
        "bright_ti5": 290.64,
        "frp": 1.35,
        "daynight": "N",
        "source_dataset": "VIIRS_NOAA20_NRT",
        "acq_datetime_utc": "2026-10-03T02:02:00Z",
        "age_hours": 6,
        "confidence_label": "nominal",
        "popup_label": "<strong>NASA FIRMS<\/strong><br>Sensor: VIIRS_NOAA20_NRT<br>Fecha UTC: 2026-10-03T02:02:00Z<br>Confianza: nominal<br>FRP: 1.35 MW"
      }
    },
    {
      "type": "Feature",
      "geometry": {
        "type": "Point",
        "coordinates": [-0.2663, 35.7693]
      },
      "properties": {
        "bright_ti4": 307.33,
        "scan": 0.39,
        "track": 0.36,
        "acq_date": "2026-10-03",
        "acq_time": "0202",
        "satellite": "N20",
        "instrument": "VIIRS",
        "confidence": "n",
        "version": "2.0NRT",
        "bright_ti5": 292.08,
        "frp": 1.63,
        "daynight": "N",
        "source_dataset": "VIIRS_NOAA20_NRT",
        "acq_datetime_utc": "2026-10-03T02:02:00Z",
        "age_hours": 6,
        "confidence_label": "nominal",
        "popup_label": "<strong>NASA FIRMS<\/strong><br>Sensor: VIIRS_NOAA20_NRT<br>Fecha UTC: 2026-10-03T02:02:00Z<br>Confianza: nominal<br>FRP: 1.63 MW"
      }
    },
    {
      "type": "Feature",
      "geometry": {
        "type": "Point",
        "coordinates": [-0.213, 35.805]
      },
      "properties": {
        "bright_ti4": 303.14,
        "scan": 0.39,
        "track": 0.36,
        "acq_date": "2026-10-03",
        "acq_time": "0202",
        "satellite": "N20",
        "instrument": "VIIRS",
        "confidence": "n",
        "version": "2.0NRT",
        "bright_ti5": 289.38,
        "frp": 1.07,
        "daynight": "N",
        "source_dataset": "VIIRS_NOAA20_NRT",
        "acq_datetime_utc": "2026-10-03T02:02:00Z",
        "age_hours": 6,
        "confidence_label": "nominal",
        "popup_label": "<strong>NASA FIRMS<\/strong><br>Sensor: VIIRS_NOAA20_NRT<br>Fecha UTC: 2026-10-03T02:02:00Z<br>Confianza: nominal<br>FRP: 1.07 MW"
      }
    },
    {
      "type": "Feature",
      "geometry": {
        "type": "Point",
        "coordinates": [-0.2572, 35.8055]
      },
      "properties": {
        "bright_ti4": 313.3,
        "scan": 0.39,
        "track": 0.36,
        "acq_date": "2026-10-03",
        "acq_time": "0202",
        "satellite": "N20",
        "instrument": "VIIRS",
        "confidence": "n",
        "version": "2.0NRT",
        "bright_ti5": 289.03,
        "frp": 1.38,
        "daynight": "N",
        "source_dataset": "VIIRS_NOAA20_NRT",
        "acq_datetime_utc": "2026-10-03T02:02:00Z",
        "age_hours": 6,
        "confidence_label": "nominal",
        "popup_label": "<strong>NASA FIRMS<\/strong><br>Sensor: VIIRS_NOAA20_NRT<br>Fecha UTC: 2026-10-03T02:02:00Z<br>Confianza: nominal<br>FRP: 1.38 MW"
      }
    },
    {
      "type": "Feature",
      "geometry": {
        "type": "Point",
        "coordinates": [-0.2436, 35.8067]
      },
      "properties": {
        "bright_ti4": 307.29,
        "scan": 0.39,
        "track": 0.36,
        "acq_date": "2026-10-03",
        "acq_time": "0202",
        "satellite": "N20",
        "instrument": "VIIRS",
        "confidence": "n",
        "version": "2.0NRT",
        "bright_ti5": 288.39,
        "frp": 1.06,
        "daynight": "N",
        "source_dataset": "VIIRS_NOAA20_NRT",
        "acq_datetime_utc": "2026-10-03T02:02:00Z",
        "age_hours": 6,
        "confidence_label": "nominal",
        "popup_label": "<strong>NASA FIRMS<\/strong><br>Sensor: VIIRS_NOAA20_NRT<br>Fecha UTC: 2026-10-03T02:02:00Z<br>Confianza: nominal<br>FRP: 1.06 MW"
      }
    },
    {
      "type": "Feature",
      "geometry": {
        "type": "Point",
        "coordinates": [-0.2521, 35.8081]
      },
      "properties": {
        "bright_ti4": 315.58,
        "scan": 0.39,
        "track": 0.36,
        "acq_date": "2026-10-03",
        "acq_time": "0202",
        "satellite": "N20",
        "instrument": "VIIRS",
        "confidence": "n",
        "version": "2.0NRT",
        "bright_ti5": 288.29,
        "frp": 3.34,
        "daynight": "N",
        "source_dataset": "VIIRS_NOAA20_NRT",
        "acq_datetime_utc": "2026-10-03T02:02:00Z",
        "age_hours": 6,
        "confidence_label": "nominal",
        "popup_label": "<strong>NASA FIRMS<\/strong><br>Sensor: VIIRS_NOAA20_NRT<br>Fecha UTC: 2026-10-03T02:02:00Z<br>Confianza: nominal<br>FRP: 3.34 MW"
      }
    },
    {
      "type": "Feature",
      "geometry": {
        "type": "Point",
        "coordinates": [-0.2563, 35.8088]
      },
      "properties": {
        "bright_ti4": 347.18,
        "scan": 0.39,
        "track": 0.36,
        "acq_date": "2026-10-03",
        "acq_time": "0202",
        "satellite": "N20",
        "instrument": "VIIRS",
        "confidence": "n",
        "version": "2.0NRT",
        "bright_ti5": 291.83,
        "frp": 4.6,
        "daynight": "N",
        "source_dataset": "VIIRS_NOAA20_NRT",
        "acq_datetime_utc": "2026-10-03T02:02:00Z",
        "age_hours": 6,
        "confidence_label": "nominal",
        "popup_label": "<strong>NASA FIRMS<\/strong><br>Sensor: VIIRS_NOAA20_NRT<br>Fecha UTC: 2026-10-03T02:02:00Z<br>Confianza: nominal<br>FRP: 4.6 MW"
      }
    },
    {
      "type": "Feature",
      "geometry": {
        "type": "Point",
        "coordinates": [-0.2385, 35.8092]
      },
      "properties": {
        "bright_ti4": 318.21,
        "scan": 0.39,
        "track": 0.36,
        "acq_date": "2026-10-03",
        "acq_time": "0202",
        "satellite": "N20",
        "instrument": "VIIRS",
        "confidence": "n",
        "version": "2.0NRT",
        "bright_ti5": 288.47,
        "frp": 1.06,
        "daynight": "N",
        "source_dataset": "VIIRS_NOAA20_NRT",
        "acq_datetime_utc": "2026-10-03T02:02:00Z",
        "age_hours": 6,
        "confidence_label": "nominal",
        "popup_label": "<strong>NASA FIRMS<\/strong><br>Sensor: VIIRS_NOAA20_NRT<br>Fecha UTC: 2026-10-03T02:02:00Z<br>Confianza: nominal<br>FRP: 1.06 MW"
      }
    },
    {
      "type": "Feature",
      "geometry": {
        "type": "Point",
        "coordinates": [-0.2555, 35.8121]
      },
      "properties": {
        "bright_ti4": 304.65,
        "scan": 0.39,
        "track": 0.36,
        "acq_date": "2026-10-03",
        "acq_time": "0202",
        "satellite": "N20",
        "instrument": "VIIRS",
        "confidence": "n",
        "version": "2.0NRT",
        "bright_ti5": 289.13,
        "frp": 4.6,
        "daynight": "N",
        "source_dataset": "VIIRS_NOAA20_NRT",
        "acq_datetime_utc": "2026-10-03T02:02:00Z",
        "age_hours": 6,
        "confidence_label": "nominal",
        "popup_label": "<strong>NASA FIRMS<\/strong><br>Sensor: VIIRS_NOAA20_NRT<br>Fecha UTC: 2026-10-03T02:02:00Z<br>Confianza: nominal<br>FRP: 4.6 MW"
      }
    },
    {
      "type": "Feature",
      "geometry": {
        "type": "Point",
        "coordinates": [-0.2682, 35.8142]
      },
      "properties": {
        "bright_ti4": 306.41,
        "scan": 0.39,
        "track": 0.36,
        "acq_date": "2026-10-03",
        "acq_time": "0202",
        "satellite": "N20",
        "instrument": "VIIRS",
        "confidence": "n",
        "version": "2.0NRT",
        "bright_ti5": 289.6,
        "frp": 1.06,
        "daynight": "N",
        "source_dataset": "VIIRS_NOAA20_NRT",
        "acq_datetime_utc": "2026-10-03T02:02:00Z",
        "age_hours": 6,
        "confidence_label": "nominal",
        "popup_label": "<strong>NASA FIRMS<\/strong><br>Sensor: VIIRS_NOAA20_NRT<br>Fecha UTC: 2026-10-03T02:02:00Z<br>Confianza: nominal<br>FRP: 1.06 MW"
      }
    },
    {
      "type": "Feature",
      "geometry": {
        "type": "Point",
        "coordinates": [-0.2725, 35.8149]
      },
      "properties": {
        "bright_ti4": 303.55,
        "scan": 0.39,
        "track": 0.36,
        "acq_date": "2026-10-03",
        "acq_time": "0202",
        "satellite": "N20",
        "instrument": "VIIRS",
        "confidence": "n",
        "version": "2.0NRT",
        "bright_ti5": 289.03,
        "frp": 0.49,
        "daynight": "N",
        "source_dataset": "VIIRS_NOAA20_NRT",
        "acq_datetime_utc": "2026-10-03T02:02:00Z",
        "age_hours": 6,
        "confidence_label": "nominal",
        "popup_label": "<strong>NASA FIRMS<\/strong><br>Sensor: VIIRS_NOAA20_NRT<br>Fecha UTC: 2026-10-03T02:02:00Z<br>Confianza: nominal<br>FRP: 0.49 MW"
      }
    },
    {
      "type": "Feature",
      "geometry": {
        "type": "Point",
        "coordinates": [0.1257, 36.0179]
      },
      "properties": {
        "bright_ti4": 312.04,
        "scan": 0.39,
        "track": 0.36,
        "acq_date": "2026-10-03",
        "acq_time": "0202",
        "satellite": "N20",
        "instrument": "VIIRS",
        "confidence": "n",
        "version": "2.0NRT",
        "bright_ti5": 289.41,
        "frp": 0.77,
        "daynight": "N",
        "source_dataset": "VIIRS_NOAA20_NRT",
        "acq_datetime_utc": "2026-10-03T02:02:00Z",
        "age_hours": 6,
        "confidence_label": "nominal",
        "popup_label": "<strong>NASA FIRMS<\/strong><br>Sensor: VIIRS_NOAA20_NRT<br>Fecha UTC: 2026-10-03T02:02:00Z<br>Confianza: nominal<br>FRP: 0.77 MW"
      }
    },
    {
      "type": "Feature",
      "geometry": {
        "type": "Point",
        "coordinates": [1.2414, 36.1281]
      },
      "properties": {
        "bright_ti4": 319.3,
        "scan": 0.41,
        "track": 0.37,
        "acq_date": "2026-10-03",
        "acq_time": "0202",
        "satellite": "N20",
        "instrument": "VIIRS",
        "confidence": "n",
        "version": "2.0NRT",
        "bright_ti5": 293.6,
        "frp": 2.47,
        "daynight": "N",
        "source_dataset": "VIIRS_NOAA20_NRT",
        "acq_datetime_utc": "2026-10-03T02:02:00Z",
        "age_hours": 6,
        "confidence_label": "nominal",
        "popup_label": "<strong>NASA FIRMS<\/strong><br>Sensor: VIIRS_NOAA20_NRT<br>Fecha UTC: 2026-10-03T02:02:00Z<br>Confianza: nominal<br>FRP: 2.47 MW"
      }
    },
    {
      "type": "Feature",
      "geometry": {
        "type": "Point",
        "coordinates": [-0.5448, 38.3784]
      },
      "properties": {
        "bright_ti4": 306.36,
        "scan": 0.38,
        "track": 0.36,
        "acq_date": "2026-10-03",
        "acq_time": "0200",
        "satellite": "N20",
        "instrument": "VIIRS",
        "confidence": "n",
        "version": "2.0NRT",
        "bright_ti5": 288.45,
        "frp": 1.03,
        "daynight": "N",
        "source_dataset": "VIIRS_NOAA20_NRT",
        "acq_datetime_utc": "2026-10-03T02:00:00Z",
        "age_hours": 6,
        "confidence_label": "nominal",
        "popup_label": "<strong>NASA FIRMS<\/strong><br>Sensor: VIIRS_NOAA20_NRT<br>Fecha UTC: 2026-10-03T02:00:00Z<br>Confianza: nominal<br>FRP: 1.03 MW"
      }
    },
    {
      "type": "Feature",
      "geometry": {
        "type": "Point",
        "coordinates": [1.6602, 41.3122]
      },
      "properties": {
        "bright_ti4": 299.19,
        "scan": 0.39,
        "track": 0.36,
        "acq_date": "2026-10-03",
        "acq_time": "0200",
        "satellite": "N20",
        "instrument": "VIIRS",
        "confidence": "n",
        "version": "2.0NRT",
        "bright_ti5": 272.32,
        "frp": 0.47,
        "daynight": "N",
        "source_dataset": "VIIRS_NOAA20_NRT",
        "acq_datetime_utc": "2026-10-03T02:00:00Z",
        "age_hours": 6,
        "confidence_label": "nominal",
        "popup_label": "<strong>NASA FIRMS<\/strong><br>Sensor: VIIRS_NOAA20_NRT<br>Fecha UTC: 2026-10-03T02:00:00Z<br>Confianza: nominal<br>FRP: 0.47 MW"
      }
    },
    {
      "type": "Feature",
      "geometry": {
        "type": "Point",
        "coordinates": [-2.2186, 43.0415]
      },
      "properties": {
        "bright_ti4": 295.71,
        "scan": 0.43,
        "track": 0.38,
        "acq_date": "2026-10-03",
        "acq_time": "0200",
        "satellite": "N20",
        "instrument": "VIIRS",
        "confidence": "n",
        "version": "2.0NRT",
        "bright_ti5": 281.98,
        "frp": 0.56,
        "daynight": "N",
        "source_dataset": "VIIRS_NOAA20_NRT",
        "acq_datetime_utc": "2026-10-03T02:00:00Z",
        "age_hours": 6,
        "confidence_label": "nominal",
        "popup_label": "<strong>NASA FIRMS<\/strong><br>Sensor: VIIRS_NOAA20_NRT<br>Fecha UTC: 2026-10-03T02:00:00Z<br>Confianza: nominal<br>FRP: 0.56 MW"
      }
    },
    {
      "type": "Feature",
      "geometry": {
        "type": "Point",
        "coordinates": [4.8955, 43.4318]
      },
      "properties": {
        "bright_ti4": 303.33,
        "scan": 0.44,
        "track": 0.38,
        "acq_date": "2026-10-03",
        "acq_time": "0158",
        "satellite": "N20",
        "instrument": "VIIRS",
        "confidence": "n",
        "version": "2.0NRT",
        "bright_ti5": 287.46,
        "frp": 0.87,
        "daynight": "N",
        "source_dataset": "VIIRS_NOAA20_NRT",
        "acq_datetime_utc": "2026-10-03T01:58:00Z",
        "age_hours": 6.1,
        "confidence_label": "nominal",
        "popup_label": "<strong>NASA FIRMS<\/strong><br>Sensor: VIIRS_NOAA20_NRT<br>Fecha UTC: 2026-10-03T01:58:00Z<br>Confianza: nominal<br>FRP: 0.87 MW"
      }
    },
    {
      "type": "Feature",
      "geometry": {
        "type": "Point",
        "coordinates": [4.8915, 43.4362]
      },
      "properties": {
        "bright_ti4": 301.44,
        "scan": 0.44,
        "track": 0.38,
        "acq_date": "2026-10-03",
        "acq_time": "0158",
        "satellite": "N20",
        "instrument": "VIIRS",
        "confidence": "n",
        "version": "2.0NRT",
        "bright_ti5": 287.69,
        "frp": 1.06,
        "daynight": "N",
        "source_dataset": "VIIRS_NOAA20_NRT",
        "acq_datetime_utc": "2026-10-03T01:58:00Z",
        "age_hours": 6.1,
        "confidence_label": "nominal",
        "popup_label": "<strong>NASA FIRMS<\/strong><br>Sensor: VIIRS_NOAA20_NRT<br>Fecha UTC: 2026-10-03T01:58:00Z<br>Confianza: nominal<br>FRP: 1.06 MW"
      }
    },
    {
      "type": "Feature",
      "geometry": {
        "type": "Point",
        "coordinates": [4.8863, 43.4372]
      },
      "properties": {
        "bright_ti4": 311.56,
        "scan": 0.44,
        "track": 0.38,
        "acq_date": "2026-10-03",
        "acq_time": "0158",
        "satellite": "N20",
        "instrument": "VIIRS",
        "confidence": "n",
        "version": "2.0NRT",
        "bright_ti5": 287.93,
        "frp": 1.06,
        "daynight": "N",
        "source_dataset": "VIIRS_NOAA20_NRT",
        "acq_datetime_utc": "2026-10-03T01:58:00Z",
        "age_hours": 6.1,
        "confidence_label": "nominal",
        "popup_label": "<strong>NASA FIRMS<\/strong><br>Sensor: VIIRS_NOAA20_NRT<br>Fecha UTC: 2026-10-03T01:58:00Z<br>Confianza: nominal<br>FRP: 1.06 MW"
      }
    },
    {
      "type": "Feature",
      "geometry": {
        "type": "Point",
        "coordinates": [4.881, 43.4382]
      },
      "properties": {
        "bright_ti4": 301.18,
        "scan": 0.44,
        "track": 0.38,
        "acq_date": "2026-10-03",
        "acq_time": "0158",
        "satellite": "N20",
        "instrument": "VIIRS",
        "confidence": "n",
        "version": "2.0NRT",
        "bright_ti5": 288.25,
        "frp": 0.69,
        "daynight": "N",
        "source_dataset": "VIIRS_NOAA20_NRT",
        "acq_datetime_utc": "2026-10-03T01:58:00Z",
        "age_hours": 6.1,
        "confidence_label": "nominal",
        "popup_label": "<strong>NASA FIRMS<\/strong><br>Sensor: VIIRS_NOAA20_NRT<br>Fecha UTC: 2026-10-03T01:58:00Z<br>Confianza: nominal<br>FRP: 0.69 MW"
      }
    },
    {
      "type": "Feature",
      "geometry": {
        "type": "Point",
        "coordinates": [4.8927, 43.4396]
      },
      "properties": {
        "bright_ti4": 305.21,
        "scan": 0.44,
        "track": 0.38,
        "acq_date": "2026-10-03",
        "acq_time": "0158",
        "satellite": "N20",
        "instrument": "VIIRS",
        "confidence": "n",
        "version": "2.0NRT",
        "bright_ti5": 287.76,
        "frp": 0.93,
        "daynight": "N",
        "source_dataset": "VIIRS_NOAA20_NRT",
        "acq_datetime_utc": "2026-10-03T01:58:00Z",
        "age_hours": 6.1,
        "confidence_label": "nominal",
        "popup_label": "<strong>NASA FIRMS<\/strong><br>Sensor: VIIRS_NOAA20_NRT<br>Fecha UTC: 2026-10-03T01:58:00Z<br>Confianza: nominal<br>FRP: 0.93 MW"
      }
    },
    {
      "type": "Feature",
      "geometry": {
        "type": "Point",
        "coordinates": [4.8875, 43.4406]
      },
      "properties": {
        "bright_ti4": 305.06,
        "scan": 0.44,
        "track": 0.38,
        "acq_date": "2026-10-03",
        "acq_time": "0158",
        "satellite": "N20",
        "instrument": "VIIRS",
        "confidence": "n",
        "version": "2.0NRT",
        "bright_ti5": 287.03,
        "frp": 0.93,
        "daynight": "N",
        "source_dataset": "VIIRS_NOAA20_NRT",
        "acq_datetime_utc": "2026-10-03T01:58:00Z",
        "age_hours": 6.1,
        "confidence_label": "nominal",
        "popup_label": "<strong>NASA FIRMS<\/strong><br>Sensor: VIIRS_NOAA20_NRT<br>Fecha UTC: 2026-10-03T01:58:00Z<br>Confianza: nominal<br>FRP: 0.93 MW"
      }
    },
    {
      "type": "Feature",
      "geometry": {
        "type": "Point",
        "coordinates": [4.8822, 43.4416]
      },
      "properties": {
        "bright_ti4": 310.35,
        "scan": 0.44,
        "track": 0.38,
        "acq_date": "2026-10-03",
        "acq_time": "0158",
        "satellite": "N20",
        "instrument": "VIIRS",
        "confidence": "n",
        "version": "2.0NRT",
        "bright_ti5": 286.75,
        "frp": 1.19,
        "daynight": "N",
        "source_dataset": "VIIRS_NOAA20_NRT",
        "acq_datetime_utc": "2026-10-03T01:58:00Z",
        "age_hours": 6.1,
        "confidence_label": "nominal",
        "popup_label": "<strong>NASA FIRMS<\/strong><br>Sensor: VIIRS_NOAA20_NRT<br>Fecha UTC: 2026-10-03T01:58:00Z<br>Confianza: nominal<br>FRP: 1.19 MW"
      }
    },
    {
      "type": "Feature",
      "geometry": {
        "type": "Point",
        "coordinates": [4.9005, 43.4455]
      },
      "properties": {
        "bright_ti4": 328.01,
        "scan": 0.44,
        "track": 0.38,
        "acq_date": "2026-10-03",
        "acq_time": "0158",
        "satellite": "N20",
        "instrument": "VIIRS",
        "confidence": "n",
        "version": "2.0NRT",
        "bright_ti5": 287.87,
        "frp": 2.49,
        "daynight": "N",
        "source_dataset": "VIIRS_NOAA20_NRT",
        "acq_datetime_utc": "2026-10-03T01:58:00Z",
        "age_hours": 6.1,
        "confidence_label": "nominal",
        "popup_label": "<strong>NASA FIRMS<\/strong><br>Sensor: VIIRS_NOAA20_NRT<br>Fecha UTC: 2026-10-03T01:58:00Z<br>Confianza: nominal<br>FRP: 2.49 MW"
      }
    },
    {
      "type": "Feature",
      "geometry": {
        "type": "Point",
        "coordinates": [4.8952, 43.4465]
      },
      "properties": {
        "bright_ti4": 305.55,
        "scan": 0.44,
        "track": 0.38,
        "acq_date": "2026-10-03",
        "acq_time": "0158",
        "satellite": "N20",
        "instrument": "VIIRS",
        "confidence": "n",
        "version": "2.0NRT",
        "bright_ti5": 287.18,
        "frp": 2.07,
        "daynight": "N",
        "source_dataset": "VIIRS_NOAA20_NRT",
        "acq_datetime_utc": "2026-10-03T01:58:00Z",
        "age_hours": 6.1,
        "confidence_label": "nominal",
        "popup_label": "<strong>NASA FIRMS<\/strong><br>Sensor: VIIRS_NOAA20_NRT<br>Fecha UTC: 2026-10-03T01:58:00Z<br>Confianza: nominal<br>FRP: 2.07 MW"
      }
    },
    {
      "type": "Feature",
      "geometry": {
        "type": "Point",
        "coordinates": [-3.8946, 39.6607]
      },
      "properties": {
        "bright_ti4": 334.15,
        "scan": 0.56,
        "track": 0.43,
        "acq_date": "2026-10-02",
        "acq_time": "1342",
        "satellite": "N20",
        "instrument": "VIIRS",
        "confidence": "n",
        "version": "2.0NRT",
        "bright_ti5": 292.51,
        "frp": 10.8,
        "daynight": "D",
        "source_dataset": "VIIRS_NOAA20_NRT",
        "acq_datetime_utc": "2026-10-02T13:42:00Z",
        "age_hours": 18.3,
        "confidence_label": "nominal",
        "popup_label": "<strong>NASA FIRMS<\/strong><br>Sensor: VIIRS_NOAA20_NRT<br>Fecha UTC: 2026-10-02T13:42:00Z<br>Confianza: nominal<br>FRP: 10.8 MW"
      }
    },
    {
      "type": "Feature",
      "geometry": {
        "type": "Point",
        "coordinates": [-3.4739, 40.2454]
      },
      "properties": {
        "bright_ti4": 328.92,
        "scan": 0.4,
        "track": 0.44,
        "acq_date": "2026-10-02",
        "acq_time": "1342",
        "satellite": "N20",
        "instrument": "VIIRS",
        "confidence": "n",
        "version": "2.0NRT",
        "bright_ti5": 295.38,
        "frp": 2.96,
        "daynight": "D",
        "source_dataset": "VIIRS_NOAA20_NRT",
        "acq_datetime_utc": "2026-10-02T13:42:00Z",
        "age_hours": 18.3,
        "confidence_label": "nominal",
        "popup_label": "<strong>NASA FIRMS<\/strong><br>Sensor: VIIRS_NOAA20_NRT<br>Fecha UTC: 2026-10-02T13:42:00Z<br>Confianza: nominal<br>FRP: 2.96 MW"
      }
    },
    {
      "type": "Feature",
      "geometry": {
        "type": "Point",
        "coordinates": [3.9899, 32.2757]
      },
      "properties": {
        "bright_ti4": 354.59,
        "scan": 0.42,
        "track": 0.61,
        "acq_date": "2026-10-02",
        "acq_time": "1340",
        "satellite": "N20",
        "instrument": "VIIRS",
        "confidence": "n",
        "version": "2.0NRT",
        "bright_ti5": 299.71,
        "frp": 4.52,
        "daynight": "D",
        "source_dataset": "VIIRS_NOAA20_NRT",
        "acq_datetime_utc": "2026-10-02T13:40:00Z",
        "age_hours": 18.4,
        "confidence_label": "nominal",
        "popup_label": "<strong>NASA FIRMS<\/strong><br>Sensor: VIIRS_NOAA20_NRT<br>Fecha UTC: 2026-10-02T13:40:00Z<br>Confianza: nominal<br>FRP: 4.52 MW"
      }
    },
    {
      "type": "Feature",
      "geometry": {
        "type": "Point",
        "coordinates": [-6.152, 34.6124]
      },
      "properties": {
        "bright_ti4": 333.96,
        "scan": 0.41,
        "track": 0.37,
        "acq_date": "2026-10-02",
        "acq_time": "1340",
        "satellite": "N20",
        "instrument": "VIIRS",
        "confidence": "n",
        "version": "2.0NRT",
        "bright_ti5": 300.15,
        "frp": 2.57,
        "daynight": "D",
        "source_dataset": "VIIRS_NOAA20_NRT",
        "acq_datetime_utc": "2026-10-02T13:40:00Z",
        "age_hours": 18.4,
        "confidence_label": "nominal",
        "popup_label": "<strong>NASA FIRMS<\/strong><br>Sensor: VIIRS_NOAA20_NRT<br>Fecha UTC: 2026-10-02T13:40:00Z<br>Confianza: nominal<br>FRP: 2.57 MW"
      }
    },
    {
      "type": "Feature",
      "geometry": {
        "type": "Point",
        "coordinates": [3.3986, 35.7571]
      },
      "properties": {
        "bright_ti4": 332.13,
        "scan": 0.42,
        "track": 0.61,
        "acq_date": "2026-10-02",
        "acq_time": "1340",
        "satellite": "N20",
        "instrument": "VIIRS",
        "confidence": "n",
        "version": "2.0NRT",
        "bright_ti5": 296.37,
        "frp": 1.31,
        "daynight": "D",
        "source_dataset": "VIIRS_NOAA20_NRT",
        "acq_datetime_utc": "2026-10-02T13:40:00Z",
        "age_hours": 18.4,
        "confidence_label": "nominal",
        "popup_label": "<strong>NASA FIRMS<\/strong><br>Sensor: VIIRS_NOAA20_NRT<br>Fecha UTC: 2026-10-02T13:40:00Z<br>Confianza: nominal<br>FRP: 1.31 MW"
      }
    },
    {
      "type": "Feature",
      "geometry": {
        "type": "Point",
        "coordinates": [-5.0995, 37.5436]
      },
      "properties": {
        "bright_ti4": 339.21,
        "scan": 0.47,
        "track": 0.4,
        "acq_date": "2026-10-02",
        "acq_time": "1340",
        "satellite": "N20",
        "instrument": "VIIRS",
        "confidence": "n",
        "version": "2.0NRT",
        "bright_ti5": 285.6,
        "frp": 5.82,
        "daynight": "D",
        "source_dataset": "VIIRS_NOAA20_NRT",
        "acq_datetime_utc": "2026-10-02T13:40:00Z",
        "age_hours": 18.4,
        "confidence_label": "nominal",
        "popup_label": "<strong>NASA FIRMS<\/strong><br>Sensor: VIIRS_NOAA20_NRT<br>Fecha UTC: 2026-10-02T13:40:00Z<br>Confianza: nominal<br>FRP: 5.82 MW"
      }
    },
    {
      "type": "Feature",
      "geometry": {
        "type": "Point",
        "coordinates": [-5.6151, 38.3336]
      },
      "properties": {
        "bright_ti4": 344.61,
        "scan": 0.46,
        "track": 0.39,
        "acq_date": "2026-10-02",
        "acq_time": "1340",
        "satellite": "N20",
        "instrument": "VIIRS",
        "confidence": "n",
        "version": "2.0NRT",
        "bright_ti5": 297.54,
        "frp": 7.36,
        "daynight": "D",
        "source_dataset": "VIIRS_NOAA20_NRT",
        "acq_datetime_utc": "2026-10-02T13:40:00Z",
        "age_hours": 18.4,
        "confidence_label": "nominal",
        "popup_label": "<strong>NASA FIRMS<\/strong><br>Sensor: VIIRS_NOAA20_NRT<br>Fecha UTC: 2026-10-02T13:40:00Z<br>Confianza: nominal<br>FRP: 7.36 MW"
      }
    },
    {
      "type": "Feature",
      "geometry": {
        "type": "Point",
        "coordinates": [-5.6158, 38.3372]
      },
      "properties": {
        "bright_ti4": 337.36,
        "scan": 0.46,
        "track": 0.39,
        "acq_date": "2026-10-02",
        "acq_time": "1340",
        "satellite": "N20",
        "instrument": "VIIRS",
        "confidence": "n",
        "version": "2.0NRT",
        "bright_ti5": 296.32,
        "frp": 7.36,
        "daynight": "D",
        "source_dataset": "VIIRS_NOAA20_NRT",
        "acq_datetime_utc": "2026-10-02T13:40:00Z",
        "age_hours": 18.4,
        "confidence_label": "nominal",
        "popup_label": "<strong>NASA FIRMS<\/strong><br>Sensor: VIIRS_NOAA20_NRT<br>Fecha UTC: 2026-10-02T13:40:00Z<br>Confianza: nominal<br>FRP: 7.36 MW"
      }
    },
    {
      "type": "Feature",
      "geometry": {
        "type": "Point",
        "coordinates": [-0.5182, 28.1979]
      },
      "properties": {
        "bright_ti4": 344.25,
        "scan": 0.41,
        "track": 0.45,
        "acq_date": "2026-10-02",
        "acq_time": "1338",
        "satellite": "N20",
        "instrument": "VIIRS",
        "confidence": "n",
        "version": "2.0NRT",
        "bright_ti5": 311.94,
        "frp": 4.3,
        "daynight": "D",
        "source_dataset": "VIIRS_NOAA20_NRT",
        "acq_datetime_utc": "2026-10-02T13:38:00Z",
        "age_hours": 18.4,
        "confidence_label": "nominal",
        "popup_label": "<strong>NASA FIRMS<\/strong><br>Sensor: VIIRS_NOAA20_NRT<br>Fecha UTC: 2026-10-02T13:38:00Z<br>Confianza: nominal<br>FRP: 4.3 MW"
      }
    },
    {
      "type": "Feature",
      "geometry": {
        "type": "Point",
        "coordinates": [-0.5148, 28.2]
      },
      "properties": {
        "bright_ti4": 343.59,
        "scan": 0.41,
        "track": 0.45,
        "acq_date": "2026-10-02",
        "acq_time": "1338",
        "satellite": "N20",
        "instrument": "VIIRS",
        "confidence": "n",
        "version": "2.0NRT",
        "bright_ti5": 311.51,
        "frp": 4.31,
        "daynight": "D",
        "source_dataset": "VIIRS_NOAA20_NRT",
        "acq_datetime_utc": "2026-10-02T13:38:00Z",
        "age_hours": 18.4,
        "confidence_label": "nominal",
        "popup_label": "<strong>NASA FIRMS<\/strong><br>Sensor: VIIRS_NOAA20_NRT<br>Fecha UTC: 2026-10-02T13:38:00Z<br>Confianza: nominal<br>FRP: 4.31 MW"
      }
    },
    {
      "type": "Feature",
      "geometry": {
        "type": "Point",
        "coordinates": [3.9866, 32.2766]
      },
      "properties": {
        "bright_ti4": 338.96,
        "scan": 0.53,
        "track": 0.67,
        "acq_date": "2026-10-02",
        "acq_time": "1157",
        "satellite": "N20",
        "instrument": "VIIRS",
        "confidence": "n",
        "version": "2.0NRT",
        "bright_ti5": 297.37,
        "frp": 4.54,
        "daynight": "D",
        "source_dataset": "VIIRS_NOAA20_NRT",
        "acq_datetime_utc": "2026-10-02T11:57:00Z",
        "age_hours": 20.1,
        "confidence_label": "nominal",
        "popup_label": "<strong>NASA FIRMS<\/strong><br>Sensor: VIIRS_NOAA20_NRT<br>Fecha UTC: 2026-10-02T11:57:00Z<br>Confianza: nominal<br>FRP: 4.54 MW"
      }
    },
    {
      "type": "Feature",
      "geometry": {
        "type": "Point",
        "coordinates": [3.9889, 32.2771]
      },
      "properties": {
        "bright_ti4": 356.45,
        "scan": 0.53,
        "track": 0.67,
        "acq_date": "2026-10-02",
        "acq_time": "1157",
        "satellite": "N20",
        "instrument": "VIIRS",
        "confidence": "n",
        "version": "2.0NRT",
        "bright_ti5": 298.54,
        "frp": 7.5,
        "daynight": "D",
        "source_dataset": "VIIRS_NOAA20_NRT",
        "acq_datetime_utc": "2026-10-02T11:57:00Z",
        "age_hours": 20.1,
        "confidence_label": "nominal",
        "popup_label": "<strong>NASA FIRMS<\/strong><br>Sensor: VIIRS_NOAA20_NRT<br>Fecha UTC: 2026-10-02T11:57:00Z<br>Confianza: nominal<br>FRP: 7.5 MW"
      }
    },
    {
      "type": "Feature",
      "geometry": {
        "type": "Point",
        "coordinates": [3.992, 32.278]
      },
      "properties": {
        "bright_ti4": 347.26,
        "scan": 0.53,
        "track": 0.67,
        "acq_date": "2026-10-02",
        "acq_time": "1157",
        "satellite": "N20",
        "instrument": "VIIRS",
        "confidence": "n",
        "version": "2.0NRT",
        "bright_ti5": 297.22,
        "frp": 4.54,
        "daynight": "D",
        "source_dataset": "VIIRS_NOAA20_NRT",
        "acq_datetime_utc": "2026-10-02T11:57:00Z",
        "age_hours": 20.1,
        "confidence_label": "nominal",
        "popup_label": "<strong>NASA FIRMS<\/strong><br>Sensor: VIIRS_NOAA20_NRT<br>Fecha UTC: 2026-10-02T11:57:00Z<br>Confianza: nominal<br>FRP: 4.54 MW"
      }
    },
    {
      "type": "Feature",
      "geometry": {
        "type": "Point",
        "coordinates": [3.1709, 32.5555]
      },
      "properties": {
        "bright_ti4": 347.3,
        "scan": 0.58,
        "track": 0.7,
        "acq_date": "2026-10-02",
        "acq_time": "1157",
        "satellite": "N20",
        "instrument": "VIIRS",
        "confidence": "n",
        "version": "2.0NRT",
        "bright_ti5": 295.77,
        "frp": 5.26,
        "daynight": "D",
        "source_dataset": "VIIRS_NOAA20_NRT",
        "acq_datetime_utc": "2026-10-02T11:57:00Z",
        "age_hours": 20.1,
        "confidence_label": "nominal",
        "popup_label": "<strong>NASA FIRMS<\/strong><br>Sensor: VIIRS_NOAA20_NRT<br>Fecha UTC: 2026-10-02T11:57:00Z<br>Confianza: nominal<br>FRP: 5.26 MW"
      }
    },
    {
      "type": "Feature",
      "geometry": {
        "type": "Point",
        "coordinates": [-13.1854, 27.1045]
      },
      "properties": {
        "bright_ti4": 307.52,
        "scan": 0.53,
        "track": 0.42,
        "acq_date": "2026-10-02",
        "acq_time": "0221",
        "satellite": "N20",
        "instrument": "VIIRS",
        "confidence": "n",
        "version": "2.0NRT",
        "bright_ti5": 291.83,
        "frp": 0.85,
        "daynight": "N",
        "source_dataset": "VIIRS_NOAA20_NRT",
        "acq_datetime_utc": "2026-10-02T02:21:00Z",
        "age_hours": 29.7,
        "confidence_label": "nominal",
        "popup_label": "<strong>NASA FIRMS<\/strong><br>Sensor: VIIRS_NOAA20_NRT<br>Fecha UTC: 2026-10-02T02:21:00Z<br>Confianza: nominal<br>FRP: 0.85 MW"
      }
    },
    {
      "type": "Feature",
      "geometry": {
        "type": "Point",
        "coordinates": [-0.5189, 28.201]
      },
      "properties": {
        "bright_ti4": 328.83,
        "scan": 0.5,
        "track": 0.49,
        "acq_date": "2026-10-02",
        "acq_time": "0221",
        "satellite": "N20",
        "instrument": "VIIRS",
        "confidence": "n",
        "version": "2.0NRT",
        "bright_ti5": 291.45,
        "frp": 2.68,
        "daynight": "N",
        "source_dataset": "VIIRS_NOAA20_NRT",
        "acq_datetime_utc": "2026-10-02T02:21:00Z",
        "age_hours": 29.7,
        "confidence_label": "nominal",
        "popup_label": "<strong>NASA FIRMS<\/strong><br>Sensor: VIIRS_NOAA20_NRT<br>Fecha UTC: 2026-10-02T02:21:00Z<br>Confianza: nominal<br>FRP: 2.68 MW"
      }
    },
    {
      "type": "Feature",
      "geometry": {
        "type": "Point",
        "coordinates": [-0.1592, 28.2138]
      },
      "properties": {
        "bright_ti4": 301.7,
        "scan": 0.53,
        "track": 0.5,
        "acq_date": "2026-10-02",
        "acq_time": "0221",
        "satellite": "N20",
        "instrument": "VIIRS",
        "confidence": "n",
        "version": "2.0NRT",
        "bright_ti5": 291.24,
        "frp": 0.69,
        "daynight": "N",
        "source_dataset": "VIIRS_NOAA20_NRT",
        "acq_datetime_utc": "2026-10-02T02:21:00Z",
        "age_hours": 29.7,
        "confidence_label": "nominal",
        "popup_label": "<strong>NASA FIRMS<\/strong><br>Sensor: VIIRS_NOAA20_NRT<br>Fecha UTC: 2026-10-02T02:21:00Z<br>Confianza: nominal<br>FRP: 0.69 MW"
      }
    },
    {
      "type": "Feature",
      "geometry": {
        "type": "Point",
        "coordinates": [-9.7373, 29.6933]
      },
      "properties": {
        "bright_ti4": 303.95,
        "scan": 0.41,
        "track": 0.37,
        "acq_date": "2026-10-02",
        "acq_time": "0221",
        "satellite": "N20",
        "instrument": "VIIRS",
        "confidence": "n",
        "version": "2.0NRT",
        "bright_ti5": 286.98,
        "frp": 0.25,
        "daynight": "N",
        "source_dataset": "VIIRS_NOAA20_NRT",
        "acq_datetime_utc": "2026-10-02T02:21:00Z",
        "age_hours": 29.7,
        "confidence_label": "nominal",
        "popup_label": "<strong>NASA FIRMS<\/strong><br>Sensor: VIIRS_NOAA20_NRT<br>Fecha UTC: 2026-10-02T02:21:00Z<br>Confianza: nominal<br>FRP: 0.25 MW"
      }
    },
    {
      "type": "Feature",
      "geometry": {
        "type": "Point",
        "coordinates": [-9.1508, 30.2213]
      },
      "properties": {
        "bright_ti4": 304.08,
        "scan": 0.4,
        "track": 0.37,
        "acq_date": "2026-10-02",
        "acq_time": "0221",
        "satellite": "N20",
        "instrument": "VIIRS",
        "confidence": "n",
        "version": "2.0NRT",
        "bright_ti5": 293.32,
        "frp": 0.71,
        "daynight": "N",
        "source_dataset": "VIIRS_NOAA20_NRT",
        "acq_datetime_utc": "2026-10-02T02:21:00Z",
        "age_hours": 29.7,
        "confidence_label": "nominal",
        "popup_label": "<strong>NASA FIRMS<\/strong><br>Sensor: VIIRS_NOAA20_NRT<br>Fecha UTC: 2026-10-02T02:21:00Z<br>Confianza: nominal<br>FRP: 0.71 MW"
      }
    },
    {
      "type": "Feature",
      "geometry": {
        "type": "Point",
        "coordinates": [3.9868, 32.274]
      },
      "properties": {
        "bright_ti4": 331.31,
        "scan": 0.38,
        "track": 0.58,
        "acq_date": "2026-10-02",
        "acq_time": "0219",
        "satellite": "N20",
        "instrument": "VIIRS",
        "confidence": "n",
        "version": "2.0NRT",
        "bright_ti5": 288.37,
        "frp": 3.21,
        "daynight": "N",
        "source_dataset": "VIIRS_NOAA20_NRT",
        "acq_datetime_utc": "2026-10-02T02:19:00Z",
        "age_hours": 29.7,
        "confidence_label": "nominal",
        "popup_label": "<strong>NASA FIRMS<\/strong><br>Sensor: VIIRS_NOAA20_NRT<br>Fecha UTC: 2026-10-02T02:19:00Z<br>Confianza: nominal<br>FRP: 3.21 MW"
      }
    },
    {
      "type": "Feature",
      "geometry": {
        "type": "Point",
        "coordinates": [3.983, 32.2749]
      },
      "properties": {
        "bright_ti4": 314.92,
        "scan": 0.37,
        "track": 0.58,
        "acq_date": "2026-10-02",
        "acq_time": "0219",
        "satellite": "N20",
        "instrument": "VIIRS",
        "confidence": "n",
        "version": "2.0NRT",
        "bright_ti5": 287.95,
        "frp": 3.21,
        "daynight": "N",
        "source_dataset": "VIIRS_NOAA20_NRT",
        "acq_datetime_utc": "2026-10-02T02:19:00Z",
        "age_hours": 29.7,
        "confidence_label": "nominal",
        "popup_label": "<strong>NASA FIRMS<\/strong><br>Sensor: VIIRS_NOAA20_NRT<br>Fecha UTC: 2026-10-02T02:19:00Z<br>Confianza: nominal<br>FRP: 3.21 MW"
      }
    },
    {
      "type": "Feature",
      "geometry": {
        "type": "Point",
        "coordinates": [3.9886, 32.2792]
      },
      "properties": {
        "bright_ti4": 351.58,
        "scan": 0.38,
        "track": 0.58,
        "acq_date": "2026-10-02",
        "acq_time": "0219",
        "satellite": "N20",
        "instrument": "VIIRS",
        "confidence": "n",
        "version": "2.0NRT",
        "bright_ti5": 291.01,
        "frp": 3.21,
        "daynight": "N",
        "source_dataset": "VIIRS_NOAA20_NRT",
        "acq_datetime_utc": "2026-10-02T02:19:00Z",
        "age_hours": 29.7,
        "confidence_label": "nominal",
        "popup_label": "<strong>NASA FIRMS<\/strong><br>Sensor: VIIRS_NOAA20_NRT<br>Fecha UTC: 2026-10-02T02:19:00Z<br>Confianza: nominal<br>FRP: 3.21 MW"
      }
    },
    {
      "type": "Feature",
      "geometry": {
        "type": "Point",
        "coordinates": [3.9847, 32.2801]
      },
      "properties": {
        "bright_ti4": 315.58,
        "scan": 0.37,
        "track": 0.58,
        "acq_date": "2026-10-02",
        "acq_time": "0219",
        "satellite": "N20",
        "instrument": "VIIRS",
        "confidence": "n",
        "version": "2.0NRT",
        "bright_ti5": 287.61,
        "frp": 3.21,
        "daynight": "N",
        "source_dataset": "VIIRS_NOAA20_NRT",
        "acq_datetime_utc": "2026-10-02T02:19:00Z",
        "age_hours": 29.7,
        "confidence_label": "nominal",
        "popup_label": "<strong>NASA FIRMS<\/strong><br>Sensor: VIIRS_NOAA20_NRT<br>Fecha UTC: 2026-10-02T02:19:00Z<br>Confianza: nominal<br>FRP: 3.21 MW"
      }
    },
    {
      "type": "Feature",
      "geometry": {
        "type": "Point",
        "coordinates": [4.0058, 32.4015]
      },
      "properties": {
        "bright_ti4": 305.93,
        "scan": 0.37,
        "track": 0.58,
        "acq_date": "2026-10-02",
        "acq_time": "0219",
        "satellite": "N20",
        "instrument": "VIIRS",
        "confidence": "n",
        "version": "2.0NRT",
        "bright_ti5": 288.19,
        "frp": 1.19,
        "daynight": "N",
        "source_dataset": "VIIRS_NOAA20_NRT",
        "acq_datetime_utc": "2026-10-02T02:19:00Z",
        "age_hours": 29.7,
        "confidence_label": "nominal",
        "popup_label": "<strong>NASA FIRMS<\/strong><br>Sensor: VIIRS_NOAA20_NRT<br>Fecha UTC: 2026-10-02T02:19:00Z<br>Confianza: nominal<br>FRP: 1.19 MW"
      }
    },
    {
      "type": "Feature",
      "geometry": {
        "type": "Point",
        "coordinates": [4.007, 32.4026]
      },
      "properties": {
        "bright_ti4": 300.81,
        "scan": 0.37,
        "track": 0.58,
        "acq_date": "2026-10-02",
        "acq_time": "0219",
        "satellite": "N20",
        "instrument": "VIIRS",
        "confidence": "n",
        "version": "2.0NRT",
        "bright_ti5": 287.67,
        "frp": 0.97,
        "daynight": "N",
        "source_dataset": "VIIRS_NOAA20_NRT",
        "acq_datetime_utc": "2026-10-02T02:19:00Z",
        "age_hours": 29.7,
        "confidence_label": "nominal",
        "popup_label": "<strong>NASA FIRMS<\/strong><br>Sensor: VIIRS_NOAA20_NRT<br>Fecha UTC: 2026-10-02T02:19:00Z<br>Confianza: nominal<br>FRP: 0.97 MW"
      }
    },
    {
      "type": "Feature",
      "geometry": {
        "type": "Point",
        "coordinates": [3.1663, 32.5539]
      },
      "properties": {
        "bright_ti4": 349.08,
        "scan": 0.33,
        "track": 0.55,
        "acq_date": "2026-10-02",
        "acq_time": "0219",
        "satellite": "N20",
        "instrument": "VIIRS",
        "confidence": "n",
        "version": "2.0NRT",
        "bright_ti5": 287.18,
        "frp": 4.45,
        "daynight": "N",
        "source_dataset": "VIIRS_NOAA20_NRT",
        "acq_datetime_utc": "2026-10-02T02:19:00Z",
        "age_hours": 29.7,
        "confidence_label": "nominal",
        "popup_label": "<strong>NASA FIRMS<\/strong><br>Sensor: VIIRS_NOAA20_NRT<br>Fecha UTC: 2026-10-02T02:19:00Z<br>Confianza: nominal<br>FRP: 4.45 MW"
      }
    },
    {
      "type": "Feature",
      "geometry": {
        "type": "Point",
        "coordinates": [3.1834, 32.7452]
      },
      "properties": {
        "bright_ti4": 299.39,
        "scan": 0.33,
        "track": 0.55,
        "acq_date": "2026-10-02",
        "acq_time": "0219",
        "satellite": "N20",
        "instrument": "VIIRS",
        "confidence": "n",
        "version": "2.0NRT",
        "bright_ti5": 285.5,
        "frp": 0.59,
        "daynight": "N",
        "source_dataset": "VIIRS_NOAA20_NRT",
        "acq_datetime_utc": "2026-10-02T02:19:00Z",
        "age_hours": 29.7,
        "confidence_label": "nominal",
        "popup_label": "<strong>NASA FIRMS<\/strong><br>Sensor: VIIRS_NOAA20_NRT<br>Fecha UTC: 2026-10-02T02:19:00Z<br>Confianza: nominal<br>FRP: 0.59 MW"
      }
    },
    {
      "type": "Feature",
      "geometry": {
        "type": "Point",
        "coordinates": [3.18, 32.746]
      },
      "properties": {
        "bright_ti4": 305.33,
        "scan": 0.33,
        "track": 0.55,
        "acq_date": "2026-10-02",
        "acq_time": "0219",
        "satellite": "N20",
        "instrument": "VIIRS",
        "confidence": "n",
        "version": "2.0NRT",
        "bright_ti5": 285.82,
        "frp": 0.59,
        "daynight": "N",
        "source_dataset": "VIIRS_NOAA20_NRT",
        "acq_datetime_utc": "2026-10-02T02:19:00Z",
        "age_hours": 29.7,
        "confidence_label": "nominal",
        "popup_label": "<strong>NASA FIRMS<\/strong><br>Sensor: VIIRS_NOAA20_NRT<br>Fecha UTC: 2026-10-02T02:19:00Z<br>Confianza: nominal<br>FRP: 0.59 MW"
      }
    },
    {
      "type": "Feature",
      "geometry": {
        "type": "Point",
        "coordinates": [3.1817, 32.7509]
      },
      "properties": {
        "bright_ti4": 296.1,
        "scan": 0.33,
        "track": 0.55,
        "acq_date": "2026-10-02",
        "acq_time": "0219",
        "satellite": "N20",
        "instrument": "VIIRS",
        "confidence": "n",
        "version": "2.0NRT",
        "bright_ti5": 284.88,
        "frp": 0.36,
        "daynight": "N",
        "source_dataset": "VIIRS_NOAA20_NRT",
        "acq_datetime_utc": "2026-10-02T02:19:00Z",
        "age_hours": 29.7,
        "confidence_label": "nominal",
        "popup_label": "<strong>NASA FIRMS<\/strong><br>Sensor: VIIRS_NOAA20_NRT<br>Fecha UTC: 2026-10-02T02:19:00Z<br>Confianza: nominal<br>FRP: 0.36 MW"
      }
    },
    {
      "type": "Feature",
      "geometry": {
        "type": "Point",
        "coordinates": [3.2405, 32.8368]
      },
      "properties": {
        "bright_ti4": 298.59,
        "scan": 0.33,
        "track": 0.55,
        "acq_date": "2026-10-02",
        "acq_time": "0219",
        "satellite": "N20",
        "instrument": "VIIRS",
        "confidence": "n",
        "version": "2.0NRT",
        "bright_ti5": 284.85,
        "frp": 0.6,
        "daynight": "N",
        "source_dataset": "VIIRS_NOAA20_NRT",
        "acq_datetime_utc": "2026-10-02T02:19:00Z",
        "age_hours": 29.7,
        "confidence_label": "nominal",
        "popup_label": "<strong>NASA FIRMS<\/strong><br>Sensor: VIIRS_NOAA20_NRT<br>Fecha UTC: 2026-10-02T02:19:00Z<br>Confianza: nominal<br>FRP: 0.6 MW"
      }
    },
    {
      "type": "Feature",
      "geometry": {
        "type": "Point",
        "coordinates": [3.2371, 32.8376]
      },
      "properties": {
        "bright_ti4": 306.47,
        "scan": 0.33,
        "track": 0.55,
        "acq_date": "2026-10-02",
        "acq_time": "0219",
        "satellite": "N20",
        "instrument": "VIIRS",
        "confidence": "n",
        "version": "2.0NRT",
        "bright_ti5": 285.24,
        "frp": 1.1,
        "daynight": "N",
        "source_dataset": "VIIRS_NOAA20_NRT",
        "acq_datetime_utc": "2026-10-02T02:19:00Z",
        "age_hours": 29.7,
        "confidence_label": "nominal",
        "popup_label": "<strong>NASA FIRMS<\/strong><br>Sensor: VIIRS_NOAA20_NRT<br>Fecha UTC: 2026-10-02T02:19:00Z<br>Confianza: nominal<br>FRP: 1.1 MW"
      }
    },
    {
      "type": "Feature",
      "geometry": {
        "type": "Point",
        "coordinates": [3.231, 32.9292]
      },
      "properties": {
        "bright_ti4": 298.95,
        "scan": 0.33,
        "track": 0.55,
        "acq_date": "2026-10-02",
        "acq_time": "0219",
        "satellite": "N20",
        "instrument": "VIIRS",
        "confidence": "n",
        "version": "2.0NRT",
        "bright_ti5": 286.11,
        "frp": 1.56,
        "daynight": "N",
        "source_dataset": "VIIRS_NOAA20_NRT",
        "acq_datetime_utc": "2026-10-02T02:19:00Z",
        "age_hours": 29.7,
        "confidence_label": "nominal",
        "popup_label": "<strong>NASA FIRMS<\/strong><br>Sensor: VIIRS_NOAA20_NRT<br>Fecha UTC: 2026-10-02T02:19:00Z<br>Confianza: nominal<br>FRP: 1.56 MW"
      }
    },
    {
      "type": "Feature",
      "geometry": {
        "type": "Point",
        "coordinates": [3.2319, 32.9292]
      },
      "properties": {
        "bright_ti4": 299.81,
        "scan": 0.33,
        "track": 0.55,
        "acq_date": "2026-10-02",
        "acq_time": "0219",
        "satellite": "N20",
        "instrument": "VIIRS",
        "confidence": "n",
        "version": "2.0NRT",
        "bright_ti5": 286.09,
        "frp": 1.64,
        "daynight": "N",
        "source_dataset": "VIIRS_NOAA20_NRT",
        "acq_datetime_utc": "2026-10-02T02:19:00Z",
        "age_hours": 29.7,
        "confidence_label": "nominal",
        "popup_label": "<strong>NASA FIRMS<\/strong><br>Sensor: VIIRS_NOAA20_NRT<br>Fecha UTC: 2026-10-02T02:19:00Z<br>Confianza: nominal<br>FRP: 1.64 MW"
      }
    },
    {
      "type": "Feature",
      "geometry": {
        "type": "Point",
        "coordinates": [3.2285, 32.93]
      },
      "properties": {
        "bright_ti4": 323.35,
        "scan": 0.33,
        "track": 0.55,
        "acq_date": "2026-10-02",
        "acq_time": "0219",
        "satellite": "N20",
        "instrument": "VIIRS",
        "confidence": "n",
        "version": "2.0NRT",
        "bright_ti5": 287.02,
        "frp": 1.64,
        "daynight": "N",
        "source_dataset": "VIIRS_NOAA20_NRT",
        "acq_datetime_utc": "2026-10-02T02:19:00Z",
        "age_hours": 29.7,
        "confidence_label": "nominal",
        "popup_label": "<strong>NASA FIRMS<\/strong><br>Sensor: VIIRS_NOAA20_NRT<br>Fecha UTC: 2026-10-02T02:19:00Z<br>Confianza: nominal<br>FRP: 1.64 MW"
      }
    },
    {
      "type": "Feature",
      "geometry": {
        "type": "Point",
        "coordinates": [3.2276, 32.93]
      },
      "properties": {
        "bright_ti4": 334.9,
        "scan": 0.33,
        "track": 0.55,
        "acq_date": "2026-10-02",
        "acq_time": "0219",
        "satellite": "N20",
        "instrument": "VIIRS",
        "confidence": "n",
        "version": "2.0NRT",
        "bright_ti5": 287.59,
        "frp": 1.56,
        "daynight": "N",
        "source_dataset": "VIIRS_NOAA20_NRT",
        "acq_datetime_utc": "2026-10-02T02:19:00Z",
        "age_hours": 29.7,
        "confidence_label": "nominal",
        "popup_label": "<strong>NASA FIRMS<\/strong><br>Sensor: VIIRS_NOAA20_NRT<br>Fecha UTC: 2026-10-02T02:19:00Z<br>Confianza: nominal<br>FRP: 1.56 MW"
      }
    },
    {
      "type": "Feature",
      "geometry": {
        "type": "Point",
        "coordinates": [3.2251, 32.9308]
      },
      "properties": {
        "bright_ti4": 336.04,
        "scan": 0.33,
        "track": 0.55,
        "acq_date": "2026-10-02",
        "acq_time": "0219",
        "satellite": "N20",
        "instrument": "VIIRS",
        "confidence": "n",
        "version": "2.0NRT",
        "bright_ti5": 287.12,
        "frp": 1.74,
        "daynight": "N",
        "source_dataset": "VIIRS_NOAA20_NRT",
        "acq_datetime_utc": "2026-10-02T02:19:00Z",
        "age_hours": 29.7,
        "confidence_label": "nominal",
        "popup_label": "<strong>NASA FIRMS<\/strong><br>Sensor: VIIRS_NOAA20_NRT<br>Fecha UTC: 2026-10-02T02:19:00Z<br>Confianza: nominal<br>FRP: 1.74 MW"
      }
    },
    {
      "type": "Feature",
      "geometry": {
        "type": "Point",
        "coordinates": [3.2243, 32.9308]
      },
      "properties": {
        "bright_ti4": 326.23,
        "scan": 0.33,
        "track": 0.55,
        "acq_date": "2026-10-02",
        "acq_time": "0219",
        "satellite": "N20",
        "instrument": "VIIRS",
        "confidence": "n",
        "version": "2.0NRT",
        "bright_ti5": 286.87,
        "frp": 1.96,
        "daynight": "N",
        "source_dataset": "VIIRS_NOAA20_NRT",
        "acq_datetime_utc": "2026-10-02T02:19:00Z",
        "age_hours": 29.7,
        "confidence_label": "nominal",
        "popup_label": "<strong>NASA FIRMS<\/strong><br>Sensor: VIIRS_NOAA20_NRT<br>Fecha UTC: 2026-10-02T02:19:00Z<br>Confianza: nominal<br>FRP: 1.96 MW"
      }
    },
    {
      "type": "Feature",
      "geometry": {
        "type": "Point",
        "coordinates": [3.2218, 32.9316]
      },
      "properties": {
        "bright_ti4": 298.2,
        "scan": 0.33,
        "track": 0.55,
        "acq_date": "2026-10-02",
        "acq_time": "0219",
        "satellite": "N20",
        "instrument": "VIIRS",
        "confidence": "n",
        "version": "2.0NRT",
        "bright_ti5": 286.86,
        "frp": 1.74,
        "daynight": "N",
        "source_dataset": "VIIRS_NOAA20_NRT",
        "acq_datetime_utc": "2026-10-02T02:19:00Z",
        "age_hours": 29.7,
        "confidence_label": "nominal",
        "popup_label": "<strong>NASA FIRMS<\/strong><br>Sensor: VIIRS_NOAA20_NRT<br>Fecha UTC: 2026-10-02T02:19:00Z<br>Confianza: nominal<br>FRP: 1.74 MW"
      }
    },
    {
      "type": "Feature",
      "geometry": {
        "type": "Point",
        "coordinates": [3.2427, 32.9316]
      },
      "properties": {
        "bright_ti4": 300.51,
        "scan": 0.33,
        "track": 0.55,
        "acq_date": "2026-10-02",
        "acq_time": "0219",
        "satellite": "N20",
        "instrument": "VIIRS",
        "confidence": "n",
        "version": "2.0NRT",
        "bright_ti5": 286.45,
        "frp": 0.69,
        "daynight": "N",
        "source_dataset": "VIIRS_NOAA20_NRT",
        "acq_datetime_utc": "2026-10-02T02:19:00Z",
        "age_hours": 29.7,
        "confidence_label": "nominal",
        "popup_label": "<strong>NASA FIRMS<\/strong><br>Sensor: VIIRS_NOAA20_NRT<br>Fecha UTC: 2026-10-02T02:19:00Z<br>Confianza: nominal<br>FRP: 0.69 MW"
      }
    },
    {
      "type": "Feature",
      "geometry": {
        "type": "Point",
        "coordinates": [3.236, 32.9332]
      },
      "properties": {
        "bright_ti4": 300.74,
        "scan": 0.33,
        "track": 0.55,
        "acq_date": "2026-10-02",
        "acq_time": "0219",
        "satellite": "N20",
        "instrument": "VIIRS",
        "confidence": "n",
        "version": "2.0NRT",
        "bright_ti5": 286.35,
        "frp": 1.2,
        "daynight": "N",
        "source_dataset": "VIIRS_NOAA20_NRT",
        "acq_datetime_utc": "2026-10-02T02:19:00Z",
        "age_hours": 29.7,
        "confidence_label": "nominal",
        "popup_label": "<strong>NASA FIRMS<\/strong><br>Sensor: VIIRS_NOAA20_NRT<br>Fecha UTC: 2026-10-02T02:19:00Z<br>Confianza: nominal<br>FRP: 1.2 MW"
      }
    },
    {
      "type": "Feature",
      "geometry": {
        "type": "Point",
        "coordinates": [3.2327, 32.9341]
      },
      "properties": {
        "bright_ti4": 316.3,
        "scan": 0.33,
        "track": 0.55,
        "acq_date": "2026-10-02",
        "acq_time": "0219",
        "satellite": "N20",
        "instrument": "VIIRS",
        "confidence": "n",
        "version": "2.0NRT",
        "bright_ti5": 286.53,
        "frp": 1.56,
        "daynight": "N",
        "source_dataset": "VIIRS_NOAA20_NRT",
        "acq_datetime_utc": "2026-10-02T02:19:00Z",
        "age_hours": 29.7,
        "confidence_label": "nominal",
        "popup_label": "<strong>NASA FIRMS<\/strong><br>Sensor: VIIRS_NOAA20_NRT<br>Fecha UTC: 2026-10-02T02:19:00Z<br>Confianza: nominal<br>FRP: 1.56 MW"
      }
    },
    {
      "type": "Feature",
      "geometry": {
        "type": "Point",
        "coordinates": [3.2226, 32.9365]
      },
      "properties": {
        "bright_ti4": 298.07,
        "scan": 0.33,
        "track": 0.55,
        "acq_date": "2026-10-02",
        "acq_time": "0219",
        "satellite": "N20",
        "instrument": "VIIRS",
        "confidence": "n",
        "version": "2.0NRT",
        "bright_ti5": 287.54,
        "frp": 1.96,
        "daynight": "N",
        "source_dataset": "VIIRS_NOAA20_NRT",
        "acq_datetime_utc": "2026-10-02T02:19:00Z",
        "age_hours": 29.7,
        "confidence_label": "nominal",
        "popup_label": "<strong>NASA FIRMS<\/strong><br>Sensor: VIIRS_NOAA20_NRT<br>Fecha UTC: 2026-10-02T02:19:00Z<br>Confianza: nominal<br>FRP: 1.96 MW"
      }
    },
    {
      "type": "Feature",
      "geometry": {
        "type": "Point",
        "coordinates": [3.2343, 32.939]
      },
      "properties": {
        "bright_ti4": 306,
        "scan": 0.33,
        "track": 0.55,
        "acq_date": "2026-10-02",
        "acq_time": "0219",
        "satellite": "N20",
        "instrument": "VIIRS",
        "confidence": "n",
        "version": "2.0NRT",
        "bright_ti5": 288.42,
        "frp": 1.18,
        "daynight": "N",
        "source_dataset": "VIIRS_NOAA20_NRT",
        "acq_datetime_utc": "2026-10-02T02:19:00Z",
        "age_hours": 29.7,
        "confidence_label": "nominal",
        "popup_label": "<strong>NASA FIRMS<\/strong><br>Sensor: VIIRS_NOAA20_NRT<br>Fecha UTC: 2026-10-02T02:19:00Z<br>Confianza: nominal<br>FRP: 1.18 MW"
      }
    },
    {
      "type": "Feature",
      "geometry": {
        "type": "Point",
        "coordinates": [3.2293, 32.9455]
      },
      "properties": {
        "bright_ti4": 303.93,
        "scan": 0.33,
        "track": 0.55,
        "acq_date": "2026-10-02",
        "acq_time": "0219",
        "satellite": "N20",
        "instrument": "VIIRS",
        "confidence": "n",
        "version": "2.0NRT",
        "bright_ti5": 287.69,
        "frp": 0.98,
        "daynight": "N",
        "source_dataset": "VIIRS_NOAA20_NRT",
        "acq_datetime_utc": "2026-10-02T02:19:00Z",
        "age_hours": 29.7,
        "confidence_label": "nominal",
        "popup_label": "<strong>NASA FIRMS<\/strong><br>Sensor: VIIRS_NOAA20_NRT<br>Fecha UTC: 2026-10-02T02:19:00Z<br>Confianza: nominal<br>FRP: 0.98 MW"
      }
    },
    {
      "type": "Feature",
      "geometry": {
        "type": "Point",
        "coordinates": [3.2226, 32.9472]
      },
      "properties": {
        "bright_ti4": 300.15,
        "scan": 0.33,
        "track": 0.55,
        "acq_date": "2026-10-02",
        "acq_time": "0219",
        "satellite": "N20",
        "instrument": "VIIRS",
        "confidence": "n",
        "version": "2.0NRT",
        "bright_ti5": 287.07,
        "frp": 0.73,
        "daynight": "N",
        "source_dataset": "VIIRS_NOAA20_NRT",
        "acq_datetime_utc": "2026-10-02T02:19:00Z",
        "age_hours": 29.7,
        "confidence_label": "nominal",
        "popup_label": "<strong>NASA FIRMS<\/strong><br>Sensor: VIIRS_NOAA20_NRT<br>Fecha UTC: 2026-10-02T02:19:00Z<br>Confianza: nominal<br>FRP: 0.73 MW"
      }
    },
    {
      "type": "Feature",
      "geometry": {
        "type": "Point",
        "coordinates": [3.2309, 32.9504]
      },
      "properties": {
        "bright_ti4": 302.1,
        "scan": 0.33,
        "track": 0.55,
        "acq_date": "2026-10-02",
        "acq_time": "0219",
        "satellite": "N20",
        "instrument": "VIIRS",
        "confidence": "n",
        "version": "2.0NRT",
        "bright_ti5": 287.45,
        "frp": 0.44,
        "daynight": "N",
        "source_dataset": "VIIRS_NOAA20_NRT",
        "acq_datetime_utc": "2026-10-02T02:19:00Z",
        "age_hours": 29.7,
        "confidence_label": "nominal",
        "popup_label": "<strong>NASA FIRMS<\/strong><br>Sensor: VIIRS_NOAA20_NRT<br>Fecha UTC: 2026-10-02T02:19:00Z<br>Confianza: nominal<br>FRP: 0.44 MW"
      }
    },
    {
      "type": "Feature",
      "geometry": {
        "type": "Point",
        "coordinates": [3.2275, 32.9512]
      },
      "properties": {
        "bright_ti4": 299.73,
        "scan": 0.33,
        "track": 0.55,
        "acq_date": "2026-10-02",
        "acq_time": "0219",
        "satellite": "N20",
        "instrument": "VIIRS",
        "confidence": "n",
        "version": "2.0NRT",
        "bright_ti5": 287.15,
        "frp": 0.44,
        "daynight": "N",
        "source_dataset": "VIIRS_NOAA20_NRT",
        "acq_datetime_utc": "2026-10-02T02:19:00Z",
        "age_hours": 29.7,
        "confidence_label": "nominal",
        "popup_label": "<strong>NASA FIRMS<\/strong><br>Sensor: VIIRS_NOAA20_NRT<br>Fecha UTC: 2026-10-02T02:19:00Z<br>Confianza: nominal<br>FRP: 0.44 MW"
      }
    },
    {
      "type": "Feature",
      "geometry": {
        "type": "Point",
        "coordinates": [3.2254, 33.0206]
      },
      "properties": {
        "bright_ti4": 310.32,
        "scan": 0.33,
        "track": 0.55,
        "acq_date": "2026-10-02",
        "acq_time": "0219",
        "satellite": "N20",
        "instrument": "VIIRS",
        "confidence": "n",
        "version": "2.0NRT",
        "bright_ti5": 286.23,
        "frp": 1.1,
        "daynight": "N",
        "source_dataset": "VIIRS_NOAA20_NRT",
        "acq_datetime_utc": "2026-10-02T02:19:00Z",
        "age_hours": 29.7,
        "confidence_label": "nominal",
        "popup_label": "<strong>NASA FIRMS<\/strong><br>Sensor: VIIRS_NOAA20_NRT<br>Fecha UTC: 2026-10-02T02:19:00Z<br>Confianza: nominal<br>FRP: 1.1 MW"
      }
    },
    {
      "type": "Feature",
      "geometry": {
        "type": "Point",
        "coordinates": [3.32, 33.1245]
      },
      "properties": {
        "bright_ti4": 311.3,
        "scan": 0.33,
        "track": 0.55,
        "acq_date": "2026-10-02",
        "acq_time": "0219",
        "satellite": "N20",
        "instrument": "VIIRS",
        "confidence": "n",
        "version": "2.0NRT",
        "bright_ti5": 287.11,
        "frp": 0.74,
        "daynight": "N",
        "source_dataset": "VIIRS_NOAA20_NRT",
        "acq_datetime_utc": "2026-10-02T02:19:00Z",
        "age_hours": 29.7,
        "confidence_label": "nominal",
        "popup_label": "<strong>NASA FIRMS<\/strong><br>Sensor: VIIRS_NOAA20_NRT<br>Fecha UTC: 2026-10-02T02:19:00Z<br>Confianza: nominal<br>FRP: 0.74 MW"
      }
    },
    {
      "type": "Feature",
      "geometry": {
        "type": "Point",
        "coordinates": [3.3174, 33.1249]
      },
      "properties": {
        "bright_ti4": 319.53,
        "scan": 0.33,
        "track": 0.55,
        "acq_date": "2026-10-02",
        "acq_time": "0219",
        "satellite": "N20",
        "instrument": "VIIRS",
        "confidence": "n",
        "version": "2.0NRT",
        "bright_ti5": 286.88,
        "frp": 1.59,
        "daynight": "N",
        "source_dataset": "VIIRS_NOAA20_NRT",
        "acq_datetime_utc": "2026-10-02T02:19:00Z",
        "age_hours": 29.7,
        "confidence_label": "nominal",
        "popup_label": "<strong>NASA FIRMS<\/strong><br>Sensor: VIIRS_NOAA20_NRT<br>Fecha UTC: 2026-10-02T02:19:00Z<br>Confianza: nominal<br>FRP: 1.59 MW"
      }
    },
    {
      "type": "Feature",
      "geometry": {
        "type": "Point",
        "coordinates": [3.3166, 33.1253]
      },
      "properties": {
        "bright_ti4": 311.12,
        "scan": 0.33,
        "track": 0.55,
        "acq_date": "2026-10-02",
        "acq_time": "0219",
        "satellite": "N20",
        "instrument": "VIIRS",
        "confidence": "n",
        "version": "2.0NRT",
        "bright_ti5": 286.59,
        "frp": 0.74,
        "daynight": "N",
        "source_dataset": "VIIRS_NOAA20_NRT",
        "acq_datetime_utc": "2026-10-02T02:19:00Z",
        "age_hours": 29.7,
        "confidence_label": "nominal",
        "popup_label": "<strong>NASA FIRMS<\/strong><br>Sensor: VIIRS_NOAA20_NRT<br>Fecha UTC: 2026-10-02T02:19:00Z<br>Confianza: nominal<br>FRP: 0.74 MW"
      }
    },
    {
      "type": "Feature",
      "geometry": {
        "type": "Point",
        "coordinates": [3.314, 33.1257]
      },
      "properties": {
        "bright_ti4": 297.67,
        "scan": 0.33,
        "track": 0.55,
        "acq_date": "2026-10-02",
        "acq_time": "0219",
        "satellite": "N20",
        "instrument": "VIIRS",
        "confidence": "n",
        "version": "2.0NRT",
        "bright_ti5": 286.49,
        "frp": 0.53,
        "daynight": "N",
        "source_dataset": "VIIRS_NOAA20_NRT",
        "acq_datetime_utc": "2026-10-02T02:19:00Z",
        "age_hours": 29.7,
        "confidence_label": "nominal",
        "popup_label": "<strong>NASA FIRMS<\/strong><br>Sensor: VIIRS_NOAA20_NRT<br>Fecha UTC: 2026-10-02T02:19:00Z<br>Confianza: nominal<br>FRP: 0.53 MW"
      }
    },
    {
      "type": "Feature",
      "geometry": {
        "type": "Point",
        "coordinates": [3.3217, 33.1294]
      },
      "properties": {
        "bright_ti4": 300.59,
        "scan": 0.33,
        "track": 0.55,
        "acq_date": "2026-10-02",
        "acq_time": "0219",
        "satellite": "N20",
        "instrument": "VIIRS",
        "confidence": "n",
        "version": "2.0NRT",
        "bright_ti5": 287.31,
        "frp": 0.74,
        "daynight": "N",
        "source_dataset": "VIIRS_NOAA20_NRT",
        "acq_datetime_utc": "2026-10-02T02:19:00Z",
        "age_hours": 29.7,
        "confidence_label": "nominal",
        "popup_label": "<strong>NASA FIRMS<\/strong><br>Sensor: VIIRS_NOAA20_NRT<br>Fecha UTC: 2026-10-02T02:19:00Z<br>Confianza: nominal<br>FRP: 0.74 MW"
      }
    },
    {
      "type": "Feature",
      "geometry": {
        "type": "Point",
        "coordinates": [3.3191, 33.1298]
      },
      "properties": {
        "bright_ti4": 304.88,
        "scan": 0.33,
        "track": 0.55,
        "acq_date": "2026-10-02",
        "acq_time": "0219",
        "satellite": "N20",
        "instrument": "VIIRS",
        "confidence": "n",
        "version": "2.0NRT",
        "bright_ti5": 286.98,
        "frp": 1.33,
        "daynight": "N",
        "source_dataset": "VIIRS_NOAA20_NRT",
        "acq_datetime_utc": "2026-10-02T02:19:00Z",
        "age_hours": 29.7,
        "confidence_label": "nominal",
        "popup_label": "<strong>NASA FIRMS<\/strong><br>Sensor: VIIRS_NOAA20_NRT<br>Fecha UTC: 2026-10-02T02:19:00Z<br>Confianza: nominal<br>FRP: 1.33 MW"
      }
    },
    {
      "type": "Feature",
      "geometry": {
        "type": "Point",
        "coordinates": [3.3184, 33.1302]
      },
      "properties": {
        "bright_ti4": 298.59,
        "scan": 0.33,
        "track": 0.55,
        "acq_date": "2026-10-02",
        "acq_time": "0219",
        "satellite": "N20",
        "instrument": "VIIRS",
        "confidence": "n",
        "version": "2.0NRT",
        "bright_ti5": 286.75,
        "frp": 0.74,
        "daynight": "N",
        "source_dataset": "VIIRS_NOAA20_NRT",
        "acq_datetime_utc": "2026-10-02T02:19:00Z",
        "age_hours": 29.7,
        "confidence_label": "nominal",
        "popup_label": "<strong>NASA FIRMS<\/strong><br>Sensor: VIIRS_NOAA20_NRT<br>Fecha UTC: 2026-10-02T02:19:00Z<br>Confianza: nominal<br>FRP: 0.74 MW"
      }
    },
    {
      "type": "Feature",
      "geometry": {
        "type": "Point",
        "coordinates": [3.3157, 33.1306]
      },
      "properties": {
        "bright_ti4": 304.84,
        "scan": 0.33,
        "track": 0.55,
        "acq_date": "2026-10-02",
        "acq_time": "0219",
        "satellite": "N20",
        "instrument": "VIIRS",
        "confidence": "n",
        "version": "2.0NRT",
        "bright_ti5": 286.66,
        "frp": 0.86,
        "daynight": "N",
        "source_dataset": "VIIRS_NOAA20_NRT",
        "acq_datetime_utc": "2026-10-02T02:19:00Z",
        "age_hours": 29.7,
        "confidence_label": "nominal",
        "popup_label": "<strong>NASA FIRMS<\/strong><br>Sensor: VIIRS_NOAA20_NRT<br>Fecha UTC: 2026-10-02T02:19:00Z<br>Confianza: nominal<br>FRP: 0.86 MW"
      }
    },
    {
      "type": "Feature",
      "geometry": {
        "type": "Point",
        "coordinates": [3.315, 33.131]
      },
      "properties": {
        "bright_ti4": 301.54,
        "scan": 0.33,
        "track": 0.55,
        "acq_date": "2026-10-02",
        "acq_time": "0219",
        "satellite": "N20",
        "instrument": "VIIRS",
        "confidence": "n",
        "version": "2.0NRT",
        "bright_ti5": 287,
        "frp": 1,
        "daynight": "N",
        "source_dataset": "VIIRS_NOAA20_NRT",
        "acq_datetime_utc": "2026-10-02T02:19:00Z",
        "age_hours": 29.7,
        "confidence_label": "nominal",
        "popup_label": "<strong>NASA FIRMS<\/strong><br>Sensor: VIIRS_NOAA20_NRT<br>Fecha UTC: 2026-10-02T02:19:00Z<br>Confianza: nominal<br>FRP: 1 MW"
      }
    },
    {
      "type": "Feature",
      "geometry": {
        "type": "Point",
        "coordinates": [-0.3451, 33.4743]
      },
      "properties": {
        "bright_ti4": 310.67,
        "scan": 0.41,
        "track": 0.45,
        "acq_date": "2026-10-02",
        "acq_time": "0219",
        "satellite": "N20",
        "instrument": "VIIRS",
        "confidence": "n",
        "version": "2.0NRT",
        "bright_ti5": 287.58,
        "frp": 1.63,
        "daynight": "N",
        "source_dataset": "VIIRS_NOAA20_NRT",
        "acq_datetime_utc": "2026-10-02T02:19:00Z",
        "age_hours": 29.7,
        "confidence_label": "nominal",
        "popup_label": "<strong>NASA FIRMS<\/strong><br>Sensor: VIIRS_NOAA20_NRT<br>Fecha UTC: 2026-10-02T02:19:00Z<br>Confianza: nominal<br>FRP: 1.63 MW"
      }
    },
    {
      "type": "Feature",
      "geometry": {
        "type": "Point",
        "coordinates": [-0.3439, 33.4783]
      },
      "properties": {
        "bright_ti4": 302.06,
        "scan": 0.41,
        "track": 0.45,
        "acq_date": "2026-10-02",
        "acq_time": "0219",
        "satellite": "N20",
        "instrument": "VIIRS",
        "confidence": "n",
        "version": "2.0NRT",
        "bright_ti5": 287.19,
        "frp": 0.99,
        "daynight": "N",
        "source_dataset": "VIIRS_NOAA20_NRT",
        "acq_datetime_utc": "2026-10-02T02:19:00Z",
        "age_hours": 29.7,
        "confidence_label": "nominal",
        "popup_label": "<strong>NASA FIRMS<\/strong><br>Sensor: VIIRS_NOAA20_NRT<br>Fecha UTC: 2026-10-02T02:19:00Z<br>Confianza: nominal<br>FRP: 0.99 MW"
      }
    },
    {
      "type": "Feature",
      "geometry": {
        "type": "Point",
        "coordinates": [4.4749, 35.7118]
      },
      "properties": {
        "bright_ti4": 299.47,
        "scan": 0.33,
        "track": 0.55,
        "acq_date": "2026-10-02",
        "acq_time": "0219",
        "satellite": "N20",
        "instrument": "VIIRS",
        "confidence": "n",
        "version": "2.0NRT",
        "bright_ti5": 287.4,
        "frp": 0.31,
        "daynight": "N",
        "source_dataset": "VIIRS_NOAA20_NRT",
        "acq_datetime_utc": "2026-10-02T02:19:00Z",
        "age_hours": 29.7,
        "confidence_label": "nominal",
        "popup_label": "<strong>NASA FIRMS<\/strong><br>Sensor: VIIRS_NOAA20_NRT<br>Fecha UTC: 2026-10-02T02:19:00Z<br>Confianza: nominal<br>FRP: 0.31 MW"
      }
    },
    {
      "type": "Feature",
      "geometry": {
        "type": "Point",
        "coordinates": [4.4471, 35.878]
      },
      "properties": {
        "bright_ti4": 309.31,
        "scan": 0.32,
        "track": 0.55,
        "acq_date": "2026-10-02",
        "acq_time": "0219",
        "satellite": "N20",
        "instrument": "VIIRS",
        "confidence": "n",
        "version": "2.0NRT",
        "bright_ti5": 288.57,
        "frp": 1.01,
        "daynight": "N",
        "source_dataset": "VIIRS_NOAA20_NRT",
        "acq_datetime_utc": "2026-10-02T02:19:00Z",
        "age_hours": 29.7,
        "confidence_label": "nominal",
        "popup_label": "<strong>NASA FIRMS<\/strong><br>Sensor: VIIRS_NOAA20_NRT<br>Fecha UTC: 2026-10-02T02:19:00Z<br>Confianza: nominal<br>FRP: 1.01 MW"
      }
    },
    {
      "type": "Feature",
      "geometry": {
        "type": "Point",
        "coordinates": [-5.422, 36.1775]
      },
      "properties": {
        "bright_ti4": 300.36,
        "scan": 0.39,
        "track": 0.36,
        "acq_date": "2026-10-02",
        "acq_time": "0219",
        "satellite": "N20",
        "instrument": "VIIRS",
        "confidence": "n",
        "version": "2.0NRT",
        "bright_ti5": 289.74,
        "frp": 0.61,
        "daynight": "N",
        "source_dataset": "VIIRS_NOAA20_NRT",
        "acq_datetime_utc": "2026-10-02T02:19:00Z",
        "age_hours": 29.7,
        "confidence_label": "nominal",
        "popup_label": "<strong>NASA FIRMS<\/strong><br>Sensor: VIIRS_NOAA20_NRT<br>Fecha UTC: 2026-10-02T02:19:00Z<br>Confianza: nominal<br>FRP: 0.61 MW"
      }
    },
    {
      "type": "Feature",
      "geometry": {
        "type": "Point",
        "coordinates": [-3.6604, 37.1495]
      },
      "properties": {
        "bright_ti4": 300.35,
        "scan": 0.4,
        "track": 0.37,
        "acq_date": "2026-10-02",
        "acq_time": "0219",
        "satellite": "N20",
        "instrument": "VIIRS",
        "confidence": "n",
        "version": "2.0NRT",
        "bright_ti5": 285.86,
        "frp": 0.8,
        "daynight": "N",
        "source_dataset": "VIIRS_NOAA20_NRT",
        "acq_datetime_utc": "2026-10-02T02:19:00Z",
        "age_hours": 29.7,
        "confidence_label": "nominal",
        "popup_label": "<strong>NASA FIRMS<\/strong><br>Sensor: VIIRS_NOAA20_NRT<br>Fecha UTC: 2026-10-02T02:19:00Z<br>Confianza: nominal<br>FRP: 0.8 MW"
      }
    },
    {
      "type": "Feature",
      "geometry": {
        "type": "Point",
        "coordinates": [-4.3289, 37.8808]
      },
      "properties": {
        "bright_ti4": 299.45,
        "scan": 0.39,
        "track": 0.36,
        "acq_date": "2026-10-02",
        "acq_time": "0219",
        "satellite": "N20",
        "instrument": "VIIRS",
        "confidence": "n",
        "version": "2.0NRT",
        "bright_ti5": 289.11,
        "frp": 0.27,
        "daynight": "N",
        "source_dataset": "VIIRS_NOAA20_NRT",
        "acq_datetime_utc": "2026-10-02T02:19:00Z",
        "age_hours": 29.7,
        "confidence_label": "nominal",
        "popup_label": "<strong>NASA FIRMS<\/strong><br>Sensor: VIIRS_NOAA20_NRT<br>Fecha UTC: 2026-10-02T02:19:00Z<br>Confianza: nominal<br>FRP: 0.27 MW"
      }
    },
    {
      "type": "Feature",
      "geometry": {
        "type": "Point",
        "coordinates": [-5.592, 38.193]
      },
      "properties": {
        "bright_ti4": 301.26,
        "scan": 0.38,
        "track": 0.36,
        "acq_date": "2026-10-02",
        "acq_time": "0219",
        "satellite": "N20",
        "instrument": "VIIRS",
        "confidence": "n",
        "version": "2.0NRT",
        "bright_ti5": 288.1,
        "frp": 0.68,
        "daynight": "N",
        "source_dataset": "VIIRS_NOAA20_NRT",
        "acq_datetime_utc": "2026-10-02T02:19:00Z",
        "age_hours": 29.7,
        "confidence_label": "nominal",
        "popup_label": "<strong>NASA FIRMS<\/strong><br>Sensor: VIIRS_NOAA20_NRT<br>Fecha UTC: 2026-10-02T02:19:00Z<br>Confianza: nominal<br>FRP: 0.68 MW"
      }
    },
    {
      "type": "Feature",
      "geometry": {
        "type": "Point",
        "coordinates": [-6.7203, 38.3212]
      },
      "properties": {
        "bright_ti4": 312.42,
        "scan": 0.4,
        "track": 0.37,
        "acq_date": "2026-10-02",
        "acq_time": "0219",
        "satellite": "N20",
        "instrument": "VIIRS",
        "confidence": "n",
        "version": "2.0NRT",
        "bright_ti5": 289.96,
        "frp": 1.27,
        "daynight": "N",
        "source_dataset": "VIIRS_NOAA20_NRT",
        "acq_datetime_utc": "2026-10-02T02:19:00Z",
        "age_hours": 29.7,
        "confidence_label": "nominal",
        "popup_label": "<strong>NASA FIRMS<\/strong><br>Sensor: VIIRS_NOAA20_NRT<br>Fecha UTC: 2026-10-02T02:19:00Z<br>Confianza: nominal<br>FRP: 1.27 MW"
      }
    },
    {
      "type": "Feature",
      "geometry": {
        "type": "Point",
        "coordinates": [-6.4862, 38.3788]
      },
      "properties": {
        "bright_ti4": 299.26,
        "scan": 0.39,
        "track": 0.36,
        "acq_date": "2026-10-02",
        "acq_time": "0219",
        "satellite": "N20",
        "instrument": "VIIRS",
        "confidence": "n",
        "version": "2.0NRT",
        "bright_ti5": 288.97,
        "frp": 0.69,
        "daynight": "N",
        "source_dataset": "VIIRS_NOAA20_NRT",
        "acq_datetime_utc": "2026-10-02T02:19:00Z",
        "age_hours": 29.7,
        "confidence_label": "nominal",
        "popup_label": "<strong>NASA FIRMS<\/strong><br>Sensor: VIIRS_NOAA20_NRT<br>Fecha UTC: 2026-10-02T02:19:00Z<br>Confianza: nominal<br>FRP: 0.69 MW"
      }
    },
    {
      "type": "Feature",
      "geometry": {
        "type": "Point",
        "coordinates": [-5.7212, 38.4345]
      },
      "properties": {
        "bright_ti4": 296.68,
        "scan": 0.39,
        "track": 0.36,
        "acq_date": "2026-10-02",
        "acq_time": "0219",
        "satellite": "N20",
        "instrument": "VIIRS",
        "confidence": "n",
        "version": "2.0NRT",
        "bright_ti5": 285.99,
        "frp": 0.36,
        "daynight": "N",
        "source_dataset": "VIIRS_NOAA20_NRT",
        "acq_datetime_utc": "2026-10-02T02:19:00Z",
        "age_hours": 29.7,
        "confidence_label": "nominal",
        "popup_label": "<strong>NASA FIRMS<\/strong><br>Sensor: VIIRS_NOAA20_NRT<br>Fecha UTC: 2026-10-02T02:19:00Z<br>Confianza: nominal<br>FRP: 0.36 MW"
      }
    },
    {
      "type": "Feature",
      "geometry": {
        "type": "Point",
        "coordinates": [-8.9361, 38.5036]
      },
      "properties": {
        "bright_ti4": 299.36,
        "scan": 0.45,
        "track": 0.39,
        "acq_date": "2026-10-02",
        "acq_time": "0219",
        "satellite": "N20",
        "instrument": "VIIRS",
        "confidence": "n",
        "version": "2.0NRT",
        "bright_ti5": 289.24,
        "frp": 0.58,
        "daynight": "N",
        "source_dataset": "VIIRS_NOAA20_NRT",
        "acq_datetime_utc": "2026-10-02T02:19:00Z",
        "age_hours": 29.7,
        "confidence_label": "nominal",
        "popup_label": "<strong>NASA FIRMS<\/strong><br>Sensor: VIIRS_NOAA20_NRT<br>Fecha UTC: 2026-10-02T02:19:00Z<br>Confianza: nominal<br>FRP: 0.58 MW"
      }
    },
    {
      "type": "Feature",
      "geometry": {
        "type": "Point",
        "coordinates": [-8.9069, 39.6873]
      },
      "properties": {
        "bright_ti4": 297.78,
        "scan": 0.47,
        "track": 0.39,
        "acq_date": "2026-10-02",
        "acq_time": "0219",
        "satellite": "N20",
        "instrument": "VIIRS",
        "confidence": "n",
        "version": "2.0NRT",
        "bright_ti5": 287.15,
        "frp": 0.91,
        "daynight": "N",
        "source_dataset": "VIIRS_NOAA20_NRT",
        "acq_datetime_utc": "2026-10-02T02:19:00Z",
        "age_hours": 29.7,
        "confidence_label": "nominal",
        "popup_label": "<strong>NASA FIRMS<\/strong><br>Sensor: VIIRS_NOAA20_NRT<br>Fecha UTC: 2026-10-02T02:19:00Z<br>Confianza: nominal<br>FRP: 0.91 MW"
      }
    },
    {
      "type": "Feature",
      "geometry": {
        "type": "Point",
        "coordinates": [-3.4722, 40.2462]
      },
      "properties": {
        "bright_ti4": 300.77,
        "scan": 0.39,
        "track": 0.36,
        "acq_date": "2026-10-02",
        "acq_time": "0219",
        "satellite": "N20",
        "instrument": "VIIRS",
        "confidence": "n",
        "version": "2.0NRT",
        "bright_ti5": 274.62,
        "frp": 1,
        "daynight": "N",
        "source_dataset": "VIIRS_NOAA20_NRT",
        "acq_datetime_utc": "2026-10-02T02:19:00Z",
        "age_hours": 29.7,
        "confidence_label": "nominal",
        "popup_label": "<strong>NASA FIRMS<\/strong><br>Sensor: VIIRS_NOAA20_NRT<br>Fecha UTC: 2026-10-02T02:19:00Z<br>Confianza: nominal<br>FRP: 1 MW"
      }
    },
    {
      "type": "Feature",
      "geometry": {
        "type": "Point",
        "coordinates": [-3.4767, 40.2469]
      },
      "properties": {
        "bright_ti4": 303.94,
        "scan": 0.39,
        "track": 0.36,
        "acq_date": "2026-10-02",
        "acq_time": "0219",
        "satellite": "N20",
        "instrument": "VIIRS",
        "confidence": "n",
        "version": "2.0NRT",
        "bright_ti5": 281.19,
        "frp": 1.42,
        "daynight": "N",
        "source_dataset": "VIIRS_NOAA20_NRT",
        "acq_datetime_utc": "2026-10-02T02:19:00Z",
        "age_hours": 29.7,
        "confidence_label": "nominal",
        "popup_label": "<strong>NASA FIRMS<\/strong><br>Sensor: VIIRS_NOAA20_NRT<br>Fecha UTC: 2026-10-02T02:19:00Z<br>Confianza: nominal<br>FRP: 1.42 MW"
      }
    },
    {
      "type": "Feature",
      "geometry": {
        "type": "Point",
        "coordinates": [-8.4207, 40.2903]
      },
      "properties": {
        "bright_ti4": 300.09,
        "scan": 0.45,
        "track": 0.39,
        "acq_date": "2026-10-02",
        "acq_time": "0219",
        "satellite": "N20",
        "instrument": "VIIRS",
        "confidence": "n",
        "version": "2.0NRT",
        "bright_ti5": 290.05,
        "frp": 0.6,
        "daynight": "N",
        "source_dataset": "VIIRS_NOAA20_NRT",
        "acq_datetime_utc": "2026-10-02T02:19:00Z",
        "age_hours": 29.7,
        "confidence_label": "nominal",
        "popup_label": "<strong>NASA FIRMS<\/strong><br>Sensor: VIIRS_NOAA20_NRT<br>Fecha UTC: 2026-10-02T02:19:00Z<br>Confianza: nominal<br>FRP: 0.6 MW"
      }
    },
    {
      "type": "Feature",
      "geometry": {
        "type": "Point",
        "coordinates": [4.8903, 43.4379]
      },
      "properties": {
        "bright_ti4": 303.42,
        "scan": 0.45,
        "track": 0.47,
        "acq_date": "2026-10-02",
        "acq_time": "0217",
        "satellite": "N20",
        "instrument": "VIIRS",
        "confidence": "n",
        "version": "2.0NRT",
        "bright_ti5": 286.13,
        "frp": 1.07,
        "daynight": "N",
        "source_dataset": "VIIRS_NOAA20_NRT",
        "acq_datetime_utc": "2026-10-02T02:17:00Z",
        "age_hours": 29.7,
        "confidence_label": "nominal",
        "popup_label": "<strong>NASA FIRMS<\/strong><br>Sensor: VIIRS_NOAA20_NRT<br>Fecha UTC: 2026-10-02T02:17:00Z<br>Confianza: nominal<br>FRP: 1.07 MW"
      }
    },
    {
      "type": "Feature",
      "geometry": {
        "type": "Point",
        "coordinates": [4.885, 43.4392]
      },
      "properties": {
        "bright_ti4": 301.4,
        "scan": 0.45,
        "track": 0.47,
        "acq_date": "2026-10-02",
        "acq_time": "0217",
        "satellite": "N20",
        "instrument": "VIIRS",
        "confidence": "n",
        "version": "2.0NRT",
        "bright_ti5": 285.8,
        "frp": 1.33,
        "daynight": "N",
        "source_dataset": "VIIRS_NOAA20_NRT",
        "acq_datetime_utc": "2026-10-02T02:17:00Z",
        "age_hours": 29.7,
        "confidence_label": "nominal",
        "popup_label": "<strong>NASA FIRMS<\/strong><br>Sensor: VIIRS_NOAA20_NRT<br>Fecha UTC: 2026-10-02T02:17:00Z<br>Confianza: nominal<br>FRP: 1.33 MW"
      }
    },
    {
      "type": "Feature",
      "geometry": {
        "type": "Point",
        "coordinates": [4.8921, 43.442]
      },
      "properties": {
        "bright_ti4": 311.43,
        "scan": 0.45,
        "track": 0.47,
        "acq_date": "2026-10-02",
        "acq_time": "0217",
        "satellite": "N20",
        "instrument": "VIIRS",
        "confidence": "n",
        "version": "2.0NRT",
        "bright_ti5": 286.11,
        "frp": 1.07,
        "daynight": "N",
        "source_dataset": "VIIRS_NOAA20_NRT",
        "acq_datetime_utc": "2026-10-02T02:17:00Z",
        "age_hours": 29.7,
        "confidence_label": "nominal",
        "popup_label": "<strong>NASA FIRMS<\/strong><br>Sensor: VIIRS_NOAA20_NRT<br>Fecha UTC: 2026-10-02T02:17:00Z<br>Confianza: nominal<br>FRP: 1.07 MW"
      }
    },
    {
      "type": "Feature",
      "geometry": {
        "type": "Point",
        "coordinates": [4.8993, 43.4449]
      },
      "properties": {
        "bright_ti4": 316.52,
        "scan": 0.45,
        "track": 0.47,
        "acq_date": "2026-10-02",
        "acq_time": "0217",
        "satellite": "N20",
        "instrument": "VIIRS",
        "confidence": "n",
        "version": "2.0NRT",
        "bright_ti5": 286.01,
        "frp": 2.15,
        "daynight": "N",
        "source_dataset": "VIIRS_NOAA20_NRT",
        "acq_datetime_utc": "2026-10-02T02:17:00Z",
        "age_hours": 29.7,
        "confidence_label": "nominal",
        "popup_label": "<strong>NASA FIRMS<\/strong><br>Sensor: VIIRS_NOAA20_NRT<br>Fecha UTC: 2026-10-02T02:17:00Z<br>Confianza: nominal<br>FRP: 2.15 MW"
      }
    },
    {
      "type": "Feature",
      "geometry": {
        "type": "Point",
        "coordinates": [4.894, 43.4462]
      },
      "properties": {
        "bright_ti4": 313.54,
        "scan": 0.45,
        "track": 0.47,
        "acq_date": "2026-10-02",
        "acq_time": "0217",
        "satellite": "N20",
        "instrument": "VIIRS",
        "confidence": "n",
        "version": "2.0NRT",
        "bright_ti5": 286.15,
        "frp": 2.15,
        "daynight": "N",
        "source_dataset": "VIIRS_NOAA20_NRT",
        "acq_datetime_utc": "2026-10-02T02:17:00Z",
        "age_hours": 29.7,
        "confidence_label": "nominal",
        "popup_label": "<strong>NASA FIRMS<\/strong><br>Sensor: VIIRS_NOAA20_NRT<br>Fecha UTC: 2026-10-02T02:17:00Z<br>Confianza: nominal<br>FRP: 2.15 MW"
      }
    },
    {
      "type": "Feature",
      "geometry": {
        "type": "Point",
        "coordinates": [-5.7292, 43.524]
      },
      "properties": {
        "bright_ti4": 318.59,
        "scan": 0.41,
        "track": 0.37,
        "acq_date": "2026-10-02",
        "acq_time": "0217",
        "satellite": "N20",
        "instrument": "VIIRS",
        "confidence": "n",
        "version": "2.0NRT",
        "bright_ti5": 285.27,
        "frp": 0.86,
        "daynight": "N",
        "source_dataset": "VIIRS_NOAA20_NRT",
        "acq_datetime_utc": "2026-10-02T02:17:00Z",
        "age_hours": 29.7,
        "confidence_label": "nominal",
        "popup_label": "<strong>NASA FIRMS<\/strong><br>Sensor: VIIRS_NOAA20_NRT<br>Fecha UTC: 2026-10-02T02:17:00Z<br>Confianza: nominal<br>FRP: 0.86 MW"
      }
    },
    {
      "type": "Feature",
      "geometry": {
        "type": "Point",
        "coordinates": [-5.7342, 43.5246]
      },
      "properties": {
        "bright_ti4": 295.91,
        "scan": 0.41,
        "track": 0.37,
        "acq_date": "2026-10-02",
        "acq_time": "0217",
        "satellite": "N20",
        "instrument": "VIIRS",
        "confidence": "n",
        "version": "2.0NRT",
        "bright_ti5": 285.61,
        "frp": 0.86,
        "daynight": "N",
        "source_dataset": "VIIRS_NOAA20_NRT",
        "acq_datetime_utc": "2026-10-02T02:17:00Z",
        "age_hours": 29.7,
        "confidence_label": "nominal",
        "popup_label": "<strong>NASA FIRMS<\/strong><br>Sensor: VIIRS_NOAA20_NRT<br>Fecha UTC: 2026-10-02T02:17:00Z<br>Confianza: nominal<br>FRP: 0.86 MW"
      }
    },
    {
      "type": "Feature",
      "geometry": {
        "type": "Point",
        "coordinates": [-5.7283, 43.5273]
      },
      "properties": {
        "bright_ti4": 300.39,
        "scan": 0.41,
        "track": 0.37,
        "acq_date": "2026-10-02",
        "acq_time": "0217",
        "satellite": "N20",
        "instrument": "VIIRS",
        "confidence": "n",
        "version": "2.0NRT",
        "bright_ti5": 286.75,
        "frp": 1.03,
        "daynight": "N",
        "source_dataset": "VIIRS_NOAA20_NRT",
        "acq_datetime_utc": "2026-10-02T02:17:00Z",
        "age_hours": 29.7,
        "confidence_label": "nominal",
        "popup_label": "<strong>NASA FIRMS<\/strong><br>Sensor: VIIRS_NOAA20_NRT<br>Fecha UTC: 2026-10-02T02:17:00Z<br>Confianza: nominal<br>FRP: 1.03 MW"
      }
    },
    {
      "type": "Feature",
      "geometry": {
        "type": "Point",
        "coordinates": [-5.7333, 43.528]
      },
      "properties": {
        "bright_ti4": 308.46,
        "scan": 0.41,
        "track": 0.37,
        "acq_date": "2026-10-02",
        "acq_time": "0217",
        "satellite": "N20",
        "instrument": "VIIRS",
        "confidence": "n",
        "version": "2.0NRT",
        "bright_ti5": 285.67,
        "frp": 1.03,
        "daynight": "N",
        "source_dataset": "VIIRS_NOAA20_NRT",
        "acq_datetime_utc": "2026-10-02T02:17:00Z",
        "age_hours": 29.7,
        "confidence_label": "nominal",
        "popup_label": "<strong>NASA FIRMS<\/strong><br>Sensor: VIIRS_NOAA20_NRT<br>Fecha UTC: 2026-10-02T02:17:00Z<br>Confianza: nominal<br>FRP: 1.03 MW"
      }
    },
    {
      "type": "Feature",
      "geometry": {
        "type": "Point",
        "coordinates": [-5.8343, 43.5384]
      },
      "properties": {
        "bright_ti4": 327.15,
        "scan": 0.41,
        "track": 0.37,
        "acq_date": "2026-10-02",
        "acq_time": "0217",
        "satellite": "N20",
        "instrument": "VIIRS",
        "confidence": "n",
        "version": "2.0NRT",
        "bright_ti5": 283.81,
        "frp": 3.15,
        "daynight": "N",
        "source_dataset": "VIIRS_NOAA20_NRT",
        "acq_datetime_utc": "2026-10-02T02:17:00Z",
        "age_hours": 29.7,
        "confidence_label": "nominal",
        "popup_label": "<strong>NASA FIRMS<\/strong><br>Sensor: VIIRS_NOAA20_NRT<br>Fecha UTC: 2026-10-02T02:17:00Z<br>Confianza: nominal<br>FRP: 3.15 MW"
      }
    },
    {
      "type": "Feature",
      "geometry": {
        "type": "Point",
        "coordinates": [-5.8334, 43.5417]
      },
      "properties": {
        "bright_ti4": 320.65,
        "scan": 0.41,
        "track": 0.37,
        "acq_date": "2026-10-02",
        "acq_time": "0217",
        "satellite": "N20",
        "instrument": "VIIRS",
        "confidence": "n",
        "version": "2.0NRT",
        "bright_ti5": 287.19,
        "frp": 2.07,
        "daynight": "N",
        "source_dataset": "VIIRS_NOAA20_NRT",
        "acq_datetime_utc": "2026-10-02T02:17:00Z",
        "age_hours": 29.7,
        "confidence_label": "nominal",
        "popup_label": "<strong>NASA FIRMS<\/strong><br>Sensor: VIIRS_NOAA20_NRT<br>Fecha UTC: 2026-10-02T02:17:00Z<br>Confianza: nominal<br>FRP: 2.07 MW"
      }
    },
    {
      "type": "Feature",
      "geometry": {
        "type": "Point",
        "coordinates": [-5.862, 43.5526]
      },
      "properties": {
        "bright_ti4": 296.76,
        "scan": 0.41,
        "track": 0.37,
        "acq_date": "2026-10-02",
        "acq_time": "0217",
        "satellite": "N20",
        "instrument": "VIIRS",
        "confidence": "n",
        "version": "2.0NRT",
        "bright_ti5": 284.72,
        "frp": 1.08,
        "daynight": "N",
        "source_dataset": "VIIRS_NOAA20_NRT",
        "acq_datetime_utc": "2026-10-02T02:17:00Z",
        "age_hours": 29.7,
        "confidence_label": "nominal",
        "popup_label": "<strong>NASA FIRMS<\/strong><br>Sensor: VIIRS_NOAA20_NRT<br>Fecha UTC: 2026-10-02T02:17:00Z<br>Confianza: nominal<br>FRP: 1.08 MW"
      }
    },
    {
      "type": "Feature",
      "geometry": {
        "type": "Point",
        "coordinates": [-7.6605, 43.5599]
      },
      "properties": {
        "bright_ti4": 331.58,
        "scan": 0.46,
        "track": 0.39,
        "acq_date": "2026-10-02",
        "acq_time": "0217",
        "satellite": "N20",
        "instrument": "VIIRS",
        "confidence": "n",
        "version": "2.0NRT",
        "bright_ti5": 280.62,
        "frp": 5.28,
        "daynight": "N",
        "source_dataset": "VIIRS_NOAA20_NRT",
        "acq_datetime_utc": "2026-10-02T02:17:00Z",
        "age_hours": 29.7,
        "confidence_label": "nominal",
        "popup_label": "<strong>NASA FIRMS<\/strong><br>Sensor: VIIRS_NOAA20_NRT<br>Fecha UTC: 2026-10-02T02:17:00Z<br>Confianza: nominal<br>FRP: 5.28 MW"
      }
    },
    {
      "type": "Feature",
      "geometry": {
        "type": "Point",
        "coordinates": [3.9864, 32.2773]
      },
      "properties": {
        "bright_ti4": 330.46,
        "scan": 0.61,
        "track": 0.71,
        "acq_date": "2026-10-02",
        "acq_time": "0039",
        "satellite": "N20",
        "instrument": "VIIRS",
        "confidence": "n",
        "version": "2.0NRT",
        "bright_ti5": 288.89,
        "frp": 11.4,
        "daynight": "N",
        "source_dataset": "VIIRS_NOAA20_NRT",
        "acq_datetime_utc": "2026-10-02T00:39:00Z",
        "age_hours": 31.4,
        "confidence_label": "nominal",
        "popup_label": "<strong>NASA FIRMS<\/strong><br>Sensor: VIIRS_NOAA20_NRT<br>Fecha UTC: 2026-10-02T00:39:00Z<br>Confianza: nominal<br>FRP: 11.4 MW"
      }
    },
    {
      "type": "Feature",
      "geometry": {
        "type": "Point",
        "coordinates": [3.9798, 32.2775]
      },
      "properties": {
        "bright_ti4": 367,
        "scan": 0.61,
        "track": 0.71,
        "acq_date": "2026-10-02",
        "acq_time": "0039",
        "satellite": "N20",
        "instrument": "VIIRS",
        "confidence": "h",
        "version": "2.0NRT",
        "bright_ti5": 287.74,
        "frp": 14,
        "daynight": "N",
        "source_dataset": "VIIRS_NOAA20_NRT",
        "acq_datetime_utc": "2026-10-02T00:39:00Z",
        "age_hours": 31.4,
        "confidence_label": "alta",
        "popup_label": "<strong>NASA FIRMS<\/strong><br>Sensor: VIIRS_NOAA20_NRT<br>Fecha UTC: 2026-10-02T00:39:00Z<br>Confianza: alta<br>FRP: 14 MW"
      }
    },
    {
      "type": "Feature",
      "geometry": {
        "type": "Point",
        "coordinates": [3.9844, 32.279]
      },
      "properties": {
        "bright_ti4": 367,
        "scan": 0.61,
        "track": 0.71,
        "acq_date": "2026-10-02",
        "acq_time": "0039",
        "satellite": "N20",
        "instrument": "VIIRS",
        "confidence": "h",
        "version": "2.0NRT",
        "bright_ti5": 290.42,
        "frp": 15.55,
        "daynight": "N",
        "source_dataset": "VIIRS_NOAA20_NRT",
        "acq_datetime_utc": "2026-10-02T00:39:00Z",
        "age_hours": 31.4,
        "confidence_label": "alta",
        "popup_label": "<strong>NASA FIRMS<\/strong><br>Sensor: VIIRS_NOAA20_NRT<br>Fecha UTC: 2026-10-02T00:39:00Z<br>Confianza: alta<br>FRP: 15.55 MW"
      }
    },
    {
      "type": "Feature",
      "geometry": {
        "type": "Point",
        "coordinates": [3.9779, 32.2793]
      },
      "properties": {
        "bright_ti4": 304.43,
        "scan": 0.61,
        "track": 0.71,
        "acq_date": "2026-10-02",
        "acq_time": "0039",
        "satellite": "N20",
        "instrument": "VIIRS",
        "confidence": "n",
        "version": "2.0NRT",
        "bright_ti5": 286.91,
        "frp": 8.93,
        "daynight": "N",
        "source_dataset": "VIIRS_NOAA20_NRT",
        "acq_datetime_utc": "2026-10-02T00:39:00Z",
        "age_hours": 31.4,
        "confidence_label": "nominal",
        "popup_label": "<strong>NASA FIRMS<\/strong><br>Sensor: VIIRS_NOAA20_NRT<br>Fecha UTC: 2026-10-02T00:39:00Z<br>Confianza: nominal<br>FRP: 8.93 MW"
      }
    },
    {
      "type": "Feature",
      "geometry": {
        "type": "Point",
        "coordinates": [4.0013, 32.4021]
      },
      "properties": {
        "bright_ti4": 306.52,
        "scan": 0.61,
        "track": 0.71,
        "acq_date": "2026-10-02",
        "acq_time": "0039",
        "satellite": "N20",
        "instrument": "VIIRS",
        "confidence": "n",
        "version": "2.0NRT",
        "bright_ti5": 286.99,
        "frp": 1.15,
        "daynight": "N",
        "source_dataset": "VIIRS_NOAA20_NRT",
        "acq_datetime_utc": "2026-10-02T00:39:00Z",
        "age_hours": 31.4,
        "confidence_label": "nominal",
        "popup_label": "<strong>NASA FIRMS<\/strong><br>Sensor: VIIRS_NOAA20_NRT<br>Fecha UTC: 2026-10-02T00:39:00Z<br>Confianza: nominal<br>FRP: 1.15 MW"
      }
    },
    {
      "type": "Feature",
      "geometry": {
        "type": "Point",
        "coordinates": [4.0028, 32.4072]
      },
      "properties": {
        "bright_ti4": 300.37,
        "scan": 0.61,
        "track": 0.71,
        "acq_date": "2026-10-02",
        "acq_time": "0039",
        "satellite": "N20",
        "instrument": "VIIRS",
        "confidence": "n",
        "version": "2.0NRT",
        "bright_ti5": 286.92,
        "frp": 0.63,
        "daynight": "N",
        "source_dataset": "VIIRS_NOAA20_NRT",
        "acq_datetime_utc": "2026-10-02T00:39:00Z",
        "age_hours": 31.4,
        "confidence_label": "nominal",
        "popup_label": "<strong>NASA FIRMS<\/strong><br>Sensor: VIIRS_NOAA20_NRT<br>Fecha UTC: 2026-10-02T00:39:00Z<br>Confianza: nominal<br>FRP: 0.63 MW"
      }
    },
    {
      "type": "Feature",
      "geometry": {
        "type": "Point",
        "coordinates": [3.1681, 32.5553]
      },
      "properties": {
        "bright_ti4": 299.77,
        "scan": 0.68,
        "track": 0.74,
        "acq_date": "2026-10-02",
        "acq_time": "0039",
        "satellite": "N20",
        "instrument": "VIIRS",
        "confidence": "n",
        "version": "2.0NRT",
        "bright_ti5": 282.45,
        "frp": 2.43,
        "daynight": "N",
        "source_dataset": "VIIRS_NOAA20_NRT",
        "acq_datetime_utc": "2026-10-02T00:39:00Z",
        "age_hours": 31.4,
        "confidence_label": "nominal",
        "popup_label": "<strong>NASA FIRMS<\/strong><br>Sensor: VIIRS_NOAA20_NRT<br>Fecha UTC: 2026-10-02T00:39:00Z<br>Confianza: nominal<br>FRP: 2.43 MW"
      }
    },
    {
      "type": "Feature",
      "geometry": {
        "type": "Point",
        "coordinates": [3.1624, 32.5554]
      },
      "properties": {
        "bright_ti4": 325.03,
        "scan": 0.68,
        "track": 0.74,
        "acq_date": "2026-10-02",
        "acq_time": "0039",
        "satellite": "N20",
        "instrument": "VIIRS",
        "confidence": "n",
        "version": "2.0NRT",
        "bright_ti5": 282.02,
        "frp": 4.46,
        "daynight": "N",
        "source_dataset": "VIIRS_NOAA20_NRT",
        "acq_datetime_utc": "2026-10-02T00:39:00Z",
        "age_hours": 31.4,
        "confidence_label": "nominal",
        "popup_label": "<strong>NASA FIRMS<\/strong><br>Sensor: VIIRS_NOAA20_NRT<br>Fecha UTC: 2026-10-02T00:39:00Z<br>Confianza: nominal<br>FRP: 4.46 MW"
      }
    },
    {
      "type": "Feature",
      "geometry": {
        "type": "Point",
        "coordinates": [3.1608, 32.5555]
      },
      "properties": {
        "bright_ti4": 318.28,
        "scan": 0.68,
        "track": 0.74,
        "acq_date": "2026-10-02",
        "acq_time": "0039",
        "satellite": "N20",
        "instrument": "VIIRS",
        "confidence": "n",
        "version": "2.0NRT",
        "bright_ti5": 279.87,
        "frp": 2.04,
        "daynight": "N",
        "source_dataset": "VIIRS_NOAA20_NRT",
        "acq_datetime_utc": "2026-10-02T00:39:00Z",
        "age_hours": 31.4,
        "confidence_label": "nominal",
        "popup_label": "<strong>NASA FIRMS<\/strong><br>Sensor: VIIRS_NOAA20_NRT<br>Fecha UTC: 2026-10-02T00:39:00Z<br>Confianza: nominal<br>FRP: 2.04 MW"
      }
    },
    {
      "type": "Feature",
      "geometry": {
        "type": "Point",
        "coordinates": [3.1805, 32.7485]
      },
      "properties": {
        "bright_ti4": 297.88,
        "scan": 0.69,
        "track": 0.74,
        "acq_date": "2026-10-02",
        "acq_time": "0039",
        "satellite": "N20",
        "instrument": "VIIRS",
        "confidence": "n",
        "version": "2.0NRT",
        "bright_ti5": 285.11,
        "frp": 0.97,
        "daynight": "N",
        "source_dataset": "VIIRS_NOAA20_NRT",
        "acq_datetime_utc": "2026-10-02T00:39:00Z",
        "age_hours": 31.4,
        "confidence_label": "nominal",
        "popup_label": "<strong>NASA FIRMS<\/strong><br>Sensor: VIIRS_NOAA20_NRT<br>Fecha UTC: 2026-10-02T00:39:00Z<br>Confianza: nominal<br>FRP: 0.97 MW"
      }
    },
    {
      "type": "Feature",
      "geometry": {
        "type": "Point",
        "coordinates": [3.1749, 32.7486]
      },
      "properties": {
        "bright_ti4": 299.96,
        "scan": 0.69,
        "track": 0.74,
        "acq_date": "2026-10-02",
        "acq_time": "0039",
        "satellite": "N20",
        "instrument": "VIIRS",
        "confidence": "n",
        "version": "2.0NRT",
        "bright_ti5": 286.28,
        "frp": 2.41,
        "daynight": "N",
        "source_dataset": "VIIRS_NOAA20_NRT",
        "acq_datetime_utc": "2026-10-02T00:39:00Z",
        "age_hours": 31.4,
        "confidence_label": "nominal",
        "popup_label": "<strong>NASA FIRMS<\/strong><br>Sensor: VIIRS_NOAA20_NRT<br>Fecha UTC: 2026-10-02T00:39:00Z<br>Confianza: nominal<br>FRP: 2.41 MW"
      }
    },
    {
      "type": "Feature",
      "geometry": {
        "type": "Point",
        "coordinates": [3.173, 32.7487]
      },
      "properties": {
        "bright_ti4": 296.91,
        "scan": 0.69,
        "track": 0.74,
        "acq_date": "2026-10-02",
        "acq_time": "0039",
        "satellite": "N20",
        "instrument": "VIIRS",
        "confidence": "n",
        "version": "2.0NRT",
        "bright_ti5": 286.59,
        "frp": 1.39,
        "daynight": "N",
        "source_dataset": "VIIRS_NOAA20_NRT",
        "acq_datetime_utc": "2026-10-02T00:39:00Z",
        "age_hours": 31.4,
        "confidence_label": "nominal",
        "popup_label": "<strong>NASA FIRMS<\/strong><br>Sensor: VIIRS_NOAA20_NRT<br>Fecha UTC: 2026-10-02T00:39:00Z<br>Confianza: nominal<br>FRP: 1.39 MW"
      }
    },
    {
      "type": "Feature",
      "geometry": {
        "type": "Point",
        "coordinates": [3.2401, 32.933]
      },
      "properties": {
        "bright_ti4": 298.75,
        "scan": 0.68,
        "track": 0.74,
        "acq_date": "2026-10-02",
        "acq_time": "0039",
        "satellite": "N20",
        "instrument": "VIIRS",
        "confidence": "n",
        "version": "2.0NRT",
        "bright_ti5": 285.58,
        "frp": 1.65,
        "daynight": "N",
        "source_dataset": "VIIRS_NOAA20_NRT",
        "acq_datetime_utc": "2026-10-02T00:39:00Z",
        "age_hours": 31.4,
        "confidence_label": "nominal",
        "popup_label": "<strong>NASA FIRMS<\/strong><br>Sensor: VIIRS_NOAA20_NRT<br>Fecha UTC: 2026-10-02T00:39:00Z<br>Confianza: nominal<br>FRP: 1.65 MW"
      }
    },
    {
      "type": "Feature",
      "geometry": {
        "type": "Point",
        "coordinates": [3.2326, 32.9333]
      },
      "properties": {
        "bright_ti4": 297.1,
        "scan": 0.68,
        "track": 0.74,
        "acq_date": "2026-10-02",
        "acq_time": "0039",
        "satellite": "N20",
        "instrument": "VIIRS",
        "confidence": "n",
        "version": "2.0NRT",
        "bright_ti5": 285.32,
        "frp": 0.99,
        "daynight": "N",
        "source_dataset": "VIIRS_NOAA20_NRT",
        "acq_datetime_utc": "2026-10-02T00:39:00Z",
        "age_hours": 31.4,
        "confidence_label": "nominal",
        "popup_label": "<strong>NASA FIRMS<\/strong><br>Sensor: VIIRS_NOAA20_NRT<br>Fecha UTC: 2026-10-02T00:39:00Z<br>Confianza: nominal<br>FRP: 0.99 MW"
      }
    },
    {
      "type": "Feature",
      "geometry": {
        "type": "Point",
        "coordinates": [3.238, 32.9334]
      },
      "properties": {
        "bright_ti4": 296.98,
        "scan": 0.68,
        "track": 0.74,
        "acq_date": "2026-10-02",
        "acq_time": "0039",
        "satellite": "N20",
        "instrument": "VIIRS",
        "confidence": "n",
        "version": "2.0NRT",
        "bright_ti5": 285.62,
        "frp": 0.76,
        "daynight": "N",
        "source_dataset": "VIIRS_NOAA20_NRT",
        "acq_datetime_utc": "2026-10-02T00:39:00Z",
        "age_hours": 31.4,
        "confidence_label": "nominal",
        "popup_label": "<strong>NASA FIRMS<\/strong><br>Sensor: VIIRS_NOAA20_NRT<br>Fecha UTC: 2026-10-02T00:39:00Z<br>Confianza: nominal<br>FRP: 0.76 MW"
      }
    },
    {
      "type": "Feature",
      "geometry": {
        "type": "Point",
        "coordinates": [3.2251, 32.9335]
      },
      "properties": {
        "bright_ti4": 302.17,
        "scan": 0.68,
        "track": 0.74,
        "acq_date": "2026-10-02",
        "acq_time": "0039",
        "satellite": "N20",
        "instrument": "VIIRS",
        "confidence": "n",
        "version": "2.0NRT",
        "bright_ti5": 285.44,
        "frp": 0.99,
        "daynight": "N",
        "source_dataset": "VIIRS_NOAA20_NRT",
        "acq_datetime_utc": "2026-10-02T00:39:00Z",
        "age_hours": 31.4,
        "confidence_label": "nominal",
        "popup_label": "<strong>NASA FIRMS<\/strong><br>Sensor: VIIRS_NOAA20_NRT<br>Fecha UTC: 2026-10-02T00:39:00Z<br>Confianza: nominal<br>FRP: 0.99 MW"
      }
    },
    {
      "type": "Feature",
      "geometry": {
        "type": "Point",
        "coordinates": [3.2305, 32.9336]
      },
      "properties": {
        "bright_ti4": 299.95,
        "scan": 0.68,
        "track": 0.74,
        "acq_date": "2026-10-02",
        "acq_time": "0039",
        "satellite": "N20",
        "instrument": "VIIRS",
        "confidence": "n",
        "version": "2.0NRT",
        "bright_ti5": 285.73,
        "frp": 0.76,
        "daynight": "N",
        "source_dataset": "VIIRS_NOAA20_NRT",
        "acq_datetime_utc": "2026-10-02T00:39:00Z",
        "age_hours": 31.4,
        "confidence_label": "nominal",
        "popup_label": "<strong>NASA FIRMS<\/strong><br>Sensor: VIIRS_NOAA20_NRT<br>Fecha UTC: 2026-10-02T00:39:00Z<br>Confianza: nominal<br>FRP: 0.76 MW"
      }
    },
    {
      "type": "Feature",
      "geometry": {
        "type": "Point",
        "coordinates": [3.2229, 32.9338]
      },
      "properties": {
        "bright_ti4": 301.77,
        "scan": 0.68,
        "track": 0.74,
        "acq_date": "2026-10-02",
        "acq_time": "0039",
        "satellite": "N20",
        "instrument": "VIIRS",
        "confidence": "n",
        "version": "2.0NRT",
        "bright_ti5": 286.06,
        "frp": 1.56,
        "daynight": "N",
        "source_dataset": "VIIRS_NOAA20_NRT",
        "acq_datetime_utc": "2026-10-02T00:39:00Z",
        "age_hours": 31.4,
        "confidence_label": "nominal",
        "popup_label": "<strong>NASA FIRMS<\/strong><br>Sensor: VIIRS_NOAA20_NRT<br>Fecha UTC: 2026-10-02T00:39:00Z<br>Confianza: nominal<br>FRP: 1.56 MW"
      }
    },
    {
      "type": "Feature",
      "geometry": {
        "type": "Point",
        "coordinates": [3.233, 32.9402]
      },
      "properties": {
        "bright_ti4": 300.83,
        "scan": 0.68,
        "track": 0.74,
        "acq_date": "2026-10-02",
        "acq_time": "0039",
        "satellite": "N20",
        "instrument": "VIIRS",
        "confidence": "n",
        "version": "2.0NRT",
        "bright_ti5": 286.89,
        "frp": 0.99,
        "daynight": "N",
        "source_dataset": "VIIRS_NOAA20_NRT",
        "acq_datetime_utc": "2026-10-02T00:39:00Z",
        "age_hours": 31.4,
        "confidence_label": "nominal",
        "popup_label": "<strong>NASA FIRMS<\/strong><br>Sensor: VIIRS_NOAA20_NRT<br>Fecha UTC: 2026-10-02T00:39:00Z<br>Confianza: nominal<br>FRP: 0.99 MW"
      }
    },
    {
      "type": "Feature",
      "geometry": {
        "type": "Point",
        "coordinates": [3.2254, 32.9404]
      },
      "properties": {
        "bright_ti4": 296.47,
        "scan": 0.68,
        "track": 0.74,
        "acq_date": "2026-10-02",
        "acq_time": "0039",
        "satellite": "N20",
        "instrument": "VIIRS",
        "confidence": "n",
        "version": "2.0NRT",
        "bright_ti5": 285.77,
        "frp": 0.99,
        "daynight": "N",
        "source_dataset": "VIIRS_NOAA20_NRT",
        "acq_datetime_utc": "2026-10-02T00:39:00Z",
        "age_hours": 31.4,
        "confidence_label": "nominal",
        "popup_label": "<strong>NASA FIRMS<\/strong><br>Sensor: VIIRS_NOAA20_NRT<br>Fecha UTC: 2026-10-02T00:39:00Z<br>Confianza: nominal<br>FRP: 0.99 MW"
      }
    },
    {
      "type": "Feature",
      "geometry": {
        "type": "Point",
        "coordinates": [3.2309, 32.9405]
      },
      "properties": {
        "bright_ti4": 302.61,
        "scan": 0.68,
        "track": 0.74,
        "acq_date": "2026-10-02",
        "acq_time": "0039",
        "satellite": "N20",
        "instrument": "VIIRS",
        "confidence": "n",
        "version": "2.0NRT",
        "bright_ti5": 286.6,
        "frp": 2.44,
        "daynight": "N",
        "source_dataset": "VIIRS_NOAA20_NRT",
        "acq_datetime_utc": "2026-10-02T00:39:00Z",
        "age_hours": 31.4,
        "confidence_label": "nominal",
        "popup_label": "<strong>NASA FIRMS<\/strong><br>Sensor: VIIRS_NOAA20_NRT<br>Fecha UTC: 2026-10-02T00:39:00Z<br>Confianza: nominal<br>FRP: 2.44 MW"
      }
    },
    {
      "type": "Feature",
      "geometry": {
        "type": "Point",
        "coordinates": [3.2259, 32.9473]
      },
      "properties": {
        "bright_ti4": 306.81,
        "scan": 0.68,
        "track": 0.74,
        "acq_date": "2026-10-02",
        "acq_time": "0039",
        "satellite": "N20",
        "instrument": "VIIRS",
        "confidence": "n",
        "version": "2.0NRT",
        "bright_ti5": 285.66,
        "frp": 2.56,
        "daynight": "N",
        "source_dataset": "VIIRS_NOAA20_NRT",
        "acq_datetime_utc": "2026-10-02T00:39:00Z",
        "age_hours": 31.4,
        "confidence_label": "nominal",
        "popup_label": "<strong>NASA FIRMS<\/strong><br>Sensor: VIIRS_NOAA20_NRT<br>Fecha UTC: 2026-10-02T00:39:00Z<br>Confianza: nominal<br>FRP: 2.56 MW"
      }
    },
    {
      "type": "Feature",
      "geometry": {
        "type": "Point",
        "coordinates": [3.2184, 32.9476]
      },
      "properties": {
        "bright_ti4": 298.99,
        "scan": 0.68,
        "track": 0.74,
        "acq_date": "2026-10-02",
        "acq_time": "0039",
        "satellite": "N20",
        "instrument": "VIIRS",
        "confidence": "n",
        "version": "2.0NRT",
        "bright_ti5": 285.54,
        "frp": 2.26,
        "daynight": "N",
        "source_dataset": "VIIRS_NOAA20_NRT",
        "acq_datetime_utc": "2026-10-02T00:39:00Z",
        "age_hours": 31.4,
        "confidence_label": "nominal",
        "popup_label": "<strong>NASA FIRMS<\/strong><br>Sensor: VIIRS_NOAA20_NRT<br>Fecha UTC: 2026-10-02T00:39:00Z<br>Confianza: nominal<br>FRP: 2.26 MW"
      }
    },
    {
      "type": "Feature",
      "geometry": {
        "type": "Point",
        "coordinates": [3.2238, 32.9476]
      },
      "properties": {
        "bright_ti4": 309.04,
        "scan": 0.68,
        "track": 0.74,
        "acq_date": "2026-10-02",
        "acq_time": "0039",
        "satellite": "N20",
        "instrument": "VIIRS",
        "confidence": "n",
        "version": "2.0NRT",
        "bright_ti5": 285.92,
        "frp": 1.61,
        "daynight": "N",
        "source_dataset": "VIIRS_NOAA20_NRT",
        "acq_datetime_utc": "2026-10-02T00:39:00Z",
        "age_hours": 31.4,
        "confidence_label": "nominal",
        "popup_label": "<strong>NASA FIRMS<\/strong><br>Sensor: VIIRS_NOAA20_NRT<br>Fecha UTC: 2026-10-02T00:39:00Z<br>Confianza: nominal<br>FRP: 1.61 MW"
      }
    },
    {
      "type": "Feature",
      "geometry": {
        "type": "Point",
        "coordinates": [3.2163, 32.9478]
      },
      "properties": {
        "bright_ti4": 299.38,
        "scan": 0.68,
        "track": 0.74,
        "acq_date": "2026-10-02",
        "acq_time": "0039",
        "satellite": "N20",
        "instrument": "VIIRS",
        "confidence": "n",
        "version": "2.0NRT",
        "bright_ti5": 285.55,
        "frp": 1.61,
        "daynight": "N",
        "source_dataset": "VIIRS_NOAA20_NRT",
        "acq_datetime_utc": "2026-10-02T00:39:00Z",
        "age_hours": 31.4,
        "confidence_label": "nominal",
        "popup_label": "<strong>NASA FIRMS<\/strong><br>Sensor: VIIRS_NOAA20_NRT<br>Fecha UTC: 2026-10-02T00:39:00Z<br>Confianza: nominal<br>FRP: 1.61 MW"
      }
    },
    {
      "type": "Feature",
      "geometry": {
        "type": "Point",
        "coordinates": [3.3173, 33.1309]
      },
      "properties": {
        "bright_ti4": 310.87,
        "scan": 0.68,
        "track": 0.74,
        "acq_date": "2026-10-02",
        "acq_time": "0039",
        "satellite": "N20",
        "instrument": "VIIRS",
        "confidence": "n",
        "version": "2.0NRT",
        "bright_ti5": 285.81,
        "frp": 1.72,
        "daynight": "N",
        "source_dataset": "VIIRS_NOAA20_NRT",
        "acq_datetime_utc": "2026-10-02T00:39:00Z",
        "age_hours": 31.4,
        "confidence_label": "nominal",
        "popup_label": "<strong>NASA FIRMS<\/strong><br>Sensor: VIIRS_NOAA20_NRT<br>Fecha UTC: 2026-10-02T00:39:00Z<br>Confianza: nominal<br>FRP: 1.72 MW"
      }
    },
    {
      "type": "Feature",
      "geometry": {
        "type": "Point",
        "coordinates": [3.3098, 33.1312]
      },
      "properties": {
        "bright_ti4": 299.27,
        "scan": 0.68,
        "track": 0.74,
        "acq_date": "2026-10-02",
        "acq_time": "0039",
        "satellite": "N20",
        "instrument": "VIIRS",
        "confidence": "n",
        "version": "2.0NRT",
        "bright_ti5": 285.08,
        "frp": 1.72,
        "daynight": "N",
        "source_dataset": "VIIRS_NOAA20_NRT",
        "acq_datetime_utc": "2026-10-02T00:39:00Z",
        "age_hours": 31.4,
        "confidence_label": "nominal",
        "popup_label": "<strong>NASA FIRMS<\/strong><br>Sensor: VIIRS_NOAA20_NRT<br>Fecha UTC: 2026-10-02T00:39:00Z<br>Confianza: nominal<br>FRP: 1.72 MW"
      }
    },
    {
      "type": "Feature",
      "geometry": {
        "type": "Point",
        "coordinates": [3.3151, 33.1315]
      },
      "properties": {
        "bright_ti4": 301.56,
        "scan": 0.68,
        "track": 0.74,
        "acq_date": "2026-10-02",
        "acq_time": "0039",
        "satellite": "N20",
        "instrument": "VIIRS",
        "confidence": "n",
        "version": "2.0NRT",
        "bright_ti5": 285.56,
        "frp": 1.74,
        "daynight": "N",
        "source_dataset": "VIIRS_NOAA20_NRT",
        "acq_datetime_utc": "2026-10-02T00:39:00Z",
        "age_hours": 31.4,
        "confidence_label": "nominal",
        "popup_label": "<strong>NASA FIRMS<\/strong><br>Sensor: VIIRS_NOAA20_NRT<br>Fecha UTC: 2026-10-02T00:39:00Z<br>Confianza: nominal<br>FRP: 1.74 MW"
      }
    },
    {
      "type": "Feature",
      "geometry": {
        "type": "Point",
        "coordinates": [3.3077, 33.1318]
      },
      "properties": {
        "bright_ti4": 297.49,
        "scan": 0.68,
        "track": 0.74,
        "acq_date": "2026-10-02",
        "acq_time": "0039",
        "satellite": "N20",
        "instrument": "VIIRS",
        "confidence": "n",
        "version": "2.0NRT",
        "bright_ti5": 285.18,
        "frp": 0.84,
        "daynight": "N",
        "source_dataset": "VIIRS_NOAA20_NRT",
        "acq_datetime_utc": "2026-10-02T00:39:00Z",
        "age_hours": 31.4,
        "confidence_label": "nominal",
        "popup_label": "<strong>NASA FIRMS<\/strong><br>Sensor: VIIRS_NOAA20_NRT<br>Fecha UTC: 2026-10-02T00:39:00Z<br>Confianza: nominal<br>FRP: 0.84 MW"
      }
    },
    {
      "type": "Feature",
      "geometry": {
        "type": "Point",
        "coordinates": [4.89, 43.442]
      },
      "properties": {
        "bright_ti4": 301.37,
        "scan": 0.63,
        "track": 0.72,
        "acq_date": "2026-10-02",
        "acq_time": "0037",
        "satellite": "N20",
        "instrument": "VIIRS",
        "confidence": "n",
        "version": "2.0NRT",
        "bright_ti5": 284.07,
        "frp": 1.71,
        "daynight": "N",
        "source_dataset": "VIIRS_NOAA20_NRT",
        "acq_datetime_utc": "2026-10-02T00:37:00Z",
        "age_hours": 31.4,
        "confidence_label": "nominal",
        "popup_label": "<strong>NASA FIRMS<\/strong><br>Sensor: VIIRS_NOAA20_NRT<br>Fecha UTC: 2026-10-02T00:37:00Z<br>Confianza: nominal<br>FRP: 1.71 MW"
      }
    },
    {
      "type": "Feature",
      "geometry": {
        "type": "Point",
        "coordinates": [4.882, 43.4421]
      },
      "properties": {
        "bright_ti4": 304.56,
        "scan": 0.63,
        "track": 0.72,
        "acq_date": "2026-10-02",
        "acq_time": "0037",
        "satellite": "N20",
        "instrument": "VIIRS",
        "confidence": "n",
        "version": "2.0NRT",
        "bright_ti5": 283.89,
        "frp": 1.71,
        "daynight": "N",
        "source_dataset": "VIIRS_NOAA20_NRT",
        "acq_datetime_utc": "2026-10-02T00:37:00Z",
        "age_hours": 31.4,
        "confidence_label": "nominal",
        "popup_label": "<strong>NASA FIRMS<\/strong><br>Sensor: VIIRS_NOAA20_NRT<br>Fecha UTC: 2026-10-02T00:37:00Z<br>Confianza: nominal<br>FRP: 1.71 MW"
      }
    },
    {
      "type": "Feature",
      "geometry": {
        "type": "Point",
        "coordinates": [4.8739, 43.4421]
      },
      "properties": {
        "bright_ti4": 298.54,
        "scan": 0.63,
        "track": 0.72,
        "acq_date": "2026-10-02",
        "acq_time": "0037",
        "satellite": "N20",
        "instrument": "VIIRS",
        "confidence": "n",
        "version": "2.0NRT",
        "bright_ti5": 283.75,
        "frp": 1.13,
        "daynight": "N",
        "source_dataset": "VIIRS_NOAA20_NRT",
        "acq_datetime_utc": "2026-10-02T00:37:00Z",
        "age_hours": 31.4,
        "confidence_label": "nominal",
        "popup_label": "<strong>NASA FIRMS<\/strong><br>Sensor: VIIRS_NOAA20_NRT<br>Fecha UTC: 2026-10-02T00:37:00Z<br>Confianza: nominal<br>FRP: 1.13 MW"
      }
    },
    {
      "type": "Feature",
      "geometry": {
        "type": "Point",
        "coordinates": [4.8982, 43.4486]
      },
      "properties": {
        "bright_ti4": 295.92,
        "scan": 0.63,
        "track": 0.72,
        "acq_date": "2026-10-02",
        "acq_time": "0037",
        "satellite": "N20",
        "instrument": "VIIRS",
        "confidence": "n",
        "version": "2.0NRT",
        "bright_ti5": 283.68,
        "frp": 1.24,
        "daynight": "N",
        "source_dataset": "VIIRS_NOAA20_NRT",
        "acq_datetime_utc": "2026-10-02T00:37:00Z",
        "age_hours": 31.4,
        "confidence_label": "nominal",
        "popup_label": "<strong>NASA FIRMS<\/strong><br>Sensor: VIIRS_NOAA20_NRT<br>Fecha UTC: 2026-10-02T00:37:00Z<br>Confianza: nominal<br>FRP: 1.24 MW"
      }
    },
    {
      "type": "Feature",
      "geometry": {
        "type": "Point",
        "coordinates": [4.8902, 43.4487]
      },
      "properties": {
        "bright_ti4": 306.27,
        "scan": 0.63,
        "track": 0.72,
        "acq_date": "2026-10-02",
        "acq_time": "0037",
        "satellite": "N20",
        "instrument": "VIIRS",
        "confidence": "n",
        "version": "2.0NRT",
        "bright_ti5": 284.03,
        "frp": 1.91,
        "daynight": "N",
        "source_dataset": "VIIRS_NOAA20_NRT",
        "acq_datetime_utc": "2026-10-02T00:37:00Z",
        "age_hours": 31.4,
        "confidence_label": "nominal",
        "popup_label": "<strong>NASA FIRMS<\/strong><br>Sensor: VIIRS_NOAA20_NRT<br>Fecha UTC: 2026-10-02T00:37:00Z<br>Confianza: nominal<br>FRP: 1.91 MW"
      }
    }
  ]
}
