{
  "type": "FeatureCollection",
  "features": [
    {
      "type": "Feature",
      "geometry": {
        "type": "Point",
        "coordinates": [-6.4101, 38.4271]
      },
      "properties": {
        "bright_ti4": 342.61,
        "scan": 0.39,
        "track": 0.44,
        "acq_date": "2026-09-22",
        "acq_time": "1310",
        "satellite": "N",
        "instrument": "VIIRS",
        "confidence": "n",
        "version": "2.0NRT",
        "bright_ti5": 307.02,
        "frp": 2.28,
        "daynight": "D",
        "source_dataset": "VIIRS_SNPP_NRT",
        "acq_datetime_utc": "2026-09-22T13:10:00Z",
        "age_hours": 4.5,
        "confidence_label": "nominal",
        "popup_label": "<strong>NASA FIRMS<\/strong><br>Sensor: VIIRS_SNPP_NRT<br>Fecha UTC: 2026-09-22T13:10:00Z<br>Confianza: nominal<br>FRP: 2.28 MW"
      }
    },
    {
      "type": "Feature",
      "geometry": {
        "type": "Point",
        "coordinates": [-7.12, 38.7711]
      },
      "properties": {
        "bright_ti4": 335.63,
        "scan": 0.42,
        "track": 0.45,
        "acq_date": "2026-09-22",
        "acq_time": "1310",
        "satellite": "N",
        "instrument": "VIIRS",
        "confidence": "l",
        "version": "2.0NRT",
        "bright_ti5": 309.77,
        "frp": 2.52,
        "daynight": "D",
        "source_dataset": "VIIRS_SNPP_NRT",
        "acq_datetime_utc": "2026-09-22T13:10:00Z",
        "age_hours": 4.5,
        "confidence_label": "baja",
        "popup_label": "<strong>NASA FIRMS<\/strong><br>Sensor: VIIRS_SNPP_NRT<br>Fecha UTC: 2026-09-22T13:10:00Z<br>Confianza: baja<br>FRP: 2.52 MW"
      }
    },
    {
      "type": "Feature",
      "geometry": {
        "type": "Point",
        "coordinates": [-6.5727, 38.8771]
      },
      "properties": {
        "bright_ti4": 343.21,
        "scan": 0.39,
        "track": 0.44,
        "acq_date": "2026-09-22",
        "acq_time": "1310",
        "satellite": "N",
        "instrument": "VIIRS",
        "confidence": "n",
        "version": "2.0NRT",
        "bright_ti5": 302.53,
        "frp": 3.34,
        "daynight": "D",
        "source_dataset": "VIIRS_SNPP_NRT",
        "acq_datetime_utc": "2026-09-22T13:10:00Z",
        "age_hours": 4.5,
        "confidence_label": "nominal",
        "popup_label": "<strong>NASA FIRMS<\/strong><br>Sensor: VIIRS_SNPP_NRT<br>Fecha UTC: 2026-09-22T13:10:00Z<br>Confianza: nominal<br>FRP: 3.34 MW"
      }
    },
    {
      "type": "Feature",
      "geometry": {
        "type": "Point",
        "coordinates": [-3.4753, 40.2446]
      },
      "properties": {
        "bright_ti4": 337.18,
        "scan": 0.42,
        "track": 0.38,
        "acq_date": "2026-09-22",
        "acq_time": "1310",
        "satellite": "N",
        "instrument": "VIIRS",
        "confidence": "l",
        "version": "2.0NRT",
        "bright_ti5": 311.76,
        "frp": 1.45,
        "daynight": "D",
        "source_dataset": "VIIRS_SNPP_NRT",
        "acq_datetime_utc": "2026-09-22T13:10:00Z",
        "age_hours": 4.5,
        "confidence_label": "baja",
        "popup_label": "<strong>NASA FIRMS<\/strong><br>Sensor: VIIRS_SNPP_NRT<br>Fecha UTC: 2026-09-22T13:10:00Z<br>Confianza: baja<br>FRP: 1.45 MW"
      }
    },
    {
      "type": "Feature",
      "geometry": {
        "type": "Point",
        "coordinates": [-3.5886, 40.5228]
      },
      "properties": {
        "bright_ti4": 338.68,
        "scan": 0.43,
        "track": 0.38,
        "acq_date": "2026-09-22",
        "acq_time": "1310",
        "satellite": "N",
        "instrument": "VIIRS",
        "confidence": "l",
        "version": "2.0NRT",
        "bright_ti5": 309.81,
        "frp": 3.34,
        "daynight": "D",
        "source_dataset": "VIIRS_SNPP_NRT",
        "acq_datetime_utc": "2026-09-22T13:10:00Z",
        "age_hours": 4.5,
        "confidence_label": "baja",
        "popup_label": "<strong>NASA FIRMS<\/strong><br>Sensor: VIIRS_SNPP_NRT<br>Fecha UTC: 2026-09-22T13:10:00Z<br>Confianza: baja<br>FRP: 3.34 MW"
      }
    },
    {
      "type": "Feature",
      "geometry": {
        "type": "Point",
        "coordinates": [-3.5836, 40.5236]
      },
      "properties": {
        "bright_ti4": 344.47,
        "scan": 0.42,
        "track": 0.38,
        "acq_date": "2026-09-22",
        "acq_time": "1310",
        "satellite": "N",
        "instrument": "VIIRS",
        "confidence": "n",
        "version": "2.0NRT",
        "bright_ti5": 309.1,
        "frp": 5.21,
        "daynight": "D",
        "source_dataset": "VIIRS_SNPP_NRT",
        "acq_datetime_utc": "2026-09-22T13:10:00Z",
        "age_hours": 4.5,
        "confidence_label": "nominal",
        "popup_label": "<strong>NASA FIRMS<\/strong><br>Sensor: VIIRS_SNPP_NRT<br>Fecha UTC: 2026-09-22T13:10:00Z<br>Confianza: nominal<br>FRP: 5.21 MW"
      }
    },
    {
      "type": "Feature",
      "geometry": {
        "type": "Point",
        "coordinates": [-3.569, 40.5263]
      },
      "properties": {
        "bright_ti4": 338.46,
        "scan": 0.42,
        "track": 0.38,
        "acq_date": "2026-09-22",
        "acq_time": "1310",
        "satellite": "N",
        "instrument": "VIIRS",
        "confidence": "l",
        "version": "2.0NRT",
        "bright_ti5": 310.61,
        "frp": 3.7,
        "daynight": "D",
        "source_dataset": "VIIRS_SNPP_NRT",
        "acq_datetime_utc": "2026-09-22T13:10:00Z",
        "age_hours": 4.5,
        "confidence_label": "baja",
        "popup_label": "<strong>NASA FIRMS<\/strong><br>Sensor: VIIRS_SNPP_NRT<br>Fecha UTC: 2026-09-22T13:10:00Z<br>Confianza: baja<br>FRP: 3.7 MW"
      }
    },
    {
      "type": "Feature",
      "geometry": {
        "type": "Point",
        "coordinates": [-3.5847, 40.5271]
      },
      "properties": {
        "bright_ti4": 343.27,
        "scan": 0.42,
        "track": 0.38,
        "acq_date": "2026-09-22",
        "acq_time": "1310",
        "satellite": "N",
        "instrument": "VIIRS",
        "confidence": "n",
        "version": "2.0NRT",
        "bright_ti5": 308.48,
        "frp": 5.65,
        "daynight": "D",
        "source_dataset": "VIIRS_SNPP_NRT",
        "acq_datetime_utc": "2026-09-22T13:10:00Z",
        "age_hours": 4.5,
        "confidence_label": "nominal",
        "popup_label": "<strong>NASA FIRMS<\/strong><br>Sensor: VIIRS_SNPP_NRT<br>Fecha UTC: 2026-09-22T13:10:00Z<br>Confianza: nominal<br>FRP: 5.65 MW"
      }
    },
    {
      "type": "Feature",
      "geometry": {
        "type": "Point",
        "coordinates": [-3.2459, 40.7175]
      },
      "properties": {
        "bright_ti4": 349.43,
        "scan": 0.41,
        "track": 0.37,
        "acq_date": "2026-09-22",
        "acq_time": "1310",
        "satellite": "N",
        "instrument": "VIIRS",
        "confidence": "n",
        "version": "2.0NRT",
        "bright_ti5": 313.57,
        "frp": 5.65,
        "daynight": "D",
        "source_dataset": "VIIRS_SNPP_NRT",
        "acq_datetime_utc": "2026-09-22T13:10:00Z",
        "age_hours": 4.5,
        "confidence_label": "nominal",
        "popup_label": "<strong>NASA FIRMS<\/strong><br>Sensor: VIIRS_SNPP_NRT<br>Fecha UTC: 2026-09-22T13:10:00Z<br>Confianza: nominal<br>FRP: 5.65 MW"
      }
    },
    {
      "type": "Feature",
      "geometry": {
        "type": "Point",
        "coordinates": [-3.7772, 40.7884]
      },
      "properties": {
        "bright_ti4": 342.03,
        "scan": 0.43,
        "track": 0.38,
        "acq_date": "2026-09-22",
        "acq_time": "1310",
        "satellite": "N",
        "instrument": "VIIRS",
        "confidence": "n",
        "version": "2.0NRT",
        "bright_ti5": 309.59,
        "frp": 5.36,
        "daynight": "D",
        "source_dataset": "VIIRS_SNPP_NRT",
        "acq_datetime_utc": "2026-09-22T13:10:00Z",
        "age_hours": 4.5,
        "confidence_label": "nominal",
        "popup_label": "<strong>NASA FIRMS<\/strong><br>Sensor: VIIRS_SNPP_NRT<br>Fecha UTC: 2026-09-22T13:10:00Z<br>Confianza: nominal<br>FRP: 5.36 MW"
      }
    },
    {
      "type": "Feature",
      "geometry": {
        "type": "Point",
        "coordinates": [-2.6661, 41.2955]
      },
      "properties": {
        "bright_ti4": 335.18,
        "scan": 0.4,
        "track": 0.37,
        "acq_date": "2026-09-22",
        "acq_time": "1310",
        "satellite": "N",
        "instrument": "VIIRS",
        "confidence": "l",
        "version": "2.0NRT",
        "bright_ti5": 308.7,
        "frp": 2.11,
        "daynight": "D",
        "source_dataset": "VIIRS_SNPP_NRT",
        "acq_datetime_utc": "2026-09-22T13:10:00Z",
        "age_hours": 4.5,
        "confidence_label": "baja",
        "popup_label": "<strong>NASA FIRMS<\/strong><br>Sensor: VIIRS_SNPP_NRT<br>Fecha UTC: 2026-09-22T13:10:00Z<br>Confianza: baja<br>FRP: 2.11 MW"
      }
    },
    {
      "type": "Feature",
      "geometry": {
        "type": "Point",
        "coordinates": [-8.3611, 41.301]
      },
      "properties": {
        "bright_ti4": 336.49,
        "scan": 0.42,
        "track": 0.45,
        "acq_date": "2026-09-22",
        "acq_time": "1310",
        "satellite": "N",
        "instrument": "VIIRS",
        "confidence": "n",
        "version": "2.0NRT",
        "bright_ti5": 305.42,
        "frp": 1.57,
        "daynight": "D",
        "source_dataset": "VIIRS_SNPP_NRT",
        "acq_datetime_utc": "2026-09-22T13:10:00Z",
        "age_hours": 4.5,
        "confidence_label": "nominal",
        "popup_label": "<strong>NASA FIRMS<\/strong><br>Sensor: VIIRS_SNPP_NRT<br>Fecha UTC: 2026-09-22T13:10:00Z<br>Confianza: nominal<br>FRP: 1.57 MW"
      }
    },
    {
      "type": "Feature",
      "geometry": {
        "type": "Point",
        "coordinates": [-8.1616, 41.5238]
      },
      "properties": {
        "bright_ti4": 333.44,
        "scan": 0.41,
        "track": 0.45,
        "acq_date": "2026-09-22",
        "acq_time": "1310",
        "satellite": "N",
        "instrument": "VIIRS",
        "confidence": "l",
        "version": "2.0NRT",
        "bright_ti5": 306.55,
        "frp": 46.69,
        "daynight": "D",
        "source_dataset": "VIIRS_SNPP_NRT",
        "acq_datetime_utc": "2026-09-22T13:10:00Z",
        "age_hours": 4.5,
        "confidence_label": "baja",
        "popup_label": "<strong>NASA FIRMS<\/strong><br>Sensor: VIIRS_SNPP_NRT<br>Fecha UTC: 2026-09-22T13:10:00Z<br>Confianza: baja<br>FRP: 46.69 MW"
      }
    },
    {
      "type": "Feature",
      "geometry": {
        "type": "Point",
        "coordinates": [-8.1568, 41.5249]
      },
      "properties": {
        "bright_ti4": 367,
        "scan": 0.41,
        "track": 0.45,
        "acq_date": "2026-09-22",
        "acq_time": "1310",
        "satellite": "N",
        "instrument": "VIIRS",
        "confidence": "l",
        "version": "2.0NRT",
        "bright_ti5": 328.23,
        "frp": 46.69,
        "daynight": "D",
        "source_dataset": "VIIRS_SNPP_NRT",
        "acq_datetime_utc": "2026-09-22T13:10:00Z",
        "age_hours": 4.5,
        "confidence_label": "baja",
        "popup_label": "<strong>NASA FIRMS<\/strong><br>Sensor: VIIRS_SNPP_NRT<br>Fecha UTC: 2026-09-22T13:10:00Z<br>Confianza: baja<br>FRP: 46.69 MW"
      }
    },
    {
      "type": "Feature",
      "geometry": {
        "type": "Point",
        "coordinates": [-8.3779, 41.8699]
      },
      "properties": {
        "bright_ti4": 341.92,
        "scan": 0.41,
        "track": 0.45,
        "acq_date": "2026-09-22",
        "acq_time": "1310",
        "satellite": "N",
        "instrument": "VIIRS",
        "confidence": "n",
        "version": "2.0NRT",
        "bright_ti5": 305.22,
        "frp": 3.87,
        "daynight": "D",
        "source_dataset": "VIIRS_SNPP_NRT",
        "acq_datetime_utc": "2026-09-22T13:10:00Z",
        "age_hours": 4.5,
        "confidence_label": "nominal",
        "popup_label": "<strong>NASA FIRMS<\/strong><br>Sensor: VIIRS_SNPP_NRT<br>Fecha UTC: 2026-09-22T13:10:00Z<br>Confianza: nominal<br>FRP: 3.87 MW"
      }
    },
    {
      "type": "Feature",
      "geometry": {
        "type": "Point",
        "coordinates": [0.1796, 41.9225]
      },
      "properties": {
        "bright_ti4": 344.51,
        "scan": 0.39,
        "track": 0.36,
        "acq_date": "2026-09-22",
        "acq_time": "1310",
        "satellite": "N",
        "instrument": "VIIRS",
        "confidence": "n",
        "version": "2.0NRT",
        "bright_ti5": 309.08,
        "frp": 3.06,
        "daynight": "D",
        "source_dataset": "VIIRS_SNPP_NRT",
        "acq_datetime_utc": "2026-09-22T13:10:00Z",
        "age_hours": 4.5,
        "confidence_label": "nominal",
        "popup_label": "<strong>NASA FIRMS<\/strong><br>Sensor: VIIRS_SNPP_NRT<br>Fecha UTC: 2026-09-22T13:10:00Z<br>Confianza: nominal<br>FRP: 3.06 MW"
      }
    },
    {
      "type": "Feature",
      "geometry": {
        "type": "Point",
        "coordinates": [-3.9578, 42.1755]
      },
      "properties": {
        "bright_ti4": 338.56,
        "scan": 0.42,
        "track": 0.38,
        "acq_date": "2026-09-22",
        "acq_time": "1310",
        "satellite": "N",
        "instrument": "VIIRS",
        "confidence": "n",
        "version": "2.0NRT",
        "bright_ti5": 307.98,
        "frp": 1.53,
        "daynight": "D",
        "source_dataset": "VIIRS_SNPP_NRT",
        "acq_datetime_utc": "2026-09-22T13:10:00Z",
        "age_hours": 4.5,
        "confidence_label": "nominal",
        "popup_label": "<strong>NASA FIRMS<\/strong><br>Sensor: VIIRS_SNPP_NRT<br>Fecha UTC: 2026-09-22T13:10:00Z<br>Confianza: nominal<br>FRP: 1.53 MW"
      }
    },
    {
      "type": "Feature",
      "geometry": {
        "type": "Point",
        "coordinates": [-3.2509, 42.526]
      },
      "properties": {
        "bright_ti4": 347.5,
        "scan": 0.4,
        "track": 0.37,
        "acq_date": "2026-09-22",
        "acq_time": "1310",
        "satellite": "N",
        "instrument": "VIIRS",
        "confidence": "n",
        "version": "2.0NRT",
        "bright_ti5": 305.1,
        "frp": 4.64,
        "daynight": "D",
        "source_dataset": "VIIRS_SNPP_NRT",
        "acq_datetime_utc": "2026-09-22T13:10:00Z",
        "age_hours": 4.5,
        "confidence_label": "nominal",
        "popup_label": "<strong>NASA FIRMS<\/strong><br>Sensor: VIIRS_SNPP_NRT<br>Fecha UTC: 2026-09-22T13:10:00Z<br>Confianza: nominal<br>FRP: 4.64 MW"
      }
    },
    {
      "type": "Feature",
      "geometry": {
        "type": "Point",
        "coordinates": [-3.2519, 42.5294]
      },
      "properties": {
        "bright_ti4": 339.39,
        "scan": 0.4,
        "track": 0.37,
        "acq_date": "2026-09-22",
        "acq_time": "1310",
        "satellite": "N",
        "instrument": "VIIRS",
        "confidence": "n",
        "version": "2.0NRT",
        "bright_ti5": 305.34,
        "frp": 4.82,
        "daynight": "D",
        "source_dataset": "VIIRS_SNPP_NRT",
        "acq_datetime_utc": "2026-09-22T13:10:00Z",
        "age_hours": 4.5,
        "confidence_label": "nominal",
        "popup_label": "<strong>NASA FIRMS<\/strong><br>Sensor: VIIRS_SNPP_NRT<br>Fecha UTC: 2026-09-22T13:10:00Z<br>Confianza: nominal<br>FRP: 4.82 MW"
      }
    },
    {
      "type": "Feature",
      "geometry": {
        "type": "Point",
        "coordinates": [-3.2471, 42.5302]
      },
      "properties": {
        "bright_ti4": 348.67,
        "scan": 0.4,
        "track": 0.37,
        "acq_date": "2026-09-22",
        "acq_time": "1310",
        "satellite": "N",
        "instrument": "VIIRS",
        "confidence": "n",
        "version": "2.0NRT",
        "bright_ti5": 306.53,
        "frp": 4.02,
        "daynight": "D",
        "source_dataset": "VIIRS_SNPP_NRT",
        "acq_datetime_utc": "2026-09-22T13:10:00Z",
        "age_hours": 4.5,
        "confidence_label": "nominal",
        "popup_label": "<strong>NASA FIRMS<\/strong><br>Sensor: VIIRS_SNPP_NRT<br>Fecha UTC: 2026-09-22T13:10:00Z<br>Confianza: nominal<br>FRP: 4.02 MW"
      }
    },
    {
      "type": "Feature",
      "geometry": {
        "type": "Point",
        "coordinates": [-3.202, 42.531]
      },
      "properties": {
        "bright_ti4": 338.1,
        "scan": 0.4,
        "track": 0.37,
        "acq_date": "2026-09-22",
        "acq_time": "1310",
        "satellite": "N",
        "instrument": "VIIRS",
        "confidence": "n",
        "version": "2.0NRT",
        "bright_ti5": 303.97,
        "frp": 0.97,
        "daynight": "D",
        "source_dataset": "VIIRS_SNPP_NRT",
        "acq_datetime_utc": "2026-09-22T13:10:00Z",
        "age_hours": 4.5,
        "confidence_label": "nominal",
        "popup_label": "<strong>NASA FIRMS<\/strong><br>Sensor: VIIRS_SNPP_NRT<br>Fecha UTC: 2026-09-22T13:10:00Z<br>Confianza: nominal<br>FRP: 0.97 MW"
      }
    },
    {
      "type": "Feature",
      "geometry": {
        "type": "Point",
        "coordinates": [-3.2626, 42.5311]
      },
      "properties": {
        "bright_ti4": 336.47,
        "scan": 0.4,
        "track": 0.37,
        "acq_date": "2026-09-22",
        "acq_time": "1310",
        "satellite": "N",
        "instrument": "VIIRS",
        "confidence": "n",
        "version": "2.0NRT",
        "bright_ti5": 305.07,
        "frp": 4.21,
        "daynight": "D",
        "source_dataset": "VIIRS_SNPP_NRT",
        "acq_datetime_utc": "2026-09-22T13:10:00Z",
        "age_hours": 4.5,
        "confidence_label": "nominal",
        "popup_label": "<strong>NASA FIRMS<\/strong><br>Sensor: VIIRS_SNPP_NRT<br>Fecha UTC: 2026-09-22T13:10:00Z<br>Confianza: nominal<br>FRP: 4.21 MW"
      }
    },
    {
      "type": "Feature",
      "geometry": {
        "type": "Point",
        "coordinates": [-3.1972, 42.5318]
      },
      "properties": {
        "bright_ti4": 339.32,
        "scan": 0.4,
        "track": 0.37,
        "acq_date": "2026-09-22",
        "acq_time": "1310",
        "satellite": "N",
        "instrument": "VIIRS",
        "confidence": "n",
        "version": "2.0NRT",
        "bright_ti5": 305.73,
        "frp": 2.32,
        "daynight": "D",
        "source_dataset": "VIIRS_SNPP_NRT",
        "acq_datetime_utc": "2026-09-22T13:10:00Z",
        "age_hours": 4.5,
        "confidence_label": "nominal",
        "popup_label": "<strong>NASA FIRMS<\/strong><br>Sensor: VIIRS_SNPP_NRT<br>Fecha UTC: 2026-09-22T13:10:00Z<br>Confianza: nominal<br>FRP: 2.32 MW"
      }
    },
    {
      "type": "Feature",
      "geometry": {
        "type": "Point",
        "coordinates": [-3.1828, 42.5343]
      },
      "properties": {
        "bright_ti4": 348.16,
        "scan": 0.4,
        "track": 0.37,
        "acq_date": "2026-09-22",
        "acq_time": "1310",
        "satellite": "N",
        "instrument": "VIIRS",
        "confidence": "n",
        "version": "2.0NRT",
        "bright_ti5": 304.91,
        "frp": 2.51,
        "daynight": "D",
        "source_dataset": "VIIRS_SNPP_NRT",
        "acq_datetime_utc": "2026-09-22T13:10:00Z",
        "age_hours": 4.5,
        "confidence_label": "nominal",
        "popup_label": "<strong>NASA FIRMS<\/strong><br>Sensor: VIIRS_SNPP_NRT<br>Fecha UTC: 2026-09-22T13:10:00Z<br>Confianza: nominal<br>FRP: 2.51 MW"
      }
    },
    {
      "type": "Feature",
      "geometry": {
        "type": "Point",
        "coordinates": [-3.2588, 42.5352]
      },
      "properties": {
        "bright_ti4": 336.58,
        "scan": 0.4,
        "track": 0.37,
        "acq_date": "2026-09-22",
        "acq_time": "1310",
        "satellite": "N",
        "instrument": "VIIRS",
        "confidence": "n",
        "version": "2.0NRT",
        "bright_ti5": 305.38,
        "frp": 2.35,
        "daynight": "D",
        "source_dataset": "VIIRS_SNPP_NRT",
        "acq_datetime_utc": "2026-09-22T13:10:00Z",
        "age_hours": 4.5,
        "confidence_label": "nominal",
        "popup_label": "<strong>NASA FIRMS<\/strong><br>Sensor: VIIRS_SNPP_NRT<br>Fecha UTC: 2026-09-22T13:10:00Z<br>Confianza: nominal<br>FRP: 2.35 MW"
      }
    },
    {
      "type": "Feature",
      "geometry": {
        "type": "Point",
        "coordinates": [-3.1886, 42.5368]
      },
      "properties": {
        "bright_ti4": 335.46,
        "scan": 0.4,
        "track": 0.37,
        "acq_date": "2026-09-22",
        "acq_time": "1310",
        "satellite": "N",
        "instrument": "VIIRS",
        "confidence": "n",
        "version": "2.0NRT",
        "bright_ti5": 304.87,
        "frp": 2.51,
        "daynight": "D",
        "source_dataset": "VIIRS_SNPP_NRT",
        "acq_datetime_utc": "2026-09-22T13:10:00Z",
        "age_hours": 4.5,
        "confidence_label": "nominal",
        "popup_label": "<strong>NASA FIRMS<\/strong><br>Sensor: VIIRS_SNPP_NRT<br>Fecha UTC: 2026-09-22T13:10:00Z<br>Confianza: nominal<br>FRP: 2.51 MW"
      }
    },
    {
      "type": "Feature",
      "geometry": {
        "type": "Point",
        "coordinates": [-3.1838, 42.5376]
      },
      "properties": {
        "bright_ti4": 337.39,
        "scan": 0.4,
        "track": 0.37,
        "acq_date": "2026-09-22",
        "acq_time": "1310",
        "satellite": "N",
        "instrument": "VIIRS",
        "confidence": "n",
        "version": "2.0NRT",
        "bright_ti5": 305.14,
        "frp": 2.51,
        "daynight": "D",
        "source_dataset": "VIIRS_SNPP_NRT",
        "acq_datetime_utc": "2026-09-22T13:10:00Z",
        "age_hours": 4.5,
        "confidence_label": "nominal",
        "popup_label": "<strong>NASA FIRMS<\/strong><br>Sensor: VIIRS_SNPP_NRT<br>Fecha UTC: 2026-09-22T13:10:00Z<br>Confianza: nominal<br>FRP: 2.51 MW"
      }
    },
    {
      "type": "Feature",
      "geometry": {
        "type": "Point",
        "coordinates": [-3.2598, 42.5385]
      },
      "properties": {
        "bright_ti4": 336.12,
        "scan": 0.4,
        "track": 0.37,
        "acq_date": "2026-09-22",
        "acq_time": "1310",
        "satellite": "N",
        "instrument": "VIIRS",
        "confidence": "n",
        "version": "2.0NRT",
        "bright_ti5": 305.77,
        "frp": 2.35,
        "daynight": "D",
        "source_dataset": "VIIRS_SNPP_NRT",
        "acq_datetime_utc": "2026-09-22T13:10:00Z",
        "age_hours": 4.5,
        "confidence_label": "nominal",
        "popup_label": "<strong>NASA FIRMS<\/strong><br>Sensor: VIIRS_SNPP_NRT<br>Fecha UTC: 2026-09-22T13:10:00Z<br>Confianza: nominal<br>FRP: 2.35 MW"
      }
    },
    {
      "type": "Feature",
      "geometry": {
        "type": "Point",
        "coordinates": [-3.255, 42.5393]
      },
      "properties": {
        "bright_ti4": 343.08,
        "scan": 0.4,
        "track": 0.37,
        "acq_date": "2026-09-22",
        "acq_time": "1310",
        "satellite": "N",
        "instrument": "VIIRS",
        "confidence": "n",
        "version": "2.0NRT",
        "bright_ti5": 304.62,
        "frp": 2.35,
        "daynight": "D",
        "source_dataset": "VIIRS_SNPP_NRT",
        "acq_datetime_utc": "2026-09-22T13:10:00Z",
        "age_hours": 4.5,
        "confidence_label": "nominal",
        "popup_label": "<strong>NASA FIRMS<\/strong><br>Sensor: VIIRS_SNPP_NRT<br>Fecha UTC: 2026-09-22T13:10:00Z<br>Confianza: nominal<br>FRP: 2.35 MW"
      }
    },
    {
      "type": "Feature",
      "geometry": {
        "type": "Point",
        "coordinates": [-3.2503, 42.5402]
      },
      "properties": {
        "bright_ti4": 336.53,
        "scan": 0.4,
        "track": 0.37,
        "acq_date": "2026-09-22",
        "acq_time": "1310",
        "satellite": "N",
        "instrument": "VIIRS",
        "confidence": "n",
        "version": "2.0NRT",
        "bright_ti5": 303.16,
        "frp": 1.36,
        "daynight": "D",
        "source_dataset": "VIIRS_SNPP_NRT",
        "acq_datetime_utc": "2026-09-22T13:10:00Z",
        "age_hours": 4.5,
        "confidence_label": "nominal",
        "popup_label": "<strong>NASA FIRMS<\/strong><br>Sensor: VIIRS_SNPP_NRT<br>Fecha UTC: 2026-09-22T13:10:00Z<br>Confianza: nominal<br>FRP: 1.36 MW"
      }
    },
    {
      "type": "Feature",
      "geometry": {
        "type": "Point",
        "coordinates": [-3.148, 42.5682]
      },
      "properties": {
        "bright_ti4": 348.66,
        "scan": 0.4,
        "track": 0.37,
        "acq_date": "2026-09-22",
        "acq_time": "1310",
        "satellite": "N",
        "instrument": "VIIRS",
        "confidence": "n",
        "version": "2.0NRT",
        "bright_ti5": 305.26,
        "frp": 3.76,
        "daynight": "D",
        "source_dataset": "VIIRS_SNPP_NRT",
        "acq_datetime_utc": "2026-09-22T13:10:00Z",
        "age_hours": 4.5,
        "confidence_label": "nominal",
        "popup_label": "<strong>NASA FIRMS<\/strong><br>Sensor: VIIRS_SNPP_NRT<br>Fecha UTC: 2026-09-22T13:10:00Z<br>Confianza: nominal<br>FRP: 3.76 MW"
      }
    },
    {
      "type": "Feature",
      "geometry": {
        "type": "Point",
        "coordinates": [-3.1491, 42.5715]
      },
      "properties": {
        "bright_ti4": 348.4,
        "scan": 0.4,
        "track": 0.37,
        "acq_date": "2026-09-22",
        "acq_time": "1310",
        "satellite": "N",
        "instrument": "VIIRS",
        "confidence": "n",
        "version": "2.0NRT",
        "bright_ti5": 303.19,
        "frp": 3.76,
        "daynight": "D",
        "source_dataset": "VIIRS_SNPP_NRT",
        "acq_datetime_utc": "2026-09-22T13:10:00Z",
        "age_hours": 4.5,
        "confidence_label": "nominal",
        "popup_label": "<strong>NASA FIRMS<\/strong><br>Sensor: VIIRS_SNPP_NRT<br>Fecha UTC: 2026-09-22T13:10:00Z<br>Confianza: nominal<br>FRP: 3.76 MW"
      }
    },
    {
      "type": "Feature",
      "geometry": {
        "type": "Point",
        "coordinates": [-3.1443, 42.5723]
      },
      "properties": {
        "bright_ti4": 350.07,
        "scan": 0.4,
        "track": 0.37,
        "acq_date": "2026-09-22",
        "acq_time": "1310",
        "satellite": "N",
        "instrument": "VIIRS",
        "confidence": "n",
        "version": "2.0NRT",
        "bright_ti5": 304.25,
        "frp": 3.76,
        "daynight": "D",
        "source_dataset": "VIIRS_SNPP_NRT",
        "acq_datetime_utc": "2026-09-22T13:10:00Z",
        "age_hours": 4.5,
        "confidence_label": "nominal",
        "popup_label": "<strong>NASA FIRMS<\/strong><br>Sensor: VIIRS_SNPP_NRT<br>Fecha UTC: 2026-09-22T13:10:00Z<br>Confianza: nominal<br>FRP: 3.76 MW"
      }
    },
    {
      "type": "Feature",
      "geometry": {
        "type": "Point",
        "coordinates": [-3.1453, 42.5756]
      },
      "properties": {
        "bright_ti4": 336.27,
        "scan": 0.4,
        "track": 0.37,
        "acq_date": "2026-09-22",
        "acq_time": "1310",
        "satellite": "N",
        "instrument": "VIIRS",
        "confidence": "n",
        "version": "2.0NRT",
        "bright_ti5": 303.19,
        "frp": 2.49,
        "daynight": "D",
        "source_dataset": "VIIRS_SNPP_NRT",
        "acq_datetime_utc": "2026-09-22T13:10:00Z",
        "age_hours": 4.5,
        "confidence_label": "nominal",
        "popup_label": "<strong>NASA FIRMS<\/strong><br>Sensor: VIIRS_SNPP_NRT<br>Fecha UTC: 2026-09-22T13:10:00Z<br>Confianza: nominal<br>FRP: 2.49 MW"
      }
    },
    {
      "type": "Feature",
      "geometry": {
        "type": "Point",
        "coordinates": [-3.3099, 42.6251]
      },
      "properties": {
        "bright_ti4": 337.38,
        "scan": 0.4,
        "track": 0.37,
        "acq_date": "2026-09-22",
        "acq_time": "1310",
        "satellite": "N",
        "instrument": "VIIRS",
        "confidence": "n",
        "version": "2.0NRT",
        "bright_ti5": 301.95,
        "frp": 2.42,
        "daynight": "D",
        "source_dataset": "VIIRS_SNPP_NRT",
        "acq_datetime_utc": "2026-09-22T13:10:00Z",
        "age_hours": 4.5,
        "confidence_label": "nominal",
        "popup_label": "<strong>NASA FIRMS<\/strong><br>Sensor: VIIRS_SNPP_NRT<br>Fecha UTC: 2026-09-22T13:10:00Z<br>Confianza: nominal<br>FRP: 2.42 MW"
      }
    },
    {
      "type": "Feature",
      "geometry": {
        "type": "Point",
        "coordinates": [1.769, 42.6945]
      },
      "properties": {
        "bright_ti4": 347.5,
        "scan": 0.42,
        "track": 0.38,
        "acq_date": "2026-09-22",
        "acq_time": "1310",
        "satellite": "N",
        "instrument": "VIIRS",
        "confidence": "n",
        "version": "2.0NRT",
        "bright_ti5": 314.44,
        "frp": 20.68,
        "daynight": "D",
        "source_dataset": "VIIRS_SNPP_NRT",
        "acq_datetime_utc": "2026-09-22T13:10:00Z",
        "age_hours": 4.5,
        "confidence_label": "nominal",
        "popup_label": "<strong>NASA FIRMS<\/strong><br>Sensor: VIIRS_SNPP_NRT<br>Fecha UTC: 2026-09-22T13:10:00Z<br>Confianza: nominal<br>FRP: 20.68 MW"
      }
    },
    {
      "type": "Feature",
      "geometry": {
        "type": "Point",
        "coordinates": [1.7681, 42.6979]
      },
      "properties": {
        "bright_ti4": 340.02,
        "scan": 0.42,
        "track": 0.38,
        "acq_date": "2026-09-22",
        "acq_time": "1310",
        "satellite": "N",
        "instrument": "VIIRS",
        "confidence": "n",
        "version": "2.0NRT",
        "bright_ti5": 299.72,
        "frp": 20.68,
        "daynight": "D",
        "source_dataset": "VIIRS_SNPP_NRT",
        "acq_datetime_utc": "2026-09-22T13:10:00Z",
        "age_hours": 4.5,
        "confidence_label": "nominal",
        "popup_label": "<strong>NASA FIRMS<\/strong><br>Sensor: VIIRS_SNPP_NRT<br>Fecha UTC: 2026-09-22T13:10:00Z<br>Confianza: nominal<br>FRP: 20.68 MW"
      }
    },
    {
      "type": "Feature",
      "geometry": {
        "type": "Point",
        "coordinates": [1.4095, 43.9067]
      },
      "properties": {
        "bright_ti4": 337.2,
        "scan": 0.42,
        "track": 0.38,
        "acq_date": "2026-09-22",
        "acq_time": "1310",
        "satellite": "N",
        "instrument": "VIIRS",
        "confidence": "n",
        "version": "2.0NRT",
        "bright_ti5": 308.25,
        "frp": 3.74,
        "daynight": "D",
        "source_dataset": "VIIRS_SNPP_NRT",
        "acq_datetime_utc": "2026-09-22T13:10:00Z",
        "age_hours": 4.5,
        "confidence_label": "nominal",
        "popup_label": "<strong>NASA FIRMS<\/strong><br>Sensor: VIIRS_SNPP_NRT<br>Fecha UTC: 2026-09-22T13:10:00Z<br>Confianza: nominal<br>FRP: 3.74 MW"
      }
    },
    {
      "type": "Feature",
      "geometry": {
        "type": "Point",
        "coordinates": [1.4068, 43.907]
      },
      "properties": {
        "bright_ti4": 334.43,
        "scan": 0.43,
        "track": 0.38,
        "acq_date": "2026-09-22",
        "acq_time": "1310",
        "satellite": "N",
        "instrument": "VIIRS",
        "confidence": "l",
        "version": "2.0NRT",
        "bright_ti5": 307.65,
        "frp": 3,
        "daynight": "D",
        "source_dataset": "VIIRS_SNPP_NRT",
        "acq_datetime_utc": "2026-09-22T13:10:00Z",
        "age_hours": 4.5,
        "confidence_label": "baja",
        "popup_label": "<strong>NASA FIRMS<\/strong><br>Sensor: VIIRS_SNPP_NRT<br>Fecha UTC: 2026-09-22T13:10:00Z<br>Confianza: baja<br>FRP: 3 MW"
      }
    },
    {
      "type": "Feature",
      "geometry": {
        "type": "Point",
        "coordinates": [-9.7538, 30.9439]
      },
      "properties": {
        "bright_ti4": 337.3,
        "scan": 0.44,
        "track": 0.62,
        "acq_date": "2026-09-22",
        "acq_time": "1308",
        "satellite": "N",
        "instrument": "VIIRS",
        "confidence": "n",
        "version": "2.0NRT",
        "bright_ti5": 302.31,
        "frp": 2.46,
        "daynight": "D",
        "source_dataset": "VIIRS_SNPP_NRT",
        "acq_datetime_utc": "2026-09-22T13:08:00Z",
        "age_hours": 4.5,
        "confidence_label": "nominal",
        "popup_label": "<strong>NASA FIRMS<\/strong><br>Sensor: VIIRS_SNPP_NRT<br>Fecha UTC: 2026-09-22T13:08:00Z<br>Confianza: nominal<br>FRP: 2.46 MW"
      }
    },
    {
      "type": "Feature",
      "geometry": {
        "type": "Point",
        "coordinates": [3.1456, 32.985]
      },
      "properties": {
        "bright_ti4": 337.32,
        "scan": 0.39,
        "track": 0.36,
        "acq_date": "2026-09-22",
        "acq_time": "1308",
        "satellite": "N",
        "instrument": "VIIRS",
        "confidence": "n",
        "version": "2.0NRT",
        "bright_ti5": 299.84,
        "frp": 4.92,
        "daynight": "D",
        "source_dataset": "VIIRS_SNPP_NRT",
        "acq_datetime_utc": "2026-09-22T13:08:00Z",
        "age_hours": 4.5,
        "confidence_label": "nominal",
        "popup_label": "<strong>NASA FIRMS<\/strong><br>Sensor: VIIRS_SNPP_NRT<br>Fecha UTC: 2026-09-22T13:08:00Z<br>Confianza: nominal<br>FRP: 4.92 MW"
      }
    },
    {
      "type": "Feature",
      "geometry": {
        "type": "Point",
        "coordinates": [-7.1458, 33.6022]
      },
      "properties": {
        "bright_ti4": 367,
        "scan": 0.54,
        "track": 0.51,
        "acq_date": "2026-09-22",
        "acq_time": "1308",
        "satellite": "N",
        "instrument": "VIIRS",
        "confidence": "h",
        "version": "2.0NRT",
        "bright_ti5": 312.44,
        "frp": 10.62,
        "daynight": "D",
        "source_dataset": "VIIRS_SNPP_NRT",
        "acq_datetime_utc": "2026-09-22T13:08:00Z",
        "age_hours": 4.5,
        "confidence_label": "alta",
        "popup_label": "<strong>NASA FIRMS<\/strong><br>Sensor: VIIRS_SNPP_NRT<br>Fecha UTC: 2026-09-22T13:08:00Z<br>Confianza: alta<br>FRP: 10.62 MW"
      }
    },
    {
      "type": "Feature",
      "geometry": {
        "type": "Point",
        "coordinates": [-7.1473, 33.6068]
      },
      "properties": {
        "bright_ti4": 354.21,
        "scan": 0.54,
        "track": 0.51,
        "acq_date": "2026-09-22",
        "acq_time": "1308",
        "satellite": "N",
        "instrument": "VIIRS",
        "confidence": "n",
        "version": "2.0NRT",
        "bright_ti5": 311.28,
        "frp": 10.62,
        "daynight": "D",
        "source_dataset": "VIIRS_SNPP_NRT",
        "acq_datetime_utc": "2026-09-22T13:08:00Z",
        "age_hours": 4.5,
        "confidence_label": "nominal",
        "popup_label": "<strong>NASA FIRMS<\/strong><br>Sensor: VIIRS_SNPP_NRT<br>Fecha UTC: 2026-09-22T13:08:00Z<br>Confianza: nominal<br>FRP: 10.62 MW"
      }
    },
    {
      "type": "Feature",
      "geometry": {
        "type": "Point",
        "coordinates": [2.661, 33.8723]
      },
      "properties": {
        "bright_ti4": 335.94,
        "scan": 0.39,
        "track": 0.36,
        "acq_date": "2026-09-22",
        "acq_time": "1308",
        "satellite": "N",
        "instrument": "VIIRS",
        "confidence": "n",
        "version": "2.0NRT",
        "bright_ti5": 302.19,
        "frp": 1.05,
        "daynight": "D",
        "source_dataset": "VIIRS_SNPP_NRT",
        "acq_datetime_utc": "2026-09-22T13:08:00Z",
        "age_hours": 4.5,
        "confidence_label": "nominal",
        "popup_label": "<strong>NASA FIRMS<\/strong><br>Sensor: VIIRS_SNPP_NRT<br>Fecha UTC: 2026-09-22T13:08:00Z<br>Confianza: nominal<br>FRP: 1.05 MW"
      }
    },
    {
      "type": "Feature",
      "geometry": {
        "type": "Point",
        "coordinates": [-5.7435, 35.7373]
      },
      "properties": {
        "bright_ti4": 341.16,
        "scan": 0.41,
        "track": 0.45,
        "acq_date": "2026-09-22",
        "acq_time": "1308",
        "satellite": "N",
        "instrument": "VIIRS",
        "confidence": "n",
        "version": "2.0NRT",
        "bright_ti5": 307.28,
        "frp": 3.07,
        "daynight": "D",
        "source_dataset": "VIIRS_SNPP_NRT",
        "acq_datetime_utc": "2026-09-22T13:08:00Z",
        "age_hours": 4.5,
        "confidence_label": "nominal",
        "popup_label": "<strong>NASA FIRMS<\/strong><br>Sensor: VIIRS_SNPP_NRT<br>Fecha UTC: 2026-09-22T13:08:00Z<br>Confianza: nominal<br>FRP: 3.07 MW"
      }
    },
    {
      "type": "Feature",
      "geometry": {
        "type": "Point",
        "coordinates": [-0.2538, 35.8074]
      },
      "properties": {
        "bright_ti4": 345.16,
        "scan": 0.39,
        "track": 0.36,
        "acq_date": "2026-09-22",
        "acq_time": "1308",
        "satellite": "N",
        "instrument": "VIIRS",
        "confidence": "n",
        "version": "2.0NRT",
        "bright_ti5": 306.61,
        "frp": 10.11,
        "daynight": "D",
        "source_dataset": "VIIRS_SNPP_NRT",
        "acq_datetime_utc": "2026-09-22T13:08:00Z",
        "age_hours": 4.5,
        "confidence_label": "nominal",
        "popup_label": "<strong>NASA FIRMS<\/strong><br>Sensor: VIIRS_SNPP_NRT<br>Fecha UTC: 2026-09-22T13:08:00Z<br>Confianza: nominal<br>FRP: 10.11 MW"
      }
    },
    {
      "type": "Feature",
      "geometry": {
        "type": "Point",
        "coordinates": [-0.2546, 35.8107]
      },
      "properties": {
        "bright_ti4": 343.98,
        "scan": 0.39,
        "track": 0.36,
        "acq_date": "2026-09-22",
        "acq_time": "1308",
        "satellite": "N",
        "instrument": "VIIRS",
        "confidence": "n",
        "version": "2.0NRT",
        "bright_ti5": 307.29,
        "frp": 10.11,
        "daynight": "D",
        "source_dataset": "VIIRS_SNPP_NRT",
        "acq_datetime_utc": "2026-09-22T13:08:00Z",
        "age_hours": 4.5,
        "confidence_label": "nominal",
        "popup_label": "<strong>NASA FIRMS<\/strong><br>Sensor: VIIRS_SNPP_NRT<br>Fecha UTC: 2026-09-22T13:08:00Z<br>Confianza: nominal<br>FRP: 10.11 MW"
      }
    },
    {
      "type": "Feature",
      "geometry": {
        "type": "Point",
        "coordinates": [-0.3247, 35.8233]
      },
      "properties": {
        "bright_ti4": 339.16,
        "scan": 0.39,
        "track": 0.36,
        "acq_date": "2026-09-22",
        "acq_time": "1308",
        "satellite": "N",
        "instrument": "VIIRS",
        "confidence": "n",
        "version": "2.0NRT",
        "bright_ti5": 308.93,
        "frp": 2.81,
        "daynight": "D",
        "source_dataset": "VIIRS_SNPP_NRT",
        "acq_datetime_utc": "2026-09-22T13:08:00Z",
        "age_hours": 4.5,
        "confidence_label": "nominal",
        "popup_label": "<strong>NASA FIRMS<\/strong><br>Sensor: VIIRS_SNPP_NRT<br>Fecha UTC: 2026-09-22T13:08:00Z<br>Confianza: nominal<br>FRP: 2.81 MW"
      }
    },
    {
      "type": "Feature",
      "geometry": {
        "type": "Point",
        "coordinates": [2.7513, 36.4733]
      },
      "properties": {
        "bright_ti4": 333.08,
        "scan": 0.4,
        "track": 0.37,
        "acq_date": "2026-09-22",
        "acq_time": "1308",
        "satellite": "N",
        "instrument": "VIIRS",
        "confidence": "n",
        "version": "2.0NRT",
        "bright_ti5": 303.64,
        "frp": 2.73,
        "daynight": "D",
        "source_dataset": "VIIRS_SNPP_NRT",
        "acq_datetime_utc": "2026-09-22T13:08:00Z",
        "age_hours": 4.5,
        "confidence_label": "nominal",
        "popup_label": "<strong>NASA FIRMS<\/strong><br>Sensor: VIIRS_SNPP_NRT<br>Fecha UTC: 2026-09-22T13:08:00Z<br>Confianza: nominal<br>FRP: 2.73 MW"
      }
    },
    {
      "type": "Feature",
      "geometry": {
        "type": "Point",
        "coordinates": [-5.891, 36.8006]
      },
      "properties": {
        "bright_ti4": 339.49,
        "scan": 0.4,
        "track": 0.44,
        "acq_date": "2026-09-22",
        "acq_time": "1308",
        "satellite": "N",
        "instrument": "VIIRS",
        "confidence": "l",
        "version": "2.0NRT",
        "bright_ti5": 311.43,
        "frp": 3.42,
        "daynight": "D",
        "source_dataset": "VIIRS_SNPP_NRT",
        "acq_datetime_utc": "2026-09-22T13:08:00Z",
        "age_hours": 4.5,
        "confidence_label": "baja",
        "popup_label": "<strong>NASA FIRMS<\/strong><br>Sensor: VIIRS_SNPP_NRT<br>Fecha UTC: 2026-09-22T13:08:00Z<br>Confianza: baja<br>FRP: 3.42 MW"
      }
    },
    {
      "type": "Feature",
      "geometry": {
        "type": "Point",
        "coordinates": [-5.8923, 36.8045]
      },
      "properties": {
        "bright_ti4": 354.33,
        "scan": 0.4,
        "track": 0.44,
        "acq_date": "2026-09-22",
        "acq_time": "1308",
        "satellite": "N",
        "instrument": "VIIRS",
        "confidence": "n",
        "version": "2.0NRT",
        "bright_ti5": 313.03,
        "frp": 8.1,
        "daynight": "D",
        "source_dataset": "VIIRS_SNPP_NRT",
        "acq_datetime_utc": "2026-09-22T13:08:00Z",
        "age_hours": 4.5,
        "confidence_label": "nominal",
        "popup_label": "<strong>NASA FIRMS<\/strong><br>Sensor: VIIRS_SNPP_NRT<br>Fecha UTC: 2026-09-22T13:08:00Z<br>Confianza: nominal<br>FRP: 8.1 MW"
      }
    },
    {
      "type": "Feature",
      "geometry": {
        "type": "Point",
        "coordinates": [-5.6173, 37.2752]
      },
      "properties": {
        "bright_ti4": 337.99,
        "scan": 0.57,
        "track": 0.43,
        "acq_date": "2026-09-22",
        "acq_time": "1308",
        "satellite": "N",
        "instrument": "VIIRS",
        "confidence": "l",
        "version": "2.0NRT",
        "bright_ti5": 311.83,
        "frp": 2.87,
        "daynight": "D",
        "source_dataset": "VIIRS_SNPP_NRT",
        "acq_datetime_utc": "2026-09-22T13:08:00Z",
        "age_hours": 4.5,
        "confidence_label": "baja",
        "popup_label": "<strong>NASA FIRMS<\/strong><br>Sensor: VIIRS_SNPP_NRT<br>Fecha UTC: 2026-09-22T13:08:00Z<br>Confianza: baja<br>FRP: 2.87 MW"
      }
    },
    {
      "type": "Feature",
      "geometry": {
        "type": "Point",
        "coordinates": [-5.3994, 37.4032]
      },
      "properties": {
        "bright_ti4": 346.32,
        "scan": 0.55,
        "track": 0.43,
        "acq_date": "2026-09-22",
        "acq_time": "1308",
        "satellite": "N",
        "instrument": "VIIRS",
        "confidence": "n",
        "version": "2.0NRT",
        "bright_ti5": 313.86,
        "frp": 40.13,
        "daynight": "D",
        "source_dataset": "VIIRS_SNPP_NRT",
        "acq_datetime_utc": "2026-09-22T13:08:00Z",
        "age_hours": 4.5,
        "confidence_label": "nominal",
        "popup_label": "<strong>NASA FIRMS<\/strong><br>Sensor: VIIRS_SNPP_NRT<br>Fecha UTC: 2026-09-22T13:08:00Z<br>Confianza: nominal<br>FRP: 40.13 MW"
      }
    },
    {
      "type": "Feature",
      "geometry": {
        "type": "Point",
        "coordinates": [-1.5791, 37.6112]
      },
      "properties": {
        "bright_ti4": 335.35,
        "scan": 0.4,
        "track": 0.37,
        "acq_date": "2026-09-22",
        "acq_time": "1308",
        "satellite": "N",
        "instrument": "VIIRS",
        "confidence": "n",
        "version": "2.0NRT",
        "bright_ti5": 307.83,
        "frp": 6.78,
        "daynight": "D",
        "source_dataset": "VIIRS_SNPP_NRT",
        "acq_datetime_utc": "2026-09-22T13:08:00Z",
        "age_hours": 4.5,
        "confidence_label": "nominal",
        "popup_label": "<strong>NASA FIRMS<\/strong><br>Sensor: VIIRS_SNPP_NRT<br>Fecha UTC: 2026-09-22T13:08:00Z<br>Confianza: nominal<br>FRP: 6.78 MW"
      }
    },
    {
      "type": "Feature",
      "geometry": {
        "type": "Point",
        "coordinates": [-4.5011, 37.7722]
      },
      "properties": {
        "bright_ti4": 344.15,
        "scan": 0.5,
        "track": 0.41,
        "acq_date": "2026-09-22",
        "acq_time": "1308",
        "satellite": "N",
        "instrument": "VIIRS",
        "confidence": "n",
        "version": "2.0NRT",
        "bright_ti5": 307.64,
        "frp": 5.32,
        "daynight": "D",
        "source_dataset": "VIIRS_SNPP_NRT",
        "acq_datetime_utc": "2026-09-22T13:08:00Z",
        "age_hours": 4.5,
        "confidence_label": "nominal",
        "popup_label": "<strong>NASA FIRMS<\/strong><br>Sensor: VIIRS_SNPP_NRT<br>Fecha UTC: 2026-09-22T13:08:00Z<br>Confianza: nominal<br>FRP: 5.32 MW"
      }
    },
    {
      "type": "Feature",
      "geometry": {
        "type": "Point",
        "coordinates": [-6.027, 34.587]
      },
      "properties": {
        "bright_ti4": 303.23,
        "scan": 0.65,
        "track": 0.73,
        "acq_date": "2026-09-22",
        "acq_time": "0328",
        "satellite": "N",
        "instrument": "VIIRS",
        "confidence": "n",
        "version": "2.0NRT",
        "bright_ti5": 290.75,
        "frp": 1.04,
        "daynight": "N",
        "source_dataset": "VIIRS_SNPP_NRT",
        "acq_datetime_utc": "2026-09-22T03:28:00Z",
        "age_hours": 14.2,
        "confidence_label": "nominal",
        "popup_label": "<strong>NASA FIRMS<\/strong><br>Sensor: VIIRS_SNPP_NRT<br>Fecha UTC: 2026-09-22T03:28:00Z<br>Confianza: nominal<br>FRP: 1.04 MW"
      }
    },
    {
      "type": "Feature",
      "geometry": {
        "type": "Point",
        "coordinates": [-9.0777, 38.628]
      },
      "properties": {
        "bright_ti4": 306.01,
        "scan": 0.35,
        "track": 0.57,
        "acq_date": "2026-09-22",
        "acq_time": "0328",
        "satellite": "N",
        "instrument": "VIIRS",
        "confidence": "n",
        "version": "2.0NRT",
        "bright_ti5": 292.98,
        "frp": 0.49,
        "daynight": "N",
        "source_dataset": "VIIRS_SNPP_NRT",
        "acq_datetime_utc": "2026-09-22T03:28:00Z",
        "age_hours": 14.2,
        "confidence_label": "nominal",
        "popup_label": "<strong>NASA FIRMS<\/strong><br>Sensor: VIIRS_SNPP_NRT<br>Fecha UTC: 2026-09-22T03:28:00Z<br>Confianza: nominal<br>FRP: 0.49 MW"
      }
    },
    {
      "type": "Feature",
      "geometry": {
        "type": "Point",
        "coordinates": [-9.0097, 38.9231]
      },
      "properties": {
        "bright_ti4": 305.29,
        "scan": 0.35,
        "track": 0.57,
        "acq_date": "2026-09-22",
        "acq_time": "0328",
        "satellite": "N",
        "instrument": "VIIRS",
        "confidence": "n",
        "version": "2.0NRT",
        "bright_ti5": 293.33,
        "frp": 1.05,
        "daynight": "N",
        "source_dataset": "VIIRS_SNPP_NRT",
        "acq_datetime_utc": "2026-09-22T03:28:00Z",
        "age_hours": 14.2,
        "confidence_label": "nominal",
        "popup_label": "<strong>NASA FIRMS<\/strong><br>Sensor: VIIRS_SNPP_NRT<br>Fecha UTC: 2026-09-22T03:28:00Z<br>Confianza: nominal<br>FRP: 1.05 MW"
      }
    },
    {
      "type": "Feature",
      "geometry": {
        "type": "Point",
        "coordinates": [-8.9064, 39.6865]
      },
      "properties": {
        "bright_ti4": 306.42,
        "scan": 0.34,
        "track": 0.56,
        "acq_date": "2026-09-22",
        "acq_time": "0328",
        "satellite": "N",
        "instrument": "VIIRS",
        "confidence": "n",
        "version": "2.0NRT",
        "bright_ti5": 292.11,
        "frp": 0.86,
        "daynight": "N",
        "source_dataset": "VIIRS_SNPP_NRT",
        "acq_datetime_utc": "2026-09-22T03:28:00Z",
        "age_hours": 14.2,
        "confidence_label": "nominal",
        "popup_label": "<strong>NASA FIRMS<\/strong><br>Sensor: VIIRS_SNPP_NRT<br>Fecha UTC: 2026-09-22T03:28:00Z<br>Confianza: nominal<br>FRP: 0.86 MW"
      }
    },
    {
      "type": "Feature",
      "geometry": {
        "type": "Point",
        "coordinates": [-7.7748, 39.8382]
      },
      "properties": {
        "bright_ti4": 307.73,
        "scan": 0.38,
        "track": 0.59,
        "acq_date": "2026-09-22",
        "acq_time": "0328",
        "satellite": "N",
        "instrument": "VIIRS",
        "confidence": "n",
        "version": "2.0NRT",
        "bright_ti5": 289.38,
        "frp": 0.6,
        "daynight": "N",
        "source_dataset": "VIIRS_SNPP_NRT",
        "acq_datetime_utc": "2026-09-22T03:28:00Z",
        "age_hours": 14.2,
        "confidence_label": "nominal",
        "popup_label": "<strong>NASA FIRMS<\/strong><br>Sensor: VIIRS_SNPP_NRT<br>Fecha UTC: 2026-09-22T03:28:00Z<br>Confianza: nominal<br>FRP: 0.6 MW"
      }
    },
    {
      "type": "Feature",
      "geometry": {
        "type": "Point",
        "coordinates": [-7.7729, 39.8389]
      },
      "properties": {
        "bright_ti4": 318.63,
        "scan": 0.38,
        "track": 0.59,
        "acq_date": "2026-09-22",
        "acq_time": "0328",
        "satellite": "N",
        "instrument": "VIIRS",
        "confidence": "n",
        "version": "2.0NRT",
        "bright_ti5": 290.27,
        "frp": 0.99,
        "daynight": "N",
        "source_dataset": "VIIRS_SNPP_NRT",
        "acq_datetime_utc": "2026-09-22T03:28:00Z",
        "age_hours": 14.2,
        "confidence_label": "nominal",
        "popup_label": "<strong>NASA FIRMS<\/strong><br>Sensor: VIIRS_SNPP_NRT<br>Fecha UTC: 2026-09-22T03:28:00Z<br>Confianza: nominal<br>FRP: 0.99 MW"
      }
    },
    {
      "type": "Feature",
      "geometry": {
        "type": "Point",
        "coordinates": [-8.4194, 40.2876]
      },
      "properties": {
        "bright_ti4": 304.96,
        "scan": 0.35,
        "track": 0.56,
        "acq_date": "2026-09-22",
        "acq_time": "0328",
        "satellite": "N",
        "instrument": "VIIRS",
        "confidence": "n",
        "version": "2.0NRT",
        "bright_ti5": 289.81,
        "frp": 1.1,
        "daynight": "N",
        "source_dataset": "VIIRS_SNPP_NRT",
        "acq_datetime_utc": "2026-09-22T03:28:00Z",
        "age_hours": 14.2,
        "confidence_label": "nominal",
        "popup_label": "<strong>NASA FIRMS<\/strong><br>Sensor: VIIRS_SNPP_NRT<br>Fecha UTC: 2026-09-22T03:28:00Z<br>Confianza: nominal<br>FRP: 1.1 MW"
      }
    },
    {
      "type": "Feature",
      "geometry": {
        "type": "Point",
        "coordinates": [-8.163, 41.0751]
      },
      "properties": {
        "bright_ti4": 300.56,
        "scan": 0.34,
        "track": 0.56,
        "acq_date": "2026-09-22",
        "acq_time": "0328",
        "satellite": "N",
        "instrument": "VIIRS",
        "confidence": "n",
        "version": "2.0NRT",
        "bright_ti5": 289.98,
        "frp": 0.31,
        "daynight": "N",
        "source_dataset": "VIIRS_SNPP_NRT",
        "acq_datetime_utc": "2026-09-22T03:28:00Z",
        "age_hours": 14.2,
        "confidence_label": "nominal",
        "popup_label": "<strong>NASA FIRMS<\/strong><br>Sensor: VIIRS_SNPP_NRT<br>Fecha UTC: 2026-09-22T03:28:00Z<br>Confianza: nominal<br>FRP: 0.31 MW"
      }
    },
    {
      "type": "Feature",
      "geometry": {
        "type": "Point",
        "coordinates": [-8.5842, 41.2753]
      },
      "properties": {
        "bright_ti4": 304.38,
        "scan": 0.32,
        "track": 0.55,
        "acq_date": "2026-09-22",
        "acq_time": "0328",
        "satellite": "N",
        "instrument": "VIIRS",
        "confidence": "n",
        "version": "2.0NRT",
        "bright_ti5": 293.35,
        "frp": 0.81,
        "daynight": "N",
        "source_dataset": "VIIRS_SNPP_NRT",
        "acq_datetime_utc": "2026-09-22T03:28:00Z",
        "age_hours": 14.2,
        "confidence_label": "nominal",
        "popup_label": "<strong>NASA FIRMS<\/strong><br>Sensor: VIIRS_SNPP_NRT<br>Fecha UTC: 2026-09-22T03:28:00Z<br>Confianza: nominal<br>FRP: 0.81 MW"
      }
    },
    {
      "type": "Feature",
      "geometry": {
        "type": "Point",
        "coordinates": [-3.4713, 40.2457]
      },
      "properties": {
        "bright_ti4": 308.42,
        "scan": 0.6,
        "track": 0.71,
        "acq_date": "2026-09-22",
        "acq_time": "0325",
        "satellite": "N",
        "instrument": "VIIRS",
        "confidence": "n",
        "version": "2.0NRT",
        "bright_ti5": 288.46,
        "frp": 1.86,
        "daynight": "N",
        "source_dataset": "VIIRS_SNPP_NRT",
        "acq_datetime_utc": "2026-09-22T03:25:00Z",
        "age_hours": 14.3,
        "confidence_label": "nominal",
        "popup_label": "<strong>NASA FIRMS<\/strong><br>Sensor: VIIRS_SNPP_NRT<br>Fecha UTC: 2026-09-22T03:25:00Z<br>Confianza: nominal<br>FRP: 1.86 MW"
      }
    },
    {
      "type": "Feature",
      "geometry": {
        "type": "Point",
        "coordinates": [-3.4761, 40.2469]
      },
      "properties": {
        "bright_ti4": 314.89,
        "scan": 0.6,
        "track": 0.71,
        "acq_date": "2026-09-22",
        "acq_time": "0325",
        "satellite": "N",
        "instrument": "VIIRS",
        "confidence": "n",
        "version": "2.0NRT",
        "bright_ti5": 289.32,
        "frp": 2.63,
        "daynight": "N",
        "source_dataset": "VIIRS_SNPP_NRT",
        "acq_datetime_utc": "2026-09-22T03:25:00Z",
        "age_hours": 14.3,
        "confidence_label": "nominal",
        "popup_label": "<strong>NASA FIRMS<\/strong><br>Sensor: VIIRS_SNPP_NRT<br>Fecha UTC: 2026-09-22T03:25:00Z<br>Confianza: nominal<br>FRP: 2.63 MW"
      }
    },
    {
      "type": "Feature",
      "geometry": {
        "type": "Point",
        "coordinates": [-5.7346, 43.5215]
      },
      "properties": {
        "bright_ti4": 309.19,
        "scan": 0.38,
        "track": 0.59,
        "acq_date": "2026-09-22",
        "acq_time": "0325",
        "satellite": "N",
        "instrument": "VIIRS",
        "confidence": "n",
        "version": "2.0NRT",
        "bright_ti5": 281.34,
        "frp": 1.13,
        "daynight": "N",
        "source_dataset": "VIIRS_SNPP_NRT",
        "acq_datetime_utc": "2026-09-22T03:25:00Z",
        "age_hours": 14.3,
        "confidence_label": "nominal",
        "popup_label": "<strong>NASA FIRMS<\/strong><br>Sensor: VIIRS_SNPP_NRT<br>Fecha UTC: 2026-09-22T03:25:00Z<br>Confianza: nominal<br>FRP: 1.13 MW"
      }
    },
    {
      "type": "Feature",
      "geometry": {
        "type": "Point",
        "coordinates": [-5.7274, 43.5254]
      },
      "properties": {
        "bright_ti4": 296.77,
        "scan": 0.38,
        "track": 0.59,
        "acq_date": "2026-09-22",
        "acq_time": "0325",
        "satellite": "N",
        "instrument": "VIIRS",
        "confidence": "n",
        "version": "2.0NRT",
        "bright_ti5": 283.23,
        "frp": 0.74,
        "daynight": "N",
        "source_dataset": "VIIRS_SNPP_NRT",
        "acq_datetime_utc": "2026-09-22T03:25:00Z",
        "age_hours": 14.3,
        "confidence_label": "nominal",
        "popup_label": "<strong>NASA FIRMS<\/strong><br>Sensor: VIIRS_SNPP_NRT<br>Fecha UTC: 2026-09-22T03:25:00Z<br>Confianza: nominal<br>FRP: 0.74 MW"
      }
    },
    {
      "type": "Feature",
      "geometry": {
        "type": "Point",
        "coordinates": [-5.732, 43.5267]
      },
      "properties": {
        "bright_ti4": 308.03,
        "scan": 0.38,
        "track": 0.59,
        "acq_date": "2026-09-22",
        "acq_time": "0325",
        "satellite": "N",
        "instrument": "VIIRS",
        "confidence": "n",
        "version": "2.0NRT",
        "bright_ti5": 283.52,
        "frp": 1.44,
        "daynight": "N",
        "source_dataset": "VIIRS_SNPP_NRT",
        "acq_datetime_utc": "2026-09-22T03:25:00Z",
        "age_hours": 14.3,
        "confidence_label": "nominal",
        "popup_label": "<strong>NASA FIRMS<\/strong><br>Sensor: VIIRS_SNPP_NRT<br>Fecha UTC: 2026-09-22T03:25:00Z<br>Confianza: nominal<br>FRP: 1.44 MW"
      }
    },
    {
      "type": "Feature",
      "geometry": {
        "type": "Point",
        "coordinates": [-0.5186, 28.2011]
      },
      "properties": {
        "bright_ti4": 329.43,
        "scan": 0.41,
        "track": 0.37,
        "acq_date": "2026-09-22",
        "acq_time": "0149",
        "satellite": "N",
        "instrument": "VIIRS",
        "confidence": "n",
        "version": "2.0NRT",
        "bright_ti5": 294.97,
        "frp": 2.4,
        "daynight": "N",
        "source_dataset": "VIIRS_SNPP_NRT",
        "acq_datetime_utc": "2026-09-22T01:49:00Z",
        "age_hours": 15.9,
        "confidence_label": "nominal",
        "popup_label": "<strong>NASA FIRMS<\/strong><br>Sensor: VIIRS_SNPP_NRT<br>Fecha UTC: 2026-09-22T01:49:00Z<br>Confianza: nominal<br>FRP: 2.4 MW"
      }
    },
    {
      "type": "Feature",
      "geometry": {
        "type": "Point",
        "coordinates": [-9.5268, 30.3409]
      },
      "properties": {
        "bright_ti4": 304.09,
        "scan": 0.43,
        "track": 0.62,
        "acq_date": "2026-09-22",
        "acq_time": "0149",
        "satellite": "N",
        "instrument": "VIIRS",
        "confidence": "n",
        "version": "2.0NRT",
        "bright_ti5": 291.89,
        "frp": 0.51,
        "daynight": "N",
        "source_dataset": "VIIRS_SNPP_NRT",
        "acq_datetime_utc": "2026-09-22T01:49:00Z",
        "age_hours": 15.9,
        "confidence_label": "nominal",
        "popup_label": "<strong>NASA FIRMS<\/strong><br>Sensor: VIIRS_SNPP_NRT<br>Fecha UTC: 2026-09-22T01:49:00Z<br>Confianza: nominal<br>FRP: 0.51 MW"
      }
    },
    {
      "type": "Feature",
      "geometry": {
        "type": "Point",
        "coordinates": [-7.2431, 32.3382]
      },
      "properties": {
        "bright_ti4": 302.46,
        "scan": 0.33,
        "track": 0.55,
        "acq_date": "2026-09-22",
        "acq_time": "0149",
        "satellite": "N",
        "instrument": "VIIRS",
        "confidence": "n",
        "version": "2.0NRT",
        "bright_ti5": 291.74,
        "frp": 0.44,
        "daynight": "N",
        "source_dataset": "VIIRS_SNPP_NRT",
        "acq_datetime_utc": "2026-09-22T01:49:00Z",
        "age_hours": 15.9,
        "confidence_label": "nominal",
        "popup_label": "<strong>NASA FIRMS<\/strong><br>Sensor: VIIRS_SNPP_NRT<br>Fecha UTC: 2026-09-22T01:49:00Z<br>Confianza: nominal<br>FRP: 0.44 MW"
      }
    },
    {
      "type": "Feature",
      "geometry": {
        "type": "Point",
        "coordinates": [3.9874, 32.2766]
      },
      "properties": {
        "bright_ti4": 332.17,
        "scan": 0.39,
        "track": 0.36,
        "acq_date": "2026-09-22",
        "acq_time": "0147",
        "satellite": "N",
        "instrument": "VIIRS",
        "confidence": "n",
        "version": "2.0NRT",
        "bright_ti5": 274.46,
        "frp": 2.02,
        "daynight": "N",
        "source_dataset": "VIIRS_SNPP_NRT",
        "acq_datetime_utc": "2026-09-22T01:47:00Z",
        "age_hours": 15.9,
        "confidence_label": "nominal",
        "popup_label": "<strong>NASA FIRMS<\/strong><br>Sensor: VIIRS_SNPP_NRT<br>Fecha UTC: 2026-09-22T01:47:00Z<br>Confianza: nominal<br>FRP: 2.02 MW"
      }
    },
    {
      "type": "Feature",
      "geometry": {
        "type": "Point",
        "coordinates": [3.9882, 32.2799]
      },
      "properties": {
        "bright_ti4": 301.17,
        "scan": 0.39,
        "track": 0.36,
        "acq_date": "2026-09-22",
        "acq_time": "0147",
        "satellite": "N",
        "instrument": "VIIRS",
        "confidence": "n",
        "version": "2.0NRT",
        "bright_ti5": 273.1,
        "frp": 2.02,
        "daynight": "N",
        "source_dataset": "VIIRS_SNPP_NRT",
        "acq_datetime_utc": "2026-09-22T01:47:00Z",
        "age_hours": 15.9,
        "confidence_label": "nominal",
        "popup_label": "<strong>NASA FIRMS<\/strong><br>Sensor: VIIRS_SNPP_NRT<br>Fecha UTC: 2026-09-22T01:47:00Z<br>Confianza: nominal<br>FRP: 2.02 MW"
      }
    },
    {
      "type": "Feature",
      "geometry": {
        "type": "Point",
        "coordinates": [4.0066, 32.4028]
      },
      "properties": {
        "bright_ti4": 308.07,
        "scan": 0.39,
        "track": 0.36,
        "acq_date": "2026-09-22",
        "acq_time": "0147",
        "satellite": "N",
        "instrument": "VIIRS",
        "confidence": "n",
        "version": "2.0NRT",
        "bright_ti5": 288.39,
        "frp": 1.02,
        "daynight": "N",
        "source_dataset": "VIIRS_SNPP_NRT",
        "acq_datetime_utc": "2026-09-22T01:47:00Z",
        "age_hours": 15.9,
        "confidence_label": "nominal",
        "popup_label": "<strong>NASA FIRMS<\/strong><br>Sensor: VIIRS_SNPP_NRT<br>Fecha UTC: 2026-09-22T01:47:00Z<br>Confianza: nominal<br>FRP: 1.02 MW"
      }
    },
    {
      "type": "Feature",
      "geometry": {
        "type": "Point",
        "coordinates": [3.1696, 32.5549]
      },
      "properties": {
        "bright_ti4": 322.42,
        "scan": 0.38,
        "track": 0.36,
        "acq_date": "2026-09-22",
        "acq_time": "0147",
        "satellite": "N",
        "instrument": "VIIRS",
        "confidence": "n",
        "version": "2.0NRT",
        "bright_ti5": 288.19,
        "frp": 1.16,
        "daynight": "N",
        "source_dataset": "VIIRS_SNPP_NRT",
        "acq_datetime_utc": "2026-09-22T01:47:00Z",
        "age_hours": 15.9,
        "confidence_label": "nominal",
        "popup_label": "<strong>NASA FIRMS<\/strong><br>Sensor: VIIRS_SNPP_NRT<br>Fecha UTC: 2026-09-22T01:47:00Z<br>Confianza: nominal<br>FRP: 1.16 MW"
      }
    },
    {
      "type": "Feature",
      "geometry": {
        "type": "Point",
        "coordinates": [3.1843, 32.746]
      },
      "properties": {
        "bright_ti4": 299.75,
        "scan": 0.38,
        "track": 0.36,
        "acq_date": "2026-09-22",
        "acq_time": "0147",
        "satellite": "N",
        "instrument": "VIIRS",
        "confidence": "n",
        "version": "2.0NRT",
        "bright_ti5": 285.33,
        "frp": 0.73,
        "daynight": "N",
        "source_dataset": "VIIRS_SNPP_NRT",
        "acq_datetime_utc": "2026-09-22T01:47:00Z",
        "age_hours": 15.9,
        "confidence_label": "nominal",
        "popup_label": "<strong>NASA FIRMS<\/strong><br>Sensor: VIIRS_SNPP_NRT<br>Fecha UTC: 2026-09-22T01:47:00Z<br>Confianza: nominal<br>FRP: 0.73 MW"
      }
    },
    {
      "type": "Feature",
      "geometry": {
        "type": "Point",
        "coordinates": [3.1803, 32.7466]
      },
      "properties": {
        "bright_ti4": 319.59,
        "scan": 0.38,
        "track": 0.36,
        "acq_date": "2026-09-22",
        "acq_time": "0147",
        "satellite": "N",
        "instrument": "VIIRS",
        "confidence": "n",
        "version": "2.0NRT",
        "bright_ti5": 286.8,
        "frp": 1.7,
        "daynight": "N",
        "source_dataset": "VIIRS_SNPP_NRT",
        "acq_datetime_utc": "2026-09-22T01:47:00Z",
        "age_hours": 15.9,
        "confidence_label": "nominal",
        "popup_label": "<strong>NASA FIRMS<\/strong><br>Sensor: VIIRS_SNPP_NRT<br>Fecha UTC: 2026-09-22T01:47:00Z<br>Confianza: nominal<br>FRP: 1.7 MW"
      }
    },
    {
      "type": "Feature",
      "geometry": {
        "type": "Point",
        "coordinates": [3.2419, 32.8387]
      },
      "properties": {
        "bright_ti4": 298.85,
        "scan": 0.38,
        "track": 0.36,
        "acq_date": "2026-09-22",
        "acq_time": "0147",
        "satellite": "N",
        "instrument": "VIIRS",
        "confidence": "n",
        "version": "2.0NRT",
        "bright_ti5": 285.68,
        "frp": 0.76,
        "daynight": "N",
        "source_dataset": "VIIRS_SNPP_NRT",
        "acq_datetime_utc": "2026-09-22T01:47:00Z",
        "age_hours": 15.9,
        "confidence_label": "nominal",
        "popup_label": "<strong>NASA FIRMS<\/strong><br>Sensor: VIIRS_SNPP_NRT<br>Fecha UTC: 2026-09-22T01:47:00Z<br>Confianza: nominal<br>FRP: 0.76 MW"
      }
    },
    {
      "type": "Feature",
      "geometry": {
        "type": "Point",
        "coordinates": [3.2458, 32.9303]
      },
      "properties": {
        "bright_ti4": 298.42,
        "scan": 0.38,
        "track": 0.36,
        "acq_date": "2026-09-22",
        "acq_time": "0147",
        "satellite": "N",
        "instrument": "VIIRS",
        "confidence": "n",
        "version": "2.0NRT",
        "bright_ti5": 284.49,
        "frp": 0.37,
        "daynight": "N",
        "source_dataset": "VIIRS_SNPP_NRT",
        "acq_datetime_utc": "2026-09-22T01:47:00Z",
        "age_hours": 15.9,
        "confidence_label": "nominal",
        "popup_label": "<strong>NASA FIRMS<\/strong><br>Sensor: VIIRS_SNPP_NRT<br>Fecha UTC: 2026-09-22T01:47:00Z<br>Confianza: nominal<br>FRP: 0.37 MW"
      }
    },
    {
      "type": "Feature",
      "geometry": {
        "type": "Point",
        "coordinates": [3.2376, 32.9316]
      },
      "properties": {
        "bright_ti4": 297.06,
        "scan": 0.38,
        "track": 0.36,
        "acq_date": "2026-09-22",
        "acq_time": "0147",
        "satellite": "N",
        "instrument": "VIIRS",
        "confidence": "n",
        "version": "2.0NRT",
        "bright_ti5": 284.67,
        "frp": 0.52,
        "daynight": "N",
        "source_dataset": "VIIRS_SNPP_NRT",
        "acq_datetime_utc": "2026-09-22T01:47:00Z",
        "age_hours": 15.9,
        "confidence_label": "nominal",
        "popup_label": "<strong>NASA FIRMS<\/strong><br>Sensor: VIIRS_SNPP_NRT<br>Fecha UTC: 2026-09-22T01:47:00Z<br>Confianza: nominal<br>FRP: 0.52 MW"
      }
    },
    {
      "type": "Feature",
      "geometry": {
        "type": "Point",
        "coordinates": [3.2335, 32.9323]
      },
      "properties": {
        "bright_ti4": 297.14,
        "scan": 0.38,
        "track": 0.36,
        "acq_date": "2026-09-22",
        "acq_time": "0147",
        "satellite": "N",
        "instrument": "VIIRS",
        "confidence": "n",
        "version": "2.0NRT",
        "bright_ti5": 285.16,
        "frp": 0.52,
        "daynight": "N",
        "source_dataset": "VIIRS_SNPP_NRT",
        "acq_datetime_utc": "2026-09-22T01:47:00Z",
        "age_hours": 15.9,
        "confidence_label": "nominal",
        "popup_label": "<strong>NASA FIRMS<\/strong><br>Sensor: VIIRS_SNPP_NRT<br>Fecha UTC: 2026-09-22T01:47:00Z<br>Confianza: nominal<br>FRP: 0.52 MW"
      }
    },
    {
      "type": "Feature",
      "geometry": {
        "type": "Point",
        "coordinates": [3.2343, 32.9356]
      },
      "properties": {
        "bright_ti4": 313.79,
        "scan": 0.38,
        "track": 0.36,
        "acq_date": "2026-09-22",
        "acq_time": "0147",
        "satellite": "N",
        "instrument": "VIIRS",
        "confidence": "n",
        "version": "2.0NRT",
        "bright_ti5": 285.82,
        "frp": 0.52,
        "daynight": "N",
        "source_dataset": "VIIRS_SNPP_NRT",
        "acq_datetime_utc": "2026-09-22T01:47:00Z",
        "age_hours": 15.9,
        "confidence_label": "nominal",
        "popup_label": "<strong>NASA FIRMS<\/strong><br>Sensor: VIIRS_SNPP_NRT<br>Fecha UTC: 2026-09-22T01:47:00Z<br>Confianza: nominal<br>FRP: 0.52 MW"
      }
    },
    {
      "type": "Feature",
      "geometry": {
        "type": "Point",
        "coordinates": [3.3216, 33.1252]
      },
      "properties": {
        "bright_ti4": 314.94,
        "scan": 0.38,
        "track": 0.36,
        "acq_date": "2026-09-22",
        "acq_time": "0147",
        "satellite": "N",
        "instrument": "VIIRS",
        "confidence": "n",
        "version": "2.0NRT",
        "bright_ti5": 286.51,
        "frp": 0.7,
        "daynight": "N",
        "source_dataset": "VIIRS_SNPP_NRT",
        "acq_datetime_utc": "2026-09-22T01:47:00Z",
        "age_hours": 15.9,
        "confidence_label": "nominal",
        "popup_label": "<strong>NASA FIRMS<\/strong><br>Sensor: VIIRS_SNPP_NRT<br>Fecha UTC: 2026-09-22T01:47:00Z<br>Confianza: nominal<br>FRP: 0.7 MW"
      }
    },
    {
      "type": "Feature",
      "geometry": {
        "type": "Point",
        "coordinates": [3.3175, 33.1259]
      },
      "properties": {
        "bright_ti4": 303.31,
        "scan": 0.38,
        "track": 0.36,
        "acq_date": "2026-09-22",
        "acq_time": "0147",
        "satellite": "N",
        "instrument": "VIIRS",
        "confidence": "n",
        "version": "2.0NRT",
        "bright_ti5": 285.06,
        "frp": 0.7,
        "daynight": "N",
        "source_dataset": "VIIRS_SNPP_NRT",
        "acq_datetime_utc": "2026-09-22T01:47:00Z",
        "age_hours": 15.9,
        "confidence_label": "nominal",
        "popup_label": "<strong>NASA FIRMS<\/strong><br>Sensor: VIIRS_SNPP_NRT<br>Fecha UTC: 2026-09-22T01:47:00Z<br>Confianza: nominal<br>FRP: 0.7 MW"
      }
    },
    {
      "type": "Feature",
      "geometry": {
        "type": "Point",
        "coordinates": [3.3224, 33.1285]
      },
      "properties": {
        "bright_ti4": 298.26,
        "scan": 0.38,
        "track": 0.36,
        "acq_date": "2026-09-22",
        "acq_time": "0147",
        "satellite": "N",
        "instrument": "VIIRS",
        "confidence": "n",
        "version": "2.0NRT",
        "bright_ti5": 285.62,
        "frp": 0.4,
        "daynight": "N",
        "source_dataset": "VIIRS_SNPP_NRT",
        "acq_datetime_utc": "2026-09-22T01:47:00Z",
        "age_hours": 15.9,
        "confidence_label": "nominal",
        "popup_label": "<strong>NASA FIRMS<\/strong><br>Sensor: VIIRS_SNPP_NRT<br>Fecha UTC: 2026-09-22T01:47:00Z<br>Confianza: nominal<br>FRP: 0.4 MW"
      }
    },
    {
      "type": "Feature",
      "geometry": {
        "type": "Point",
        "coordinates": [3.3183, 33.1292]
      },
      "properties": {
        "bright_ti4": 303.29,
        "scan": 0.38,
        "track": 0.36,
        "acq_date": "2026-09-22",
        "acq_time": "0147",
        "satellite": "N",
        "instrument": "VIIRS",
        "confidence": "n",
        "version": "2.0NRT",
        "bright_ti5": 285.32,
        "frp": 0.4,
        "daynight": "N",
        "source_dataset": "VIIRS_SNPP_NRT",
        "acq_datetime_utc": "2026-09-22T01:47:00Z",
        "age_hours": 15.9,
        "confidence_label": "nominal",
        "popup_label": "<strong>NASA FIRMS<\/strong><br>Sensor: VIIRS_SNPP_NRT<br>Fecha UTC: 2026-09-22T01:47:00Z<br>Confianza: nominal<br>FRP: 0.4 MW"
      }
    },
    {
      "type": "Feature",
      "geometry": {
        "type": "Point",
        "coordinates": [3.366, 33.1411]
      },
      "properties": {
        "bright_ti4": 312.98,
        "scan": 0.38,
        "track": 0.36,
        "acq_date": "2026-09-22",
        "acq_time": "0147",
        "satellite": "N",
        "instrument": "VIIRS",
        "confidence": "n",
        "version": "2.0NRT",
        "bright_ti5": 285.73,
        "frp": 1.11,
        "daynight": "N",
        "source_dataset": "VIIRS_SNPP_NRT",
        "acq_datetime_utc": "2026-09-22T01:47:00Z",
        "age_hours": 15.9,
        "confidence_label": "nominal",
        "popup_label": "<strong>NASA FIRMS<\/strong><br>Sensor: VIIRS_SNPP_NRT<br>Fecha UTC: 2026-09-22T01:47:00Z<br>Confianza: nominal<br>FRP: 1.11 MW"
      }
    },
    {
      "type": "Feature",
      "geometry": {
        "type": "Point",
        "coordinates": [2.0574, 34.4383]
      },
      "properties": {
        "bright_ti4": 309.43,
        "scan": 0.39,
        "track": 0.36,
        "acq_date": "2026-09-22",
        "acq_time": "0147",
        "satellite": "N",
        "instrument": "VIIRS",
        "confidence": "n",
        "version": "2.0NRT",
        "bright_ti5": 287.34,
        "frp": 1.38,
        "daynight": "N",
        "source_dataset": "VIIRS_SNPP_NRT",
        "acq_datetime_utc": "2026-09-22T01:47:00Z",
        "age_hours": 15.9,
        "confidence_label": "nominal",
        "popup_label": "<strong>NASA FIRMS<\/strong><br>Sensor: VIIRS_SNPP_NRT<br>Fecha UTC: 2026-09-22T01:47:00Z<br>Confianza: nominal<br>FRP: 1.38 MW"
      }
    },
    {
      "type": "Feature",
      "geometry": {
        "type": "Point",
        "coordinates": [-2.347, 34.5972]
      },
      "properties": {
        "bright_ti4": 302.74,
        "scan": 0.56,
        "track": 0.43,
        "acq_date": "2026-09-22",
        "acq_time": "0147",
        "satellite": "N",
        "instrument": "VIIRS",
        "confidence": "n",
        "version": "2.0NRT",
        "bright_ti5": 288.69,
        "frp": 0.91,
        "daynight": "N",
        "source_dataset": "VIIRS_SNPP_NRT",
        "acq_datetime_utc": "2026-09-22T01:47:00Z",
        "age_hours": 15.9,
        "confidence_label": "nominal",
        "popup_label": "<strong>NASA FIRMS<\/strong><br>Sensor: VIIRS_SNPP_NRT<br>Fecha UTC: 2026-09-22T01:47:00Z<br>Confianza: nominal<br>FRP: 0.91 MW"
      }
    },
    {
      "type": "Feature",
      "geometry": {
        "type": "Point",
        "coordinates": [-0.9385, 35.5686]
      },
      "properties": {
        "bright_ti4": 300.31,
        "scan": 0.5,
        "track": 0.41,
        "acq_date": "2026-09-22",
        "acq_time": "0147",
        "satellite": "N",
        "instrument": "VIIRS",
        "confidence": "n",
        "version": "2.0NRT",
        "bright_ti5": 290.25,
        "frp": 0.66,
        "daynight": "N",
        "source_dataset": "VIIRS_SNPP_NRT",
        "acq_datetime_utc": "2026-09-22T01:47:00Z",
        "age_hours": 15.9,
        "confidence_label": "nominal",
        "popup_label": "<strong>NASA FIRMS<\/strong><br>Sensor: VIIRS_SNPP_NRT<br>Fecha UTC: 2026-09-22T01:47:00Z<br>Confianza: nominal<br>FRP: 0.66 MW"
      }
    },
    {
      "type": "Feature",
      "geometry": {
        "type": "Point",
        "coordinates": [4.4756, 35.7103]
      },
      "properties": {
        "bright_ti4": 313.55,
        "scan": 0.39,
        "track": 0.36,
        "acq_date": "2026-09-22",
        "acq_time": "0147",
        "satellite": "N",
        "instrument": "VIIRS",
        "confidence": "n",
        "version": "2.0NRT",
        "bright_ti5": 291.17,
        "frp": 1.19,
        "daynight": "N",
        "source_dataset": "VIIRS_SNPP_NRT",
        "acq_datetime_utc": "2026-09-22T01:47:00Z",
        "age_hours": 15.9,
        "confidence_label": "nominal",
        "popup_label": "<strong>NASA FIRMS<\/strong><br>Sensor: VIIRS_SNPP_NRT<br>Fecha UTC: 2026-09-22T01:47:00Z<br>Confianza: nominal<br>FRP: 1.19 MW"
      }
    },
    {
      "type": "Feature",
      "geometry": {
        "type": "Point",
        "coordinates": [-0.2426, 35.8049]
      },
      "properties": {
        "bright_ti4": 304.31,
        "scan": 0.47,
        "track": 0.4,
        "acq_date": "2026-09-22",
        "acq_time": "0147",
        "satellite": "N",
        "instrument": "VIIRS",
        "confidence": "n",
        "version": "2.0NRT",
        "bright_ti5": 292.36,
        "frp": 0.54,
        "daynight": "N",
        "source_dataset": "VIIRS_SNPP_NRT",
        "acq_datetime_utc": "2026-09-22T01:47:00Z",
        "age_hours": 15.9,
        "confidence_label": "nominal",
        "popup_label": "<strong>NASA FIRMS<\/strong><br>Sensor: VIIRS_SNPP_NRT<br>Fecha UTC: 2026-09-22T01:47:00Z<br>Confianza: nominal<br>FRP: 0.54 MW"
      }
    },
    {
      "type": "Feature",
      "geometry": {
        "type": "Point",
        "coordinates": [-0.2555, 35.8096]
      },
      "properties": {
        "bright_ti4": 305.53,
        "scan": 0.47,
        "track": 0.4,
        "acq_date": "2026-09-22",
        "acq_time": "0147",
        "satellite": "N",
        "instrument": "VIIRS",
        "confidence": "n",
        "version": "2.0NRT",
        "bright_ti5": 291.36,
        "frp": 1.23,
        "daynight": "N",
        "source_dataset": "VIIRS_SNPP_NRT",
        "acq_datetime_utc": "2026-09-22T01:47:00Z",
        "age_hours": 15.9,
        "confidence_label": "nominal",
        "popup_label": "<strong>NASA FIRMS<\/strong><br>Sensor: VIIRS_SNPP_NRT<br>Fecha UTC: 2026-09-22T01:47:00Z<br>Confianza: nominal<br>FRP: 1.23 MW"
      }
    },
    {
      "type": "Feature",
      "geometry": {
        "type": "Point",
        "coordinates": [-0.2523, 35.8099]
      },
      "properties": {
        "bright_ti4": 303.16,
        "scan": 0.47,
        "track": 0.4,
        "acq_date": "2026-09-22",
        "acq_time": "0147",
        "satellite": "N",
        "instrument": "VIIRS",
        "confidence": "n",
        "version": "2.0NRT",
        "bright_ti5": 291.53,
        "frp": 1.07,
        "daynight": "N",
        "source_dataset": "VIIRS_SNPP_NRT",
        "acq_datetime_utc": "2026-09-22T01:47:00Z",
        "age_hours": 15.9,
        "confidence_label": "nominal",
        "popup_label": "<strong>NASA FIRMS<\/strong><br>Sensor: VIIRS_SNPP_NRT<br>Fecha UTC: 2026-09-22T01:47:00Z<br>Confianza: nominal<br>FRP: 1.07 MW"
      }
    },
    {
      "type": "Feature",
      "geometry": {
        "type": "Point",
        "coordinates": [-0.2705, 35.8151]
      },
      "properties": {
        "bright_ti4": 309.19,
        "scan": 0.47,
        "track": 0.4,
        "acq_date": "2026-09-22",
        "acq_time": "0147",
        "satellite": "N",
        "instrument": "VIIRS",
        "confidence": "n",
        "version": "2.0NRT",
        "bright_ti5": 290.97,
        "frp": 0.64,
        "daynight": "N",
        "source_dataset": "VIIRS_SNPP_NRT",
        "acq_datetime_utc": "2026-09-22T01:47:00Z",
        "age_hours": 15.9,
        "confidence_label": "nominal",
        "popup_label": "<strong>NASA FIRMS<\/strong><br>Sensor: VIIRS_SNPP_NRT<br>Fecha UTC: 2026-09-22T01:47:00Z<br>Confianza: nominal<br>FRP: 0.64 MW"
      }
    },
    {
      "type": "Feature",
      "geometry": {
        "type": "Point",
        "coordinates": [-0.2673, 35.8155]
      },
      "properties": {
        "bright_ti4": 310.17,
        "scan": 0.47,
        "track": 0.4,
        "acq_date": "2026-09-22",
        "acq_time": "0147",
        "satellite": "N",
        "instrument": "VIIRS",
        "confidence": "n",
        "version": "2.0NRT",
        "bright_ti5": 291.4,
        "frp": 0.72,
        "daynight": "N",
        "source_dataset": "VIIRS_SNPP_NRT",
        "acq_datetime_utc": "2026-09-22T01:47:00Z",
        "age_hours": 15.9,
        "confidence_label": "nominal",
        "popup_label": "<strong>NASA FIRMS<\/strong><br>Sensor: VIIRS_SNPP_NRT<br>Fecha UTC: 2026-09-22T01:47:00Z<br>Confianza: nominal<br>FRP: 0.72 MW"
      }
    },
    {
      "type": "Feature",
      "geometry": {
        "type": "Point",
        "coordinates": [-0.2756, 35.8157]
      },
      "properties": {
        "bright_ti4": 300.47,
        "scan": 0.47,
        "track": 0.4,
        "acq_date": "2026-09-22",
        "acq_time": "0147",
        "satellite": "N",
        "instrument": "VIIRS",
        "confidence": "n",
        "version": "2.0NRT",
        "bright_ti5": 290.29,
        "frp": 0.64,
        "daynight": "N",
        "source_dataset": "VIIRS_SNPP_NRT",
        "acq_datetime_utc": "2026-09-22T01:47:00Z",
        "age_hours": 15.9,
        "confidence_label": "nominal",
        "popup_label": "<strong>NASA FIRMS<\/strong><br>Sensor: VIIRS_SNPP_NRT<br>Fecha UTC: 2026-09-22T01:47:00Z<br>Confianza: nominal<br>FRP: 0.64 MW"
      }
    },
    {
      "type": "Feature",
      "geometry": {
        "type": "Point",
        "coordinates": [-0.2724, 35.8161]
      },
      "properties": {
        "bright_ti4": 304.14,
        "scan": 0.47,
        "track": 0.4,
        "acq_date": "2026-09-22",
        "acq_time": "0147",
        "satellite": "N",
        "instrument": "VIIRS",
        "confidence": "n",
        "version": "2.0NRT",
        "bright_ti5": 290.31,
        "frp": 0.72,
        "daynight": "N",
        "source_dataset": "VIIRS_SNPP_NRT",
        "acq_datetime_utc": "2026-09-22T01:47:00Z",
        "age_hours": 15.9,
        "confidence_label": "nominal",
        "popup_label": "<strong>NASA FIRMS<\/strong><br>Sensor: VIIRS_SNPP_NRT<br>Fecha UTC: 2026-09-22T01:47:00Z<br>Confianza: nominal<br>FRP: 0.72 MW"
      }
    },
    {
      "type": "Feature",
      "geometry": {
        "type": "Point",
        "coordinates": [4.4489, 35.8783]
      },
      "properties": {
        "bright_ti4": 316.69,
        "scan": 0.39,
        "track": 0.36,
        "acq_date": "2026-09-22",
        "acq_time": "0147",
        "satellite": "N",
        "instrument": "VIIRS",
        "confidence": "n",
        "version": "2.0NRT",
        "bright_ti5": 290.78,
        "frp": 1.15,
        "daynight": "N",
        "source_dataset": "VIIRS_SNPP_NRT",
        "acq_datetime_utc": "2026-09-22T01:47:00Z",
        "age_hours": 15.9,
        "confidence_label": "nominal",
        "popup_label": "<strong>NASA FIRMS<\/strong><br>Sensor: VIIRS_SNPP_NRT<br>Fecha UTC: 2026-09-22T01:47:00Z<br>Confianza: nominal<br>FRP: 1.15 MW"
      }
    },
    {
      "type": "Feature",
      "geometry": {
        "type": "Point",
        "coordinates": [0.1282, 36.0179]
      },
      "properties": {
        "bright_ti4": 301.86,
        "scan": 0.45,
        "track": 0.39,
        "acq_date": "2026-09-22",
        "acq_time": "0147",
        "satellite": "N",
        "instrument": "VIIRS",
        "confidence": "n",
        "version": "2.0NRT",
        "bright_ti5": 290.62,
        "frp": 0.76,
        "daynight": "N",
        "source_dataset": "VIIRS_SNPP_NRT",
        "acq_datetime_utc": "2026-09-22T01:47:00Z",
        "age_hours": 15.9,
        "confidence_label": "nominal",
        "popup_label": "<strong>NASA FIRMS<\/strong><br>Sensor: VIIRS_SNPP_NRT<br>Fecha UTC: 2026-09-22T01:47:00Z<br>Confianza: nominal<br>FRP: 0.76 MW"
      }
    },
    {
      "type": "Feature",
      "geometry": {
        "type": "Point",
        "coordinates": [2.9301, 36.1403]
      },
      "properties": {
        "bright_ti4": 304.46,
        "scan": 0.39,
        "track": 0.36,
        "acq_date": "2026-09-22",
        "acq_time": "0147",
        "satellite": "N",
        "instrument": "VIIRS",
        "confidence": "n",
        "version": "2.0NRT",
        "bright_ti5": 286.17,
        "frp": 0.76,
        "daynight": "N",
        "source_dataset": "VIIRS_SNPP_NRT",
        "acq_datetime_utc": "2026-09-22T01:47:00Z",
        "age_hours": 15.9,
        "confidence_label": "nominal",
        "popup_label": "<strong>NASA FIRMS<\/strong><br>Sensor: VIIRS_SNPP_NRT<br>Fecha UTC: 2026-09-22T01:47:00Z<br>Confianza: nominal<br>FRP: 0.76 MW"
      }
    },
    {
      "type": "Feature",
      "geometry": {
        "type": "Point",
        "coordinates": [-5.4242, 36.1768]
      },
      "properties": {
        "bright_ti4": 306.13,
        "scan": 0.57,
        "track": 0.52,
        "acq_date": "2026-09-22",
        "acq_time": "0147",
        "satellite": "N",
        "instrument": "VIIRS",
        "confidence": "n",
        "version": "2.0NRT",
        "bright_ti5": 292.06,
        "frp": 1.02,
        "daynight": "N",
        "source_dataset": "VIIRS_SNPP_NRT",
        "acq_datetime_utc": "2026-09-22T01:47:00Z",
        "age_hours": 15.9,
        "confidence_label": "nominal",
        "popup_label": "<strong>NASA FIRMS<\/strong><br>Sensor: VIIRS_SNPP_NRT<br>Fecha UTC: 2026-09-22T01:47:00Z<br>Confianza: nominal<br>FRP: 1.02 MW"
      }
    },
    {
      "type": "Feature",
      "geometry": {
        "type": "Point",
        "coordinates": [2.7468, 36.4737]
      },
      "properties": {
        "bright_ti4": 302.26,
        "scan": 0.39,
        "track": 0.36,
        "acq_date": "2026-09-22",
        "acq_time": "0147",
        "satellite": "N",
        "instrument": "VIIRS",
        "confidence": "n",
        "version": "2.0NRT",
        "bright_ti5": 288.15,
        "frp": 0.7,
        "daynight": "N",
        "source_dataset": "VIIRS_SNPP_NRT",
        "acq_datetime_utc": "2026-09-22T01:47:00Z",
        "age_hours": 15.9,
        "confidence_label": "nominal",
        "popup_label": "<strong>NASA FIRMS<\/strong><br>Sensor: VIIRS_SNPP_NRT<br>Fecha UTC: 2026-09-22T01:47:00Z<br>Confianza: nominal<br>FRP: 0.7 MW"
      }
    },
    {
      "type": "Feature",
      "geometry": {
        "type": "Point",
        "coordinates": [2.9324, 36.5975]
      },
      "properties": {
        "bright_ti4": 306.6,
        "scan": 0.39,
        "track": 0.36,
        "acq_date": "2026-09-22",
        "acq_time": "0147",
        "satellite": "N",
        "instrument": "VIIRS",
        "confidence": "n",
        "version": "2.0NRT",
        "bright_ti5": 289.26,
        "frp": 0.65,
        "daynight": "N",
        "source_dataset": "VIIRS_SNPP_NRT",
        "acq_datetime_utc": "2026-09-22T01:47:00Z",
        "age_hours": 15.9,
        "confidence_label": "nominal",
        "popup_label": "<strong>NASA FIRMS<\/strong><br>Sensor: VIIRS_SNPP_NRT<br>Fecha UTC: 2026-09-22T01:47:00Z<br>Confianza: nominal<br>FRP: 0.65 MW"
      }
    },
    {
      "type": "Feature",
      "geometry": {
        "type": "Point",
        "coordinates": [2.8788, 36.5986]
      },
      "properties": {
        "bright_ti4": 306.19,
        "scan": 0.39,
        "track": 0.36,
        "acq_date": "2026-09-22",
        "acq_time": "0147",
        "satellite": "N",
        "instrument": "VIIRS",
        "confidence": "n",
        "version": "2.0NRT",
        "bright_ti5": 290.71,
        "frp": 0.96,
        "daynight": "N",
        "source_dataset": "VIIRS_SNPP_NRT",
        "acq_datetime_utc": "2026-09-22T01:47:00Z",
        "age_hours": 15.9,
        "confidence_label": "nominal",
        "popup_label": "<strong>NASA FIRMS<\/strong><br>Sensor: VIIRS_SNPP_NRT<br>Fecha UTC: 2026-09-22T01:47:00Z<br>Confianza: nominal<br>FRP: 0.96 MW"
      }
    },
    {
      "type": "Feature",
      "geometry": {
        "type": "Point",
        "coordinates": [2.9934, 36.676]
      },
      "properties": {
        "bright_ti4": 302.77,
        "scan": 0.39,
        "track": 0.36,
        "acq_date": "2026-09-22",
        "acq_time": "0147",
        "satellite": "N",
        "instrument": "VIIRS",
        "confidence": "n",
        "version": "2.0NRT",
        "bright_ti5": 289.48,
        "frp": 0.31,
        "daynight": "N",
        "source_dataset": "VIIRS_SNPP_NRT",
        "acq_datetime_utc": "2026-09-22T01:47:00Z",
        "age_hours": 15.9,
        "confidence_label": "nominal",
        "popup_label": "<strong>NASA FIRMS<\/strong><br>Sensor: VIIRS_SNPP_NRT<br>Fecha UTC: 2026-09-22T01:47:00Z<br>Confianza: nominal<br>FRP: 0.31 MW"
      }
    },
    {
      "type": "Feature",
      "geometry": {
        "type": "Point",
        "coordinates": [3.124, 36.6804]
      },
      "properties": {
        "bright_ti4": 304.53,
        "scan": 0.39,
        "track": 0.36,
        "acq_date": "2026-09-22",
        "acq_time": "0147",
        "satellite": "N",
        "instrument": "VIIRS",
        "confidence": "n",
        "version": "2.0NRT",
        "bright_ti5": 292.92,
        "frp": 0.55,
        "daynight": "N",
        "source_dataset": "VIIRS_SNPP_NRT",
        "acq_datetime_utc": "2026-09-22T01:47:00Z",
        "age_hours": 15.9,
        "confidence_label": "nominal",
        "popup_label": "<strong>NASA FIRMS<\/strong><br>Sensor: VIIRS_SNPP_NRT<br>Fecha UTC: 2026-09-22T01:47:00Z<br>Confianza: nominal<br>FRP: 0.55 MW"
      }
    },
    {
      "type": "Feature",
      "geometry": {
        "type": "Point",
        "coordinates": [3.0816, 36.7485]
      },
      "properties": {
        "bright_ti4": 325.36,
        "scan": 0.39,
        "track": 0.36,
        "acq_date": "2026-09-22",
        "acq_time": "0147",
        "satellite": "N",
        "instrument": "VIIRS",
        "confidence": "n",
        "version": "2.0NRT",
        "bright_ti5": 292.53,
        "frp": 1.92,
        "daynight": "N",
        "source_dataset": "VIIRS_SNPP_NRT",
        "acq_datetime_utc": "2026-09-22T01:47:00Z",
        "age_hours": 15.9,
        "confidence_label": "nominal",
        "popup_label": "<strong>NASA FIRMS<\/strong><br>Sensor: VIIRS_SNPP_NRT<br>Fecha UTC: 2026-09-22T01:47:00Z<br>Confianza: nominal<br>FRP: 1.92 MW"
      }
    },
    {
      "type": "Feature",
      "geometry": {
        "type": "Point",
        "coordinates": [-1.9055, 36.9661]
      },
      "properties": {
        "bright_ti4": 308.14,
        "scan": 0.57,
        "track": 0.43,
        "acq_date": "2026-09-22",
        "acq_time": "0147",
        "satellite": "N",
        "instrument": "VIIRS",
        "confidence": "n",
        "version": "2.0NRT",
        "bright_ti5": 292.19,
        "frp": 1.65,
        "daynight": "N",
        "source_dataset": "VIIRS_SNPP_NRT",
        "acq_datetime_utc": "2026-09-22T01:47:00Z",
        "age_hours": 15.9,
        "confidence_label": "nominal",
        "popup_label": "<strong>NASA FIRMS<\/strong><br>Sensor: VIIRS_SNPP_NRT<br>Fecha UTC: 2026-09-22T01:47:00Z<br>Confianza: nominal<br>FRP: 1.65 MW"
      }
    },
    {
      "type": "Feature",
      "geometry": {
        "type": "Point",
        "coordinates": [-1.9042, 36.9672]
      },
      "properties": {
        "bright_ti4": 306.61,
        "scan": 0.57,
        "track": 0.43,
        "acq_date": "2026-09-22",
        "acq_time": "0147",
        "satellite": "N",
        "instrument": "VIIRS",
        "confidence": "n",
        "version": "2.0NRT",
        "bright_ti5": 292.32,
        "frp": 2.36,
        "daynight": "N",
        "source_dataset": "VIIRS_SNPP_NRT",
        "acq_datetime_utc": "2026-09-22T01:47:00Z",
        "age_hours": 15.9,
        "confidence_label": "nominal",
        "popup_label": "<strong>NASA FIRMS<\/strong><br>Sensor: VIIRS_SNPP_NRT<br>Fecha UTC: 2026-09-22T01:47:00Z<br>Confianza: nominal<br>FRP: 2.36 MW"
      }
    },
    {
      "type": "Feature",
      "geometry": {
        "type": "Point",
        "coordinates": [-9.0129, 38.9193]
      },
      "properties": {
        "bright_ti4": 303.72,
        "scan": 0.48,
        "track": 0.64,
        "acq_date": "2026-09-22",
        "acq_time": "0147",
        "satellite": "N",
        "instrument": "VIIRS",
        "confidence": "n",
        "version": "2.0NRT",
        "bright_ti5": 293.14,
        "frp": 1.01,
        "daynight": "N",
        "source_dataset": "VIIRS_SNPP_NRT",
        "acq_datetime_utc": "2026-09-22T01:47:00Z",
        "age_hours": 15.9,
        "confidence_label": "nominal",
        "popup_label": "<strong>NASA FIRMS<\/strong><br>Sensor: VIIRS_SNPP_NRT<br>Fecha UTC: 2026-09-22T01:47:00Z<br>Confianza: nominal<br>FRP: 1.01 MW"
      }
    },
    {
      "type": "Feature",
      "geometry": {
        "type": "Point",
        "coordinates": [-9.1559, 39.5001]
      },
      "properties": {
        "bright_ti4": 303.65,
        "scan": 0.49,
        "track": 0.65,
        "acq_date": "2026-09-22",
        "acq_time": "0145",
        "satellite": "N",
        "instrument": "VIIRS",
        "confidence": "n",
        "version": "2.0NRT",
        "bright_ti5": 288.72,
        "frp": 2.7,
        "daynight": "N",
        "source_dataset": "VIIRS_SNPP_NRT",
        "acq_datetime_utc": "2026-09-22T01:45:00Z",
        "age_hours": 15.9,
        "confidence_label": "nominal",
        "popup_label": "<strong>NASA FIRMS<\/strong><br>Sensor: VIIRS_SNPP_NRT<br>Fecha UTC: 2026-09-22T01:45:00Z<br>Confianza: nominal<br>FRP: 2.7 MW"
      }
    },
    {
      "type": "Feature",
      "geometry": {
        "type": "Point",
        "coordinates": [-9.1615, 39.5003]
      },
      "properties": {
        "bright_ti4": 327.54,
        "scan": 0.49,
        "track": 0.65,
        "acq_date": "2026-09-22",
        "acq_time": "0145",
        "satellite": "N",
        "instrument": "VIIRS",
        "confidence": "n",
        "version": "2.0NRT",
        "bright_ti5": 289.97,
        "frp": 2.7,
        "daynight": "N",
        "source_dataset": "VIIRS_SNPP_NRT",
        "acq_datetime_utc": "2026-09-22T01:45:00Z",
        "age_hours": 15.9,
        "confidence_label": "nominal",
        "popup_label": "<strong>NASA FIRMS<\/strong><br>Sensor: VIIRS_SNPP_NRT<br>Fecha UTC: 2026-09-22T01:45:00Z<br>Confianza: nominal<br>FRP: 2.7 MW"
      }
    },
    {
      "type": "Feature",
      "geometry": {
        "type": "Point",
        "coordinates": [-9.1606, 39.5005]
      },
      "properties": {
        "bright_ti4": 334.24,
        "scan": 0.49,
        "track": 0.65,
        "acq_date": "2026-09-22",
        "acq_time": "0145",
        "satellite": "N",
        "instrument": "VIIRS",
        "confidence": "n",
        "version": "2.0NRT",
        "bright_ti5": 289.97,
        "frp": 4.47,
        "daynight": "N",
        "source_dataset": "VIIRS_SNPP_NRT",
        "acq_datetime_utc": "2026-09-22T01:45:00Z",
        "age_hours": 15.9,
        "confidence_label": "nominal",
        "popup_label": "<strong>NASA FIRMS<\/strong><br>Sensor: VIIRS_SNPP_NRT<br>Fecha UTC: 2026-09-22T01:45:00Z<br>Confianza: nominal<br>FRP: 4.47 MW"
      }
    },
    {
      "type": "Feature",
      "geometry": {
        "type": "Point",
        "coordinates": [-7.771, 39.8387]
      },
      "properties": {
        "bright_ti4": 321.44,
        "scan": 0.42,
        "track": 0.61,
        "acq_date": "2026-09-22",
        "acq_time": "0145",
        "satellite": "N",
        "instrument": "VIIRS",
        "confidence": "n",
        "version": "2.0NRT",
        "bright_ti5": 291.28,
        "frp": 2.16,
        "daynight": "N",
        "source_dataset": "VIIRS_SNPP_NRT",
        "acq_datetime_utc": "2026-09-22T01:45:00Z",
        "age_hours": 15.9,
        "confidence_label": "nominal",
        "popup_label": "<strong>NASA FIRMS<\/strong><br>Sensor: VIIRS_SNPP_NRT<br>Fecha UTC: 2026-09-22T01:45:00Z<br>Confianza: nominal<br>FRP: 2.16 MW"
      }
    },
    {
      "type": "Feature",
      "geometry": {
        "type": "Point",
        "coordinates": [-7.776, 39.8389]
      },
      "properties": {
        "bright_ti4": 306.57,
        "scan": 0.42,
        "track": 0.61,
        "acq_date": "2026-09-22",
        "acq_time": "0145",
        "satellite": "N",
        "instrument": "VIIRS",
        "confidence": "n",
        "version": "2.0NRT",
        "bright_ti5": 290.17,
        "frp": 1.84,
        "daynight": "N",
        "source_dataset": "VIIRS_SNPP_NRT",
        "acq_datetime_utc": "2026-09-22T01:45:00Z",
        "age_hours": 15.9,
        "confidence_label": "nominal",
        "popup_label": "<strong>NASA FIRMS<\/strong><br>Sensor: VIIRS_SNPP_NRT<br>Fecha UTC: 2026-09-22T01:45:00Z<br>Confianza: nominal<br>FRP: 1.84 MW"
      }
    },
    {
      "type": "Feature",
      "geometry": {
        "type": "Point",
        "coordinates": [-7.7706, 39.8398]
      },
      "properties": {
        "bright_ti4": 318.54,
        "scan": 0.42,
        "track": 0.61,
        "acq_date": "2026-09-22",
        "acq_time": "0145",
        "satellite": "N",
        "instrument": "VIIRS",
        "confidence": "n",
        "version": "2.0NRT",
        "bright_ti5": 291.27,
        "frp": 1.25,
        "daynight": "N",
        "source_dataset": "VIIRS_SNPP_NRT",
        "acq_datetime_utc": "2026-09-22T01:45:00Z",
        "age_hours": 15.9,
        "confidence_label": "nominal",
        "popup_label": "<strong>NASA FIRMS<\/strong><br>Sensor: VIIRS_SNPP_NRT<br>Fecha UTC: 2026-09-22T01:45:00Z<br>Confianza: nominal<br>FRP: 1.25 MW"
      }
    },
    {
      "type": "Feature",
      "geometry": {
        "type": "Point",
        "coordinates": [-7.7756, 39.84]
      },
      "properties": {
        "bright_ti4": 310.33,
        "scan": 0.42,
        "track": 0.61,
        "acq_date": "2026-09-22",
        "acq_time": "0145",
        "satellite": "N",
        "instrument": "VIIRS",
        "confidence": "n",
        "version": "2.0NRT",
        "bright_ti5": 290.28,
        "frp": 1.25,
        "daynight": "N",
        "source_dataset": "VIIRS_SNPP_NRT",
        "acq_datetime_utc": "2026-09-22T01:45:00Z",
        "age_hours": 15.9,
        "confidence_label": "nominal",
        "popup_label": "<strong>NASA FIRMS<\/strong><br>Sensor: VIIRS_SNPP_NRT<br>Fecha UTC: 2026-09-22T01:45:00Z<br>Confianza: nominal<br>FRP: 1.25 MW"
      }
    },
    {
      "type": "Feature",
      "geometry": {
        "type": "Point",
        "coordinates": [-7.6218, 39.8427]
      },
      "properties": {
        "bright_ti4": 316.98,
        "scan": 0.41,
        "track": 0.6,
        "acq_date": "2026-09-22",
        "acq_time": "0145",
        "satellite": "N",
        "instrument": "VIIRS",
        "confidence": "n",
        "version": "2.0NRT",
        "bright_ti5": 288.86,
        "frp": 1.02,
        "daynight": "N",
        "source_dataset": "VIIRS_SNPP_NRT",
        "acq_datetime_utc": "2026-09-22T01:45:00Z",
        "age_hours": 15.9,
        "confidence_label": "nominal",
        "popup_label": "<strong>NASA FIRMS<\/strong><br>Sensor: VIIRS_SNPP_NRT<br>Fecha UTC: 2026-09-22T01:45:00Z<br>Confianza: nominal<br>FRP: 1.02 MW"
      }
    },
    {
      "type": "Feature",
      "geometry": {
        "type": "Point",
        "coordinates": [-7.6212, 39.8446]
      },
      "properties": {
        "bright_ti4": 319.41,
        "scan": 0.41,
        "track": 0.61,
        "acq_date": "2026-09-22",
        "acq_time": "0145",
        "satellite": "N",
        "instrument": "VIIRS",
        "confidence": "n",
        "version": "2.0NRT",
        "bright_ti5": 289.68,
        "frp": 1.78,
        "daynight": "N",
        "source_dataset": "VIIRS_SNPP_NRT",
        "acq_datetime_utc": "2026-09-22T01:45:00Z",
        "age_hours": 15.9,
        "confidence_label": "nominal",
        "popup_label": "<strong>NASA FIRMS<\/strong><br>Sensor: VIIRS_SNPP_NRT<br>Fecha UTC: 2026-09-22T01:45:00Z<br>Confianza: nominal<br>FRP: 1.78 MW"
      }
    },
    {
      "type": "Feature",
      "geometry": {
        "type": "Point",
        "coordinates": [-3.4721, 40.2441]
      },
      "properties": {
        "bright_ti4": 313.43,
        "scan": 0.5,
        "track": 0.49,
        "acq_date": "2026-09-22",
        "acq_time": "0145",
        "satellite": "N",
        "instrument": "VIIRS",
        "confidence": "n",
        "version": "2.0NRT",
        "bright_ti5": 289.7,
        "frp": 2.12,
        "daynight": "N",
        "source_dataset": "VIIRS_SNPP_NRT",
        "acq_datetime_utc": "2026-09-22T01:45:00Z",
        "age_hours": 15.9,
        "confidence_label": "nominal",
        "popup_label": "<strong>NASA FIRMS<\/strong><br>Sensor: VIIRS_SNPP_NRT<br>Fecha UTC: 2026-09-22T01:45:00Z<br>Confianza: nominal<br>FRP: 2.12 MW"
      }
    },
    {
      "type": "Feature",
      "geometry": {
        "type": "Point",
        "coordinates": [-3.4781, 40.2446]
      },
      "properties": {
        "bright_ti4": 305.34,
        "scan": 0.5,
        "track": 0.49,
        "acq_date": "2026-09-22",
        "acq_time": "0145",
        "satellite": "N",
        "instrument": "VIIRS",
        "confidence": "n",
        "version": "2.0NRT",
        "bright_ti5": 288.93,
        "frp": 2.37,
        "daynight": "N",
        "source_dataset": "VIIRS_SNPP_NRT",
        "acq_datetime_utc": "2026-09-22T01:45:00Z",
        "age_hours": 15.9,
        "confidence_label": "nominal",
        "popup_label": "<strong>NASA FIRMS<\/strong><br>Sensor: VIIRS_SNPP_NRT<br>Fecha UTC: 2026-09-22T01:45:00Z<br>Confianza: nominal<br>FRP: 2.37 MW"
      }
    },
    {
      "type": "Feature",
      "geometry": {
        "type": "Point",
        "coordinates": [-8.4216, 40.2884]
      },
      "properties": {
        "bright_ti4": 300.98,
        "scan": 0.45,
        "track": 0.63,
        "acq_date": "2026-09-22",
        "acq_time": "0145",
        "satellite": "N",
        "instrument": "VIIRS",
        "confidence": "n",
        "version": "2.0NRT",
        "bright_ti5": 290.28,
        "frp": 0.94,
        "daynight": "N",
        "source_dataset": "VIIRS_SNPP_NRT",
        "acq_datetime_utc": "2026-09-22T01:45:00Z",
        "age_hours": 15.9,
        "confidence_label": "nominal",
        "popup_label": "<strong>NASA FIRMS<\/strong><br>Sensor: VIIRS_SNPP_NRT<br>Fecha UTC: 2026-09-22T01:45:00Z<br>Confianza: nominal<br>FRP: 0.94 MW"
      }
    },
    {
      "type": "Feature",
      "geometry": {
        "type": "Point",
        "coordinates": [-8.582, 41.2728]
      },
      "properties": {
        "bright_ti4": 306.4,
        "scan": 0.47,
        "track": 0.64,
        "acq_date": "2026-09-22",
        "acq_time": "0145",
        "satellite": "N",
        "instrument": "VIIRS",
        "confidence": "n",
        "version": "2.0NRT",
        "bright_ti5": 292.08,
        "frp": 1.23,
        "daynight": "N",
        "source_dataset": "VIIRS_SNPP_NRT",
        "acq_datetime_utc": "2026-09-22T01:45:00Z",
        "age_hours": 15.9,
        "confidence_label": "nominal",
        "popup_label": "<strong>NASA FIRMS<\/strong><br>Sensor: VIIRS_SNPP_NRT<br>Fecha UTC: 2026-09-22T01:45:00Z<br>Confianza: nominal<br>FRP: 1.23 MW"
      }
    },
    {
      "type": "Feature",
      "geometry": {
        "type": "Point",
        "coordinates": [1.6612, 41.3137]
      },
      "properties": {
        "bright_ti4": 299.62,
        "scan": 0.45,
        "track": 0.39,
        "acq_date": "2026-09-22",
        "acq_time": "0145",
        "satellite": "N",
        "instrument": "VIIRS",
        "confidence": "n",
        "version": "2.0NRT",
        "bright_ti5": 278.44,
        "frp": 0.87,
        "daynight": "N",
        "source_dataset": "VIIRS_SNPP_NRT",
        "acq_datetime_utc": "2026-09-22T01:45:00Z",
        "age_hours": 15.9,
        "confidence_label": "nominal",
        "popup_label": "<strong>NASA FIRMS<\/strong><br>Sensor: VIIRS_SNPP_NRT<br>Fecha UTC: 2026-09-22T01:45:00Z<br>Confianza: nominal<br>FRP: 0.87 MW"
      }
    },
    {
      "type": "Feature",
      "geometry": {
        "type": "Point",
        "coordinates": [-1.4854, 41.4753]
      },
      "properties": {
        "bright_ti4": 295.37,
        "scan": 0.41,
        "track": 0.45,
        "acq_date": "2026-09-22",
        "acq_time": "0145",
        "satellite": "N",
        "instrument": "VIIRS",
        "confidence": "n",
        "version": "2.0NRT",
        "bright_ti5": 283.67,
        "frp": 0.34,
        "daynight": "N",
        "source_dataset": "VIIRS_SNPP_NRT",
        "acq_datetime_utc": "2026-09-22T01:45:00Z",
        "age_hours": 15.9,
        "confidence_label": "nominal",
        "popup_label": "<strong>NASA FIRMS<\/strong><br>Sensor: VIIRS_SNPP_NRT<br>Fecha UTC: 2026-09-22T01:45:00Z<br>Confianza: nominal<br>FRP: 0.34 MW"
      }
    },
    {
      "type": "Feature",
      "geometry": {
        "type": "Point",
        "coordinates": [-8.0107, 41.6055]
      },
      "properties": {
        "bright_ti4": 354.68,
        "scan": 0.44,
        "track": 0.62,
        "acq_date": "2026-09-22",
        "acq_time": "0145",
        "satellite": "N",
        "instrument": "VIIRS",
        "confidence": "n",
        "version": "2.0NRT",
        "bright_ti5": 292.37,
        "frp": 3.96,
        "daynight": "N",
        "source_dataset": "VIIRS_SNPP_NRT",
        "acq_datetime_utc": "2026-09-22T01:45:00Z",
        "age_hours": 15.9,
        "confidence_label": "nominal",
        "popup_label": "<strong>NASA FIRMS<\/strong><br>Sensor: VIIRS_SNPP_NRT<br>Fecha UTC: 2026-09-22T01:45:00Z<br>Confianza: nominal<br>FRP: 3.96 MW"
      }
    },
    {
      "type": "Feature",
      "geometry": {
        "type": "Point",
        "coordinates": [-8.017, 41.6058]
      },
      "properties": {
        "bright_ti4": 301.23,
        "scan": 0.44,
        "track": 0.62,
        "acq_date": "2026-09-22",
        "acq_time": "0145",
        "satellite": "N",
        "instrument": "VIIRS",
        "confidence": "n",
        "version": "2.0NRT",
        "bright_ti5": 290.09,
        "frp": 3.96,
        "daynight": "N",
        "source_dataset": "VIIRS_SNPP_NRT",
        "acq_datetime_utc": "2026-09-22T01:45:00Z",
        "age_hours": 15.9,
        "confidence_label": "nominal",
        "popup_label": "<strong>NASA FIRMS<\/strong><br>Sensor: VIIRS_SNPP_NRT<br>Fecha UTC: 2026-09-22T01:45:00Z<br>Confianza: nominal<br>FRP: 3.96 MW"
      }
    },
    {
      "type": "Feature",
      "geometry": {
        "type": "Point",
        "coordinates": [-8.3444, 41.7368]
      },
      "properties": {
        "bright_ti4": 304.78,
        "scan": 0.46,
        "track": 0.64,
        "acq_date": "2026-09-22",
        "acq_time": "0145",
        "satellite": "N",
        "instrument": "VIIRS",
        "confidence": "n",
        "version": "2.0NRT",
        "bright_ti5": 292.8,
        "frp": 0.9,
        "daynight": "N",
        "source_dataset": "VIIRS_SNPP_NRT",
        "acq_datetime_utc": "2026-09-22T01:45:00Z",
        "age_hours": 15.9,
        "confidence_label": "nominal",
        "popup_label": "<strong>NASA FIRMS<\/strong><br>Sensor: VIIRS_SNPP_NRT<br>Fecha UTC: 2026-09-22T01:45:00Z<br>Confianza: nominal<br>FRP: 0.9 MW"
      }
    },
    {
      "type": "Feature",
      "geometry": {
        "type": "Point",
        "coordinates": [-6.7694, 42.5517]
      },
      "properties": {
        "bright_ti4": 307.43,
        "scan": 0.39,
        "track": 0.59,
        "acq_date": "2026-09-22",
        "acq_time": "0145",
        "satellite": "N",
        "instrument": "VIIRS",
        "confidence": "n",
        "version": "2.0NRT",
        "bright_ti5": 288.43,
        "frp": 0.65,
        "daynight": "N",
        "source_dataset": "VIIRS_SNPP_NRT",
        "acq_datetime_utc": "2026-09-22T01:45:00Z",
        "age_hours": 15.9,
        "confidence_label": "nominal",
        "popup_label": "<strong>NASA FIRMS<\/strong><br>Sensor: VIIRS_SNPP_NRT<br>Fecha UTC: 2026-09-22T01:45:00Z<br>Confianza: nominal<br>FRP: 0.65 MW"
      }
    },
    {
      "type": "Feature",
      "geometry": {
        "type": "Point",
        "coordinates": [1.5359, 42.5523]
      },
      "properties": {
        "bright_ti4": 329.36,
        "scan": 0.47,
        "track": 0.4,
        "acq_date": "2026-09-22",
        "acq_time": "0145",
        "satellite": "N",
        "instrument": "VIIRS",
        "confidence": "n",
        "version": "2.0NRT",
        "bright_ti5": 286.14,
        "frp": 5.13,
        "daynight": "N",
        "source_dataset": "VIIRS_SNPP_NRT",
        "acq_datetime_utc": "2026-09-22T01:45:00Z",
        "age_hours": 15.9,
        "confidence_label": "nominal",
        "popup_label": "<strong>NASA FIRMS<\/strong><br>Sensor: VIIRS_SNPP_NRT<br>Fecha UTC: 2026-09-22T01:45:00Z<br>Confianza: nominal<br>FRP: 5.13 MW"
      }
    },
    {
      "type": "Feature",
      "geometry": {
        "type": "Point",
        "coordinates": [1.77, 42.6948]
      },
      "properties": {
        "bright_ti4": 319.39,
        "scan": 0.46,
        "track": 0.39,
        "acq_date": "2026-09-22",
        "acq_time": "0145",
        "satellite": "N",
        "instrument": "VIIRS",
        "confidence": "n",
        "version": "2.0NRT",
        "bright_ti5": 275.7,
        "frp": 2.04,
        "daynight": "N",
        "source_dataset": "VIIRS_SNPP_NRT",
        "acq_datetime_utc": "2026-09-22T01:45:00Z",
        "age_hours": 15.9,
        "confidence_label": "nominal",
        "popup_label": "<strong>NASA FIRMS<\/strong><br>Sensor: VIIRS_SNPP_NRT<br>Fecha UTC: 2026-09-22T01:45:00Z<br>Confianza: nominal<br>FRP: 2.04 MW"
      }
    },
    {
      "type": "Feature",
      "geometry": {
        "type": "Point",
        "coordinates": [1.7717, 42.702]
      },
      "properties": {
        "bright_ti4": 295.12,
        "scan": 0.46,
        "track": 0.39,
        "acq_date": "2026-09-22",
        "acq_time": "0145",
        "satellite": "N",
        "instrument": "VIIRS",
        "confidence": "n",
        "version": "2.0NRT",
        "bright_ti5": 276.68,
        "frp": 0.42,
        "daynight": "N",
        "source_dataset": "VIIRS_SNPP_NRT",
        "acq_datetime_utc": "2026-09-22T01:45:00Z",
        "age_hours": 15.9,
        "confidence_label": "nominal",
        "popup_label": "<strong>NASA FIRMS<\/strong><br>Sensor: VIIRS_SNPP_NRT<br>Fecha UTC: 2026-09-22T01:45:00Z<br>Confianza: nominal<br>FRP: 0.42 MW"
      }
    },
    {
      "type": "Feature",
      "geometry": {
        "type": "Point",
        "coordinates": [-2.2211, 43.035]
      },
      "properties": {
        "bright_ti4": 295.73,
        "scan": 0.46,
        "track": 0.47,
        "acq_date": "2026-09-22",
        "acq_time": "0145",
        "satellite": "N",
        "instrument": "VIIRS",
        "confidence": "n",
        "version": "2.0NRT",
        "bright_ti5": 278.53,
        "frp": 0.46,
        "daynight": "N",
        "source_dataset": "VIIRS_SNPP_NRT",
        "acq_datetime_utc": "2026-09-22T01:45:00Z",
        "age_hours": 15.9,
        "confidence_label": "nominal",
        "popup_label": "<strong>NASA FIRMS<\/strong><br>Sensor: VIIRS_SNPP_NRT<br>Fecha UTC: 2026-09-22T01:45:00Z<br>Confianza: nominal<br>FRP: 0.46 MW"
      }
    },
    {
      "type": "Feature",
      "geometry": {
        "type": "Point",
        "coordinates": [-2.2203, 43.0394]
      },
      "properties": {
        "bright_ti4": 296.64,
        "scan": 0.46,
        "track": 0.47,
        "acq_date": "2026-09-22",
        "acq_time": "0145",
        "satellite": "N",
        "instrument": "VIIRS",
        "confidence": "n",
        "version": "2.0NRT",
        "bright_ti5": 279.26,
        "frp": 0.46,
        "daynight": "N",
        "source_dataset": "VIIRS_SNPP_NRT",
        "acq_datetime_utc": "2026-09-22T01:45:00Z",
        "age_hours": 15.9,
        "confidence_label": "nominal",
        "popup_label": "<strong>NASA FIRMS<\/strong><br>Sensor: VIIRS_SNPP_NRT<br>Fecha UTC: 2026-09-22T01:45:00Z<br>Confianza: nominal<br>FRP: 0.46 MW"
      }
    },
    {
      "type": "Feature",
      "geometry": {
        "type": "Point",
        "coordinates": [4.8802, 43.4354]
      },
      "properties": {
        "bright_ti4": 315.1,
        "scan": 0.39,
        "track": 0.36,
        "acq_date": "2026-09-22",
        "acq_time": "0145",
        "satellite": "N",
        "instrument": "VIIRS",
        "confidence": "n",
        "version": "2.0NRT",
        "bright_ti5": 289.22,
        "frp": 1.79,
        "daynight": "N",
        "source_dataset": "VIIRS_SNPP_NRT",
        "acq_datetime_utc": "2026-09-22T01:45:00Z",
        "age_hours": 15.9,
        "confidence_label": "nominal",
        "popup_label": "<strong>NASA FIRMS<\/strong><br>Sensor: VIIRS_SNPP_NRT<br>Fecha UTC: 2026-09-22T01:45:00Z<br>Confianza: nominal<br>FRP: 1.79 MW"
      }
    },
    {
      "type": "Feature",
      "geometry": {
        "type": "Point",
        "coordinates": [4.8824, 43.4366]
      },
      "properties": {
        "bright_ti4": 326.01,
        "scan": 0.39,
        "track": 0.36,
        "acq_date": "2026-09-22",
        "acq_time": "0145",
        "satellite": "N",
        "instrument": "VIIRS",
        "confidence": "n",
        "version": "2.0NRT",
        "bright_ti5": 290.19,
        "frp": 4,
        "daynight": "N",
        "source_dataset": "VIIRS_SNPP_NRT",
        "acq_datetime_utc": "2026-09-22T01:45:00Z",
        "age_hours": 15.9,
        "confidence_label": "nominal",
        "popup_label": "<strong>NASA FIRMS<\/strong><br>Sensor: VIIRS_SNPP_NRT<br>Fecha UTC: 2026-09-22T01:45:00Z<br>Confianza: nominal<br>FRP: 4 MW"
      }
    },
    {
      "type": "Feature",
      "geometry": {
        "type": "Point",
        "coordinates": [4.8776, 43.4373]
      },
      "properties": {
        "bright_ti4": 329.1,
        "scan": 0.39,
        "track": 0.36,
        "acq_date": "2026-09-22",
        "acq_time": "0145",
        "satellite": "N",
        "instrument": "VIIRS",
        "confidence": "n",
        "version": "2.0NRT",
        "bright_ti5": 290.93,
        "frp": 5.19,
        "daynight": "N",
        "source_dataset": "VIIRS_SNPP_NRT",
        "acq_datetime_utc": "2026-09-22T01:45:00Z",
        "age_hours": 15.9,
        "confidence_label": "nominal",
        "popup_label": "<strong>NASA FIRMS<\/strong><br>Sensor: VIIRS_SNPP_NRT<br>Fecha UTC: 2026-09-22T01:45:00Z<br>Confianza: nominal<br>FRP: 5.19 MW"
      }
    },
    {
      "type": "Feature",
      "geometry": {
        "type": "Point",
        "coordinates": [4.8996, 43.4445]
      },
      "properties": {
        "bright_ti4": 310.94,
        "scan": 0.39,
        "track": 0.36,
        "acq_date": "2026-09-22",
        "acq_time": "0145",
        "satellite": "N",
        "instrument": "VIIRS",
        "confidence": "n",
        "version": "2.0NRT",
        "bright_ti5": 291.13,
        "frp": 2.02,
        "daynight": "N",
        "source_dataset": "VIIRS_SNPP_NRT",
        "acq_datetime_utc": "2026-09-22T01:45:00Z",
        "age_hours": 15.9,
        "confidence_label": "nominal",
        "popup_label": "<strong>NASA FIRMS<\/strong><br>Sensor: VIIRS_SNPP_NRT<br>Fecha UTC: 2026-09-22T01:45:00Z<br>Confianza: nominal<br>FRP: 2.02 MW"
      }
    },
    {
      "type": "Feature",
      "geometry": {
        "type": "Point",
        "coordinates": [4.8957, 43.4485]
      },
      "properties": {
        "bright_ti4": 309.4,
        "scan": 0.39,
        "track": 0.36,
        "acq_date": "2026-09-22",
        "acq_time": "0145",
        "satellite": "N",
        "instrument": "VIIRS",
        "confidence": "n",
        "version": "2.0NRT",
        "bright_ti5": 290.72,
        "frp": 1.03,
        "daynight": "N",
        "source_dataset": "VIIRS_SNPP_NRT",
        "acq_datetime_utc": "2026-09-22T01:45:00Z",
        "age_hours": 15.9,
        "confidence_label": "nominal",
        "popup_label": "<strong>NASA FIRMS<\/strong><br>Sensor: VIIRS_SNPP_NRT<br>Fecha UTC: 2026-09-22T01:45:00Z<br>Confianza: nominal<br>FRP: 1.03 MW"
      }
    },
    {
      "type": "Feature",
      "geometry": {
        "type": "Point",
        "coordinates": [-5.733, 43.5226]
      },
      "properties": {
        "bright_ti4": 303.32,
        "scan": 0.35,
        "track": 0.57,
        "acq_date": "2026-09-22",
        "acq_time": "0145",
        "satellite": "N",
        "instrument": "VIIRS",
        "confidence": "n",
        "version": "2.0NRT",
        "bright_ti5": 287.84,
        "frp": 0.96,
        "daynight": "N",
        "source_dataset": "VIIRS_SNPP_NRT",
        "acq_datetime_utc": "2026-09-22T01:45:00Z",
        "age_hours": 15.9,
        "confidence_label": "nominal",
        "popup_label": "<strong>NASA FIRMS<\/strong><br>Sensor: VIIRS_SNPP_NRT<br>Fecha UTC: 2026-09-22T01:45:00Z<br>Confianza: nominal<br>FRP: 0.96 MW"
      }
    },
    {
      "type": "Feature",
      "geometry": {
        "type": "Point",
        "coordinates": [-5.7292, 43.5242]
      },
      "properties": {
        "bright_ti4": 301.6,
        "scan": 0.35,
        "track": 0.57,
        "acq_date": "2026-09-22",
        "acq_time": "0145",
        "satellite": "N",
        "instrument": "VIIRS",
        "confidence": "n",
        "version": "2.0NRT",
        "bright_ti5": 288.17,
        "frp": 0.77,
        "daynight": "N",
        "source_dataset": "VIIRS_SNPP_NRT",
        "acq_datetime_utc": "2026-09-22T01:45:00Z",
        "age_hours": 15.9,
        "confidence_label": "nominal",
        "popup_label": "<strong>NASA FIRMS<\/strong><br>Sensor: VIIRS_SNPP_NRT<br>Fecha UTC: 2026-09-22T01:45:00Z<br>Confianza: nominal<br>FRP: 0.77 MW"
      }
    },
    {
      "type": "Feature",
      "geometry": {
        "type": "Point",
        "coordinates": [-5.7336, 43.5245]
      },
      "properties": {
        "bright_ti4": 303.94,
        "scan": 0.35,
        "track": 0.57,
        "acq_date": "2026-09-22",
        "acq_time": "0145",
        "satellite": "N",
        "instrument": "VIIRS",
        "confidence": "n",
        "version": "2.0NRT",
        "bright_ti5": 288.97,
        "frp": 0.77,
        "daynight": "N",
        "source_dataset": "VIIRS_SNPP_NRT",
        "acq_datetime_utc": "2026-09-22T01:45:00Z",
        "age_hours": 15.9,
        "confidence_label": "nominal",
        "popup_label": "<strong>NASA FIRMS<\/strong><br>Sensor: VIIRS_SNPP_NRT<br>Fecha UTC: 2026-09-22T01:45:00Z<br>Confianza: nominal<br>FRP: 0.77 MW"
      }
    },
    {
      "type": "Feature",
      "geometry": {
        "type": "Point",
        "coordinates": [-5.7281, 43.5277]
      },
      "properties": {
        "bright_ti4": 302.85,
        "scan": 0.35,
        "track": 0.57,
        "acq_date": "2026-09-22",
        "acq_time": "0145",
        "satellite": "N",
        "instrument": "VIIRS",
        "confidence": "n",
        "version": "2.0NRT",
        "bright_ti5": 288.6,
        "frp": 0.73,
        "daynight": "N",
        "source_dataset": "VIIRS_SNPP_NRT",
        "acq_datetime_utc": "2026-09-22T01:45:00Z",
        "age_hours": 15.9,
        "confidence_label": "nominal",
        "popup_label": "<strong>NASA FIRMS<\/strong><br>Sensor: VIIRS_SNPP_NRT<br>Fecha UTC: 2026-09-22T01:45:00Z<br>Confianza: nominal<br>FRP: 0.73 MW"
      }
    },
    {
      "type": "Feature",
      "geometry": {
        "type": "Point",
        "coordinates": [-5.7324, 43.5279]
      },
      "properties": {
        "bright_ti4": 304.95,
        "scan": 0.35,
        "track": 0.57,
        "acq_date": "2026-09-22",
        "acq_time": "0145",
        "satellite": "N",
        "instrument": "VIIRS",
        "confidence": "n",
        "version": "2.0NRT",
        "bright_ti5": 288.73,
        "frp": 1.25,
        "daynight": "N",
        "source_dataset": "VIIRS_SNPP_NRT",
        "acq_datetime_utc": "2026-09-22T01:45:00Z",
        "age_hours": 15.9,
        "confidence_label": "nominal",
        "popup_label": "<strong>NASA FIRMS<\/strong><br>Sensor: VIIRS_SNPP_NRT<br>Fecha UTC: 2026-09-22T01:45:00Z<br>Confianza: nominal<br>FRP: 1.25 MW"
      }
    },
    {
      "type": "Feature",
      "geometry": {
        "type": "Point",
        "coordinates": [-5.8293, 43.538]
      },
      "properties": {
        "bright_ti4": 302.78,
        "scan": 0.35,
        "track": 0.57,
        "acq_date": "2026-09-22",
        "acq_time": "0145",
        "satellite": "N",
        "instrument": "VIIRS",
        "confidence": "n",
        "version": "2.0NRT",
        "bright_ti5": 287.99,
        "frp": 1.8,
        "daynight": "N",
        "source_dataset": "VIIRS_SNPP_NRT",
        "acq_datetime_utc": "2026-09-22T01:45:00Z",
        "age_hours": 15.9,
        "confidence_label": "nominal",
        "popup_label": "<strong>NASA FIRMS<\/strong><br>Sensor: VIIRS_SNPP_NRT<br>Fecha UTC: 2026-09-22T01:45:00Z<br>Confianza: nominal<br>FRP: 1.8 MW"
      }
    },
    {
      "type": "Feature",
      "geometry": {
        "type": "Point",
        "coordinates": [-5.8339, 43.5382]
      },
      "properties": {
        "bright_ti4": 336.84,
        "scan": 0.35,
        "track": 0.57,
        "acq_date": "2026-09-22",
        "acq_time": "0145",
        "satellite": "N",
        "instrument": "VIIRS",
        "confidence": "n",
        "version": "2.0NRT",
        "bright_ti5": 289.52,
        "frp": 1.8,
        "daynight": "N",
        "source_dataset": "VIIRS_SNPP_NRT",
        "acq_datetime_utc": "2026-09-22T01:45:00Z",
        "age_hours": 15.9,
        "confidence_label": "nominal",
        "popup_label": "<strong>NASA FIRMS<\/strong><br>Sensor: VIIRS_SNPP_NRT<br>Fecha UTC: 2026-09-22T01:45:00Z<br>Confianza: nominal<br>FRP: 1.8 MW"
      }
    },
    {
      "type": "Feature",
      "geometry": {
        "type": "Point",
        "coordinates": [-5.7336, 43.5251]
      },
      "properties": {
        "bright_ti4": 327.35,
        "scan": 0.39,
        "track": 0.36,
        "acq_date": "2026-09-21",
        "acq_time": "1329",
        "satellite": "N",
        "instrument": "VIIRS",
        "confidence": "l",
        "version": "2.0NRT",
        "bright_ti5": 301.27,
        "frp": 2.14,
        "daynight": "D",
        "source_dataset": "VIIRS_SNPP_NRT",
        "acq_datetime_utc": "2026-09-21T13:29:00Z",
        "age_hours": 28.2,
        "confidence_label": "baja",
        "popup_label": "<strong>NASA FIRMS<\/strong><br>Sensor: VIIRS_SNPP_NRT<br>Fecha UTC: 2026-09-21T13:29:00Z<br>Confianza: baja<br>FRP: 2.14 MW"
      }
    },
    {
      "type": "Feature",
      "geometry": {
        "type": "Point",
        "coordinates": [-5.6037, 37.1224]
      },
      "properties": {
        "bright_ti4": 338.46,
        "scan": 0.39,
        "track": 0.36,
        "acq_date": "2026-09-21",
        "acq_time": "1327",
        "satellite": "N",
        "instrument": "VIIRS",
        "confidence": "l",
        "version": "2.0NRT",
        "bright_ti5": 312.56,
        "frp": 1.75,
        "daynight": "D",
        "source_dataset": "VIIRS_SNPP_NRT",
        "acq_datetime_utc": "2026-09-21T13:27:00Z",
        "age_hours": 28.2,
        "confidence_label": "baja",
        "popup_label": "<strong>NASA FIRMS<\/strong><br>Sensor: VIIRS_SNPP_NRT<br>Fecha UTC: 2026-09-21T13:27:00Z<br>Confianza: baja<br>FRP: 1.75 MW"
      }
    },
    {
      "type": "Feature",
      "geometry": {
        "type": "Point",
        "coordinates": [-7.6939, 37.3797]
      },
      "properties": {
        "bright_ti4": 336.19,
        "scan": 0.44,
        "track": 0.38,
        "acq_date": "2026-09-21",
        "acq_time": "1327",
        "satellite": "N",
        "instrument": "VIIRS",
        "confidence": "l",
        "version": "2.0NRT",
        "bright_ti5": 309.86,
        "frp": 3.77,
        "daynight": "D",
        "source_dataset": "VIIRS_SNPP_NRT",
        "acq_datetime_utc": "2026-09-21T13:27:00Z",
        "age_hours": 28.2,
        "confidence_label": "baja",
        "popup_label": "<strong>NASA FIRMS<\/strong><br>Sensor: VIIRS_SNPP_NRT<br>Fecha UTC: 2026-09-21T13:27:00Z<br>Confianza: baja<br>FRP: 3.77 MW"
      }
    },
    {
      "type": "Feature",
      "geometry": {
        "type": "Point",
        "coordinates": [-5.1296, 37.4246]
      },
      "properties": {
        "bright_ti4": 337.85,
        "scan": 0.39,
        "track": 0.36,
        "acq_date": "2026-09-21",
        "acq_time": "1327",
        "satellite": "N",
        "instrument": "VIIRS",
        "confidence": "l",
        "version": "2.0NRT",
        "bright_ti5": 312.34,
        "frp": 3.7,
        "daynight": "D",
        "source_dataset": "VIIRS_SNPP_NRT",
        "acq_datetime_utc": "2026-09-21T13:27:00Z",
        "age_hours": 28.2,
        "confidence_label": "baja",
        "popup_label": "<strong>NASA FIRMS<\/strong><br>Sensor: VIIRS_SNPP_NRT<br>Fecha UTC: 2026-09-21T13:27:00Z<br>Confianza: baja<br>FRP: 3.7 MW"
      }
    },
    {
      "type": "Feature",
      "geometry": {
        "type": "Point",
        "coordinates": [-1.2559, 38.4488]
      },
      "properties": {
        "bright_ti4": 337.46,
        "scan": 0.44,
        "track": 0.38,
        "acq_date": "2026-09-21",
        "acq_time": "1327",
        "satellite": "N",
        "instrument": "VIIRS",
        "confidence": "n",
        "version": "2.0NRT",
        "bright_ti5": 310.5,
        "frp": 3.51,
        "daynight": "D",
        "source_dataset": "VIIRS_SNPP_NRT",
        "acq_datetime_utc": "2026-09-21T13:27:00Z",
        "age_hours": 28.2,
        "confidence_label": "nominal",
        "popup_label": "<strong>NASA FIRMS<\/strong><br>Sensor: VIIRS_SNPP_NRT<br>Fecha UTC: 2026-09-21T13:27:00Z<br>Confianza: nominal<br>FRP: 3.51 MW"
      }
    },
    {
      "type": "Feature",
      "geometry": {
        "type": "Point",
        "coordinates": [-1.7042, 39.4439]
      },
      "properties": {
        "bright_ti4": 349.5,
        "scan": 0.43,
        "track": 0.38,
        "acq_date": "2026-09-21",
        "acq_time": "1327",
        "satellite": "N",
        "instrument": "VIIRS",
        "confidence": "n",
        "version": "2.0NRT",
        "bright_ti5": 307.51,
        "frp": 2.66,
        "daynight": "D",
        "source_dataset": "VIIRS_SNPP_NRT",
        "acq_datetime_utc": "2026-09-21T13:27:00Z",
        "age_hours": 28.2,
        "confidence_label": "nominal",
        "popup_label": "<strong>NASA FIRMS<\/strong><br>Sensor: VIIRS_SNPP_NRT<br>Fecha UTC: 2026-09-21T13:27:00Z<br>Confianza: nominal<br>FRP: 2.66 MW"
      }
    },
    {
      "type": "Feature",
      "geometry": {
        "type": "Point",
        "coordinates": [-7.4585, 39.6238]
      },
      "properties": {
        "bright_ti4": 338.62,
        "scan": 0.41,
        "track": 0.37,
        "acq_date": "2026-09-21",
        "acq_time": "1327",
        "satellite": "N",
        "instrument": "VIIRS",
        "confidence": "l",
        "version": "2.0NRT",
        "bright_ti5": 311.74,
        "frp": 1.37,
        "daynight": "D",
        "source_dataset": "VIIRS_SNPP_NRT",
        "acq_datetime_utc": "2026-09-21T13:27:00Z",
        "age_hours": 28.2,
        "confidence_label": "baja",
        "popup_label": "<strong>NASA FIRMS<\/strong><br>Sensor: VIIRS_SNPP_NRT<br>Fecha UTC: 2026-09-21T13:27:00Z<br>Confianza: baja<br>FRP: 1.37 MW"
      }
    },
    {
      "type": "Feature",
      "geometry": {
        "type": "Point",
        "coordinates": [-6.9987, 39.6543]
      },
      "properties": {
        "bright_ti4": 343.14,
        "scan": 0.4,
        "track": 0.37,
        "acq_date": "2026-09-21",
        "acq_time": "1327",
        "satellite": "N",
        "instrument": "VIIRS",
        "confidence": "l",
        "version": "2.0NRT",
        "bright_ti5": 314.37,
        "frp": 2.36,
        "daynight": "D",
        "source_dataset": "VIIRS_SNPP_NRT",
        "acq_datetime_utc": "2026-09-21T13:27:00Z",
        "age_hours": 28.2,
        "confidence_label": "baja",
        "popup_label": "<strong>NASA FIRMS<\/strong><br>Sensor: VIIRS_SNPP_NRT<br>Fecha UTC: 2026-09-21T13:27:00Z<br>Confianza: baja<br>FRP: 2.36 MW"
      }
    },
    {
      "type": "Feature",
      "geometry": {
        "type": "Point",
        "coordinates": [-7.0089, 39.6561]
      },
      "properties": {
        "bright_ti4": 339.55,
        "scan": 0.4,
        "track": 0.37,
        "acq_date": "2026-09-21",
        "acq_time": "1327",
        "satellite": "N",
        "instrument": "VIIRS",
        "confidence": "l",
        "version": "2.0NRT",
        "bright_ti5": 313.82,
        "frp": 3.11,
        "daynight": "D",
        "source_dataset": "VIIRS_SNPP_NRT",
        "acq_datetime_utc": "2026-09-21T13:27:00Z",
        "age_hours": 28.2,
        "confidence_label": "baja",
        "popup_label": "<strong>NASA FIRMS<\/strong><br>Sensor: VIIRS_SNPP_NRT<br>Fecha UTC: 2026-09-21T13:27:00Z<br>Confianza: baja<br>FRP: 3.11 MW"
      }
    },
    {
      "type": "Feature",
      "geometry": {
        "type": "Point",
        "coordinates": [-7.0043, 39.6569]
      },
      "properties": {
        "bright_ti4": 340.78,
        "scan": 0.4,
        "track": 0.37,
        "acq_date": "2026-09-21",
        "acq_time": "1327",
        "satellite": "N",
        "instrument": "VIIRS",
        "confidence": "l",
        "version": "2.0NRT",
        "bright_ti5": 313.45,
        "frp": 2.36,
        "daynight": "D",
        "source_dataset": "VIIRS_SNPP_NRT",
        "acq_datetime_utc": "2026-09-21T13:27:00Z",
        "age_hours": 28.2,
        "confidence_label": "baja",
        "popup_label": "<strong>NASA FIRMS<\/strong><br>Sensor: VIIRS_SNPP_NRT<br>Fecha UTC: 2026-09-21T13:27:00Z<br>Confianza: baja<br>FRP: 2.36 MW"
      }
    },
    {
      "type": "Feature",
      "geometry": {
        "type": "Point",
        "coordinates": [-3.8324, 39.963]
      },
      "properties": {
        "bright_ti4": 342.88,
        "scan": 0.39,
        "track": 0.36,
        "acq_date": "2026-09-21",
        "acq_time": "1327",
        "satellite": "N",
        "instrument": "VIIRS",
        "confidence": "n",
        "version": "2.0NRT",
        "bright_ti5": 311.62,
        "frp": 4.89,
        "daynight": "D",
        "source_dataset": "VIIRS_SNPP_NRT",
        "acq_datetime_utc": "2026-09-21T13:27:00Z",
        "age_hours": 28.2,
        "confidence_label": "nominal",
        "popup_label": "<strong>NASA FIRMS<\/strong><br>Sensor: VIIRS_SNPP_NRT<br>Fecha UTC: 2026-09-21T13:27:00Z<br>Confianza: nominal<br>FRP: 4.89 MW"
      }
    },
    {
      "type": "Feature",
      "geometry": {
        "type": "Point",
        "coordinates": [-3.4725, 40.2438]
      },
      "properties": {
        "bright_ti4": 340.89,
        "scan": 0.4,
        "track": 0.37,
        "acq_date": "2026-09-21",
        "acq_time": "1327",
        "satellite": "N",
        "instrument": "VIIRS",
        "confidence": "n",
        "version": "2.0NRT",
        "bright_ti5": 311.95,
        "frp": 2.63,
        "daynight": "D",
        "source_dataset": "VIIRS_SNPP_NRT",
        "acq_datetime_utc": "2026-09-21T13:27:00Z",
        "age_hours": 28.2,
        "confidence_label": "nominal",
        "popup_label": "<strong>NASA FIRMS<\/strong><br>Sensor: VIIRS_SNPP_NRT<br>Fecha UTC: 2026-09-21T13:27:00Z<br>Confianza: nominal<br>FRP: 2.63 MW"
      }
    },
    {
      "type": "Feature",
      "geometry": {
        "type": "Point",
        "coordinates": [-8.595, 40.482]
      },
      "properties": {
        "bright_ti4": 346.71,
        "scan": 0.43,
        "track": 0.38,
        "acq_date": "2026-09-21",
        "acq_time": "1327",
        "satellite": "N",
        "instrument": "VIIRS",
        "confidence": "n",
        "version": "2.0NRT",
        "bright_ti5": 307.9,
        "frp": 14.07,
        "daynight": "D",
        "source_dataset": "VIIRS_SNPP_NRT",
        "acq_datetime_utc": "2026-09-21T13:27:00Z",
        "age_hours": 28.2,
        "confidence_label": "nominal",
        "popup_label": "<strong>NASA FIRMS<\/strong><br>Sensor: VIIRS_SNPP_NRT<br>Fecha UTC: 2026-09-21T13:27:00Z<br>Confianza: nominal<br>FRP: 14.07 MW"
      }
    },
    {
      "type": "Feature",
      "geometry": {
        "type": "Point",
        "coordinates": [-8.596, 40.4855]
      },
      "properties": {
        "bright_ti4": 343.49,
        "scan": 0.43,
        "track": 0.38,
        "acq_date": "2026-09-21",
        "acq_time": "1327",
        "satellite": "N",
        "instrument": "VIIRS",
        "confidence": "n",
        "version": "2.0NRT",
        "bright_ti5": 308.02,
        "frp": 14.07,
        "daynight": "D",
        "source_dataset": "VIIRS_SNPP_NRT",
        "acq_datetime_utc": "2026-09-21T13:27:00Z",
        "age_hours": 28.2,
        "confidence_label": "nominal",
        "popup_label": "<strong>NASA FIRMS<\/strong><br>Sensor: VIIRS_SNPP_NRT<br>Fecha UTC: 2026-09-21T13:27:00Z<br>Confianza: nominal<br>FRP: 14.07 MW"
      }
    },
    {
      "type": "Feature",
      "geometry": {
        "type": "Point",
        "coordinates": [-6.4911, 40.6196]
      },
      "properties": {
        "bright_ti4": 340.33,
        "scan": 0.39,
        "track": 0.36,
        "acq_date": "2026-09-21",
        "acq_time": "1327",
        "satellite": "N",
        "instrument": "VIIRS",
        "confidence": "n",
        "version": "2.0NRT",
        "bright_ti5": 309.56,
        "frp": 4.19,
        "daynight": "D",
        "source_dataset": "VIIRS_SNPP_NRT",
        "acq_datetime_utc": "2026-09-21T13:27:00Z",
        "age_hours": 28.2,
        "confidence_label": "nominal",
        "popup_label": "<strong>NASA FIRMS<\/strong><br>Sensor: VIIRS_SNPP_NRT<br>Fecha UTC: 2026-09-21T13:27:00Z<br>Confianza: nominal<br>FRP: 4.19 MW"
      }
    },
    {
      "type": "Feature",
      "geometry": {
        "type": "Point",
        "coordinates": [-6.4874, 40.6236]
      },
      "properties": {
        "bright_ti4": 337.5,
        "scan": 0.39,
        "track": 0.36,
        "acq_date": "2026-09-21",
        "acq_time": "1327",
        "satellite": "N",
        "instrument": "VIIRS",
        "confidence": "l",
        "version": "2.0NRT",
        "bright_ti5": 311.57,
        "frp": 2.84,
        "daynight": "D",
        "source_dataset": "VIIRS_SNPP_NRT",
        "acq_datetime_utc": "2026-09-21T13:27:00Z",
        "age_hours": 28.2,
        "confidence_label": "baja",
        "popup_label": "<strong>NASA FIRMS<\/strong><br>Sensor: VIIRS_SNPP_NRT<br>Fecha UTC: 2026-09-21T13:27:00Z<br>Confianza: baja<br>FRP: 2.84 MW"
      }
    },
    {
      "type": "Feature",
      "geometry": {
        "type": "Point",
        "coordinates": [0.6527, 40.7237]
      },
      "properties": {
        "bright_ti4": 330.28,
        "scan": 0.55,
        "track": 0.43,
        "acq_date": "2026-09-21",
        "acq_time": "1327",
        "satellite": "N",
        "instrument": "VIIRS",
        "confidence": "n",
        "version": "2.0NRT",
        "bright_ti5": 291.8,
        "frp": 4.27,
        "daynight": "D",
        "source_dataset": "VIIRS_SNPP_NRT",
        "acq_datetime_utc": "2026-09-21T13:27:00Z",
        "age_hours": 28.2,
        "confidence_label": "nominal",
        "popup_label": "<strong>NASA FIRMS<\/strong><br>Sensor: VIIRS_SNPP_NRT<br>Fecha UTC: 2026-09-21T13:27:00Z<br>Confianza: nominal<br>FRP: 4.27 MW"
      }
    },
    {
      "type": "Feature",
      "geometry": {
        "type": "Point",
        "coordinates": [0.6594, 40.7244]
      },
      "properties": {
        "bright_ti4": 332.48,
        "scan": 0.55,
        "track": 0.43,
        "acq_date": "2026-09-21",
        "acq_time": "1327",
        "satellite": "N",
        "instrument": "VIIRS",
        "confidence": "n",
        "version": "2.0NRT",
        "bright_ti5": 291.77,
        "frp": 4.27,
        "daynight": "D",
        "source_dataset": "VIIRS_SNPP_NRT",
        "acq_datetime_utc": "2026-09-21T13:27:00Z",
        "age_hours": 28.2,
        "confidence_label": "nominal",
        "popup_label": "<strong>NASA FIRMS<\/strong><br>Sensor: VIIRS_SNPP_NRT<br>Fecha UTC: 2026-09-21T13:27:00Z<br>Confianza: nominal<br>FRP: 4.27 MW"
      }
    },
    {
      "type": "Feature",
      "geometry": {
        "type": "Point",
        "coordinates": [-7.6703, 41.0135]
      },
      "properties": {
        "bright_ti4": 356.12,
        "scan": 0.4,
        "track": 0.37,
        "acq_date": "2026-09-21",
        "acq_time": "1327",
        "satellite": "N",
        "instrument": "VIIRS",
        "confidence": "l",
        "version": "2.0NRT",
        "bright_ti5": 309.92,
        "frp": 6.3,
        "daynight": "D",
        "source_dataset": "VIIRS_SNPP_NRT",
        "acq_datetime_utc": "2026-09-21T13:27:00Z",
        "age_hours": 28.2,
        "confidence_label": "baja",
        "popup_label": "<strong>NASA FIRMS<\/strong><br>Sensor: VIIRS_SNPP_NRT<br>Fecha UTC: 2026-09-21T13:27:00Z<br>Confianza: baja<br>FRP: 6.3 MW"
      }
    },
    {
      "type": "Feature",
      "geometry": {
        "type": "Point",
        "coordinates": [-7.6656, 41.0143]
      },
      "properties": {
        "bright_ti4": 342.01,
        "scan": 0.4,
        "track": 0.37,
        "acq_date": "2026-09-21",
        "acq_time": "1327",
        "satellite": "N",
        "instrument": "VIIRS",
        "confidence": "n",
        "version": "2.0NRT",
        "bright_ti5": 308.43,
        "frp": 6.3,
        "daynight": "D",
        "source_dataset": "VIIRS_SNPP_NRT",
        "acq_datetime_utc": "2026-09-21T13:27:00Z",
        "age_hours": 28.2,
        "confidence_label": "nominal",
        "popup_label": "<strong>NASA FIRMS<\/strong><br>Sensor: VIIRS_SNPP_NRT<br>Fecha UTC: 2026-09-21T13:27:00Z<br>Confianza: nominal<br>FRP: 6.3 MW"
      }
    },
    {
      "type": "Feature",
      "geometry": {
        "type": "Point",
        "coordinates": [-7.6713, 41.0169]
      },
      "properties": {
        "bright_ti4": 354.61,
        "scan": 0.4,
        "track": 0.37,
        "acq_date": "2026-09-21",
        "acq_time": "1327",
        "satellite": "N",
        "instrument": "VIIRS",
        "confidence": "n",
        "version": "2.0NRT",
        "bright_ti5": 308.7,
        "frp": 6.3,
        "daynight": "D",
        "source_dataset": "VIIRS_SNPP_NRT",
        "acq_datetime_utc": "2026-09-21T13:27:00Z",
        "age_hours": 28.2,
        "confidence_label": "nominal",
        "popup_label": "<strong>NASA FIRMS<\/strong><br>Sensor: VIIRS_SNPP_NRT<br>Fecha UTC: 2026-09-21T13:27:00Z<br>Confianza: nominal<br>FRP: 6.3 MW"
      }
    },
    {
      "type": "Feature",
      "geometry": {
        "type": "Point",
        "coordinates": [-7.6666, 41.0177]
      },
      "properties": {
        "bright_ti4": 356.71,
        "scan": 0.4,
        "track": 0.37,
        "acq_date": "2026-09-21",
        "acq_time": "1327",
        "satellite": "N",
        "instrument": "VIIRS",
        "confidence": "l",
        "version": "2.0NRT",
        "bright_ti5": 309.26,
        "frp": 6.3,
        "daynight": "D",
        "source_dataset": "VIIRS_SNPP_NRT",
        "acq_datetime_utc": "2026-09-21T13:27:00Z",
        "age_hours": 28.2,
        "confidence_label": "baja",
        "popup_label": "<strong>NASA FIRMS<\/strong><br>Sensor: VIIRS_SNPP_NRT<br>Fecha UTC: 2026-09-21T13:27:00Z<br>Confianza: baja<br>FRP: 6.3 MW"
      }
    },
    {
      "type": "Feature",
      "geometry": {
        "type": "Point",
        "coordinates": [-7.6771, 41.0194]
      },
      "properties": {
        "bright_ti4": 345.98,
        "scan": 0.4,
        "track": 0.37,
        "acq_date": "2026-09-21",
        "acq_time": "1327",
        "satellite": "N",
        "instrument": "VIIRS",
        "confidence": "n",
        "version": "2.0NRT",
        "bright_ti5": 307.17,
        "frp": 4.45,
        "daynight": "D",
        "source_dataset": "VIIRS_SNPP_NRT",
        "acq_datetime_utc": "2026-09-21T13:27:00Z",
        "age_hours": 28.2,
        "confidence_label": "nominal",
        "popup_label": "<strong>NASA FIRMS<\/strong><br>Sensor: VIIRS_SNPP_NRT<br>Fecha UTC: 2026-09-21T13:27:00Z<br>Confianza: nominal<br>FRP: 4.45 MW"
      }
    },
    {
      "type": "Feature",
      "geometry": {
        "type": "Point",
        "coordinates": [-7.4738, 41.0196]
      },
      "properties": {
        "bright_ti4": 336.93,
        "scan": 0.4,
        "track": 0.37,
        "acq_date": "2026-09-21",
        "acq_time": "1327",
        "satellite": "N",
        "instrument": "VIIRS",
        "confidence": "l",
        "version": "2.0NRT",
        "bright_ti5": 310.11,
        "frp": 3.32,
        "daynight": "D",
        "source_dataset": "VIIRS_SNPP_NRT",
        "acq_datetime_utc": "2026-09-21T13:27:00Z",
        "age_hours": 28.2,
        "confidence_label": "baja",
        "popup_label": "<strong>NASA FIRMS<\/strong><br>Sensor: VIIRS_SNPP_NRT<br>Fecha UTC: 2026-09-21T13:27:00Z<br>Confianza: baja<br>FRP: 3.32 MW"
      }
    },
    {
      "type": "Feature",
      "geometry": {
        "type": "Point",
        "coordinates": [-7.6723, 41.0202]
      },
      "properties": {
        "bright_ti4": 356.74,
        "scan": 0.4,
        "track": 0.37,
        "acq_date": "2026-09-21",
        "acq_time": "1327",
        "satellite": "N",
        "instrument": "VIIRS",
        "confidence": "l",
        "version": "2.0NRT",
        "bright_ti5": 307.81,
        "frp": 7.61,
        "daynight": "D",
        "source_dataset": "VIIRS_SNPP_NRT",
        "acq_datetime_utc": "2026-09-21T13:27:00Z",
        "age_hours": 28.2,
        "confidence_label": "baja",
        "popup_label": "<strong>NASA FIRMS<\/strong><br>Sensor: VIIRS_SNPP_NRT<br>Fecha UTC: 2026-09-21T13:27:00Z<br>Confianza: baja<br>FRP: 7.61 MW"
      }
    },
    {
      "type": "Feature",
      "geometry": {
        "type": "Point",
        "coordinates": [-7.6676, 41.0211]
      },
      "properties": {
        "bright_ti4": 356.17,
        "scan": 0.4,
        "track": 0.37,
        "acq_date": "2026-09-21",
        "acq_time": "1327",
        "satellite": "N",
        "instrument": "VIIRS",
        "confidence": "n",
        "version": "2.0NRT",
        "bright_ti5": 308.05,
        "frp": 7.61,
        "daynight": "D",
        "source_dataset": "VIIRS_SNPP_NRT",
        "acq_datetime_utc": "2026-09-21T13:27:00Z",
        "age_hours": 28.2,
        "confidence_label": "nominal",
        "popup_label": "<strong>NASA FIRMS<\/strong><br>Sensor: VIIRS_SNPP_NRT<br>Fecha UTC: 2026-09-21T13:27:00Z<br>Confianza: nominal<br>FRP: 7.61 MW"
      }
    },
    {
      "type": "Feature",
      "geometry": {
        "type": "Point",
        "coordinates": [-7.6628, 41.0219]
      },
      "properties": {
        "bright_ti4": 343.51,
        "scan": 0.4,
        "track": 0.37,
        "acq_date": "2026-09-21",
        "acq_time": "1327",
        "satellite": "N",
        "instrument": "VIIRS",
        "confidence": "n",
        "version": "2.0NRT",
        "bright_ti5": 307.86,
        "frp": 2.44,
        "daynight": "D",
        "source_dataset": "VIIRS_SNPP_NRT",
        "acq_datetime_utc": "2026-09-21T13:27:00Z",
        "age_hours": 28.2,
        "confidence_label": "nominal",
        "popup_label": "<strong>NASA FIRMS<\/strong><br>Sensor: VIIRS_SNPP_NRT<br>Fecha UTC: 2026-09-21T13:27:00Z<br>Confianza: nominal<br>FRP: 2.44 MW"
      }
    },
    {
      "type": "Feature",
      "geometry": {
        "type": "Point",
        "coordinates": [-7.6829, 41.0219]
      },
      "properties": {
        "bright_ti4": 343.43,
        "scan": 0.41,
        "track": 0.37,
        "acq_date": "2026-09-21",
        "acq_time": "1327",
        "satellite": "N",
        "instrument": "VIIRS",
        "confidence": "n",
        "version": "2.0NRT",
        "bright_ti5": 309.1,
        "frp": 4.45,
        "daynight": "D",
        "source_dataset": "VIIRS_SNPP_NRT",
        "acq_datetime_utc": "2026-09-21T13:27:00Z",
        "age_hours": 28.2,
        "confidence_label": "nominal",
        "popup_label": "<strong>NASA FIRMS<\/strong><br>Sensor: VIIRS_SNPP_NRT<br>Fecha UTC: 2026-09-21T13:27:00Z<br>Confianza: nominal<br>FRP: 4.45 MW"
      }
    },
    {
      "type": "Feature",
      "geometry": {
        "type": "Point",
        "coordinates": [-7.6781, 41.0227]
      },
      "properties": {
        "bright_ti4": 356.56,
        "scan": 0.4,
        "track": 0.37,
        "acq_date": "2026-09-21",
        "acq_time": "1327",
        "satellite": "N",
        "instrument": "VIIRS",
        "confidence": "l",
        "version": "2.0NRT",
        "bright_ti5": 307.6,
        "frp": 4.45,
        "daynight": "D",
        "source_dataset": "VIIRS_SNPP_NRT",
        "acq_datetime_utc": "2026-09-21T13:27:00Z",
        "age_hours": 28.2,
        "confidence_label": "baja",
        "popup_label": "<strong>NASA FIRMS<\/strong><br>Sensor: VIIRS_SNPP_NRT<br>Fecha UTC: 2026-09-21T13:27:00Z<br>Confianza: baja<br>FRP: 4.45 MW"
      }
    },
    {
      "type": "Feature",
      "geometry": {
        "type": "Point",
        "coordinates": [-7.6733, 41.0236]
      },
      "properties": {
        "bright_ti4": 351.51,
        "scan": 0.4,
        "track": 0.37,
        "acq_date": "2026-09-21",
        "acq_time": "1327",
        "satellite": "N",
        "instrument": "VIIRS",
        "confidence": "n",
        "version": "2.0NRT",
        "bright_ti5": 307.39,
        "frp": 7.61,
        "daynight": "D",
        "source_dataset": "VIIRS_SNPP_NRT",
        "acq_datetime_utc": "2026-09-21T13:27:00Z",
        "age_hours": 28.2,
        "confidence_label": "nominal",
        "popup_label": "<strong>NASA FIRMS<\/strong><br>Sensor: VIIRS_SNPP_NRT<br>Fecha UTC: 2026-09-21T13:27:00Z<br>Confianza: nominal<br>FRP: 7.61 MW"
      }
    },
    {
      "type": "Feature",
      "geometry": {
        "type": "Point",
        "coordinates": [-7.6638, 41.0252]
      },
      "properties": {
        "bright_ti4": 337.94,
        "scan": 0.4,
        "track": 0.37,
        "acq_date": "2026-09-21",
        "acq_time": "1327",
        "satellite": "N",
        "instrument": "VIIRS",
        "confidence": "n",
        "version": "2.0NRT",
        "bright_ti5": 307.61,
        "frp": 2.44,
        "daynight": "D",
        "source_dataset": "VIIRS_SNPP_NRT",
        "acq_datetime_utc": "2026-09-21T13:27:00Z",
        "age_hours": 28.2,
        "confidence_label": "nominal",
        "popup_label": "<strong>NASA FIRMS<\/strong><br>Sensor: VIIRS_SNPP_NRT<br>Fecha UTC: 2026-09-21T13:27:00Z<br>Confianza: nominal<br>FRP: 2.44 MW"
      }
    },
    {
      "type": "Feature",
      "geometry": {
        "type": "Point",
        "coordinates": [-7.679, 41.0261]
      },
      "properties": {
        "bright_ti4": 352.79,
        "scan": 0.4,
        "track": 0.37,
        "acq_date": "2026-09-21",
        "acq_time": "1327",
        "satellite": "N",
        "instrument": "VIIRS",
        "confidence": "n",
        "version": "2.0NRT",
        "bright_ti5": 308.28,
        "frp": 3.45,
        "daynight": "D",
        "source_dataset": "VIIRS_SNPP_NRT",
        "acq_datetime_utc": "2026-09-21T13:27:00Z",
        "age_hours": 28.2,
        "confidence_label": "nominal",
        "popup_label": "<strong>NASA FIRMS<\/strong><br>Sensor: VIIRS_SNPP_NRT<br>Fecha UTC: 2026-09-21T13:27:00Z<br>Confianza: nominal<br>FRP: 3.45 MW"
      }
    },
    {
      "type": "Feature",
      "geometry": {
        "type": "Point",
        "coordinates": [-7.6743, 41.0269]
      },
      "properties": {
        "bright_ti4": 340.9,
        "scan": 0.4,
        "track": 0.37,
        "acq_date": "2026-09-21",
        "acq_time": "1327",
        "satellite": "N",
        "instrument": "VIIRS",
        "confidence": "n",
        "version": "2.0NRT",
        "bright_ti5": 305.98,
        "frp": 5.36,
        "daynight": "D",
        "source_dataset": "VIIRS_SNPP_NRT",
        "acq_datetime_utc": "2026-09-21T13:27:00Z",
        "age_hours": 28.2,
        "confidence_label": "nominal",
        "popup_label": "<strong>NASA FIRMS<\/strong><br>Sensor: VIIRS_SNPP_NRT<br>Fecha UTC: 2026-09-21T13:27:00Z<br>Confianza: nominal<br>FRP: 5.36 MW"
      }
    },
    {
      "type": "Feature",
      "geometry": {
        "type": "Point",
        "coordinates": [-7.6648, 41.0286]
      },
      "properties": {
        "bright_ti4": 342.11,
        "scan": 0.4,
        "track": 0.37,
        "acq_date": "2026-09-21",
        "acq_time": "1327",
        "satellite": "N",
        "instrument": "VIIRS",
        "confidence": "n",
        "version": "2.0NRT",
        "bright_ti5": 305.55,
        "frp": 2.95,
        "daynight": "D",
        "source_dataset": "VIIRS_SNPP_NRT",
        "acq_datetime_utc": "2026-09-21T13:27:00Z",
        "age_hours": 28.2,
        "confidence_label": "nominal",
        "popup_label": "<strong>NASA FIRMS<\/strong><br>Sensor: VIIRS_SNPP_NRT<br>Fecha UTC: 2026-09-21T13:27:00Z<br>Confianza: nominal<br>FRP: 2.95 MW"
      }
    },
    {
      "type": "Feature",
      "geometry": {
        "type": "Point",
        "coordinates": [-7.68, 41.0294]
      },
      "properties": {
        "bright_ti4": 336.69,
        "scan": 0.4,
        "track": 0.37,
        "acq_date": "2026-09-21",
        "acq_time": "1327",
        "satellite": "N",
        "instrument": "VIIRS",
        "confidence": "l",
        "version": "2.0NRT",
        "bright_ti5": 307.78,
        "frp": 3.45,
        "daynight": "D",
        "source_dataset": "VIIRS_SNPP_NRT",
        "acq_datetime_utc": "2026-09-21T13:27:00Z",
        "age_hours": 28.2,
        "confidence_label": "baja",
        "popup_label": "<strong>NASA FIRMS<\/strong><br>Sensor: VIIRS_SNPP_NRT<br>Fecha UTC: 2026-09-21T13:27:00Z<br>Confianza: baja<br>FRP: 3.45 MW"
      }
    },
    {
      "type": "Feature",
      "geometry": {
        "type": "Point",
        "coordinates": [-7.6763, 41.0336]
      },
      "properties": {
        "bright_ti4": 343.4,
        "scan": 0.4,
        "track": 0.37,
        "acq_date": "2026-09-21",
        "acq_time": "1327",
        "satellite": "N",
        "instrument": "VIIRS",
        "confidence": "n",
        "version": "2.0NRT",
        "bright_ti5": 307.72,
        "frp": 5.84,
        "daynight": "D",
        "source_dataset": "VIIRS_SNPP_NRT",
        "acq_datetime_utc": "2026-09-21T13:27:00Z",
        "age_hours": 28.2,
        "confidence_label": "nominal",
        "popup_label": "<strong>NASA FIRMS<\/strong><br>Sensor: VIIRS_SNPP_NRT<br>Fecha UTC: 2026-09-21T13:27:00Z<br>Confianza: nominal<br>FRP: 5.84 MW"
      }
    },
    {
      "type": "Feature",
      "geometry": {
        "type": "Point",
        "coordinates": [-8.139, 41.09]
      },
      "properties": {
        "bright_ti4": 347.15,
        "scan": 0.41,
        "track": 0.37,
        "acq_date": "2026-09-21",
        "acq_time": "1327",
        "satellite": "N",
        "instrument": "VIIRS",
        "confidence": "n",
        "version": "2.0NRT",
        "bright_ti5": 311.81,
        "frp": 9.26,
        "daynight": "D",
        "source_dataset": "VIIRS_SNPP_NRT",
        "acq_datetime_utc": "2026-09-21T13:27:00Z",
        "age_hours": 28.2,
        "confidence_label": "nominal",
        "popup_label": "<strong>NASA FIRMS<\/strong><br>Sensor: VIIRS_SNPP_NRT<br>Fecha UTC: 2026-09-21T13:27:00Z<br>Confianza: nominal<br>FRP: 9.26 MW"
      }
    },
    {
      "type": "Feature",
      "geometry": {
        "type": "Point",
        "coordinates": [-7.327, 41.6296]
      },
      "properties": {
        "bright_ti4": 336.27,
        "scan": 0.4,
        "track": 0.37,
        "acq_date": "2026-09-21",
        "acq_time": "1327",
        "satellite": "N",
        "instrument": "VIIRS",
        "confidence": "l",
        "version": "2.0NRT",
        "bright_ti5": 309.25,
        "frp": 0.6,
        "daynight": "D",
        "source_dataset": "VIIRS_SNPP_NRT",
        "acq_datetime_utc": "2026-09-21T13:27:00Z",
        "age_hours": 28.2,
        "confidence_label": "baja",
        "popup_label": "<strong>NASA FIRMS<\/strong><br>Sensor: VIIRS_SNPP_NRT<br>Fecha UTC: 2026-09-21T13:27:00Z<br>Confianza: baja<br>FRP: 0.6 MW"
      }
    },
    {
      "type": "Feature",
      "geometry": {
        "type": "Point",
        "coordinates": [-7.328, 41.6329]
      },
      "properties": {
        "bright_ti4": 341.66,
        "scan": 0.4,
        "track": 0.37,
        "acq_date": "2026-09-21",
        "acq_time": "1327",
        "satellite": "N",
        "instrument": "VIIRS",
        "confidence": "l",
        "version": "2.0NRT",
        "bright_ti5": 313.67,
        "frp": 5.25,
        "daynight": "D",
        "source_dataset": "VIIRS_SNPP_NRT",
        "acq_datetime_utc": "2026-09-21T13:27:00Z",
        "age_hours": 28.2,
        "confidence_label": "baja",
        "popup_label": "<strong>NASA FIRMS<\/strong><br>Sensor: VIIRS_SNPP_NRT<br>Fecha UTC: 2026-09-21T13:27:00Z<br>Confianza: baja<br>FRP: 5.25 MW"
      }
    },
    {
      "type": "Feature",
      "geometry": {
        "type": "Point",
        "coordinates": [-7.3299, 41.6395]
      },
      "properties": {
        "bright_ti4": 347.62,
        "scan": 0.4,
        "track": 0.37,
        "acq_date": "2026-09-21",
        "acq_time": "1327",
        "satellite": "N",
        "instrument": "VIIRS",
        "confidence": "n",
        "version": "2.0NRT",
        "bright_ti5": 314.39,
        "frp": 5.94,
        "daynight": "D",
        "source_dataset": "VIIRS_SNPP_NRT",
        "acq_datetime_utc": "2026-09-21T13:27:00Z",
        "age_hours": 28.2,
        "confidence_label": "nominal",
        "popup_label": "<strong>NASA FIRMS<\/strong><br>Sensor: VIIRS_SNPP_NRT<br>Fecha UTC: 2026-09-21T13:27:00Z<br>Confianza: nominal<br>FRP: 5.94 MW"
      }
    },
    {
      "type": "Feature",
      "geometry": {
        "type": "Point",
        "coordinates": [-1.622, 41.9112]
      },
      "properties": {
        "bright_ti4": 336.83,
        "scan": 0.46,
        "track": 0.39,
        "acq_date": "2026-09-21",
        "acq_time": "1327",
        "satellite": "N",
        "instrument": "VIIRS",
        "confidence": "n",
        "version": "2.0NRT",
        "bright_ti5": 310.15,
        "frp": 2.24,
        "daynight": "D",
        "source_dataset": "VIIRS_SNPP_NRT",
        "acq_datetime_utc": "2026-09-21T13:27:00Z",
        "age_hours": 28.2,
        "confidence_label": "nominal",
        "popup_label": "<strong>NASA FIRMS<\/strong><br>Sensor: VIIRS_SNPP_NRT<br>Fecha UTC: 2026-09-21T13:27:00Z<br>Confianza: nominal<br>FRP: 2.24 MW"
      }
    },
    {
      "type": "Feature",
      "geometry": {
        "type": "Point",
        "coordinates": [-8.7437, 42.2067]
      },
      "properties": {
        "bright_ti4": 338.16,
        "scan": 0.42,
        "track": 0.38,
        "acq_date": "2026-09-21",
        "acq_time": "1327",
        "satellite": "N",
        "instrument": "VIIRS",
        "confidence": "l",
        "version": "2.0NRT",
        "bright_ti5": 311.15,
        "frp": 3.7,
        "daynight": "D",
        "source_dataset": "VIIRS_SNPP_NRT",
        "acq_datetime_utc": "2026-09-21T13:27:00Z",
        "age_hours": 28.2,
        "confidence_label": "baja",
        "popup_label": "<strong>NASA FIRMS<\/strong><br>Sensor: VIIRS_SNPP_NRT<br>Fecha UTC: 2026-09-21T13:27:00Z<br>Confianza: baja<br>FRP: 3.7 MW"
      }
    },
    {
      "type": "Feature",
      "geometry": {
        "type": "Point",
        "coordinates": [-8.7412, 42.209]
      },
      "properties": {
        "bright_ti4": 338.37,
        "scan": 0.42,
        "track": 0.38,
        "acq_date": "2026-09-21",
        "acq_time": "1327",
        "satellite": "N",
        "instrument": "VIIRS",
        "confidence": "n",
        "version": "2.0NRT",
        "bright_ti5": 307.19,
        "frp": 5.07,
        "daynight": "D",
        "source_dataset": "VIIRS_SNPP_NRT",
        "acq_datetime_utc": "2026-09-21T13:27:00Z",
        "age_hours": 28.2,
        "confidence_label": "nominal",
        "popup_label": "<strong>NASA FIRMS<\/strong><br>Sensor: VIIRS_SNPP_NRT<br>Fecha UTC: 2026-09-21T13:27:00Z<br>Confianza: nominal<br>FRP: 5.07 MW"
      }
    },
    {
      "type": "Feature",
      "geometry": {
        "type": "Point",
        "coordinates": [-8.6159, 42.4691]
      },
      "properties": {
        "bright_ti4": 347.99,
        "scan": 0.41,
        "track": 0.37,
        "acq_date": "2026-09-21",
        "acq_time": "1327",
        "satellite": "N",
        "instrument": "VIIRS",
        "confidence": "n",
        "version": "2.0NRT",
        "bright_ti5": 310.23,
        "frp": 24.21,
        "daynight": "D",
        "source_dataset": "VIIRS_SNPP_NRT",
        "acq_datetime_utc": "2026-09-21T13:27:00Z",
        "age_hours": 28.2,
        "confidence_label": "nominal",
        "popup_label": "<strong>NASA FIRMS<\/strong><br>Sensor: VIIRS_SNPP_NRT<br>Fecha UTC: 2026-09-21T13:27:00Z<br>Confianza: nominal<br>FRP: 24.21 MW"
      }
    },
    {
      "type": "Feature",
      "geometry": {
        "type": "Point",
        "coordinates": [2.9352, 42.5542]
      },
      "properties": {
        "bright_ti4": 348.3,
        "scan": 0.5,
        "track": 0.49,
        "acq_date": "2026-09-21",
        "acq_time": "1327",
        "satellite": "N",
        "instrument": "VIIRS",
        "confidence": "n",
        "version": "2.0NRT",
        "bright_ti5": 305.64,
        "frp": 24.48,
        "daynight": "D",
        "source_dataset": "VIIRS_SNPP_NRT",
        "acq_datetime_utc": "2026-09-21T13:27:00Z",
        "age_hours": 28.2,
        "confidence_label": "nominal",
        "popup_label": "<strong>NASA FIRMS<\/strong><br>Sensor: VIIRS_SNPP_NRT<br>Fecha UTC: 2026-09-21T13:27:00Z<br>Confianza: nominal<br>FRP: 24.48 MW"
      }
    },
    {
      "type": "Feature",
      "geometry": {
        "type": "Point",
        "coordinates": [2.9346, 42.5587]
      },
      "properties": {
        "bright_ti4": 348.1,
        "scan": 0.5,
        "track": 0.49,
        "acq_date": "2026-09-21",
        "acq_time": "1327",
        "satellite": "N",
        "instrument": "VIIRS",
        "confidence": "n",
        "version": "2.0NRT",
        "bright_ti5": 300.01,
        "frp": 24.48,
        "daynight": "D",
        "source_dataset": "VIIRS_SNPP_NRT",
        "acq_datetime_utc": "2026-09-21T13:27:00Z",
        "age_hours": 28.2,
        "confidence_label": "nominal",
        "popup_label": "<strong>NASA FIRMS<\/strong><br>Sensor: VIIRS_SNPP_NRT<br>Fecha UTC: 2026-09-21T13:27:00Z<br>Confianza: nominal<br>FRP: 24.48 MW"
      }
    },
    {
      "type": "Feature",
      "geometry": {
        "type": "Point",
        "coordinates": [2.9195, 42.654]
      },
      "properties": {
        "bright_ti4": 331.99,
        "scan": 0.5,
        "track": 0.49,
        "acq_date": "2026-09-21",
        "acq_time": "1327",
        "satellite": "N",
        "instrument": "VIIRS",
        "confidence": "l",
        "version": "2.0NRT",
        "bright_ti5": 305.84,
        "frp": 2.93,
        "daynight": "D",
        "source_dataset": "VIIRS_SNPP_NRT",
        "acq_datetime_utc": "2026-09-21T13:27:00Z",
        "age_hours": 28.2,
        "confidence_label": "baja",
        "popup_label": "<strong>NASA FIRMS<\/strong><br>Sensor: VIIRS_SNPP_NRT<br>Fecha UTC: 2026-09-21T13:27:00Z<br>Confianza: baja<br>FRP: 2.93 MW"
      }
    },
    {
      "type": "Feature",
      "geometry": {
        "type": "Point",
        "coordinates": [3.1084, 43.2298]
      },
      "properties": {
        "bright_ti4": 367,
        "scan": 0.52,
        "track": 0.5,
        "acq_date": "2026-09-21",
        "acq_time": "1327",
        "satellite": "N",
        "instrument": "VIIRS",
        "confidence": "h",
        "version": "2.0NRT",
        "bright_ti5": 290.73,
        "frp": 19.26,
        "daynight": "D",
        "source_dataset": "VIIRS_SNPP_NRT",
        "acq_datetime_utc": "2026-09-21T13:27:00Z",
        "age_hours": 28.2,
        "confidence_label": "alta",
        "popup_label": "<strong>NASA FIRMS<\/strong><br>Sensor: VIIRS_SNPP_NRT<br>Fecha UTC: 2026-09-21T13:27:00Z<br>Confianza: alta<br>FRP: 19.26 MW"
      }
    },
    {
      "type": "Feature",
      "geometry": {
        "type": "Point",
        "coordinates": [3.1148, 43.2303]
      },
      "properties": {
        "bright_ti4": 367,
        "scan": 0.52,
        "track": 0.5,
        "acq_date": "2026-09-21",
        "acq_time": "1327",
        "satellite": "N",
        "instrument": "VIIRS",
        "confidence": "h",
        "version": "2.0NRT",
        "bright_ti5": 290.62,
        "frp": 24.34,
        "daynight": "D",
        "source_dataset": "VIIRS_SNPP_NRT",
        "acq_datetime_utc": "2026-09-21T13:27:00Z",
        "age_hours": 28.2,
        "confidence_label": "alta",
        "popup_label": "<strong>NASA FIRMS<\/strong><br>Sensor: VIIRS_SNPP_NRT<br>Fecha UTC: 2026-09-21T13:27:00Z<br>Confianza: alta<br>FRP: 24.34 MW"
      }
    },
    {
      "type": "Feature",
      "geometry": {
        "type": "Point",
        "coordinates": [4.3464, 43.6961]
      },
      "properties": {
        "bright_ti4": 342.7,
        "scan": 0.6,
        "track": 0.53,
        "acq_date": "2026-09-21",
        "acq_time": "1327",
        "satellite": "N",
        "instrument": "VIIRS",
        "confidence": "n",
        "version": "2.0NRT",
        "bright_ti5": 282.8,
        "frp": 9.68,
        "daynight": "D",
        "source_dataset": "VIIRS_SNPP_NRT",
        "acq_datetime_utc": "2026-09-21T13:27:00Z",
        "age_hours": 28.2,
        "confidence_label": "nominal",
        "popup_label": "<strong>NASA FIRMS<\/strong><br>Sensor: VIIRS_SNPP_NRT<br>Fecha UTC: 2026-09-21T13:27:00Z<br>Confianza: nominal<br>FRP: 9.68 MW"
      }
    },
    {
      "type": "Feature",
      "geometry": {
        "type": "Point",
        "coordinates": [-1.3909, 29.4221]
      },
      "properties": {
        "bright_ti4": 341.46,
        "scan": 0.39,
        "track": 0.36,
        "acq_date": "2026-09-21",
        "acq_time": "1325",
        "satellite": "N",
        "instrument": "VIIRS",
        "confidence": "l",
        "version": "2.0NRT",
        "bright_ti5": 312.19,
        "frp": 3.63,
        "daynight": "D",
        "source_dataset": "VIIRS_SNPP_NRT",
        "acq_datetime_utc": "2026-09-21T13:25:00Z",
        "age_hours": 28.3,
        "confidence_label": "baja",
        "popup_label": "<strong>NASA FIRMS<\/strong><br>Sensor: VIIRS_SNPP_NRT<br>Fecha UTC: 2026-09-21T13:25:00Z<br>Confianza: baja<br>FRP: 3.63 MW"
      }
    },
    {
      "type": "Feature",
      "geometry": {
        "type": "Point",
        "coordinates": [3.1668, 32.5565]
      },
      "properties": {
        "bright_ti4": 335.72,
        "scan": 0.4,
        "track": 0.44,
        "acq_date": "2026-09-21",
        "acq_time": "1325",
        "satellite": "N",
        "instrument": "VIIRS",
        "confidence": "n",
        "version": "2.0NRT",
        "bright_ti5": 295.21,
        "frp": 1.85,
        "daynight": "D",
        "source_dataset": "VIIRS_SNPP_NRT",
        "acq_datetime_utc": "2026-09-21T13:25:00Z",
        "age_hours": 28.3,
        "confidence_label": "nominal",
        "popup_label": "<strong>NASA FIRMS<\/strong><br>Sensor: VIIRS_SNPP_NRT<br>Fecha UTC: 2026-09-21T13:25:00Z<br>Confianza: nominal<br>FRP: 1.85 MW"
      }
    },
    {
      "type": "Feature",
      "geometry": {
        "type": "Point",
        "coordinates": [-3.2382, 33.9794]
      },
      "properties": {
        "bright_ti4": 336.03,
        "scan": 0.38,
        "track": 0.36,
        "acq_date": "2026-09-21",
        "acq_time": "1325",
        "satellite": "N",
        "instrument": "VIIRS",
        "confidence": "l",
        "version": "2.0NRT",
        "bright_ti5": 307.64,
        "frp": 1.77,
        "daynight": "D",
        "source_dataset": "VIIRS_SNPP_NRT",
        "acq_datetime_utc": "2026-09-21T13:25:00Z",
        "age_hours": 28.3,
        "confidence_label": "baja",
        "popup_label": "<strong>NASA FIRMS<\/strong><br>Sensor: VIIRS_SNPP_NRT<br>Fecha UTC: 2026-09-21T13:25:00Z<br>Confianza: baja<br>FRP: 1.77 MW"
      }
    },
    {
      "type": "Feature",
      "geometry": {
        "type": "Point",
        "coordinates": [-0.2725, 35.8123]
      },
      "properties": {
        "bright_ti4": 336.49,
        "scan": 0.45,
        "track": 0.39,
        "acq_date": "2026-09-21",
        "acq_time": "1325",
        "satellite": "N",
        "instrument": "VIIRS",
        "confidence": "n",
        "version": "2.0NRT",
        "bright_ti5": 305.5,
        "frp": 2.48,
        "daynight": "D",
        "source_dataset": "VIIRS_SNPP_NRT",
        "acq_datetime_utc": "2026-09-21T13:25:00Z",
        "age_hours": 28.3,
        "confidence_label": "nominal",
        "popup_label": "<strong>NASA FIRMS<\/strong><br>Sensor: VIIRS_SNPP_NRT<br>Fecha UTC: 2026-09-21T13:25:00Z<br>Confianza: nominal<br>FRP: 2.48 MW"
      }
    },
    {
      "type": "Feature",
      "geometry": {
        "type": "Point",
        "coordinates": [-0.5158, 28.2009]
      },
      "properties": {
        "bright_ti4": 343.61,
        "scan": 0.39,
        "track": 0.36,
        "acq_date": "2026-09-21",
        "acq_time": "1323",
        "satellite": "N",
        "instrument": "VIIRS",
        "confidence": "l",
        "version": "2.0NRT",
        "bright_ti5": 316.11,
        "frp": 10.05,
        "daynight": "D",
        "source_dataset": "VIIRS_SNPP_NRT",
        "acq_datetime_utc": "2026-09-21T13:23:00Z",
        "age_hours": 28.3,
        "confidence_label": "baja",
        "popup_label": "<strong>NASA FIRMS<\/strong><br>Sensor: VIIRS_SNPP_NRT<br>Fecha UTC: 2026-09-21T13:23:00Z<br>Confianza: baja<br>FRP: 10.05 MW"
      }
    },
    {
      "type": "Feature",
      "geometry": {
        "type": "Point",
        "coordinates": [-0.1579, 28.2128]
      },
      "properties": {
        "bright_ti4": 342.11,
        "scan": 0.4,
        "track": 0.37,
        "acq_date": "2026-09-21",
        "acq_time": "1323",
        "satellite": "N",
        "instrument": "VIIRS",
        "confidence": "l",
        "version": "2.0NRT",
        "bright_ti5": 314.11,
        "frp": 7.54,
        "daynight": "D",
        "source_dataset": "VIIRS_SNPP_NRT",
        "acq_datetime_utc": "2026-09-21T13:23:00Z",
        "age_hours": 28.3,
        "confidence_label": "baja",
        "popup_label": "<strong>NASA FIRMS<\/strong><br>Sensor: VIIRS_SNPP_NRT<br>Fecha UTC: 2026-09-21T13:23:00Z<br>Confianza: baja<br>FRP: 7.54 MW"
      }
    },
    {
      "type": "Feature",
      "geometry": {
        "type": "Point",
        "coordinates": [-8.4198, 40.2895]
      },
      "properties": {
        "bright_ti4": 300.47,
        "scan": 0.59,
        "track": 0.7,
        "acq_date": "2026-09-21",
        "acq_time": "0347",
        "satellite": "N",
        "instrument": "VIIRS",
        "confidence": "n",
        "version": "2.0NRT",
        "bright_ti5": 290.02,
        "frp": 0.54,
        "daynight": "N",
        "source_dataset": "VIIRS_SNPP_NRT",
        "acq_datetime_utc": "2026-09-21T03:47:00Z",
        "age_hours": 37.9,
        "confidence_label": "nominal",
        "popup_label": "<strong>NASA FIRMS<\/strong><br>Sensor: VIIRS_SNPP_NRT<br>Fecha UTC: 2026-09-21T03:47:00Z<br>Confianza: nominal<br>FRP: 0.54 MW"
      }
    },
    {
      "type": "Feature",
      "geometry": {
        "type": "Point",
        "coordinates": [-8.4669, 43.3549]
      },
      "properties": {
        "bright_ti4": 314.24,
        "scan": 0.47,
        "track": 0.64,
        "acq_date": "2026-09-21",
        "acq_time": "0347",
        "satellite": "N",
        "instrument": "VIIRS",
        "confidence": "n",
        "version": "2.0NRT",
        "bright_ti5": 291.49,
        "frp": 2.73,
        "daynight": "N",
        "source_dataset": "VIIRS_SNPP_NRT",
        "acq_datetime_utc": "2026-09-21T03:47:00Z",
        "age_hours": 37.9,
        "confidence_label": "nominal",
        "popup_label": "<strong>NASA FIRMS<\/strong><br>Sensor: VIIRS_SNPP_NRT<br>Fecha UTC: 2026-09-21T03:47:00Z<br>Confianza: nominal<br>FRP: 2.73 MW"
      }
    },
    {
      "type": "Feature",
      "geometry": {
        "type": "Point",
        "coordinates": [-5.7301, 43.5269]
      },
      "properties": {
        "bright_ti4": 302.57,
        "scan": 0.62,
        "track": 0.71,
        "acq_date": "2026-09-21",
        "acq_time": "0345",
        "satellite": "N",
        "instrument": "VIIRS",
        "confidence": "n",
        "version": "2.0NRT",
        "bright_ti5": 288.68,
        "frp": 1.21,
        "daynight": "N",
        "source_dataset": "VIIRS_SNPP_NRT",
        "acq_datetime_utc": "2026-09-21T03:45:00Z",
        "age_hours": 37.9,
        "confidence_label": "nominal",
        "popup_label": "<strong>NASA FIRMS<\/strong><br>Sensor: VIIRS_SNPP_NRT<br>Fecha UTC: 2026-09-21T03:45:00Z<br>Confianza: nominal<br>FRP: 1.21 MW"
      }
    },
    {
      "type": "Feature",
      "geometry": {
        "type": "Point",
        "coordinates": [-0.5174, 28.1995]
      },
      "properties": {
        "bright_ti4": 330.51,
        "scan": 0.43,
        "track": 0.38,
        "acq_date": "2026-09-21",
        "acq_time": "0209",
        "satellite": "N",
        "instrument": "VIIRS",
        "confidence": "n",
        "version": "2.0NRT",
        "bright_ti5": 296.58,
        "frp": 3.74,
        "daynight": "N",
        "source_dataset": "VIIRS_SNPP_NRT",
        "acq_datetime_utc": "2026-09-21T02:09:00Z",
        "age_hours": 39.5,
        "confidence_label": "nominal",
        "popup_label": "<strong>NASA FIRMS<\/strong><br>Sensor: VIIRS_SNPP_NRT<br>Fecha UTC: 2026-09-21T02:09:00Z<br>Confianza: nominal<br>FRP: 3.74 MW"
      }
    },
    {
      "type": "Feature",
      "geometry": {
        "type": "Point",
        "coordinates": [-0.515, 28.1999]
      },
      "properties": {
        "bright_ti4": 316.58,
        "scan": 0.43,
        "track": 0.38,
        "acq_date": "2026-09-21",
        "acq_time": "0209",
        "satellite": "N",
        "instrument": "VIIRS",
        "confidence": "n",
        "version": "2.0NRT",
        "bright_ti5": 295.85,
        "frp": 1.46,
        "daynight": "N",
        "source_dataset": "VIIRS_SNPP_NRT",
        "acq_datetime_utc": "2026-09-21T02:09:00Z",
        "age_hours": 39.5,
        "confidence_label": "nominal",
        "popup_label": "<strong>NASA FIRMS<\/strong><br>Sensor: VIIRS_SNPP_NRT<br>Fecha UTC: 2026-09-21T02:09:00Z<br>Confianza: nominal<br>FRP: 1.46 MW"
      }
    },
    {
      "type": "Feature",
      "geometry": {
        "type": "Point",
        "coordinates": [-0.5193, 28.2007]
      },
      "properties": {
        "bright_ti4": 320.25,
        "scan": 0.43,
        "track": 0.38,
        "acq_date": "2026-09-21",
        "acq_time": "0209",
        "satellite": "N",
        "instrument": "VIIRS",
        "confidence": "n",
        "version": "2.0NRT",
        "bright_ti5": 295.67,
        "frp": 2.03,
        "daynight": "N",
        "source_dataset": "VIIRS_SNPP_NRT",
        "acq_datetime_utc": "2026-09-21T02:09:00Z",
        "age_hours": 39.5,
        "confidence_label": "nominal",
        "popup_label": "<strong>NASA FIRMS<\/strong><br>Sensor: VIIRS_SNPP_NRT<br>Fecha UTC: 2026-09-21T02:09:00Z<br>Confianza: nominal<br>FRP: 2.03 MW"
      }
    },
    {
      "type": "Feature",
      "geometry": {
        "type": "Point",
        "coordinates": [3.9888, 32.2757]
      },
      "properties": {
        "bright_ti4": 310.26,
        "scan": 0.39,
        "track": 0.44,
        "acq_date": "2026-09-21",
        "acq_time": "0209",
        "satellite": "N",
        "instrument": "VIIRS",
        "confidence": "n",
        "version": "2.0NRT",
        "bright_ti5": 279.05,
        "frp": 1.45,
        "daynight": "N",
        "source_dataset": "VIIRS_SNPP_NRT",
        "acq_datetime_utc": "2026-09-21T02:09:00Z",
        "age_hours": 39.5,
        "confidence_label": "nominal",
        "popup_label": "<strong>NASA FIRMS<\/strong><br>Sensor: VIIRS_SNPP_NRT<br>Fecha UTC: 2026-09-21T02:09:00Z<br>Confianza: nominal<br>FRP: 1.45 MW"
      }
    },
    {
      "type": "Feature",
      "geometry": {
        "type": "Point",
        "coordinates": [3.9847, 32.2766]
      },
      "properties": {
        "bright_ti4": 296.19,
        "scan": 0.39,
        "track": 0.44,
        "acq_date": "2026-09-21",
        "acq_time": "0209",
        "satellite": "N",
        "instrument": "VIIRS",
        "confidence": "n",
        "version": "2.0NRT",
        "bright_ti5": 282.14,
        "frp": 2.21,
        "daynight": "N",
        "source_dataset": "VIIRS_SNPP_NRT",
        "acq_datetime_utc": "2026-09-21T02:09:00Z",
        "age_hours": 39.5,
        "confidence_label": "nominal",
        "popup_label": "<strong>NASA FIRMS<\/strong><br>Sensor: VIIRS_SNPP_NRT<br>Fecha UTC: 2026-09-21T02:09:00Z<br>Confianza: nominal<br>FRP: 2.21 MW"
      }
    },
    {
      "type": "Feature",
      "geometry": {
        "type": "Point",
        "coordinates": [-8.5908, 33.1667]
      },
      "properties": {
        "bright_ti4": 308.59,
        "scan": 0.43,
        "track": 0.46,
        "acq_date": "2026-09-21",
        "acq_time": "0209",
        "satellite": "N",
        "instrument": "VIIRS",
        "confidence": "n",
        "version": "2.0NRT",
        "bright_ti5": 292.19,
        "frp": 0.72,
        "daynight": "N",
        "source_dataset": "VIIRS_SNPP_NRT",
        "acq_datetime_utc": "2026-09-21T02:09:00Z",
        "age_hours": 39.5,
        "confidence_label": "nominal",
        "popup_label": "<strong>NASA FIRMS<\/strong><br>Sensor: VIIRS_SNPP_NRT<br>Fecha UTC: 2026-09-21T02:09:00Z<br>Confianza: nominal<br>FRP: 0.72 MW"
      }
    },
    {
      "type": "Feature",
      "geometry": {
        "type": "Point",
        "coordinates": [-0.3444, 33.4727]
      },
      "properties": {
        "bright_ti4": 307.51,
        "scan": 0.39,
        "track": 0.36,
        "acq_date": "2026-09-21",
        "acq_time": "0209",
        "satellite": "N",
        "instrument": "VIIRS",
        "confidence": "n",
        "version": "2.0NRT",
        "bright_ti5": 287.05,
        "frp": 0.78,
        "daynight": "N",
        "source_dataset": "VIIRS_SNPP_NRT",
        "acq_datetime_utc": "2026-09-21T02:09:00Z",
        "age_hours": 39.5,
        "confidence_label": "nominal",
        "popup_label": "<strong>NASA FIRMS<\/strong><br>Sensor: VIIRS_SNPP_NRT<br>Fecha UTC: 2026-09-21T02:09:00Z<br>Confianza: nominal<br>FRP: 0.78 MW"
      }
    },
    {
      "type": "Feature",
      "geometry": {
        "type": "Point",
        "coordinates": [2.6578, 33.8745]
      },
      "properties": {
        "bright_ti4": 296.01,
        "scan": 0.48,
        "track": 0.4,
        "acq_date": "2026-09-21",
        "acq_time": "0209",
        "satellite": "N",
        "instrument": "VIIRS",
        "confidence": "n",
        "version": "2.0NRT",
        "bright_ti5": 284.38,
        "frp": 0.32,
        "daynight": "N",
        "source_dataset": "VIIRS_SNPP_NRT",
        "acq_datetime_utc": "2026-09-21T02:09:00Z",
        "age_hours": 39.5,
        "confidence_label": "nominal",
        "popup_label": "<strong>NASA FIRMS<\/strong><br>Sensor: VIIRS_SNPP_NRT<br>Fecha UTC: 2026-09-21T02:09:00Z<br>Confianza: nominal<br>FRP: 0.32 MW"
      }
    },
    {
      "type": "Feature",
      "geometry": {
        "type": "Point",
        "coordinates": [2.0574, 34.439]
      },
      "properties": {
        "bright_ti4": 297,
        "scan": 0.45,
        "track": 0.39,
        "acq_date": "2026-09-21",
        "acq_time": "0209",
        "satellite": "N",
        "instrument": "VIIRS",
        "confidence": "n",
        "version": "2.0NRT",
        "bright_ti5": 285.57,
        "frp": 0.51,
        "daynight": "N",
        "source_dataset": "VIIRS_SNPP_NRT",
        "acq_datetime_utc": "2026-09-21T02:09:00Z",
        "age_hours": 39.5,
        "confidence_label": "nominal",
        "popup_label": "<strong>NASA FIRMS<\/strong><br>Sensor: VIIRS_SNPP_NRT<br>Fecha UTC: 2026-09-21T02:09:00Z<br>Confianza: nominal<br>FRP: 0.51 MW"
      }
    },
    {
      "type": "Feature",
      "geometry": {
        "type": "Point",
        "coordinates": [-2.3465, 34.5969]
      },
      "properties": {
        "bright_ti4": 310.47,
        "scan": 0.39,
        "track": 0.36,
        "acq_date": "2026-09-21",
        "acq_time": "0209",
        "satellite": "N",
        "instrument": "VIIRS",
        "confidence": "n",
        "version": "2.0NRT",
        "bright_ti5": 291.4,
        "frp": 1.11,
        "daynight": "N",
        "source_dataset": "VIIRS_SNPP_NRT",
        "acq_datetime_utc": "2026-09-21T02:09:00Z",
        "age_hours": 39.5,
        "confidence_label": "nominal",
        "popup_label": "<strong>NASA FIRMS<\/strong><br>Sensor: VIIRS_SNPP_NRT<br>Fecha UTC: 2026-09-21T02:09:00Z<br>Confianza: nominal<br>FRP: 1.11 MW"
      }
    },
    {
      "type": "Feature",
      "geometry": {
        "type": "Point",
        "coordinates": [-5.2685, 35.1835]
      },
      "properties": {
        "bright_ti4": 310.41,
        "scan": 0.47,
        "track": 0.4,
        "acq_date": "2026-09-21",
        "acq_time": "0209",
        "satellite": "N",
        "instrument": "VIIRS",
        "confidence": "n",
        "version": "2.0NRT",
        "bright_ti5": 290.37,
        "frp": 1.13,
        "daynight": "N",
        "source_dataset": "VIIRS_SNPP_NRT",
        "acq_datetime_utc": "2026-09-21T02:09:00Z",
        "age_hours": 39.5,
        "confidence_label": "nominal",
        "popup_label": "<strong>NASA FIRMS<\/strong><br>Sensor: VIIRS_SNPP_NRT<br>Fecha UTC: 2026-09-21T02:09:00Z<br>Confianza: nominal<br>FRP: 1.13 MW"
      }
    },
    {
      "type": "Feature",
      "geometry": {
        "type": "Point",
        "coordinates": [-5.6593, 35.7189]
      },
      "properties": {
        "bright_ti4": 310.22,
        "scan": 0.5,
        "track": 0.41,
        "acq_date": "2026-09-21",
        "acq_time": "0209",
        "satellite": "N",
        "instrument": "VIIRS",
        "confidence": "n",
        "version": "2.0NRT",
        "bright_ti5": 293.44,
        "frp": 0.85,
        "daynight": "N",
        "source_dataset": "VIIRS_SNPP_NRT",
        "acq_datetime_utc": "2026-09-21T02:09:00Z",
        "age_hours": 39.5,
        "confidence_label": "nominal",
        "popup_label": "<strong>NASA FIRMS<\/strong><br>Sensor: VIIRS_SNPP_NRT<br>Fecha UTC: 2026-09-21T02:09:00Z<br>Confianza: nominal<br>FRP: 0.85 MW"
      }
    },
    {
      "type": "Feature",
      "geometry": {
        "type": "Point",
        "coordinates": [-0.5918, 35.5105]
      },
      "properties": {
        "bright_ti4": 301.41,
        "scan": 0.39,
        "track": 0.36,
        "acq_date": "2026-09-21",
        "acq_time": "0206",
        "satellite": "N",
        "instrument": "VIIRS",
        "confidence": "n",
        "version": "2.0NRT",
        "bright_ti5": 290.66,
        "frp": 0.3,
        "daynight": "N",
        "source_dataset": "VIIRS_SNPP_NRT",
        "acq_datetime_utc": "2026-09-21T02:06:00Z",
        "age_hours": 39.6,
        "confidence_label": "nominal",
        "popup_label": "<strong>NASA FIRMS<\/strong><br>Sensor: VIIRS_SNPP_NRT<br>Fecha UTC: 2026-09-21T02:06:00Z<br>Confianza: nominal<br>FRP: 0.3 MW"
      }
    },
    {
      "type": "Feature",
      "geometry": {
        "type": "Point",
        "coordinates": [-0.937, 35.5662]
      },
      "properties": {
        "bright_ti4": 315.52,
        "scan": 0.38,
        "track": 0.36,
        "acq_date": "2026-09-21",
        "acq_time": "0206",
        "satellite": "N",
        "instrument": "VIIRS",
        "confidence": "n",
        "version": "2.0NRT",
        "bright_ti5": 291.73,
        "frp": 0.65,
        "daynight": "N",
        "source_dataset": "VIIRS_SNPP_NRT",
        "acq_datetime_utc": "2026-09-21T02:06:00Z",
        "age_hours": 39.6,
        "confidence_label": "nominal",
        "popup_label": "<strong>NASA FIRMS<\/strong><br>Sensor: VIIRS_SNPP_NRT<br>Fecha UTC: 2026-09-21T02:06:00Z<br>Confianza: nominal<br>FRP: 0.65 MW"
      }
    },
    {
      "type": "Feature",
      "geometry": {
        "type": "Point",
        "coordinates": [4.4765, 35.7106]
      },
      "properties": {
        "bright_ti4": 300.8,
        "scan": 0.54,
        "track": 0.42,
        "acq_date": "2026-09-21",
        "acq_time": "0206",
        "satellite": "N",
        "instrument": "VIIRS",
        "confidence": "n",
        "version": "2.0NRT",
        "bright_ti5": 290.22,
        "frp": 0.53,
        "daynight": "N",
        "source_dataset": "VIIRS_SNPP_NRT",
        "acq_datetime_utc": "2026-09-21T02:06:00Z",
        "age_hours": 39.6,
        "confidence_label": "nominal",
        "popup_label": "<strong>NASA FIRMS<\/strong><br>Sensor: VIIRS_SNPP_NRT<br>Fecha UTC: 2026-09-21T02:06:00Z<br>Confianza: nominal<br>FRP: 0.53 MW"
      }
    },
    {
      "type": "Feature",
      "geometry": {
        "type": "Point",
        "coordinates": [-0.2633, 35.7703]
      },
      "properties": {
        "bright_ti4": 304.21,
        "scan": 0.39,
        "track": 0.36,
        "acq_date": "2026-09-21",
        "acq_time": "0206",
        "satellite": "N",
        "instrument": "VIIRS",
        "confidence": "n",
        "version": "2.0NRT",
        "bright_ti5": 294.05,
        "frp": 1.33,
        "daynight": "N",
        "source_dataset": "VIIRS_SNPP_NRT",
        "acq_datetime_utc": "2026-09-21T02:06:00Z",
        "age_hours": 39.6,
        "confidence_label": "nominal",
        "popup_label": "<strong>NASA FIRMS<\/strong><br>Sensor: VIIRS_SNPP_NRT<br>Fecha UTC: 2026-09-21T02:06:00Z<br>Confianza: nominal<br>FRP: 1.33 MW"
      }
    },
    {
      "type": "Feature",
      "geometry": {
        "type": "Point",
        "coordinates": [0.5416, 35.7837]
      },
      "properties": {
        "bright_ti4": 303.51,
        "scan": 0.4,
        "track": 0.37,
        "acq_date": "2026-09-21",
        "acq_time": "0206",
        "satellite": "N",
        "instrument": "VIIRS",
        "confidence": "n",
        "version": "2.0NRT",
        "bright_ti5": 292.93,
        "frp": 0.55,
        "daynight": "N",
        "source_dataset": "VIIRS_SNPP_NRT",
        "acq_datetime_utc": "2026-09-21T02:06:00Z",
        "age_hours": 39.6,
        "confidence_label": "nominal",
        "popup_label": "<strong>NASA FIRMS<\/strong><br>Sensor: VIIRS_SNPP_NRT<br>Fecha UTC: 2026-09-21T02:06:00Z<br>Confianza: nominal<br>FRP: 0.55 MW"
      }
    },
    {
      "type": "Feature",
      "geometry": {
        "type": "Point",
        "coordinates": [-0.2431, 35.8035]
      },
      "properties": {
        "bright_ti4": 313.89,
        "scan": 0.39,
        "track": 0.36,
        "acq_date": "2026-09-21",
        "acq_time": "0206",
        "satellite": "N",
        "instrument": "VIIRS",
        "confidence": "n",
        "version": "2.0NRT",
        "bright_ti5": 293.22,
        "frp": 0.99,
        "daynight": "N",
        "source_dataset": "VIIRS_SNPP_NRT",
        "acq_datetime_utc": "2026-09-21T02:06:00Z",
        "age_hours": 39.6,
        "confidence_label": "nominal",
        "popup_label": "<strong>NASA FIRMS<\/strong><br>Sensor: VIIRS_SNPP_NRT<br>Fecha UTC: 2026-09-21T02:06:00Z<br>Confianza: nominal<br>FRP: 0.99 MW"
      }
    },
    {
      "type": "Feature",
      "geometry": {
        "type": "Point",
        "coordinates": [-0.2423, 35.8068]
      },
      "properties": {
        "bright_ti4": 304.53,
        "scan": 0.39,
        "track": 0.36,
        "acq_date": "2026-09-21",
        "acq_time": "0206",
        "satellite": "N",
        "instrument": "VIIRS",
        "confidence": "n",
        "version": "2.0NRT",
        "bright_ti5": 292.31,
        "frp": 0.91,
        "daynight": "N",
        "source_dataset": "VIIRS_SNPP_NRT",
        "acq_datetime_utc": "2026-09-21T02:06:00Z",
        "age_hours": 39.6,
        "confidence_label": "nominal",
        "popup_label": "<strong>NASA FIRMS<\/strong><br>Sensor: VIIRS_SNPP_NRT<br>Fecha UTC: 2026-09-21T02:06:00Z<br>Confianza: nominal<br>FRP: 0.91 MW"
      }
    },
    {
      "type": "Feature",
      "geometry": {
        "type": "Point",
        "coordinates": [-0.255, 35.8089]
      },
      "properties": {
        "bright_ti4": 338.27,
        "scan": 0.39,
        "track": 0.36,
        "acq_date": "2026-09-21",
        "acq_time": "0206",
        "satellite": "N",
        "instrument": "VIIRS",
        "confidence": "n",
        "version": "2.0NRT",
        "bright_ti5": 293.29,
        "frp": 5.32,
        "daynight": "N",
        "source_dataset": "VIIRS_SNPP_NRT",
        "acq_datetime_utc": "2026-09-21T02:06:00Z",
        "age_hours": 39.6,
        "confidence_label": "nominal",
        "popup_label": "<strong>NASA FIRMS<\/strong><br>Sensor: VIIRS_SNPP_NRT<br>Fecha UTC: 2026-09-21T02:06:00Z<br>Confianza: nominal<br>FRP: 5.32 MW"
      }
    },
    {
      "type": "Feature",
      "geometry": {
        "type": "Point",
        "coordinates": [-0.272, 35.8117]
      },
      "properties": {
        "bright_ti4": 308.84,
        "scan": 0.39,
        "track": 0.36,
        "acq_date": "2026-09-21",
        "acq_time": "0206",
        "satellite": "N",
        "instrument": "VIIRS",
        "confidence": "n",
        "version": "2.0NRT",
        "bright_ti5": 291.58,
        "frp": 0.65,
        "daynight": "N",
        "source_dataset": "VIIRS_SNPP_NRT",
        "acq_datetime_utc": "2026-09-21T02:06:00Z",
        "age_hours": 39.6,
        "confidence_label": "nominal",
        "popup_label": "<strong>NASA FIRMS<\/strong><br>Sensor: VIIRS_SNPP_NRT<br>Fecha UTC: 2026-09-21T02:06:00Z<br>Confianza: nominal<br>FRP: 0.65 MW"
      }
    },
    {
      "type": "Feature",
      "geometry": {
        "type": "Point",
        "coordinates": [-0.2712, 35.815]
      },
      "properties": {
        "bright_ti4": 308.86,
        "scan": 0.39,
        "track": 0.36,
        "acq_date": "2026-09-21",
        "acq_time": "0206",
        "satellite": "N",
        "instrument": "VIIRS",
        "confidence": "n",
        "version": "2.0NRT",
        "bright_ti5": 291.69,
        "frp": 0.65,
        "daynight": "N",
        "source_dataset": "VIIRS_SNPP_NRT",
        "acq_datetime_utc": "2026-09-21T02:06:00Z",
        "age_hours": 39.6,
        "confidence_label": "nominal",
        "popup_label": "<strong>NASA FIRMS<\/strong><br>Sensor: VIIRS_SNPP_NRT<br>Fecha UTC: 2026-09-21T02:06:00Z<br>Confianza: nominal<br>FRP: 0.65 MW"
      }
    },
    {
      "type": "Feature",
      "geometry": {
        "type": "Point",
        "coordinates": [-0.3264, 35.8241]
      },
      "properties": {
        "bright_ti4": 303.7,
        "scan": 0.39,
        "track": 0.36,
        "acq_date": "2026-09-21",
        "acq_time": "0206",
        "satellite": "N",
        "instrument": "VIIRS",
        "confidence": "n",
        "version": "2.0NRT",
        "bright_ti5": 292.43,
        "frp": 0.47,
        "daynight": "N",
        "source_dataset": "VIIRS_SNPP_NRT",
        "acq_datetime_utc": "2026-09-21T02:06:00Z",
        "age_hours": 39.6,
        "confidence_label": "nominal",
        "popup_label": "<strong>NASA FIRMS<\/strong><br>Sensor: VIIRS_SNPP_NRT<br>Fecha UTC: 2026-09-21T02:06:00Z<br>Confianza: nominal<br>FRP: 0.47 MW"
      }
    },
    {
      "type": "Feature",
      "geometry": {
        "type": "Point",
        "coordinates": [0.1269, 36.0182]
      },
      "properties": {
        "bright_ti4": 316.55,
        "scan": 0.39,
        "track": 0.36,
        "acq_date": "2026-09-21",
        "acq_time": "0206",
        "satellite": "N",
        "instrument": "VIIRS",
        "confidence": "n",
        "version": "2.0NRT",
        "bright_ti5": 291.7,
        "frp": 1.12,
        "daynight": "N",
        "source_dataset": "VIIRS_SNPP_NRT",
        "acq_datetime_utc": "2026-09-21T02:06:00Z",
        "age_hours": 39.6,
        "confidence_label": "nominal",
        "popup_label": "<strong>NASA FIRMS<\/strong><br>Sensor: VIIRS_SNPP_NRT<br>Fecha UTC: 2026-09-21T02:06:00Z<br>Confianza: nominal<br>FRP: 1.12 MW"
      }
    },
    {
      "type": "Feature",
      "geometry": {
        "type": "Point",
        "coordinates": [2.9291, 36.1401]
      },
      "properties": {
        "bright_ti4": 301.9,
        "scan": 0.46,
        "track": 0.39,
        "acq_date": "2026-09-21",
        "acq_time": "0206",
        "satellite": "N",
        "instrument": "VIIRS",
        "confidence": "n",
        "version": "2.0NRT",
        "bright_ti5": 287.56,
        "frp": 0.57,
        "daynight": "N",
        "source_dataset": "VIIRS_SNPP_NRT",
        "acq_datetime_utc": "2026-09-21T02:06:00Z",
        "age_hours": 39.6,
        "confidence_label": "nominal",
        "popup_label": "<strong>NASA FIRMS<\/strong><br>Sensor: VIIRS_SNPP_NRT<br>Fecha UTC: 2026-09-21T02:06:00Z<br>Confianza: nominal<br>FRP: 0.57 MW"
      }
    },
    {
      "type": "Feature",
      "geometry": {
        "type": "Point",
        "coordinates": [2.8797, 36.5956]
      },
      "properties": {
        "bright_ti4": 306.4,
        "scan": 0.45,
        "track": 0.39,
        "acq_date": "2026-09-21",
        "acq_time": "0206",
        "satellite": "N",
        "instrument": "VIIRS",
        "confidence": "n",
        "version": "2.0NRT",
        "bright_ti5": 290.08,
        "frp": 0.74,
        "daynight": "N",
        "source_dataset": "VIIRS_SNPP_NRT",
        "acq_datetime_utc": "2026-09-21T02:06:00Z",
        "age_hours": 39.6,
        "confidence_label": "nominal",
        "popup_label": "<strong>NASA FIRMS<\/strong><br>Sensor: VIIRS_SNPP_NRT<br>Fecha UTC: 2026-09-21T02:06:00Z<br>Confianza: nominal<br>FRP: 0.74 MW"
      }
    },
    {
      "type": "Feature",
      "geometry": {
        "type": "Point",
        "coordinates": [3.1246, 36.6813]
      },
      "properties": {
        "bright_ti4": 302.1,
        "scan": 0.46,
        "track": 0.39,
        "acq_date": "2026-09-21",
        "acq_time": "0206",
        "satellite": "N",
        "instrument": "VIIRS",
        "confidence": "n",
        "version": "2.0NRT",
        "bright_ti5": 291.79,
        "frp": 0.91,
        "daynight": "N",
        "source_dataset": "VIIRS_SNPP_NRT",
        "acq_datetime_utc": "2026-09-21T02:06:00Z",
        "age_hours": 39.6,
        "confidence_label": "nominal",
        "popup_label": "<strong>NASA FIRMS<\/strong><br>Sensor: VIIRS_SNPP_NRT<br>Fecha UTC: 2026-09-21T02:06:00Z<br>Confianza: nominal<br>FRP: 0.91 MW"
      }
    },
    {
      "type": "Feature",
      "geometry": {
        "type": "Point",
        "coordinates": [3.0825, 36.7503]
      },
      "properties": {
        "bright_ti4": 314.96,
        "scan": 0.46,
        "track": 0.39,
        "acq_date": "2026-09-21",
        "acq_time": "0206",
        "satellite": "N",
        "instrument": "VIIRS",
        "confidence": "n",
        "version": "2.0NRT",
        "bright_ti5": 292.64,
        "frp": 1.71,
        "daynight": "N",
        "source_dataset": "VIIRS_SNPP_NRT",
        "acq_datetime_utc": "2026-09-21T02:06:00Z",
        "age_hours": 39.6,
        "confidence_label": "nominal",
        "popup_label": "<strong>NASA FIRMS<\/strong><br>Sensor: VIIRS_SNPP_NRT<br>Fecha UTC: 2026-09-21T02:06:00Z<br>Confianza: nominal<br>FRP: 1.71 MW"
      }
    },
    {
      "type": "Feature",
      "geometry": {
        "type": "Point",
        "coordinates": [-1.9048, 36.9664]
      },
      "properties": {
        "bright_ti4": 320.36,
        "scan": 0.39,
        "track": 0.36,
        "acq_date": "2026-09-21",
        "acq_time": "0206",
        "satellite": "N",
        "instrument": "VIIRS",
        "confidence": "n",
        "version": "2.0NRT",
        "bright_ti5": 294.91,
        "frp": 1.92,
        "daynight": "N",
        "source_dataset": "VIIRS_SNPP_NRT",
        "acq_datetime_utc": "2026-09-21T02:06:00Z",
        "age_hours": 39.6,
        "confidence_label": "nominal",
        "popup_label": "<strong>NASA FIRMS<\/strong><br>Sensor: VIIRS_SNPP_NRT<br>Fecha UTC: 2026-09-21T02:06:00Z<br>Confianza: nominal<br>FRP: 1.92 MW"
      }
    },
    {
      "type": "Feature",
      "geometry": {
        "type": "Point",
        "coordinates": [-4.5554, 37.8339]
      },
      "properties": {
        "bright_ti4": 306.94,
        "scan": 0.47,
        "track": 0.4,
        "acq_date": "2026-09-21",
        "acq_time": "0206",
        "satellite": "N",
        "instrument": "VIIRS",
        "confidence": "n",
        "version": "2.0NRT",
        "bright_ti5": 290.15,
        "frp": 0.78,
        "daynight": "N",
        "source_dataset": "VIIRS_SNPP_NRT",
        "acq_datetime_utc": "2026-09-21T02:06:00Z",
        "age_hours": 39.6,
        "confidence_label": "nominal",
        "popup_label": "<strong>NASA FIRMS<\/strong><br>Sensor: VIIRS_SNPP_NRT<br>Fecha UTC: 2026-09-21T02:06:00Z<br>Confianza: nominal<br>FRP: 0.78 MW"
      }
    },
    {
      "type": "Feature",
      "geometry": {
        "type": "Point",
        "coordinates": [-0.545, 38.3779]
      },
      "properties": {
        "bright_ti4": 306.06,
        "scan": 0.38,
        "track": 0.36,
        "acq_date": "2026-09-21",
        "acq_time": "0206",
        "satellite": "N",
        "instrument": "VIIRS",
        "confidence": "n",
        "version": "2.0NRT",
        "bright_ti5": 290.56,
        "frp": 0.99,
        "daynight": "N",
        "source_dataset": "VIIRS_SNPP_NRT",
        "acq_datetime_utc": "2026-09-21T02:06:00Z",
        "age_hours": 39.6,
        "confidence_label": "nominal",
        "popup_label": "<strong>NASA FIRMS<\/strong><br>Sensor: VIIRS_SNPP_NRT<br>Fecha UTC: 2026-09-21T02:06:00Z<br>Confianza: nominal<br>FRP: 0.99 MW"
      }
    },
    {
      "type": "Feature",
      "geometry": {
        "type": "Point",
        "coordinates": [-6.4841, 38.3781]
      },
      "properties": {
        "bright_ti4": 300.97,
        "scan": 0.39,
        "track": 0.44,
        "acq_date": "2026-09-21",
        "acq_time": "0206",
        "satellite": "N",
        "instrument": "VIIRS",
        "confidence": "n",
        "version": "2.0NRT",
        "bright_ti5": 290.38,
        "frp": 0.58,
        "daynight": "N",
        "source_dataset": "VIIRS_SNPP_NRT",
        "acq_datetime_utc": "2026-09-21T02:06:00Z",
        "age_hours": 39.6,
        "confidence_label": "nominal",
        "popup_label": "<strong>NASA FIRMS<\/strong><br>Sensor: VIIRS_SNPP_NRT<br>Fecha UTC: 2026-09-21T02:06:00Z<br>Confianza: nominal<br>FRP: 0.58 MW"
      }
    },
    {
      "type": "Feature",
      "geometry": {
        "type": "Point",
        "coordinates": [-9.009, 38.9211]
      },
      "properties": {
        "bright_ti4": 306.08,
        "scan": 0.53,
        "track": 0.5,
        "acq_date": "2026-09-21",
        "acq_time": "0206",
        "satellite": "N",
        "instrument": "VIIRS",
        "confidence": "n",
        "version": "2.0NRT",
        "bright_ti5": 294.27,
        "frp": 1.76,
        "daynight": "N",
        "source_dataset": "VIIRS_SNPP_NRT",
        "acq_datetime_utc": "2026-09-21T02:06:00Z",
        "age_hours": 39.6,
        "confidence_label": "nominal",
        "popup_label": "<strong>NASA FIRMS<\/strong><br>Sensor: VIIRS_SNPP_NRT<br>Fecha UTC: 2026-09-21T02:06:00Z<br>Confianza: nominal<br>FRP: 1.76 MW"
      }
    },
    {
      "type": "Feature",
      "geometry": {
        "type": "Point",
        "coordinates": [-5.9605, 38.9646]
      },
      "properties": {
        "bright_ti4": 306.51,
        "scan": 0.56,
        "track": 0.43,
        "acq_date": "2026-09-21",
        "acq_time": "0206",
        "satellite": "N",
        "instrument": "VIIRS",
        "confidence": "n",
        "version": "2.0NRT",
        "bright_ti5": 290.62,
        "frp": 1.73,
        "daynight": "N",
        "source_dataset": "VIIRS_SNPP_NRT",
        "acq_datetime_utc": "2026-09-21T02:06:00Z",
        "age_hours": 39.6,
        "confidence_label": "nominal",
        "popup_label": "<strong>NASA FIRMS<\/strong><br>Sensor: VIIRS_SNPP_NRT<br>Fecha UTC: 2026-09-21T02:06:00Z<br>Confianza: nominal<br>FRP: 1.73 MW"
      }
    },
    {
      "type": "Feature",
      "geometry": {
        "type": "Point",
        "coordinates": [-3.0952, 39.1174]
      },
      "properties": {
        "bright_ti4": 310.87,
        "scan": 0.43,
        "track": 0.38,
        "acq_date": "2026-09-21",
        "acq_time": "0206",
        "satellite": "N",
        "instrument": "VIIRS",
        "confidence": "n",
        "version": "2.0NRT",
        "bright_ti5": 286.3,
        "frp": 0.54,
        "daynight": "N",
        "source_dataset": "VIIRS_SNPP_NRT",
        "acq_datetime_utc": "2026-09-21T02:06:00Z",
        "age_hours": 39.6,
        "confidence_label": "nominal",
        "popup_label": "<strong>NASA FIRMS<\/strong><br>Sensor: VIIRS_SNPP_NRT<br>Fecha UTC: 2026-09-21T02:06:00Z<br>Confianza: nominal<br>FRP: 0.54 MW"
      }
    },
    {
      "type": "Feature",
      "geometry": {
        "type": "Point",
        "coordinates": [-0.2476, 39.6633]
      },
      "properties": {
        "bright_ti4": 302.05,
        "scan": 0.39,
        "track": 0.36,
        "acq_date": "2026-09-21",
        "acq_time": "0206",
        "satellite": "N",
        "instrument": "VIIRS",
        "confidence": "n",
        "version": "2.0NRT",
        "bright_ti5": 291.52,
        "frp": 0.61,
        "daynight": "N",
        "source_dataset": "VIIRS_SNPP_NRT",
        "acq_datetime_utc": "2026-09-21T02:06:00Z",
        "age_hours": 39.6,
        "confidence_label": "nominal",
        "popup_label": "<strong>NASA FIRMS<\/strong><br>Sensor: VIIRS_SNPP_NRT<br>Fecha UTC: 2026-09-21T02:06:00Z<br>Confianza: nominal<br>FRP: 0.61 MW"
      }
    },
    {
      "type": "Feature",
      "geometry": {
        "type": "Point",
        "coordinates": [-0.0035, 39.9514]
      },
      "properties": {
        "bright_ti4": 304.12,
        "scan": 0.38,
        "track": 0.36,
        "acq_date": "2026-09-21",
        "acq_time": "0206",
        "satellite": "N",
        "instrument": "VIIRS",
        "confidence": "n",
        "version": "2.0NRT",
        "bright_ti5": 293.44,
        "frp": 1.3,
        "daynight": "N",
        "source_dataset": "VIIRS_SNPP_NRT",
        "acq_datetime_utc": "2026-09-21T02:06:00Z",
        "age_hours": 39.6,
        "confidence_label": "nominal",
        "popup_label": "<strong>NASA FIRMS<\/strong><br>Sensor: VIIRS_SNPP_NRT<br>Fecha UTC: 2026-09-21T02:06:00Z<br>Confianza: nominal<br>FRP: 1.3 MW"
      }
    },
    {
      "type": "Feature",
      "geometry": {
        "type": "Point",
        "coordinates": [-3.4763, 40.2442]
      },
      "properties": {
        "bright_ti4": 328.99,
        "scan": 0.45,
        "track": 0.39,
        "acq_date": "2026-09-21",
        "acq_time": "0206",
        "satellite": "N",
        "instrument": "VIIRS",
        "confidence": "n",
        "version": "2.0NRT",
        "bright_ti5": 292.21,
        "frp": 3.47,
        "daynight": "N",
        "source_dataset": "VIIRS_SNPP_NRT",
        "acq_datetime_utc": "2026-09-21T02:06:00Z",
        "age_hours": 39.6,
        "confidence_label": "nominal",
        "popup_label": "<strong>NASA FIRMS<\/strong><br>Sensor: VIIRS_SNPP_NRT<br>Fecha UTC: 2026-09-21T02:06:00Z<br>Confianza: nominal<br>FRP: 3.47 MW"
      }
    },
    {
      "type": "Feature",
      "geometry": {
        "type": "Point",
        "coordinates": [-7.9094, 40.9223]
      },
      "properties": {
        "bright_ti4": 312.3,
        "scan": 0.49,
        "track": 0.48,
        "acq_date": "2026-09-21",
        "acq_time": "0206",
        "satellite": "N",
        "instrument": "VIIRS",
        "confidence": "n",
        "version": "2.0NRT",
        "bright_ti5": 293.14,
        "frp": 2.77,
        "daynight": "N",
        "source_dataset": "VIIRS_SNPP_NRT",
        "acq_datetime_utc": "2026-09-21T02:06:00Z",
        "age_hours": 39.6,
        "confidence_label": "nominal",
        "popup_label": "<strong>NASA FIRMS<\/strong><br>Sensor: VIIRS_SNPP_NRT<br>Fecha UTC: 2026-09-21T02:06:00Z<br>Confianza: nominal<br>FRP: 2.77 MW"
      }
    },
    {
      "type": "Feature",
      "geometry": {
        "type": "Point",
        "coordinates": [-7.915, 40.9228]
      },
      "properties": {
        "bright_ti4": 318.69,
        "scan": 0.49,
        "track": 0.48,
        "acq_date": "2026-09-21",
        "acq_time": "0206",
        "satellite": "N",
        "instrument": "VIIRS",
        "confidence": "n",
        "version": "2.0NRT",
        "bright_ti5": 295.73,
        "frp": 2.77,
        "daynight": "N",
        "source_dataset": "VIIRS_SNPP_NRT",
        "acq_datetime_utc": "2026-09-21T02:06:00Z",
        "age_hours": 39.6,
        "confidence_label": "nominal",
        "popup_label": "<strong>NASA FIRMS<\/strong><br>Sensor: VIIRS_SNPP_NRT<br>Fecha UTC: 2026-09-21T02:06:00Z<br>Confianza: nominal<br>FRP: 2.77 MW"
      }
    },
    {
      "type": "Feature",
      "geometry": {
        "type": "Point",
        "coordinates": [-7.9141, 40.9245]
      },
      "properties": {
        "bright_ti4": 329.47,
        "scan": 0.49,
        "track": 0.48,
        "acq_date": "2026-09-21",
        "acq_time": "0206",
        "satellite": "N",
        "instrument": "VIIRS",
        "confidence": "n",
        "version": "2.0NRT",
        "bright_ti5": 297.43,
        "frp": 4.14,
        "daynight": "N",
        "source_dataset": "VIIRS_SNPP_NRT",
        "acq_datetime_utc": "2026-09-21T02:06:00Z",
        "age_hours": 39.6,
        "confidence_label": "nominal",
        "popup_label": "<strong>NASA FIRMS<\/strong><br>Sensor: VIIRS_SNPP_NRT<br>Fecha UTC: 2026-09-21T02:06:00Z<br>Confianza: nominal<br>FRP: 4.14 MW"
      }
    },
    {
      "type": "Feature",
      "geometry": {
        "type": "Point",
        "coordinates": [-8.1382, 41.0569]
      },
      "properties": {
        "bright_ti4": 304.66,
        "scan": 0.5,
        "track": 0.49,
        "acq_date": "2026-09-21",
        "acq_time": "0206",
        "satellite": "N",
        "instrument": "VIIRS",
        "confidence": "n",
        "version": "2.0NRT",
        "bright_ti5": 289.97,
        "frp": 0.43,
        "daynight": "N",
        "source_dataset": "VIIRS_SNPP_NRT",
        "acq_datetime_utc": "2026-09-21T02:06:00Z",
        "age_hours": 39.6,
        "confidence_label": "nominal",
        "popup_label": "<strong>NASA FIRMS<\/strong><br>Sensor: VIIRS_SNPP_NRT<br>Fecha UTC: 2026-09-21T02:06:00Z<br>Confianza: nominal<br>FRP: 0.43 MW"
      }
    },
    {
      "type": "Feature",
      "geometry": {
        "type": "Point",
        "coordinates": [-8.1397, 41.0572]
      },
      "properties": {
        "bright_ti4": 303.74,
        "scan": 0.5,
        "track": 0.49,
        "acq_date": "2026-09-21",
        "acq_time": "0206",
        "satellite": "N",
        "instrument": "VIIRS",
        "confidence": "n",
        "version": "2.0NRT",
        "bright_ti5": 289.65,
        "frp": 0.68,
        "daynight": "N",
        "source_dataset": "VIIRS_SNPP_NRT",
        "acq_datetime_utc": "2026-09-21T02:06:00Z",
        "age_hours": 39.6,
        "confidence_label": "nominal",
        "popup_label": "<strong>NASA FIRMS<\/strong><br>Sensor: VIIRS_SNPP_NRT<br>Fecha UTC: 2026-09-21T02:06:00Z<br>Confianza: nominal<br>FRP: 0.68 MW"
      }
    },
    {
      "type": "Feature",
      "geometry": {
        "type": "Point",
        "coordinates": [0.3169, 41.0878]
      },
      "properties": {
        "bright_ti4": 297.07,
        "scan": 0.38,
        "track": 0.36,
        "acq_date": "2026-09-21",
        "acq_time": "0206",
        "satellite": "N",
        "instrument": "VIIRS",
        "confidence": "n",
        "version": "2.0NRT",
        "bright_ti5": 286.97,
        "frp": 0.32,
        "daynight": "N",
        "source_dataset": "VIIRS_SNPP_NRT",
        "acq_datetime_utc": "2026-09-21T02:06:00Z",
        "age_hours": 39.6,
        "confidence_label": "nominal",
        "popup_label": "<strong>NASA FIRMS<\/strong><br>Sensor: VIIRS_SNPP_NRT<br>Fecha UTC: 2026-09-21T02:06:00Z<br>Confianza: nominal<br>FRP: 0.32 MW"
      }
    },
    {
      "type": "Feature",
      "geometry": {
        "type": "Point",
        "coordinates": [-8.1376, 41.0891]
      },
      "properties": {
        "bright_ti4": 348.63,
        "scan": 0.5,
        "track": 0.49,
        "acq_date": "2026-09-21",
        "acq_time": "0206",
        "satellite": "N",
        "instrument": "VIIRS",
        "confidence": "n",
        "version": "2.0NRT",
        "bright_ti5": 293.58,
        "frp": 8.25,
        "daynight": "N",
        "source_dataset": "VIIRS_SNPP_NRT",
        "acq_datetime_utc": "2026-09-21T02:06:00Z",
        "age_hours": 39.6,
        "confidence_label": "nominal",
        "popup_label": "<strong>NASA FIRMS<\/strong><br>Sensor: VIIRS_SNPP_NRT<br>Fecha UTC: 2026-09-21T02:06:00Z<br>Confianza: nominal<br>FRP: 8.25 MW"
      }
    },
    {
      "type": "Feature",
      "geometry": {
        "type": "Point",
        "coordinates": [-1.4857, 41.4743]
      },
      "properties": {
        "bright_ti4": 305.76,
        "scan": 0.41,
        "track": 0.37,
        "acq_date": "2026-09-21",
        "acq_time": "0206",
        "satellite": "N",
        "instrument": "VIIRS",
        "confidence": "n",
        "version": "2.0NRT",
        "bright_ti5": 286.7,
        "frp": 0.66,
        "daynight": "N",
        "source_dataset": "VIIRS_SNPP_NRT",
        "acq_datetime_utc": "2026-09-21T02:06:00Z",
        "age_hours": 39.6,
        "confidence_label": "nominal",
        "popup_label": "<strong>NASA FIRMS<\/strong><br>Sensor: VIIRS_SNPP_NRT<br>Fecha UTC: 2026-09-21T02:06:00Z<br>Confianza: nominal<br>FRP: 0.66 MW"
      }
    },
    {
      "type": "Feature",
      "geometry": {
        "type": "Point",
        "coordinates": [-8.0258, 41.7478]
      },
      "properties": {
        "bright_ti4": 326.02,
        "scan": 0.5,
        "track": 0.49,
        "acq_date": "2026-09-21",
        "acq_time": "0206",
        "satellite": "N",
        "instrument": "VIIRS",
        "confidence": "n",
        "version": "2.0NRT",
        "bright_ti5": 290.73,
        "frp": 3.98,
        "daynight": "N",
        "source_dataset": "VIIRS_SNPP_NRT",
        "acq_datetime_utc": "2026-09-21T02:06:00Z",
        "age_hours": 39.6,
        "confidence_label": "nominal",
        "popup_label": "<strong>NASA FIRMS<\/strong><br>Sensor: VIIRS_SNPP_NRT<br>Fecha UTC: 2026-09-21T02:06:00Z<br>Confianza: nominal<br>FRP: 3.98 MW"
      }
    },
    {
      "type": "Feature",
      "geometry": {
        "type": "Point",
        "coordinates": [-8.0309, 41.7482]
      },
      "properties": {
        "bright_ti4": 334.45,
        "scan": 0.5,
        "track": 0.49,
        "acq_date": "2026-09-21",
        "acq_time": "0206",
        "satellite": "N",
        "instrument": "VIIRS",
        "confidence": "n",
        "version": "2.0NRT",
        "bright_ti5": 290.98,
        "frp": 3.98,
        "daynight": "N",
        "source_dataset": "VIIRS_SNPP_NRT",
        "acq_datetime_utc": "2026-09-21T02:06:00Z",
        "age_hours": 39.6,
        "confidence_label": "nominal",
        "popup_label": "<strong>NASA FIRMS<\/strong><br>Sensor: VIIRS_SNPP_NRT<br>Fecha UTC: 2026-09-21T02:06:00Z<br>Confianza: nominal<br>FRP: 3.98 MW"
      }
    },
    {
      "type": "Feature",
      "geometry": {
        "type": "Point",
        "coordinates": [1.9795, 41.4556]
      },
      "properties": {
        "bright_ti4": 311.73,
        "scan": 0.39,
        "track": 0.36,
        "acq_date": "2026-09-21",
        "acq_time": "0204",
        "satellite": "N",
        "instrument": "VIIRS",
        "confidence": "n",
        "version": "2.0NRT",
        "bright_ti5": 292.26,
        "frp": 1.13,
        "daynight": "N",
        "source_dataset": "VIIRS_SNPP_NRT",
        "acq_datetime_utc": "2026-09-21T02:04:00Z",
        "age_hours": 39.6,
        "confidence_label": "nominal",
        "popup_label": "<strong>NASA FIRMS<\/strong><br>Sensor: VIIRS_SNPP_NRT<br>Fecha UTC: 2026-09-21T02:04:00Z<br>Confianza: nominal<br>FRP: 1.13 MW"
      }
    },
    {
      "type": "Feature",
      "geometry": {
        "type": "Point",
        "coordinates": [-2.8076, 42.4591]
      },
      "properties": {
        "bright_ti4": 307.72,
        "scan": 0.45,
        "track": 0.39,
        "acq_date": "2026-09-21",
        "acq_time": "0204",
        "satellite": "N",
        "instrument": "VIIRS",
        "confidence": "n",
        "version": "2.0NRT",
        "bright_ti5": 285.19,
        "frp": 1.1,
        "daynight": "N",
        "source_dataset": "VIIRS_SNPP_NRT",
        "acq_datetime_utc": "2026-09-21T02:04:00Z",
        "age_hours": 39.6,
        "confidence_label": "nominal",
        "popup_label": "<strong>NASA FIRMS<\/strong><br>Sensor: VIIRS_SNPP_NRT<br>Fecha UTC: 2026-09-21T02:04:00Z<br>Confianza: nominal<br>FRP: 1.1 MW"
      }
    },
    {
      "type": "Feature",
      "geometry": {
        "type": "Point",
        "coordinates": [-6.7706, 42.5536]
      },
      "properties": {
        "bright_ti4": 297.1,
        "scan": 0.45,
        "track": 0.47,
        "acq_date": "2026-09-21",
        "acq_time": "0204",
        "satellite": "N",
        "instrument": "VIIRS",
        "confidence": "n",
        "version": "2.0NRT",
        "bright_ti5": 286.42,
        "frp": 0.92,
        "daynight": "N",
        "source_dataset": "VIIRS_SNPP_NRT",
        "acq_datetime_utc": "2026-09-21T02:04:00Z",
        "age_hours": 39.6,
        "confidence_label": "nominal",
        "popup_label": "<strong>NASA FIRMS<\/strong><br>Sensor: VIIRS_SNPP_NRT<br>Fecha UTC: 2026-09-21T02:04:00Z<br>Confianza: nominal<br>FRP: 0.92 MW"
      }
    },
    {
      "type": "Feature",
      "geometry": {
        "type": "Point",
        "coordinates": [-2.2214, 43.0364]
      },
      "properties": {
        "bright_ti4": 302.84,
        "scan": 0.44,
        "track": 0.38,
        "acq_date": "2026-09-21",
        "acq_time": "0204",
        "satellite": "N",
        "instrument": "VIIRS",
        "confidence": "n",
        "version": "2.0NRT",
        "bright_ti5": 287.85,
        "frp": 0.74,
        "daynight": "N",
        "source_dataset": "VIIRS_SNPP_NRT",
        "acq_datetime_utc": "2026-09-21T02:04:00Z",
        "age_hours": 39.6,
        "confidence_label": "nominal",
        "popup_label": "<strong>NASA FIRMS<\/strong><br>Sensor: VIIRS_SNPP_NRT<br>Fecha UTC: 2026-09-21T02:04:00Z<br>Confianza: nominal<br>FRP: 0.74 MW"
      }
    },
    {
      "type": "Feature",
      "geometry": {
        "type": "Point",
        "coordinates": [0.9911, 43.1871]
      },
      "properties": {
        "bright_ti4": 296.52,
        "scan": 0.38,
        "track": 0.36,
        "acq_date": "2026-09-21",
        "acq_time": "0204",
        "satellite": "N",
        "instrument": "VIIRS",
        "confidence": "n",
        "version": "2.0NRT",
        "bright_ti5": 285.92,
        "frp": 0.53,
        "daynight": "N",
        "source_dataset": "VIIRS_SNPP_NRT",
        "acq_datetime_utc": "2026-09-21T02:04:00Z",
        "age_hours": 39.6,
        "confidence_label": "nominal",
        "popup_label": "<strong>NASA FIRMS<\/strong><br>Sensor: VIIRS_SNPP_NRT<br>Fecha UTC: 2026-09-21T02:04:00Z<br>Confianza: nominal<br>FRP: 0.53 MW"
      }
    },
    {
      "type": "Feature",
      "geometry": {
        "type": "Point",
        "coordinates": [-3.0047, 43.3165]
      },
      "properties": {
        "bright_ti4": 302.76,
        "scan": 0.47,
        "track": 0.4,
        "acq_date": "2026-09-21",
        "acq_time": "0204",
        "satellite": "N",
        "instrument": "VIIRS",
        "confidence": "n",
        "version": "2.0NRT",
        "bright_ti5": 289.21,
        "frp": 0.98,
        "daynight": "N",
        "source_dataset": "VIIRS_SNPP_NRT",
        "acq_datetime_utc": "2026-09-21T02:04:00Z",
        "age_hours": 39.6,
        "confidence_label": "nominal",
        "popup_label": "<strong>NASA FIRMS<\/strong><br>Sensor: VIIRS_SNPP_NRT<br>Fecha UTC: 2026-09-21T02:04:00Z<br>Confianza: nominal<br>FRP: 0.98 MW"
      }
    },
    {
      "type": "Feature",
      "geometry": {
        "type": "Point",
        "coordinates": [-3.0059, 43.3177]
      },
      "properties": {
        "bright_ti4": 301.83,
        "scan": 0.47,
        "track": 0.4,
        "acq_date": "2026-09-21",
        "acq_time": "0204",
        "satellite": "N",
        "instrument": "VIIRS",
        "confidence": "n",
        "version": "2.0NRT",
        "bright_ti5": 289.68,
        "frp": 0.91,
        "daynight": "N",
        "source_dataset": "VIIRS_SNPP_NRT",
        "acq_datetime_utc": "2026-09-21T02:04:00Z",
        "age_hours": 39.6,
        "confidence_label": "nominal",
        "popup_label": "<strong>NASA FIRMS<\/strong><br>Sensor: VIIRS_SNPP_NRT<br>Fecha UTC: 2026-09-21T02:04:00Z<br>Confianza: nominal<br>FRP: 0.91 MW"
      }
    },
    {
      "type": "Feature",
      "geometry": {
        "type": "Point",
        "coordinates": [-8.4623, 43.3576]
      },
      "properties": {
        "bright_ti4": 314.62,
        "scan": 0.55,
        "track": 0.51,
        "acq_date": "2026-09-21",
        "acq_time": "0204",
        "satellite": "N",
        "instrument": "VIIRS",
        "confidence": "n",
        "version": "2.0NRT",
        "bright_ti5": 292.66,
        "frp": 3.45,
        "daynight": "N",
        "source_dataset": "VIIRS_SNPP_NRT",
        "acq_datetime_utc": "2026-09-21T02:04:00Z",
        "age_hours": 39.6,
        "confidence_label": "nominal",
        "popup_label": "<strong>NASA FIRMS<\/strong><br>Sensor: VIIRS_SNPP_NRT<br>Fecha UTC: 2026-09-21T02:04:00Z<br>Confianza: nominal<br>FRP: 3.45 MW"
      }
    },
    {
      "type": "Feature",
      "geometry": {
        "type": "Point",
        "coordinates": [4.8947, 43.4352]
      },
      "properties": {
        "bright_ti4": 307.75,
        "scan": 0.43,
        "track": 0.38,
        "acq_date": "2026-09-21",
        "acq_time": "0204",
        "satellite": "N",
        "instrument": "VIIRS",
        "confidence": "n",
        "version": "2.0NRT",
        "bright_ti5": 283.73,
        "frp": 1.5,
        "daynight": "N",
        "source_dataset": "VIIRS_SNPP_NRT",
        "acq_datetime_utc": "2026-09-21T02:04:00Z",
        "age_hours": 39.6,
        "confidence_label": "nominal",
        "popup_label": "<strong>NASA FIRMS<\/strong><br>Sensor: VIIRS_SNPP_NRT<br>Fecha UTC: 2026-09-21T02:04:00Z<br>Confianza: nominal<br>FRP: 1.5 MW"
      }
    },
    {
      "type": "Feature",
      "geometry": {
        "type": "Point",
        "coordinates": [4.8803, 43.4416]
      },
      "properties": {
        "bright_ti4": 313.97,
        "scan": 0.43,
        "track": 0.38,
        "acq_date": "2026-09-21",
        "acq_time": "0204",
        "satellite": "N",
        "instrument": "VIIRS",
        "confidence": "n",
        "version": "2.0NRT",
        "bright_ti5": 283.87,
        "frp": 1.82,
        "daynight": "N",
        "source_dataset": "VIIRS_SNPP_NRT",
        "acq_datetime_utc": "2026-09-21T02:04:00Z",
        "age_hours": 39.6,
        "confidence_label": "nominal",
        "popup_label": "<strong>NASA FIRMS<\/strong><br>Sensor: VIIRS_SNPP_NRT<br>Fecha UTC: 2026-09-21T02:04:00Z<br>Confianza: nominal<br>FRP: 1.82 MW"
      }
    },
    {
      "type": "Feature",
      "geometry": {
        "type": "Point",
        "coordinates": [4.8983, 43.4455]
      },
      "properties": {
        "bright_ti4": 325.58,
        "scan": 0.43,
        "track": 0.38,
        "acq_date": "2026-09-21",
        "acq_time": "0204",
        "satellite": "N",
        "instrument": "VIIRS",
        "confidence": "n",
        "version": "2.0NRT",
        "bright_ti5": 279.36,
        "frp": 3.55,
        "daynight": "N",
        "source_dataset": "VIIRS_SNPP_NRT",
        "acq_datetime_utc": "2026-09-21T02:04:00Z",
        "age_hours": 39.6,
        "confidence_label": "nominal",
        "popup_label": "<strong>NASA FIRMS<\/strong><br>Sensor: VIIRS_SNPP_NRT<br>Fecha UTC: 2026-09-21T02:04:00Z<br>Confianza: nominal<br>FRP: 3.55 MW"
      }
    },
    {
      "type": "Feature",
      "geometry": {
        "type": "Point",
        "coordinates": [-5.7324, 43.5246]
      },
      "properties": {
        "bright_ti4": 305.39,
        "scan": 0.41,
        "track": 0.45,
        "acq_date": "2026-09-21",
        "acq_time": "0204",
        "satellite": "N",
        "instrument": "VIIRS",
        "confidence": "n",
        "version": "2.0NRT",
        "bright_ti5": 290.37,
        "frp": 1,
        "daynight": "N",
        "source_dataset": "VIIRS_SNPP_NRT",
        "acq_datetime_utc": "2026-09-21T02:04:00Z",
        "age_hours": 39.6,
        "confidence_label": "nominal",
        "popup_label": "<strong>NASA FIRMS<\/strong><br>Sensor: VIIRS_SNPP_NRT<br>Fecha UTC: 2026-09-21T02:04:00Z<br>Confianza: nominal<br>FRP: 1 MW"
      }
    },
    {
      "type": "Feature",
      "geometry": {
        "type": "Point",
        "coordinates": [-5.7316, 43.5287]
      },
      "properties": {
        "bright_ti4": 307.67,
        "scan": 0.41,
        "track": 0.45,
        "acq_date": "2026-09-21",
        "acq_time": "0204",
        "satellite": "N",
        "instrument": "VIIRS",
        "confidence": "n",
        "version": "2.0NRT",
        "bright_ti5": 289.26,
        "frp": 1,
        "daynight": "N",
        "source_dataset": "VIIRS_SNPP_NRT",
        "acq_datetime_utc": "2026-09-21T02:04:00Z",
        "age_hours": 39.6,
        "confidence_label": "nominal",
        "popup_label": "<strong>NASA FIRMS<\/strong><br>Sensor: VIIRS_SNPP_NRT<br>Fecha UTC: 2026-09-21T02:04:00Z<br>Confianza: nominal<br>FRP: 1 MW"
      }
    },
    {
      "type": "Feature",
      "geometry": {
        "type": "Point",
        "coordinates": [-5.8287, 43.5376]
      },
      "properties": {
        "bright_ti4": 322.1,
        "scan": 0.41,
        "track": 0.45,
        "acq_date": "2026-09-21",
        "acq_time": "0204",
        "satellite": "N",
        "instrument": "VIIRS",
        "confidence": "n",
        "version": "2.0NRT",
        "bright_ti5": 288.24,
        "frp": 4.14,
        "daynight": "N",
        "source_dataset": "VIIRS_SNPP_NRT",
        "acq_datetime_utc": "2026-09-21T02:04:00Z",
        "age_hours": 39.6,
        "confidence_label": "nominal",
        "popup_label": "<strong>NASA FIRMS<\/strong><br>Sensor: VIIRS_SNPP_NRT<br>Fecha UTC: 2026-09-21T02:04:00Z<br>Confianza: nominal<br>FRP: 4.14 MW"
      }
    },
    {
      "type": "Feature",
      "geometry": {
        "type": "Point",
        "coordinates": [-5.8339, 43.5381]
      },
      "properties": {
        "bright_ti4": 340.46,
        "scan": 0.41,
        "track": 0.45,
        "acq_date": "2026-09-21",
        "acq_time": "0204",
        "satellite": "N",
        "instrument": "VIIRS",
        "confidence": "n",
        "version": "2.0NRT",
        "bright_ti5": 289.85,
        "frp": 8.15,
        "daynight": "N",
        "source_dataset": "VIIRS_SNPP_NRT",
        "acq_datetime_utc": "2026-09-21T02:04:00Z",
        "age_hours": 39.6,
        "confidence_label": "nominal",
        "popup_label": "<strong>NASA FIRMS<\/strong><br>Sensor: VIIRS_SNPP_NRT<br>Fecha UTC: 2026-09-21T02:04:00Z<br>Confianza: nominal<br>FRP: 8.15 MW"
      }
    },
    {
      "type": "Feature",
      "geometry": {
        "type": "Point",
        "coordinates": [-5.8278, 43.5418]
      },
      "properties": {
        "bright_ti4": 299.67,
        "scan": 0.41,
        "track": 0.45,
        "acq_date": "2026-09-21",
        "acq_time": "0204",
        "satellite": "N",
        "instrument": "VIIRS",
        "confidence": "n",
        "version": "2.0NRT",
        "bright_ti5": 288.57,
        "frp": 0.71,
        "daynight": "N",
        "source_dataset": "VIIRS_SNPP_NRT",
        "acq_datetime_utc": "2026-09-21T02:04:00Z",
        "age_hours": 39.6,
        "confidence_label": "nominal",
        "popup_label": "<strong>NASA FIRMS<\/strong><br>Sensor: VIIRS_SNPP_NRT<br>Fecha UTC: 2026-09-21T02:04:00Z<br>Confianza: nominal<br>FRP: 0.71 MW"
      }
    },
    {
      "type": "Feature",
      "geometry": {
        "type": "Point",
        "coordinates": [-5.8331, 43.5423]
      },
      "properties": {
        "bright_ti4": 301.59,
        "scan": 0.41,
        "track": 0.45,
        "acq_date": "2026-09-21",
        "acq_time": "0204",
        "satellite": "N",
        "instrument": "VIIRS",
        "confidence": "n",
        "version": "2.0NRT",
        "bright_ti5": 287.81,
        "frp": 0.73,
        "daynight": "N",
        "source_dataset": "VIIRS_SNPP_NRT",
        "acq_datetime_utc": "2026-09-21T02:04:00Z",
        "age_hours": 39.6,
        "confidence_label": "nominal",
        "popup_label": "<strong>NASA FIRMS<\/strong><br>Sensor: VIIRS_SNPP_NRT<br>Fecha UTC: 2026-09-21T02:04:00Z<br>Confianza: nominal<br>FRP: 0.73 MW"
      }
    },
    {
      "type": "Feature",
      "geometry": {
        "type": "Point",
        "coordinates": [-8.6037, 40.7945]
      },
      "properties": {
        "bright_ti4": 339.72,
        "scan": 0.39,
        "track": 0.36,
        "acq_date": "2026-09-22",
        "acq_time": "1329",
        "satellite": "N20",
        "instrument": "VIIRS",
        "confidence": "n",
        "version": "2.0NRT",
        "bright_ti5": 305.54,
        "frp": 2.4,
        "daynight": "D",
        "source_dataset": "VIIRS_NOAA20_NRT",
        "acq_datetime_utc": "2026-09-22T13:29:00Z",
        "age_hours": 4.2,
        "confidence_label": "nominal",
        "popup_label": "<strong>NASA FIRMS<\/strong><br>Sensor: VIIRS_NOAA20_NRT<br>Fecha UTC: 2026-09-22T13:29:00Z<br>Confianza: nominal<br>FRP: 2.4 MW"
      }
    },
    {
      "type": "Feature",
      "geometry": {
        "type": "Point",
        "coordinates": [-7.4747, 41.0144]
      },
      "properties": {
        "bright_ti4": 344.88,
        "scan": 0.38,
        "track": 0.36,
        "acq_date": "2026-09-22",
        "acq_time": "1329",
        "satellite": "N20",
        "instrument": "VIIRS",
        "confidence": "n",
        "version": "2.0NRT",
        "bright_ti5": 311.81,
        "frp": 2.2,
        "daynight": "D",
        "source_dataset": "VIIRS_NOAA20_NRT",
        "acq_datetime_utc": "2026-09-22T13:29:00Z",
        "age_hours": 4.2,
        "confidence_label": "nominal",
        "popup_label": "<strong>NASA FIRMS<\/strong><br>Sensor: VIIRS_NOAA20_NRT<br>Fecha UTC: 2026-09-22T13:29:00Z<br>Confianza: nominal<br>FRP: 2.2 MW"
      }
    },
    {
      "type": "Feature",
      "geometry": {
        "type": "Point",
        "coordinates": [-8.4704, 41.1834]
      },
      "properties": {
        "bright_ti4": 337.37,
        "scan": 0.39,
        "track": 0.36,
        "acq_date": "2026-09-22",
        "acq_time": "1329",
        "satellite": "N20",
        "instrument": "VIIRS",
        "confidence": "n",
        "version": "2.0NRT",
        "bright_ti5": 310.17,
        "frp": 1.65,
        "daynight": "D",
        "source_dataset": "VIIRS_NOAA20_NRT",
        "acq_datetime_utc": "2026-09-22T13:29:00Z",
        "age_hours": 4.2,
        "confidence_label": "nominal",
        "popup_label": "<strong>NASA FIRMS<\/strong><br>Sensor: VIIRS_NOAA20_NRT<br>Fecha UTC: 2026-09-22T13:29:00Z<br>Confianza: nominal<br>FRP: 1.65 MW"
      }
    },
    {
      "type": "Feature",
      "geometry": {
        "type": "Point",
        "coordinates": [-8.1603, 41.5211]
      },
      "properties": {
        "bright_ti4": 338.76,
        "scan": 0.39,
        "track": 0.36,
        "acq_date": "2026-09-22",
        "acq_time": "1329",
        "satellite": "N20",
        "instrument": "VIIRS",
        "confidence": "n",
        "version": "2.0NRT",
        "bright_ti5": 309.53,
        "frp": 20.99,
        "daynight": "D",
        "source_dataset": "VIIRS_NOAA20_NRT",
        "acq_datetime_utc": "2026-09-22T13:29:00Z",
        "age_hours": 4.2,
        "confidence_label": "nominal",
        "popup_label": "<strong>NASA FIRMS<\/strong><br>Sensor: VIIRS_NOAA20_NRT<br>Fecha UTC: 2026-09-22T13:29:00Z<br>Confianza: nominal<br>FRP: 20.99 MW"
      }
    },
    {
      "type": "Feature",
      "geometry": {
        "type": "Point",
        "coordinates": [-8.1557, 41.5218]
      },
      "properties": {
        "bright_ti4": 367,
        "scan": 0.39,
        "track": 0.36,
        "acq_date": "2026-09-22",
        "acq_time": "1329",
        "satellite": "N20",
        "instrument": "VIIRS",
        "confidence": "h",
        "version": "2.0NRT",
        "bright_ti5": 337.41,
        "frp": 103.67,
        "daynight": "D",
        "source_dataset": "VIIRS_NOAA20_NRT",
        "acq_datetime_utc": "2026-09-22T13:29:00Z",
        "age_hours": 4.2,
        "confidence_label": "alta",
        "popup_label": "<strong>NASA FIRMS<\/strong><br>Sensor: VIIRS_NOAA20_NRT<br>Fecha UTC: 2026-09-22T13:29:00Z<br>Confianza: alta<br>FRP: 103.67 MW"
      }
    },
    {
      "type": "Feature",
      "geometry": {
        "type": "Point",
        "coordinates": [0.1794, 41.9209]
      },
      "properties": {
        "bright_ti4": 341.62,
        "scan": 0.44,
        "track": 0.46,
        "acq_date": "2026-09-22",
        "acq_time": "1329",
        "satellite": "N20",
        "instrument": "VIIRS",
        "confidence": "n",
        "version": "2.0NRT",
        "bright_ti5": 307.5,
        "frp": 4.06,
        "daynight": "D",
        "source_dataset": "VIIRS_NOAA20_NRT",
        "acq_datetime_utc": "2026-09-22T13:29:00Z",
        "age_hours": 4.2,
        "confidence_label": "nominal",
        "popup_label": "<strong>NASA FIRMS<\/strong><br>Sensor: VIIRS_NOAA20_NRT<br>Fecha UTC: 2026-09-22T13:29:00Z<br>Confianza: nominal<br>FRP: 4.06 MW"
      }
    },
    {
      "type": "Feature",
      "geometry": {
        "type": "Point",
        "coordinates": [0.1787, 41.9252]
      },
      "properties": {
        "bright_ti4": 331.57,
        "scan": 0.44,
        "track": 0.46,
        "acq_date": "2026-09-22",
        "acq_time": "1329",
        "satellite": "N20",
        "instrument": "VIIRS",
        "confidence": "l",
        "version": "2.0NRT",
        "bright_ti5": 306.21,
        "frp": 2.84,
        "daynight": "D",
        "source_dataset": "VIIRS_NOAA20_NRT",
        "acq_datetime_utc": "2026-09-22T13:29:00Z",
        "age_hours": 4.2,
        "confidence_label": "baja",
        "popup_label": "<strong>NASA FIRMS<\/strong><br>Sensor: VIIRS_NOAA20_NRT<br>Fecha UTC: 2026-09-22T13:29:00Z<br>Confianza: baja<br>FRP: 2.84 MW"
      }
    },
    {
      "type": "Feature",
      "geometry": {
        "type": "Point",
        "coordinates": [1.7705, 42.6916]
      },
      "properties": {
        "bright_ti4": 339.65,
        "scan": 0.54,
        "track": 0.51,
        "acq_date": "2026-09-22",
        "acq_time": "1329",
        "satellite": "N20",
        "instrument": "VIIRS",
        "confidence": "n",
        "version": "2.0NRT",
        "bright_ti5": 296.78,
        "frp": 9.26,
        "daynight": "D",
        "source_dataset": "VIIRS_NOAA20_NRT",
        "acq_datetime_utc": "2026-09-22T13:29:00Z",
        "age_hours": 4.2,
        "confidence_label": "nominal",
        "popup_label": "<strong>NASA FIRMS<\/strong><br>Sensor: VIIRS_NOAA20_NRT<br>Fecha UTC: 2026-09-22T13:29:00Z<br>Confianza: nominal<br>FRP: 9.26 MW"
      }
    },
    {
      "type": "Feature",
      "geometry": {
        "type": "Point",
        "coordinates": [1.7696, 42.6963]
      },
      "properties": {
        "bright_ti4": 343.42,
        "scan": 0.54,
        "track": 0.51,
        "acq_date": "2026-09-22",
        "acq_time": "1329",
        "satellite": "N20",
        "instrument": "VIIRS",
        "confidence": "n",
        "version": "2.0NRT",
        "bright_ti5": 301.6,
        "frp": 13.98,
        "daynight": "D",
        "source_dataset": "VIIRS_NOAA20_NRT",
        "acq_datetime_utc": "2026-09-22T13:29:00Z",
        "age_hours": 4.2,
        "confidence_label": "nominal",
        "popup_label": "<strong>NASA FIRMS<\/strong><br>Sensor: VIIRS_NOAA20_NRT<br>Fecha UTC: 2026-09-22T13:29:00Z<br>Confianza: nominal<br>FRP: 13.98 MW"
      }
    },
    {
      "type": "Feature",
      "geometry": {
        "type": "Point",
        "coordinates": [-5.7264, 43.5249]
      },
      "properties": {
        "bright_ti4": 332.08,
        "scan": 0.41,
        "track": 0.37,
        "acq_date": "2026-09-22",
        "acq_time": "1329",
        "satellite": "N20",
        "instrument": "VIIRS",
        "confidence": "n",
        "version": "2.0NRT",
        "bright_ti5": 301.21,
        "frp": 1.95,
        "daynight": "D",
        "source_dataset": "VIIRS_NOAA20_NRT",
        "acq_datetime_utc": "2026-09-22T13:29:00Z",
        "age_hours": 4.2,
        "confidence_label": "nominal",
        "popup_label": "<strong>NASA FIRMS<\/strong><br>Sensor: VIIRS_NOAA20_NRT<br>Fecha UTC: 2026-09-22T13:29:00Z<br>Confianza: nominal<br>FRP: 1.95 MW"
      }
    },
    {
      "type": "Feature",
      "geometry": {
        "type": "Point",
        "coordinates": [-1.2734, 35.3535]
      },
      "properties": {
        "bright_ti4": 335.46,
        "scan": 0.48,
        "track": 0.4,
        "acq_date": "2026-09-22",
        "acq_time": "1327",
        "satellite": "N20",
        "instrument": "VIIRS",
        "confidence": "l",
        "version": "2.0NRT",
        "bright_ti5": 305.66,
        "frp": 4.99,
        "daynight": "D",
        "source_dataset": "VIIRS_NOAA20_NRT",
        "acq_datetime_utc": "2026-09-22T13:27:00Z",
        "age_hours": 4.2,
        "confidence_label": "baja",
        "popup_label": "<strong>NASA FIRMS<\/strong><br>Sensor: VIIRS_NOAA20_NRT<br>Fecha UTC: 2026-09-22T13:27:00Z<br>Confianza: baja<br>FRP: 4.99 MW"
      }
    },
    {
      "type": "Feature",
      "geometry": {
        "type": "Point",
        "coordinates": [1.0473, 35.5081]
      },
      "properties": {
        "bright_ti4": 350.31,
        "scan": 0.41,
        "track": 0.45,
        "acq_date": "2026-09-22",
        "acq_time": "1327",
        "satellite": "N20",
        "instrument": "VIIRS",
        "confidence": "n",
        "version": "2.0NRT",
        "bright_ti5": 306.74,
        "frp": 12.85,
        "daynight": "D",
        "source_dataset": "VIIRS_NOAA20_NRT",
        "acq_datetime_utc": "2026-09-22T13:27:00Z",
        "age_hours": 4.2,
        "confidence_label": "nominal",
        "popup_label": "<strong>NASA FIRMS<\/strong><br>Sensor: VIIRS_NOAA20_NRT<br>Fecha UTC: 2026-09-22T13:27:00Z<br>Confianza: nominal<br>FRP: 12.85 MW"
      }
    },
    {
      "type": "Feature",
      "geometry": {
        "type": "Point",
        "coordinates": [1.0467, 35.5123]
      },
      "properties": {
        "bright_ti4": 338.95,
        "scan": 0.41,
        "track": 0.45,
        "acq_date": "2026-09-22",
        "acq_time": "1327",
        "satellite": "N20",
        "instrument": "VIIRS",
        "confidence": "n",
        "version": "2.0NRT",
        "bright_ti5": 303.61,
        "frp": 3.34,
        "daynight": "D",
        "source_dataset": "VIIRS_NOAA20_NRT",
        "acq_datetime_utc": "2026-09-22T13:27:00Z",
        "age_hours": 4.2,
        "confidence_label": "nominal",
        "popup_label": "<strong>NASA FIRMS<\/strong><br>Sensor: VIIRS_NOAA20_NRT<br>Fecha UTC: 2026-09-22T13:27:00Z<br>Confianza: nominal<br>FRP: 3.34 MW"
      }
    },
    {
      "type": "Feature",
      "geometry": {
        "type": "Point",
        "coordinates": [-5.7428, 35.7349]
      },
      "properties": {
        "bright_ti4": 334.8,
        "scan": 0.38,
        "track": 0.36,
        "acq_date": "2026-09-22",
        "acq_time": "1327",
        "satellite": "N20",
        "instrument": "VIIRS",
        "confidence": "l",
        "version": "2.0NRT",
        "bright_ti5": 308.5,
        "frp": 2.78,
        "daynight": "D",
        "source_dataset": "VIIRS_NOAA20_NRT",
        "acq_datetime_utc": "2026-09-22T13:27:00Z",
        "age_hours": 4.2,
        "confidence_label": "baja",
        "popup_label": "<strong>NASA FIRMS<\/strong><br>Sensor: VIIRS_NOAA20_NRT<br>Fecha UTC: 2026-09-22T13:27:00Z<br>Confianza: baja<br>FRP: 2.78 MW"
      }
    },
    {
      "type": "Feature",
      "geometry": {
        "type": "Point",
        "coordinates": [-0.2535, 35.8086]
      },
      "properties": {
        "bright_ti4": 345.68,
        "scan": 0.53,
        "track": 0.42,
        "acq_date": "2026-09-22",
        "acq_time": "1327",
        "satellite": "N20",
        "instrument": "VIIRS",
        "confidence": "n",
        "version": "2.0NRT",
        "bright_ti5": 307.3,
        "frp": 19.61,
        "daynight": "D",
        "source_dataset": "VIIRS_NOAA20_NRT",
        "acq_datetime_utc": "2026-09-22T13:27:00Z",
        "age_hours": 4.2,
        "confidence_label": "nominal",
        "popup_label": "<strong>NASA FIRMS<\/strong><br>Sensor: VIIRS_NOAA20_NRT<br>Fecha UTC: 2026-09-22T13:27:00Z<br>Confianza: nominal<br>FRP: 19.61 MW"
      }
    },
    {
      "type": "Feature",
      "geometry": {
        "type": "Point",
        "coordinates": [2.4609, 36.2288]
      },
      "properties": {
        "bright_ti4": 335.32,
        "scan": 0.5,
        "track": 0.49,
        "acq_date": "2026-09-22",
        "acq_time": "1327",
        "satellite": "N20",
        "instrument": "VIIRS",
        "confidence": "n",
        "version": "2.0NRT",
        "bright_ti5": 302.73,
        "frp": 3.69,
        "daynight": "D",
        "source_dataset": "VIIRS_NOAA20_NRT",
        "acq_datetime_utc": "2026-09-22T13:27:00Z",
        "age_hours": 4.2,
        "confidence_label": "nominal",
        "popup_label": "<strong>NASA FIRMS<\/strong><br>Sensor: VIIRS_NOAA20_NRT<br>Fecha UTC: 2026-09-22T13:27:00Z<br>Confianza: nominal<br>FRP: 3.69 MW"
      }
    },
    {
      "type": "Feature",
      "geometry": {
        "type": "Point",
        "coordinates": [2.7512, 36.4718]
      },
      "properties": {
        "bright_ti4": 331.6,
        "scan": 0.52,
        "track": 0.5,
        "acq_date": "2026-09-22",
        "acq_time": "1327",
        "satellite": "N20",
        "instrument": "VIIRS",
        "confidence": "n",
        "version": "2.0NRT",
        "bright_ti5": 300.86,
        "frp": 2.89,
        "daynight": "D",
        "source_dataset": "VIIRS_NOAA20_NRT",
        "acq_datetime_utc": "2026-09-22T13:27:00Z",
        "age_hours": 4.2,
        "confidence_label": "nominal",
        "popup_label": "<strong>NASA FIRMS<\/strong><br>Sensor: VIIRS_NOAA20_NRT<br>Fecha UTC: 2026-09-22T13:27:00Z<br>Confianza: nominal<br>FRP: 2.89 MW"
      }
    },
    {
      "type": "Feature",
      "geometry": {
        "type": "Point",
        "coordinates": [3.3054, 36.7034]
      },
      "properties": {
        "bright_ti4": 335.79,
        "scan": 0.56,
        "track": 0.52,
        "acq_date": "2026-09-22",
        "acq_time": "1327",
        "satellite": "N20",
        "instrument": "VIIRS",
        "confidence": "n",
        "version": "2.0NRT",
        "bright_ti5": 301.56,
        "frp": 2.62,
        "daynight": "D",
        "source_dataset": "VIIRS_NOAA20_NRT",
        "acq_datetime_utc": "2026-09-22T13:27:00Z",
        "age_hours": 4.2,
        "confidence_label": "nominal",
        "popup_label": "<strong>NASA FIRMS<\/strong><br>Sensor: VIIRS_NOAA20_NRT<br>Fecha UTC: 2026-09-22T13:27:00Z<br>Confianza: nominal<br>FRP: 2.62 MW"
      }
    },
    {
      "type": "Feature",
      "geometry": {
        "type": "Point",
        "coordinates": [-6.1048, 36.7659]
      },
      "properties": {
        "bright_ti4": 338.1,
        "scan": 0.38,
        "track": 0.36,
        "acq_date": "2026-09-22",
        "acq_time": "1327",
        "satellite": "N20",
        "instrument": "VIIRS",
        "confidence": "n",
        "version": "2.0NRT",
        "bright_ti5": 305.04,
        "frp": 1.17,
        "daynight": "D",
        "source_dataset": "VIIRS_NOAA20_NRT",
        "acq_datetime_utc": "2026-09-22T13:27:00Z",
        "age_hours": 4.2,
        "confidence_label": "nominal",
        "popup_label": "<strong>NASA FIRMS<\/strong><br>Sensor: VIIRS_NOAA20_NRT<br>Fecha UTC: 2026-09-22T13:27:00Z<br>Confianza: nominal<br>FRP: 1.17 MW"
      }
    },
    {
      "type": "Feature",
      "geometry": {
        "type": "Point",
        "coordinates": [-5.8927, 36.802]
      },
      "properties": {
        "bright_ti4": 352.72,
        "scan": 0.38,
        "track": 0.36,
        "acq_date": "2026-09-22",
        "acq_time": "1327",
        "satellite": "N20",
        "instrument": "VIIRS",
        "confidence": "n",
        "version": "2.0NRT",
        "bright_ti5": 318.05,
        "frp": 6.63,
        "daynight": "D",
        "source_dataset": "VIIRS_NOAA20_NRT",
        "acq_datetime_utc": "2026-09-22T13:27:00Z",
        "age_hours": 4.2,
        "confidence_label": "nominal",
        "popup_label": "<strong>NASA FIRMS<\/strong><br>Sensor: VIIRS_NOAA20_NRT<br>Fecha UTC: 2026-09-22T13:27:00Z<br>Confianza: nominal<br>FRP: 6.63 MW"
      }
    },
    {
      "type": "Feature",
      "geometry": {
        "type": "Point",
        "coordinates": [-5.8934, 36.8053]
      },
      "properties": {
        "bright_ti4": 353.33,
        "scan": 0.38,
        "track": 0.36,
        "acq_date": "2026-09-22",
        "acq_time": "1327",
        "satellite": "N20",
        "instrument": "VIIRS",
        "confidence": "n",
        "version": "2.0NRT",
        "bright_ti5": 317.89,
        "frp": 6.63,
        "daynight": "D",
        "source_dataset": "VIIRS_NOAA20_NRT",
        "acq_datetime_utc": "2026-09-22T13:27:00Z",
        "age_hours": 4.2,
        "confidence_label": "nominal",
        "popup_label": "<strong>NASA FIRMS<\/strong><br>Sensor: VIIRS_NOAA20_NRT<br>Fecha UTC: 2026-09-22T13:27:00Z<br>Confianza: nominal<br>FRP: 6.63 MW"
      }
    },
    {
      "type": "Feature",
      "geometry": {
        "type": "Point",
        "coordinates": [-5.7415, 37.1078]
      },
      "properties": {
        "bright_ti4": 346.42,
        "scan": 0.38,
        "track": 0.36,
        "acq_date": "2026-09-22",
        "acq_time": "1327",
        "satellite": "N20",
        "instrument": "VIIRS",
        "confidence": "n",
        "version": "2.0NRT",
        "bright_ti5": 307.89,
        "frp": 7.31,
        "daynight": "D",
        "source_dataset": "VIIRS_NOAA20_NRT",
        "acq_datetime_utc": "2026-09-22T13:27:00Z",
        "age_hours": 4.2,
        "confidence_label": "nominal",
        "popup_label": "<strong>NASA FIRMS<\/strong><br>Sensor: VIIRS_NOAA20_NRT<br>Fecha UTC: 2026-09-22T13:27:00Z<br>Confianza: nominal<br>FRP: 7.31 MW"
      }
    },
    {
      "type": "Feature",
      "geometry": {
        "type": "Point",
        "coordinates": [-5.2691, 37.3008]
      },
      "properties": {
        "bright_ti4": 340.12,
        "scan": 0.39,
        "track": 0.36,
        "acq_date": "2026-09-22",
        "acq_time": "1327",
        "satellite": "N20",
        "instrument": "VIIRS",
        "confidence": "n",
        "version": "2.0NRT",
        "bright_ti5": 312.35,
        "frp": 20.27,
        "daynight": "D",
        "source_dataset": "VIIRS_NOAA20_NRT",
        "acq_datetime_utc": "2026-09-22T13:27:00Z",
        "age_hours": 4.2,
        "confidence_label": "nominal",
        "popup_label": "<strong>NASA FIRMS<\/strong><br>Sensor: VIIRS_NOAA20_NRT<br>Fecha UTC: 2026-09-22T13:27:00Z<br>Confianza: nominal<br>FRP: 20.27 MW"
      }
    },
    {
      "type": "Feature",
      "geometry": {
        "type": "Point",
        "coordinates": [-5.4035, 37.4033]
      },
      "properties": {
        "bright_ti4": 340.45,
        "scan": 0.39,
        "track": 0.36,
        "acq_date": "2026-09-22",
        "acq_time": "1327",
        "satellite": "N20",
        "instrument": "VIIRS",
        "confidence": "l",
        "version": "2.0NRT",
        "bright_ti5": 313.21,
        "frp": 1.33,
        "daynight": "D",
        "source_dataset": "VIIRS_NOAA20_NRT",
        "acq_datetime_utc": "2026-09-22T13:27:00Z",
        "age_hours": 4.2,
        "confidence_label": "baja",
        "popup_label": "<strong>NASA FIRMS<\/strong><br>Sensor: VIIRS_NOAA20_NRT<br>Fecha UTC: 2026-09-22T13:27:00Z<br>Confianza: baja<br>FRP: 1.33 MW"
      }
    },
    {
      "type": "Feature",
      "geometry": {
        "type": "Point",
        "coordinates": [-5.2243, 37.4807]
      },
      "properties": {
        "bright_ti4": 337.91,
        "scan": 0.39,
        "track": 0.36,
        "acq_date": "2026-09-22",
        "acq_time": "1327",
        "satellite": "N20",
        "instrument": "VIIRS",
        "confidence": "l",
        "version": "2.0NRT",
        "bright_ti5": 312.43,
        "frp": 1.29,
        "daynight": "D",
        "source_dataset": "VIIRS_NOAA20_NRT",
        "acq_datetime_utc": "2026-09-22T13:27:00Z",
        "age_hours": 4.2,
        "confidence_label": "baja",
        "popup_label": "<strong>NASA FIRMS<\/strong><br>Sensor: VIIRS_NOAA20_NRT<br>Fecha UTC: 2026-09-22T13:27:00Z<br>Confianza: baja<br>FRP: 1.29 MW"
      }
    },
    {
      "type": "Feature",
      "geometry": {
        "type": "Point",
        "coordinates": [-4.7245, 37.529]
      },
      "properties": {
        "bright_ti4": 338.33,
        "scan": 0.39,
        "track": 0.36,
        "acq_date": "2026-09-22",
        "acq_time": "1327",
        "satellite": "N20",
        "instrument": "VIIRS",
        "confidence": "n",
        "version": "2.0NRT",
        "bright_ti5": 311.75,
        "frp": 1.48,
        "daynight": "D",
        "source_dataset": "VIIRS_NOAA20_NRT",
        "acq_datetime_utc": "2026-09-22T13:27:00Z",
        "age_hours": 4.2,
        "confidence_label": "nominal",
        "popup_label": "<strong>NASA FIRMS<\/strong><br>Sensor: VIIRS_NOAA20_NRT<br>Fecha UTC: 2026-09-22T13:27:00Z<br>Confianza: nominal<br>FRP: 1.48 MW"
      }
    },
    {
      "type": "Feature",
      "geometry": {
        "type": "Point",
        "coordinates": [-1.5779, 37.6107]
      },
      "properties": {
        "bright_ti4": 341.08,
        "scan": 0.49,
        "track": 0.4,
        "acq_date": "2026-09-22",
        "acq_time": "1327",
        "satellite": "N20",
        "instrument": "VIIRS",
        "confidence": "n",
        "version": "2.0NRT",
        "bright_ti5": 307.02,
        "frp": 6.52,
        "daynight": "D",
        "source_dataset": "VIIRS_NOAA20_NRT",
        "acq_datetime_utc": "2026-09-22T13:27:00Z",
        "age_hours": 4.2,
        "confidence_label": "nominal",
        "popup_label": "<strong>NASA FIRMS<\/strong><br>Sensor: VIIRS_NOAA20_NRT<br>Fecha UTC: 2026-09-22T13:27:00Z<br>Confianza: nominal<br>FRP: 6.52 MW"
      }
    },
    {
      "type": "Feature",
      "geometry": {
        "type": "Point",
        "coordinates": [-5.0883, 37.626]
      },
      "properties": {
        "bright_ti4": 331.95,
        "scan": 0.39,
        "track": 0.36,
        "acq_date": "2026-09-22",
        "acq_time": "1327",
        "satellite": "N20",
        "instrument": "VIIRS",
        "confidence": "l",
        "version": "2.0NRT",
        "bright_ti5": 304.73,
        "frp": 2.5,
        "daynight": "D",
        "source_dataset": "VIIRS_NOAA20_NRT",
        "acq_datetime_utc": "2026-09-22T13:27:00Z",
        "age_hours": 4.2,
        "confidence_label": "baja",
        "popup_label": "<strong>NASA FIRMS<\/strong><br>Sensor: VIIRS_NOAA20_NRT<br>Fecha UTC: 2026-09-22T13:27:00Z<br>Confianza: baja<br>FRP: 2.5 MW"
      }
    },
    {
      "type": "Feature",
      "geometry": {
        "type": "Point",
        "coordinates": [-8.5169, 38.4279]
      },
      "properties": {
        "bright_ti4": 333.16,
        "scan": 0.41,
        "track": 0.37,
        "acq_date": "2026-09-22",
        "acq_time": "1327",
        "satellite": "N20",
        "instrument": "VIIRS",
        "confidence": "l",
        "version": "2.0NRT",
        "bright_ti5": 306.65,
        "frp": 5.7,
        "daynight": "D",
        "source_dataset": "VIIRS_NOAA20_NRT",
        "acq_datetime_utc": "2026-09-22T13:27:00Z",
        "age_hours": 4.2,
        "confidence_label": "baja",
        "popup_label": "<strong>NASA FIRMS<\/strong><br>Sensor: VIIRS_NOAA20_NRT<br>Fecha UTC: 2026-09-22T13:27:00Z<br>Confianza: baja<br>FRP: 5.7 MW"
      }
    },
    {
      "type": "Feature",
      "geometry": {
        "type": "Point",
        "coordinates": [-6.5712, 38.8788]
      },
      "properties": {
        "bright_ti4": 335.97,
        "scan": 0.38,
        "track": 0.36,
        "acq_date": "2026-09-22",
        "acq_time": "1327",
        "satellite": "N20",
        "instrument": "VIIRS",
        "confidence": "n",
        "version": "2.0NRT",
        "bright_ti5": 304.25,
        "frp": 5.42,
        "daynight": "D",
        "source_dataset": "VIIRS_NOAA20_NRT",
        "acq_datetime_utc": "2026-09-22T13:27:00Z",
        "age_hours": 4.2,
        "confidence_label": "nominal",
        "popup_label": "<strong>NASA FIRMS<\/strong><br>Sensor: VIIRS_NOAA20_NRT<br>Fecha UTC: 2026-09-22T13:27:00Z<br>Confianza: nominal<br>FRP: 5.42 MW"
      }
    },
    {
      "type": "Feature",
      "geometry": {
        "type": "Point",
        "coordinates": [-0.3406, 39.1587]
      },
      "properties": {
        "bright_ti4": 341.34,
        "scan": 0.39,
        "track": 0.44,
        "acq_date": "2026-09-22",
        "acq_time": "1327",
        "satellite": "N20",
        "instrument": "VIIRS",
        "confidence": "n",
        "version": "2.0NRT",
        "bright_ti5": 304.6,
        "frp": 8.04,
        "daynight": "D",
        "source_dataset": "VIIRS_NOAA20_NRT",
        "acq_datetime_utc": "2026-09-22T13:27:00Z",
        "age_hours": 4.2,
        "confidence_label": "nominal",
        "popup_label": "<strong>NASA FIRMS<\/strong><br>Sensor: VIIRS_NOAA20_NRT<br>Fecha UTC: 2026-09-22T13:27:00Z<br>Confianza: nominal<br>FRP: 8.04 MW"
      }
    },
    {
      "type": "Feature",
      "geometry": {
        "type": "Point",
        "coordinates": [-7.4585, 39.6339]
      },
      "properties": {
        "bright_ti4": 342.25,
        "scan": 0.39,
        "track": 0.36,
        "acq_date": "2026-09-22",
        "acq_time": "1327",
        "satellite": "N20",
        "instrument": "VIIRS",
        "confidence": "l",
        "version": "2.0NRT",
        "bright_ti5": 313.03,
        "frp": 2.3,
        "daynight": "D",
        "source_dataset": "VIIRS_NOAA20_NRT",
        "acq_datetime_utc": "2026-09-22T13:27:00Z",
        "age_hours": 4.2,
        "confidence_label": "baja",
        "popup_label": "<strong>NASA FIRMS<\/strong><br>Sensor: VIIRS_NOAA20_NRT<br>Fecha UTC: 2026-09-22T13:27:00Z<br>Confianza: baja<br>FRP: 2.3 MW"
      }
    },
    {
      "type": "Feature",
      "geometry": {
        "type": "Point",
        "coordinates": [-7.7632, 39.8343]
      },
      "properties": {
        "bright_ti4": 341.75,
        "scan": 0.39,
        "track": 0.36,
        "acq_date": "2026-09-22",
        "acq_time": "1327",
        "satellite": "N20",
        "instrument": "VIIRS",
        "confidence": "l",
        "version": "2.0NRT",
        "bright_ti5": 313.9,
        "frp": 6.23,
        "daynight": "D",
        "source_dataset": "VIIRS_NOAA20_NRT",
        "acq_datetime_utc": "2026-09-22T13:27:00Z",
        "age_hours": 4.2,
        "confidence_label": "baja",
        "popup_label": "<strong>NASA FIRMS<\/strong><br>Sensor: VIIRS_NOAA20_NRT<br>Fecha UTC: 2026-09-22T13:27:00Z<br>Confianza: baja<br>FRP: 6.23 MW"
      }
    },
    {
      "type": "Feature",
      "geometry": {
        "type": "Point",
        "coordinates": [-8.4398, 40.1307]
      },
      "properties": {
        "bright_ti4": 345.4,
        "scan": 0.39,
        "track": 0.36,
        "acq_date": "2026-09-22",
        "acq_time": "1327",
        "satellite": "N20",
        "instrument": "VIIRS",
        "confidence": "n",
        "version": "2.0NRT",
        "bright_ti5": 311.02,
        "frp": 3.01,
        "daynight": "D",
        "source_dataset": "VIIRS_NOAA20_NRT",
        "acq_datetime_utc": "2026-09-22T13:27:00Z",
        "age_hours": 4.2,
        "confidence_label": "nominal",
        "popup_label": "<strong>NASA FIRMS<\/strong><br>Sensor: VIIRS_NOAA20_NRT<br>Fecha UTC: 2026-09-22T13:27:00Z<br>Confianza: nominal<br>FRP: 3.01 MW"
      }
    },
    {
      "type": "Feature",
      "geometry": {
        "type": "Point",
        "coordinates": [-8.4453, 40.1332]
      },
      "properties": {
        "bright_ti4": 340.44,
        "scan": 0.39,
        "track": 0.36,
        "acq_date": "2026-09-22",
        "acq_time": "1327",
        "satellite": "N20",
        "instrument": "VIIRS",
        "confidence": "n",
        "version": "2.0NRT",
        "bright_ti5": 310.77,
        "frp": 2.41,
        "daynight": "D",
        "source_dataset": "VIIRS_NOAA20_NRT",
        "acq_datetime_utc": "2026-09-22T13:27:00Z",
        "age_hours": 4.2,
        "confidence_label": "nominal",
        "popup_label": "<strong>NASA FIRMS<\/strong><br>Sensor: VIIRS_NOAA20_NRT<br>Fecha UTC: 2026-09-22T13:27:00Z<br>Confianza: nominal<br>FRP: 2.41 MW"
      }
    },
    {
      "type": "Feature",
      "geometry": {
        "type": "Point",
        "coordinates": [-8.4408, 40.134]
      },
      "properties": {
        "bright_ti4": 339.93,
        "scan": 0.39,
        "track": 0.36,
        "acq_date": "2026-09-22",
        "acq_time": "1327",
        "satellite": "N20",
        "instrument": "VIIRS",
        "confidence": "l",
        "version": "2.0NRT",
        "bright_ti5": 311.54,
        "frp": 3.01,
        "daynight": "D",
        "source_dataset": "VIIRS_NOAA20_NRT",
        "acq_datetime_utc": "2026-09-22T13:27:00Z",
        "age_hours": 4.2,
        "confidence_label": "baja",
        "popup_label": "<strong>NASA FIRMS<\/strong><br>Sensor: VIIRS_NOAA20_NRT<br>Fecha UTC: 2026-09-22T13:27:00Z<br>Confianza: baja<br>FRP: 3.01 MW"
      }
    },
    {
      "type": "Feature",
      "geometry": {
        "type": "Point",
        "coordinates": [-7.4493, 40.1817]
      },
      "properties": {
        "bright_ti4": 348.54,
        "scan": 0.39,
        "track": 0.36,
        "acq_date": "2026-09-22",
        "acq_time": "1327",
        "satellite": "N20",
        "instrument": "VIIRS",
        "confidence": "n",
        "version": "2.0NRT",
        "bright_ti5": 314.65,
        "frp": 3.08,
        "daynight": "D",
        "source_dataset": "VIIRS_NOAA20_NRT",
        "acq_datetime_utc": "2026-09-22T13:27:00Z",
        "age_hours": 4.2,
        "confidence_label": "nominal",
        "popup_label": "<strong>NASA FIRMS<\/strong><br>Sensor: VIIRS_NOAA20_NRT<br>Fecha UTC: 2026-09-22T13:27:00Z<br>Confianza: nominal<br>FRP: 3.08 MW"
      }
    },
    {
      "type": "Feature",
      "geometry": {
        "type": "Point",
        "coordinates": [-7.4547, 40.1842]
      },
      "properties": {
        "bright_ti4": 340.43,
        "scan": 0.39,
        "track": 0.36,
        "acq_date": "2026-09-22",
        "acq_time": "1327",
        "satellite": "N20",
        "instrument": "VIIRS",
        "confidence": "l",
        "version": "2.0NRT",
        "bright_ti5": 312.23,
        "frp": 2.11,
        "daynight": "D",
        "source_dataset": "VIIRS_NOAA20_NRT",
        "acq_datetime_utc": "2026-09-22T13:27:00Z",
        "age_hours": 4.2,
        "confidence_label": "baja",
        "popup_label": "<strong>NASA FIRMS<\/strong><br>Sensor: VIIRS_NOAA20_NRT<br>Fecha UTC: 2026-09-22T13:27:00Z<br>Confianza: baja<br>FRP: 2.11 MW"
      }
    },
    {
      "type": "Feature",
      "geometry": {
        "type": "Point",
        "coordinates": [-7.4502, 40.1849]
      },
      "properties": {
        "bright_ti4": 346.62,
        "scan": 0.39,
        "track": 0.36,
        "acq_date": "2026-09-22",
        "acq_time": "1327",
        "satellite": "N20",
        "instrument": "VIIRS",
        "confidence": "n",
        "version": "2.0NRT",
        "bright_ti5": 313.52,
        "frp": 3.08,
        "daynight": "D",
        "source_dataset": "VIIRS_NOAA20_NRT",
        "acq_datetime_utc": "2026-09-22T13:27:00Z",
        "age_hours": 4.2,
        "confidence_label": "nominal",
        "popup_label": "<strong>NASA FIRMS<\/strong><br>Sensor: VIIRS_NOAA20_NRT<br>Fecha UTC: 2026-09-22T13:27:00Z<br>Confianza: nominal<br>FRP: 3.08 MW"
      }
    },
    {
      "type": "Feature",
      "geometry": {
        "type": "Point",
        "coordinates": [-7.46, 40.1868]
      },
      "properties": {
        "bright_ti4": 334.4,
        "scan": 0.39,
        "track": 0.36,
        "acq_date": "2026-09-22",
        "acq_time": "1327",
        "satellite": "N20",
        "instrument": "VIIRS",
        "confidence": "l",
        "version": "2.0NRT",
        "bright_ti5": 308.93,
        "frp": 2.22,
        "daynight": "D",
        "source_dataset": "VIIRS_NOAA20_NRT",
        "acq_datetime_utc": "2026-09-22T13:27:00Z",
        "age_hours": 4.2,
        "confidence_label": "baja",
        "popup_label": "<strong>NASA FIRMS<\/strong><br>Sensor: VIIRS_NOAA20_NRT<br>Fecha UTC: 2026-09-22T13:27:00Z<br>Confianza: baja<br>FRP: 2.22 MW"
      }
    },
    {
      "type": "Feature",
      "geometry": {
        "type": "Point",
        "coordinates": [-7.4797, 40.1976]
      },
      "properties": {
        "bright_ti4": 345.22,
        "scan": 0.39,
        "track": 0.36,
        "acq_date": "2026-09-22",
        "acq_time": "1327",
        "satellite": "N20",
        "instrument": "VIIRS",
        "confidence": "n",
        "version": "2.0NRT",
        "bright_ti5": 314.27,
        "frp": 2.28,
        "daynight": "D",
        "source_dataset": "VIIRS_NOAA20_NRT",
        "acq_datetime_utc": "2026-09-22T13:27:00Z",
        "age_hours": 4.2,
        "confidence_label": "nominal",
        "popup_label": "<strong>NASA FIRMS<\/strong><br>Sensor: VIIRS_NOAA20_NRT<br>Fecha UTC: 2026-09-22T13:27:00Z<br>Confianza: nominal<br>FRP: 2.28 MW"
      }
    },
    {
      "type": "Feature",
      "geometry": {
        "type": "Point",
        "coordinates": [-7.4806, 40.2009]
      },
      "properties": {
        "bright_ti4": 339.3,
        "scan": 0.39,
        "track": 0.36,
        "acq_date": "2026-09-22",
        "acq_time": "1327",
        "satellite": "N20",
        "instrument": "VIIRS",
        "confidence": "n",
        "version": "2.0NRT",
        "bright_ti5": 311.98,
        "frp": 2.28,
        "daynight": "D",
        "source_dataset": "VIIRS_NOAA20_NRT",
        "acq_datetime_utc": "2026-09-22T13:27:00Z",
        "age_hours": 4.2,
        "confidence_label": "nominal",
        "popup_label": "<strong>NASA FIRMS<\/strong><br>Sensor: VIIRS_NOAA20_NRT<br>Fecha UTC: 2026-09-22T13:27:00Z<br>Confianza: nominal<br>FRP: 2.28 MW"
      }
    },
    {
      "type": "Feature",
      "geometry": {
        "type": "Point",
        "coordinates": [-7.8052, 40.6071]
      },
      "properties": {
        "bright_ti4": 347.24,
        "scan": 0.39,
        "track": 0.36,
        "acq_date": "2026-09-22",
        "acq_time": "1327",
        "satellite": "N20",
        "instrument": "VIIRS",
        "confidence": "n",
        "version": "2.0NRT",
        "bright_ti5": 311.57,
        "frp": 3.7,
        "daynight": "D",
        "source_dataset": "VIIRS_NOAA20_NRT",
        "acq_datetime_utc": "2026-09-22T13:27:00Z",
        "age_hours": 4.2,
        "confidence_label": "nominal",
        "popup_label": "<strong>NASA FIRMS<\/strong><br>Sensor: VIIRS_NOAA20_NRT<br>Fecha UTC: 2026-09-22T13:27:00Z<br>Confianza: nominal<br>FRP: 3.7 MW"
      }
    },
    {
      "type": "Feature",
      "geometry": {
        "type": "Point",
        "coordinates": [-0.5164, 28.1996]
      },
      "properties": {
        "bright_ti4": 342.96,
        "scan": 0.44,
        "track": 0.38,
        "acq_date": "2026-09-22",
        "acq_time": "1325",
        "satellite": "N20",
        "instrument": "VIIRS",
        "confidence": "n",
        "version": "2.0NRT",
        "bright_ti5": 311.62,
        "frp": 3.8,
        "daynight": "D",
        "source_dataset": "VIIRS_NOAA20_NRT",
        "acq_datetime_utc": "2026-09-22T13:25:00Z",
        "age_hours": 4.3,
        "confidence_label": "nominal",
        "popup_label": "<strong>NASA FIRMS<\/strong><br>Sensor: VIIRS_NOAA20_NRT<br>Fecha UTC: 2026-09-22T13:25:00Z<br>Confianza: nominal<br>FRP: 3.8 MW"
      }
    },
    {
      "type": "Feature",
      "geometry": {
        "type": "Point",
        "coordinates": [-9.7519, 30.9442]
      },
      "properties": {
        "bright_ti4": 347.88,
        "scan": 0.57,
        "track": 0.43,
        "acq_date": "2026-09-22",
        "acq_time": "1325",
        "satellite": "N20",
        "instrument": "VIIRS",
        "confidence": "n",
        "version": "2.0NRT",
        "bright_ti5": 306.89,
        "frp": 10.14,
        "daynight": "D",
        "source_dataset": "VIIRS_NOAA20_NRT",
        "acq_datetime_utc": "2026-09-22T13:25:00Z",
        "age_hours": 4.3,
        "confidence_label": "nominal",
        "popup_label": "<strong>NASA FIRMS<\/strong><br>Sensor: VIIRS_NOAA20_NRT<br>Fecha UTC: 2026-09-22T13:25:00Z<br>Confianza: nominal<br>FRP: 10.14 MW"
      }
    },
    {
      "type": "Feature",
      "geometry": {
        "type": "Point",
        "coordinates": [3.8548, 36.2488]
      },
      "properties": {
        "bright_ti4": 342.42,
        "scan": 0.63,
        "track": 0.72,
        "acq_date": "2026-09-22",
        "acq_time": "1149",
        "satellite": "N20",
        "instrument": "VIIRS",
        "confidence": "n",
        "version": "2.0NRT",
        "bright_ti5": 301.49,
        "frp": 5.92,
        "daynight": "D",
        "source_dataset": "VIIRS_NOAA20_NRT",
        "acq_datetime_utc": "2026-09-22T11:49:00Z",
        "age_hours": 5.9,
        "confidence_label": "nominal",
        "popup_label": "<strong>NASA FIRMS<\/strong><br>Sensor: VIIRS_NOAA20_NRT<br>Fecha UTC: 2026-09-22T11:49:00Z<br>Confianza: nominal<br>FRP: 5.92 MW"
      }
    },
    {
      "type": "Feature",
      "geometry": {
        "type": "Point",
        "coordinates": [1.7719, 42.6919]
      },
      "properties": {
        "bright_ti4": 345.98,
        "scan": 0.52,
        "track": 0.67,
        "acq_date": "2026-09-22",
        "acq_time": "1149",
        "satellite": "N20",
        "instrument": "VIIRS",
        "confidence": "n",
        "version": "2.0NRT",
        "bright_ti5": 295.85,
        "frp": 7.57,
        "daynight": "D",
        "source_dataset": "VIIRS_NOAA20_NRT",
        "acq_datetime_utc": "2026-09-22T11:49:00Z",
        "age_hours": 5.9,
        "confidence_label": "nominal",
        "popup_label": "<strong>NASA FIRMS<\/strong><br>Sensor: VIIRS_NOAA20_NRT<br>Fecha UTC: 2026-09-22T11:49:00Z<br>Confianza: nominal<br>FRP: 7.57 MW"
      }
    },
    {
      "type": "Feature",
      "geometry": {
        "type": "Point",
        "coordinates": [1.7693, 42.696]
      },
      "properties": {
        "bright_ti4": 367,
        "scan": 0.52,
        "track": 0.67,
        "acq_date": "2026-09-22",
        "acq_time": "1149",
        "satellite": "N20",
        "instrument": "VIIRS",
        "confidence": "h",
        "version": "2.0NRT",
        "bright_ti5": 296.85,
        "frp": 11.27,
        "daynight": "D",
        "source_dataset": "VIIRS_NOAA20_NRT",
        "acq_datetime_utc": "2026-09-22T11:49:00Z",
        "age_hours": 5.9,
        "confidence_label": "alta",
        "popup_label": "<strong>NASA FIRMS<\/strong><br>Sensor: VIIRS_NOAA20_NRT<br>Fecha UTC: 2026-09-22T11:49:00Z<br>Confianza: alta<br>FRP: 11.27 MW"
      }
    },
    {
      "type": "Feature",
      "geometry": {
        "type": "Point",
        "coordinates": [1.7701, 42.698]
      },
      "properties": {
        "bright_ti4": 329.25,
        "scan": 0.52,
        "track": 0.67,
        "acq_date": "2026-09-22",
        "acq_time": "1149",
        "satellite": "N20",
        "instrument": "VIIRS",
        "confidence": "n",
        "version": "2.0NRT",
        "bright_ti5": 294.55,
        "frp": 7.57,
        "daynight": "D",
        "source_dataset": "VIIRS_NOAA20_NRT",
        "acq_datetime_utc": "2026-09-22T11:49:00Z",
        "age_hours": 5.9,
        "confidence_label": "nominal",
        "popup_label": "<strong>NASA FIRMS<\/strong><br>Sensor: VIIRS_NOAA20_NRT<br>Fecha UTC: 2026-09-22T11:49:00Z<br>Confianza: nominal<br>FRP: 7.57 MW"
      }
    },
    {
      "type": "Feature",
      "geometry": {
        "type": "Point",
        "coordinates": [-5.7367, 43.519]
      },
      "properties": {
        "bright_ti4": 298.58,
        "scan": 0.77,
        "track": 0.77,
        "acq_date": "2026-09-22",
        "acq_time": "0347",
        "satellite": "N20",
        "instrument": "VIIRS",
        "confidence": "n",
        "version": "2.0NRT",
        "bright_ti5": 285.93,
        "frp": 1.34,
        "daynight": "N",
        "source_dataset": "VIIRS_NOAA20_NRT",
        "acq_datetime_utc": "2026-09-22T03:47:00Z",
        "age_hours": 13.9,
        "confidence_label": "nominal",
        "popup_label": "<strong>NASA FIRMS<\/strong><br>Sensor: VIIRS_NOAA20_NRT<br>Fecha UTC: 2026-09-22T03:47:00Z<br>Confianza: nominal<br>FRP: 1.34 MW"
      }
    },
    {
      "type": "Feature",
      "geometry": {
        "type": "Point",
        "coordinates": [-5.7238, 43.5224]
      },
      "properties": {
        "bright_ti4": 298.69,
        "scan": 0.77,
        "track": 0.77,
        "acq_date": "2026-09-22",
        "acq_time": "0347",
        "satellite": "N20",
        "instrument": "VIIRS",
        "confidence": "n",
        "version": "2.0NRT",
        "bright_ti5": 285.66,
        "frp": 1.34,
        "daynight": "N",
        "source_dataset": "VIIRS_NOAA20_NRT",
        "acq_datetime_utc": "2026-09-22T03:47:00Z",
        "age_hours": 13.9,
        "confidence_label": "nominal",
        "popup_label": "<strong>NASA FIRMS<\/strong><br>Sensor: VIIRS_NOAA20_NRT<br>Fecha UTC: 2026-09-22T03:47:00Z<br>Confianza: nominal<br>FRP: 1.34 MW"
      }
    },
    {
      "type": "Feature",
      "geometry": {
        "type": "Point",
        "coordinates": [-5.7337, 43.5238]
      },
      "properties": {
        "bright_ti4": 315.14,
        "scan": 0.77,
        "track": 0.77,
        "acq_date": "2026-09-22",
        "acq_time": "0347",
        "satellite": "N20",
        "instrument": "VIIRS",
        "confidence": "n",
        "version": "2.0NRT",
        "bright_ti5": 287.23,
        "frp": 2.18,
        "daynight": "N",
        "source_dataset": "VIIRS_NOAA20_NRT",
        "acq_datetime_utc": "2026-09-22T03:47:00Z",
        "age_hours": 13.9,
        "confidence_label": "nominal",
        "popup_label": "<strong>NASA FIRMS<\/strong><br>Sensor: VIIRS_NOAA20_NRT<br>Fecha UTC: 2026-09-22T03:47:00Z<br>Confianza: nominal<br>FRP: 2.18 MW"
      }
    },
    {
      "type": "Feature",
      "geometry": {
        "type": "Point",
        "coordinates": [-5.7323, 43.5254]
      },
      "properties": {
        "bright_ti4": 313.27,
        "scan": 0.77,
        "track": 0.77,
        "acq_date": "2026-09-22",
        "acq_time": "0347",
        "satellite": "N20",
        "instrument": "VIIRS",
        "confidence": "n",
        "version": "2.0NRT",
        "bright_ti5": 287.86,
        "frp": 1.34,
        "daynight": "N",
        "source_dataset": "VIIRS_NOAA20_NRT",
        "acq_datetime_utc": "2026-09-22T03:47:00Z",
        "age_hours": 13.9,
        "confidence_label": "nominal",
        "popup_label": "<strong>NASA FIRMS<\/strong><br>Sensor: VIIRS_NOAA20_NRT<br>Fecha UTC: 2026-09-22T03:47:00Z<br>Confianza: nominal<br>FRP: 1.34 MW"
      }
    },
    {
      "type": "Feature",
      "geometry": {
        "type": "Point",
        "coordinates": [-5.7294, 43.5303]
      },
      "properties": {
        "bright_ti4": 297.43,
        "scan": 0.77,
        "track": 0.77,
        "acq_date": "2026-09-22",
        "acq_time": "0347",
        "satellite": "N20",
        "instrument": "VIIRS",
        "confidence": "n",
        "version": "2.0NRT",
        "bright_ti5": 286.1,
        "frp": 2.18,
        "daynight": "N",
        "source_dataset": "VIIRS_NOAA20_NRT",
        "acq_datetime_utc": "2026-09-22T03:47:00Z",
        "age_hours": 13.9,
        "confidence_label": "nominal",
        "popup_label": "<strong>NASA FIRMS<\/strong><br>Sensor: VIIRS_NOAA20_NRT<br>Fecha UTC: 2026-09-22T03:47:00Z<br>Confianza: nominal<br>FRP: 2.18 MW"
      }
    },
    {
      "type": "Feature",
      "geometry": {
        "type": "Point",
        "coordinates": [-0.5163, 28.1984]
      },
      "properties": {
        "bright_ti4": 327.88,
        "scan": 0.51,
        "track": 0.41,
        "acq_date": "2026-09-22",
        "acq_time": "0211",
        "satellite": "N20",
        "instrument": "VIIRS",
        "confidence": "n",
        "version": "2.0NRT",
        "bright_ti5": 294.26,
        "frp": 2.82,
        "daynight": "N",
        "source_dataset": "VIIRS_NOAA20_NRT",
        "acq_datetime_utc": "2026-09-22T02:11:00Z",
        "age_hours": 15.5,
        "confidence_label": "nominal",
        "popup_label": "<strong>NASA FIRMS<\/strong><br>Sensor: VIIRS_NOAA20_NRT<br>Fecha UTC: 2026-09-22T02:11:00Z<br>Confianza: nominal<br>FRP: 2.82 MW"
      }
    },
    {
      "type": "Feature",
      "geometry": {
        "type": "Point",
        "coordinates": [-9.5271, 30.3404]
      },
      "properties": {
        "bright_ti4": 297.31,
        "scan": 0.54,
        "track": 0.42,
        "acq_date": "2026-09-22",
        "acq_time": "0211",
        "satellite": "N20",
        "instrument": "VIIRS",
        "confidence": "n",
        "version": "2.0NRT",
        "bright_ti5": 286.23,
        "frp": 0.61,
        "daynight": "N",
        "source_dataset": "VIIRS_NOAA20_NRT",
        "acq_datetime_utc": "2026-09-22T02:11:00Z",
        "age_hours": 15.5,
        "confidence_label": "nominal",
        "popup_label": "<strong>NASA FIRMS<\/strong><br>Sensor: VIIRS_NOAA20_NRT<br>Fecha UTC: 2026-09-22T02:11:00Z<br>Confianza: nominal<br>FRP: 0.61 MW"
      }
    },
    {
      "type": "Feature",
      "geometry": {
        "type": "Point",
        "coordinates": [3.991, 32.2788]
      },
      "properties": {
        "bright_ti4": 296.16,
        "scan": 0.5,
        "track": 0.49,
        "acq_date": "2026-09-22",
        "acq_time": "0209",
        "satellite": "N20",
        "instrument": "VIIRS",
        "confidence": "n",
        "version": "2.0NRT",
        "bright_ti5": 284.85,
        "frp": 0.83,
        "daynight": "N",
        "source_dataset": "VIIRS_NOAA20_NRT",
        "acq_datetime_utc": "2026-09-22T02:09:00Z",
        "age_hours": 15.5,
        "confidence_label": "nominal",
        "popup_label": "<strong>NASA FIRMS<\/strong><br>Sensor: VIIRS_NOAA20_NRT<br>Fecha UTC: 2026-09-22T02:09:00Z<br>Confianza: nominal<br>FRP: 0.83 MW"
      }
    },
    {
      "type": "Feature",
      "geometry": {
        "type": "Point",
        "coordinates": [-8.6771, 32.4603]
      },
      "properties": {
        "bright_ti4": 311.83,
        "scan": 0.52,
        "track": 0.42,
        "acq_date": "2026-09-22",
        "acq_time": "0209",
        "satellite": "N20",
        "instrument": "VIIRS",
        "confidence": "n",
        "version": "2.0NRT",
        "bright_ti5": 291.67,
        "frp": 1.11,
        "daynight": "N",
        "source_dataset": "VIIRS_NOAA20_NRT",
        "acq_datetime_utc": "2026-09-22T02:09:00Z",
        "age_hours": 15.5,
        "confidence_label": "nominal",
        "popup_label": "<strong>NASA FIRMS<\/strong><br>Sensor: VIIRS_NOAA20_NRT<br>Fecha UTC: 2026-09-22T02:09:00Z<br>Confianza: nominal<br>FRP: 1.11 MW"
      }
    },
    {
      "type": "Feature",
      "geometry": {
        "type": "Point",
        "coordinates": [3.1685, 32.557]
      },
      "properties": {
        "bright_ti4": 312.55,
        "scan": 0.44,
        "track": 0.46,
        "acq_date": "2026-09-22",
        "acq_time": "0209",
        "satellite": "N20",
        "instrument": "VIIRS",
        "confidence": "n",
        "version": "2.0NRT",
        "bright_ti5": 285.93,
        "frp": 1.28,
        "daynight": "N",
        "source_dataset": "VIIRS_NOAA20_NRT",
        "acq_datetime_utc": "2026-09-22T02:09:00Z",
        "age_hours": 15.5,
        "confidence_label": "nominal",
        "popup_label": "<strong>NASA FIRMS<\/strong><br>Sensor: VIIRS_NOAA20_NRT<br>Fecha UTC: 2026-09-22T02:09:00Z<br>Confianza: nominal<br>FRP: 1.28 MW"
      }
    },
    {
      "type": "Feature",
      "geometry": {
        "type": "Point",
        "coordinates": [3.1825, 32.7486]
      },
      "properties": {
        "bright_ti4": 320.65,
        "scan": 0.44,
        "track": 0.46,
        "acq_date": "2026-09-22",
        "acq_time": "0209",
        "satellite": "N20",
        "instrument": "VIIRS",
        "confidence": "n",
        "version": "2.0NRT",
        "bright_ti5": 285.01,
        "frp": 1.77,
        "daynight": "N",
        "source_dataset": "VIIRS_NOAA20_NRT",
        "acq_datetime_utc": "2026-09-22T02:09:00Z",
        "age_hours": 15.5,
        "confidence_label": "nominal",
        "popup_label": "<strong>NASA FIRMS<\/strong><br>Sensor: VIIRS_NOAA20_NRT<br>Fecha UTC: 2026-09-22T02:09:00Z<br>Confianza: nominal<br>FRP: 1.77 MW"
      }
    },
    {
      "type": "Feature",
      "geometry": {
        "type": "Point",
        "coordinates": [3.2409, 32.8374]
      },
      "properties": {
        "bright_ti4": 296.44,
        "scan": 0.44,
        "track": 0.46,
        "acq_date": "2026-09-22",
        "acq_time": "0209",
        "satellite": "N20",
        "instrument": "VIIRS",
        "confidence": "n",
        "version": "2.0NRT",
        "bright_ti5": 284.55,
        "frp": 0.77,
        "daynight": "N",
        "source_dataset": "VIIRS_NOAA20_NRT",
        "acq_datetime_utc": "2026-09-22T02:09:00Z",
        "age_hours": 15.5,
        "confidence_label": "nominal",
        "popup_label": "<strong>NASA FIRMS<\/strong><br>Sensor: VIIRS_NOAA20_NRT<br>Fecha UTC: 2026-09-22T02:09:00Z<br>Confianza: nominal<br>FRP: 0.77 MW"
      }
    },
    {
      "type": "Feature",
      "geometry": {
        "type": "Point",
        "coordinates": [3.2386, 32.8378]
      },
      "properties": {
        "bright_ti4": 303.91,
        "scan": 0.44,
        "track": 0.46,
        "acq_date": "2026-09-22",
        "acq_time": "0209",
        "satellite": "N20",
        "instrument": "VIIRS",
        "confidence": "n",
        "version": "2.0NRT",
        "bright_ti5": 284.78,
        "frp": 1.17,
        "daynight": "N",
        "source_dataset": "VIIRS_NOAA20_NRT",
        "acq_datetime_utc": "2026-09-22T02:09:00Z",
        "age_hours": 15.5,
        "confidence_label": "nominal",
        "popup_label": "<strong>NASA FIRMS<\/strong><br>Sensor: VIIRS_NOAA20_NRT<br>Fecha UTC: 2026-09-22T02:09:00Z<br>Confianza: nominal<br>FRP: 1.17 MW"
      }
    },
    {
      "type": "Feature",
      "geometry": {
        "type": "Point",
        "coordinates": [3.2363, 32.8384]
      },
      "properties": {
        "bright_ti4": 297.27,
        "scan": 0.44,
        "track": 0.46,
        "acq_date": "2026-09-22",
        "acq_time": "0209",
        "satellite": "N20",
        "instrument": "VIIRS",
        "confidence": "n",
        "version": "2.0NRT",
        "bright_ti5": 283.33,
        "frp": 0.77,
        "daynight": "N",
        "source_dataset": "VIIRS_NOAA20_NRT",
        "acq_datetime_utc": "2026-09-22T02:09:00Z",
        "age_hours": 15.5,
        "confidence_label": "nominal",
        "popup_label": "<strong>NASA FIRMS<\/strong><br>Sensor: VIIRS_NOAA20_NRT<br>Fecha UTC: 2026-09-22T02:09:00Z<br>Confianza: nominal<br>FRP: 0.77 MW"
      }
    },
    {
      "type": "Feature",
      "geometry": {
        "type": "Point",
        "coordinates": [3.2354, 32.9312]
      },
      "properties": {
        "bright_ti4": 298.74,
        "scan": 0.44,
        "track": 0.46,
        "acq_date": "2026-09-22",
        "acq_time": "0209",
        "satellite": "N20",
        "instrument": "VIIRS",
        "confidence": "n",
        "version": "2.0NRT",
        "bright_ti5": 284.32,
        "frp": 0.91,
        "daynight": "N",
        "source_dataset": "VIIRS_NOAA20_NRT",
        "acq_datetime_utc": "2026-09-22T02:09:00Z",
        "age_hours": 15.5,
        "confidence_label": "nominal",
        "popup_label": "<strong>NASA FIRMS<\/strong><br>Sensor: VIIRS_NOAA20_NRT<br>Fecha UTC: 2026-09-22T02:09:00Z<br>Confianza: nominal<br>FRP: 0.91 MW"
      }
    },
    {
      "type": "Feature",
      "geometry": {
        "type": "Point",
        "coordinates": [3.2308, 32.9321]
      },
      "properties": {
        "bright_ti4": 300.39,
        "scan": 0.44,
        "track": 0.46,
        "acq_date": "2026-09-22",
        "acq_time": "0209",
        "satellite": "N20",
        "instrument": "VIIRS",
        "confidence": "n",
        "version": "2.0NRT",
        "bright_ti5": 284.97,
        "frp": 1.09,
        "daynight": "N",
        "source_dataset": "VIIRS_NOAA20_NRT",
        "acq_datetime_utc": "2026-09-22T02:09:00Z",
        "age_hours": 15.5,
        "confidence_label": "nominal",
        "popup_label": "<strong>NASA FIRMS<\/strong><br>Sensor: VIIRS_NOAA20_NRT<br>Fecha UTC: 2026-09-22T02:09:00Z<br>Confianza: nominal<br>FRP: 1.09 MW"
      }
    },
    {
      "type": "Feature",
      "geometry": {
        "type": "Point",
        "coordinates": [3.2366, 32.9353]
      },
      "properties": {
        "bright_ti4": 298.52,
        "scan": 0.44,
        "track": 0.46,
        "acq_date": "2026-09-22",
        "acq_time": "0209",
        "satellite": "N20",
        "instrument": "VIIRS",
        "confidence": "n",
        "version": "2.0NRT",
        "bright_ti5": 283.64,
        "frp": 0.91,
        "daynight": "N",
        "source_dataset": "VIIRS_NOAA20_NRT",
        "acq_datetime_utc": "2026-09-22T02:09:00Z",
        "age_hours": 15.5,
        "confidence_label": "nominal",
        "popup_label": "<strong>NASA FIRMS<\/strong><br>Sensor: VIIRS_NOAA20_NRT<br>Fecha UTC: 2026-09-22T02:09:00Z<br>Confianza: nominal<br>FRP: 0.91 MW"
      }
    },
    {
      "type": "Feature",
      "geometry": {
        "type": "Point",
        "coordinates": [3.2321, 32.9363]
      },
      "properties": {
        "bright_ti4": 300.68,
        "scan": 0.44,
        "track": 0.46,
        "acq_date": "2026-09-22",
        "acq_time": "0209",
        "satellite": "N20",
        "instrument": "VIIRS",
        "confidence": "n",
        "version": "2.0NRT",
        "bright_ti5": 284.59,
        "frp": 1.09,
        "daynight": "N",
        "source_dataset": "VIIRS_NOAA20_NRT",
        "acq_datetime_utc": "2026-09-22T02:09:00Z",
        "age_hours": 15.5,
        "confidence_label": "nominal",
        "popup_label": "<strong>NASA FIRMS<\/strong><br>Sensor: VIIRS_NOAA20_NRT<br>Fecha UTC: 2026-09-22T02:09:00Z<br>Confianza: nominal<br>FRP: 1.09 MW"
      }
    },
    {
      "type": "Feature",
      "geometry": {
        "type": "Point",
        "coordinates": [3.2301, 32.9455]
      },
      "properties": {
        "bright_ti4": 295.8,
        "scan": 0.44,
        "track": 0.46,
        "acq_date": "2026-09-22",
        "acq_time": "0209",
        "satellite": "N20",
        "instrument": "VIIRS",
        "confidence": "n",
        "version": "2.0NRT",
        "bright_ti5": 281.49,
        "frp": 1.69,
        "daynight": "N",
        "source_dataset": "VIIRS_NOAA20_NRT",
        "acq_datetime_utc": "2026-09-22T02:09:00Z",
        "age_hours": 15.5,
        "confidence_label": "nominal",
        "popup_label": "<strong>NASA FIRMS<\/strong><br>Sensor: VIIRS_NOAA20_NRT<br>Fecha UTC: 2026-09-22T02:09:00Z<br>Confianza: nominal<br>FRP: 1.69 MW"
      }
    },
    {
      "type": "Feature",
      "geometry": {
        "type": "Point",
        "coordinates": [-7.1502, 32.9883]
      },
      "properties": {
        "bright_ti4": 302.47,
        "scan": 0.45,
        "track": 0.39,
        "acq_date": "2026-09-22",
        "acq_time": "0209",
        "satellite": "N20",
        "instrument": "VIIRS",
        "confidence": "n",
        "version": "2.0NRT",
        "bright_ti5": 291.86,
        "frp": 0.68,
        "daynight": "N",
        "source_dataset": "VIIRS_NOAA20_NRT",
        "acq_datetime_utc": "2026-09-22T02:09:00Z",
        "age_hours": 15.5,
        "confidence_label": "nominal",
        "popup_label": "<strong>NASA FIRMS<\/strong><br>Sensor: VIIRS_NOAA20_NRT<br>Fecha UTC: 2026-09-22T02:09:00Z<br>Confianza: nominal<br>FRP: 0.68 MW"
      }
    },
    {
      "type": "Feature",
      "geometry": {
        "type": "Point",
        "coordinates": [3.3182, 33.1255]
      },
      "properties": {
        "bright_ti4": 311.16,
        "scan": 0.44,
        "track": 0.46,
        "acq_date": "2026-09-22",
        "acq_time": "0209",
        "satellite": "N20",
        "instrument": "VIIRS",
        "confidence": "n",
        "version": "2.0NRT",
        "bright_ti5": 284.65,
        "frp": 1.31,
        "daynight": "N",
        "source_dataset": "VIIRS_NOAA20_NRT",
        "acq_datetime_utc": "2026-09-22T02:09:00Z",
        "age_hours": 15.5,
        "confidence_label": "nominal",
        "popup_label": "<strong>NASA FIRMS<\/strong><br>Sensor: VIIRS_NOAA20_NRT<br>Fecha UTC: 2026-09-22T02:09:00Z<br>Confianza: nominal<br>FRP: 1.31 MW"
      }
    },
    {
      "type": "Feature",
      "geometry": {
        "type": "Point",
        "coordinates": [3.3137, 33.1264]
      },
      "properties": {
        "bright_ti4": 296.33,
        "scan": 0.44,
        "track": 0.46,
        "acq_date": "2026-09-22",
        "acq_time": "0209",
        "satellite": "N20",
        "instrument": "VIIRS",
        "confidence": "n",
        "version": "2.0NRT",
        "bright_ti5": 283.91,
        "frp": 0.66,
        "daynight": "N",
        "source_dataset": "VIIRS_NOAA20_NRT",
        "acq_datetime_utc": "2026-09-22T02:09:00Z",
        "age_hours": 15.5,
        "confidence_label": "nominal",
        "popup_label": "<strong>NASA FIRMS<\/strong><br>Sensor: VIIRS_NOAA20_NRT<br>Fecha UTC: 2026-09-22T02:09:00Z<br>Confianza: nominal<br>FRP: 0.66 MW"
      }
    },
    {
      "type": "Feature",
      "geometry": {
        "type": "Point",
        "coordinates": [3.3195, 33.1296]
      },
      "properties": {
        "bright_ti4": 301.66,
        "scan": 0.44,
        "track": 0.46,
        "acq_date": "2026-09-22",
        "acq_time": "0209",
        "satellite": "N20",
        "instrument": "VIIRS",
        "confidence": "n",
        "version": "2.0NRT",
        "bright_ti5": 283.98,
        "frp": 1.31,
        "daynight": "N",
        "source_dataset": "VIIRS_NOAA20_NRT",
        "acq_datetime_utc": "2026-09-22T02:09:00Z",
        "age_hours": 15.5,
        "confidence_label": "nominal",
        "popup_label": "<strong>NASA FIRMS<\/strong><br>Sensor: VIIRS_NOAA20_NRT<br>Fecha UTC: 2026-09-22T02:09:00Z<br>Confianza: nominal<br>FRP: 1.31 MW"
      }
    },
    {
      "type": "Feature",
      "geometry": {
        "type": "Point",
        "coordinates": [3.3655, 33.1421]
      },
      "properties": {
        "bright_ti4": 301.13,
        "scan": 0.44,
        "track": 0.46,
        "acq_date": "2026-09-22",
        "acq_time": "0209",
        "satellite": "N20",
        "instrument": "VIIRS",
        "confidence": "n",
        "version": "2.0NRT",
        "bright_ti5": 282.79,
        "frp": 1.04,
        "daynight": "N",
        "source_dataset": "VIIRS_NOAA20_NRT",
        "acq_datetime_utc": "2026-09-22T02:09:00Z",
        "age_hours": 15.5,
        "confidence_label": "nominal",
        "popup_label": "<strong>NASA FIRMS<\/strong><br>Sensor: VIIRS_NOAA20_NRT<br>Fecha UTC: 2026-09-22T02:09:00Z<br>Confianza: nominal<br>FRP: 1.04 MW"
      }
    },
    {
      "type": "Feature",
      "geometry": {
        "type": "Point",
        "coordinates": [3.3626, 33.1424]
      },
      "properties": {
        "bright_ti4": 301.86,
        "scan": 0.44,
        "track": 0.46,
        "acq_date": "2026-09-22",
        "acq_time": "0209",
        "satellite": "N20",
        "instrument": "VIIRS",
        "confidence": "n",
        "version": "2.0NRT",
        "bright_ti5": 282.43,
        "frp": 0.79,
        "daynight": "N",
        "source_dataset": "VIIRS_NOAA20_NRT",
        "acq_datetime_utc": "2026-09-22T02:09:00Z",
        "age_hours": 15.5,
        "confidence_label": "nominal",
        "popup_label": "<strong>NASA FIRMS<\/strong><br>Sensor: VIIRS_NOAA20_NRT<br>Fecha UTC: 2026-09-22T02:09:00Z<br>Confianza: nominal<br>FRP: 0.79 MW"
      }
    },
    {
      "type": "Feature",
      "geometry": {
        "type": "Point",
        "coordinates": [-5.9987, 34.5921]
      },
      "properties": {
        "bright_ti4": 329.09,
        "scan": 0.43,
        "track": 0.38,
        "acq_date": "2026-09-22",
        "acq_time": "0209",
        "satellite": "N20",
        "instrument": "VIIRS",
        "confidence": "n",
        "version": "2.0NRT",
        "bright_ti5": 294.52,
        "frp": 2.45,
        "daynight": "N",
        "source_dataset": "VIIRS_NOAA20_NRT",
        "acq_datetime_utc": "2026-09-22T02:09:00Z",
        "age_hours": 15.5,
        "confidence_label": "nominal",
        "popup_label": "<strong>NASA FIRMS<\/strong><br>Sensor: VIIRS_NOAA20_NRT<br>Fecha UTC: 2026-09-22T02:09:00Z<br>Confianza: nominal<br>FRP: 2.45 MW"
      }
    },
    {
      "type": "Feature",
      "geometry": {
        "type": "Point",
        "coordinates": [-2.349, 34.5976]
      },
      "properties": {
        "bright_ti4": 306.52,
        "scan": 0.39,
        "track": 0.36,
        "acq_date": "2026-09-22",
        "acq_time": "0209",
        "satellite": "N20",
        "instrument": "VIIRS",
        "confidence": "n",
        "version": "2.0NRT",
        "bright_ti5": 288.75,
        "frp": 0.75,
        "daynight": "N",
        "source_dataset": "VIIRS_NOAA20_NRT",
        "acq_datetime_utc": "2026-09-22T02:09:00Z",
        "age_hours": 15.5,
        "confidence_label": "nominal",
        "popup_label": "<strong>NASA FIRMS<\/strong><br>Sensor: VIIRS_NOAA20_NRT<br>Fecha UTC: 2026-09-22T02:09:00Z<br>Confianza: nominal<br>FRP: 0.75 MW"
      }
    },
    {
      "type": "Feature",
      "geometry": {
        "type": "Point",
        "coordinates": [-5.869, 34.8586]
      },
      "properties": {
        "bright_ti4": 305.51,
        "scan": 0.42,
        "track": 0.38,
        "acq_date": "2026-09-22",
        "acq_time": "0209",
        "satellite": "N20",
        "instrument": "VIIRS",
        "confidence": "n",
        "version": "2.0NRT",
        "bright_ti5": 293.89,
        "frp": 0.71,
        "daynight": "N",
        "source_dataset": "VIIRS_NOAA20_NRT",
        "acq_datetime_utc": "2026-09-22T02:09:00Z",
        "age_hours": 15.5,
        "confidence_label": "nominal",
        "popup_label": "<strong>NASA FIRMS<\/strong><br>Sensor: VIIRS_NOAA20_NRT<br>Fecha UTC: 2026-09-22T02:09:00Z<br>Confianza: nominal<br>FRP: 0.71 MW"
      }
    },
    {
      "type": "Feature",
      "geometry": {
        "type": "Point",
        "coordinates": [-5.8736, 34.8593]
      },
      "properties": {
        "bright_ti4": 303.79,
        "scan": 0.42,
        "track": 0.38,
        "acq_date": "2026-09-22",
        "acq_time": "0209",
        "satellite": "N20",
        "instrument": "VIIRS",
        "confidence": "n",
        "version": "2.0NRT",
        "bright_ti5": 293.61,
        "frp": 0.71,
        "daynight": "N",
        "source_dataset": "VIIRS_NOAA20_NRT",
        "acq_datetime_utc": "2026-09-22T02:09:00Z",
        "age_hours": 15.5,
        "confidence_label": "nominal",
        "popup_label": "<strong>NASA FIRMS<\/strong><br>Sensor: VIIRS_NOAA20_NRT<br>Fecha UTC: 2026-09-22T02:09:00Z<br>Confianza: nominal<br>FRP: 0.71 MW"
      }
    },
    {
      "type": "Feature",
      "geometry": {
        "type": "Point",
        "coordinates": [-0.9389, 35.5685]
      },
      "properties": {
        "bright_ti4": 309.41,
        "scan": 0.4,
        "track": 0.37,
        "acq_date": "2026-09-22",
        "acq_time": "0209",
        "satellite": "N20",
        "instrument": "VIIRS",
        "confidence": "n",
        "version": "2.0NRT",
        "bright_ti5": 290.62,
        "frp": 0.79,
        "daynight": "N",
        "source_dataset": "VIIRS_NOAA20_NRT",
        "acq_datetime_utc": "2026-09-22T02:09:00Z",
        "age_hours": 15.5,
        "confidence_label": "nominal",
        "popup_label": "<strong>NASA FIRMS<\/strong><br>Sensor: VIIRS_NOAA20_NRT<br>Fecha UTC: 2026-09-22T02:09:00Z<br>Confianza: nominal<br>FRP: 0.79 MW"
      }
    },
    {
      "type": "Feature",
      "geometry": {
        "type": "Point",
        "coordinates": [4.4771, 35.7101]
      },
      "properties": {
        "bright_ti4": 308.99,
        "scan": 0.45,
        "track": 0.47,
        "acq_date": "2026-09-22",
        "acq_time": "0209",
        "satellite": "N20",
        "instrument": "VIIRS",
        "confidence": "n",
        "version": "2.0NRT",
        "bright_ti5": 290.19,
        "frp": 0.84,
        "daynight": "N",
        "source_dataset": "VIIRS_NOAA20_NRT",
        "acq_datetime_utc": "2026-09-22T02:09:00Z",
        "age_hours": 15.5,
        "confidence_label": "nominal",
        "popup_label": "<strong>NASA FIRMS<\/strong><br>Sensor: VIIRS_NOAA20_NRT<br>Fecha UTC: 2026-09-22T02:09:00Z<br>Confianza: nominal<br>FRP: 0.84 MW"
      }
    },
    {
      "type": "Feature",
      "geometry": {
        "type": "Point",
        "coordinates": [-0.2124, 35.8039]
      },
      "properties": {
        "bright_ti4": 304.07,
        "scan": 0.42,
        "track": 0.38,
        "acq_date": "2026-09-22",
        "acq_time": "0209",
        "satellite": "N20",
        "instrument": "VIIRS",
        "confidence": "n",
        "version": "2.0NRT",
        "bright_ti5": 293.29,
        "frp": 1.33,
        "daynight": "N",
        "source_dataset": "VIIRS_NOAA20_NRT",
        "acq_datetime_utc": "2026-09-22T02:09:00Z",
        "age_hours": 15.5,
        "confidence_label": "nominal",
        "popup_label": "<strong>NASA FIRMS<\/strong><br>Sensor: VIIRS_NOAA20_NRT<br>Fecha UTC: 2026-09-22T02:09:00Z<br>Confianza: nominal<br>FRP: 1.33 MW"
      }
    },
    {
      "type": "Feature",
      "geometry": {
        "type": "Point",
        "coordinates": [-0.2453, 35.8062]
      },
      "properties": {
        "bright_ti4": 309.41,
        "scan": 0.42,
        "track": 0.38,
        "acq_date": "2026-09-22",
        "acq_time": "0209",
        "satellite": "N20",
        "instrument": "VIIRS",
        "confidence": "n",
        "version": "2.0NRT",
        "bright_ti5": 293.26,
        "frp": 1.81,
        "daynight": "N",
        "source_dataset": "VIIRS_NOAA20_NRT",
        "acq_datetime_utc": "2026-09-22T02:09:00Z",
        "age_hours": 15.5,
        "confidence_label": "nominal",
        "popup_label": "<strong>NASA FIRMS<\/strong><br>Sensor: VIIRS_NOAA20_NRT<br>Fecha UTC: 2026-09-22T02:09:00Z<br>Confianza: nominal<br>FRP: 1.81 MW"
      }
    },
    {
      "type": "Feature",
      "geometry": {
        "type": "Point",
        "coordinates": [-0.2544, 35.8079]
      },
      "properties": {
        "bright_ti4": 303.52,
        "scan": 0.42,
        "track": 0.38,
        "acq_date": "2026-09-22",
        "acq_time": "0209",
        "satellite": "N20",
        "instrument": "VIIRS",
        "confidence": "n",
        "version": "2.0NRT",
        "bright_ti5": 291.58,
        "frp": 0.86,
        "daynight": "N",
        "source_dataset": "VIIRS_NOAA20_NRT",
        "acq_datetime_utc": "2026-09-22T02:09:00Z",
        "age_hours": 15.5,
        "confidence_label": "nominal",
        "popup_label": "<strong>NASA FIRMS<\/strong><br>Sensor: VIIRS_NOAA20_NRT<br>Fecha UTC: 2026-09-22T02:09:00Z<br>Confianza: nominal<br>FRP: 0.86 MW"
      }
    },
    {
      "type": "Feature",
      "geometry": {
        "type": "Point",
        "coordinates": [-0.2671, 35.8137]
      },
      "properties": {
        "bright_ti4": 301.23,
        "scan": 0.42,
        "track": 0.37,
        "acq_date": "2026-09-22",
        "acq_time": "0209",
        "satellite": "N20",
        "instrument": "VIIRS",
        "confidence": "n",
        "version": "2.0NRT",
        "bright_ti5": 290.15,
        "frp": 0.9,
        "daynight": "N",
        "source_dataset": "VIIRS_NOAA20_NRT",
        "acq_datetime_utc": "2026-09-22T02:09:00Z",
        "age_hours": 15.5,
        "confidence_label": "nominal",
        "popup_label": "<strong>NASA FIRMS<\/strong><br>Sensor: VIIRS_NOAA20_NRT<br>Fecha UTC: 2026-09-22T02:09:00Z<br>Confianza: nominal<br>FRP: 0.9 MW"
      }
    },
    {
      "type": "Feature",
      "geometry": {
        "type": "Point",
        "coordinates": [-0.2717, 35.8145]
      },
      "properties": {
        "bright_ti4": 301.73,
        "scan": 0.42,
        "track": 0.37,
        "acq_date": "2026-09-22",
        "acq_time": "0209",
        "satellite": "N20",
        "instrument": "VIIRS",
        "confidence": "n",
        "version": "2.0NRT",
        "bright_ti5": 289.91,
        "frp": 0.86,
        "daynight": "N",
        "source_dataset": "VIIRS_NOAA20_NRT",
        "acq_datetime_utc": "2026-09-22T02:09:00Z",
        "age_hours": 15.5,
        "confidence_label": "nominal",
        "popup_label": "<strong>NASA FIRMS<\/strong><br>Sensor: VIIRS_NOAA20_NRT<br>Fecha UTC: 2026-09-22T02:09:00Z<br>Confianza: nominal<br>FRP: 0.86 MW"
      }
    },
    {
      "type": "Feature",
      "geometry": {
        "type": "Point",
        "coordinates": [4.4475, 35.881]
      },
      "properties": {
        "bright_ti4": 315.12,
        "scan": 0.44,
        "track": 0.46,
        "acq_date": "2026-09-22",
        "acq_time": "0209",
        "satellite": "N20",
        "instrument": "VIIRS",
        "confidence": "n",
        "version": "2.0NRT",
        "bright_ti5": 290.7,
        "frp": 1.87,
        "daynight": "N",
        "source_dataset": "VIIRS_NOAA20_NRT",
        "acq_datetime_utc": "2026-09-22T02:09:00Z",
        "age_hours": 15.5,
        "confidence_label": "nominal",
        "popup_label": "<strong>NASA FIRMS<\/strong><br>Sensor: VIIRS_NOAA20_NRT<br>Fecha UTC: 2026-09-22T02:09:00Z<br>Confianza: nominal<br>FRP: 1.87 MW"
      }
    },
    {
      "type": "Feature",
      "geometry": {
        "type": "Point",
        "coordinates": [0.1242, 36.0186]
      },
      "properties": {
        "bright_ti4": 309.56,
        "scan": 0.43,
        "track": 0.38,
        "acq_date": "2026-09-22",
        "acq_time": "0209",
        "satellite": "N20",
        "instrument": "VIIRS",
        "confidence": "n",
        "version": "2.0NRT",
        "bright_ti5": 290.99,
        "frp": 0.73,
        "daynight": "N",
        "source_dataset": "VIIRS_NOAA20_NRT",
        "acq_datetime_utc": "2026-09-22T02:09:00Z",
        "age_hours": 15.5,
        "confidence_label": "nominal",
        "popup_label": "<strong>NASA FIRMS<\/strong><br>Sensor: VIIRS_NOAA20_NRT<br>Fecha UTC: 2026-09-22T02:09:00Z<br>Confianza: nominal<br>FRP: 0.73 MW"
      }
    },
    {
      "type": "Feature",
      "geometry": {
        "type": "Point",
        "coordinates": [2.9293, 36.1416]
      },
      "properties": {
        "bright_ti4": 297.33,
        "scan": 0.55,
        "track": 0.43,
        "acq_date": "2026-09-22",
        "acq_time": "0209",
        "satellite": "N20",
        "instrument": "VIIRS",
        "confidence": "n",
        "version": "2.0NRT",
        "bright_ti5": 286.14,
        "frp": 0.49,
        "daynight": "N",
        "source_dataset": "VIIRS_NOAA20_NRT",
        "acq_datetime_utc": "2026-09-22T02:09:00Z",
        "age_hours": 15.5,
        "confidence_label": "nominal",
        "popup_label": "<strong>NASA FIRMS<\/strong><br>Sensor: VIIRS_NOAA20_NRT<br>Fecha UTC: 2026-09-22T02:09:00Z<br>Confianza: nominal<br>FRP: 0.49 MW"
      }
    },
    {
      "type": "Feature",
      "geometry": {
        "type": "Point",
        "coordinates": [-5.4216, 36.1777]
      },
      "properties": {
        "bright_ti4": 309.25,
        "scan": 0.42,
        "track": 0.38,
        "acq_date": "2026-09-22",
        "acq_time": "0209",
        "satellite": "N20",
        "instrument": "VIIRS",
        "confidence": "n",
        "version": "2.0NRT",
        "bright_ti5": 293.7,
        "frp": 0.61,
        "daynight": "N",
        "source_dataset": "VIIRS_NOAA20_NRT",
        "acq_datetime_utc": "2026-09-22T02:09:00Z",
        "age_hours": 15.5,
        "confidence_label": "nominal",
        "popup_label": "<strong>NASA FIRMS<\/strong><br>Sensor: VIIRS_NOAA20_NRT<br>Fecha UTC: 2026-09-22T02:09:00Z<br>Confianza: nominal<br>FRP: 0.61 MW"
      }
    },
    {
      "type": "Feature",
      "geometry": {
        "type": "Point",
        "coordinates": [2.8774, 36.5988]
      },
      "properties": {
        "bright_ti4": 306.55,
        "scan": 0.54,
        "track": 0.42,
        "acq_date": "2026-09-22",
        "acq_time": "0209",
        "satellite": "N20",
        "instrument": "VIIRS",
        "confidence": "n",
        "version": "2.0NRT",
        "bright_ti5": 289.84,
        "frp": 1.01,
        "daynight": "N",
        "source_dataset": "VIIRS_NOAA20_NRT",
        "acq_datetime_utc": "2026-09-22T02:09:00Z",
        "age_hours": 15.5,
        "confidence_label": "nominal",
        "popup_label": "<strong>NASA FIRMS<\/strong><br>Sensor: VIIRS_NOAA20_NRT<br>Fecha UTC: 2026-09-22T02:09:00Z<br>Confianza: nominal<br>FRP: 1.01 MW"
      }
    },
    {
      "type": "Feature",
      "geometry": {
        "type": "Point",
        "coordinates": [2.9336, 36.5993]
      },
      "properties": {
        "bright_ti4": 299.86,
        "scan": 0.54,
        "track": 0.42,
        "acq_date": "2026-09-22",
        "acq_time": "0209",
        "satellite": "N20",
        "instrument": "VIIRS",
        "confidence": "n",
        "version": "2.0NRT",
        "bright_ti5": 289.01,
        "frp": 0.6,
        "daynight": "N",
        "source_dataset": "VIIRS_NOAA20_NRT",
        "acq_datetime_utc": "2026-09-22T02:09:00Z",
        "age_hours": 15.5,
        "confidence_label": "nominal",
        "popup_label": "<strong>NASA FIRMS<\/strong><br>Sensor: VIIRS_NOAA20_NRT<br>Fecha UTC: 2026-09-22T02:09:00Z<br>Confianza: nominal<br>FRP: 0.6 MW"
      }
    },
    {
      "type": "Feature",
      "geometry": {
        "type": "Point",
        "coordinates": [3.1382, 36.6633]
      },
      "properties": {
        "bright_ti4": 301.31,
        "scan": 0.55,
        "track": 0.43,
        "acq_date": "2026-09-22",
        "acq_time": "0209",
        "satellite": "N20",
        "instrument": "VIIRS",
        "confidence": "n",
        "version": "2.0NRT",
        "bright_ti5": 290.69,
        "frp": 0.59,
        "daynight": "N",
        "source_dataset": "VIIRS_NOAA20_NRT",
        "acq_datetime_utc": "2026-09-22T02:09:00Z",
        "age_hours": 15.5,
        "confidence_label": "nominal",
        "popup_label": "<strong>NASA FIRMS<\/strong><br>Sensor: VIIRS_NOAA20_NRT<br>Fecha UTC: 2026-09-22T02:09:00Z<br>Confianza: nominal<br>FRP: 0.59 MW"
      }
    },
    {
      "type": "Feature",
      "geometry": {
        "type": "Point",
        "coordinates": [3.0826, 36.7478]
      },
      "properties": {
        "bright_ti4": 312.03,
        "scan": 0.54,
        "track": 0.42,
        "acq_date": "2026-09-22",
        "acq_time": "0209",
        "satellite": "N20",
        "instrument": "VIIRS",
        "confidence": "n",
        "version": "2.0NRT",
        "bright_ti5": 291.8,
        "frp": 1.57,
        "daynight": "N",
        "source_dataset": "VIIRS_NOAA20_NRT",
        "acq_datetime_utc": "2026-09-22T02:09:00Z",
        "age_hours": 15.5,
        "confidence_label": "nominal",
        "popup_label": "<strong>NASA FIRMS<\/strong><br>Sensor: VIIRS_NOAA20_NRT<br>Fecha UTC: 2026-09-22T02:09:00Z<br>Confianza: nominal<br>FRP: 1.57 MW"
      }
    },
    {
      "type": "Feature",
      "geometry": {
        "type": "Point",
        "coordinates": [3.0785, 36.75]
      },
      "properties": {
        "bright_ti4": 307.48,
        "scan": 0.54,
        "track": 0.42,
        "acq_date": "2026-09-22",
        "acq_time": "0209",
        "satellite": "N20",
        "instrument": "VIIRS",
        "confidence": "n",
        "version": "2.0NRT",
        "bright_ti5": 291.87,
        "frp": 1.06,
        "daynight": "N",
        "source_dataset": "VIIRS_NOAA20_NRT",
        "acq_datetime_utc": "2026-09-22T02:09:00Z",
        "age_hours": 15.5,
        "confidence_label": "nominal",
        "popup_label": "<strong>NASA FIRMS<\/strong><br>Sensor: VIIRS_NOAA20_NRT<br>Fecha UTC: 2026-09-22T02:09:00Z<br>Confianza: nominal<br>FRP: 1.06 MW"
      }
    },
    {
      "type": "Feature",
      "geometry": {
        "type": "Point",
        "coordinates": [-1.9051, 36.9666]
      },
      "properties": {
        "bright_ti4": 318.5,
        "scan": 0.39,
        "track": 0.36,
        "acq_date": "2026-09-22",
        "acq_time": "0209",
        "satellite": "N20",
        "instrument": "VIIRS",
        "confidence": "n",
        "version": "2.0NRT",
        "bright_ti5": 294.32,
        "frp": 1.75,
        "daynight": "N",
        "source_dataset": "VIIRS_NOAA20_NRT",
        "acq_datetime_utc": "2026-09-22T02:09:00Z",
        "age_hours": 15.5,
        "confidence_label": "nominal",
        "popup_label": "<strong>NASA FIRMS<\/strong><br>Sensor: VIIRS_NOAA20_NRT<br>Fecha UTC: 2026-09-22T02:09:00Z<br>Confianza: nominal<br>FRP: 1.75 MW"
      }
    },
    {
      "type": "Feature",
      "geometry": {
        "type": "Point",
        "coordinates": [-0.5431, 38.3778]
      },
      "properties": {
        "bright_ti4": 310.19,
        "scan": 0.39,
        "track": 0.37,
        "acq_date": "2026-09-22",
        "acq_time": "0206",
        "satellite": "N20",
        "instrument": "VIIRS",
        "confidence": "n",
        "version": "2.0NRT",
        "bright_ti5": 292.31,
        "frp": 1.05,
        "daynight": "N",
        "source_dataset": "VIIRS_NOAA20_NRT",
        "acq_datetime_utc": "2026-09-22T02:06:00Z",
        "age_hours": 15.6,
        "confidence_label": "nominal",
        "popup_label": "<strong>NASA FIRMS<\/strong><br>Sensor: VIIRS_NOAA20_NRT<br>Fecha UTC: 2026-09-22T02:06:00Z<br>Confianza: nominal<br>FRP: 1.05 MW"
      }
    },
    {
      "type": "Feature",
      "geometry": {
        "type": "Point",
        "coordinates": [-9.011, 38.9222]
      },
      "properties": {
        "bright_ti4": 313.4,
        "scan": 0.43,
        "track": 0.46,
        "acq_date": "2026-09-22",
        "acq_time": "0206",
        "satellite": "N20",
        "instrument": "VIIRS",
        "confidence": "n",
        "version": "2.0NRT",
        "bright_ti5": 295.24,
        "frp": 1.6,
        "daynight": "N",
        "source_dataset": "VIIRS_NOAA20_NRT",
        "acq_datetime_utc": "2026-09-22T02:06:00Z",
        "age_hours": 15.6,
        "confidence_label": "nominal",
        "popup_label": "<strong>NASA FIRMS<\/strong><br>Sensor: VIIRS_NOAA20_NRT<br>Fecha UTC: 2026-09-22T02:06:00Z<br>Confianza: nominal<br>FRP: 1.6 MW"
      }
    },
    {
      "type": "Feature",
      "geometry": {
        "type": "Point",
        "coordinates": [-9.1572, 39.5]
      },
      "properties": {
        "bright_ti4": 321.64,
        "scan": 0.44,
        "track": 0.46,
        "acq_date": "2026-09-22",
        "acq_time": "0206",
        "satellite": "N20",
        "instrument": "VIIRS",
        "confidence": "n",
        "version": "2.0NRT",
        "bright_ti5": 291.63,
        "frp": 2.62,
        "daynight": "N",
        "source_dataset": "VIIRS_NOAA20_NRT",
        "acq_datetime_utc": "2026-09-22T02:06:00Z",
        "age_hours": 15.6,
        "confidence_label": "nominal",
        "popup_label": "<strong>NASA FIRMS<\/strong><br>Sensor: VIIRS_NOAA20_NRT<br>Fecha UTC: 2026-09-22T02:06:00Z<br>Confianza: nominal<br>FRP: 2.62 MW"
      }
    },
    {
      "type": "Feature",
      "geometry": {
        "type": "Point",
        "coordinates": [-9.1622, 39.5004]
      },
      "properties": {
        "bright_ti4": 314.24,
        "scan": 0.44,
        "track": 0.46,
        "acq_date": "2026-09-22",
        "acq_time": "0206",
        "satellite": "N20",
        "instrument": "VIIRS",
        "confidence": "n",
        "version": "2.0NRT",
        "bright_ti5": 287.67,
        "frp": 2.62,
        "daynight": "N",
        "source_dataset": "VIIRS_NOAA20_NRT",
        "acq_datetime_utc": "2026-09-22T02:06:00Z",
        "age_hours": 15.6,
        "confidence_label": "nominal",
        "popup_label": "<strong>NASA FIRMS<\/strong><br>Sensor: VIIRS_NOAA20_NRT<br>Fecha UTC: 2026-09-22T02:06:00Z<br>Confianza: nominal<br>FRP: 2.62 MW"
      }
    },
    {
      "type": "Feature",
      "geometry": {
        "type": "Point",
        "coordinates": [-7.776, 39.8391]
      },
      "properties": {
        "bright_ti4": 328.28,
        "scan": 0.57,
        "track": 0.43,
        "acq_date": "2026-09-22",
        "acq_time": "0206",
        "satellite": "N20",
        "instrument": "VIIRS",
        "confidence": "n",
        "version": "2.0NRT",
        "bright_ti5": 291.11,
        "frp": 3.86,
        "daynight": "N",
        "source_dataset": "VIIRS_NOAA20_NRT",
        "acq_datetime_utc": "2026-09-22T02:06:00Z",
        "age_hours": 15.6,
        "confidence_label": "nominal",
        "popup_label": "<strong>NASA FIRMS<\/strong><br>Sensor: VIIRS_NOAA20_NRT<br>Fecha UTC: 2026-09-22T02:06:00Z<br>Confianza: nominal<br>FRP: 3.86 MW"
      }
    },
    {
      "type": "Feature",
      "geometry": {
        "type": "Point",
        "coordinates": [-7.7752, 39.8413]
      },
      "properties": {
        "bright_ti4": 328.02,
        "scan": 0.57,
        "track": 0.43,
        "acq_date": "2026-09-22",
        "acq_time": "0206",
        "satellite": "N20",
        "instrument": "VIIRS",
        "confidence": "n",
        "version": "2.0NRT",
        "bright_ti5": 291.34,
        "frp": 5.8,
        "daynight": "N",
        "source_dataset": "VIIRS_NOAA20_NRT",
        "acq_datetime_utc": "2026-09-22T02:06:00Z",
        "age_hours": 15.6,
        "confidence_label": "nominal",
        "popup_label": "<strong>NASA FIRMS<\/strong><br>Sensor: VIIRS_NOAA20_NRT<br>Fecha UTC: 2026-09-22T02:06:00Z<br>Confianza: nominal<br>FRP: 5.8 MW"
      }
    },
    {
      "type": "Feature",
      "geometry": {
        "type": "Point",
        "coordinates": [-7.6199, 39.8435]
      },
      "properties": {
        "bright_ti4": 315.94,
        "scan": 0.56,
        "track": 0.43,
        "acq_date": "2026-09-22",
        "acq_time": "0206",
        "satellite": "N20",
        "instrument": "VIIRS",
        "confidence": "n",
        "version": "2.0NRT",
        "bright_ti5": 289.5,
        "frp": 1.48,
        "daynight": "N",
        "source_dataset": "VIIRS_NOAA20_NRT",
        "acq_datetime_utc": "2026-09-22T02:06:00Z",
        "age_hours": 15.6,
        "confidence_label": "nominal",
        "popup_label": "<strong>NASA FIRMS<\/strong><br>Sensor: VIIRS_NOAA20_NRT<br>Fecha UTC: 2026-09-22T02:06:00Z<br>Confianza: nominal<br>FRP: 1.48 MW"
      }
    },
    {
      "type": "Feature",
      "geometry": {
        "type": "Point",
        "coordinates": [-3.4769, 40.2452]
      },
      "properties": {
        "bright_ti4": 326.09,
        "scan": 0.4,
        "track": 0.37,
        "acq_date": "2026-09-22",
        "acq_time": "0206",
        "satellite": "N20",
        "instrument": "VIIRS",
        "confidence": "n",
        "version": "2.0NRT",
        "bright_ti5": 288.08,
        "frp": 3.33,
        "daynight": "N",
        "source_dataset": "VIIRS_NOAA20_NRT",
        "acq_datetime_utc": "2026-09-22T02:06:00Z",
        "age_hours": 15.6,
        "confidence_label": "nominal",
        "popup_label": "<strong>NASA FIRMS<\/strong><br>Sensor: VIIRS_NOAA20_NRT<br>Fecha UTC: 2026-09-22T02:06:00Z<br>Confianza: nominal<br>FRP: 3.33 MW"
      }
    },
    {
      "type": "Feature",
      "geometry": {
        "type": "Point",
        "coordinates": [-8.5848, 41.2754]
      },
      "properties": {
        "bright_ti4": 309,
        "scan": 0.43,
        "track": 0.46,
        "acq_date": "2026-09-22",
        "acq_time": "0206",
        "satellite": "N20",
        "instrument": "VIIRS",
        "confidence": "n",
        "version": "2.0NRT",
        "bright_ti5": 295.2,
        "frp": 2.29,
        "daynight": "N",
        "source_dataset": "VIIRS_NOAA20_NRT",
        "acq_datetime_utc": "2026-09-22T02:06:00Z",
        "age_hours": 15.6,
        "confidence_label": "nominal",
        "popup_label": "<strong>NASA FIRMS<\/strong><br>Sensor: VIIRS_NOAA20_NRT<br>Fecha UTC: 2026-09-22T02:06:00Z<br>Confianza: nominal<br>FRP: 2.29 MW"
      }
    },
    {
      "type": "Feature",
      "geometry": {
        "type": "Point",
        "coordinates": [-8.5134, 41.2902]
      },
      "properties": {
        "bright_ti4": 307.72,
        "scan": 0.43,
        "track": 0.46,
        "acq_date": "2026-09-22",
        "acq_time": "0206",
        "satellite": "N20",
        "instrument": "VIIRS",
        "confidence": "n",
        "version": "2.0NRT",
        "bright_ti5": 292.76,
        "frp": 0.96,
        "daynight": "N",
        "source_dataset": "VIIRS_NOAA20_NRT",
        "acq_datetime_utc": "2026-09-22T02:06:00Z",
        "age_hours": 15.6,
        "confidence_label": "nominal",
        "popup_label": "<strong>NASA FIRMS<\/strong><br>Sensor: VIIRS_NOAA20_NRT<br>Fecha UTC: 2026-09-22T02:06:00Z<br>Confianza: nominal<br>FRP: 0.96 MW"
      }
    },
    {
      "type": "Feature",
      "geometry": {
        "type": "Point",
        "coordinates": [1.6636, 41.3134]
      },
      "properties": {
        "bright_ti4": 310.81,
        "scan": 0.42,
        "track": 0.37,
        "acq_date": "2026-09-22",
        "acq_time": "0206",
        "satellite": "N20",
        "instrument": "VIIRS",
        "confidence": "n",
        "version": "2.0NRT",
        "bright_ti5": 289.27,
        "frp": 0.93,
        "daynight": "N",
        "source_dataset": "VIIRS_NOAA20_NRT",
        "acq_datetime_utc": "2026-09-22T02:06:00Z",
        "age_hours": 15.6,
        "confidence_label": "nominal",
        "popup_label": "<strong>NASA FIRMS<\/strong><br>Sensor: VIIRS_NOAA20_NRT<br>Fecha UTC: 2026-09-22T02:06:00Z<br>Confianza: nominal<br>FRP: 0.93 MW"
      }
    },
    {
      "type": "Feature",
      "geometry": {
        "type": "Point",
        "coordinates": [1.9785, 41.4548]
      },
      "properties": {
        "bright_ti4": 301.75,
        "scan": 0.42,
        "track": 0.38,
        "acq_date": "2026-09-22",
        "acq_time": "0206",
        "satellite": "N20",
        "instrument": "VIIRS",
        "confidence": "n",
        "version": "2.0NRT",
        "bright_ti5": 291.11,
        "frp": 0.51,
        "daynight": "N",
        "source_dataset": "VIIRS_NOAA20_NRT",
        "acq_datetime_utc": "2026-09-22T02:06:00Z",
        "age_hours": 15.6,
        "confidence_label": "nominal",
        "popup_label": "<strong>NASA FIRMS<\/strong><br>Sensor: VIIRS_NOAA20_NRT<br>Fecha UTC: 2026-09-22T02:06:00Z<br>Confianza: nominal<br>FRP: 0.51 MW"
      }
    },
    {
      "type": "Feature",
      "geometry": {
        "type": "Point",
        "coordinates": [-1.4866, 41.4742]
      },
      "properties": {
        "bright_ti4": 306.76,
        "scan": 0.39,
        "track": 0.36,
        "acq_date": "2026-09-22",
        "acq_time": "0206",
        "satellite": "N20",
        "instrument": "VIIRS",
        "confidence": "n",
        "version": "2.0NRT",
        "bright_ti5": 287.81,
        "frp": 0.79,
        "daynight": "N",
        "source_dataset": "VIIRS_NOAA20_NRT",
        "acq_datetime_utc": "2026-09-22T02:06:00Z",
        "age_hours": 15.6,
        "confidence_label": "nominal",
        "popup_label": "<strong>NASA FIRMS<\/strong><br>Sensor: VIIRS_NOAA20_NRT<br>Fecha UTC: 2026-09-22T02:06:00Z<br>Confianza: nominal<br>FRP: 0.79 MW"
      }
    },
    {
      "type": "Feature",
      "geometry": {
        "type": "Point",
        "coordinates": [-8.0121, 41.6031]
      },
      "properties": {
        "bright_ti4": 309.79,
        "scan": 0.41,
        "track": 0.45,
        "acq_date": "2026-09-22",
        "acq_time": "0206",
        "satellite": "N20",
        "instrument": "VIIRS",
        "confidence": "n",
        "version": "2.0NRT",
        "bright_ti5": 291.21,
        "frp": 1.39,
        "daynight": "N",
        "source_dataset": "VIIRS_NOAA20_NRT",
        "acq_datetime_utc": "2026-09-22T02:06:00Z",
        "age_hours": 15.6,
        "confidence_label": "nominal",
        "popup_label": "<strong>NASA FIRMS<\/strong><br>Sensor: VIIRS_NOAA20_NRT<br>Fecha UTC: 2026-09-22T02:06:00Z<br>Confianza: nominal<br>FRP: 1.39 MW"
      }
    },
    {
      "type": "Feature",
      "geometry": {
        "type": "Point",
        "coordinates": [-8.0112, 41.6073]
      },
      "properties": {
        "bright_ti4": 355.22,
        "scan": 0.41,
        "track": 0.45,
        "acq_date": "2026-09-22",
        "acq_time": "0206",
        "satellite": "N20",
        "instrument": "VIIRS",
        "confidence": "n",
        "version": "2.0NRT",
        "bright_ti5": 293.68,
        "frp": 10.9,
        "daynight": "N",
        "source_dataset": "VIIRS_NOAA20_NRT",
        "acq_datetime_utc": "2026-09-22T02:06:00Z",
        "age_hours": 15.6,
        "confidence_label": "nominal",
        "popup_label": "<strong>NASA FIRMS<\/strong><br>Sensor: VIIRS_NOAA20_NRT<br>Fecha UTC: 2026-09-22T02:06:00Z<br>Confianza: nominal<br>FRP: 10.9 MW"
      }
    },
    {
      "type": "Feature",
      "geometry": {
        "type": "Point",
        "coordinates": [-8.3449, 41.7406]
      },
      "properties": {
        "bright_ti4": 318.32,
        "scan": 0.43,
        "track": 0.46,
        "acq_date": "2026-09-22",
        "acq_time": "0206",
        "satellite": "N20",
        "instrument": "VIIRS",
        "confidence": "n",
        "version": "2.0NRT",
        "bright_ti5": 293.76,
        "frp": 1.75,
        "daynight": "N",
        "source_dataset": "VIIRS_NOAA20_NRT",
        "acq_datetime_utc": "2026-09-22T02:06:00Z",
        "age_hours": 15.6,
        "confidence_label": "nominal",
        "popup_label": "<strong>NASA FIRMS<\/strong><br>Sensor: VIIRS_NOAA20_NRT<br>Fecha UTC: 2026-09-22T02:06:00Z<br>Confianza: nominal<br>FRP: 1.75 MW"
      }
    },
    {
      "type": "Feature",
      "geometry": {
        "type": "Point",
        "coordinates": [-8.3921, 41.8815]
      },
      "properties": {
        "bright_ti4": 303.49,
        "scan": 0.43,
        "track": 0.46,
        "acq_date": "2026-09-22",
        "acq_time": "0206",
        "satellite": "N20",
        "instrument": "VIIRS",
        "confidence": "n",
        "version": "2.0NRT",
        "bright_ti5": 292.54,
        "frp": 0.96,
        "daynight": "N",
        "source_dataset": "VIIRS_NOAA20_NRT",
        "acq_datetime_utc": "2026-09-22T02:06:00Z",
        "age_hours": 15.6,
        "confidence_label": "nominal",
        "popup_label": "<strong>NASA FIRMS<\/strong><br>Sensor: VIIRS_NOAA20_NRT<br>Fecha UTC: 2026-09-22T02:06:00Z<br>Confianza: nominal<br>FRP: 0.96 MW"
      }
    },
    {
      "type": "Feature",
      "geometry": {
        "type": "Point",
        "coordinates": [0.1773, 41.9254]
      },
      "properties": {
        "bright_ti4": 305.31,
        "scan": 0.39,
        "track": 0.36,
        "acq_date": "2026-09-22",
        "acq_time": "0206",
        "satellite": "N20",
        "instrument": "VIIRS",
        "confidence": "n",
        "version": "2.0NRT",
        "bright_ti5": 286.32,
        "frp": 0.69,
        "daynight": "N",
        "source_dataset": "VIIRS_NOAA20_NRT",
        "acq_datetime_utc": "2026-09-22T02:06:00Z",
        "age_hours": 15.6,
        "confidence_label": "nominal",
        "popup_label": "<strong>NASA FIRMS<\/strong><br>Sensor: VIIRS_NOAA20_NRT<br>Fecha UTC: 2026-09-22T02:06:00Z<br>Confianza: nominal<br>FRP: 0.69 MW"
      }
    },
    {
      "type": "Feature",
      "geometry": {
        "type": "Point",
        "coordinates": [1.534, 42.5511]
      },
      "properties": {
        "bright_ti4": 329.81,
        "scan": 0.4,
        "track": 0.37,
        "acq_date": "2026-09-22",
        "acq_time": "0206",
        "satellite": "N20",
        "instrument": "VIIRS",
        "confidence": "n",
        "version": "2.0NRT",
        "bright_ti5": 282.94,
        "frp": 3.38,
        "daynight": "N",
        "source_dataset": "VIIRS_NOAA20_NRT",
        "acq_datetime_utc": "2026-09-22T02:06:00Z",
        "age_hours": 15.6,
        "confidence_label": "nominal",
        "popup_label": "<strong>NASA FIRMS<\/strong><br>Sensor: VIIRS_NOAA20_NRT<br>Fecha UTC: 2026-09-22T02:06:00Z<br>Confianza: nominal<br>FRP: 3.38 MW"
      }
    },
    {
      "type": "Feature",
      "geometry": {
        "type": "Point",
        "coordinates": [-6.7672, 42.5523]
      },
      "properties": {
        "bright_ti4": 301.38,
        "scan": 0.55,
        "track": 0.43,
        "acq_date": "2026-09-22",
        "acq_time": "0206",
        "satellite": "N20",
        "instrument": "VIIRS",
        "confidence": "n",
        "version": "2.0NRT",
        "bright_ti5": 287.33,
        "frp": 0.6,
        "daynight": "N",
        "source_dataset": "VIIRS_NOAA20_NRT",
        "acq_datetime_utc": "2026-09-22T02:06:00Z",
        "age_hours": 15.6,
        "confidence_label": "nominal",
        "popup_label": "<strong>NASA FIRMS<\/strong><br>Sensor: VIIRS_NOAA20_NRT<br>Fecha UTC: 2026-09-22T02:06:00Z<br>Confianza: nominal<br>FRP: 0.6 MW"
      }
    },
    {
      "type": "Feature",
      "geometry": {
        "type": "Point",
        "coordinates": [1.7673, 42.6947]
      },
      "properties": {
        "bright_ti4": 302.88,
        "scan": 0.41,
        "track": 0.37,
        "acq_date": "2026-09-22",
        "acq_time": "0206",
        "satellite": "N20",
        "instrument": "VIIRS",
        "confidence": "n",
        "version": "2.0NRT",
        "bright_ti5": 280.17,
        "frp": 0.94,
        "daynight": "N",
        "source_dataset": "VIIRS_NOAA20_NRT",
        "acq_datetime_utc": "2026-09-22T02:06:00Z",
        "age_hours": 15.6,
        "confidence_label": "nominal",
        "popup_label": "<strong>NASA FIRMS<\/strong><br>Sensor: VIIRS_NOAA20_NRT<br>Fecha UTC: 2026-09-22T02:06:00Z<br>Confianza: nominal<br>FRP: 0.94 MW"
      }
    },
    {
      "type": "Feature",
      "geometry": {
        "type": "Point",
        "coordinates": [-1.7429, 42.8147]
      },
      "properties": {
        "bright_ti4": 304.99,
        "scan": 0.39,
        "track": 0.36,
        "acq_date": "2026-09-22",
        "acq_time": "0206",
        "satellite": "N20",
        "instrument": "VIIRS",
        "confidence": "n",
        "version": "2.0NRT",
        "bright_ti5": 283.4,
        "frp": 0.85,
        "daynight": "N",
        "source_dataset": "VIIRS_NOAA20_NRT",
        "acq_datetime_utc": "2026-09-22T02:06:00Z",
        "age_hours": 15.6,
        "confidence_label": "nominal",
        "popup_label": "<strong>NASA FIRMS<\/strong><br>Sensor: VIIRS_NOAA20_NRT<br>Fecha UTC: 2026-09-22T02:06:00Z<br>Confianza: nominal<br>FRP: 0.85 MW"
      }
    },
    {
      "type": "Feature",
      "geometry": {
        "type": "Point",
        "coordinates": [-2.2186, 43.0339]
      },
      "properties": {
        "bright_ti4": 302.63,
        "scan": 0.4,
        "track": 0.37,
        "acq_date": "2026-09-22",
        "acq_time": "0206",
        "satellite": "N20",
        "instrument": "VIIRS",
        "confidence": "n",
        "version": "2.0NRT",
        "bright_ti5": 278.24,
        "frp": 0.77,
        "daynight": "N",
        "source_dataset": "VIIRS_NOAA20_NRT",
        "acq_datetime_utc": "2026-09-22T02:06:00Z",
        "age_hours": 15.6,
        "confidence_label": "nominal",
        "popup_label": "<strong>NASA FIRMS<\/strong><br>Sensor: VIIRS_NOAA20_NRT<br>Fecha UTC: 2026-09-22T02:06:00Z<br>Confianza: nominal<br>FRP: 0.77 MW"
      }
    },
    {
      "type": "Feature",
      "geometry": {
        "type": "Point",
        "coordinates": [-2.2216, 43.0413]
      },
      "properties": {
        "bright_ti4": 297.94,
        "scan": 0.4,
        "track": 0.37,
        "acq_date": "2026-09-22",
        "acq_time": "0206",
        "satellite": "N20",
        "instrument": "VIIRS",
        "confidence": "n",
        "version": "2.0NRT",
        "bright_ti5": 277.73,
        "frp": 0.84,
        "daynight": "N",
        "source_dataset": "VIIRS_NOAA20_NRT",
        "acq_datetime_utc": "2026-09-22T02:06:00Z",
        "age_hours": 15.6,
        "confidence_label": "nominal",
        "popup_label": "<strong>NASA FIRMS<\/strong><br>Sensor: VIIRS_NOAA20_NRT<br>Fecha UTC: 2026-09-22T02:06:00Z<br>Confianza: nominal<br>FRP: 0.84 MW"
      }
    },
    {
      "type": "Feature",
      "geometry": {
        "type": "Point",
        "coordinates": [0.991, 43.1847]
      },
      "properties": {
        "bright_ti4": 302.32,
        "scan": 0.39,
        "track": 0.36,
        "acq_date": "2026-09-22",
        "acq_time": "0206",
        "satellite": "N20",
        "instrument": "VIIRS",
        "confidence": "n",
        "version": "2.0NRT",
        "bright_ti5": 287.58,
        "frp": 0.57,
        "daynight": "N",
        "source_dataset": "VIIRS_NOAA20_NRT",
        "acq_datetime_utc": "2026-09-22T02:06:00Z",
        "age_hours": 15.6,
        "confidence_label": "nominal",
        "popup_label": "<strong>NASA FIRMS<\/strong><br>Sensor: VIIRS_NOAA20_NRT<br>Fecha UTC: 2026-09-22T02:06:00Z<br>Confianza: nominal<br>FRP: 0.57 MW"
      }
    },
    {
      "type": "Feature",
      "geometry": {
        "type": "Point",
        "coordinates": [-5.7299, 43.5251]
      },
      "properties": {
        "bright_ti4": 306.71,
        "scan": 0.51,
        "track": 0.41,
        "acq_date": "2026-09-22",
        "acq_time": "0206",
        "satellite": "N20",
        "instrument": "VIIRS",
        "confidence": "n",
        "version": "2.0NRT",
        "bright_ti5": 288.66,
        "frp": 1.93,
        "daynight": "N",
        "source_dataset": "VIIRS_NOAA20_NRT",
        "acq_datetime_utc": "2026-09-22T02:06:00Z",
        "age_hours": 15.6,
        "confidence_label": "nominal",
        "popup_label": "<strong>NASA FIRMS<\/strong><br>Sensor: VIIRS_NOAA20_NRT<br>Fecha UTC: 2026-09-22T02:06:00Z<br>Confianza: nominal<br>FRP: 1.93 MW"
      }
    },
    {
      "type": "Feature",
      "geometry": {
        "type": "Point",
        "coordinates": [-5.7292, 43.5289]
      },
      "properties": {
        "bright_ti4": 306.86,
        "scan": 0.51,
        "track": 0.41,
        "acq_date": "2026-09-22",
        "acq_time": "0206",
        "satellite": "N20",
        "instrument": "VIIRS",
        "confidence": "n",
        "version": "2.0NRT",
        "bright_ti5": 289.09,
        "frp": 1.88,
        "daynight": "N",
        "source_dataset": "VIIRS_NOAA20_NRT",
        "acq_datetime_utc": "2026-09-22T02:06:00Z",
        "age_hours": 15.6,
        "confidence_label": "nominal",
        "popup_label": "<strong>NASA FIRMS<\/strong><br>Sensor: VIIRS_NOAA20_NRT<br>Fecha UTC: 2026-09-22T02:06:00Z<br>Confianza: nominal<br>FRP: 1.88 MW"
      }
    },
    {
      "type": "Feature",
      "geometry": {
        "type": "Point",
        "coordinates": [-5.8307, 43.5398]
      },
      "properties": {
        "bright_ti4": 329.64,
        "scan": 0.52,
        "track": 0.41,
        "acq_date": "2026-09-22",
        "acq_time": "0206",
        "satellite": "N20",
        "instrument": "VIIRS",
        "confidence": "n",
        "version": "2.0NRT",
        "bright_ti5": 290.16,
        "frp": 7.35,
        "daynight": "N",
        "source_dataset": "VIIRS_NOAA20_NRT",
        "acq_datetime_utc": "2026-09-22T02:06:00Z",
        "age_hours": 15.6,
        "confidence_label": "nominal",
        "popup_label": "<strong>NASA FIRMS<\/strong><br>Sensor: VIIRS_NOAA20_NRT<br>Fecha UTC: 2026-09-22T02:06:00Z<br>Confianza: nominal<br>FRP: 7.35 MW"
      }
    },
    {
      "type": "Feature",
      "geometry": {
        "type": "Point",
        "coordinates": [-5.8549, 43.5502]
      },
      "properties": {
        "bright_ti4": 311.82,
        "scan": 0.52,
        "track": 0.41,
        "acq_date": "2026-09-22",
        "acq_time": "0206",
        "satellite": "N20",
        "instrument": "VIIRS",
        "confidence": "n",
        "version": "2.0NRT",
        "bright_ti5": 288.22,
        "frp": 1.16,
        "daynight": "N",
        "source_dataset": "VIIRS_NOAA20_NRT",
        "acq_datetime_utc": "2026-09-22T02:06:00Z",
        "age_hours": 15.6,
        "confidence_label": "nominal",
        "popup_label": "<strong>NASA FIRMS<\/strong><br>Sensor: VIIRS_NOAA20_NRT<br>Fecha UTC: 2026-09-22T02:06:00Z<br>Confianza: nominal<br>FRP: 1.16 MW"
      }
    },
    {
      "type": "Feature",
      "geometry": {
        "type": "Point",
        "coordinates": [-5.8606, 43.5547]
      },
      "properties": {
        "bright_ti4": 300.66,
        "scan": 0.52,
        "track": 0.41,
        "acq_date": "2026-09-22",
        "acq_time": "0206",
        "satellite": "N20",
        "instrument": "VIIRS",
        "confidence": "n",
        "version": "2.0NRT",
        "bright_ti5": 288.5,
        "frp": 1.16,
        "daynight": "N",
        "source_dataset": "VIIRS_NOAA20_NRT",
        "acq_datetime_utc": "2026-09-22T02:06:00Z",
        "age_hours": 15.6,
        "confidence_label": "nominal",
        "popup_label": "<strong>NASA FIRMS<\/strong><br>Sensor: VIIRS_NOAA20_NRT<br>Fecha UTC: 2026-09-22T02:06:00Z<br>Confianza: nominal<br>FRP: 1.16 MW"
      }
    },
    {
      "type": "Feature",
      "geometry": {
        "type": "Point",
        "coordinates": [4.9004, 43.4409]
      },
      "properties": {
        "bright_ti4": 301.75,
        "scan": 0.49,
        "track": 0.41,
        "acq_date": "2026-09-22",
        "acq_time": "0204",
        "satellite": "N20",
        "instrument": "VIIRS",
        "confidence": "n",
        "version": "2.0NRT",
        "bright_ti5": 289.3,
        "frp": 5.67,
        "daynight": "N",
        "source_dataset": "VIIRS_NOAA20_NRT",
        "acq_datetime_utc": "2026-09-22T02:04:00Z",
        "age_hours": 15.6,
        "confidence_label": "nominal",
        "popup_label": "<strong>NASA FIRMS<\/strong><br>Sensor: VIIRS_NOAA20_NRT<br>Fecha UTC: 2026-09-22T02:04:00Z<br>Confianza: nominal<br>FRP: 5.67 MW"
      }
    },
    {
      "type": "Feature",
      "geometry": {
        "type": "Point",
        "coordinates": [4.8812, 43.4409]
      },
      "properties": {
        "bright_ti4": 328.86,
        "scan": 0.49,
        "track": 0.4,
        "acq_date": "2026-09-22",
        "acq_time": "0204",
        "satellite": "N20",
        "instrument": "VIIRS",
        "confidence": "n",
        "version": "2.0NRT",
        "bright_ti5": 289.76,
        "frp": 4.54,
        "daynight": "N",
        "source_dataset": "VIIRS_NOAA20_NRT",
        "acq_datetime_utc": "2026-09-22T02:04:00Z",
        "age_hours": 15.6,
        "confidence_label": "nominal",
        "popup_label": "<strong>NASA FIRMS<\/strong><br>Sensor: VIIRS_NOAA20_NRT<br>Fecha UTC: 2026-09-22T02:04:00Z<br>Confianza: nominal<br>FRP: 4.54 MW"
      }
    },
    {
      "type": "Feature",
      "geometry": {
        "type": "Point",
        "coordinates": [4.8958, 43.4457]
      },
      "properties": {
        "bright_ti4": 347.91,
        "scan": 0.49,
        "track": 0.4,
        "acq_date": "2026-09-22",
        "acq_time": "0204",
        "satellite": "N20",
        "instrument": "VIIRS",
        "confidence": "n",
        "version": "2.0NRT",
        "bright_ti5": 291.56,
        "frp": 5.67,
        "daynight": "N",
        "source_dataset": "VIIRS_NOAA20_NRT",
        "acq_datetime_utc": "2026-09-22T02:04:00Z",
        "age_hours": 15.6,
        "confidence_label": "nominal",
        "popup_label": "<strong>NASA FIRMS<\/strong><br>Sensor: VIIRS_NOAA20_NRT<br>Fecha UTC: 2026-09-22T02:04:00Z<br>Confianza: nominal<br>FRP: 5.67 MW"
      }
    },
    {
      "type": "Feature",
      "geometry": {
        "type": "Point",
        "coordinates": [4.8972, 43.4493]
      },
      "properties": {
        "bright_ti4": 337.91,
        "scan": 0.49,
        "track": 0.4,
        "acq_date": "2026-09-22",
        "acq_time": "0204",
        "satellite": "N20",
        "instrument": "VIIRS",
        "confidence": "n",
        "version": "2.0NRT",
        "bright_ti5": 289.81,
        "frp": 5.07,
        "daynight": "N",
        "source_dataset": "VIIRS_NOAA20_NRT",
        "acq_datetime_utc": "2026-09-22T02:04:00Z",
        "age_hours": 15.6,
        "confidence_label": "nominal",
        "popup_label": "<strong>NASA FIRMS<\/strong><br>Sensor: VIIRS_NOAA20_NRT<br>Fecha UTC: 2026-09-22T02:04:00Z<br>Confianza: nominal<br>FRP: 5.07 MW"
      }
    },
    {
      "type": "Feature",
      "geometry": {
        "type": "Point",
        "coordinates": [-4.096, 38.6342]
      },
      "properties": {
        "bright_ti4": 355.48,
        "scan": 0.43,
        "track": 0.46,
        "acq_date": "2026-09-21",
        "acq_time": "1348",
        "satellite": "N20",
        "instrument": "VIIRS",
        "confidence": "n",
        "version": "2.0NRT",
        "bright_ti5": 315.98,
        "frp": 52.36,
        "daynight": "D",
        "source_dataset": "VIIRS_NOAA20_NRT",
        "acq_datetime_utc": "2026-09-21T13:48:00Z",
        "age_hours": 27.9,
        "confidence_label": "nominal",
        "popup_label": "<strong>NASA FIRMS<\/strong><br>Sensor: VIIRS_NOAA20_NRT<br>Fecha UTC: 2026-09-21T13:48:00Z<br>Confianza: nominal<br>FRP: 52.36 MW"
      }
    },
    {
      "type": "Feature",
      "geometry": {
        "type": "Point",
        "coordinates": [-4.0965, 38.6384]
      },
      "properties": {
        "bright_ti4": 367,
        "scan": 0.43,
        "track": 0.46,
        "acq_date": "2026-09-21",
        "acq_time": "1348",
        "satellite": "N20",
        "instrument": "VIIRS",
        "confidence": "l",
        "version": "2.0NRT",
        "bright_ti5": 325.01,
        "frp": 52.36,
        "daynight": "D",
        "source_dataset": "VIIRS_NOAA20_NRT",
        "acq_datetime_utc": "2026-09-21T13:48:00Z",
        "age_hours": 27.9,
        "confidence_label": "baja",
        "popup_label": "<strong>NASA FIRMS<\/strong><br>Sensor: VIIRS_NOAA20_NRT<br>Fecha UTC: 2026-09-21T13:48:00Z<br>Confianza: baja<br>FRP: 52.36 MW"
      }
    },
    {
      "type": "Feature",
      "geometry": {
        "type": "Point",
        "coordinates": [-6.7825, 38.6398]
      },
      "properties": {
        "bright_ti4": 351.8,
        "scan": 0.48,
        "track": 0.4,
        "acq_date": "2026-09-21",
        "acq_time": "1348",
        "satellite": "N20",
        "instrument": "VIIRS",
        "confidence": "n",
        "version": "2.0NRT",
        "bright_ti5": 315.95,
        "frp": 12.79,
        "daynight": "D",
        "source_dataset": "VIIRS_NOAA20_NRT",
        "acq_datetime_utc": "2026-09-21T13:48:00Z",
        "age_hours": 27.9,
        "confidence_label": "nominal",
        "popup_label": "<strong>NASA FIRMS<\/strong><br>Sensor: VIIRS_NOAA20_NRT<br>Fecha UTC: 2026-09-21T13:48:00Z<br>Confianza: nominal<br>FRP: 12.79 MW"
      }
    },
    {
      "type": "Feature",
      "geometry": {
        "type": "Point",
        "coordinates": [-3.8306, 39.9601]
      },
      "properties": {
        "bright_ti4": 340.1,
        "scan": 0.46,
        "track": 0.47,
        "acq_date": "2026-09-21",
        "acq_time": "1348",
        "satellite": "N20",
        "instrument": "VIIRS",
        "confidence": "n",
        "version": "2.0NRT",
        "bright_ti5": 308.46,
        "frp": 3.05,
        "daynight": "D",
        "source_dataset": "VIIRS_NOAA20_NRT",
        "acq_datetime_utc": "2026-09-21T13:48:00Z",
        "age_hours": 27.9,
        "confidence_label": "nominal",
        "popup_label": "<strong>NASA FIRMS<\/strong><br>Sensor: VIIRS_NOAA20_NRT<br>Fecha UTC: 2026-09-21T13:48:00Z<br>Confianza: nominal<br>FRP: 3.05 MW"
      }
    },
    {
      "type": "Feature",
      "geometry": {
        "type": "Point",
        "coordinates": [-5.33, 40.1751]
      },
      "properties": {
        "bright_ti4": 341.87,
        "scan": 0.39,
        "track": 0.44,
        "acq_date": "2026-09-21",
        "acq_time": "1348",
        "satellite": "N20",
        "instrument": "VIIRS",
        "confidence": "n",
        "version": "2.0NRT",
        "bright_ti5": 309.83,
        "frp": 16.76,
        "daynight": "D",
        "source_dataset": "VIIRS_NOAA20_NRT",
        "acq_datetime_utc": "2026-09-21T13:48:00Z",
        "age_hours": 27.9,
        "confidence_label": "nominal",
        "popup_label": "<strong>NASA FIRMS<\/strong><br>Sensor: VIIRS_NOAA20_NRT<br>Fecha UTC: 2026-09-21T13:48:00Z<br>Confianza: nominal<br>FRP: 16.76 MW"
      }
    },
    {
      "type": "Feature",
      "geometry": {
        "type": "Point",
        "coordinates": [-3.4707, 40.2437]
      },
      "properties": {
        "bright_ti4": 335.42,
        "scan": 0.48,
        "track": 0.48,
        "acq_date": "2026-09-21",
        "acq_time": "1348",
        "satellite": "N20",
        "instrument": "VIIRS",
        "confidence": "l",
        "version": "2.0NRT",
        "bright_ti5": 310.29,
        "frp": 4.85,
        "daynight": "D",
        "source_dataset": "VIIRS_NOAA20_NRT",
        "acq_datetime_utc": "2026-09-21T13:48:00Z",
        "age_hours": 27.9,
        "confidence_label": "baja",
        "popup_label": "<strong>NASA FIRMS<\/strong><br>Sensor: VIIRS_NOAA20_NRT<br>Fecha UTC: 2026-09-21T13:48:00Z<br>Confianza: baja<br>FRP: 4.85 MW"
      }
    },
    {
      "type": "Feature",
      "geometry": {
        "type": "Point",
        "coordinates": [-8.595, 40.4847]
      },
      "properties": {
        "bright_ti4": 332.05,
        "scan": 0.43,
        "track": 0.38,
        "acq_date": "2026-09-21",
        "acq_time": "1348",
        "satellite": "N20",
        "instrument": "VIIRS",
        "confidence": "l",
        "version": "2.0NRT",
        "bright_ti5": 304.88,
        "frp": 13.43,
        "daynight": "D",
        "source_dataset": "VIIRS_NOAA20_NRT",
        "acq_datetime_utc": "2026-09-21T13:48:00Z",
        "age_hours": 27.9,
        "confidence_label": "baja",
        "popup_label": "<strong>NASA FIRMS<\/strong><br>Sensor: VIIRS_NOAA20_NRT<br>Fecha UTC: 2026-09-21T13:48:00Z<br>Confianza: baja<br>FRP: 13.43 MW"
      }
    },
    {
      "type": "Feature",
      "geometry": {
        "type": "Point",
        "coordinates": [-3.786, 41.46]
      },
      "properties": {
        "bright_ti4": 343.42,
        "scan": 0.48,
        "track": 0.48,
        "acq_date": "2026-09-21",
        "acq_time": "1348",
        "satellite": "N20",
        "instrument": "VIIRS",
        "confidence": "n",
        "version": "2.0NRT",
        "bright_ti5": 309.25,
        "frp": 9.34,
        "daynight": "D",
        "source_dataset": "VIIRS_NOAA20_NRT",
        "acq_datetime_utc": "2026-09-21T13:48:00Z",
        "age_hours": 27.9,
        "confidence_label": "nominal",
        "popup_label": "<strong>NASA FIRMS<\/strong><br>Sensor: VIIRS_NOAA20_NRT<br>Fecha UTC: 2026-09-21T13:48:00Z<br>Confianza: nominal<br>FRP: 9.34 MW"
      }
    },
    {
      "type": "Feature",
      "geometry": {
        "type": "Point",
        "coordinates": [-8.6144, 42.4673]
      },
      "properties": {
        "bright_ti4": 334.58,
        "scan": 0.45,
        "track": 0.39,
        "acq_date": "2026-09-21",
        "acq_time": "1348",
        "satellite": "N20",
        "instrument": "VIIRS",
        "confidence": "n",
        "version": "2.0NRT",
        "bright_ti5": 304.26,
        "frp": 2.58,
        "daynight": "D",
        "source_dataset": "VIIRS_NOAA20_NRT",
        "acq_datetime_utc": "2026-09-21T13:48:00Z",
        "age_hours": 27.9,
        "confidence_label": "nominal",
        "popup_label": "<strong>NASA FIRMS<\/strong><br>Sensor: VIIRS_NOAA20_NRT<br>Fecha UTC: 2026-09-21T13:48:00Z<br>Confianza: nominal<br>FRP: 2.58 MW"
      }
    },
    {
      "type": "Feature",
      "geometry": {
        "type": "Point",
        "coordinates": [-8.9989, 42.6551]
      },
      "properties": {
        "bright_ti4": 367,
        "scan": 0.44,
        "track": 0.38,
        "acq_date": "2026-09-21",
        "acq_time": "1348",
        "satellite": "N20",
        "instrument": "VIIRS",
        "confidence": "h",
        "version": "2.0NRT",
        "bright_ti5": 346.25,
        "frp": 180.05,
        "daynight": "D",
        "source_dataset": "VIIRS_NOAA20_NRT",
        "acq_datetime_utc": "2026-09-21T13:48:00Z",
        "age_hours": 27.9,
        "confidence_label": "alta",
        "popup_label": "<strong>NASA FIRMS<\/strong><br>Sensor: VIIRS_NOAA20_NRT<br>Fecha UTC: 2026-09-21T13:48:00Z<br>Confianza: alta<br>FRP: 180.05 MW"
      }
    },
    {
      "type": "Feature",
      "geometry": {
        "type": "Point",
        "coordinates": [-5.729, 43.5249]
      },
      "properties": {
        "bright_ti4": 335.84,
        "scan": 0.4,
        "track": 0.44,
        "acq_date": "2026-09-21",
        "acq_time": "1348",
        "satellite": "N20",
        "instrument": "VIIRS",
        "confidence": "n",
        "version": "2.0NRT",
        "bright_ti5": 301.63,
        "frp": 5.58,
        "daynight": "D",
        "source_dataset": "VIIRS_NOAA20_NRT",
        "acq_datetime_utc": "2026-09-21T13:48:00Z",
        "age_hours": 27.9,
        "confidence_label": "nominal",
        "popup_label": "<strong>NASA FIRMS<\/strong><br>Sensor: VIIRS_NOAA20_NRT<br>Fecha UTC: 2026-09-21T13:48:00Z<br>Confianza: nominal<br>FRP: 5.58 MW"
      }
    },
    {
      "type": "Feature",
      "geometry": {
        "type": "Point",
        "coordinates": [4.3473, 43.6987]
      },
      "properties": {
        "bright_ti4": 337.37,
        "scan": 0.65,
        "track": 0.73,
        "acq_date": "2026-09-21",
        "acq_time": "1348",
        "satellite": "N20",
        "instrument": "VIIRS",
        "confidence": "n",
        "version": "2.0NRT",
        "bright_ti5": 289.24,
        "frp": 6.16,
        "daynight": "D",
        "source_dataset": "VIIRS_NOAA20_NRT",
        "acq_datetime_utc": "2026-09-21T13:48:00Z",
        "age_hours": 27.9,
        "confidence_label": "nominal",
        "popup_label": "<strong>NASA FIRMS<\/strong><br>Sensor: VIIRS_NOAA20_NRT<br>Fecha UTC: 2026-09-21T13:48:00Z<br>Confianza: nominal<br>FRP: 6.16 MW"
      }
    },
    {
      "type": "Feature",
      "geometry": {
        "type": "Point",
        "coordinates": [4.3558, 43.6987]
      },
      "properties": {
        "bright_ti4": 334.85,
        "scan": 0.65,
        "track": 0.73,
        "acq_date": "2026-09-21",
        "acq_time": "1348",
        "satellite": "N20",
        "instrument": "VIIRS",
        "confidence": "n",
        "version": "2.0NRT",
        "bright_ti5": 287.38,
        "frp": 6.16,
        "daynight": "D",
        "source_dataset": "VIIRS_NOAA20_NRT",
        "acq_datetime_utc": "2026-09-21T13:48:00Z",
        "age_hours": 27.9,
        "confidence_label": "nominal",
        "popup_label": "<strong>NASA FIRMS<\/strong><br>Sensor: VIIRS_NOAA20_NRT<br>Fecha UTC: 2026-09-21T13:48:00Z<br>Confianza: nominal<br>FRP: 6.16 MW"
      }
    },
    {
      "type": "Feature",
      "geometry": {
        "type": "Point",
        "coordinates": [-6.9408, 32.8475]
      },
      "properties": {
        "bright_ti4": 341.99,
        "scan": 0.42,
        "track": 0.38,
        "acq_date": "2026-09-21",
        "acq_time": "1346",
        "satellite": "N20",
        "instrument": "VIIRS",
        "confidence": "l",
        "version": "2.0NRT",
        "bright_ti5": 316.06,
        "frp": 13.23,
        "daynight": "D",
        "source_dataset": "VIIRS_NOAA20_NRT",
        "acq_datetime_utc": "2026-09-21T13:46:00Z",
        "age_hours": 27.9,
        "confidence_label": "baja",
        "popup_label": "<strong>NASA FIRMS<\/strong><br>Sensor: VIIRS_NOAA20_NRT<br>Fecha UTC: 2026-09-21T13:46:00Z<br>Confianza: baja<br>FRP: 13.23 MW"
      }
    },
    {
      "type": "Feature",
      "geometry": {
        "type": "Point",
        "coordinates": [-7.0086, 33.8622]
      },
      "properties": {
        "bright_ti4": 334.06,
        "scan": 0.42,
        "track": 0.38,
        "acq_date": "2026-09-21",
        "acq_time": "1346",
        "satellite": "N20",
        "instrument": "VIIRS",
        "confidence": "l",
        "version": "2.0NRT",
        "bright_ti5": 307.78,
        "frp": 1.38,
        "daynight": "D",
        "source_dataset": "VIIRS_NOAA20_NRT",
        "acq_datetime_utc": "2026-09-21T13:46:00Z",
        "age_hours": 27.9,
        "confidence_label": "baja",
        "popup_label": "<strong>NASA FIRMS<\/strong><br>Sensor: VIIRS_NOAA20_NRT<br>Fecha UTC: 2026-09-21T13:46:00Z<br>Confianza: baja<br>FRP: 1.38 MW"
      }
    },
    {
      "type": "Feature",
      "geometry": {
        "type": "Point",
        "coordinates": [-6.7727, 34.0917]
      },
      "properties": {
        "bright_ti4": 333.97,
        "scan": 0.43,
        "track": 0.38,
        "acq_date": "2026-09-21",
        "acq_time": "1346",
        "satellite": "N20",
        "instrument": "VIIRS",
        "confidence": "l",
        "version": "2.0NRT",
        "bright_ti5": 308.02,
        "frp": 2.19,
        "daynight": "D",
        "source_dataset": "VIIRS_NOAA20_NRT",
        "acq_datetime_utc": "2026-09-21T13:46:00Z",
        "age_hours": 27.9,
        "confidence_label": "baja",
        "popup_label": "<strong>NASA FIRMS<\/strong><br>Sensor: VIIRS_NOAA20_NRT<br>Fecha UTC: 2026-09-21T13:46:00Z<br>Confianza: baja<br>FRP: 2.19 MW"
      }
    },
    {
      "type": "Feature",
      "geometry": {
        "type": "Point",
        "coordinates": [-4.0264, 34.297]
      },
      "properties": {
        "bright_ti4": 345.26,
        "scan": 0.38,
        "track": 0.43,
        "acq_date": "2026-09-21",
        "acq_time": "1346",
        "satellite": "N20",
        "instrument": "VIIRS",
        "confidence": "n",
        "version": "2.0NRT",
        "bright_ti5": 308.7,
        "frp": 4.49,
        "daynight": "D",
        "source_dataset": "VIIRS_NOAA20_NRT",
        "acq_datetime_utc": "2026-09-21T13:46:00Z",
        "age_hours": 27.9,
        "confidence_label": "nominal",
        "popup_label": "<strong>NASA FIRMS<\/strong><br>Sensor: VIIRS_NOAA20_NRT<br>Fecha UTC: 2026-09-21T13:46:00Z<br>Confianza: nominal<br>FRP: 4.49 MW"
      }
    },
    {
      "type": "Feature",
      "geometry": {
        "type": "Point",
        "coordinates": [-6.3144, 34.496]
      },
      "properties": {
        "bright_ti4": 336.43,
        "scan": 0.45,
        "track": 0.39,
        "acq_date": "2026-09-21",
        "acq_time": "1346",
        "satellite": "N20",
        "instrument": "VIIRS",
        "confidence": "l",
        "version": "2.0NRT",
        "bright_ti5": 309.02,
        "frp": 6.1,
        "daynight": "D",
        "source_dataset": "VIIRS_NOAA20_NRT",
        "acq_datetime_utc": "2026-09-21T13:46:00Z",
        "age_hours": 27.9,
        "confidence_label": "baja",
        "popup_label": "<strong>NASA FIRMS<\/strong><br>Sensor: VIIRS_NOAA20_NRT<br>Fecha UTC: 2026-09-21T13:46:00Z<br>Confianza: baja<br>FRP: 6.1 MW"
      }
    },
    {
      "type": "Feature",
      "geometry": {
        "type": "Point",
        "coordinates": [1.0426, 35.5174]
      },
      "properties": {
        "bright_ti4": 354.68,
        "scan": 0.38,
        "track": 0.59,
        "acq_date": "2026-09-21",
        "acq_time": "1346",
        "satellite": "N20",
        "instrument": "VIIRS",
        "confidence": "n",
        "version": "2.0NRT",
        "bright_ti5": 302.78,
        "frp": 5.7,
        "daynight": "D",
        "source_dataset": "VIIRS_NOAA20_NRT",
        "acq_datetime_utc": "2026-09-21T13:46:00Z",
        "age_hours": 27.9,
        "confidence_label": "nominal",
        "popup_label": "<strong>NASA FIRMS<\/strong><br>Sensor: VIIRS_NOAA20_NRT<br>Fecha UTC: 2026-09-21T13:46:00Z<br>Confianza: nominal<br>FRP: 5.7 MW"
      }
    },
    {
      "type": "Feature",
      "geometry": {
        "type": "Point",
        "coordinates": [-0.2516, 35.8075]
      },
      "properties": {
        "bright_ti4": 340.02,
        "scan": 0.32,
        "track": 0.55,
        "acq_date": "2026-09-21",
        "acq_time": "1346",
        "satellite": "N20",
        "instrument": "VIIRS",
        "confidence": "n",
        "version": "2.0NRT",
        "bright_ti5": 301.25,
        "frp": 2.55,
        "daynight": "D",
        "source_dataset": "VIIRS_NOAA20_NRT",
        "acq_datetime_utc": "2026-09-21T13:46:00Z",
        "age_hours": 27.9,
        "confidence_label": "nominal",
        "popup_label": "<strong>NASA FIRMS<\/strong><br>Sensor: VIIRS_NOAA20_NRT<br>Fecha UTC: 2026-09-21T13:46:00Z<br>Confianza: nominal<br>FRP: 2.55 MW"
      }
    },
    {
      "type": "Feature",
      "geometry": {
        "type": "Point",
        "coordinates": [-0.2667, 35.8115]
      },
      "properties": {
        "bright_ti4": 340.39,
        "scan": 0.32,
        "track": 0.55,
        "acq_date": "2026-09-21",
        "acq_time": "1346",
        "satellite": "N20",
        "instrument": "VIIRS",
        "confidence": "n",
        "version": "2.0NRT",
        "bright_ti5": 300.94,
        "frp": 1.95,
        "daynight": "D",
        "source_dataset": "VIIRS_NOAA20_NRT",
        "acq_datetime_utc": "2026-09-21T13:46:00Z",
        "age_hours": 27.9,
        "confidence_label": "nominal",
        "popup_label": "<strong>NASA FIRMS<\/strong><br>Sensor: VIIRS_NOAA20_NRT<br>Fecha UTC: 2026-09-21T13:46:00Z<br>Confianza: nominal<br>FRP: 1.95 MW"
      }
    },
    {
      "type": "Feature",
      "geometry": {
        "type": "Point",
        "coordinates": [-4.7005, 37.836]
      },
      "properties": {
        "bright_ti4": 342.92,
        "scan": 0.39,
        "track": 0.44,
        "acq_date": "2026-09-21",
        "acq_time": "1346",
        "satellite": "N20",
        "instrument": "VIIRS",
        "confidence": "n",
        "version": "2.0NRT",
        "bright_ti5": 313.85,
        "frp": 3.8,
        "daynight": "D",
        "source_dataset": "VIIRS_NOAA20_NRT",
        "acq_datetime_utc": "2026-09-21T13:46:00Z",
        "age_hours": 27.9,
        "confidence_label": "nominal",
        "popup_label": "<strong>NASA FIRMS<\/strong><br>Sensor: VIIRS_NOAA20_NRT<br>Fecha UTC: 2026-09-21T13:46:00Z<br>Confianza: nominal<br>FRP: 3.8 MW"
      }
    },
    {
      "type": "Feature",
      "geometry": {
        "type": "Point",
        "coordinates": [-3.4964, 40.3856]
      },
      "properties": {
        "bright_ti4": 331.89,
        "scan": 0.64,
        "track": 0.72,
        "acq_date": "2026-09-21",
        "acq_time": "1208",
        "satellite": "N20",
        "instrument": "VIIRS",
        "confidence": "n",
        "version": "2.0NRT",
        "bright_ti5": 303.41,
        "frp": 4.19,
        "daynight": "D",
        "source_dataset": "VIIRS_NOAA20_NRT",
        "acq_datetime_utc": "2026-09-21T12:08:00Z",
        "age_hours": 29.5,
        "confidence_label": "nominal",
        "popup_label": "<strong>NASA FIRMS<\/strong><br>Sensor: VIIRS_NOAA20_NRT<br>Fecha UTC: 2026-09-21T12:08:00Z<br>Confianza: nominal<br>FRP: 4.19 MW"
      }
    },
    {
      "type": "Feature",
      "geometry": {
        "type": "Point",
        "coordinates": [-2.0638, 42.419]
      },
      "properties": {
        "bright_ti4": 335.15,
        "scan": 0.47,
        "track": 0.64,
        "acq_date": "2026-09-21",
        "acq_time": "1208",
        "satellite": "N20",
        "instrument": "VIIRS",
        "confidence": "n",
        "version": "2.0NRT",
        "bright_ti5": 300.88,
        "frp": 2.66,
        "daynight": "D",
        "source_dataset": "VIIRS_NOAA20_NRT",
        "acq_datetime_utc": "2026-09-21T12:08:00Z",
        "age_hours": 29.5,
        "confidence_label": "nominal",
        "popup_label": "<strong>NASA FIRMS<\/strong><br>Sensor: VIIRS_NOAA20_NRT<br>Fecha UTC: 2026-09-21T12:08:00Z<br>Confianza: nominal<br>FRP: 2.66 MW"
      }
    },
    {
      "type": "Feature",
      "geometry": {
        "type": "Point",
        "coordinates": [-2.0636, 42.4197]
      },
      "properties": {
        "bright_ti4": 336.66,
        "scan": 0.47,
        "track": 0.64,
        "acq_date": "2026-09-21",
        "acq_time": "1208",
        "satellite": "N20",
        "instrument": "VIIRS",
        "confidence": "n",
        "version": "2.0NRT",
        "bright_ti5": 300.82,
        "frp": 2.83,
        "daynight": "D",
        "source_dataset": "VIIRS_NOAA20_NRT",
        "acq_datetime_utc": "2026-09-21T12:08:00Z",
        "age_hours": 29.5,
        "confidence_label": "nominal",
        "popup_label": "<strong>NASA FIRMS<\/strong><br>Sensor: VIIRS_NOAA20_NRT<br>Fecha UTC: 2026-09-21T12:08:00Z<br>Confianza: nominal<br>FRP: 2.83 MW"
      }
    },
    {
      "type": "Feature",
      "geometry": {
        "type": "Point",
        "coordinates": [2.9243, 42.6478]
      },
      "properties": {
        "bright_ti4": 326.28,
        "scan": 0.54,
        "track": 0.51,
        "acq_date": "2026-09-21",
        "acq_time": "1208",
        "satellite": "N20",
        "instrument": "VIIRS",
        "confidence": "l",
        "version": "2.0NRT",
        "bright_ti5": 298.81,
        "frp": 11.68,
        "daynight": "D",
        "source_dataset": "VIIRS_NOAA20_NRT",
        "acq_datetime_utc": "2026-09-21T12:08:00Z",
        "age_hours": 29.5,
        "confidence_label": "baja",
        "popup_label": "<strong>NASA FIRMS<\/strong><br>Sensor: VIIRS_NOAA20_NRT<br>Fecha UTC: 2026-09-21T12:08:00Z<br>Confianza: baja<br>FRP: 11.68 MW"
      }
    },
    {
      "type": "Feature",
      "geometry": {
        "type": "Point",
        "coordinates": [2.9242, 42.6484]
      },
      "properties": {
        "bright_ti4": 347.46,
        "scan": 0.54,
        "track": 0.51,
        "acq_date": "2026-09-21",
        "acq_time": "1208",
        "satellite": "N20",
        "instrument": "VIIRS",
        "confidence": "n",
        "version": "2.0NRT",
        "bright_ti5": 300.68,
        "frp": 8.38,
        "daynight": "D",
        "source_dataset": "VIIRS_NOAA20_NRT",
        "acq_datetime_utc": "2026-09-21T12:08:00Z",
        "age_hours": 29.5,
        "confidence_label": "nominal",
        "popup_label": "<strong>NASA FIRMS<\/strong><br>Sensor: VIIRS_NOAA20_NRT<br>Fecha UTC: 2026-09-21T12:08:00Z<br>Confianza: nominal<br>FRP: 8.38 MW"
      }
    },
    {
      "type": "Feature",
      "geometry": {
        "type": "Point",
        "coordinates": [2.9223, 42.6523]
      },
      "properties": {
        "bright_ti4": 351.98,
        "scan": 0.54,
        "track": 0.51,
        "acq_date": "2026-09-21",
        "acq_time": "1208",
        "satellite": "N20",
        "instrument": "VIIRS",
        "confidence": "n",
        "version": "2.0NRT",
        "bright_ti5": 305.37,
        "frp": 11.68,
        "daynight": "D",
        "source_dataset": "VIIRS_NOAA20_NRT",
        "acq_datetime_utc": "2026-09-21T12:08:00Z",
        "age_hours": 29.5,
        "confidence_label": "nominal",
        "popup_label": "<strong>NASA FIRMS<\/strong><br>Sensor: VIIRS_NOAA20_NRT<br>Fecha UTC: 2026-09-21T12:08:00Z<br>Confianza: nominal<br>FRP: 11.68 MW"
      }
    },
    {
      "type": "Feature",
      "geometry": {
        "type": "Point",
        "coordinates": [1.7695, 42.6983]
      },
      "properties": {
        "bright_ti4": 327.74,
        "scan": 0.61,
        "track": 0.54,
        "acq_date": "2026-09-21",
        "acq_time": "1208",
        "satellite": "N20",
        "instrument": "VIIRS",
        "confidence": "n",
        "version": "2.0NRT",
        "bright_ti5": 294.72,
        "frp": 9.57,
        "daynight": "D",
        "source_dataset": "VIIRS_NOAA20_NRT",
        "acq_datetime_utc": "2026-09-21T12:08:00Z",
        "age_hours": 29.5,
        "confidence_label": "nominal",
        "popup_label": "<strong>NASA FIRMS<\/strong><br>Sensor: VIIRS_NOAA20_NRT<br>Fecha UTC: 2026-09-21T12:08:00Z<br>Confianza: nominal<br>FRP: 9.57 MW"
      }
    },
    {
      "type": "Feature",
      "geometry": {
        "type": "Point",
        "coordinates": [-5.8258, 43.5394]
      },
      "properties": {
        "bright_ti4": 339.47,
        "scan": 0.65,
        "track": 0.73,
        "acq_date": "2026-09-21",
        "acq_time": "1208",
        "satellite": "N20",
        "instrument": "VIIRS",
        "confidence": "n",
        "version": "2.0NRT",
        "bright_ti5": 293.95,
        "frp": 6.28,
        "daynight": "D",
        "source_dataset": "VIIRS_NOAA20_NRT",
        "acq_datetime_utc": "2026-09-21T12:08:00Z",
        "age_hours": 29.5,
        "confidence_label": "nominal",
        "popup_label": "<strong>NASA FIRMS<\/strong><br>Sensor: VIIRS_NOAA20_NRT<br>Fecha UTC: 2026-09-21T12:08:00Z<br>Confianza: nominal<br>FRP: 6.28 MW"
      }
    },
    {
      "type": "Feature",
      "geometry": {
        "type": "Point",
        "coordinates": [4.3472, 43.6981]
      },
      "properties": {
        "bright_ti4": 337.79,
        "scan": 0.43,
        "track": 0.46,
        "acq_date": "2026-09-21",
        "acq_time": "1208",
        "satellite": "N20",
        "instrument": "VIIRS",
        "confidence": "n",
        "version": "2.0NRT",
        "bright_ti5": 277.84,
        "frp": 3.67,
        "daynight": "D",
        "source_dataset": "VIIRS_NOAA20_NRT",
        "acq_datetime_utc": "2026-09-21T12:08:00Z",
        "age_hours": 29.5,
        "confidence_label": "nominal",
        "popup_label": "<strong>NASA FIRMS<\/strong><br>Sensor: VIIRS_NOAA20_NRT<br>Fecha UTC: 2026-09-21T12:08:00Z<br>Confianza: nominal<br>FRP: 3.67 MW"
      }
    },
    {
      "type": "Feature",
      "geometry": {
        "type": "Point",
        "coordinates": [4.3455, 43.7022]
      },
      "properties": {
        "bright_ti4": 339.14,
        "scan": 0.43,
        "track": 0.46,
        "acq_date": "2026-09-21",
        "acq_time": "1208",
        "satellite": "N20",
        "instrument": "VIIRS",
        "confidence": "n",
        "version": "2.0NRT",
        "bright_ti5": 281.65,
        "frp": 10.23,
        "daynight": "D",
        "source_dataset": "VIIRS_NOAA20_NRT",
        "acq_datetime_utc": "2026-09-21T12:08:00Z",
        "age_hours": 29.5,
        "confidence_label": "nominal",
        "popup_label": "<strong>NASA FIRMS<\/strong><br>Sensor: VIIRS_NOAA20_NRT<br>Fecha UTC: 2026-09-21T12:08:00Z<br>Confianza: nominal<br>FRP: 10.23 MW"
      }
    },
    {
      "type": "Feature",
      "geometry": {
        "type": "Point",
        "coordinates": [4.3506, 43.7034]
      },
      "properties": {
        "bright_ti4": 340.54,
        "scan": 0.43,
        "track": 0.46,
        "acq_date": "2026-09-21",
        "acq_time": "1208",
        "satellite": "N20",
        "instrument": "VIIRS",
        "confidence": "n",
        "version": "2.0NRT",
        "bright_ti5": 279.63,
        "frp": 5.7,
        "daynight": "D",
        "source_dataset": "VIIRS_NOAA20_NRT",
        "acq_datetime_utc": "2026-09-21T12:08:00Z",
        "age_hours": 29.5,
        "confidence_label": "nominal",
        "popup_label": "<strong>NASA FIRMS<\/strong><br>Sensor: VIIRS_NOAA20_NRT<br>Fecha UTC: 2026-09-21T12:08:00Z<br>Confianza: nominal<br>FRP: 5.7 MW"
      }
    },
    {
      "type": "Feature",
      "geometry": {
        "type": "Point",
        "coordinates": [4.3489, 43.7075]
      },
      "properties": {
        "bright_ti4": 340.31,
        "scan": 0.43,
        "track": 0.46,
        "acq_date": "2026-09-21",
        "acq_time": "1208",
        "satellite": "N20",
        "instrument": "VIIRS",
        "confidence": "n",
        "version": "2.0NRT",
        "bright_ti5": 279.02,
        "frp": 5.7,
        "daynight": "D",
        "source_dataset": "VIIRS_NOAA20_NRT",
        "acq_datetime_utc": "2026-09-21T12:08:00Z",
        "age_hours": 29.5,
        "confidence_label": "nominal",
        "popup_label": "<strong>NASA FIRMS<\/strong><br>Sensor: VIIRS_NOAA20_NRT<br>Fecha UTC: 2026-09-21T12:08:00Z<br>Confianza: nominal<br>FRP: 5.7 MW"
      }
    },
    {
      "type": "Feature",
      "geometry": {
        "type": "Point",
        "coordinates": [-0.25, 35.8072]
      },
      "properties": {
        "bright_ti4": 335.26,
        "scan": 0.6,
        "track": 0.7,
        "acq_date": "2026-09-21",
        "acq_time": "1206",
        "satellite": "N20",
        "instrument": "VIIRS",
        "confidence": "n",
        "version": "2.0NRT",
        "bright_ti5": 297.78,
        "frp": 3.42,
        "daynight": "D",
        "source_dataset": "VIIRS_NOAA20_NRT",
        "acq_datetime_utc": "2026-09-21T12:06:00Z",
        "age_hours": 29.6,
        "confidence_label": "nominal",
        "popup_label": "<strong>NASA FIRMS<\/strong><br>Sensor: VIIRS_NOAA20_NRT<br>Fecha UTC: 2026-09-21T12:06:00Z<br>Confianza: nominal<br>FRP: 3.42 MW"
      }
    },
    {
      "type": "Feature",
      "geometry": {
        "type": "Point",
        "coordinates": [-0.2519, 35.8083]
      },
      "properties": {
        "bright_ti4": 336.44,
        "scan": 0.6,
        "track": 0.7,
        "acq_date": "2026-09-21",
        "acq_time": "1206",
        "satellite": "N20",
        "instrument": "VIIRS",
        "confidence": "n",
        "version": "2.0NRT",
        "bright_ti5": 297.8,
        "frp": 4.22,
        "daynight": "D",
        "source_dataset": "VIIRS_NOAA20_NRT",
        "acq_datetime_utc": "2026-09-21T12:06:00Z",
        "age_hours": 29.6,
        "confidence_label": "nominal",
        "popup_label": "<strong>NASA FIRMS<\/strong><br>Sensor: VIIRS_NOAA20_NRT<br>Fecha UTC: 2026-09-21T12:06:00Z<br>Confianza: nominal<br>FRP: 4.22 MW"
      }
    },
    {
      "type": "Feature",
      "geometry": {
        "type": "Point",
        "coordinates": [-0.274, 35.8141]
      },
      "properties": {
        "bright_ti4": 331.49,
        "scan": 0.6,
        "track": 0.71,
        "acq_date": "2026-09-21",
        "acq_time": "1206",
        "satellite": "N20",
        "instrument": "VIIRS",
        "confidence": "n",
        "version": "2.0NRT",
        "bright_ti5": 298.13,
        "frp": 1.53,
        "daynight": "D",
        "source_dataset": "VIIRS_NOAA20_NRT",
        "acq_datetime_utc": "2026-09-21T12:06:00Z",
        "age_hours": 29.6,
        "confidence_label": "nominal",
        "popup_label": "<strong>NASA FIRMS<\/strong><br>Sensor: VIIRS_NOAA20_NRT<br>Fecha UTC: 2026-09-21T12:06:00Z<br>Confianza: nominal<br>FRP: 1.53 MW"
      }
    },
    {
      "type": "Feature",
      "geometry": {
        "type": "Point",
        "coordinates": [3.2526, 36.2276]
      },
      "properties": {
        "bright_ti4": 334.51,
        "scan": 0.38,
        "track": 0.59,
        "acq_date": "2026-09-21",
        "acq_time": "1206",
        "satellite": "N20",
        "instrument": "VIIRS",
        "confidence": "n",
        "version": "2.0NRT",
        "bright_ti5": 303.72,
        "frp": 2.18,
        "daynight": "D",
        "source_dataset": "VIIRS_NOAA20_NRT",
        "acq_datetime_utc": "2026-09-21T12:06:00Z",
        "age_hours": 29.6,
        "confidence_label": "nominal",
        "popup_label": "<strong>NASA FIRMS<\/strong><br>Sensor: VIIRS_NOAA20_NRT<br>Fecha UTC: 2026-09-21T12:06:00Z<br>Confianza: nominal<br>FRP: 2.18 MW"
      }
    },
    {
      "type": "Feature",
      "geometry": {
        "type": "Point",
        "coordinates": [-0.5163, 28.1986]
      },
      "properties": {
        "bright_ti4": 322.06,
        "scan": 0.63,
        "track": 0.54,
        "acq_date": "2026-09-21",
        "acq_time": "0228",
        "satellite": "N20",
        "instrument": "VIIRS",
        "confidence": "n",
        "version": "2.0NRT",
        "bright_ti5": 294.35,
        "frp": 2.17,
        "daynight": "N",
        "source_dataset": "VIIRS_NOAA20_NRT",
        "acq_datetime_utc": "2026-09-21T02:28:00Z",
        "age_hours": 39.2,
        "confidence_label": "nominal",
        "popup_label": "<strong>NASA FIRMS<\/strong><br>Sensor: VIIRS_NOAA20_NRT<br>Fecha UTC: 2026-09-21T02:28:00Z<br>Confianza: nominal<br>FRP: 2.17 MW"
      }
    },
    {
      "type": "Feature",
      "geometry": {
        "type": "Point",
        "coordinates": [-0.5152, 28.1998]
      },
      "properties": {
        "bright_ti4": 306.84,
        "scan": 0.63,
        "track": 0.54,
        "acq_date": "2026-09-21",
        "acq_time": "0228",
        "satellite": "N20",
        "instrument": "VIIRS",
        "confidence": "n",
        "version": "2.0NRT",
        "bright_ti5": 294.22,
        "frp": 1.66,
        "daynight": "N",
        "source_dataset": "VIIRS_NOAA20_NRT",
        "acq_datetime_utc": "2026-09-21T02:28:00Z",
        "age_hours": 39.2,
        "confidence_label": "nominal",
        "popup_label": "<strong>NASA FIRMS<\/strong><br>Sensor: VIIRS_NOAA20_NRT<br>Fecha UTC: 2026-09-21T02:28:00Z<br>Confianza: nominal<br>FRP: 1.66 MW"
      }
    },
    {
      "type": "Feature",
      "geometry": {
        "type": "Point",
        "coordinates": [-0.5214, 28.2013]
      },
      "properties": {
        "bright_ti4": 310.21,
        "scan": 0.63,
        "track": 0.54,
        "acq_date": "2026-09-21",
        "acq_time": "0228",
        "satellite": "N20",
        "instrument": "VIIRS",
        "confidence": "n",
        "version": "2.0NRT",
        "bright_ti5": 293.46,
        "frp": 1.66,
        "daynight": "N",
        "source_dataset": "VIIRS_NOAA20_NRT",
        "acq_datetime_utc": "2026-09-21T02:28:00Z",
        "age_hours": 39.2,
        "confidence_label": "nominal",
        "popup_label": "<strong>NASA FIRMS<\/strong><br>Sensor: VIIRS_NOAA20_NRT<br>Fecha UTC: 2026-09-21T02:28:00Z<br>Confianza: nominal<br>FRP: 1.66 MW"
      }
    },
    {
      "type": "Feature",
      "geometry": {
        "type": "Point",
        "coordinates": [-9.1535, 30.222]
      },
      "properties": {
        "bright_ti4": 305.81,
        "scan": 0.38,
        "track": 0.36,
        "acq_date": "2026-09-21",
        "acq_time": "0228",
        "satellite": "N20",
        "instrument": "VIIRS",
        "confidence": "n",
        "version": "2.0NRT",
        "bright_ti5": 294.04,
        "frp": 0.48,
        "daynight": "N",
        "source_dataset": "VIIRS_NOAA20_NRT",
        "acq_datetime_utc": "2026-09-21T02:28:00Z",
        "age_hours": 39.2,
        "confidence_label": "nominal",
        "popup_label": "<strong>NASA FIRMS<\/strong><br>Sensor: VIIRS_NOAA20_NRT<br>Fecha UTC: 2026-09-21T02:28:00Z<br>Confianza: nominal<br>FRP: 0.48 MW"
      }
    },
    {
      "type": "Feature",
      "geometry": {
        "type": "Point",
        "coordinates": [-6.1371, 32.569]
      },
      "properties": {
        "bright_ti4": 305.77,
        "scan": 0.42,
        "track": 0.37,
        "acq_date": "2026-09-21",
        "acq_time": "0228",
        "satellite": "N20",
        "instrument": "VIIRS",
        "confidence": "n",
        "version": "2.0NRT",
        "bright_ti5": 294.12,
        "frp": 0.65,
        "daynight": "N",
        "source_dataset": "VIIRS_NOAA20_NRT",
        "acq_datetime_utc": "2026-09-21T02:28:00Z",
        "age_hours": 39.2,
        "confidence_label": "nominal",
        "popup_label": "<strong>NASA FIRMS<\/strong><br>Sensor: VIIRS_NOAA20_NRT<br>Fecha UTC: 2026-09-21T02:28:00Z<br>Confianza: nominal<br>FRP: 0.65 MW"
      }
    },
    {
      "type": "Feature",
      "geometry": {
        "type": "Point",
        "coordinates": [-7.7489, 33.3671]
      },
      "properties": {
        "bright_ti4": 304.6,
        "scan": 0.39,
        "track": 0.36,
        "acq_date": "2026-09-21",
        "acq_time": "0228",
        "satellite": "N20",
        "instrument": "VIIRS",
        "confidence": "n",
        "version": "2.0NRT",
        "bright_ti5": 293.19,
        "frp": 1.24,
        "daynight": "N",
        "source_dataset": "VIIRS_NOAA20_NRT",
        "acq_datetime_utc": "2026-09-21T02:28:00Z",
        "age_hours": 39.2,
        "confidence_label": "nominal",
        "popup_label": "<strong>NASA FIRMS<\/strong><br>Sensor: VIIRS_NOAA20_NRT<br>Fecha UTC: 2026-09-21T02:28:00Z<br>Confianza: nominal<br>FRP: 1.24 MW"
      }
    },
    {
      "type": "Feature",
      "geometry": {
        "type": "Point",
        "coordinates": [-0.3425, 33.4753]
      },
      "properties": {
        "bright_ti4": 300.28,
        "scan": 0.49,
        "track": 0.49,
        "acq_date": "2026-09-21",
        "acq_time": "0226",
        "satellite": "N20",
        "instrument": "VIIRS",
        "confidence": "n",
        "version": "2.0NRT",
        "bright_ti5": 288,
        "frp": 1.15,
        "daynight": "N",
        "source_dataset": "VIIRS_NOAA20_NRT",
        "acq_datetime_utc": "2026-09-21T02:26:00Z",
        "age_hours": 39.2,
        "confidence_label": "nominal",
        "popup_label": "<strong>NASA FIRMS<\/strong><br>Sensor: VIIRS_NOAA20_NRT<br>Fecha UTC: 2026-09-21T02:26:00Z<br>Confianza: nominal<br>FRP: 1.15 MW"
      }
    },
    {
      "type": "Feature",
      "geometry": {
        "type": "Point",
        "coordinates": [2.658, 33.8725]
      },
      "properties": {
        "bright_ti4": 298.45,
        "scan": 0.36,
        "track": 0.57,
        "acq_date": "2026-09-21",
        "acq_time": "0226",
        "satellite": "N20",
        "instrument": "VIIRS",
        "confidence": "n",
        "version": "2.0NRT",
        "bright_ti5": 284.02,
        "frp": 0.37,
        "daynight": "N",
        "source_dataset": "VIIRS_NOAA20_NRT",
        "acq_datetime_utc": "2026-09-21T02:26:00Z",
        "age_hours": 39.2,
        "confidence_label": "nominal",
        "popup_label": "<strong>NASA FIRMS<\/strong><br>Sensor: VIIRS_NOAA20_NRT<br>Fecha UTC: 2026-09-21T02:26:00Z<br>Confianza: nominal<br>FRP: 0.37 MW"
      }
    },
    {
      "type": "Feature",
      "geometry": {
        "type": "Point",
        "coordinates": [2.0566, 34.4377]
      },
      "properties": {
        "bright_ti4": 297.39,
        "scan": 0.32,
        "track": 0.55,
        "acq_date": "2026-09-21",
        "acq_time": "0226",
        "satellite": "N20",
        "instrument": "VIIRS",
        "confidence": "n",
        "version": "2.0NRT",
        "bright_ti5": 284.51,
        "frp": 0.61,
        "daynight": "N",
        "source_dataset": "VIIRS_NOAA20_NRT",
        "acq_datetime_utc": "2026-09-21T02:26:00Z",
        "age_hours": 39.2,
        "confidence_label": "nominal",
        "popup_label": "<strong>NASA FIRMS<\/strong><br>Sensor: VIIRS_NOAA20_NRT<br>Fecha UTC: 2026-09-21T02:26:00Z<br>Confianza: nominal<br>FRP: 0.61 MW"
      }
    },
    {
      "type": "Feature",
      "geometry": {
        "type": "Point",
        "coordinates": [-2.3492, 34.5974]
      },
      "properties": {
        "bright_ti4": 302.55,
        "scan": 0.55,
        "track": 0.43,
        "acq_date": "2026-09-21",
        "acq_time": "0226",
        "satellite": "N20",
        "instrument": "VIIRS",
        "confidence": "n",
        "version": "2.0NRT",
        "bright_ti5": 289.9,
        "frp": 1.12,
        "daynight": "N",
        "source_dataset": "VIIRS_NOAA20_NRT",
        "acq_datetime_utc": "2026-09-21T02:26:00Z",
        "age_hours": 39.2,
        "confidence_label": "nominal",
        "popup_label": "<strong>NASA FIRMS<\/strong><br>Sensor: VIIRS_NOAA20_NRT<br>Fecha UTC: 2026-09-21T02:26:00Z<br>Confianza: nominal<br>FRP: 1.12 MW"
      }
    },
    {
      "type": "Feature",
      "geometry": {
        "type": "Point",
        "coordinates": [-5.2732, 35.1841]
      },
      "properties": {
        "bright_ti4": 313.88,
        "scan": 0.42,
        "track": 0.37,
        "acq_date": "2026-09-21",
        "acq_time": "0226",
        "satellite": "N20",
        "instrument": "VIIRS",
        "confidence": "n",
        "version": "2.0NRT",
        "bright_ti5": 290.52,
        "frp": 0.7,
        "daynight": "N",
        "source_dataset": "VIIRS_NOAA20_NRT",
        "acq_datetime_utc": "2026-09-21T02:26:00Z",
        "age_hours": 39.2,
        "confidence_label": "nominal",
        "popup_label": "<strong>NASA FIRMS<\/strong><br>Sensor: VIIRS_NOAA20_NRT<br>Fecha UTC: 2026-09-21T02:26:00Z<br>Confianza: nominal<br>FRP: 0.7 MW"
      }
    },
    {
      "type": "Feature",
      "geometry": {
        "type": "Point",
        "coordinates": [-0.9396, 35.5668]
      },
      "properties": {
        "bright_ti4": 306.99,
        "scan": 0.41,
        "track": 0.45,
        "acq_date": "2026-09-21",
        "acq_time": "0226",
        "satellite": "N20",
        "instrument": "VIIRS",
        "confidence": "n",
        "version": "2.0NRT",
        "bright_ti5": 291.36,
        "frp": 1.07,
        "daynight": "N",
        "source_dataset": "VIIRS_NOAA20_NRT",
        "acq_datetime_utc": "2026-09-21T02:26:00Z",
        "age_hours": 39.2,
        "confidence_label": "nominal",
        "popup_label": "<strong>NASA FIRMS<\/strong><br>Sensor: VIIRS_NOAA20_NRT<br>Fecha UTC: 2026-09-21T02:26:00Z<br>Confianza: nominal<br>FRP: 1.07 MW"
      }
    },
    {
      "type": "Feature",
      "geometry": {
        "type": "Point",
        "coordinates": [4.4765, 35.7085]
      },
      "properties": {
        "bright_ti4": 299.44,
        "scan": 0.4,
        "track": 0.6,
        "acq_date": "2026-09-21",
        "acq_time": "0226",
        "satellite": "N20",
        "instrument": "VIIRS",
        "confidence": "n",
        "version": "2.0NRT",
        "bright_ti5": 288.55,
        "frp": 0.64,
        "daynight": "N",
        "source_dataset": "VIIRS_NOAA20_NRT",
        "acq_datetime_utc": "2026-09-21T02:26:00Z",
        "age_hours": 39.2,
        "confidence_label": "nominal",
        "popup_label": "<strong>NASA FIRMS<\/strong><br>Sensor: VIIRS_NOAA20_NRT<br>Fecha UTC: 2026-09-21T02:26:00Z<br>Confianza: nominal<br>FRP: 0.64 MW"
      }
    },
    {
      "type": "Feature",
      "geometry": {
        "type": "Point",
        "coordinates": [-5.6599, 35.7191]
      },
      "properties": {
        "bright_ti4": 306.9,
        "scan": 0.4,
        "track": 0.37,
        "acq_date": "2026-09-21",
        "acq_time": "0226",
        "satellite": "N20",
        "instrument": "VIIRS",
        "confidence": "n",
        "version": "2.0NRT",
        "bright_ti5": 293.51,
        "frp": 0.65,
        "daynight": "N",
        "source_dataset": "VIIRS_NOAA20_NRT",
        "acq_datetime_utc": "2026-09-21T02:26:00Z",
        "age_hours": 39.2,
        "confidence_label": "nominal",
        "popup_label": "<strong>NASA FIRMS<\/strong><br>Sensor: VIIRS_NOAA20_NRT<br>Fecha UTC: 2026-09-21T02:26:00Z<br>Confianza: nominal<br>FRP: 0.65 MW"
      }
    },
    {
      "type": "Feature",
      "geometry": {
        "type": "Point",
        "coordinates": [-5.6643, 35.7199]
      },
      "properties": {
        "bright_ti4": 304.81,
        "scan": 0.4,
        "track": 0.37,
        "acq_date": "2026-09-21",
        "acq_time": "0226",
        "satellite": "N20",
        "instrument": "VIIRS",
        "confidence": "n",
        "version": "2.0NRT",
        "bright_ti5": 293.1,
        "frp": 0.65,
        "daynight": "N",
        "source_dataset": "VIIRS_NOAA20_NRT",
        "acq_datetime_utc": "2026-09-21T02:26:00Z",
        "age_hours": 39.2,
        "confidence_label": "nominal",
        "popup_label": "<strong>NASA FIRMS<\/strong><br>Sensor: VIIRS_NOAA20_NRT<br>Fecha UTC: 2026-09-21T02:26:00Z<br>Confianza: nominal<br>FRP: 0.65 MW"
      }
    },
    {
      "type": "Feature",
      "geometry": {
        "type": "Point",
        "coordinates": [-0.2673, 35.7707]
      },
      "properties": {
        "bright_ti4": 303.72,
        "scan": 0.44,
        "track": 0.46,
        "acq_date": "2026-09-21",
        "acq_time": "0226",
        "satellite": "N20",
        "instrument": "VIIRS",
        "confidence": "n",
        "version": "2.0NRT",
        "bright_ti5": 292.9,
        "frp": 1.92,
        "daynight": "N",
        "source_dataset": "VIIRS_NOAA20_NRT",
        "acq_datetime_utc": "2026-09-21T02:26:00Z",
        "age_hours": 39.2,
        "confidence_label": "nominal",
        "popup_label": "<strong>NASA FIRMS<\/strong><br>Sensor: VIIRS_NOAA20_NRT<br>Fecha UTC: 2026-09-21T02:26:00Z<br>Confianza: nominal<br>FRP: 1.92 MW"
      }
    },
    {
      "type": "Feature",
      "geometry": {
        "type": "Point",
        "coordinates": [-0.2424, 35.8049]
      },
      "properties": {
        "bright_ti4": 305.67,
        "scan": 0.45,
        "track": 0.47,
        "acq_date": "2026-09-21",
        "acq_time": "0226",
        "satellite": "N20",
        "instrument": "VIIRS",
        "confidence": "n",
        "version": "2.0NRT",
        "bright_ti5": 292.46,
        "frp": 1.81,
        "daynight": "N",
        "source_dataset": "VIIRS_NOAA20_NRT",
        "acq_datetime_utc": "2026-09-21T02:26:00Z",
        "age_hours": 39.2,
        "confidence_label": "nominal",
        "popup_label": "<strong>NASA FIRMS<\/strong><br>Sensor: VIIRS_NOAA20_NRT<br>Fecha UTC: 2026-09-21T02:26:00Z<br>Confianza: nominal<br>FRP: 1.81 MW"
      }
    },
    {
      "type": "Feature",
      "geometry": {
        "type": "Point",
        "coordinates": [-0.2567, 35.8081]
      },
      "properties": {
        "bright_ti4": 341.63,
        "scan": 0.44,
        "track": 0.46,
        "acq_date": "2026-09-21",
        "acq_time": "0226",
        "satellite": "N20",
        "instrument": "VIIRS",
        "confidence": "n",
        "version": "2.0NRT",
        "bright_ti5": 291.87,
        "frp": 2.56,
        "daynight": "N",
        "source_dataset": "VIIRS_NOAA20_NRT",
        "acq_datetime_utc": "2026-09-21T02:26:00Z",
        "age_hours": 39.2,
        "confidence_label": "nominal",
        "popup_label": "<strong>NASA FIRMS<\/strong><br>Sensor: VIIRS_NOAA20_NRT<br>Fecha UTC: 2026-09-21T02:26:00Z<br>Confianza: nominal<br>FRP: 2.56 MW"
      }
    },
    {
      "type": "Feature",
      "geometry": {
        "type": "Point",
        "coordinates": [-0.2552, 35.8122]
      },
      "properties": {
        "bright_ti4": 307.34,
        "scan": 0.44,
        "track": 0.46,
        "acq_date": "2026-09-21",
        "acq_time": "0226",
        "satellite": "N20",
        "instrument": "VIIRS",
        "confidence": "n",
        "version": "2.0NRT",
        "bright_ti5": 291.51,
        "frp": 2.56,
        "daynight": "N",
        "source_dataset": "VIIRS_NOAA20_NRT",
        "acq_datetime_utc": "2026-09-21T02:26:00Z",
        "age_hours": 39.2,
        "confidence_label": "nominal",
        "popup_label": "<strong>NASA FIRMS<\/strong><br>Sensor: VIIRS_NOAA20_NRT<br>Fecha UTC: 2026-09-21T02:26:00Z<br>Confianza: nominal<br>FRP: 2.56 MW"
      }
    },
    {
      "type": "Feature",
      "geometry": {
        "type": "Point",
        "coordinates": [-0.2695, 35.8154]
      },
      "properties": {
        "bright_ti4": 321.06,
        "scan": 0.44,
        "track": 0.46,
        "acq_date": "2026-09-21",
        "acq_time": "0226",
        "satellite": "N20",
        "instrument": "VIIRS",
        "confidence": "n",
        "version": "2.0NRT",
        "bright_ti5": 291.61,
        "frp": 2.25,
        "daynight": "N",
        "source_dataset": "VIIRS_NOAA20_NRT",
        "acq_datetime_utc": "2026-09-21T02:26:00Z",
        "age_hours": 39.2,
        "confidence_label": "nominal",
        "popup_label": "<strong>NASA FIRMS<\/strong><br>Sensor: VIIRS_NOAA20_NRT<br>Fecha UTC: 2026-09-21T02:26:00Z<br>Confianza: nominal<br>FRP: 2.25 MW"
      }
    },
    {
      "type": "Feature",
      "geometry": {
        "type": "Point",
        "coordinates": [4.4455, 35.8824]
      },
      "properties": {
        "bright_ti4": 315.99,
        "scan": 0.4,
        "track": 0.6,
        "acq_date": "2026-09-21",
        "acq_time": "0226",
        "satellite": "N20",
        "instrument": "VIIRS",
        "confidence": "n",
        "version": "2.0NRT",
        "bright_ti5": 287.47,
        "frp": 1.65,
        "daynight": "N",
        "source_dataset": "VIIRS_NOAA20_NRT",
        "acq_datetime_utc": "2026-09-21T02:26:00Z",
        "age_hours": 39.2,
        "confidence_label": "nominal",
        "popup_label": "<strong>NASA FIRMS<\/strong><br>Sensor: VIIRS_NOAA20_NRT<br>Fecha UTC: 2026-09-21T02:26:00Z<br>Confianza: nominal<br>FRP: 1.65 MW"
      }
    },
    {
      "type": "Feature",
      "geometry": {
        "type": "Point",
        "coordinates": [0.1273, 36.0164]
      },
      "properties": {
        "bright_ti4": 301.95,
        "scan": 0.46,
        "track": 0.47,
        "acq_date": "2026-09-21",
        "acq_time": "0226",
        "satellite": "N20",
        "instrument": "VIIRS",
        "confidence": "n",
        "version": "2.0NRT",
        "bright_ti5": 291.16,
        "frp": 1.01,
        "daynight": "N",
        "source_dataset": "VIIRS_NOAA20_NRT",
        "acq_datetime_utc": "2026-09-21T02:26:00Z",
        "age_hours": 39.2,
        "confidence_label": "nominal",
        "popup_label": "<strong>NASA FIRMS<\/strong><br>Sensor: VIIRS_NOAA20_NRT<br>Fecha UTC: 2026-09-21T02:26:00Z<br>Confianza: nominal<br>FRP: 1.01 MW"
      }
    },
    {
      "type": "Feature",
      "geometry": {
        "type": "Point",
        "coordinates": [0.1237, 36.0192]
      },
      "properties": {
        "bright_ti4": 304.56,
        "scan": 0.46,
        "track": 0.47,
        "acq_date": "2026-09-21",
        "acq_time": "0226",
        "satellite": "N20",
        "instrument": "VIIRS",
        "confidence": "n",
        "version": "2.0NRT",
        "bright_ti5": 290.45,
        "frp": 0.47,
        "daynight": "N",
        "source_dataset": "VIIRS_NOAA20_NRT",
        "acq_datetime_utc": "2026-09-21T02:26:00Z",
        "age_hours": 39.2,
        "confidence_label": "nominal",
        "popup_label": "<strong>NASA FIRMS<\/strong><br>Sensor: VIIRS_NOAA20_NRT<br>Fecha UTC: 2026-09-21T02:26:00Z<br>Confianza: nominal<br>FRP: 0.47 MW"
      }
    },
    {
      "type": "Feature",
      "geometry": {
        "type": "Point",
        "coordinates": [0.9569, 36.1597]
      },
      "properties": {
        "bright_ti4": 299.08,
        "scan": 0.51,
        "track": 0.49,
        "acq_date": "2026-09-21",
        "acq_time": "0226",
        "satellite": "N20",
        "instrument": "VIIRS",
        "confidence": "n",
        "version": "2.0NRT",
        "bright_ti5": 288.87,
        "frp": 0.67,
        "daynight": "N",
        "source_dataset": "VIIRS_NOAA20_NRT",
        "acq_datetime_utc": "2026-09-21T02:26:00Z",
        "age_hours": 39.2,
        "confidence_label": "nominal",
        "popup_label": "<strong>NASA FIRMS<\/strong><br>Sensor: VIIRS_NOAA20_NRT<br>Fecha UTC: 2026-09-21T02:26:00Z<br>Confianza: nominal<br>FRP: 0.67 MW"
      }
    },
    {
      "type": "Feature",
      "geometry": {
        "type": "Point",
        "coordinates": [0.9557, 36.1623]
      },
      "properties": {
        "bright_ti4": 299.95,
        "scan": 0.51,
        "track": 0.49,
        "acq_date": "2026-09-21",
        "acq_time": "0226",
        "satellite": "N20",
        "instrument": "VIIRS",
        "confidence": "n",
        "version": "2.0NRT",
        "bright_ti5": 289.11,
        "frp": 0.51,
        "daynight": "N",
        "source_dataset": "VIIRS_NOAA20_NRT",
        "acq_datetime_utc": "2026-09-21T02:26:00Z",
        "age_hours": 39.2,
        "confidence_label": "nominal",
        "popup_label": "<strong>NASA FIRMS<\/strong><br>Sensor: VIIRS_NOAA20_NRT<br>Fecha UTC: 2026-09-21T02:26:00Z<br>Confianza: nominal<br>FRP: 0.51 MW"
      }
    },
    {
      "type": "Feature",
      "geometry": {
        "type": "Point",
        "coordinates": [-5.4235, 36.177]
      },
      "properties": {
        "bright_ti4": 304.13,
        "scan": 0.41,
        "track": 0.37,
        "acq_date": "2026-09-21",
        "acq_time": "0226",
        "satellite": "N20",
        "instrument": "VIIRS",
        "confidence": "n",
        "version": "2.0NRT",
        "bright_ti5": 292.72,
        "frp": 0.67,
        "daynight": "N",
        "source_dataset": "VIIRS_NOAA20_NRT",
        "acq_datetime_utc": "2026-09-21T02:26:00Z",
        "age_hours": 39.2,
        "confidence_label": "nominal",
        "popup_label": "<strong>NASA FIRMS<\/strong><br>Sensor: VIIRS_NOAA20_NRT<br>Fecha UTC: 2026-09-21T02:26:00Z<br>Confianza: nominal<br>FRP: 0.67 MW"
      }
    },
    {
      "type": "Feature",
      "geometry": {
        "type": "Point",
        "coordinates": [2.8761, 36.5968]
      },
      "properties": {
        "bright_ti4": 299.68,
        "scan": 0.63,
        "track": 0.54,
        "acq_date": "2026-09-21",
        "acq_time": "0226",
        "satellite": "N20",
        "instrument": "VIIRS",
        "confidence": "n",
        "version": "2.0NRT",
        "bright_ti5": 288.55,
        "frp": 0.64,
        "daynight": "N",
        "source_dataset": "VIIRS_NOAA20_NRT",
        "acq_datetime_utc": "2026-09-21T02:26:00Z",
        "age_hours": 39.2,
        "confidence_label": "nominal",
        "popup_label": "<strong>NASA FIRMS<\/strong><br>Sensor: VIIRS_NOAA20_NRT<br>Fecha UTC: 2026-09-21T02:26:00Z<br>Confianza: nominal<br>FRP: 0.64 MW"
      }
    },
    {
      "type": "Feature",
      "geometry": {
        "type": "Point",
        "coordinates": [3.1233, 36.6795]
      },
      "properties": {
        "bright_ti4": 310.43,
        "scan": 0.32,
        "track": 0.55,
        "acq_date": "2026-09-21",
        "acq_time": "0226",
        "satellite": "N20",
        "instrument": "VIIRS",
        "confidence": "n",
        "version": "2.0NRT",
        "bright_ti5": 291.35,
        "frp": 0.94,
        "daynight": "N",
        "source_dataset": "VIIRS_NOAA20_NRT",
        "acq_datetime_utc": "2026-09-21T02:26:00Z",
        "age_hours": 39.2,
        "confidence_label": "nominal",
        "popup_label": "<strong>NASA FIRMS<\/strong><br>Sensor: VIIRS_NOAA20_NRT<br>Fecha UTC: 2026-09-21T02:26:00Z<br>Confianza: nominal<br>FRP: 0.94 MW"
      }
    },
    {
      "type": "Feature",
      "geometry": {
        "type": "Point",
        "coordinates": [3.082, 36.7481]
      },
      "properties": {
        "bright_ti4": 304.53,
        "scan": 0.32,
        "track": 0.54,
        "acq_date": "2026-09-21",
        "acq_time": "0226",
        "satellite": "N20",
        "instrument": "VIIRS",
        "confidence": "n",
        "version": "2.0NRT",
        "bright_ti5": 290.6,
        "frp": 1.08,
        "daynight": "N",
        "source_dataset": "VIIRS_NOAA20_NRT",
        "acq_datetime_utc": "2026-09-21T02:26:00Z",
        "age_hours": 39.2,
        "confidence_label": "nominal",
        "popup_label": "<strong>NASA FIRMS<\/strong><br>Sensor: VIIRS_NOAA20_NRT<br>Fecha UTC: 2026-09-21T02:26:00Z<br>Confianza: nominal<br>FRP: 1.08 MW"
      }
    },
    {
      "type": "Feature",
      "geometry": {
        "type": "Point",
        "coordinates": [-5.6053, 37.261]
      },
      "properties": {
        "bright_ti4": 310.8,
        "scan": 0.4,
        "track": 0.37,
        "acq_date": "2026-09-21",
        "acq_time": "0226",
        "satellite": "N20",
        "instrument": "VIIRS",
        "confidence": "n",
        "version": "2.0NRT",
        "bright_ti5": 292.16,
        "frp": 0.95,
        "daynight": "N",
        "source_dataset": "VIIRS_NOAA20_NRT",
        "acq_datetime_utc": "2026-09-21T02:26:00Z",
        "age_hours": 39.2,
        "confidence_label": "nominal",
        "popup_label": "<strong>NASA FIRMS<\/strong><br>Sensor: VIIRS_NOAA20_NRT<br>Fecha UTC: 2026-09-21T02:26:00Z<br>Confianza: nominal<br>FRP: 0.95 MW"
      }
    },
    {
      "type": "Feature",
      "geometry": {
        "type": "Point",
        "coordinates": [-5.8644, 37.3594]
      },
      "properties": {
        "bright_ti4": 307.3,
        "scan": 0.39,
        "track": 0.36,
        "acq_date": "2026-09-21",
        "acq_time": "0226",
        "satellite": "N20",
        "instrument": "VIIRS",
        "confidence": "n",
        "version": "2.0NRT",
        "bright_ti5": 294.25,
        "frp": 0.52,
        "daynight": "N",
        "source_dataset": "VIIRS_NOAA20_NRT",
        "acq_datetime_utc": "2026-09-21T02:26:00Z",
        "age_hours": 39.2,
        "confidence_label": "nominal",
        "popup_label": "<strong>NASA FIRMS<\/strong><br>Sensor: VIIRS_NOAA20_NRT<br>Fecha UTC: 2026-09-21T02:26:00Z<br>Confianza: nominal<br>FRP: 0.52 MW"
      }
    },
    {
      "type": "Feature",
      "geometry": {
        "type": "Point",
        "coordinates": [-4.5584, 37.836]
      },
      "properties": {
        "bright_ti4": 308.97,
        "scan": 0.41,
        "track": 0.37,
        "acq_date": "2026-09-21",
        "acq_time": "0226",
        "satellite": "N20",
        "instrument": "VIIRS",
        "confidence": "n",
        "version": "2.0NRT",
        "bright_ti5": 289.96,
        "frp": 0.86,
        "daynight": "N",
        "source_dataset": "VIIRS_NOAA20_NRT",
        "acq_datetime_utc": "2026-09-21T02:26:00Z",
        "age_hours": 39.2,
        "confidence_label": "nominal",
        "popup_label": "<strong>NASA FIRMS<\/strong><br>Sensor: VIIRS_NOAA20_NRT<br>Fecha UTC: 2026-09-21T02:26:00Z<br>Confianza: nominal<br>FRP: 0.86 MW"
      }
    },
    {
      "type": "Feature",
      "geometry": {
        "type": "Point",
        "coordinates": [-8.9375, 38.5033]
      },
      "properties": {
        "bright_ti4": 305.06,
        "scan": 0.41,
        "track": 0.37,
        "acq_date": "2026-09-21",
        "acq_time": "0226",
        "satellite": "N20",
        "instrument": "VIIRS",
        "confidence": "n",
        "version": "2.0NRT",
        "bright_ti5": 292.26,
        "frp": 0.61,
        "daynight": "N",
        "source_dataset": "VIIRS_NOAA20_NRT",
        "acq_datetime_utc": "2026-09-21T02:26:00Z",
        "age_hours": 39.2,
        "confidence_label": "nominal",
        "popup_label": "<strong>NASA FIRMS<\/strong><br>Sensor: VIIRS_NOAA20_NRT<br>Fecha UTC: 2026-09-21T02:26:00Z<br>Confianza: nominal<br>FRP: 0.61 MW"
      }
    },
    {
      "type": "Feature",
      "geometry": {
        "type": "Point",
        "coordinates": [-9.0134, 38.9232]
      },
      "properties": {
        "bright_ti4": 307.09,
        "scan": 0.41,
        "track": 0.37,
        "acq_date": "2026-09-21",
        "acq_time": "0226",
        "satellite": "N20",
        "instrument": "VIIRS",
        "confidence": "n",
        "version": "2.0NRT",
        "bright_ti5": 294,
        "frp": 1.85,
        "daynight": "N",
        "source_dataset": "VIIRS_NOAA20_NRT",
        "acq_datetime_utc": "2026-09-21T02:26:00Z",
        "age_hours": 39.2,
        "confidence_label": "nominal",
        "popup_label": "<strong>NASA FIRMS<\/strong><br>Sensor: VIIRS_NOAA20_NRT<br>Fecha UTC: 2026-09-21T02:26:00Z<br>Confianza: nominal<br>FRP: 1.85 MW"
      }
    },
    {
      "type": "Feature",
      "geometry": {
        "type": "Point",
        "coordinates": [-5.9633, 38.9629]
      },
      "properties": {
        "bright_ti4": 321.05,
        "scan": 0.39,
        "track": 0.36,
        "acq_date": "2026-09-21",
        "acq_time": "0226",
        "satellite": "N20",
        "instrument": "VIIRS",
        "confidence": "n",
        "version": "2.0NRT",
        "bright_ti5": 290.35,
        "frp": 1.68,
        "daynight": "N",
        "source_dataset": "VIIRS_NOAA20_NRT",
        "acq_datetime_utc": "2026-09-21T02:26:00Z",
        "age_hours": 39.2,
        "confidence_label": "nominal",
        "popup_label": "<strong>NASA FIRMS<\/strong><br>Sensor: VIIRS_NOAA20_NRT<br>Fecha UTC: 2026-09-21T02:26:00Z<br>Confianza: nominal<br>FRP: 1.68 MW"
      }
    },
    {
      "type": "Feature",
      "geometry": {
        "type": "Point",
        "coordinates": [-3.096, 39.1198]
      },
      "properties": {
        "bright_ti4": 302.04,
        "scan": 0.44,
        "track": 0.38,
        "acq_date": "2026-09-21",
        "acq_time": "0226",
        "satellite": "N20",
        "instrument": "VIIRS",
        "confidence": "n",
        "version": "2.0NRT",
        "bright_ti5": 285.65,
        "frp": 0.89,
        "daynight": "N",
        "source_dataset": "VIIRS_NOAA20_NRT",
        "acq_datetime_utc": "2026-09-21T02:26:00Z",
        "age_hours": 39.2,
        "confidence_label": "nominal",
        "popup_label": "<strong>NASA FIRMS<\/strong><br>Sensor: VIIRS_NOAA20_NRT<br>Fecha UTC: 2026-09-21T02:26:00Z<br>Confianza: nominal<br>FRP: 0.89 MW"
      }
    },
    {
      "type": "Feature",
      "geometry": {
        "type": "Point",
        "coordinates": [-3.475, 40.2442]
      },
      "properties": {
        "bright_ti4": 329.07,
        "scan": 0.42,
        "track": 0.37,
        "acq_date": "2026-09-21",
        "acq_time": "0226",
        "satellite": "N20",
        "instrument": "VIIRS",
        "confidence": "n",
        "version": "2.0NRT",
        "bright_ti5": 293.23,
        "frp": 3.82,
        "daynight": "N",
        "source_dataset": "VIIRS_NOAA20_NRT",
        "acq_datetime_utc": "2026-09-21T02:26:00Z",
        "age_hours": 39.2,
        "confidence_label": "nominal",
        "popup_label": "<strong>NASA FIRMS<\/strong><br>Sensor: VIIRS_NOAA20_NRT<br>Fecha UTC: 2026-09-21T02:26:00Z<br>Confianza: nominal<br>FRP: 3.82 MW"
      }
    },
    {
      "type": "Feature",
      "geometry": {
        "type": "Point",
        "coordinates": [-8.4215, 40.2907]
      },
      "properties": {
        "bright_ti4": 305.24,
        "scan": 0.41,
        "track": 0.37,
        "acq_date": "2026-09-21",
        "acq_time": "0226",
        "satellite": "N20",
        "instrument": "VIIRS",
        "confidence": "n",
        "version": "2.0NRT",
        "bright_ti5": 291.62,
        "frp": 0.91,
        "daynight": "N",
        "source_dataset": "VIIRS_NOAA20_NRT",
        "acq_datetime_utc": "2026-09-21T02:26:00Z",
        "age_hours": 39.2,
        "confidence_label": "nominal",
        "popup_label": "<strong>NASA FIRMS<\/strong><br>Sensor: VIIRS_NOAA20_NRT<br>Fecha UTC: 2026-09-21T02:26:00Z<br>Confianza: nominal<br>FRP: 0.91 MW"
      }
    },
    {
      "type": "Feature",
      "geometry": {
        "type": "Point",
        "coordinates": [-7.9093, 40.924]
      },
      "properties": {
        "bright_ti4": 304.12,
        "scan": 0.4,
        "track": 0.37,
        "acq_date": "2026-09-21",
        "acq_time": "0226",
        "satellite": "N20",
        "instrument": "VIIRS",
        "confidence": "n",
        "version": "2.0NRT",
        "bright_ti5": 293.46,
        "frp": 2.37,
        "daynight": "N",
        "source_dataset": "VIIRS_NOAA20_NRT",
        "acq_datetime_utc": "2026-09-21T02:26:00Z",
        "age_hours": 39.2,
        "confidence_label": "nominal",
        "popup_label": "<strong>NASA FIRMS<\/strong><br>Sensor: VIIRS_NOAA20_NRT<br>Fecha UTC: 2026-09-21T02:26:00Z<br>Confianza: nominal<br>FRP: 2.37 MW"
      }
    },
    {
      "type": "Feature",
      "geometry": {
        "type": "Point",
        "coordinates": [-7.914, 40.9247]
      },
      "properties": {
        "bright_ti4": 339.79,
        "scan": 0.4,
        "track": 0.37,
        "acq_date": "2026-09-21",
        "acq_time": "0226",
        "satellite": "N20",
        "instrument": "VIIRS",
        "confidence": "n",
        "version": "2.0NRT",
        "bright_ti5": 300.72,
        "frp": 2.37,
        "daynight": "N",
        "source_dataset": "VIIRS_NOAA20_NRT",
        "acq_datetime_utc": "2026-09-21T02:26:00Z",
        "age_hours": 39.2,
        "confidence_label": "nominal",
        "popup_label": "<strong>NASA FIRMS<\/strong><br>Sensor: VIIRS_NOAA20_NRT<br>Fecha UTC: 2026-09-21T02:26:00Z<br>Confianza: nominal<br>FRP: 2.37 MW"
      }
    },
    {
      "type": "Feature",
      "geometry": {
        "type": "Point",
        "coordinates": [-7.9131, 40.928]
      },
      "properties": {
        "bright_ti4": 302.98,
        "scan": 0.4,
        "track": 0.37,
        "acq_date": "2026-09-21",
        "acq_time": "0226",
        "satellite": "N20",
        "instrument": "VIIRS",
        "confidence": "n",
        "version": "2.0NRT",
        "bright_ti5": 291.61,
        "frp": 2.37,
        "daynight": "N",
        "source_dataset": "VIIRS_NOAA20_NRT",
        "acq_datetime_utc": "2026-09-21T02:26:00Z",
        "age_hours": 39.2,
        "confidence_label": "nominal",
        "popup_label": "<strong>NASA FIRMS<\/strong><br>Sensor: VIIRS_NOAA20_NRT<br>Fecha UTC: 2026-09-21T02:26:00Z<br>Confianza: nominal<br>FRP: 2.37 MW"
      }
    },
    {
      "type": "Feature",
      "geometry": {
        "type": "Point",
        "coordinates": [-8.1422, 41.0577]
      },
      "properties": {
        "bright_ti4": 303.44,
        "scan": 0.41,
        "track": 0.37,
        "acq_date": "2026-09-21",
        "acq_time": "0226",
        "satellite": "N20",
        "instrument": "VIIRS",
        "confidence": "n",
        "version": "2.0NRT",
        "bright_ti5": 289.46,
        "frp": 0.91,
        "daynight": "N",
        "source_dataset": "VIIRS_NOAA20_NRT",
        "acq_datetime_utc": "2026-09-21T02:26:00Z",
        "age_hours": 39.2,
        "confidence_label": "nominal",
        "popup_label": "<strong>NASA FIRMS<\/strong><br>Sensor: VIIRS_NOAA20_NRT<br>Fecha UTC: 2026-09-21T02:26:00Z<br>Confianza: nominal<br>FRP: 0.91 MW"
      }
    },
    {
      "type": "Feature",
      "geometry": {
        "type": "Point",
        "coordinates": [-8.1357, 41.0882]
      },
      "properties": {
        "bright_ti4": 302.49,
        "scan": 0.41,
        "track": 0.37,
        "acq_date": "2026-09-21",
        "acq_time": "0226",
        "satellite": "N20",
        "instrument": "VIIRS",
        "confidence": "n",
        "version": "2.0NRT",
        "bright_ti5": 291.02,
        "frp": 0.94,
        "daynight": "N",
        "source_dataset": "VIIRS_NOAA20_NRT",
        "acq_datetime_utc": "2026-09-21T02:26:00Z",
        "age_hours": 39.2,
        "confidence_label": "nominal",
        "popup_label": "<strong>NASA FIRMS<\/strong><br>Sensor: VIIRS_NOAA20_NRT<br>Fecha UTC: 2026-09-21T02:26:00Z<br>Confianza: nominal<br>FRP: 0.94 MW"
      }
    },
    {
      "type": "Feature",
      "geometry": {
        "type": "Point",
        "coordinates": [-8.1346, 41.0916]
      },
      "properties": {
        "bright_ti4": 339.54,
        "scan": 0.41,
        "track": 0.37,
        "acq_date": "2026-09-21",
        "acq_time": "0226",
        "satellite": "N20",
        "instrument": "VIIRS",
        "confidence": "n",
        "version": "2.0NRT",
        "bright_ti5": 295.32,
        "frp": 6.77,
        "daynight": "N",
        "source_dataset": "VIIRS_NOAA20_NRT",
        "acq_datetime_utc": "2026-09-21T02:26:00Z",
        "age_hours": 39.2,
        "confidence_label": "nominal",
        "popup_label": "<strong>NASA FIRMS<\/strong><br>Sensor: VIIRS_NOAA20_NRT<br>Fecha UTC: 2026-09-21T02:26:00Z<br>Confianza: nominal<br>FRP: 6.77 MW"
      }
    },
    {
      "type": "Feature",
      "geometry": {
        "type": "Point",
        "coordinates": [-8.1394, 41.0922]
      },
      "properties": {
        "bright_ti4": 340.06,
        "scan": 0.41,
        "track": 0.37,
        "acq_date": "2026-09-21",
        "acq_time": "0226",
        "satellite": "N20",
        "instrument": "VIIRS",
        "confidence": "n",
        "version": "2.0NRT",
        "bright_ti5": 297.49,
        "frp": 13.44,
        "daynight": "N",
        "source_dataset": "VIIRS_NOAA20_NRT",
        "acq_datetime_utc": "2026-09-21T02:26:00Z",
        "age_hours": 39.2,
        "confidence_label": "nominal",
        "popup_label": "<strong>NASA FIRMS<\/strong><br>Sensor: VIIRS_NOAA20_NRT<br>Fecha UTC: 2026-09-21T02:26:00Z<br>Confianza: nominal<br>FRP: 13.44 MW"
      }
    },
    {
      "type": "Feature",
      "geometry": {
        "type": "Point",
        "coordinates": [-8.0271, 41.7456]
      },
      "properties": {
        "bright_ti4": 307.11,
        "scan": 0.41,
        "track": 0.37,
        "acq_date": "2026-09-21",
        "acq_time": "0226",
        "satellite": "N20",
        "instrument": "VIIRS",
        "confidence": "n",
        "version": "2.0NRT",
        "bright_ti5": 291.05,
        "frp": 3.92,
        "daynight": "N",
        "source_dataset": "VIIRS_NOAA20_NRT",
        "acq_datetime_utc": "2026-09-21T02:26:00Z",
        "age_hours": 39.2,
        "confidence_label": "nominal",
        "popup_label": "<strong>NASA FIRMS<\/strong><br>Sensor: VIIRS_NOAA20_NRT<br>Fecha UTC: 2026-09-21T02:26:00Z<br>Confianza: nominal<br>FRP: 3.92 MW"
      }
    },
    {
      "type": "Feature",
      "geometry": {
        "type": "Point",
        "coordinates": [-8.0317, 41.7463]
      },
      "properties": {
        "bright_ti4": 343.73,
        "scan": 0.41,
        "track": 0.37,
        "acq_date": "2026-09-21",
        "acq_time": "0226",
        "satellite": "N20",
        "instrument": "VIIRS",
        "confidence": "n",
        "version": "2.0NRT",
        "bright_ti5": 291.95,
        "frp": 3.92,
        "daynight": "N",
        "source_dataset": "VIIRS_NOAA20_NRT",
        "acq_datetime_utc": "2026-09-21T02:26:00Z",
        "age_hours": 39.2,
        "confidence_label": "nominal",
        "popup_label": "<strong>NASA FIRMS<\/strong><br>Sensor: VIIRS_NOAA20_NRT<br>Fecha UTC: 2026-09-21T02:26:00Z<br>Confianza: nominal<br>FRP: 3.92 MW"
      }
    },
    {
      "type": "Feature",
      "geometry": {
        "type": "Point",
        "coordinates": [-8.0263, 41.749]
      },
      "properties": {
        "bright_ti4": 335.43,
        "scan": 0.41,
        "track": 0.37,
        "acq_date": "2026-09-21",
        "acq_time": "0226",
        "satellite": "N20",
        "instrument": "VIIRS",
        "confidence": "n",
        "version": "2.0NRT",
        "bright_ti5": 291.05,
        "frp": 2.07,
        "daynight": "N",
        "source_dataset": "VIIRS_NOAA20_NRT",
        "acq_datetime_utc": "2026-09-21T02:26:00Z",
        "age_hours": 39.2,
        "confidence_label": "nominal",
        "popup_label": "<strong>NASA FIRMS<\/strong><br>Sensor: VIIRS_NOAA20_NRT<br>Fecha UTC: 2026-09-21T02:26:00Z<br>Confianza: nominal<br>FRP: 2.07 MW"
      }
    },
    {
      "type": "Feature",
      "geometry": {
        "type": "Point",
        "coordinates": [-8.0309, 41.7497]
      },
      "properties": {
        "bright_ti4": 321.31,
        "scan": 0.41,
        "track": 0.37,
        "acq_date": "2026-09-21",
        "acq_time": "0226",
        "satellite": "N20",
        "instrument": "VIIRS",
        "confidence": "n",
        "version": "2.0NRT",
        "bright_ti5": 290.05,
        "frp": 2.07,
        "daynight": "N",
        "source_dataset": "VIIRS_NOAA20_NRT",
        "acq_datetime_utc": "2026-09-21T02:26:00Z",
        "age_hours": 39.2,
        "confidence_label": "nominal",
        "popup_label": "<strong>NASA FIRMS<\/strong><br>Sensor: VIIRS_NOAA20_NRT<br>Fecha UTC: 2026-09-21T02:26:00Z<br>Confianza: nominal<br>FRP: 2.07 MW"
      }
    },
    {
      "type": "Feature",
      "geometry": {
        "type": "Point",
        "coordinates": [1.6608, 41.312]
      },
      "properties": {
        "bright_ti4": 299.63,
        "scan": 0.42,
        "track": 0.45,
        "acq_date": "2026-09-21",
        "acq_time": "0224",
        "satellite": "N20",
        "instrument": "VIIRS",
        "confidence": "n",
        "version": "2.0NRT",
        "bright_ti5": 289.62,
        "frp": 0.8,
        "daynight": "N",
        "source_dataset": "VIIRS_NOAA20_NRT",
        "acq_datetime_utc": "2026-09-21T02:24:00Z",
        "age_hours": 39.3,
        "confidence_label": "nominal",
        "popup_label": "<strong>NASA FIRMS<\/strong><br>Sensor: VIIRS_NOAA20_NRT<br>Fecha UTC: 2026-09-21T02:24:00Z<br>Confianza: nominal<br>FRP: 0.8 MW"
      }
    },
    {
      "type": "Feature",
      "geometry": {
        "type": "Point",
        "coordinates": [1.9762, 41.4549]
      },
      "properties": {
        "bright_ti4": 301.96,
        "scan": 0.43,
        "track": 0.46,
        "acq_date": "2026-09-21",
        "acq_time": "0224",
        "satellite": "N20",
        "instrument": "VIIRS",
        "confidence": "n",
        "version": "2.0NRT",
        "bright_ti5": 289.64,
        "frp": 0.58,
        "daynight": "N",
        "source_dataset": "VIIRS_NOAA20_NRT",
        "acq_datetime_utc": "2026-09-21T02:24:00Z",
        "age_hours": 39.3,
        "confidence_label": "nominal",
        "popup_label": "<strong>NASA FIRMS<\/strong><br>Sensor: VIIRS_NOAA20_NRT<br>Fecha UTC: 2026-09-21T02:24:00Z<br>Confianza: nominal<br>FRP: 0.58 MW"
      }
    },
    {
      "type": "Feature",
      "geometry": {
        "type": "Point",
        "coordinates": [0.1822, 41.9248]
      },
      "properties": {
        "bright_ti4": 314.02,
        "scan": 0.53,
        "track": 0.42,
        "acq_date": "2026-09-21",
        "acq_time": "0224",
        "satellite": "N20",
        "instrument": "VIIRS",
        "confidence": "n",
        "version": "2.0NRT",
        "bright_ti5": 288.44,
        "frp": 2.1,
        "daynight": "N",
        "source_dataset": "VIIRS_NOAA20_NRT",
        "acq_datetime_utc": "2026-09-21T02:24:00Z",
        "age_hours": 39.3,
        "confidence_label": "nominal",
        "popup_label": "<strong>NASA FIRMS<\/strong><br>Sensor: VIIRS_NOAA20_NRT<br>Fecha UTC: 2026-09-21T02:24:00Z<br>Confianza: nominal<br>FRP: 2.1 MW"
      }
    },
    {
      "type": "Feature",
      "geometry": {
        "type": "Point",
        "coordinates": [0.1761, 41.9261]
      },
      "properties": {
        "bright_ti4": 317.26,
        "scan": 0.53,
        "track": 0.42,
        "acq_date": "2026-09-21",
        "acq_time": "0224",
        "satellite": "N20",
        "instrument": "VIIRS",
        "confidence": "n",
        "version": "2.0NRT",
        "bright_ti5": 288.69,
        "frp": 2.1,
        "daynight": "N",
        "source_dataset": "VIIRS_NOAA20_NRT",
        "acq_datetime_utc": "2026-09-21T02:24:00Z",
        "age_hours": 39.3,
        "confidence_label": "nominal",
        "popup_label": "<strong>NASA FIRMS<\/strong><br>Sensor: VIIRS_NOAA20_NRT<br>Fecha UTC: 2026-09-21T02:24:00Z<br>Confianza: nominal<br>FRP: 2.1 MW"
      }
    },
    {
      "type": "Feature",
      "geometry": {
        "type": "Point",
        "coordinates": [-8.4506, 42.4318]
      },
      "properties": {
        "bright_ti4": 316.56,
        "scan": 0.42,
        "track": 0.38,
        "acq_date": "2026-09-21",
        "acq_time": "0224",
        "satellite": "N20",
        "instrument": "VIIRS",
        "confidence": "n",
        "version": "2.0NRT",
        "bright_ti5": 292.58,
        "frp": 2.03,
        "daynight": "N",
        "source_dataset": "VIIRS_NOAA20_NRT",
        "acq_datetime_utc": "2026-09-21T02:24:00Z",
        "age_hours": 39.3,
        "confidence_label": "nominal",
        "popup_label": "<strong>NASA FIRMS<\/strong><br>Sensor: VIIRS_NOAA20_NRT<br>Fecha UTC: 2026-09-21T02:24:00Z<br>Confianza: nominal<br>FRP: 2.03 MW"
      }
    },
    {
      "type": "Feature",
      "geometry": {
        "type": "Point",
        "coordinates": [-2.8092, 42.4614]
      },
      "properties": {
        "bright_ti4": 307.24,
        "scan": 0.41,
        "track": 0.37,
        "acq_date": "2026-09-21",
        "acq_time": "0224",
        "satellite": "N20",
        "instrument": "VIIRS",
        "confidence": "n",
        "version": "2.0NRT",
        "bright_ti5": 285.72,
        "frp": 1.02,
        "daynight": "N",
        "source_dataset": "VIIRS_NOAA20_NRT",
        "acq_datetime_utc": "2026-09-21T02:24:00Z",
        "age_hours": 39.3,
        "confidence_label": "nominal",
        "popup_label": "<strong>NASA FIRMS<\/strong><br>Sensor: VIIRS_NOAA20_NRT<br>Fecha UTC: 2026-09-21T02:24:00Z<br>Confianza: nominal<br>FRP: 1.02 MW"
      }
    },
    {
      "type": "Feature",
      "geometry": {
        "type": "Point",
        "coordinates": [-8.6191, 42.4679]
      },
      "properties": {
        "bright_ti4": 301.43,
        "scan": 0.43,
        "track": 0.38,
        "acq_date": "2026-09-21",
        "acq_time": "0224",
        "satellite": "N20",
        "instrument": "VIIRS",
        "confidence": "n",
        "version": "2.0NRT",
        "bright_ti5": 291.19,
        "frp": 0.68,
        "daynight": "N",
        "source_dataset": "VIIRS_NOAA20_NRT",
        "acq_datetime_utc": "2026-09-21T02:24:00Z",
        "age_hours": 39.3,
        "confidence_label": "nominal",
        "popup_label": "<strong>NASA FIRMS<\/strong><br>Sensor: VIIRS_NOAA20_NRT<br>Fecha UTC: 2026-09-21T02:24:00Z<br>Confianza: nominal<br>FRP: 0.68 MW"
      }
    },
    {
      "type": "Feature",
      "geometry": {
        "type": "Point",
        "coordinates": [-6.769, 42.5534]
      },
      "properties": {
        "bright_ti4": 301.64,
        "scan": 0.39,
        "track": 0.36,
        "acq_date": "2026-09-21",
        "acq_time": "0224",
        "satellite": "N20",
        "instrument": "VIIRS",
        "confidence": "n",
        "version": "2.0NRT",
        "bright_ti5": 287.64,
        "frp": 0.76,
        "daynight": "N",
        "source_dataset": "VIIRS_NOAA20_NRT",
        "acq_datetime_utc": "2026-09-21T02:24:00Z",
        "age_hours": 39.3,
        "confidence_label": "nominal",
        "popup_label": "<strong>NASA FIRMS<\/strong><br>Sensor: VIIRS_NOAA20_NRT<br>Fecha UTC: 2026-09-21T02:24:00Z<br>Confianza: nominal<br>FRP: 0.76 MW"
      }
    },
    {
      "type": "Feature",
      "geometry": {
        "type": "Point",
        "coordinates": [-2.2227, 43.0341]
      },
      "properties": {
        "bright_ti4": 303.49,
        "scan": 0.42,
        "track": 0.38,
        "acq_date": "2026-09-21",
        "acq_time": "0224",
        "satellite": "N20",
        "instrument": "VIIRS",
        "confidence": "n",
        "version": "2.0NRT",
        "bright_ti5": 285.44,
        "frp": 1.1,
        "daynight": "N",
        "source_dataset": "VIIRS_NOAA20_NRT",
        "acq_datetime_utc": "2026-09-21T02:24:00Z",
        "age_hours": 39.3,
        "confidence_label": "nominal",
        "popup_label": "<strong>NASA FIRMS<\/strong><br>Sensor: VIIRS_NOAA20_NRT<br>Fecha UTC: 2026-09-21T02:24:00Z<br>Confianza: nominal<br>FRP: 1.1 MW"
      }
    },
    {
      "type": "Feature",
      "geometry": {
        "type": "Point",
        "coordinates": [0.9917, 43.1865]
      },
      "properties": {
        "bright_ti4": 298.12,
        "scan": 0.54,
        "track": 0.42,
        "acq_date": "2026-09-21",
        "acq_time": "0224",
        "satellite": "N20",
        "instrument": "VIIRS",
        "confidence": "n",
        "version": "2.0NRT",
        "bright_ti5": 285.03,
        "frp": 0.7,
        "daynight": "N",
        "source_dataset": "VIIRS_NOAA20_NRT",
        "acq_datetime_utc": "2026-09-21T02:24:00Z",
        "age_hours": 39.3,
        "confidence_label": "nominal",
        "popup_label": "<strong>NASA FIRMS<\/strong><br>Sensor: VIIRS_NOAA20_NRT<br>Fecha UTC: 2026-09-21T02:24:00Z<br>Confianza: nominal<br>FRP: 0.7 MW"
      }
    },
    {
      "type": "Feature",
      "geometry": {
        "type": "Point",
        "coordinates": [-8.4669, 43.3539]
      },
      "properties": {
        "bright_ti4": 304.96,
        "scan": 0.43,
        "track": 0.38,
        "acq_date": "2026-09-21",
        "acq_time": "0224",
        "satellite": "N20",
        "instrument": "VIIRS",
        "confidence": "n",
        "version": "2.0NRT",
        "bright_ti5": 289.99,
        "frp": 2.51,
        "daynight": "N",
        "source_dataset": "VIIRS_NOAA20_NRT",
        "acq_datetime_utc": "2026-09-21T02:24:00Z",
        "age_hours": 39.3,
        "confidence_label": "nominal",
        "popup_label": "<strong>NASA FIRMS<\/strong><br>Sensor: VIIRS_NOAA20_NRT<br>Fecha UTC: 2026-09-21T02:24:00Z<br>Confianza: nominal<br>FRP: 2.51 MW"
      }
    },
    {
      "type": "Feature",
      "geometry": {
        "type": "Point",
        "coordinates": [-8.4608, 43.3567]
      },
      "properties": {
        "bright_ti4": 309.01,
        "scan": 0.43,
        "track": 0.38,
        "acq_date": "2026-09-21",
        "acq_time": "0224",
        "satellite": "N20",
        "instrument": "VIIRS",
        "confidence": "n",
        "version": "2.0NRT",
        "bright_ti5": 290.46,
        "frp": 1.4,
        "daynight": "N",
        "source_dataset": "VIIRS_NOAA20_NRT",
        "acq_datetime_utc": "2026-09-21T02:24:00Z",
        "age_hours": 39.3,
        "confidence_label": "nominal",
        "popup_label": "<strong>NASA FIRMS<\/strong><br>Sensor: VIIRS_NOAA20_NRT<br>Fecha UTC: 2026-09-21T02:24:00Z<br>Confianza: nominal<br>FRP: 1.4 MW"
      }
    },
    {
      "type": "Feature",
      "geometry": {
        "type": "Point",
        "coordinates": [-8.4661, 43.3574]
      },
      "properties": {
        "bright_ti4": 331.72,
        "scan": 0.43,
        "track": 0.38,
        "acq_date": "2026-09-21",
        "acq_time": "0224",
        "satellite": "N20",
        "instrument": "VIIRS",
        "confidence": "n",
        "version": "2.0NRT",
        "bright_ti5": 299.03,
        "frp": 2.51,
        "daynight": "N",
        "source_dataset": "VIIRS_NOAA20_NRT",
        "acq_datetime_utc": "2026-09-21T02:24:00Z",
        "age_hours": 39.3,
        "confidence_label": "nominal",
        "popup_label": "<strong>NASA FIRMS<\/strong><br>Sensor: VIIRS_NOAA20_NRT<br>Fecha UTC: 2026-09-21T02:24:00Z<br>Confianza: nominal<br>FRP: 2.51 MW"
      }
    },
    {
      "type": "Feature",
      "geometry": {
        "type": "Point",
        "coordinates": [-5.7325, 43.5239]
      },
      "properties": {
        "bright_ti4": 328.93,
        "scan": 0.39,
        "track": 0.36,
        "acq_date": "2026-09-21",
        "acq_time": "0224",
        "satellite": "N20",
        "instrument": "VIIRS",
        "confidence": "n",
        "version": "2.0NRT",
        "bright_ti5": 291.45,
        "frp": 2.84,
        "daynight": "N",
        "source_dataset": "VIIRS_NOAA20_NRT",
        "acq_datetime_utc": "2026-09-21T02:24:00Z",
        "age_hours": 39.3,
        "confidence_label": "nominal",
        "popup_label": "<strong>NASA FIRMS<\/strong><br>Sensor: VIIRS_NOAA20_NRT<br>Fecha UTC: 2026-09-21T02:24:00Z<br>Confianza: nominal<br>FRP: 2.84 MW"
      }
    },
    {
      "type": "Feature",
      "geometry": {
        "type": "Point",
        "coordinates": [-5.7297, 43.5265]
      },
      "properties": {
        "bright_ti4": 316.74,
        "scan": 0.39,
        "track": 0.36,
        "acq_date": "2026-09-21",
        "acq_time": "0224",
        "satellite": "N20",
        "instrument": "VIIRS",
        "confidence": "n",
        "version": "2.0NRT",
        "bright_ti5": 292.34,
        "frp": 1.04,
        "daynight": "N",
        "source_dataset": "VIIRS_NOAA20_NRT",
        "acq_datetime_utc": "2026-09-21T02:24:00Z",
        "age_hours": 39.3,
        "confidence_label": "nominal",
        "popup_label": "<strong>NASA FIRMS<\/strong><br>Sensor: VIIRS_NOAA20_NRT<br>Fecha UTC: 2026-09-21T02:24:00Z<br>Confianza: nominal<br>FRP: 1.04 MW"
      }
    },
    {
      "type": "Feature",
      "geometry": {
        "type": "Point",
        "coordinates": [-5.7344, 43.5272]
      },
      "properties": {
        "bright_ti4": 317.25,
        "scan": 0.39,
        "track": 0.36,
        "acq_date": "2026-09-21",
        "acq_time": "0224",
        "satellite": "N20",
        "instrument": "VIIRS",
        "confidence": "n",
        "version": "2.0NRT",
        "bright_ti5": 291.72,
        "frp": 1.04,
        "daynight": "N",
        "source_dataset": "VIIRS_NOAA20_NRT",
        "acq_datetime_utc": "2026-09-21T02:24:00Z",
        "age_hours": 39.3,
        "confidence_label": "nominal",
        "popup_label": "<strong>NASA FIRMS<\/strong><br>Sensor: VIIRS_NOAA20_NRT<br>Fecha UTC: 2026-09-21T02:24:00Z<br>Confianza: nominal<br>FRP: 1.04 MW"
      }
    },
    {
      "type": "Feature",
      "geometry": {
        "type": "Point",
        "coordinates": [-5.7288, 43.5298]
      },
      "properties": {
        "bright_ti4": 302.2,
        "scan": 0.39,
        "track": 0.36,
        "acq_date": "2026-09-21",
        "acq_time": "0224",
        "satellite": "N20",
        "instrument": "VIIRS",
        "confidence": "n",
        "version": "2.0NRT",
        "bright_ti5": 290.05,
        "frp": 1.04,
        "daynight": "N",
        "source_dataset": "VIIRS_NOAA20_NRT",
        "acq_datetime_utc": "2026-09-21T02:24:00Z",
        "age_hours": 39.3,
        "confidence_label": "nominal",
        "popup_label": "<strong>NASA FIRMS<\/strong><br>Sensor: VIIRS_NOAA20_NRT<br>Fecha UTC: 2026-09-21T02:24:00Z<br>Confianza: nominal<br>FRP: 1.04 MW"
      }
    },
    {
      "type": "Feature",
      "geometry": {
        "type": "Point",
        "coordinates": [-5.7335, 43.5305]
      },
      "properties": {
        "bright_ti4": 303.68,
        "scan": 0.39,
        "track": 0.36,
        "acq_date": "2026-09-21",
        "acq_time": "0224",
        "satellite": "N20",
        "instrument": "VIIRS",
        "confidence": "n",
        "version": "2.0NRT",
        "bright_ti5": 289.37,
        "frp": 1.04,
        "daynight": "N",
        "source_dataset": "VIIRS_NOAA20_NRT",
        "acq_datetime_utc": "2026-09-21T02:24:00Z",
        "age_hours": 39.3,
        "confidence_label": "nominal",
        "popup_label": "<strong>NASA FIRMS<\/strong><br>Sensor: VIIRS_NOAA20_NRT<br>Fecha UTC: 2026-09-21T02:24:00Z<br>Confianza: nominal<br>FRP: 1.04 MW"
      }
    },
    {
      "type": "Feature",
      "geometry": {
        "type": "Point",
        "coordinates": [-5.8318, 43.539]
      },
      "properties": {
        "bright_ti4": 330.57,
        "scan": 0.39,
        "track": 0.36,
        "acq_date": "2026-09-21",
        "acq_time": "0224",
        "satellite": "N20",
        "instrument": "VIIRS",
        "confidence": "n",
        "version": "2.0NRT",
        "bright_ti5": 292.43,
        "frp": 4.98,
        "daynight": "N",
        "source_dataset": "VIIRS_NOAA20_NRT",
        "acq_datetime_utc": "2026-09-21T02:24:00Z",
        "age_hours": 39.3,
        "confidence_label": "nominal",
        "popup_label": "<strong>NASA FIRMS<\/strong><br>Sensor: VIIRS_NOAA20_NRT<br>Fecha UTC: 2026-09-21T02:24:00Z<br>Confianza: nominal<br>FRP: 4.98 MW"
      }
    },
    {
      "type": "Feature",
      "geometry": {
        "type": "Point",
        "coordinates": [-5.8604, 43.553]
      },
      "properties": {
        "bright_ti4": 302.28,
        "scan": 0.39,
        "track": 0.36,
        "acq_date": "2026-09-21",
        "acq_time": "0224",
        "satellite": "N20",
        "instrument": "VIIRS",
        "confidence": "n",
        "version": "2.0NRT",
        "bright_ti5": 290.73,
        "frp": 0.76,
        "daynight": "N",
        "source_dataset": "VIIRS_NOAA20_NRT",
        "acq_datetime_utc": "2026-09-21T02:24:00Z",
        "age_hours": 39.3,
        "confidence_label": "nominal",
        "popup_label": "<strong>NASA FIRMS<\/strong><br>Sensor: VIIRS_NOAA20_NRT<br>Fecha UTC: 2026-09-21T02:24:00Z<br>Confianza: nominal<br>FRP: 0.76 MW"
      }
    },
    {
      "type": "Feature",
      "geometry": {
        "type": "Point",
        "coordinates": [4.4774, 44.1341]
      },
      "properties": {
        "bright_ti4": 307.66,
        "scan": 0.49,
        "track": 0.48,
        "acq_date": "2026-09-21",
        "acq_time": "0224",
        "satellite": "N20",
        "instrument": "VIIRS",
        "confidence": "n",
        "version": "2.0NRT",
        "bright_ti5": 279.65,
        "frp": 1.23,
        "daynight": "N",
        "source_dataset": "VIIRS_NOAA20_NRT",
        "acq_datetime_utc": "2026-09-21T02:24:00Z",
        "age_hours": 39.3,
        "confidence_label": "nominal",
        "popup_label": "<strong>NASA FIRMS<\/strong><br>Sensor: VIIRS_NOAA20_NRT<br>Fecha UTC: 2026-09-21T02:24:00Z<br>Confianza: nominal<br>FRP: 1.23 MW"
      }
    },
    {
      "type": "Feature",
      "geometry": {
        "type": "Point",
        "coordinates": [3.987, 32.2796]
      },
      "properties": {
        "bright_ti4": 321.12,
        "scan": 0.49,
        "track": 0.65,
        "acq_date": "2026-09-21",
        "acq_time": "0045",
        "satellite": "N20",
        "instrument": "VIIRS",
        "confidence": "n",
        "version": "2.0NRT",
        "bright_ti5": 286.22,
        "frp": 3.26,
        "daynight": "N",
        "source_dataset": "VIIRS_NOAA20_NRT",
        "acq_datetime_utc": "2026-09-21T00:45:00Z",
        "age_hours": 40.9,
        "confidence_label": "nominal",
        "popup_label": "<strong>NASA FIRMS<\/strong><br>Sensor: VIIRS_NOAA20_NRT<br>Fecha UTC: 2026-09-21T00:45:00Z<br>Confianza: nominal<br>FRP: 3.26 MW"
      }
    },
    {
      "type": "Feature",
      "geometry": {
        "type": "Point",
        "coordinates": [3.9818, 32.2799]
      },
      "properties": {
        "bright_ti4": 302.3,
        "scan": 0.49,
        "track": 0.65,
        "acq_date": "2026-09-21",
        "acq_time": "0045",
        "satellite": "N20",
        "instrument": "VIIRS",
        "confidence": "n",
        "version": "2.0NRT",
        "bright_ti5": 282.68,
        "frp": 2.23,
        "daynight": "N",
        "source_dataset": "VIIRS_NOAA20_NRT",
        "acq_datetime_utc": "2026-09-21T00:45:00Z",
        "age_hours": 40.9,
        "confidence_label": "nominal",
        "popup_label": "<strong>NASA FIRMS<\/strong><br>Sensor: VIIRS_NOAA20_NRT<br>Fecha UTC: 2026-09-21T00:45:00Z<br>Confianza: nominal<br>FRP: 2.23 MW"
      }
    },
    {
      "type": "Feature",
      "geometry": {
        "type": "Point",
        "coordinates": [3.9866, 32.2814]
      },
      "properties": {
        "bright_ti4": 317.92,
        "scan": 0.49,
        "track": 0.65,
        "acq_date": "2026-09-21",
        "acq_time": "0045",
        "satellite": "N20",
        "instrument": "VIIRS",
        "confidence": "n",
        "version": "2.0NRT",
        "bright_ti5": 286.01,
        "frp": 2.89,
        "daynight": "N",
        "source_dataset": "VIIRS_NOAA20_NRT",
        "acq_datetime_utc": "2026-09-21T00:45:00Z",
        "age_hours": 40.9,
        "confidence_label": "nominal",
        "popup_label": "<strong>NASA FIRMS<\/strong><br>Sensor: VIIRS_NOAA20_NRT<br>Fecha UTC: 2026-09-21T00:45:00Z<br>Confianza: nominal<br>FRP: 2.89 MW"
      }
    },
    {
      "type": "Feature",
      "geometry": {
        "type": "Point",
        "coordinates": [4.0019, 32.4019]
      },
      "properties": {
        "bright_ti4": 298.37,
        "scan": 0.49,
        "track": 0.65,
        "acq_date": "2026-09-21",
        "acq_time": "0045",
        "satellite": "N20",
        "instrument": "VIIRS",
        "confidence": "n",
        "version": "2.0NRT",
        "bright_ti5": 284.64,
        "frp": 0.75,
        "daynight": "N",
        "source_dataset": "VIIRS_NOAA20_NRT",
        "acq_datetime_utc": "2026-09-21T00:45:00Z",
        "age_hours": 40.9,
        "confidence_label": "nominal",
        "popup_label": "<strong>NASA FIRMS<\/strong><br>Sensor: VIIRS_NOAA20_NRT<br>Fecha UTC: 2026-09-21T00:45:00Z<br>Confianza: nominal<br>FRP: 0.75 MW"
      }
    },
    {
      "type": "Feature",
      "geometry": {
        "type": "Point",
        "coordinates": [4.0026, 32.4034]
      },
      "properties": {
        "bright_ti4": 303.13,
        "scan": 0.49,
        "track": 0.65,
        "acq_date": "2026-09-21",
        "acq_time": "0045",
        "satellite": "N20",
        "instrument": "VIIRS",
        "confidence": "n",
        "version": "2.0NRT",
        "bright_ti5": 285.33,
        "frp": 0.65,
        "daynight": "N",
        "source_dataset": "VIIRS_NOAA20_NRT",
        "acq_datetime_utc": "2026-09-21T00:45:00Z",
        "age_hours": 40.9,
        "confidence_label": "nominal",
        "popup_label": "<strong>NASA FIRMS<\/strong><br>Sensor: VIIRS_NOAA20_NRT<br>Fecha UTC: 2026-09-21T00:45:00Z<br>Confianza: nominal<br>FRP: 0.65 MW"
      }
    },
    {
      "type": "Feature",
      "geometry": {
        "type": "Point",
        "coordinates": [4.8932, 43.4448]
      },
      "properties": {
        "bright_ti4": 306.5,
        "scan": 0.52,
        "track": 0.67,
        "acq_date": "2026-09-21",
        "acq_time": "0043",
        "satellite": "N20",
        "instrument": "VIIRS",
        "confidence": "n",
        "version": "2.0NRT",
        "bright_ti5": 276.02,
        "frp": 1.55,
        "daynight": "N",
        "source_dataset": "VIIRS_NOAA20_NRT",
        "acq_datetime_utc": "2026-09-21T00:43:00Z",
        "age_hours": 41,
        "confidence_label": "nominal",
        "popup_label": "<strong>NASA FIRMS<\/strong><br>Sensor: VIIRS_NOAA20_NRT<br>Fecha UTC: 2026-09-21T00:43:00Z<br>Confianza: nominal<br>FRP: 1.55 MW"
      }
    },
    {
      "type": "Feature",
      "geometry": {
        "type": "Point",
        "coordinates": [4.8945, 43.4467]
      },
      "properties": {
        "bright_ti4": 306.25,
        "scan": 0.52,
        "track": 0.67,
        "acq_date": "2026-09-21",
        "acq_time": "0043",
        "satellite": "N20",
        "instrument": "VIIRS",
        "confidence": "n",
        "version": "2.0NRT",
        "bright_ti5": 275.94,
        "frp": 1.48,
        "daynight": "N",
        "source_dataset": "VIIRS_NOAA20_NRT",
        "acq_datetime_utc": "2026-09-21T00:43:00Z",
        "age_hours": 41,
        "confidence_label": "nominal",
        "popup_label": "<strong>NASA FIRMS<\/strong><br>Sensor: VIIRS_NOAA20_NRT<br>Fecha UTC: 2026-09-21T00:43:00Z<br>Confianza: nominal<br>FRP: 1.48 MW"
      }
    }
  ]
}
